customer_id,customer_name,industry,customer_segment,employee_band,annual_revenue_band,acquisition_channel,signup_date,customer_status,is_ai_customer,lifetime_revenue_usd,lifetime_gross_profit_usd,transactions,purchased_products,subscriptions,active_subscriptions,active_contract_value_usd,support_tickets,sla_breaches,reopened_tickets,avg_resolution_hours,avg_customer_satisfaction,compute_hours,storage_gb,network_gb,ai_tokens_million,requests_count,failed_requests,request_failure_rate_pct,cloud_cost_usd
CUST-000001,"Rodriguez, Figueroa and Sanchez",Healthcare,Mid-Market,50-249,<$10M,Enterprise Agreement,2022-05-17,Active,False,232520.94,146584.6,62,5,5,3,130313.38,5,4,0,83.41,2.62,138421.18,1295833.47,389139.08,0.0,87839689.0,1095864.0,1.2476,18941.3
CUST-000002,Doyle Ltd,Healthcare,SMB,50-249,$1B+,Enterprise Agreement,2021-07-11,Active,True,25279.5,15985.8,27,2,2,1,7815.86,0,0,0,0.0,0.0,16405.25,151415.51,54864.09,0.0,9748984.0,106428.0,1.0917,2328.06
CUST-000003,"Mcclain, Miller and Henderson",Energy,SMB,1000-4999,$10M-$50M,Marketplace,2024-12-07,Active,False,22001.76,13906.22,22,1,1,1,11382.81,3,3,1,53.18,2.49,12834.38,133384.08,44223.81,0.0,6574274.0,99911.0,1.5197,1864.17
CUST-000004,Davis and Sons,Professional Services,Mid-Market,1000-4999,$50M-$250M,Digital,2021-11-23,Active,False,289523.18,180485.15,60,4,4,1,65341.65,4,2,1,44.58,3.43,120397.02,1213798.38,341394.53,0.0,81779859.0,1018920.0,1.2459,16677.29
CUST-000005,"Guzman, Hoffman and Baldwin",Insurance,SMB,250-999,$50M-$250M,Enterprise Agreement,2023-02-18,Active,True,34203.05,21624.71,25,2,2,0,0.0,1,1,0,103.22,1.92,13337.11,129728.34,49821.93,1404.01,7336441.0,90118.0,1.2284,5046.79
CUST-000006,"Gardner, Robinson and Lawrence",Insurance,SMB,1000-4999,<$10M,Enterprise Agreement,2024-01-04,Active,False,52326.5,33481.77,66,2,2,2,18400.98,1,0,0,55.02,4.3,41822.12,397019.28,137426.4,0.0,26694584.0,337267.0,1.2634,5932.15
CUST-000007,Blake and Sons,Telecommunications,SMB,5000+,$10M-$50M,Direct Sales,2025-10-31,Active,False,31424.29,20031.54,24,2,2,2,29900.16,1,1,1,138.67,3.19,16282.46,104161.63,47274.0,0.0,6993728.0,89166.0,1.2749,2146.41
CUST-000008,"Henderson, Ramirez and Lewis",Healthcare,SMB,1-49,$250M-$1B,Digital,2021-06-13,Active,False,37505.89,22807.14,28,1,1,1,15392.04,1,0,0,17.08,4.86,16264.05,152336.25,50591.57,0.0,9591736.0,147413.0,1.5369,2274.37
CUST-000009,Garcia-James,Healthcare,Mid-Market,250-999,<$10M,Enterprise Agreement,2022-12-29,Active,True,475251.02,299894.66,97,5,5,1,74452.28,5,3,2,32.49,3.36,205464.66,2034658.28,570346.91,9155.59,138166588.0,1767220.0,1.2791,48407.1
CUST-000010,Abbott-Munoz,Education,Mid-Market,1000-4999,$50M-$250M,Enterprise Agreement,2021-12-01,Active,False,697151.79,435928.1,149,5,5,1,36525.15,2,2,0,47.41,3.05,284937.91,2924353.43,975442.76,0.0,193057585.0,2456237.0,1.2723,41247.57
CUST-000011,Blair PLC,Banking,SMB,50-249,<$10M,Digital,2025-05-09,Active,False,65675.97,41326.88,43,3,3,1,20654.56,3,3,1,63.2,2.38,26071.44,233551.06,73647.73,0.0,16364726.0,184275.0,1.1261,3550.05
CUST-000012,Dudley Group,Professional Services,SMB,250-999,$10M-$50M,Marketplace,2024-03-07,Active,False,44855.86,27543.64,38,2,2,0,0.0,0,0,0,0.0,0.0,21738.44,188886.93,67154.88,0.0,14814443.0,177086.0,1.1954,3005.87
CUST-000013,Arnold Ltd,Retail,SMB,50-249,$1B+,Enterprise Agreement,2022-06-27,Active,False,35045.02,21847.72,33,1,1,1,12075.6,2,2,0,81.34,2.45,20423.06,193322.85,52523.1,0.0,12982291.0,174223.0,1.342,2749.74
CUST-000014,"Mcclure, Ward and Lee",Technology,SMB,250-999,$10M-$50M,Partner,2024-04-10,Active,False,45472.78,28370.58,37,3,3,2,25076.79,1,1,0,34.37,2.23,23527.26,201000.99,70530.04,0.0,12472110.0,154833.0,1.2414,3224.62
CUST-000015,Williams and Sons,Insurance,Mid-Market,50-249,$10M-$50M,Marketplace,2025-10-30,Active,False,129029.25,80471.9,24,2,2,2,124331.63,5,3,0,51.77,3.44,53834.49,442199.74,174204.97,0.0,32119234.0,358981.0,1.1177,7471.52
CUST-000016,Galloway-Wyatt,Energy,Mid-Market,250-999,$1B+,Direct Sales,2023-08-17,Active,False,393799.19,251418.05,86,4,4,3,159550.58,7,6,0,60.02,2.84,181290.62,1744468.89,502628.79,0.0,112048111.0,1415988.0,1.2637,24831.45
CUST-000017,James Group,Manufacturing,Mid-Market,250-999,<$10M,Digital,2024-01-05,Active,False,506736.16,319564.1,92,4,4,3,173495.01,1,1,0,147.87,3.73,194346.69,1726002.17,565550.76,0.0,127666140.0,1853754.0,1.452,26598.67
CUST-000018,"Flowers, Martin and Kelly",Professional Services,Mid-Market,250-999,$1B+,Partner,2025-01-18,Active,True,171365.11,109365.52,34,2,2,1,44403.82,4,3,2,68.19,3.46,79253.3,668521.34,255611.75,5836.29,46009362.0,568393.0,1.2354,23865.8
CUST-000019,"Adams, Zuniga and Wong",Transportation,Mid-Market,5000+,$1B+,Partner,2022-09-04,Active,False,579513.0,363657.78,106,5,5,2,126554.43,4,1,0,23.34,3.86,210302.01,2252675.4,641798.32,0.0,155579830.0,1976485.0,1.2704,29850.31
CUST-000020,"Reid, Ferguson and Sanchez",Energy,SMB,1-49,$1B+,Digital,2025-05-14,Active,False,47010.24,28956.24,34,2,2,2,32195.1,2,2,0,67.23,3.02,20424.31,220282.25,71344.79,0.0,12656196.0,169358.0,1.3381,2992.29
CUST-000021,Gray-Mayo,Manufacturing,Mid-Market,50-249,<$10M,Partner,2025-12-05,Active,False,313499.89,196899.42,50,5,5,5,351750.32,0,0,0,0.0,0.0,108156.04,1002928.04,337014.04,0.0,63474936.0,819413.0,1.2909,15110.27
CUST-000022,"Watts, Robinson and Nguyen",Insurance,Enterprise,5000+,$10M-$50M,Partner,2023-09-23,Active,True,1775971.28,1128380.6,84,5,5,3,796047.81,9,8,3,64.05,2.63,607021.4,5482717.16,1939882.81,25656.79,378407589.0,5380816.0,1.422,141441.09
CUST-000023,Perez Inc,Media,Mid-Market,1000-4999,$10M-$50M,Enterprise Agreement,2023-12-17,Active,True,378365.52,244314.01,51,2,2,2,174515.13,2,1,0,72.86,3.35,100080.33,970719.18,314672.17,0.0,61027309.0,778603.0,1.2758,14095.2
CUST-000024,Morales-Jones,Transportation,Enterprise,250-999,$250M-$1B,Enterprise Agreement,2023-03-29,Active,False,3226609.34,2036582.91,152,7,7,2,615660.74,12,6,1,39.89,3.75,1091723.55,10044869.32,3160894.12,0.0,712906544.0,9012612.0,1.2642,149953.86
CUST-000025,"Walter, Edwards and Rios",Banking,Mid-Market,5000+,$1B+,Partner,2022-11-24,Active,True,231397.41,146170.34,50,3,3,1,76050.68,1,1,0,34.83,2.47,97335.94,911368.14,333655.13,0.0,64727047.0,749252.0,1.1576,13919.57
CUST-000026,Wilkerson-Day,Banking,Mid-Market,50-249,<$10M,Direct Sales,2024-07-16,Active,True,136058.13,82916.57,25,2,2,1,84058.84,5,2,1,31.53,4.01,54247.56,568916.17,171729.85,5025.03,32773251.0,490021.0,1.4952,18792.55
CUST-000027,Baker and Sons,Transportation,Enterprise,1000-4999,$10M-$50M,Enterprise Agreement,2022-07-25,Active,False,2960019.31,1843504.82,121,6,6,2,345024.42,8,5,0,67.91,3.28,844620.94,8038495.04,2637824.09,0.0,556297301.0,6958812.0,1.2509,118471.29
CUST-000028,"Hoffman, Baker and Richards",Education,SMB,1000-4999,$10M-$50M,Direct Sales,2022-05-13,Active,False,34007.81,21878.65,37,2,2,0,0.0,1,1,1,85.23,3.28,23372.39,182386.23,66093.17,0.0,14260708.0,184401.0,1.2931,3129.28
CUST-000029,"Ross, Robinson and Bright",Education,SMB,1-49,<$10M,Direct Sales,2023-04-22,Active,False,27369.45,17542.69,33,2,2,1,10706.98,4,3,0,35.56,3.27,18532.33,174867.64,64198.54,0.0,14790181.0,162225.0,1.0968,2659.65
CUST-000030,"Snyder, Campos and Callahan",Healthcare,SMB,50-249,$10M-$50M,Enterprise Agreement,2021-08-12,Active,False,43924.36,27905.14,37,2,2,0,0.0,0,0,0,0.0,0.0,19459.14,201095.05,62375.06,0.0,14085197.0,157332.0,1.117,2777.11
CUST-000031,Burton Ltd,Healthcare,Mid-Market,1-49,$250M-$1B,Enterprise Agreement,2023-08-06,Active,True,376597.42,246898.13,60,3,3,0,0.0,4,3,0,41.93,2.86,136257.54,1162369.11,359977.01,0.0,71887445.0,1058729.0,1.4728,18187.4
CUST-000032,Carlson-Cruz,Banking,SMB,1-49,$10M-$50M,Partner,2025-09-09,Active,False,19632.53,13274.88,12,1,1,1,18548.31,1,0,0,59.38,4.63,6964.21,68501.04,18234.2,0.0,4212075.0,54005.0,1.2821,946.12
CUST-000033,"Ferrell, Rice and Maddox",Banking,SMB,50-249,$250M-$1B,Direct Sales,2023-04-02,Active,False,58860.08,38541.98,49,2,2,0,0.0,0,0,0,0.0,0.0,31878.78,274277.03,90551.09,0.0,17515841.0,232477.0,1.3272,4323.13
CUST-000034,Frazier Inc,Education,Strategic,250-999,$250M-$1B,Enterprise Agreement,2025-05-27,Active,False,10358351.97,6495190.72,119,7,7,7,6978732.87,11,9,3,55.06,2.72,2610515.78,23037323.29,7954303.94,0.0,1471784818.0,18992337.0,1.2904,360564.26
CUST-000035,"Dyer, Potter and Mack",Healthcare,Mid-Market,1-49,$1B+,Enterprise Agreement,2022-08-31,Active,True,722366.4,439648.56,115,5,5,2,89735.73,7,3,1,31.28,3.94,253215.82,2302081.8,730531.82,8510.62,159028079.0,2081100.0,1.3086,53422.67
CUST-000036,Rodriguez-Graham,Education,SMB,5000+,$1B+,Partner,2024-04-11,Active,True,9835.16,6125.69,13,1,1,0,0.0,1,0,0,62.62,4.18,7854.54,63765.17,25750.96,0.0,4589963.0,52024.0,1.1334,1091.86
CUST-000037,Smith-Bowen,Insurance,SMB,5000+,<$10M,Partner,2022-01-16,Active,True,14820.78,9296.17,24,1,1,0,0.0,1,1,0,43.18,2.59,14817.52,139187.16,37927.1,0.0,9887031.0,103103.0,1.0428,1991.22
CUST-000038,"Baker, Mason and White",Banking,SMB,5000+,<$10M,Marketplace,2024-05-02,Active,False,17804.68,10554.22,11,1,1,1,18714.36,2,2,0,25.7,2.38,6483.13,56362.55,19713.39,0.0,3897579.0,56371.0,1.4463,893.41
CUST-000039,Harrell LLC,Healthcare,Mid-Market,250-999,$10M-$50M,Digital,2022-06-19,Active,False,602183.94,372368.65,121,5,5,1,43119.17,3,2,0,71.89,3.19,250052.31,2476990.56,690911.42,0.0,152187490.0,1907353.0,1.2533,34368.11
CUST-000040,"Romero, Gonzalez and Brooks",Telecommunications,SMB,1-49,<$10M,Marketplace,2023-07-26,Active,False,60371.77,39304.23,37,2,2,2,36981.03,2,2,2,25.56,2.55,20842.16,188864.2,70810.23,0.0,14941024.0,191583.0,1.2823,2961.63
CUST-000041,Ryan PLC,Energy,Mid-Market,50-249,$1B+,Digital,2021-05-31,Active,False,589168.52,373037.89,95,5,5,2,103801.03,6,4,2,79.28,3.34,202012.34,1775558.4,571089.72,0.0,112806127.0,1506918.0,1.3358,27443.15
CUST-000042,George Group,Healthcare,SMB,250-999,$50M-$250M,Partner,2025-12-06,Active,False,49357.91,30141.01,30,3,3,3,55284.59,1,0,0,53.19,4.85,18162.21,158471.0,59534.21,0.0,11571777.0,169848.0,1.4678,2547.16
CUST-000043,Rodriguez LLC,Transportation,Mid-Market,5000+,<$10M,Enterprise Agreement,2024-06-06,Active,False,586347.04,362719.51,104,5,5,3,217111.85,3,2,0,30.26,3.16,221690.2,1832664.0,673322.19,0.0,143840529.0,1980538.0,1.3769,30350.67
CUST-000044,Allen-Allen,Retail,SMB,250-999,<$10M,Direct Sales,2025-12-04,Active,True,11726.26,6795.22,10,1,1,1,13179.62,2,2,0,67.82,1.91,5770.47,56455.15,19098.55,0.0,2727172.0,35658.0,1.3075,823.34
CUST-000045,"Arroyo, Miller and Tucker",Healthcare,Enterprise,250-999,$10M-$50M,Digital,2024-05-23,Active,True,2812819.34,1850971.66,118,5,5,4,1127554.91,8,6,1,30.01,3.12,862761.93,8227459.03,2636632.75,26527.92,474667011.0,6101396.0,1.2854,178831.38
CUST-000046,Spence PLC,Banking,Mid-Market,1-49,$250M-$1B,Digital,2025-09-29,Active,False,280380.4,177722.25,38,3,3,2,157033.11,5,3,0,28.31,3.44,78519.87,844178.85,250750.41,0.0,52932922.0,703164.0,1.3284,11262.51
CUST-000047,Anderson Group,Manufacturing,SMB,50-249,$250M-$1B,Enterprise Agreement,2024-07-28,Active,False,77570.51,49634.66,54,2,2,2,33432.25,2,1,0,60.35,3.89,33991.59,323457.37,94717.75,0.0,19755890.0,243355.0,1.2318,4653.6
CUST-000048,"Martin, Rose and Obrien",Professional Services,Mid-Market,50-249,$1B+,Direct Sales,2021-06-04,Active,True,254013.99,159948.02,63,4,4,3,154416.48,5,4,1,72.06,2.92,127795.98,1182451.46,395658.28,0.0,84112399.0,1293600.0,1.5379,17822.91
CUST-000049,Hickman Ltd,Retail,Enterprise,1-49,$50M-$250M,Digital,2023-05-31,Active,False,2555936.63,1588097.89,103,6,6,2,504150.53,9,5,2,48.23,3.72,688373.95,6531077.97,2347041.71,0.0,470101422.0,6018635.0,1.2803,98486.15
CUST-000050,"Harris, Collins and Carney",Transportation,Enterprise,50-249,<$10M,Digital,2022-03-07,Active,False,3167952.61,2029314.4,141,7,7,3,878573.5,3,2,2,22.33,3.77,1035724.75,9647019.68,3047934.89,0.0,652600767.0,7958279.0,1.2195,142988.58
CUST-000051,"Brooks, Lam and Hayes",Retail,Enterprise,50-249,$10M-$50M,Partner,2025-03-15,Active,False,1428010.77,894153.34,62,4,4,3,770436.25,12,9,1,35.84,3.29,431159.89,4008158.3,1341489.02,0.0,272777764.0,3072909.0,1.1265,60235.56
CUST-000052,Walker LLC,Technology,Enterprise,50-249,$50M-$250M,Partner,2022-11-12,Active,True,2801509.22,1748643.45,150,7,7,2,470153.56,11,7,0,67.32,3.57,1011863.55,9924254.59,3347984.84,30989.4,685359052.0,9187563.0,1.3405,212572.64
CUST-000053,Chapman and Sons,Education,Enterprise,50-249,$10M-$50M,Marketplace,2021-03-21,Active,True,3377234.45,2125152.8,123,7,7,2,477203.25,8,3,2,36.71,4.07,919363.9,8721388.75,2815949.42,35392.84,577995740.0,7278502.0,1.2593,206209.15
CUST-000054,"Robinson, Jones and Welch",Healthcare,SMB,1000-4999,$50M-$250M,Digital,2024-09-13,Active,False,58481.0,35781.2,48,3,3,2,32342.78,0,0,0,0.0,0.0,28306.97,256858.2,82016.65,0.0,15348634.0,202643.0,1.3203,3881.71
CUST-000055,Jones Inc,Technology,Enterprise,5000+,$50M-$250M,Direct Sales,2023-11-10,Active,True,2520985.58,1585431.24,119,6,6,2,547461.25,14,11,3,62.22,2.98,879696.79,8191137.4,2512211.5,41816.67,497882721.0,6724179.0,1.3506,212673.79
CUST-000056,Jones-Young,Banking,SMB,1-49,$1B+,Marketplace,2022-06-28,Active,False,66096.3,41285.62,49,2,2,0,0.0,2,2,1,112.36,3.02,31743.58,290069.21,101052.38,0.0,15864240.0,197239.0,1.2433,4447.45
CUST-000057,"Washington, Ryan and Cummings",Insurance,SMB,1000-4999,$1B+,Partner,2023-11-14,Active,False,20979.43,13206.59,13,1,1,0,0.0,3,2,2,74.04,3.49,7595.52,74525.38,28018.03,0.0,5338984.0,60683.0,1.1366,1112.93
CUST-000058,"Johnston, Sanchez and Kennedy",Energy,SMB,50-249,$50M-$250M,Marketplace,2025-07-10,Active,True,59879.46,39252.17,41,3,3,1,31845.48,2,1,0,75.19,3.34,21528.72,215044.89,79889.97,2051.13,14769580.0,199675.0,1.3519,7678.93
CUST-000059,Lee-Davis,Telecommunications,SMB,1-49,$50M-$250M,Enterprise Agreement,2024-06-30,Active,False,46487.66,29687.33,54,3,3,1,7863.27,5,3,1,55.65,3.49,31398.36,302214.27,101193.62,0.0,20458193.0,284340.0,1.3899,4442.06
CUST-000060,Gomez-Jenkins,Manufacturing,SMB,5000+,$10M-$50M,Partner,2024-11-28,Active,False,45156.59,28291.65,40,3,3,1,20759.57,5,2,0,37.2,3.89,24852.27,230211.01,81253.85,0.0,12159966.0,194404.0,1.5987,3509.73
CUST-000061,"Brown, Valdez and Lucas",Media,Mid-Market,5000+,$50M-$250M,Marketplace,2021-12-23,Active,False,473831.55,295076.1,93,3,3,1,52182.84,3,2,0,26.58,3.36,193239.55,2004422.33,601016.4,0.0,122115021.0,1568833.0,1.2847,27410.46
CUST-000062,Powell LLC,Technology,Mid-Market,5000+,$1B+,Digital,2022-03-07,Active,False,563850.41,356049.08,88,5,5,4,232857.62,4,3,0,72.21,3.33,173456.05,1694711.22,568336.33,0.0,119247996.0,1582966.0,1.3275,24683.82
CUST-000063,Wright and Sons,Education,Mid-Market,50-249,<$10M,Digital,2023-11-13,Active,False,233557.9,147518.09,44,2,2,1,70842.77,2,0,1,25.6,4.19,98067.95,899658.96,265116.46,0.0,55993728.0,641102.0,1.145,13276.62
CUST-000064,"West, Henderson and Ramirez",Healthcare,Mid-Market,250-999,$10M-$50M,Partner,2021-07-11,Active,False,586081.12,368738.71,105,4,4,2,113055.27,3,1,0,39.37,3.79,225007.22,2032424.93,771214.3,0.0,122422314.0,1619191.0,1.3226,32027.59
CUST-000065,Baxter Inc,Media,SMB,1-49,$250M-$1B,Marketplace,2023-09-01,Active,False,13212.64,8465.46,13,1,1,0,0.0,1,0,1,38.05,4.16,9135.25,75361.87,24303.62,0.0,5235671.0,80703.0,1.5414,1216.04
CUST-000066,Morton-Chase,Technology,Enterprise,1000-4999,$250M-$1B,Partner,2024-11-27,Active,True,2861555.63,1814937.35,105,5,5,4,1241878.64,9,5,1,51.28,3.47,766797.3,6629571.99,2120167.61,30293.93,490300629.0,5966884.0,1.217,170119.11
CUST-000067,Williams PLC,Insurance,SMB,1000-4999,$10M-$50M,Partner,2025-10-29,Active,False,39092.42,24941.38,36,3,3,3,36024.07,1,1,0,37.8,3.42,19828.53,185567.5,67500.69,0.0,12361636.0,185178.0,1.498,2831.01
CUST-000068,Novak and Sons,Healthcare,Enterprise,1-49,$250M-$1B,Partner,2024-02-16,Active,True,1514590.96,955537.68,82,5,5,1,216581.41,6,4,2,43.86,3.36,576613.12,6045356.19,1698717.13,0.0,377775888.0,4768071.0,1.2621,80973.48
CUST-000069,Russell Group,Media,Enterprise,250-999,$250M-$1B,Enterprise Agreement,2024-02-19,Active,False,2117646.24,1317106.79,78,4,4,3,1041258.16,11,9,3,46.72,2.82,578188.97,5272383.08,1697795.04,0.0,321149325.0,4213041.0,1.3119,79559.41
CUST-000070,Hancock Inc,Education,Enterprise,50-249,$250M-$1B,Marketplace,2024-01-28,Active,True,2993995.91,1878445.13,123,7,7,4,979562.96,3,2,0,66.37,3.17,870417.99,7915552.54,2616052.99,31722.74,502882835.0,6677307.0,1.3278,190119.44
CUST-000071,Gray Group,Energy,SMB,1000-4999,$10M-$50M,Digital,2022-07-22,Active,False,55787.02,34818.76,61,3,3,1,12105.23,0,0,0,0.0,0.0,37802.9,334095.29,104429.92,0.0,24662351.0,324849.0,1.3172,5114.76
CUST-000072,House-Glover,Telecommunications,Mid-Market,5000+,<$10M,Partner,2022-11-19,Active,True,230120.98,139466.04,37,2,2,0,0.0,4,4,0,81.01,2.62,73320.67,735968.71,252857.91,8024.2,41599936.0,545111.0,1.3104,28252.56
CUST-000073,Henderson-Bernard,Healthcare,SMB,1-49,$250M-$1B,Marketplace,2024-12-17,Active,False,12904.2,8342.75,22,1,1,1,6795.07,1,1,0,10.85,3.78,13746.63,117583.28,40100.49,0.0,9860627.0,118244.0,1.1992,1873.41
CUST-000074,"Stanley, Tucker and Lee",Technology,SMB,1000-4999,$1B+,Direct Sales,2022-02-28,Active,False,51684.67,31409.57,50,3,3,0,0.0,1,1,0,146.53,3.12,28921.16,255227.97,93555.94,0.0,16894934.0,211561.0,1.2522,4049.01
CUST-000075,Novak PLC,Telecommunications,Enterprise,250-999,$250M-$1B,Marketplace,2021-01-13,Active,True,1435382.61,894270.43,74,4,4,2,483383.04,9,8,2,68.13,2.78,521614.37,4698437.55,1456259.21,18113.59,339024161.0,4930149.0,1.4542,110754.7
CUST-000076,"Daniels, Adkins and Brown",Education,Mid-Market,50-249,$50M-$250M,Marketplace,2022-03-28,Active,False,493472.91,310736.76,87,5,5,0,0.0,2,2,1,92.21,2.73,182779.43,1639828.87,524080.37,0.0,112293356.0,1578752.0,1.4059,24970.68
CUST-000077,"Woods, Calhoun and Schmidt",Technology,Mid-Market,50-249,$250M-$1B,Partner,2024-10-22,Active,False,284183.4,177103.48,96,4,4,4,137274.34,7,5,1,54.48,3.2,206662.9,2068755.26,585718.98,0.0,134099749.0,1667582.0,1.2435,28594.44
CUST-000078,Yu Inc,Media,Strategic,5000+,<$10M,Direct Sales,2023-03-18,Active,True,11097660.99,6924015.77,132,5,5,1,995959.42,12,9,1,52.51,2.94,2605304.53,26197486.64,8627672.39,0.0,1611421728.0,19111806.0,1.186,373149.42
CUST-000079,Jones Inc,Banking,Mid-Market,250-999,$250M-$1B,Digital,2022-01-08,Active,False,407742.13,262310.46,87,5,5,2,86607.6,1,1,0,28.76,2.97,180461.51,1766880.2,566021.99,0.0,103445615.0,1250396.0,1.2087,25435.2
CUST-000080,"Hensley, Powell and David",Technology,SMB,250-999,$250M-$1B,Digital,2025-12-07,Active,False,7785.74,4764.96,10,1,1,1,8845.98,0,0,0,0.0,0.0,6888.55,42529.36,15637.13,0.0,3515057.0,63532.0,1.8074,861.35
CUST-000081,"Sanchez, Wheeler and Harvey",Banking,Enterprise,250-999,$10M-$50M,Direct Sales,2024-01-10,Active,True,3630671.38,2271543.43,150,7,7,5,1395412.86,6,2,2,25.61,4.17,1028406.94,10122306.92,3284929.24,14112.28,698528712.0,9205784.0,1.3179,176697.99
CUST-000082,Sandoval-Cunningham,Healthcare,Enterprise,50-249,<$10M,Enterprise Agreement,2021-03-05,Active,True,2177787.13,1356536.28,111,6,6,4,864924.63,12,11,3,64.4,2.71,758966.95,7495680.34,2634292.57,43055.47,482928530.0,6835598.0,1.4154,204363.18
CUST-000083,Donovan-Harris,Media,SMB,50-249,$250M-$1B,Digital,2021-08-23,Active,False,71167.82,44395.31,55,3,3,2,26482.18,2,0,0,61.61,4.37,33331.91,317258.86,97031.98,0.0,22622628.0,294049.0,1.2998,4604.88
CUST-000084,"Edwards, Baker and Anderson",Professional Services,Enterprise,1-49,$10M-$50M,Digital,2025-03-12,Active,False,1258933.9,779646.7,68,5,5,4,866751.57,11,7,1,48.71,3.52,490182.64,4624931.33,1406268.33,0.0,285570264.0,3472546.0,1.216,67429.04
CUST-000085,"Evans, Stewart and Walton",Transportation,SMB,1000-4999,$250M-$1B,Partner,2024-03-25,Active,False,92699.84,60611.19,60,3,3,3,50766.05,1,1,0,143.45,3.48,35880.89,353739.61,113465.02,0.0,24249862.0,270109.0,1.1139,5071.5
CUST-000086,Smith PLC,Manufacturing,SMB,5000+,<$10M,Enterprise Agreement,2024-11-28,Active,False,19913.24,13334.47,20,1,1,1,11334.95,3,3,0,75.41,2.27,12087.56,98731.52,34867.35,0.0,8190238.0,94976.0,1.1596,1634.01
CUST-000087,"Ferrell, Jones and Lewis",Telecommunications,Enterprise,1-49,$1B+,Digital,2024-09-16,Active,False,2529800.07,1595240.72,133,7,7,4,770866.06,10,7,1,50.41,3.0,1012338.27,8952640.12,2915121.98,0.0,530242762.0,6866426.0,1.295,138167.05
CUST-000088,Anderson-Bailey,Technology,SMB,250-999,$250M-$1B,Partner,2021-08-05,Active,False,45480.38,27517.01,35,2,2,2,28379.47,1,1,0,37.85,3.49,19867.89,196692.74,64867.22,0.0,12021268.0,155148.0,1.2906,2829.89
CUST-000089,Suarez LLC,Media,Mid-Market,5000+,$250M-$1B,Marketplace,2022-07-08,Active,False,732257.01,454239.54,122,5,5,2,148328.84,3,1,0,34.07,3.35,275905.84,2720350.88,811960.18,0.0,147945126.0,2058021.0,1.3911,38391.57
CUST-000090,Moore-Bass,Healthcare,Mid-Market,1-49,$50M-$250M,Marketplace,2025-10-11,Active,True,275886.66,173514.64,48,4,4,4,265222.26,3,2,0,23.04,3.46,98412.08,810309.8,302466.67,5444.1,53801321.0,699132.0,1.2995,25479.44
CUST-000091,"Turner, Riggs and Roman",Technology,SMB,250-999,<$10M,Marketplace,2024-09-30,Active,False,40734.11,26945.78,48,3,3,2,23944.65,1,1,1,39.93,2.34,28566.68,259074.27,79336.21,0.0,16772791.0,201544.0,1.2016,3882.48
CUST-000092,"Smith, Montoya and Evans",Manufacturing,Enterprise,250-999,$50M-$250M,Enterprise Agreement,2022-12-28,Active,False,3055047.26,1902475.72,123,7,7,2,683096.78,11,9,0,46.05,3.27,924942.15,8057951.84,2831318.04,0.0,565317466.0,7427217.0,1.3138,127673.98
CUST-000093,"Garcia, Humphrey and Baker",Healthcare,Mid-Market,1-49,$10M-$50M,Marketplace,2023-11-25,Active,False,335135.75,211597.98,96,4,4,1,35033.61,3,2,0,85.43,3.07,192105.0,1987453.12,641095.21,0.0,130063073.0,1663781.0,1.2792,27675.27
CUST-000094,Newton and Sons,Professional Services,Mid-Market,1000-4999,$250M-$1B,Direct Sales,2024-08-15,Active,False,604437.25,378541.95,116,5,5,3,182143.22,3,2,2,24.0,2.71,241560.39,2366729.15,841489.07,0.0,148977178.0,1859606.0,1.2482,34888.42
CUST-000095,Campbell-Clark,Manufacturing,SMB,5000+,$50M-$250M,Marketplace,2022-05-14,Active,False,17795.33,10925.88,17,1,1,1,12228.15,1,1,0,33.13,2.7,10672.2,91515.17,34205.98,0.0,6035876.0,67074.0,1.1113,1485.54
CUST-000096,Harris-Walters,Energy,Mid-Market,250-999,$50M-$250M,Marketplace,2025-03-08,Active,False,218487.45,136705.28,42,3,3,2,141266.71,1,1,0,103.59,2.01,78711.72,818966.2,283979.6,0.0,55618843.0,630469.0,1.1336,11561.83
CUST-000097,Wagner-King,Healthcare,SMB,250-999,<$10M,Enterprise Agreement,2025-01-17,Active,False,20154.13,12464.68,13,1,1,0,0.0,3,1,0,56.53,3.77,7191.79,71673.32,27668.61,0.0,3699962.0,34321.0,0.9276,1067.29
CUST-000098,Davis Group,Education,Strategic,250-999,$1B+,Enterprise Agreement,2025-02-21,Active,True,8147164.77,5070693.78,99,6,6,3,3504126.95,15,10,2,36.16,3.28,2210981.92,18930595.87,6572465.95,67693.13,1291892154.0,17489983.0,1.3538,451499.16
CUST-000099,Williams-Cook,Healthcare,Mid-Market,250-999,$10M-$50M,Digital,2022-08-30,Active,False,365611.35,229658.2,68,5,5,2,126628.96,3,3,0,69.38,2.82,149173.29,1416457.87,448550.26,0.0,95867702.0,1257949.0,1.3122,20743.94
CUST-000100,Walsh LLC,Banking,SMB,5000+,$50M-$250M,Partner,2021-04-04,Active,True,31756.55,20245.37,35,3,3,2,23267.28,1,0,0,22.37,4.32,19862.99,192017.42,61961.49,837.73,12008514.0,168882.0,1.4064,4634.42
CUST-000101,Figueroa PLC,Media,Mid-Market,250-999,$250M-$1B,Marketplace,2021-01-26,Active,True,230826.58,146246.31,37,2,2,0,0.0,6,4,2,43.06,3.41,82983.46,740229.95,258484.66,8653.03,51909865.0,630042.0,1.2137,30570.47
CUST-000102,"Patterson, Smith and Jones",Education,Mid-Market,1-49,<$10M,Marketplace,2022-06-02,Active,False,352725.55,220735.11,56,3,3,1,79646.93,6,4,1,71.19,3.62,117639.83,1023407.98,318712.45,0.0,65174865.0,797090.0,1.223,15821.47
CUST-000103,"Mckee, Gardner and Davenport",Retail,Mid-Market,50-249,$1B+,Digital,2021-04-20,Active,False,120984.18,76995.54,26,2,2,0,0.0,6,2,0,55.94,3.91,48187.3,562931.72,183403.49,0.0,32183935.0,417347.0,1.2968,7296.59
CUST-000104,"Tran, Jordan and Williams",Technology,SMB,5000+,$1B+,Enterprise Agreement,2025-04-15,Active,True,75984.35,45814.74,47,3,3,3,52627.64,1,1,1,120.84,2.1,28591.47,272241.29,93108.58,0.0,19093067.0,260813.0,1.366,4048.73
CUST-000105,Nolan-Flynn,Manufacturing,SMB,5000+,$250M-$1B,Digital,2023-06-26,Active,False,57355.33,35921.0,60,3,3,2,21891.57,1,1,0,15.11,1.75,36949.05,327836.8,117432.45,0.0,21963718.0,297241.0,1.3533,5155.43
CUST-000106,Nolan and Sons,Insurance,Mid-Market,50-249,$10M-$50M,Digital,2025-02-24,Active,False,248258.22,158379.16,53,3,3,2,115085.83,7,4,0,48.21,3.61,110076.27,1065755.28,333416.93,0.0,65733115.0,974092.0,1.4819,15372.42
CUST-000107,"Wright, Garcia and Deleon",Insurance,Mid-Market,50-249,<$10M,Marketplace,2024-02-05,Active,True,666001.67,422713.74,106,5,5,4,302872.59,8,5,1,61.63,3.26,230050.33,1940223.33,637643.19,8200.39,130975649.0,1625652.0,1.2412,49002.38
CUST-000108,Dickson-Brady,Healthcare,Mid-Market,250-999,$50M-$250M,Marketplace,2021-03-08,Active,False,114445.11,72158.16,22,2,2,1,86460.07,1,1,1,116.94,2.99,39825.8,460069.36,153340.19,0.0,29537011.0,437661.0,1.4817,6037.78
CUST-000109,Hancock and Sons,Transportation,SMB,5000+,$10M-$50M,Marketplace,2025-06-02,Active,False,65694.22,42123.38,44,3,3,3,51962.41,2,0,0,34.71,4.35,25249.81,278070.29,86425.79,0.0,16494282.0,209097.0,1.2677,3692.71
CUST-000110,Johnson-Doyle,Retail,SMB,1-49,<$10M,Partner,2022-06-29,Active,False,35176.68,22415.57,48,2,2,1,12968.32,1,1,0,147.23,2.77,27273.84,265058.39,84270.86,0.0,19253444.0,276381.0,1.4355,3827.53
CUST-000111,Patton-Jenkins,Manufacturing,Enterprise,1000-4999,<$10M,Marketplace,2024-03-11,Active,False,1785452.24,1113540.52,81,6,6,3,836795.86,15,14,4,69.69,3.0,587391.23,5291150.67,1608258.5,0.0,377295569.0,4593400.0,1.2175,79530.08
CUST-000112,"Shields, Cochran and Adams",Energy,Mid-Market,1000-4999,$250M-$1B,Direct Sales,2023-10-22,Active,False,282559.45,176250.88,77,4,4,2,87903.46,4,2,0,23.9,3.39,161575.8,1437864.17,436432.7,0.0,98279167.0,1416422.0,1.4412,21782.04
CUST-000113,"Rodriguez, Brennan and Garrison",Manufacturing,Mid-Market,1-49,<$10M,Partner,2024-05-21,Active,False,180379.23,110636.34,35,2,2,1,66757.95,4,4,2,65.98,2.39,75343.89,638396.88,246104.03,0.0,43120581.0,518931.0,1.2034,10518.83
CUST-000114,Gonzalez Group,Transportation,Strategic,250-999,$1B+,Direct Sales,2021-02-12,Active,True,8042515.35,5044863.23,109,6,6,2,2020425.24,17,8,2,45.42,3.56,2076063.57,21016415.51,7117412.31,145678.4,1432047778.0,18970595.0,1.3247,620545.17
CUST-000115,Torres-Pope,Education,Enterprise,250-999,$10M-$50M,Enterprise Agreement,2024-08-27,Active,True,1919257.15,1169393.14,71,4,4,3,975634.41,7,6,1,66.62,3.12,541065.45,4661026.77,1600614.15,28820.29,323587642.0,4244744.0,1.3118,137428.55
CUST-000116,Walker Ltd,Telecommunications,Mid-Market,1000-4999,$50M-$250M,Digital,2023-08-21,Active,False,500562.82,319628.47,80,4,4,3,227532.97,4,1,0,19.42,3.9,163995.93,1696799.58,535592.26,0.0,106858297.0,1319003.0,1.2343,23509.22
CUST-000117,Ross LLC,Education,Mid-Market,250-999,$250M-$1B,Enterprise Agreement,2024-11-21,Active,False,441834.65,283254.36,84,5,5,2,102357.08,0,0,0,0.0,0.0,179628.07,1772314.75,523537.57,0.0,102957239.0,1270549.0,1.2341,24946.25
CUST-000118,Rasmussen LLC,Insurance,SMB,1000-4999,$1B+,Direct Sales,2022-10-25,Active,False,30638.87,19012.84,28,2,2,1,11020.71,1,0,0,57.18,4.01,18276.41,167658.84,47292.71,0.0,11623892.0,140273.0,1.2068,2453.15
CUST-000119,May-Ross,Healthcare,Mid-Market,5000+,$50M-$250M,Enterprise Agreement,2021-04-22,Active,False,377930.06,243090.99,76,4,4,2,86622.35,6,4,0,26.99,3.38,167446.41,1545371.61,531949.94,0.0,97281065.0,1317099.0,1.3539,23480.52
CUST-000120,"Rivera, Johnson and Wiley",Healthcare,Enterprise,250-999,$1B+,Partner,2021-04-16,Active,True,2032551.7,1260127.16,148,6,6,2,278982.64,12,6,0,42.57,3.52,1063604.63,9364207.94,2993533.19,29217.24,656555466.0,8675842.0,1.3214,208666.29
CUST-000121,White-Estes,Insurance,Enterprise,1-49,$1B+,Partner,2023-09-20,Active,False,1855525.35,1176197.33,69,3,3,2,602426.84,3,0,0,36.95,4.36,487284.18,4470703.62,1490442.15,0.0,289874872.0,3891433.0,1.3425,67701.55
CUST-000122,Johnson-Carlson,Technology,Mid-Market,1-49,$10M-$50M,Direct Sales,2024-02-06,Active,False,250108.56,151304.28,50,4,4,1,80487.22,2,2,0,25.77,2.4,93766.05,824306.67,332504.49,0.0,62215307.0,725585.0,1.1662,13412.63
CUST-000123,Chandler-Edwards,Education,Mid-Market,250-999,$1B+,Digital,2021-11-12,Active,False,247370.86,156523.12,47,2,2,2,115286.59,5,4,0,65.82,2.29,99274.78,946868.06,266445.05,0.0,60788434.0,740866.0,1.2188,13493.13
CUST-000124,"Joyce, Wilson and Lam",Education,SMB,5000+,$10M-$50M,Marketplace,2022-05-15,Active,False,40875.61,25577.04,24,1,1,1,19706.32,0,0,0,0.0,0.0,16561.49,120895.6,42799.35,0.0,8609090.0,100142.0,1.1632,2160.41
CUST-000125,Scott Ltd,Retail,SMB,1-49,$50M-$250M,Marketplace,2025-12-06,Active,False,18755.59,11412.55,20,2,2,2,21328.24,0,0,0,0.0,0.0,12209.41,106541.99,24030.12,0.0,7936761.0,124397.0,1.5674,1552.39
CUST-000126,Smith-Frost,Manufacturing,SMB,250-999,$1B+,Enterprise Agreement,2021-01-06,Active,False,47273.27,29707.57,39,2,2,1,16460.17,1,1,0,31.92,2.49,20017.66,224178.98,73780.65,0.0,14608657.0,153797.0,1.0528,2987.95
CUST-000127,"Mcdaniel, Bentley and Mclaughlin",Energy,Strategic,1000-4999,$50M-$250M,Digital,2023-07-04,Active,False,10035256.48,6210574.59,102,5,5,1,1097335.21,10,5,2,43.23,3.92,2165124.18,20537304.57,6824123.33,0.0,1209267710.0,15392524.0,1.2729,304176.39
CUST-000128,Diaz Inc,Healthcare,Mid-Market,50-249,$1B+,Marketplace,2022-10-22,Active,False,424381.74,265718.31,89,4,4,2,113096.99,4,2,0,62.67,3.96,188460.36,1806343.94,579946.55,0.0,113097726.0,1467578.0,1.2976,26373.62
CUST-000129,"Mccall, Hanson and Alvarado",Education,SMB,1000-4999,$250M-$1B,Partner,2025-03-06,Active,True,32579.18,21424.68,23,2,2,1,17137.92,0,0,0,0.0,0.0,12238.44,131232.63,40606.57,0.0,8852389.0,111986.0,1.265,1770.02
CUST-000130,Cortez LLC,Telecommunications,Mid-Market,1-49,$250M-$1B,Direct Sales,2024-04-23,Active,True,712746.23,450224.23,108,5,5,2,143147.13,5,2,1,35.79,3.77,234938.55,2032440.79,642077.52,18060.11,148481858.0,1997891.0,1.3455,71362.27
CUST-000131,"Parker, Ortiz and Powell",Technology,Mid-Market,50-249,<$10M,Marketplace,2021-10-23,Active,True,389976.99,239075.59,74,5,5,2,105414.23,4,3,1,76.77,3.83,159870.39,1481582.93,436913.64,5140.61,87321773.0,1177176.0,1.3481,33030.13
CUST-000132,Spencer-Lee,Technology,Enterprise,1-49,$50M-$250M,Enterprise Agreement,2024-11-19,Active,True,1668786.43,1052639.46,79,4,4,3,766523.7,7,2,0,41.57,3.86,562441.66,5199177.01,1771073.65,0.0,362478949.0,4653418.0,1.2838,78728.93
CUST-000133,"Bentley, Byrd and Orr",Education,SMB,5000+,<$10M,Enterprise Agreement,2025-12-23,Active,False,11767.89,7484.97,10,1,1,1,14380.36,3,2,1,64.95,2.84,5499.66,47803.07,14781.21,0.0,3667699.0,37072.0,1.0108,738.36
CUST-000134,"Carroll, Sullivan and Bass",Healthcare,SMB,1-49,$250M-$1B,Direct Sales,2022-08-12,Active,False,17698.9,11805.03,19,1,1,1,10587.87,0,0,0,0.0,0.0,11256.65,100350.11,32275.29,0.0,5510295.0,86247.0,1.5652,1536.43
CUST-000135,Mitchell-Jordan,Manufacturing,Enterprise,1-49,<$10M,Digital,2024-11-22,Active,True,4172007.86,2641695.29,143,7,7,6,1919588.2,5,3,2,25.13,3.14,1079047.35,9830724.94,3177623.2,52455.31,634096232.0,8232462.0,1.2983,263953.06
CUST-000136,"Lawson, Morris and Ramos",Retail,Enterprise,50-249,$1B+,Marketplace,2023-06-02,Active,True,3313419.17,2056455.7,155,7,7,3,934784.43,9,8,2,71.63,2.66,1106614.15,10762059.87,3324707.34,24981.02,734376853.0,9657606.0,1.3151,209324.29
CUST-000137,"Lewis, Kennedy and Santana",Media,Mid-Market,1000-4999,$1B+,Partner,2021-06-11,Active,True,570113.55,364132.3,99,5,5,2,150448.37,4,3,1,30.68,2.7,199984.24,1954514.53,570456.03,12350.47,131561633.0,1507464.0,1.1458,54783.54
CUST-000138,"Jackson, Miller and Robertson",Transportation,Mid-Market,250-999,$250M-$1B,Digital,2023-08-03,Active,True,401112.44,251564.6,66,3,3,1,51293.26,4,4,2,84.98,2.45,158326.14,1342705.25,444701.61,4663.66,76027112.0,1077958.0,1.4179,31641.82
CUST-000139,"Harvey, Davis and Crane",Energy,Mid-Market,50-249,<$10M,Marketplace,2024-10-19,Active,False,469295.41,295004.3,72,3,3,3,227595.08,4,3,1,62.47,3.39,128217.84,1407763.49,451815.19,0.0,97810286.0,1347143.0,1.3773,18872.91
CUST-000140,Chambers and Sons,Professional Services,Strategic,250-999,$250M-$1B,Digital,2023-05-19,Active,True,15865907.83,10136040.17,170,8,8,4,4085124.42,14,7,1,34.34,3.63,3554819.12,33035393.2,10244005.04,152674.15,2158187472.0,30062872.0,1.393,824327.98
CUST-000141,Hernandez Inc,Healthcare,SMB,1000-4999,$1B+,Digital,2021-08-07,Active,False,57363.14,36681.45,47,2,2,1,13142.56,0,0,0,0.0,0.0,31359.15,249736.25,74595.26,0.0,18252759.0,225554.0,1.2357,4067.77
CUST-000142,Riggs PLC,Transportation,Mid-Market,1000-4999,$50M-$250M,Direct Sales,2025-08-27,Active,True,304313.0,191631.86,40,3,3,1,85633.49,3,2,0,68.04,3.19,83516.06,822544.52,260121.19,4277.48,56408051.0,755475.0,1.3393,21173.18
CUST-000143,Gibson Ltd,Media,Mid-Market,1000-4999,$50M-$250M,Partner,2021-04-11,Active,False,278086.3,178185.16,51,3,3,2,139910.81,4,2,0,50.17,3.18,106380.43,1040831.81,306976.85,0.0,66887555.0,766759.0,1.1463,14725.55
CUST-000144,"Lee, Horton and Snyder",Media,Mid-Market,250-999,$10M-$50M,Direct Sales,2022-01-25,Active,True,244611.43,148642.76,37,2,2,0,0.0,7,2,0,55.04,4.0,84455.48,775662.5,277406.55,0.0,50116892.0,548863.0,1.0952,11926.53
CUST-000145,Hernandez Ltd,Education,Enterprise,1-49,$1B+,Digital,2025-06-04,Active,True,2097566.71,1341222.93,74,5,5,3,1069865.45,8,7,2,87.54,2.67,510052.66,4966938.03,1484456.86,43358.09,346345804.0,4517702.0,1.3044,166070.8
CUST-000146,Stafford Inc,Professional Services,Enterprise,1000-4999,$10M-$50M,Partner,2022-11-01,Active,False,2704180.12,1699942.08,139,5,5,3,686838.1,6,4,1,56.33,2.94,1010075.72,9682332.39,3155973.09,0.0,596364790.0,7532175.0,1.263,141831.27
CUST-000147,Robinson-Brock,Energy,SMB,5000+,$50M-$250M,Partner,2023-01-20,Active,False,29249.47,18902.84,25,2,2,0,0.0,1,0,0,43.42,4.11,14096.41,149544.28,42091.54,0.0,9397213.0,136024.0,1.4475,1988.84
CUST-000148,"Holmes, Williams and Wright",Professional Services,SMB,250-999,<$10M,Marketplace,2022-08-28,Active,False,32196.99,20325.13,34,2,2,1,9430.95,0,0,0,0.0,0.0,18617.23,197110.29,60856.4,0.0,11999659.0,168350.0,1.403,2678.34
CUST-000149,Bryant Group,Transportation,Strategic,1000-4999,$1B+,Digital,2022-04-08,Active,False,8750276.9,5515182.47,121,6,6,1,949566.28,22,16,5,50.55,3.11,2332038.3,24017582.56,8150510.11,0.0,1412846330.0,21061061.0,1.4907,339423.84
CUST-000150,"Schmidt, Hansen and Stewart",Insurance,SMB,1000-4999,$50M-$250M,Digital,2024-01-04,Active,True,19048.83,12500.54,13,1,1,0,0.0,3,1,0,52.06,3.56,6288.42,77442.36,24498.17,0.0,3404212.0,40187.0,1.1805,965.79
CUST-000151,Salazar-Ball,Transportation,Mid-Market,50-249,$250M-$1B,Direct Sales,2021-08-10,Active,False,452710.44,278629.44,72,2,2,2,146080.29,5,3,1,42.98,2.91,132219.76,1438521.53,476245.82,0.0,87751069.0,1201284.0,1.369,19539.24
CUST-000152,"Simmons, Meadows and Griffin",Healthcare,Mid-Market,1-49,$250M-$1B,Digital,2024-06-03,Active,False,391052.74,253251.4,83,4,4,3,173174.35,3,2,1,66.17,2.61,168743.0,1602383.55,546747.52,0.0,122731315.0,1757665.0,1.4321,23859.15
CUST-000153,Manning Group,Manufacturing,Mid-Market,1000-4999,<$10M,Direct Sales,2021-03-18,Active,True,293718.53,188381.94,79,4,4,1,47099.75,5,1,2,27.93,4.02,169314.59,1664493.17,506910.81,0.0,107095177.0,1226120.0,1.1449,23636.55
CUST-000154,Green-Wright,Telecommunications,SMB,5000+,$250M-$1B,Enterprise Agreement,2023-07-19,Active,True,104687.7,65766.63,72,2,2,0,0.0,0,0,0,0.0,0.0,42487.61,421552.7,134568.87,3134.83,27031207.0,323078.0,1.1952,12909.19
CUST-000155,"Ramirez, Strickland and Washington",Insurance,Enterprise,1000-4999,$1B+,Marketplace,2024-09-03,Active,False,1928784.27,1211995.55,101,5,5,2,427716.49,11,6,2,40.31,3.59,771432.45,6909660.78,2157463.66,0.0,477766877.0,6019727.0,1.26,104822.97
CUST-000156,Hill Inc,Healthcare,Strategic,1000-4999,$250M-$1B,Partner,2023-01-29,Active,True,11441837.99,7176936.16,123,7,7,3,3412150.18,20,14,3,42.13,3.14,2599107.56,24020123.4,7915097.51,187573.39,1609686288.0,21840917.0,1.3568,773772.16
CUST-000157,"Mitchell, Nelson and Flores",Energy,Enterprise,250-999,<$10M,Marketplace,2023-01-23,Active,False,671426.77,440444.12,45,3,3,1,185665.18,10,4,0,50.78,3.93,318610.01,3222516.7,907492.06,0.0,205713564.0,2841412.0,1.3812,44194.92
CUST-000158,"Miller, Hernandez and Reyes",Education,SMB,1-49,$10M-$50M,Enterprise Agreement,2025-08-15,Active,False,50233.08,31751.82,42,3,3,3,40840.02,2,0,0,10.61,4.49,24348.63,226069.8,73725.05,0.0,14032375.0,146930.0,1.0471,3380.44
CUST-000159,Mccarthy Inc,Retail,Strategic,5000+,$10M-$50M,Direct Sales,2022-05-14,Active,False,9733426.13,6292345.07,115,7,7,2,1728470.13,22,19,3,31.62,2.92,2501888.2,21397921.91,6802440.89,0.0,1503513942.0,18595731.0,1.2368,335989.99
CUST-000160,Russell-Daniels,Healthcare,Enterprise,250-999,$10M-$50M,Enterprise Agreement,2022-03-19,Active,True,1313963.61,808733.7,84,4,4,3,564675.42,6,4,0,34.15,3.28,583543.58,5545057.23,1909240.96,30612.88,359107280.0,5448436.0,1.5172,150049.76
CUST-000161,Brown-Wall,Manufacturing,SMB,50-249,<$10M,Direct Sales,2024-01-12,Active,False,25638.61,16303.31,24,2,2,0,0.0,2,1,0,29.76,3.21,15495.23,146475.86,51178.27,0.0,7137151.0,57694.0,0.8084,2199.26
CUST-000162,Stein-Silva,Media,SMB,250-999,<$10M,Partner,2022-05-03,Active,False,35699.2,22585.57,36,1,1,0,0.0,0,0,0,0.0,0.0,19409.46,191548.55,68862.53,0.0,12207230.0,179368.0,1.4694,2818.34
CUST-000163,"Smith, Gilmore and Johnston",Insurance,SMB,1-49,$250M-$1B,Marketplace,2023-12-14,Active,False,71296.28,45395.13,46,3,3,2,33688.35,1,0,0,2.83,4.73,27227.05,258735.57,85709.04,0.0,18576817.0,257348.0,1.3853,3824.87
CUST-000164,Smith-Bell,Energy,Enterprise,50-249,$1B+,Direct Sales,2023-07-15,Active,False,862595.96,510062.94,53,3,3,2,326393.4,10,6,1,42.21,3.26,357402.19,3892411.63,1036495.83,0.0,214668937.0,2627338.0,1.2239,50315.93
CUST-000165,Castaneda-Ashley,Transportation,Mid-Market,1-49,<$10M,Marketplace,2023-07-28,Active,False,492007.79,301945.18,67,4,4,4,332751.0,6,5,0,68.28,3.31,137000.75,1250352.36,378851.48,0.0,80890649.0,1112867.0,1.3758,18619.51
CUST-000166,Medina-Navarro,Professional Services,Enterprise,1000-4999,<$10M,Direct Sales,2023-10-02,Active,False,2761751.39,1767022.69,133,5,5,2,494672.36,10,7,2,43.68,3.09,986497.83,8881165.44,3045820.5,0.0,567466200.0,7585732.0,1.3368,137005.4
CUST-000167,"Hurst, Freeman and Nelson",Media,SMB,5000+,$1B+,Digital,2022-07-18,Active,True,78769.8,50945.92,53,3,3,2,35392.49,2,1,0,22.95,4.14,32229.12,302962.34,92774.82,2766.86,20880979.0,277942.0,1.3311,10521.35
CUST-000168,Johnson-Rogers,Energy,SMB,5000+,$250M-$1B,Direct Sales,2023-07-19,Active,False,15035.12,10184.0,17,1,1,1,9962.42,4,1,0,11.69,4.07,9175.12,87744.89,29296.94,0.0,4708809.0,72184.0,1.533,1294.3
CUST-000169,"Yates, Ramsey and Pittman",Energy,Enterprise,50-249,$250M-$1B,Marketplace,2024-08-26,Active,False,2257178.3,1422272.81,122,7,7,3,535303.17,9,5,1,51.88,3.17,835937.49,8178738.64,2546466.23,0.0,565659360.0,7986349.0,1.4119,117056.59
CUST-000170,Hooper PLC,Technology,Enterprise,1000-4999,<$10M,Digital,2023-07-18,Active,True,1821091.39,1148375.5,60,3,3,1,318350.17,6,5,0,52.96,2.39,394454.6,3865461.08,1302891.87,36056.0,275955750.0,3584938.0,1.2991,135584.12
CUST-000171,Meadows PLC,Transportation,Mid-Market,1000-4999,<$10M,Direct Sales,2021-11-09,Active,True,448170.74,281840.65,73,4,4,2,133805.75,4,2,1,51.17,3.58,156823.39,1430065.99,461300.81,3637.49,97962571.0,1235535.0,1.2612,29589.7
CUST-000172,"Alvarado, Miller and Patterson",Professional Services,Enterprise,250-999,$10M-$50M,Enterprise Agreement,2025-03-05,Active,True,906175.68,560635.07,44,3,3,1,148926.88,8,4,0,49.27,3.56,324345.68,3109096.42,865424.88,0.0,176809472.0,2030042.0,1.1482,44063.6
CUST-000173,White-Green,Insurance,SMB,1000-4999,$50M-$250M,Marketplace,2024-10-04,Active,False,51423.94,31309.66,37,2,2,1,14477.23,1,0,0,23.88,4.78,21785.46,207009.01,67842.83,0.0,13996437.0,205205.0,1.4661,3053.19
CUST-000174,Lewis-Murphy,Manufacturing,Enterprise,250-999,<$10M,Enterprise Agreement,2024-05-14,Active,False,2340750.04,1480872.17,112,5,5,2,490270.77,7,4,0,54.14,3.35,729776.88,7818083.6,2358071.14,0.0,509693849.0,6320468.0,1.2401,104896.82
CUST-000175,Ramirez-Bean,Insurance,Mid-Market,250-999,$1B+,Digital,2022-04-05,Active,False,169884.43,108490.58,25,2,2,0,0.0,4,4,3,41.5,3.04,48311.22,484410.14,156801.31,0.0,35532539.0,432957.0,1.2185,6884.71
CUST-000176,King-Miller,Technology,SMB,5000+,$1B+,Enterprise Agreement,2025-07-12,Active,False,29401.88,18400.15,30,2,2,2,22503.09,0,0,0,0.0,0.0,17226.52,192677.65,61366.88,0.0,11592182.0,179578.0,1.5491,2549.26
CUST-000177,Curry Inc,Professional Services,Mid-Market,250-999,<$10M,Partner,2024-09-09,Active,True,258439.22,161883.62,51,3,3,0,0.0,3,2,1,46.92,3.01,106558.44,1007485.12,349566.1,9923.29,64841861.0,754215.0,1.1632,36932.0
CUST-000178,Walker-Jones,Banking,SMB,50-249,$10M-$50M,Enterprise Agreement,2022-12-20,Active,False,77136.78,46763.74,56,3,3,1,16865.98,1,0,0,11.4,4.87,34027.0,301771.09,106643.88,0.0,20527745.0,279951.0,1.3638,4732.56
CUST-000179,"Williams, Johnson and Wright",Banking,Mid-Market,1-49,$1B+,Partner,2024-07-20,Active,True,285937.06,178964.16,77,3,3,1,39093.1,3,0,0,44.76,4.3,156054.98,1470731.68,515991.54,0.0,95800208.0,1236235.0,1.2904,22146.18
CUST-000180,Howell and Sons,Manufacturing,SMB,250-999,$1B+,Enterprise Agreement,2023-01-28,Active,False,22373.5,15044.9,25,2,2,0,0.0,0,0,0,0.0,0.0,15621.46,148770.14,46636.76,0.0,9738554.0,134687.0,1.383,2169.72
CUST-000181,Wells Inc,Media,SMB,1-49,<$10M,Digital,2025-03-26,Active,False,41013.34,26481.92,38,2,2,2,25243.58,3,3,1,89.64,3.18,19096.95,195395.37,66289.8,0.0,14146006.0,203168.0,1.4362,2772.7
CUST-000182,"Gould, Marshall and Scott",Technology,Mid-Market,250-999,$10M-$50M,Enterprise Agreement,2023-06-25,Active,False,474433.42,302938.17,83,5,5,2,172738.66,2,1,0,75.79,3.52,180555.65,1671607.38,531467.21,0.0,111222818.0,1461404.0,1.3139,24907.89
CUST-000183,Jackson-Lawson,Transportation,SMB,5000+,$250M-$1B,Enterprise Agreement,2024-10-20,Active,True,16268.02,10297.22,13,1,1,0,0.0,0,0,0,0.0,0.0,9144.48,70213.09,25622.58,0.0,4213895.0,50141.0,1.1899,1219.75
CUST-000184,"Higgins, Strickland and Martin",Banking,Mid-Market,1-49,$10M-$50M,Digital,2024-05-12,Active,True,453858.97,288466.95,65,4,4,3,229679.47,2,1,0,19.19,3.95,128942.77,1434874.55,421453.14,3889.21,82804890.0,1131746.0,1.3668,27245.33
CUST-000185,Rodriguez-Johnson,Telecommunications,Strategic,1-49,<$10M,Marketplace,2022-08-16,Active,False,10967081.87,6847129.18,143,5,5,2,2026855.49,13,9,2,53.62,3.32,2874902.21,29001521.56,9934055.48,0.0,1697196018.0,20828661.0,1.2272,416085.32
CUST-000186,Johnston-Odonnell,Professional Services,Enterprise,50-249,$1B+,Enterprise Agreement,2023-12-27,Active,True,2546797.04,1609309.33,116,6,6,3,774737.89,4,3,0,69.76,3.03,821456.86,8288387.72,2609043.9,15431.08,452454149.0,5723235.0,1.2649,150547.04
CUST-000187,Sanders-Espinoza,Professional Services,Enterprise,1-49,$250M-$1B,Direct Sales,2025-10-31,Active,True,1905543.48,1193910.52,84,7,7,7,1802578.37,9,7,1,62.69,3.37,601464.54,5678090.61,1724146.08,23738.37,387733801.0,5453392.0,1.4065,134953.98
CUST-000188,Vargas Ltd,Technology,Mid-Market,5000+,$250M-$1B,Marketplace,2024-03-25,Active,False,431642.61,272361.8,66,3,3,1,58843.26,2,2,0,70.05,2.94,141068.87,1417017.7,433472.49,0.0,84792176.0,1132614.0,1.3358,19865.02
CUST-000189,Garcia LLC,Retail,SMB,5000+,$250M-$1B,Digital,2022-10-28,Active,True,37875.69,23916.78,38,2,2,2,24855.94,0,0,0,0.0,0.0,21043.34,190634.34,73338.98,0.0,13348384.0,165270.0,1.2381,3008.46
CUST-000190,"Burke, Martinez and Riggs",Technology,SMB,5000+,<$10M,Marketplace,2024-04-21,Active,False,47473.05,30054.37,30,1,1,1,18440.35,0,0,0,0.0,0.0,20631.06,158439.85,58860.77,0.0,11489128.0,156324.0,1.3606,2762.27
CUST-000191,Reed Group,Retail,Enterprise,1-49,$1B+,Direct Sales,2025-05-15,Active,True,2411931.75,1481498.23,115,7,7,6,1359930.42,7,5,1,59.79,3.44,772385.11,7482714.58,2590571.17,40593.9,537546660.0,7449897.0,1.3859,199692.5
CUST-000192,"Wood, Hunter and Peterson",Telecommunications,Mid-Market,50-249,$10M-$50M,Direct Sales,2022-12-17,Active,False,252219.43,160541.61,48,3,3,0,0.0,4,3,1,19.44,3.35,93763.62,951658.19,297323.36,0.0,65774079.0,838194.0,1.2744,13315.05
CUST-000193,Short-Garcia,Transportation,SMB,1-49,$10M-$50M,Marketplace,2021-11-10,Active,False,59565.87,38457.54,37,3,3,1,18309.5,2,1,0,62.33,2.91,22266.37,211573.47,58764.93,0.0,13576479.0,200585.0,1.4774,3014.69
CUST-000194,Reid-Poole,Transportation,Mid-Market,5000+,$1B+,Digital,2023-07-09,Active,False,260282.18,162789.33,49,2,2,0,0.0,7,6,1,66.57,2.73,88861.57,1024279.54,315952.38,0.0,59310048.0,700966.0,1.1819,13205.57
CUST-000195,"Hernandez, Thompson and Boyd",Insurance,Enterprise,1000-4999,$250M-$1B,Digital,2023-06-20,Active,True,2322240.74,1476425.01,99,5,5,0,0.0,5,2,0,47.84,4.16,714966.13,7012037.23,2095006.97,0.0,393800974.0,4652711.0,1.1815,99321.18
CUST-000196,"Nelson, Morton and Medina",Insurance,Enterprise,250-999,$250M-$1B,Marketplace,2023-11-06,Active,True,1854939.55,1158581.95,83,5,5,2,666389.58,7,6,0,63.67,2.69,575087.25,5825981.79,1687978.85,34763.9,335730458.0,5018489.0,1.4948,156769.97
CUST-000197,Marshall-Petersen,Transportation,SMB,1-49,$1B+,Enterprise Agreement,2021-06-07,Active,False,35340.79,22360.67,25,1,1,0,0.0,1,1,0,108.03,2.83,13307.95,164984.91,36432.31,0.0,11098738.0,154945.0,1.3961,1892.1
CUST-000263,Martinez-Dudley,Manufacturing,SMB,250-999,$250M-$1B,Digital,2025-12-13,Active,False,11486.85,7381.45,10,1,1,1,12805.73,2,1,2,82.29,3.59,6226.13,61659.81,19910.25,0.0,3129924.0,58695.0,1.8753,882.63
CUST-000198,"Adams, Christian and Rivas",Professional Services,Mid-Market,1-49,$250M-$1B,Enterprise Agreement,2025-06-10,Active,False,409471.01,256311.84,67,5,5,2,116452.64,4,3,0,73.32,2.96,133454.12,1290872.36,387638.43,0.0,89052754.0,1031310.0,1.1581,18469.01
CUST-000199,Ramirez Group,Retail,Mid-Market,1-49,$250M-$1B,Direct Sales,2023-10-24,Active,False,450731.36,290721.86,60,3,3,2,172388.21,6,5,0,53.06,2.7,124322.44,1199031.84,374957.57,0.0,70467012.0,774571.0,1.0992,17336.48
CUST-000200,Christensen PLC,Energy,Enterprise,50-249,<$10M,Partner,2021-06-22,Active,False,2304665.41,1443894.41,125,5,5,2,382029.63,7,6,0,67.42,3.21,876990.1,8653131.49,2732074.77,0.0,551217506.0,7232526.0,1.3121,123555.95
CUST-000201,"Barnett, Rogers and Snyder",Retail,Mid-Market,250-999,$50M-$250M,Digital,2024-06-02,Active,False,455479.25,280624.31,98,5,5,4,194421.55,4,4,1,15.48,2.62,210248.41,1799713.13,623235.44,0.0,120305325.0,1570359.0,1.3053,28754.53
CUST-000202,White-Lewis,Transportation,SMB,250-999,<$10M,Digital,2021-04-18,Active,False,17158.45,10401.22,13,1,1,0,0.0,1,0,0,13.75,4.52,6578.69,91352.46,19730.99,0.0,3590013.0,23233.0,0.6472,972.09
CUST-000203,Peterson-Beard,Professional Services,SMB,5000+,$10M-$50M,Digital,2022-06-01,Active,False,31095.8,19603.92,38,2,2,0,0.0,2,0,0,26.78,4.55,22829.0,243152.75,55881.9,0.0,15033284.0,230916.0,1.536,3099.74
CUST-000204,"Beard, Peters and Black",Manufacturing,SMB,1000-4999,$10M-$50M,Enterprise Agreement,2022-12-18,Active,True,38572.04,24079.76,34,3,3,1,16870.49,2,2,1,51.75,2.24,20763.67,180036.9,50400.93,0.0,13292496.0,162337.0,1.2213,2732.94
CUST-000205,Miller Ltd,Transportation,Mid-Market,250-999,$10M-$50M,Enterprise Agreement,2023-02-11,Active,False,682439.76,418857.94,106,5,5,1,82159.05,1,0,0,67.72,4.55,207408.3,1833812.07,716042.47,0.0,131188722.0,1686972.0,1.2859,29494.43
CUST-000206,Freeman-Chang,Banking,SMB,250-999,$50M-$250M,Partner,2023-01-12,Active,False,46055.41,29668.56,30,2,2,1,19477.86,1,1,0,157.51,1.95,19886.02,169267.52,47429.14,0.0,10777550.0,176960.0,1.6419,2602.67
CUST-000207,"Alvarez, Joseph and West",Healthcare,Strategic,50-249,$10M-$50M,Partner,2023-09-23,Active,False,8000371.06,5113263.07,98,5,5,0,0.0,16,11,3,43.8,3.12,1991036.13,18403200.9,6189700.32,0.0,1225364994.0,15279411.0,1.2469,277896.99
CUST-000208,Davis and Sons,Professional Services,SMB,5000+,<$10M,Digital,2024-01-11,Active,False,64353.86,40133.6,52,2,2,1,16510.29,2,1,0,10.73,3.88,28400.42,251536.93,92734.77,0.0,21785484.0,314538.0,1.4438,3986.5
CUST-000209,Holt-Torres,Retail,Enterprise,50-249,$10M-$50M,Enterprise Agreement,2023-02-11,Active,True,2682696.11,1690853.07,127,5,5,1,335684.32,9,5,2,49.61,3.41,954294.51,8654666.14,2712256.18,34221.26,592944800.0,7392448.0,1.2467,205605.05
CUST-000210,"Wood, Tran and Cooper",Technology,Enterprise,250-999,$10M-$50M,Marketplace,2021-03-31,Active,False,3123381.72,1921681.84,129,6,6,5,1572703.24,7,6,1,36.83,2.35,895395.16,9117208.22,2708510.95,0.0,540333577.0,6429535.0,1.1899,125905.29
CUST-000211,"Pierce, Bell and Chavez",Manufacturing,Mid-Market,1000-4999,$10M-$50M,Digital,2022-05-05,Active,True,241668.16,153769.88,66,3,3,2,78181.42,8,5,2,31.66,3.35,134232.08,1213830.11,448004.36,9702.92,83551769.0,1163708.0,1.3928,40335.05
CUST-000212,King-Martinez,Manufacturing,Mid-Market,1000-4999,$1B+,Enterprise Agreement,2023-08-04,Active,False,304431.39,191653.77,51,2,2,1,81472.7,3,2,2,43.83,3.64,112600.92,954577.7,294808.07,0.0,73149426.0,963165.0,1.3167,14991.34
CUST-000213,Stewart Ltd,Media,SMB,50-249,$50M-$250M,Direct Sales,2025-06-29,Active,False,57499.31,35643.05,40,3,3,3,49874.51,2,1,0,62.3,3.77,25103.71,237526.45,60141.78,0.0,13849990.0,173971.0,1.2561,3335.92
CUST-000214,"Tapia, Vaughn and Lee",Professional Services,Mid-Market,5000+,<$10M,Digital,2021-07-30,Active,False,404956.08,250960.77,90,4,4,1,80739.62,3,1,1,58.28,3.74,177302.89,1739696.13,606975.86,0.0,117118771.0,1605982.0,1.3712,25506.25
CUST-000215,"Washington, Hardy and Bray",Retail,SMB,1000-4999,<$10M,Partner,2023-11-18,Active,False,78360.49,50960.67,58,2,2,1,17641.02,4,1,0,42.06,4.06,37455.21,301070.58,103168.8,0.0,21523607.0,291578.0,1.3547,5004.79
CUST-000216,"Carlson, Hooper and Wall",Banking,Enterprise,1000-4999,$1B+,Digital,2023-04-30,Active,False,1733541.81,1112081.96,88,4,4,0,0.0,7,4,1,44.09,3.13,583131.0,5711227.76,1889478.55,0.0,390120990.0,5279750.0,1.3534,82799.01
CUST-000217,Perez-White,Telecommunications,SMB,1-49,$50M-$250M,Partner,2021-02-27,Active,False,33885.7,21160.39,46,2,2,1,7514.54,0,0,0,0.0,0.0,29607.09,246959.56,81538.52,0.0,16886821.0,229180.0,1.3572,3974.18
CUST-000218,Erickson and Sons,Professional Services,SMB,50-249,$250M-$1B,Marketplace,2023-08-26,Active,False,114468.64,70887.6,96,3,3,0,0.0,1,1,0,36.75,2.35,56488.16,497735.8,179521.19,0.0,34667353.0,472192.0,1.3621,7874.16
CUST-000219,Williams-Brown,Retail,Mid-Market,5000+,$1B+,Enterprise Agreement,2022-03-18,Active,True,253458.55,158199.49,48,2,2,0,0.0,2,1,0,30.93,3.39,98910.35,858692.52,302035.79,13952.58,62198647.0,822122.0,1.3218,44335.27
CUST-000220,Terry-Martinez,Banking,Mid-Market,50-249,$250M-$1B,Enterprise Agreement,2021-09-07,Active,True,659943.98,415397.88,124,5,5,2,148035.07,6,5,0,39.7,2.75,257488.78,2352811.21,707847.28,4966.74,155344742.0,2002301.0,1.2889,45884.93
CUST-000221,Garcia-Smith,Media,Mid-Market,5000+,<$10M,Enterprise Agreement,2023-10-21,Active,False,312168.39,194777.93,63,4,4,1,57055.54,2,2,0,48.62,3.12,136449.15,1191061.73,438567.27,0.0,84822682.0,1240372.0,1.4623,19048.47
CUST-000222,Harrison-Alexander,Media,Mid-Market,250-999,$10M-$50M,Enterprise Agreement,2021-01-04,Active,False,428017.67,272705.68,74,3,3,2,121387.38,9,6,1,55.3,3.48,152471.5,1472003.0,474905.72,0.0,94907155.0,1122114.0,1.1823,21415.24
CUST-000223,Sheppard LLC,Telecommunications,SMB,1-49,$1B+,Enterprise Agreement,2023-12-09,Active,False,73330.26,47242.83,60,3,3,2,24501.49,4,4,0,41.49,2.68,33500.1,341644.87,106015.96,0.0,22602083.0,310779.0,1.375,4758.39
CUST-000224,Wilson-Jones,Education,Mid-Market,1-49,$250M-$1B,Digital,2023-03-11,Active,False,502481.86,318159.74,88,5,5,4,246564.21,3,2,0,53.5,3.08,178411.25,1636928.13,526599.52,0.0,113044946.0,1468271.0,1.2988,24596.53
CUST-000225,Jones-Soto,Telecommunications,SMB,50-249,<$10M,Enterprise Agreement,2021-05-19,Active,False,38804.22,24826.19,45,2,2,1,10580.81,1,1,1,98.41,2.34,26650.73,244802.46,89094.69,0.0,15746031.0,188363.0,1.1963,3779.02
CUST-000226,Hernandez PLC,Energy,Enterprise,250-999,$10M-$50M,Marketplace,2022-12-23,Active,True,4183980.82,2602541.03,168,7,7,6,1588221.58,2,0,0,19.48,4.36,1175506.12,11011132.55,3514906.36,20343.89,782823454.0,10859142.0,1.3872,207723.32
CUST-000227,Miller-Wright,Retail,Strategic,1-49,$250M-$1B,Direct Sales,2025-07-20,Active,True,6484751.3,4054034.98,82,6,6,2,1388170.64,15,11,1,35.29,3.14,1896668.88,14213265.18,5432833.92,40583.96,1088977414.0,14273343.0,1.3107,342739.95
CUST-000228,"Duran, Obrien and Gibbs",Banking,SMB,250-999,$50M-$250M,Enterprise Agreement,2025-12-20,Active,False,16914.24,10867.25,20,2,2,2,19385.06,0,0,0,0.0,0.0,10010.42,100989.7,41646.2,0.0,5458621.0,86674.0,1.5878,1519.35
CUST-000229,Rowe Group,Transportation,SMB,50-249,$50M-$250M,Digital,2021-03-16,Active,False,15139.92,9645.74,24,1,1,0,0.0,2,1,0,60.38,3.79,14538.45,130096.7,47774.78,0.0,9047941.0,123508.0,1.365,2046.24
CUST-000230,Kerr-Evans,Manufacturing,Enterprise,1-49,$50M-$250M,Marketplace,2022-11-11,Active,False,2275304.65,1415611.16,102,6,6,2,339972.31,12,9,3,52.85,2.84,764539.23,6867126.85,2364716.93,0.0,437890551.0,5526906.0,1.2622,106189.79
CUST-000231,"Branch, Torres and Oliver",Telecommunications,Enterprise,50-249,$250M-$1B,Marketplace,2023-03-03,Active,False,2328341.05,1454025.32,135,7,7,3,585971.53,5,1,1,19.16,4.07,977818.59,8623435.52,2928054.44,0.0,622181805.0,8700804.0,1.3984,134530.83
CUST-000232,"Choi, Garcia and Farmer",Professional Services,SMB,1000-4999,<$10M,Marketplace,2021-06-19,Active,False,15887.32,9876.57,14,1,1,1,12554.96,4,3,0,62.42,3.33,8746.05,77007.88,27079.08,0.0,4675363.0,78624.0,1.6817,1211.91
CUST-000233,"Clark, Guerrero and Moore",Insurance,Mid-Market,1-49,$50M-$250M,Digital,2022-10-20,Active,False,124423.9,75653.94,26,2,2,0,0.0,5,4,2,39.33,3.14,55155.62,458135.75,196930.63,0.0,31685899.0,394156.0,1.2439,7849.52
CUST-000234,Arnold and Sons,Professional Services,SMB,1000-4999,$50M-$250M,Marketplace,2021-12-08,Active,False,6481.26,4141.41,11,1,1,1,6620.96,0,0,0,0.0,0.0,7679.95,54746.0,21580.4,0.0,4529301.0,63609.0,1.4044,1016.47
CUST-000235,Ortiz Ltd,Manufacturing,SMB,1-49,<$10M,Marketplace,2023-06-10,Active,False,13610.52,8543.42,15,1,1,1,10352.24,2,1,1,17.48,3.92,10492.76,67953.34,31788.96,0.0,6012874.0,66255.0,1.1019,1398.18
CUST-000236,"Harrison, Johnson and Roberts",Retail,SMB,5000+,$250M-$1B,Direct Sales,2021-03-05,Active,False,11850.96,7541.37,19,1,1,1,7275.23,0,0,0,0.0,0.0,11913.54,80868.36,22768.17,0.0,5934481.0,81347.0,1.3708,1461.74
CUST-000237,Warner-Gibson,Telecommunications,SMB,1000-4999,$1B+,Direct Sales,2023-01-21,Active,False,32679.27,19660.25,24,1,1,0,0.0,1,0,0,20.62,4.47,16657.65,153042.5,42110.38,0.0,8964298.0,102830.0,1.1471,2226.42
CUST-000238,"Hall, Baker and Moody",Telecommunications,Mid-Market,1000-4999,<$10M,Enterprise Agreement,2023-01-30,Active,False,139047.72,88285.84,32,2,2,1,56231.31,7,4,0,31.76,3.79,63865.27,656203.41,204530.0,0.0,45956932.0,587237.0,1.2778,9105.53
CUST-000239,"Guerrero, Peck and Coleman",Manufacturing,SMB,50-249,<$10M,Direct Sales,2024-08-23,Active,False,62914.71,39652.03,58,3,3,3,38652.68,1,1,0,16.02,1.67,33917.86,348700.57,97054.56,0.0,23597546.0,342692.0,1.4522,4720.59
CUST-000240,"Walker, Hernandez and Baker",Insurance,Enterprise,250-999,$50M-$250M,Marketplace,2024-02-25,Active,False,3358295.05,2113402.76,135,7,7,4,1133399.59,6,3,1,56.19,3.32,1011532.69,8449879.88,3121389.73,0.0,614935587.0,7345121.0,1.1945,139151.67
CUST-000241,Jones and Sons,Healthcare,SMB,1-49,$10M-$50M,Direct Sales,2023-10-03,Active,False,11126.72,6854.0,18,1,1,1,7065.82,2,1,0,21.85,3.12,11137.21,107302.2,32069.1,0.0,6683054.0,59878.0,0.896,1537.62
CUST-000242,Larson-Holloway,Transportation,Mid-Market,250-999,$50M-$250M,Direct Sales,2025-07-18,Active,False,269141.23,169646.69,40,3,3,1,75005.96,6,5,1,66.97,3.33,90127.76,734074.88,236187.46,0.0,52044790.0,652526.0,1.2538,11941.65
CUST-000243,Gonzales-Harrison,Retail,Mid-Market,50-249,$50M-$250M,Enterprise Agreement,2025-10-10,Active,False,360291.07,227413.31,48,4,4,4,344720.8,10,5,2,53.04,3.36,104405.79,991918.22,289603.45,0.0,59906126.0,681352.0,1.1374,14276.15
CUST-000244,Lyons-Bender,Education,SMB,1-49,$50M-$250M,Enterprise Agreement,2022-04-30,Active,False,46990.61,30334.14,36,3,3,1,19374.23,2,1,0,18.78,4.19,20778.27,212598.08,66680.51,0.0,14195062.0,195503.0,1.3773,2961.91
CUST-000245,"Fernandez, Kim and George",Retail,Mid-Market,5000+,<$10M,Direct Sales,2024-02-04,Active,False,149988.8,94652.88,26,2,2,0,0.0,4,2,2,33.39,3.57,55914.68,541397.04,171062.78,0.0,34545721.0,458948.0,1.3285,7825.93
CUST-000246,Navarro-Munoz,Technology,SMB,5000+,<$10M,Partner,2025-04-25,Active,False,42795.83,28760.78,36,2,2,2,27580.67,3,2,0,25.23,3.35,22567.45,193764.22,63639.19,0.0,14407456.0,157318.0,1.0919,3055.01
CUST-000247,Davis Ltd,Transportation,Strategic,5000+,$50M-$250M,Partner,2023-08-13,Active,True,10598326.79,6548008.18,114,5,5,3,2815471.52,14,8,1,57.84,3.37,2445712.55,22004793.13,7133350.25,0.0,1443502445.0,18471285.0,1.2796,335457.15
CUST-000248,"Matthews, Smith and Hubbard",Retail,Enterprise,1000-4999,$1B+,Direct Sales,2022-01-08,Active,False,1475883.33,939108.81,76,4,4,2,381733.68,13,9,3,53.42,3.17,548923.48,5464828.31,1436980.41,0.0,348863494.0,4314814.0,1.2368,74702.88
CUST-000249,Johnston-Hines,Retail,Enterprise,250-999,$10M-$50M,Digital,2021-12-04,Active,True,1303013.34,829509.58,70,4,4,1,237169.96,7,5,1,59.28,3.09,539994.55,4150893.2,1415866.38,0.0,312377282.0,4034527.0,1.2916,71060.08
CUST-000250,Ruiz Ltd,Insurance,Strategic,250-999,$10M-$50M,Enterprise Agreement,2025-09-29,Active,False,6173682.12,3956789.53,65,5,5,5,5486629.15,18,13,3,56.03,3.18,1311868.94,12621659.3,4058672.59,0.0,795047218.0,9140936.0,1.1497,183898.47
CUST-000251,Moon-White,Insurance,SMB,5000+,$10M-$50M,Enterprise Agreement,2023-12-29,Active,False,63721.84,40518.13,50,2,2,0,0.0,4,1,0,39.88,4.2,30278.21,266081.79,88892.38,0.0,19122124.0,250614.0,1.3106,4146.03
CUST-000252,"Graham, Olsen and Costa",Professional Services,Strategic,5000+,$50M-$250M,Enterprise Agreement,2024-07-02,Active,True,14889913.34,9579497.15,163,7,7,4,4989739.2,20,15,4,37.74,3.17,3357766.29,32809071.96,10470299.8,182235.24,2243762731.0,27709717.0,1.235,873437.53
CUST-000253,Bailey-Cook,Media,SMB,250-999,$10M-$50M,Enterprise Agreement,2024-08-06,Active,True,42247.84,26799.84,52,3,3,1,9658.82,0,0,0,0.0,0.0,32606.59,289082.18,101051.46,2033.49,18397113.0,216888.0,1.1789,8996.82
CUST-000254,"Garcia, Martin and Jenkins",Transportation,SMB,5000+,$50M-$250M,Digital,2025-12-26,Active,True,41493.17,26678.55,30,3,3,3,47423.77,1,1,1,103.58,1.5,16409.2,176733.07,46963.83,0.0,9749481.0,114366.0,1.173,2299.71
CUST-000255,Roberts-Landry,Insurance,Mid-Market,1-49,$10M-$50M,Marketplace,2023-07-18,Active,False,381842.19,242507.48,74,5,5,1,76439.67,6,3,1,33.74,3.07,158763.63,1472487.73,519747.44,0.0,87042795.0,1101590.0,1.2656,22431.29
CUST-000256,"Johnson, Miller and King",Retail,SMB,250-999,$50M-$250M,Digital,2024-05-27,Active,False,74267.79,46756.14,67,3,3,2,21236.03,0,0,0,0.0,0.0,40896.71,382331.43,127088.25,0.0,25190193.0,362411.0,1.4387,5716.41
CUST-000257,Cordova Group,Energy,Strategic,1-49,$50M-$250M,Partner,2023-11-21,Active,False,15006939.44,9500647.45,169,8,8,7,7966867.04,21,16,3,48.56,3.11,3222798.36,31268310.1,10696917.67,0.0,2042016158.0,27731018.0,1.358,459557.77
CUST-000258,"Bryan, Smith and Booth",Insurance,Mid-Market,1-49,$50M-$250M,Marketplace,2021-10-16,Active,False,227316.56,144667.97,53,3,3,3,165659.29,2,1,0,39.76,3.29,116198.08,1008303.57,341116.37,0.0,71987097.0,951622.0,1.3219,15885.66
CUST-000259,Gutierrez-Lopez,Retail,Enterprise,250-999,$1B+,Digital,2025-11-08,Active,True,1463920.22,910924.83,65,6,6,6,1537390.61,11,5,1,32.93,3.56,460217.63,4771774.47,1420908.36,25306.91,278114410.0,3294256.0,1.1845,120847.65
CUST-000260,Dean-Jimenez,Education,SMB,1000-4999,$50M-$250M,Marketplace,2023-11-21,Active,False,40077.18,25875.97,37,2,2,1,14020.52,1,1,1,90.38,2.29,20912.67,198498.0,65343.25,0.0,12373095.0,189455.0,1.5312,2932.65
CUST-000261,Wolf-Harris,Healthcare,SMB,5000+,$50M-$250M,Direct Sales,2022-05-09,Active,False,41699.88,26239.73,31,2,2,1,18177.38,0,0,0,0.0,0.0,13818.31,142150.97,52691.55,0.0,12944253.0,146223.0,1.1296,2054.78
CUST-000262,"Anderson, Roberts and Gilmore",Transportation,SMB,1000-4999,$50M-$250M,Enterprise Agreement,2025-09-23,Active,False,36076.72,23665.16,23,2,2,2,36692.25,0,0,0,0.0,0.0,12522.89,130453.57,41392.35,0.0,8610336.0,110803.0,1.2869,1801.94
CUST-000264,"Lloyd, Mckinney and Collins",Telecommunications,SMB,5000+,$50M-$250M,Direct Sales,2022-02-03,Active,False,30758.0,18865.72,23,2,2,1,18924.04,2,1,1,71.14,3.83,14963.5,106035.48,39836.8,0.0,7981855.0,104027.0,1.3033,1957.06
CUST-000265,Tran Inc,Media,SMB,5000+,<$10M,Partner,2022-07-27,Active,False,41380.53,26563.85,43,2,2,2,24580.6,5,4,2,79.7,2.65,27768.07,264887.6,80860.36,0.0,13830579.0,159684.0,1.1546,3837.54
CUST-000266,Gay Inc,Energy,Strategic,250-999,$10M-$50M,Partner,2022-11-26,Active,True,12573997.07,7842204.91,123,6,6,3,2395570.36,12,8,3,59.26,2.98,2542762.45,26591993.89,7360516.39,159497.99,1481695208.0,21452690.0,1.4478,706533.45
CUST-000267,Valentine-Holland,Banking,Mid-Market,50-249,$50M-$250M,Marketplace,2021-04-03,Active,False,474559.52,300426.71,85,4,4,2,140592.86,5,4,0,39.87,3.35,172855.74,1708053.8,500933.13,0.0,107826621.0,1354878.0,1.2565,23982.56
CUST-000268,Jimenez Ltd,Retail,Mid-Market,250-999,$1B+,Digital,2023-11-22,Active,False,207326.56,131500.31,40,2,2,1,30321.92,4,3,1,34.56,2.6,77449.16,828479.03,214768.48,0.0,55530181.0,672980.0,1.2119,10775.38
CUST-000269,Hicks-Hill,Media,SMB,250-999,$1B+,Enterprise Agreement,2022-09-05,Active,False,9315.44,5965.05,10,1,1,1,10637.28,1,1,0,36.29,3.68,5940.56,74633.85,14146.43,0.0,3752434.0,39641.0,1.0564,825.44
CUST-000270,Baird-Sanchez,Banking,Mid-Market,250-999,$50M-$250M,Direct Sales,2025-07-29,Active,False,359758.34,231493.15,60,4,4,4,276902.76,3,2,2,44.32,3.06,132303.55,1112850.17,416232.71,0.0,74855172.0,915369.0,1.2229,18295.27
CUST-000271,"Thomas, Lee and Greene",Professional Services,Strategic,1-49,$1B+,Marketplace,2025-01-25,Active,True,11347043.78,7175126.75,123,7,7,6,6310914.88,9,6,3,37.32,3.71,2667976.39,25102966.67,8292759.09,61245.77,1570826285.0,20908706.0,1.3311,507992.52
CUST-000272,"Suarez, Shields and Hill",Media,SMB,5000+,$10M-$50M,Direct Sales,2025-05-09,Active,False,37354.16,22778.18,30,2,2,1,9768.92,2,2,0,74.6,3.08,17590.55,151723.31,60131.42,0.0,11607722.0,134246.0,1.1565,2488.01
CUST-000273,Morgan-French,Media,Mid-Market,1000-4999,$10M-$50M,Partner,2025-01-16,Active,False,144283.0,88487.18,30,2,2,1,51129.65,4,2,2,14.82,3.67,64723.66,563362.75,165471.2,0.0,40990278.0,622111.0,1.5177,8606.5
CUST-000274,Hoover-Campbell,Telecommunications,SMB,1000-4999,$10M-$50M,Marketplace,2023-06-23,Active,False,74517.34,46677.81,51,2,2,1,18262.85,0,0,0,0.0,0.0,30765.0,301645.87,91399.6,0.0,18062779.0,186347.0,1.0317,4286.24
CUST-000275,Monroe-Carpenter,Education,Mid-Market,1-49,$10M-$50M,Enterprise Agreement,2024-06-06,Active,False,218894.87,139818.02,37,2,2,1,62861.43,4,3,1,78.07,3.06,72538.66,667994.31,263612.07,0.0,46911662.0,585179.0,1.2474,10500.63
CUST-000276,"Burns, Hernandez and Ryan",Energy,SMB,1000-4999,$50M-$250M,Partner,2023-09-07,Active,False,99830.35,62354.37,73,3,3,0,0.0,2,1,1,50.25,4.25,43876.94,410801.63,133507.16,0.0,26231492.0,347438.0,1.3245,6105.96
CUST-000277,Cook-Hines,Transportation,Mid-Market,250-999,$1B+,Marketplace,2022-12-27,Active,False,137207.95,84050.87,23,2,2,1,72725.98,3,3,1,55.09,2.07,49855.36,425397.49,137020.38,0.0,27125525.0,380667.0,1.4034,6707.96
CUST-000278,Gibson-Morris,Healthcare,SMB,250-999,$50M-$250M,Partner,2022-09-04,Active,False,57465.65,36348.66,36,1,1,0,0.0,0,0,0,0.0,0.0,19294.87,179839.75,66235.81,0.0,14009002.0,169533.0,1.2102,2758.56
CUST-000279,Pollard and Sons,Energy,Mid-Market,250-999,$50M-$250M,Direct Sales,2022-12-16,Active,False,256801.97,169500.01,66,2,2,1,45027.64,2,1,0,75.9,3.54,138924.9,1273732.28,442685.02,0.0,82501580.0,1088465.0,1.3193,19477.43
CUST-000280,"Reyes, Chase and Jenkins",Telecommunications,Mid-Market,50-249,$50M-$250M,Direct Sales,2023-03-20,Active,False,419720.25,261288.16,83,5,5,3,187064.13,4,3,1,57.41,3.1,190040.78,1605022.92,529704.22,0.0,99449805.0,1352400.0,1.3599,25610.55
CUST-000281,Garner-Thornton,Transportation,SMB,250-999,$250M-$1B,Partner,2023-06-25,Active,False,48008.7,30471.12,36,1,1,0,0.0,0,0,0,0.0,0.0,20837.81,218005.36,71461.4,0.0,15259034.0,204176.0,1.3381,3025.96
CUST-000282,Hughes-Alvarado,Professional Services,SMB,250-999,$10M-$50M,Direct Sales,2024-02-26,Active,False,93995.88,59214.01,83,3,3,2,27829.69,2,1,1,30.31,3.27,49689.14,488160.42,152694.9,0.0,30880913.0,438382.0,1.4196,6975.5
CUST-000283,"Pollard, Simpson and Johnson",Transportation,Mid-Market,5000+,$10M-$50M,Partner,2021-04-14,Active,True,562042.58,347834.38,96,3,3,0,0.0,4,3,2,39.23,2.89,188749.1,1783492.12,618187.52,0.0,129344432.0,1516452.0,1.1724,26736.29
CUST-000284,"Sanford, Rivera and Garcia",Insurance,SMB,50-249,<$10M,Enterprise Agreement,2023-08-26,Active,False,70686.68,45692.7,48,3,3,1,10803.68,2,2,0,60.5,2.35,28949.27,275892.6,96641.04,0.0,15050546.0,227500.0,1.5116,4123.7
CUST-000285,Garcia-Lozano,Education,Strategic,1000-4999,$10M-$50M,Digital,2025-12-09,Active,True,6604382.7,4030813.12,80,8,8,8,7472877.67,21,20,2,51.65,2.55,1546116.31,15003351.94,5195911.74,0.0,1119490505.0,14808486.0,1.3228,221116.21
CUST-000286,Bowen Group,Insurance,SMB,5000+,$10M-$50M,Enterprise Agreement,2025-04-24,Active,True,35125.66,21987.89,31,2,2,1,17266.42,3,1,1,31.4,3.94,17195.0,181413.77,59143.6,0.0,10326673.0,126469.0,1.2247,2501.66
CUST-000287,"Booker, Jones and Harrington",Technology,Enterprise,50-249,<$10M,Marketplace,2021-12-25,Active,False,1713492.87,1080577.55,62,3,3,0,0.0,6,2,1,43.12,3.72,473831.66,4719313.53,1419759.09,0.0,262843462.0,3266648.0,1.2428,66280.55
CUST-000288,Morgan-Schwartz,Manufacturing,Enterprise,1-49,<$10M,Digital,2025-11-22,Active,False,1265164.94,808989.1,44,4,4,4,1304273.81,10,7,1,46.13,2.89,303848.48,3468866.73,802814.91,0.0,198353939.0,2176111.0,1.0971,42311.99
CUST-000289,"Miller, Murphy and Craig",Manufacturing,Mid-Market,1000-4999,$1B+,Enterprise Agreement,2022-11-18,Active,False,203010.3,135117.99,36,2,2,1,79525.96,5,2,0,64.04,3.52,71380.34,623304.92,213396.69,0.0,50160236.0,784966.0,1.5649,9804.76
CUST-000290,"James, Stewart and Higgins",Manufacturing,Mid-Market,50-249,<$10M,Digital,2023-08-17,Active,False,451072.85,286661.45,81,3,3,2,176352.94,1,1,0,26.42,3.27,162672.38,1486454.91,501769.3,0.0,105115262.0,1368640.0,1.302,22630.93
CUST-000291,Brennan-Johnson,Retail,SMB,1-49,$50M-$250M,Digital,2025-01-11,Active,False,25775.67,16380.1,34,2,2,1,7502.41,3,3,0,47.75,3.02,21788.74,187559.06,64771.3,0.0,11988543.0,150815.0,1.258,2983.89
CUST-000292,Young Ltd,Transportation,Mid-Market,1000-4999,$250M-$1B,Enterprise Agreement,2025-10-20,Active,True,302698.63,193747.45,48,4,4,4,281554.81,4,3,1,56.58,3.47,100865.09,898105.35,303135.68,0.0,62261535.0,709660.0,1.1398,13905.57
CUST-000293,Bright-Francis,Retail,SMB,1000-4999,$50M-$250M,Partner,2022-01-14,Active,False,49170.55,30862.34,39,3,3,0,0.0,2,1,0,43.99,3.45,23328.8,218582.68,62017.04,0.0,15621396.0,239981.0,1.5362,3156.86
CUST-000294,Good-Hodges,Manufacturing,SMB,250-999,$50M-$250M,Enterprise Agreement,2025-03-24,Active,False,34088.24,21953.17,38,2,2,2,20230.78,4,0,0,40.3,4.33,21976.67,210884.31,67611.99,0.0,12735338.0,166803.0,1.3098,3075.8
CUST-000295,"Brennan, Wallace and Benson",Professional Services,Mid-Market,50-249,<$10M,Direct Sales,2023-01-07,Active,True,515176.72,325669.1,125,5,5,1,79101.59,5,3,0,39.05,3.36,256377.9,2491528.85,764431.27,5341.8,152914944.0,2037196.0,1.3322,47453.49
CUST-000296,Williams Inc,Professional Services,Mid-Market,250-999,<$10M,Digital,2023-10-27,Active,False,248059.82,156217.84,46,2,2,2,117845.83,4,3,0,67.3,2.83,85189.32,941924.76,271143.55,0.0,56410676.0,745031.0,1.3207,12262.32
CUST-000297,Howard-Jordan,Education,SMB,50-249,$250M-$1B,Enterprise Agreement,2021-10-01,Active,False,26446.32,17089.69,36,1,1,0,0.0,0,0,0,0.0,0.0,20671.3,199528.08,70507.88,0.0,15493338.0,209496.0,1.3522,2964.43
CUST-000298,Schmidt PLC,Energy,SMB,50-249,$10M-$50M,Enterprise Agreement,2025-04-01,Active,False,67959.9,42804.16,54,3,3,3,43861.13,1,1,0,8.24,2.94,34238.99,299189.19,87839.47,0.0,19584880.0,250117.0,1.2771,4558.19
CUST-000299,"Sparks, Jackson and Miller",Professional Services,Enterprise,250-999,<$10M,Enterprise Agreement,2023-12-18,Active,False,919652.76,572240.6,43,3,3,1,233045.53,11,7,3,60.46,3.15,308092.02,2475624.44,870010.56,0.0,203041111.0,3091543.0,1.5226,41379.59
CUST-000300,Harvey-Allen,Media,SMB,5000+,$10M-$50M,Partner,2022-02-19,Active,False,7712.12,4915.82,13,1,1,0,0.0,1,0,0,7.08,4.67,5738.07,77158.29,20168.91,0.0,5191774.0,49777.0,0.9588,872.62
CUST-000301,"Thomas, Murray and King",Healthcare,SMB,5000+,$250M-$1B,Direct Sales,2024-10-25,Active,False,47753.48,30275.0,46,3,3,1,8613.67,1,1,0,94.84,2.42,26186.71,270348.19,73411.96,0.0,17563707.0,191415.0,1.0898,3631.6
CUST-000302,Estrada-Nolan,Retail,Enterprise,5000+,$250M-$1B,Marketplace,2023-07-18,Active,False,1538171.25,972071.0,73,4,4,1,234532.79,7,5,0,25.5,3.3,553150.16,5260435.65,1605573.15,0.0,304457615.0,4349436.0,1.4286,76360.27
CUST-000303,Santana-Byrd,Manufacturing,Mid-Market,1-49,$250M-$1B,Digital,2025-07-11,Active,False,363441.02,222627.01,56,4,4,2,143565.25,4,4,0,66.03,2.49,119873.39,1171589.34,295269.58,0.0,66043278.0,812336.0,1.23,16084.39
CUST-000304,Jones LLC,Technology,Enterprise,250-999,<$10M,Enterprise Agreement,2021-04-03,Active,False,2693280.28,1671142.99,134,7,7,5,1148432.71,9,5,0,39.82,3.7,929431.81,8914054.22,2604667.59,0.0,588037807.0,7838019.0,1.3329,127523.69
CUST-000305,"Evans, Hayden and Vaughn",Banking,Strategic,250-999,$250M-$1B,Partner,2023-08-25,Active,False,8126474.64,5049606.79,124,6,6,2,1627194.64,11,7,1,40.08,3.01,2421265.78,23632717.21,8038233.44,0.0,1492361815.0,20954535.0,1.4041,345561.51
CUST-000306,Bruce-Gonzalez,Technology,Enterprise,250-999,$250M-$1B,Marketplace,2024-08-15,Active,False,1162269.11,736812.76,43,3,3,1,336032.82,4,3,1,22.59,2.88,268374.69,3016920.45,981244.96,0.0,173529174.0,2130121.0,1.2275,40000.03
CUST-000307,Castaneda-Rodriguez,Transportation,Enterprise,5000+,$10M-$50M,Digital,2024-10-30,Active,True,2126201.45,1339720.35,124,6,6,5,976600.24,8,2,1,24.3,3.98,886360.14,8220754.55,2789604.08,29416.72,587963264.0,7822857.0,1.3305,188826.75
CUST-000308,Armstrong-Andrews,Professional Services,SMB,50-249,<$10M,Direct Sales,2021-09-18,Active,False,57407.73,34533.09,42,2,2,1,14774.69,3,2,1,47.21,2.79,25991.6,236071.22,77145.63,0.0,16105950.0,226996.0,1.4094,3582.6
CUST-000309,"Phillips, Spence and Barrett",Technology,Strategic,5000+,$250M-$1B,Partner,2024-01-21,Active,False,9184283.28,5721113.45,115,5,5,2,1968277.15,17,10,2,50.04,3.45,2385132.36,24188963.28,7803754.26,0.0,1323973665.0,16720312.0,1.2629,341077.1
CUST-000310,Smith-Grimes,Professional Services,SMB,1-49,<$10M,Marketplace,2022-01-22,Active,False,18637.88,12175.59,12,1,1,0,0.0,1,1,0,29.37,1.77,7773.59,79867.84,25719.42,0.0,4674075.0,54145.0,1.1584,1116.5
CUST-000311,"Beltran, Lozano and Mcgee",Insurance,Mid-Market,5000+,<$10M,Marketplace,2021-05-18,Active,True,451290.49,285336.83,81,5,5,2,131136.93,1,1,0,39.57,1.61,175017.06,1697885.91,504839.84,4684.25,100435769.0,1485764.0,1.4793,34500.97
CUST-000312,Parsons-Hall,Technology,Mid-Market,1000-4999,$10M-$50M,Enterprise Agreement,2021-04-01,Active,True,279930.48,166520.99,36,2,2,0,0.0,4,2,0,18.59,3.75,86982.24,735282.55,204414.24,0.0,42276017.0,517853.0,1.2249,11343.01
CUST-000313,Robinson-Lee,Healthcare,SMB,5000+,$50M-$250M,Enterprise Agreement,2022-08-16,Active,True,33987.16,21404.79,37,1,1,0,0.0,2,0,1,22.99,4.58,19520.17,197918.11,74001.28,0.0,12094600.0,131012.0,1.0832,2892.4
CUST-000314,Byrd-Le,Manufacturing,Mid-Market,50-249,$1B+,Partner,2022-05-01,Active,False,474073.99,303127.3,88,4,4,2,132563.23,8,4,1,49.82,3.72,187485.25,1676858.8,573105.83,0.0,110624591.0,1494437.0,1.3509,25958.38
CUST-000315,"Becker, Taylor and Davis",Professional Services,SMB,50-249,$250M-$1B,Enterprise Agreement,2024-04-26,Active,True,20935.69,12745.51,22,1,1,1,10689.01,0,0,0,0.0,0.0,15293.2,95777.15,30890.58,0.0,8778959.0,100478.0,1.1445,1876.91
CUST-000316,"Lucas, Parker and Alexander",Technology,Mid-Market,5000+,$50M-$250M,Marketplace,2024-10-06,Active,False,532185.7,339231.49,74,4,4,2,181125.46,7,5,2,47.92,3.23,147156.01,1448977.73,459205.32,0.0,99250424.0,1305066.0,1.3149,20734.07
CUST-000317,"Diaz, Anderson and Browning",Energy,SMB,1000-4999,$10M-$50M,Partner,2025-03-26,Active,False,44529.02,28344.83,38,2,2,2,27222.05,2,0,0,37.58,4.26,19881.79,212059.77,61436.71,0.0,13805379.0,159145.0,1.1528,2827.86
CUST-000318,Burgess-Thompson,Energy,SMB,1000-4999,$250M-$1B,Enterprise Agreement,2021-04-29,Active,False,41728.65,25903.35,42,2,2,1,9598.18,4,3,1,46.49,3.0,26370.22,230221.46,81096.42,0.0,17419892.0,224735.0,1.2901,3644.83
CUST-000319,Buchanan LLC,Telecommunications,Mid-Market,1-49,$250M-$1B,Digital,2022-02-21,Active,True,424684.11,263757.92,78,3,3,1,87085.63,8,5,2,36.4,3.11,165314.77,1523622.71,472529.46,12980.63,95102007.0,1271312.0,1.3368,51208.22
CUST-000320,"Shaw, Nelson and Martin",Transportation,SMB,5000+,$1B+,Direct Sales,2023-02-12,Active,True,39881.49,25451.52,24,1,1,0,0.0,1,1,0,31.98,1.78,14758.66,128367.48,38875.96,0.0,8669066.0,86695.0,1.0001,1973.72
CUST-000321,Coffey-Phillips,Professional Services,Enterprise,5000+,$10M-$50M,Marketplace,2024-04-18,Active,False,1224924.78,762491.63,55,3,3,3,734686.88,4,3,1,66.03,3.07,379542.9,3932213.2,1243817.48,0.0,244868813.0,3135685.0,1.2806,54461.89
CUST-000322,Brock-Mcdonald,Healthcare,SMB,50-249,<$10M,Marketplace,2021-02-01,Active,False,72785.52,45845.51,83,3,3,1,14174.53,2,1,0,20.8,3.6,51339.81,479217.38,160807.52,0.0,31295516.0,398650.0,1.2738,7187.11
CUST-000323,Taylor and Sons,Healthcare,Enterprise,5000+,$50M-$250M,Digital,2023-03-24,Active,False,1263743.01,780038.88,57,4,4,2,461730.57,7,2,1,34.01,4.0,393445.04,4018360.52,1249498.33,0.0,237576164.0,3101777.0,1.3056,55941.97
CUST-000324,"Ramsey, Whitney and Coffey",Manufacturing,SMB,250-999,$1B+,Marketplace,2022-09-24,Active,False,49112.98,29578.97,37,1,1,0,0.0,2,1,1,80.06,3.4,22719.96,192052.85,70709.86,0.0,12883472.0,167034.0,1.2965,3135.93
CUST-000325,"Diaz, Gibbs and Smith",Healthcare,Mid-Market,250-999,$50M-$250M,Marketplace,2022-10-18,Active,False,215035.66,132873.98,37,2,2,0,0.0,1,0,0,3.98,4.39,68564.13,714411.52,234643.68,0.0,48064044.0,570486.0,1.1869,9946.09
CUST-000326,"Martinez, Richardson and Curry",Manufacturing,SMB,5000+,$1B+,Enterprise Agreement,2021-02-03,Active,False,89512.2,55322.2,90,3,3,2,17621.03,1,1,0,113.68,2.14,52593.91,487960.15,162426.5,0.0,31657353.0,432362.0,1.3658,7333.83
CUST-000327,Richards-Carson,Healthcare,Mid-Market,1000-4999,$1B+,Partner,2022-11-07,Active,True,418437.39,264772.96,66,3,3,2,173717.12,8,6,2,47.26,3.26,140411.32,1223434.09,449488.39,0.0,84017248.0,1199618.0,1.4278,19578.72
CUST-000328,Rodriguez-Hall,Manufacturing,Mid-Market,1000-4999,$250M-$1B,Marketplace,2022-11-23,Active,False,517974.43,332700.76,75,4,4,2,159276.0,1,1,0,116.61,3.25,160435.01,1404118.24,494338.38,0.0,93008300.0,1172962.0,1.2611,22190.91
CUST-000329,Harvey PLC,Energy,SMB,1000-4999,$10M-$50M,Enterprise Agreement,2025-01-15,Active,False,12376.15,7691.34,18,1,1,1,7942.56,2,2,0,72.34,2.89,11998.99,116823.69,33321.57,0.0,6867707.0,98238.0,1.4304,1646.96
CUST-000330,Herman-Walker,Insurance,Strategic,1-49,<$10M,Marketplace,2025-09-15,Active,True,11930501.46,7591886.67,113,9,9,8,9554819.7,24,17,4,56.57,3.27,2316728.27,21259871.05,7139572.58,87036.24,1432191257.0,18694886.0,1.3053,513900.59
CUST-000331,Reid Group,Retail,SMB,1-49,$10M-$50M,Enterprise Agreement,2024-12-19,Active,False,82092.36,52424.09,57,3,3,2,38445.28,2,1,0,27.04,3.02,29032.19,342090.01,109445.8,0.0,21210483.0,278208.0,1.3117,4391.59
CUST-000332,"Turner, Ortiz and Taylor",Media,Mid-Market,1000-4999,$250M-$1B,Direct Sales,2024-09-27,Active,False,152920.74,99322.68,26,2,2,0,0.0,3,1,1,7.92,3.99,46466.67,487402.76,166278.85,0.0,34687527.0,329588.0,0.9502,6819.54
CUST-000333,Torres Group,Energy,SMB,250-999,$1B+,Digital,2021-02-04,Active,False,59741.26,37313.29,49,3,3,0,0.0,2,2,1,28.66,2.35,27334.18,286274.36,85759.5,0.0,16307879.0,223391.0,1.3698,3889.97
CUST-000334,Davis PLC,Insurance,SMB,1-49,$1B+,Partner,2022-01-03,Active,False,49459.97,31147.99,36,1,1,0,0.0,2,2,0,27.52,3.1,22535.5,181298.44,75207.43,0.0,12798415.0,170436.0,1.3317,3142.93
CUST-000335,Price LLC,Telecommunications,SMB,250-999,$250M-$1B,Direct Sales,2025-07-28,Active,False,17884.09,11284.68,15,1,1,1,13647.49,1,1,0,12.12,3.43,8974.07,76995.39,27222.34,0.0,5320546.0,60620.0,1.1394,1233.75
CUST-000336,"Avery, Horton and Fernandez",Professional Services,SMB,50-249,$50M-$250M,Direct Sales,2022-05-14,Active,False,67033.64,43084.86,65,3,3,2,23315.59,0,0,0,0.0,0.0,38582.65,364877.8,117578.43,0.0,23594186.0,301791.0,1.2791,5378.17
CUST-000337,"Newton, Moore and Perry",Technology,Mid-Market,1000-4999,$250M-$1B,Enterprise Agreement,2021-07-11,Active,False,404181.6,252874.39,79,4,4,3,202229.95,4,2,1,39.29,3.87,177371.55,1436642.79,489581.66,0.0,103620174.0,1264858.0,1.2207,23732.52
CUST-000338,Bass PLC,Insurance,Mid-Market,1000-4999,$250M-$1B,Digital,2021-12-17,Active,True,386815.63,250646.28,104,5,5,4,162325.27,6,6,1,97.67,2.84,225696.69,2168103.25,622297.28,9928.74,132982584.0,1709743.0,1.2857,52714.76
CUST-000339,Crosby-Ramirez,Healthcare,Mid-Market,50-249,$1B+,Marketplace,2021-03-29,Active,False,332406.58,211692.43,71,4,4,2,127245.84,6,5,2,52.14,3.44,151040.66,1513585.73,419977.46,0.0,86487394.0,1205827.0,1.3942,20820.52
CUST-000340,"Wood, Ramos and Sampson",Energy,SMB,5000+,<$10M,Partner,2022-07-29,Active,False,34208.52,22200.31,28,2,2,1,11561.95,2,1,0,15.57,3.75,16131.14,159563.32,54151.5,0.0,10277316.0,141526.0,1.3771,2312.45
CUST-000341,Garcia-Jennings,Media,Enterprise,50-249,$250M-$1B,Direct Sales,2022-03-01,Active,True,1351341.38,853444.46,65,4,4,2,519735.99,9,5,1,22.94,3.54,489725.15,4915500.68,1528327.4,29139.65,285912543.0,3609494.0,1.2624,133297.01
CUST-000342,"Winters, Newman and Brown",Technology,SMB,5000+,$50M-$250M,Marketplace,2025-09-06,Active,False,30675.51,18796.44,26,2,2,2,27266.8,2,2,0,106.57,3.18,14108.97,145067.64,42772.66,0.0,9734046.0,131432.0,1.3502,1987.72
CUST-000343,Lopez-Martinez,Professional Services,Enterprise,1-49,$1B+,Digital,2024-11-12,Active,False,3347759.42,2133548.13,117,6,6,6,1996403.76,5,3,0,21.12,3.44,866776.93,8382366.83,2389774.67,0.0,583232944.0,7127050.0,1.222,118672.4
CUST-000344,Davis-Lewis,Telecommunications,SMB,5000+,$1B+,Enterprise Agreement,2021-06-05,Active,False,45582.82,28741.18,27,1,1,1,19077.21,2,2,1,18.44,2.94,16922.54,167586.74,54278.51,0.0,10472154.0,122066.0,1.1656,2401.14
CUST-000345,"Harper, Smith and Buchanan",Education,SMB,1000-4999,$10M-$50M,Digital,2022-07-14,Active,True,114191.26,70844.67,84,3,3,1,22358.19,1,1,0,9.67,1.5,49911.39,454795.92,181530.33,3707.04,32351193.0,440349.0,1.3612,15372.49
CUST-000346,Zhang PLC,Media,Mid-Market,1000-4999,<$10M,Enterprise Agreement,2024-10-24,Active,False,364314.39,232081.02,79,5,5,4,213390.31,5,4,1,56.9,3.12,154472.88,1566116.59,547803.03,0.0,106060577.0,1530697.0,1.4432,22513.05
CUST-000347,Jones PLC,Manufacturing,SMB,50-249,$250M-$1B,Partner,2021-06-18,Active,False,58499.7,37024.04,36,1,1,0,0.0,3,2,0,57.22,3.65,21412.15,201569.0,68760.6,0.0,12137538.0,166131.0,1.3687,3017.7
CUST-000348,Willis and Sons,Banking,Enterprise,250-999,$250M-$1B,Digital,2021-07-07,Active,True,1750150.3,1089355.87,98,5,5,1,289990.36,5,2,1,49.55,3.57,642285.84,6690327.06,2033253.78,14011.14,461746600.0,5955908.0,1.2899,122343.62
CUST-000349,Schroeder-Kramer,Technology,Enterprise,1000-4999,$1B+,Enterprise Agreement,2022-01-19,Active,True,861820.48,526553.64,49,3,3,1,198028.21,6,4,0,55.29,3.41,350290.22,3326993.68,1154976.37,0.0,234104794.0,3350536.0,1.4312,49729.96
CUST-000350,"Smith, Garrison and Thomas",Energy,Mid-Market,1-49,$1B+,Enterprise Agreement,2022-12-26,Active,True,295226.96,186550.57,43,2,2,1,93059.47,2,1,0,20.04,3.66,94662.54,883180.54,266906.38,0.0,51862881.0,718515.0,1.3854,12955.18
CUST-000351,Fernandez and Sons,Technology,Enterprise,1-49,$1B+,Partner,2023-04-28,Active,True,1306233.29,826182.38,59,4,4,2,577630.42,12,9,2,40.68,3.19,437714.74,3865959.52,1427698.55,28437.49,242355456.0,3389701.0,1.3986,123965.45
CUST-000352,Guerrero Inc,Retail,Mid-Market,250-999,$50M-$250M,Digital,2021-12-14,Active,False,581086.08,370506.07,92,5,5,5,355335.71,4,2,0,34.21,3.13,196500.83,1641692.23,645000.27,0.0,108559395.0,1309014.0,1.2058,27418.23
CUST-000353,Smith and Sons,Technology,Mid-Market,250-999,$250M-$1B,Direct Sales,2022-07-20,Active,True,320312.37,204426.61,58,3,3,1,54994.98,4,3,1,49.63,3.47,118277.54,1181463.99,392951.75,0.0,73977064.0,1024604.0,1.385,16937.41
CUST-000354,"Morris, Thompson and Williams",Media,SMB,5000+,$10M-$50M,Marketplace,2023-10-13,Active,False,33398.99,21047.59,25,2,2,2,28586.63,3,2,0,68.5,3.11,15709.95,159629.29,46900.51,0.0,8118957.0,124551.0,1.5341,2202.27
CUST-000355,"Fisher, Wilson and Brown",Telecommunications,SMB,5000+,$250M-$1B,Digital,2023-03-22,Active,True,60520.84,38585.69,44,3,3,2,29164.03,1,0,0,18.0,4.65,25180.56,270082.03,73537.33,2984.53,19163522.0,258916.0,1.3511,10107.65
CUST-000356,Strickland-Palmer,Transportation,Mid-Market,5000+,$10M-$50M,Digital,2025-10-27,Active,False,256557.07,160847.65,47,4,4,4,244382.55,6,2,0,34.83,4.11,101531.64,1021970.71,309245.17,0.0,52596019.0,675031.0,1.2834,14274.19
CUST-000357,Hayes and Sons,Technology,SMB,250-999,$50M-$250M,Marketplace,2021-12-30,Active,False,35604.24,21154.21,37,2,2,0,0.0,1,1,0,132.31,2.7,21001.8,173583.44,71349.86,0.0,14483245.0,181251.0,1.2515,2950.85
CUST-000358,"Williams, Logan and Camacho",Technology,Strategic,250-999,<$10M,Enterprise Agreement,2022-07-29,Active,True,8851187.24,5702254.94,87,5,5,3,3593670.58,19,17,5,53.27,2.89,1825023.24,17385354.41,5575630.92,0.0,1033334638.0,13373213.0,1.2942,254779.56
CUST-000359,"Turner, Schneider and Johnson",Energy,SMB,1-49,$250M-$1B,Partner,2025-04-22,Active,False,36467.51,23679.87,31,2,2,1,15344.48,1,1,1,10.8,2.66,20768.21,170716.65,57945.52,0.0,9902200.0,125748.0,1.2699,2789.92
CUST-000360,Boone-Simmons,Technology,Mid-Market,1000-4999,$10M-$50M,Digital,2021-05-22,Active,False,616773.54,390684.07,85,3,3,1,95353.29,4,3,1,54.62,2.95,157110.27,1727681.24,507098.63,0.0,109281305.0,1464757.0,1.3404,22666.35
CUST-000361,Henry Group,Technology,SMB,1-49,$250M-$1B,Enterprise Agreement,2023-05-17,Active,False,15652.27,9822.54,13,1,1,0,0.0,1,1,0,73.28,3.0,8900.33,65401.34,21339.38,0.0,4406794.0,64631.0,1.4666,1145.27
CUST-000362,Lam LLC,Professional Services,Mid-Market,1000-4999,$1B+,Direct Sales,2025-11-17,Active,False,132968.63,88383.31,22,2,2,2,137342.52,8,7,1,66.06,3.1,48767.25,519310.03,140995.33,0.0,26184256.0,402143.0,1.5358,6837.74
CUST-000363,"Hernandez, Martinez and Weber",Energy,Enterprise,5000+,<$10M,Direct Sales,2025-07-22,Active,False,2201977.01,1354311.83,89,7,7,6,1635218.58,9,4,2,40.55,4.1,613305.43,6198342.47,1905953.39,0.0,372595020.0,4657338.0,1.25,86653.77
CUST-000364,"Kelley, Nguyen and Vang",Transportation,Enterprise,5000+,<$10M,Enterprise Agreement,2021-12-07,Active,False,3678690.13,2309083.2,165,7,7,3,691836.97,13,10,0,51.48,3.28,1233235.42,11512537.13,3553396.83,0.0,717852828.0,9384732.0,1.3073,169550.5
CUST-000365,"Phillips, Wagner and Jordan",Telecommunications,Strategic,1000-4999,<$10M,Direct Sales,2025-03-22,Active,True,13497538.78,8683075.14,142,9,9,5,5180246.69,11,5,1,31.08,3.52,3032338.67,26738166.32,8746598.95,124213.34,1737158885.0,20471031.0,1.1784,687122.45
CUST-000366,"Wilson, Pena and Rich",Energy,SMB,5000+,$1B+,Partner,2023-11-29,Active,False,54570.22,33275.28,38,2,2,0,0.0,0,0,0,0.0,0.0,21972.62,220052.47,71312.89,0.0,16021705.0,198191.0,1.237,3130.61
CUST-000367,"Le, Lewis and Hayes",Media,Mid-Market,5000+,$10M-$50M,Digital,2024-10-23,Active,False,515384.91,331689.19,101,5,5,4,237382.1,1,1,0,37.31,2.53,200530.28,1953525.86,652274.51,0.0,143043110.0,1739486.0,1.2161,28477.47
CUST-000368,Gutierrez Group,Insurance,Strategic,1-49,$10M-$50M,Digital,2023-05-02,Active,True,13103959.84,8319672.57,144,8,8,2,1671475.55,28,22,5,57.97,3.01,3080312.54,27530870.08,8644743.74,127241.62,1921143028.0,27176205.0,1.4146,698668.81
CUST-000369,Perry-Davis,Education,SMB,250-999,$250M-$1B,Direct Sales,2023-12-04,Active,False,72690.05,47055.89,59,2,2,2,28463.5,2,1,0,8.77,4.17,36018.58,327408.52,117381.64,0.0,20084064.0,239435.0,1.1922,5070.45
CUST-000370,Edwards-Scott,Banking,Mid-Market,1-49,<$10M,Digital,2022-09-07,Active,False,216080.81,132854.07,39,2,2,2,122800.48,3,2,0,53.27,3.16,84481.63,778559.42,206173.98,0.0,43063195.0,534373.0,1.2409,11222.12
CUST-000371,Mcdaniel Group,Healthcare,Mid-Market,5000+,$10M-$50M,Enterprise Agreement,2025-02-25,Active,False,160015.55,103104.76,33,2,2,1,72737.24,3,2,0,61.3,2.91,62573.38,717404.65,188314.71,0.0,41103118.0,517783.0,1.2597,8949.57
CUST-000372,Davis Inc,Healthcare,SMB,1000-4999,$10M-$50M,Partner,2023-08-05,Active,False,18280.33,11778.34,13,1,1,0,0.0,0,0,0,0.0,0.0,7530.3,74312.65,25268.92,0.0,4918438.0,71148.0,1.4466,1079.12
CUST-000373,Reynolds Ltd,Media,Mid-Market,50-249,$250M-$1B,Enterprise Agreement,2025-02-19,Active,False,313612.03,197894.74,45,3,3,2,162380.05,4,2,0,23.87,3.58,91547.66,812409.54,310348.72,0.0,53192776.0,740628.0,1.3923,12967.43
CUST-000374,"Watson, Anderson and Brown",Manufacturing,Mid-Market,1-49,$1B+,Direct Sales,2022-02-26,Active,False,496178.51,308891.13,113,5,5,2,97511.98,4,3,0,78.53,3.25,243965.73,2150477.26,741610.81,0.0,138480503.0,1747291.0,1.2618,33673.85
CUST-000375,"Hoffman, Santiago and Jenkins",Healthcare,Enterprise,1000-4999,<$10M,Digital,2022-10-30,Active,True,1721301.74,1078784.34,96,6,6,4,810485.9,8,7,0,59.66,2.34,677879.25,5897101.98,2158300.4,14813.34,430609662.0,5346180.0,1.2415,126975.66
CUST-000376,"Pugh, Henderson and Moon",Telecommunications,Mid-Market,5000+,$250M-$1B,Enterprise Agreement,2024-08-01,Active,False,308037.18,189718.88,63,4,4,3,142582.51,5,5,2,48.79,2.56,132949.02,1242681.79,482752.14,0.0,88095686.0,1305969.0,1.4824,19278.28
CUST-000377,Schmitt PLC,Education,SMB,5000+,$10M-$50M,Digital,2025-09-28,Active,False,11397.02,7935.83,13,1,1,0,0.0,0,0,0,0.0,0.0,8893.03,88131.76,23541.83,0.0,4950407.0,81046.0,1.6372,1211.98
CUST-000378,Bell-Lane,Telecommunications,Enterprise,1-49,$10M-$50M,Digital,2021-10-02,Active,True,2433176.36,1486537.4,103,5,5,1,338632.14,7,4,3,51.01,3.54,747637.21,7397580.37,2170633.92,0.0,433636763.0,5343184.0,1.2322,103788.79
CUST-000379,Moore Group,Technology,SMB,1000-4999,$1B+,Partner,2023-11-13,Active,False,89543.51,58068.86,57,3,3,1,19647.99,0,0,0,0.0,0.0,33260.9,302461.11,107142.46,0.0,20640956.0,275170.0,1.3331,4669.91
CUST-000380,Boone LLC,Energy,Mid-Market,50-249,$1B+,Partner,2024-07-25,Active,True,375497.7,230649.28,66,4,4,2,131157.36,3,3,2,30.97,2.04,152613.44,1307520.3,399236.54,5188.32,80094595.0,1062173.0,1.3261,31756.97
CUST-000381,"Richardson, Farmer and Andrews",Education,Mid-Market,5000+,<$10M,Digital,2025-09-21,Active,True,255960.01,164184.57,39,3,3,2,146397.92,1,1,1,28.35,1.55,87347.92,833445.55,245048.29,0.0,52007557.0,690494.0,1.3277,11978.61
CUST-000382,Bruce-Villegas,Technology,Strategic,5000+,$1B+,Marketplace,2025-07-28,Active,True,7077671.71,4430660.4,69,5,5,2,2070625.73,17,14,4,38.45,2.83,1367366.58,13160747.43,4073956.71,100139.95,993541038.0,13094361.0,1.3179,410431.98
CUST-000383,"Austin, Day and Johnson",Education,SMB,1000-4999,$10M-$50M,Direct Sales,2025-09-17,Active,False,20377.79,12784.76,13,1,1,1,17855.68,2,1,1,38.42,3.1,8593.67,71498.84,27296.1,0.0,5020652.0,71960.0,1.4333,1189.44
CUST-000384,"Gallegos, Adams and White",Healthcare,Mid-Market,5000+,$50M-$250M,Partner,2022-07-17,Active,False,279339.52,176281.25,46,2,2,1,86363.8,2,2,0,42.05,1.95,96347.11,858554.73,299016.8,0.0,66335395.0,924413.0,1.3935,13378.54
CUST-000385,"Farmer, Dorsey and Bell",Education,Enterprise,5000+,$1B+,Direct Sales,2025-04-18,Active,False,1322057.1,819282.33,62,4,4,2,477808.3,13,10,0,63.62,3.29,464719.18,4285381.3,1339933.53,0.0,258482749.0,3419913.0,1.3231,63794.71
CUST-000386,Kane PLC,Telecommunications,Mid-Market,5000+,<$10M,Marketplace,2025-08-14,Active,False,154586.44,95030.92,28,2,2,2,125520.93,3,2,1,68.2,3.56,46935.45,599508.82,179441.26,0.0,42380086.0,602441.0,1.4215,7217.7
CUST-000387,"Morales, Thomas and Schultz",Transportation,Mid-Market,50-249,$50M-$250M,Direct Sales,2025-08-27,Active,True,341652.48,219164.92,67,5,5,2,96029.43,5,3,1,36.79,3.68,145057.08,1231033.78,450500.29,0.0,88325447.0,1176672.0,1.3322,20022.1
CUST-000388,Davis PLC,Education,Mid-Market,1-49,$10M-$50M,Partner,2021-06-28,Active,False,388412.91,252397.36,73,5,5,1,46356.36,5,3,1,53.42,3.72,152748.04,1420851.25,478983.26,0.0,86038757.0,1141539.0,1.3268,21378.98
CUST-000389,Bennett Group,Professional Services,Enterprise,5000+,$250M-$1B,Partner,2025-10-30,Active,False,1174013.25,734605.07,60,5,5,5,1136921.44,4,2,0,48.33,3.07,483213.12,3311586.01,1413499.72,0.0,250489043.0,3347778.0,1.3365,64247.26
CUST-000390,Moore-Collins,Banking,Mid-Market,5000+,$50M-$250M,Enterprise Agreement,2025-07-08,Active,False,182856.99,116709.05,43,3,3,2,110695.04,6,4,1,47.86,3.44,89654.06,892419.47,277204.49,0.0,45067960.0,632198.0,1.4028,12625.62
CUST-000391,Frank-Bradley,Manufacturing,SMB,250-999,$1B+,Digital,2024-12-12,Active,False,52757.44,32708.46,46,3,3,1,15243.35,0,0,0,0.0,0.0,26609.65,243147.1,85613.61,0.0,14626451.0,194796.0,1.3318,3737.3
CUST-000392,Ware and Sons,Insurance,Strategic,50-249,$250M-$1B,Direct Sales,2024-10-23,Active,False,13397155.73,8376002.72,156,8,8,7,6973987.19,12,7,1,64.43,3.41,3226427.86,31647689.36,9110206.97,0.0,1928860822.0,24541503.0,1.2723,444776.01
CUST-000393,Webster Inc,Retail,Strategic,50-249,$10M-$50M,Digital,2025-11-09,Active,True,5517106.42,3303284.05,65,6,6,6,5793608.01,19,10,1,42.7,3.74,1177865.07,12517690.04,4018702.19,32950.47,839413099.0,11438476.0,1.3627,243721.17
CUST-000394,"Miller, Ramos and Coleman",Media,Enterprise,250-999,$250M-$1B,Marketplace,2021-10-19,Active,True,2508233.09,1569423.14,113,5,5,2,523953.38,4,4,0,49.34,2.8,822419.05,7400386.85,2468206.58,70386.76,453450424.0,5268116.0,1.1618,268351.44
CUST-000395,"Ramos, Nelson and Fischer",Insurance,Mid-Market,1000-4999,$1B+,Digital,2025-04-24,Active,False,117495.27,74239.57,28,2,2,1,41492.37,4,3,0,52.27,2.9,64381.06,556869.4,177556.94,0.0,35226989.0,480578.0,1.3642,8683.43
CUST-000396,Reed Inc,Telecommunications,Mid-Market,5000+,<$10M,Direct Sales,2023-09-27,Active,False,246250.6,153112.43,47,3,3,2,125895.09,4,2,2,26.51,3.6,92910.21,1035700.33,308500.6,0.0,63300797.0,842282.0,1.3306,13518.68
CUST-000397,Gregory-Watkins,Telecommunications,Enterprise,1-49,$1B+,Marketplace,2024-11-29,Active,False,2990434.39,1848233.38,125,7,7,4,1034947.85,13,7,0,51.4,3.51,922978.93,8450244.19,2619022.14,0.0,545443101.0,7152089.0,1.3112,126158.76
CUST-000398,"Estrada, Williams and Foster",Manufacturing,SMB,250-999,$50M-$250M,Digital,2023-10-11,Active,False,39302.77,25064.36,38,3,3,0,0.0,1,0,0,58.19,4.56,23714.28,210385.88,74336.28,0.0,13083931.0,175168.0,1.3388,3298.61
CUST-000399,"Brown, Harris and Dougherty",Telecommunications,Mid-Market,1-49,<$10M,Direct Sales,2023-09-21,Active,False,312868.99,197041.03,60,3,3,0,0.0,4,2,0,45.82,3.38,107529.09,1080383.18,347862.06,0.0,75368902.0,1098356.0,1.4573,15316.98
CUST-000400,Duran LLC,Retail,Mid-Market,1000-4999,$250M-$1B,Direct Sales,2025-10-23,Active,True,201192.17,127639.63,36,3,3,3,186772.04,9,5,2,56.21,3.56,68940.36,731263.29,219204.36,3946.36,38556154.0,533498.0,1.3837,18541.25
CUST-000401,Wilson-Jimenez,Retail,Strategic,250-999,$10M-$50M,Digital,2024-11-11,Active,True,9045330.03,5718154.32,105,5,5,4,4074977.72,20,12,1,53.25,3.33,2173538.28,19962820.51,6243406.43,86101.0,1343117090.0,17973109.0,1.3382,487400.55
CUST-000402,Thompson-James,Transportation,SMB,50-249,<$10M,Marketplace,2023-02-01,Active,False,70979.23,45706.04,60,3,3,2,25270.5,0,0,0,0.0,0.0,35974.56,316289.73,92630.15,0.0,23146753.0,306096.0,1.3224,4796.47
CUST-000403,"Hall, Hansen and Barnett",Professional Services,Mid-Market,1-49,<$10M,Partner,2021-07-06,Active,False,507680.92,322671.04,132,5,5,4,175730.67,4,4,2,28.34,2.03,267524.39,2629333.47,894361.93,0.0,183514527.0,2157862.0,1.1759,38279.22
CUST-000404,Jones-Hensley,Transportation,Mid-Market,1000-4999,<$10M,Direct Sales,2023-11-30,Active,False,258699.15,160591.04,50,4,4,1,58352.58,3,1,0,38.75,3.46,94389.12,1027880.07,304150.22,0.0,57088108.0,685622.0,1.201,13592.46
CUST-000405,Graham Group,Professional Services,Mid-Market,50-249,$250M-$1B,Direct Sales,2023-05-15,Active,False,306700.02,196092.99,58,2,2,2,124021.75,6,4,2,34.05,3.35,110096.85,1187186.87,411389.71,0.0,72251123.0,782131.0,1.0825,16397.01
CUST-000406,Atkins PLC,Insurance,SMB,250-999,$50M-$250M,Digital,2021-07-29,Active,False,41214.52,26411.91,48,2,2,0,0.0,3,1,1,33.63,3.78,28236.86,272129.1,79732.2,0.0,17328080.0,230286.0,1.329,3882.69
CUST-000407,Berry-Mckinney,Retail,SMB,1-49,$1B+,Enterprise Agreement,2024-10-18,Active,False,32794.85,20793.93,24,1,1,1,15732.1,1,1,0,140.06,2.81,14709.49,135496.6,40784.96,0.0,9141895.0,116459.0,1.2739,2002.63
CUST-000408,Roberts-Sullivan,Professional Services,SMB,50-249,$10M-$50M,Marketplace,2022-12-21,Active,False,31714.72,19833.85,24,2,2,0,0.0,1,1,0,40.1,1.81,12990.67,148304.98,39174.52,0.0,8203615.0,91161.0,1.1112,1857.59
CUST-000409,Jackson-Meza,Insurance,Mid-Market,50-249,<$10M,Enterprise Agreement,2021-06-27,Active,False,419118.45,263534.79,84,3,3,1,49657.7,4,3,0,57.43,2.69,172042.92,1743730.37,565033.85,0.0,108896662.0,1370173.0,1.2582,24621.8
CUST-000410,Collier-Gillespie,Retail,Enterprise,50-249,$50M-$250M,Direct Sales,2022-10-07,Active,False,3727993.35,2356492.19,139,7,7,5,1522981.75,9,8,2,43.35,2.48,968639.42,9063784.52,3105030.44,0.0,560954261.0,7510993.0,1.339,136355.38
CUST-000411,Kim Inc,Manufacturing,SMB,1-49,$50M-$250M,Partner,2024-05-29,Active,False,39910.53,25029.11,25,1,1,0,0.0,1,1,0,137.07,2.07,14837.5,154461.61,47521.05,0.0,9482389.0,91154.0,0.9613,2119.53
CUST-000412,Graham Group,Manufacturing,Mid-Market,1-49,$10M-$50M,Marketplace,2023-03-14,Active,True,172219.99,112248.61,43,2,2,2,123468.63,5,4,2,19.17,3.31,89349.93,847711.14,241910.64,0.0,55113030.0,670817.0,1.2172,12156.2
CUST-000413,"Miller, Harrell and Reese",Insurance,SMB,5000+,<$10M,Digital,2024-05-01,Active,False,74333.17,46786.31,49,3,3,1,20465.35,3,1,0,21.96,3.91,28553.76,256773.32,90799.82,0.0,16504915.0,202391.0,1.2262,3991.61
CUST-000414,Cook and Sons,Media,Strategic,1000-4999,$50M-$250M,Enterprise Agreement,2025-09-15,Active,True,7014627.65,4546478.57,91,7,7,6,5063802.64,16,13,3,45.01,2.77,1921470.12,17532792.74,5901441.09,0.0,1106366366.0,14340494.0,1.2962,267012.2
CUST-000415,Dixon Inc,Insurance,Mid-Market,1-49,$1B+,Direct Sales,2025-04-27,Active,False,341914.2,214415.61,62,4,4,2,127196.05,5,5,2,52.2,2.84,134860.8,1112013.67,411069.27,0.0,80385312.0,1126930.0,1.4019,18472.37
CUST-000416,"Hicks, Bullock and Bailey",Technology,SMB,5000+,$50M-$250M,Enterprise Agreement,2021-05-04,Active,True,32152.0,20428.34,25,1,1,0,0.0,1,1,0,11.0,2.79,16585.02,149687.4,50151.65,0.0,10454717.0,144172.0,1.379,2293.48
CUST-000417,"Mullen, Brewer and Hernandez",Transportation,Enterprise,5000+,$1B+,Enterprise Agreement,2021-06-18,Active,False,2444826.04,1553844.67,108,6,6,3,822558.39,8,7,3,33.8,2.62,802409.1,7432631.65,2468580.94,0.0,479980886.0,6378589.0,1.3289,111767.39
CUST-000418,Thomas and Sons,Healthcare,SMB,50-249,$1B+,Digital,2023-11-14,Active,False,62298.66,39917.96,62,3,3,2,22882.18,3,3,0,63.62,2.24,37795.84,356712.44,103415.28,0.0,21653933.0,257285.0,1.1882,5149.2
CUST-000419,Morrison Ltd,Transportation,SMB,1-49,$50M-$250M,Marketplace,2024-08-23,Active,False,25562.54,16476.4,26,2,2,0,0.0,2,2,0,75.7,2.48,16296.14,165065.16,46696.47,0.0,9108925.0,136892.0,1.5028,2263.73
CUST-000420,Thompson Ltd,Technology,Mid-Market,1-49,$250M-$1B,Enterprise Agreement,2021-06-26,Active,True,566260.53,351873.36,98,5,5,2,108343.91,3,1,0,27.87,3.82,204312.13,1936414.34,635585.58,10552.05,128273257.0,1735349.0,1.3529,51831.29
CUST-000421,Marshall-Elliott,Professional Services,Mid-Market,50-249,<$10M,Direct Sales,2024-09-09,Active,False,435001.61,281971.13,62,3,3,1,80039.15,4,3,0,44.11,3.43,120953.33,1077662.15,384184.5,0.0,73003812.0,876232.0,1.2003,16883.16
CUST-000422,"Cole, Glass and Cunningham",Energy,Mid-Market,5000+,$50M-$250M,Partner,2022-12-12,Active,True,630870.05,389922.78,68,3,3,3,330481.47,2,2,0,12.16,3.13,141045.25,1301135.48,447456.64,14573.9,85547672.0,1280545.0,1.4969,51833.25
CUST-000423,"Downs, Morris and Maddox",Banking,SMB,250-999,$250M-$1B,Digital,2021-08-30,Active,False,8713.64,5289.35,14,1,1,1,7016.21,5,3,1,69.15,3.4,8656.73,88499.61,25570.51,0.0,4451692.0,77315.0,1.7368,1211.77
CUST-000424,Hernandez-Jones,Transportation,Mid-Market,1-49,$250M-$1B,Marketplace,2024-03-26,Active,False,309073.45,191999.87,46,3,3,2,152383.12,5,3,2,47.71,3.55,98786.28,874500.17,264995.06,0.0,56653121.0,730975.0,1.2903,13289.78
CUST-000425,Welch-Hogan,Retail,Mid-Market,250-999,$10M-$50M,Digital,2024-03-06,Active,False,425852.11,270136.64,74,4,4,2,120627.12,4,3,0,49.7,3.08,142711.2,1467635.03,531811.73,0.0,100505034.0,1420230.0,1.4131,21097.23
CUST-000426,"Brown, Romero and Collins",Healthcare,Enterprise,5000+,<$10M,Direct Sales,2021-08-25,Active,False,2121190.66,1342557.07,119,7,7,3,662759.77,3,2,1,66.24,3.31,869742.29,7681365.76,2726867.25,0.0,519225098.0,6271748.0,1.2079,120908.2
CUST-000427,Johnson-Wood,Telecommunications,Enterprise,1000-4999,$10M-$50M,Partner,2023-08-25,Active,True,2666651.41,1651643.65,125,7,7,3,820261.94,11,9,2,56.43,3.17,899310.38,8940860.31,2607998.65,33050.76,592341414.0,7635740.0,1.2891,197611.19
CUST-000428,Jones-Lin,Professional Services,Strategic,1000-4999,$10M-$50M,Digital,2025-01-02,Active,True,6464060.5,3999324.94,75,5,5,4,4443588.53,10,8,1,64.7,3.28,1657051.0,14733845.18,4917080.07,0.0,895689795.0,12492249.0,1.3947,227773.28
CUST-000429,Gilbert PLC,Media,SMB,250-999,<$10M,Enterprise Agreement,2021-06-09,Active,False,16445.17,10180.63,13,1,1,0,0.0,1,0,0,5.27,4.83,7736.48,86569.6,28235.74,0.0,4054379.0,59115.0,1.4581,1151.78
CUST-000430,Ford-Spencer,Energy,Mid-Market,1-49,$250M-$1B,Direct Sales,2025-07-06,Active,True,102308.92,66434.97,24,2,2,1,51000.06,4,4,2,67.53,2.82,51874.23,457095.3,125620.59,0.0,31304980.0,371049.0,1.1853,6839.21
CUST-000431,"Huang, Cole and Pacheco",Telecommunications,Enterprise,1-49,$1B+,Marketplace,2022-09-29,Active,False,1458385.56,932784.9,82,5,5,1,216188.52,6,5,2,53.16,2.93,614552.48,5464711.05,1734491.46,0.0,325694397.0,4288872.0,1.3168,83583.85
CUST-000432,"Lopez, Jacobs and Mason",Manufacturing,SMB,5000+,$10M-$50M,Marketplace,2025-05-26,Active,False,17265.55,10892.88,17,1,1,1,11513.9,1,0,0,19.33,4.65,11816.63,93148.02,30011.34,0.0,6380101.0,85575.0,1.3413,1549.87
CUST-000433,Hayes LLC,Healthcare,SMB,5000+,$10M-$50M,Partner,2025-05-09,Active,False,53638.99,34942.9,51,3,3,3,35568.36,0,0,0,0.0,0.0,28364.13,289596.81,98017.62,0.0,18513579.0,211197.0,1.1408,4112.01
CUST-000434,"Miller, Lucas and Williams",Telecommunications,SMB,1-49,$50M-$250M,Direct Sales,2024-01-15,Active,True,21617.0,13549.25,12,1,1,1,19920.8,1,1,0,11.7,3.13,6672.16,63409.76,20713.98,0.0,3890243.0,43561.0,1.1198,934.5
CUST-000435,"Kim, Gonzales and Mills",Manufacturing,Enterprise,1-49,$10M-$50M,Enterprise Agreement,2025-01-29,Active,False,2061590.12,1286566.63,105,5,5,5,1129110.31,5,3,1,56.7,3.77,689072.91,7378681.48,2257042.02,0.0,466570286.0,6137418.0,1.3154,99344.35
CUST-000436,Cox LLC,Retail,Strategic,250-999,<$10M,Direct Sales,2021-05-03,Active,True,11957898.35,7461025.75,127,6,6,4,4809685.62,23,13,3,64.25,3.44,2530621.05,25315399.55,7687674.07,62500.12,1746783906.0,22872829.0,1.3094,492763.74
CUST-000437,Ortiz-Morgan,Education,Enterprise,1-49,$1B+,Direct Sales,2023-02-02,Active,True,2953792.05,1879934.11,149,7,7,2,583390.26,9,8,1,38.75,2.8,1078305.29,10140996.2,3279779.5,18002.22,626437910.0,8038639.0,1.2832,189732.34
CUST-000438,"Williams, Mccoy and Cook",Media,Mid-Market,5000+,<$10M,Marketplace,2021-06-03,Active,False,552102.15,352083.93,85,3,3,1,78420.28,5,4,1,33.86,2.74,179652.48,1574282.91,551180.29,0.0,102282012.0,1311660.0,1.2824,24829.28
CUST-000439,Davis-Gregory,Telecommunications,Mid-Market,1000-4999,$50M-$250M,Digital,2022-06-19,Active,True,145176.71,91711.76,27,2,2,1,44443.49,5,5,0,44.6,2.92,57176.26,460949.46,186126.32,2449.97,35173068.0,447531.0,1.2724,13319.18
CUST-000440,King-York,Retail,Mid-Market,5000+,<$10M,Partner,2022-02-20,Active,True,473938.58,305786.64,77,3,3,2,139850.03,2,2,0,49.22,3.43,154322.8,1462141.23,500136.07,0.0,102111065.0,1337301.0,1.3097,21814.59
CUST-000441,"Marks, Cook and Aguilar",Insurance,SMB,5000+,$50M-$250M,Partner,2023-04-13,Active,False,17401.9,11287.26,12,1,1,0,0.0,1,1,0,10.95,3.74,6457.24,80686.72,22297.1,0.0,2944872.0,41643.0,1.4141,965.44
CUST-000442,Rangel LLC,Insurance,Mid-Market,50-249,$50M-$250M,Enterprise Agreement,2021-09-03,Active,True,332091.04,211868.42,54,3,3,2,128978.94,5,4,0,41.63,2.52,98151.89,1118903.68,321398.47,10087.58,72726227.0,918127.0,1.2624,36478.12
CUST-000443,"Hale, Myers and Larson",Healthcare,SMB,250-999,$250M-$1B,Enterprise Agreement,2024-12-27,Active,True,51640.77,32342.53,44,2,2,2,26982.44,2,1,1,50.33,3.32,24234.08,210217.64,72998.3,0.0,15151661.0,187075.0,1.2347,3331.37
CUST-000444,Collins Group,Banking,SMB,1000-4999,$250M-$1B,Enterprise Agreement,2021-12-23,Active,False,79885.67,51114.58,49,2,2,0,0.0,1,0,0,36.42,4.02,32111.9,324404.75,92968.88,0.0,21242130.0,273154.0,1.2859,4468.59
CUST-000445,"Conner, Li and Santiago",Retail,Enterprise,1-49,<$10M,Direct Sales,2021-07-28,Active,True,1355990.97,861969.86,62,3,3,0,0.0,9,4,3,33.17,3.62,417546.69,4359821.17,1339781.15,0.0,257882527.0,3124324.0,1.2115,59696.49
CUST-000446,"Osborn, Gaines and Davis",Technology,Enterprise,250-999,<$10M,Enterprise Agreement,2025-08-14,Active,True,808604.48,514039.52,40,3,3,3,687257.74,6,5,0,64.19,2.81,324037.96,2948550.57,862713.49,16744.14,190530886.0,2227015.0,1.1688,80524.78
CUST-000447,"Henderson, Cox and Cox",Healthcare,Mid-Market,1000-4999,$10M-$50M,Direct Sales,2021-05-13,Active,True,443519.62,273651.13,68,3,3,1,64455.5,7,3,1,22.7,3.4,135771.18,1325637.47,419060.58,6999.04,97801620.0,1134154.0,1.1596,34459.25
CUST-000448,Bean LLC,Banking,Enterprise,50-249,$1B+,Marketplace,2023-08-03,Active,True,1954569.04,1228253.01,90,5,5,2,458123.41,7,4,2,47.12,3.64,656512.16,5829438.17,2070128.42,38866.12,398544440.0,5389839.0,1.3524,176951.67
CUST-000449,Lee-Cooke,Transportation,Enterprise,1000-4999,$10M-$50M,Digital,2023-02-23,Active,False,2960035.56,1828973.62,143,7,7,2,485279.58,10,10,2,50.2,2.47,942115.85,9148331.97,3101980.39,0.0,633265157.0,8430765.0,1.3313,134106.77
CUST-000450,Jones Inc,Retail,SMB,1-49,$1B+,Enterprise Agreement,2023-07-03,Active,False,8696.34,5334.75,13,1,1,0,0.0,3,3,0,47.74,2.74,5847.88,80654.42,21575.25,0.0,4504290.0,61824.0,1.3726,903.42
CUST-000451,"Wise, Conley and Stephenson",Energy,Mid-Market,1000-4999,<$10M,Direct Sales,2023-04-24,Active,False,218518.83,139146.9,36,2,2,1,74005.6,5,4,0,41.39,3.31,76330.24,729563.79,193655.45,0.0,43635417.0,629580.0,1.4428,10265.29
CUST-000452,Stanley PLC,Energy,SMB,50-249,$1B+,Direct Sales,2024-08-09,Active,False,63663.53,39276.01,50,2,2,0,0.0,2,1,0,21.21,3.81,31193.01,244593.28,91039.66,0.0,16840922.0,202482.0,1.2023,4206.58
CUST-000453,Harper and Sons,Education,Strategic,250-999,$1B+,Enterprise Agreement,2025-05-20,Active,True,9843325.94,6162665.29,125,8,8,6,4849146.31,13,10,3,55.62,2.95,2588494.55,24342492.87,8142324.89,102372.24,1541168860.0,21669214.0,1.406,588291.83
CUST-000454,White Ltd,Media,SMB,50-249,<$10M,Digital,2022-10-16,Active,False,68885.91,43185.49,58,3,3,1,13598.18,2,1,0,42.09,4.02,36021.97,335982.03,105195.39,0.0,18217927.0,224056.0,1.2299,4965.94
CUST-000455,"Lamb, Martin and Kim",Media,SMB,50-249,$10M-$50M,Direct Sales,2025-04-20,Active,False,38846.26,24123.29,36,2,2,2,25506.01,2,1,1,13.29,4.1,22581.83,210863.47,62893.24,0.0,13264986.0,180691.0,1.3622,3083.08
CUST-000456,Diaz-Ball,Professional Services,SMB,1-49,$10M-$50M,Enterprise Agreement,2025-07-30,Active,False,64932.47,40200.45,43,3,3,2,30892.98,4,2,0,56.54,3.45,26909.12,262585.9,92781.59,0.0,16567530.0,258923.0,1.5628,3874.78
CUST-000457,Bishop-Goodwin,Retail,Enterprise,50-249,$10M-$50M,Enterprise Agreement,2025-09-15,Active,True,1526289.22,984099.94,65,5,5,2,548435.63,7,2,0,49.13,3.83,467856.18,3721999.42,1426633.34,0.0,320834262.0,4503240.0,1.4036,63817.32
CUST-000458,Young-Allen,Professional Services,SMB,250-999,$1B+,Enterprise Agreement,2021-02-27,Active,False,14523.9,8221.11,13,1,1,0,0.0,2,1,1,28.15,4.05,4546.95,75380.27,29409.89,0.0,5501083.0,79849.0,1.4515,854.0
CUST-000459,Mckee-Lee,Education,SMB,5000+,$50M-$250M,Partner,2025-07-18,Active,False,19427.48,12411.46,13,1,1,0,0.0,1,1,1,135.5,3.04,8059.22,68659.59,20565.88,0.0,5315569.0,52080.0,0.9798,1068.27
CUST-000460,"Valentine, Joyce and Murray",Healthcare,Mid-Market,1-49,$1B+,Marketplace,2024-05-17,Active,True,287019.63,174009.2,40,3,3,1,90361.19,6,5,1,84.67,2.93,88043.29,844779.74,233401.94,0.0,55371442.0,701435.0,1.2668,11947.67
CUST-000461,Strickland-Shaw,Telecommunications,SMB,50-249,$50M-$250M,Direct Sales,2021-09-25,Active,False,96469.3,61740.51,78,3,3,1,11116.53,2,1,0,43.7,4.01,42835.09,493527.03,131260.0,0.0,31058881.0,467880.0,1.5064,6154.96
CUST-000462,Burch-Montoya,Insurance,SMB,5000+,$50M-$250M,Direct Sales,2021-10-18,Active,False,34120.18,22078.86,35,2,2,1,9213.24,1,0,0,5.47,4.22,25688.36,224744.67,68694.85,0.0,13448722.0,155911.0,1.1593,3448.41
CUST-000463,"Taylor, Wright and Davidson",Telecommunications,SMB,250-999,$50M-$250M,Partner,2021-07-26,Active,False,34181.87,21121.27,48,2,2,0,0.0,2,0,0,29.35,4.23,29377.78,284076.43,89023.25,0.0,20281114.0,261660.0,1.2902,4102.28
CUST-000464,Spencer-Garcia,Transportation,Strategic,250-999,$10M-$50M,Enterprise Agreement,2023-09-25,Active,False,10205684.4,6511923.83,111,6,6,4,3807910.75,19,14,4,47.6,3.24,2321132.22,22350162.87,6841345.63,0.0,1395352196.0,18058572.0,1.2942,322015.68
CUST-000465,"Rosales, Mitchell and Hines",Transportation,Mid-Market,5000+,$10M-$50M,Marketplace,2022-04-03,Active,False,495785.46,312290.18,111,5,5,1,34073.95,2,2,0,30.23,3.07,232248.1,2218883.99,695293.62,0.0,143968727.0,1930467.0,1.3409,32292.96
CUST-000466,Cole-Palmer,Banking,SMB,5000+,$250M-$1B,Enterprise Agreement,2025-02-01,Active,True,15904.67,10187.27,13,1,1,0,0.0,1,0,0,20.72,4.16,5407.54,66958.55,21295.71,0.0,5358297.0,61894.0,1.1551,833.49
CUST-000467,Davis-Lozano,Media,SMB,50-249,$1B+,Direct Sales,2025-07-15,Active,False,38477.9,24082.63,27,2,2,1,19674.3,3,2,0,62.75,3.04,17518.24,131654.97,50764.27,0.0,9393146.0,124068.0,1.3208,2347.66
CUST-000468,Wilkerson-Arias,Healthcare,Strategic,250-999,$50M-$250M,Partner,2021-06-09,Active,True,18979431.88,11802008.59,202,9,9,2,2463304.92,21,13,0,53.08,3.43,3987681.91,41202205.63,12977345.35,127003.07,2599010190.0,33847226.0,1.3023,850475.78
CUST-000469,Brown-Shaw,Transportation,Mid-Market,250-999,$250M-$1B,Direct Sales,2024-10-04,Active,False,186083.32,111536.18,26,2,2,0,0.0,5,2,1,34.47,3.83,55446.33,551878.27,175232.23,0.0,40762463.0,560721.0,1.3756,7846.37
CUST-000470,Hughes Inc,Manufacturing,SMB,1-49,<$10M,Direct Sales,2022-12-19,Active,False,38807.71,24854.46,26,2,2,0,0.0,0,0,0,0.0,0.0,14812.74,147756.69,55012.64,0.0,10561348.0,135590.0,1.2838,2178.89
CUST-000471,Walker-Flores,Technology,SMB,1000-4999,$250M-$1B,Digital,2025-12-17,Active,False,24615.68,15493.93,20,2,2,2,28458.75,0,0,0,0.0,0.0,12987.95,138520.77,33128.88,0.0,8069810.0,96495.0,1.1958,1777.3
CUST-000472,Combs Ltd,Media,Mid-Market,50-249,$10M-$50M,Marketplace,2025-06-04,Active,False,154345.67,95147.56,32,2,2,2,112422.63,5,4,1,15.64,3.41,66868.83,506773.21,207772.97,0.0,38613967.0,332185.0,0.8603,9109.45
CUST-000473,Moody-Taylor,Manufacturing,SMB,1-49,<$10M,Digital,2022-10-15,Active,False,54612.33,32952.83,51,3,3,0,0.0,1,1,0,32.09,3.34,33334.3,267445.36,90617.02,0.0,18871566.0,247898.0,1.3136,4440.94
CUST-000474,Lowery-Kennedy,Energy,SMB,1-49,$50M-$250M,Enterprise Agreement,2021-06-03,Active,False,50403.37,32289.07,43,3,3,2,21577.39,0,0,0,0.0,0.0,25745.43,216298.58,72273.75,0.0,17705646.0,256473.0,1.4485,3472.28
CUST-000475,Blake Group,Transportation,Strategic,50-249,$1B+,Marketplace,2023-06-03,Active,False,11784052.39,7391696.63,125,8,8,5,5336799.61,22,15,2,39.68,3.15,2520211.63,24074475.52,8515190.98,0.0,1609838804.0,21555142.0,1.339,360119.83
CUST-000476,Gilbert-Bullock,Technology,SMB,5000+,$1B+,Digital,2022-01-25,Active,False,48764.27,31702.25,50,2,2,1,8935.65,2,1,0,27.5,3.42,31885.71,304986.23,89034.26,0.0,18231878.0,256921.0,1.4092,4369.89
CUST-000477,Scott and Sons,Technology,Mid-Market,5000+,$1B+,Marketplace,2021-04-12,Active,True,324819.81,202566.18,80,4,4,2,118059.21,5,3,0,69.11,3.67,179099.58,1574630.36,559119.81,5374.69,103463346.0,1322503.0,1.2782,36683.64
CUST-000478,"Bentley, Lynch and Henderson",Manufacturing,SMB,5000+,$250M-$1B,Partner,2021-06-29,Active,True,10226.36,5807.99,11,1,1,1,10312.62,2,2,0,63.36,3.12,6528.28,66769.12,20965.3,0.0,5377099.0,89348.0,1.6616,930.58
CUST-000479,Young-Martinez,Insurance,SMB,1000-4999,<$10M,Digital,2022-08-21,Active,False,19134.78,12181.01,13,1,1,0,0.0,1,0,0,3.99,4.95,7298.88,84178.75,21064.11,0.0,5910443.0,64813.0,1.0966,1035.86
CUST-000480,Barnes PLC,Manufacturing,Enterprise,1-49,$1B+,Marketplace,2024-09-15,Active,False,1722760.33,1081442.12,106,6,6,5,949334.61,10,7,3,50.87,3.21,679688.91,7228635.25,2230498.17,0.0,472658641.0,5844951.0,1.2366,97934.2
CUST-000481,Brown-Copeland,Banking,SMB,250-999,$250M-$1B,Marketplace,2023-07-02,Active,False,17856.71,10646.44,13,1,1,0,0.0,2,1,0,104.43,3.17,7111.53,74877.4,23914.55,0.0,4469584.0,61775.0,1.3821,1028.86
CUST-000482,Carlson-Smith,Professional Services,SMB,1-49,<$10M,Digital,2021-11-06,Active,False,50597.4,31496.1,53,3,3,2,21675.21,1,0,0,55.84,4.52,33449.29,276359.4,96626.67,0.0,18607127.0,255269.0,1.3719,4529.35
CUST-000483,"Andrews, Higgins and Carter",Healthcare,Enterprise,5000+,<$10M,Marketplace,2024-04-22,Active,False,2449986.51,1548148.07,105,7,7,4,993888.09,6,3,1,38.61,3.28,758297.14,7633013.25,2291118.73,0.0,435701910.0,6022716.0,1.3823,106424.29
CUST-000484,Mendez and Sons,Education,Enterprise,5000+,$10M-$50M,Marketplace,2024-11-08,Active,False,1634651.86,1083730.66,67,4,4,2,649599.03,6,3,1,24.36,3.76,503875.44,4527041.46,1386009.63,0.0,297158008.0,3662155.0,1.2324,68263.3
CUST-000485,"Butler, Beck and Miller",Banking,SMB,5000+,$1B+,Enterprise Agreement,2025-01-02,Active,False,59211.8,36165.51,48,3,3,2,29762.42,5,5,2,35.56,2.65,28233.39,267161.92,95055.08,0.0,16647638.0,191653.0,1.1512,4025.7
CUST-000486,Jones-Fox,Insurance,Enterprise,1000-4999,$10M-$50M,Partner,2021-10-29,Active,False,2739391.32,1717076.98,118,6,6,4,1019369.65,7,6,4,50.22,2.55,829530.02,7815811.08,2587925.55,0.0,515297223.0,6858999.0,1.3311,116168.78
CUST-000487,"Hartman, Romero and Smith",Insurance,Strategic,1000-4999,$10M-$50M,Partner,2023-05-18,Active,True,17280098.39,10749613.87,177,8,8,2,2465043.18,18,14,2,52.07,2.89,3578609.11,33428222.04,11360564.22,177654.71,2338488726.0,30885428.0,1.3207,893377.17
CUST-000488,Williams-Hughes,Insurance,Enterprise,1-49,$250M-$1B,Enterprise Agreement,2025-01-29,Active,True,1684876.65,1051842.87,72,5,5,4,1020003.77,13,10,1,67.07,3.23,462202.12,5115713.48,1456197.96,22474.36,288065190.0,3652278.0,1.2679,115834.88
CUST-000489,King-Smith,Education,SMB,1-49,$1B+,Enterprise Agreement,2023-12-01,Active,False,55955.59,34216.57,47,2,2,2,25462.35,2,1,0,29.62,3.45,29873.16,242185.98,85171.09,0.0,19817224.0,272741.0,1.3763,4024.86
CUST-000490,Cooper Ltd,Retail,Mid-Market,5000+,$1B+,Enterprise Agreement,2021-11-03,Active,True,660368.93,414307.34,98,5,5,2,104539.06,3,2,0,64.25,3.16,207253.44,1883653.46,699151.88,4636.59,132018824.0,1776411.0,1.3456,39612.16
CUST-000491,"Fuller, Ingram and Moss",Insurance,Enterprise,250-999,$1B+,Digital,2024-02-27,Active,False,950531.49,610490.91,62,4,4,1,181206.39,10,3,1,43.77,3.98,462322.77,4025606.66,1450968.51,0.0,277184152.0,3545514.0,1.2791,64169.91
CUST-000492,Anderson-Bell,Media,Enterprise,5000+,$250M-$1B,Direct Sales,2023-09-22,Active,True,2811469.63,1813796.37,113,7,7,3,799460.3,5,3,2,78.2,3.57,772904.49,7877625.81,2581040.02,28795.11,497211316.0,5591222.0,1.1245,174476.33
CUST-000493,Li-Thompson,Transportation,SMB,1000-4999,<$10M,Marketplace,2024-05-31,Active,True,92898.19,57630.0,74,3,3,3,44949.33,1,1,1,14.42,2.76,38896.62,420680.83,139802.85,0.0,27067250.0,308308.0,1.139,5739.93
CUST-000494,"Marshall, Dominguez and Welch",Professional Services,Enterprise,1000-4999,$50M-$250M,Digital,2021-04-11,Active,False,2703805.03,1710134.18,125,6,6,1,253854.87,4,2,1,49.11,3.91,930691.99,8332658.05,2861258.54,0.0,551604333.0,7160258.0,1.2981,129039.89
CUST-000495,Brown Group,Education,SMB,1-49,$10M-$50M,Partner,2025-09-23,Active,False,15961.98,10252.49,13,1,1,0,0.0,0,0,0,0.0,0.0,8093.76,79907.65,27236.03,0.0,4383624.0,50540.0,1.1529,1160.67
CUST-000496,Carter Inc,Manufacturing,SMB,1000-4999,$1B+,Direct Sales,2022-10-20,Active,False,11518.02,7414.1,13,1,1,0,0.0,0,0,0,0.0,0.0,8815.49,90883.4,23343.76,0.0,3366643.0,41440.0,1.2309,1208.55
CUST-000497,Blackwell LLC,Professional Services,SMB,1000-4999,$1B+,Digital,2023-04-14,Active,False,48693.28,31555.72,41,3,3,2,28905.9,0,0,0,0.0,0.0,24081.92,235251.37,68496.76,0.0,14234906.0,203623.0,1.4304,3322.83
CUST-000498,Robertson-Hays,Manufacturing,Enterprise,5000+,$250M-$1B,Partner,2021-05-15,Active,False,1694336.74,1096461.99,59,3,3,1,371063.41,8,6,3,49.44,3.02,438421.87,3977272.6,1287917.59,0.0,261506511.0,3969469.0,1.5179,60291.77
CUST-000499,"Kennedy, Johnson and Lucas",Retail,Enterprise,50-249,$10M-$50M,Direct Sales,2021-03-01,Active,False,3027299.66,1884836.11,109,5,5,3,1009240.8,9,8,3,44.94,2.66,754697.22,7528863.61,2411215.15,0.0,463989519.0,5839995.0,1.2586,107092.58
CUST-000500,Kelly-Norman,Professional Services,SMB,50-249,$50M-$250M,Digital,2023-01-09,Active,True,24680.07,15317.68,12,1,1,1,23833.06,1,1,0,132.66,3.32,7526.35,58374.64,22308.8,1257.13,2777719.0,50925.0,1.8333,3783.01
CUST-000501,"Rivera, Martinez and Richardson",Transportation,Enterprise,1-49,$10M-$50M,Digital,2021-09-11,Active,True,1778476.77,1113884.16,80,4,4,2,530131.51,8,5,1,62.18,3.24,508883.86,5774330.44,1785110.05,0.0,341371604.0,4915260.0,1.4399,75199.39
CUST-000502,Paul-Kline,Education,Mid-Market,5000+,$1B+,Digital,2025-11-18,Active,True,395422.32,255992.36,55,5,5,5,404555.92,2,1,0,25.39,3.4,108577.69,1127405.68,354514.28,6646.57,68118484.0,982086.0,1.4417,30194.15
CUST-000503,Morgan-Lopez,Insurance,SMB,250-999,<$10M,Marketplace,2024-11-11,Active,False,44419.72,27218.75,45,2,2,2,22465.79,0,0,0,0.0,0.0,25901.99,253546.15,67613.97,0.0,17073903.0,235172.0,1.3774,3514.63
CUST-000504,"Jimenez, Glass and Stone",Healthcare,SMB,50-249,$10M-$50M,Digital,2022-03-15,Active,False,32507.99,19721.11,24,1,1,0,0.0,2,2,0,111.93,2.71,16815.35,156642.91,37760.96,0.0,8832677.0,96369.0,1.0911,2204.23
CUST-000505,Acosta Inc,Transportation,Mid-Market,1-49,$250M-$1B,Partner,2025-05-18,Active,True,206389.43,128497.71,40,3,3,2,92292.43,3,2,1,39.89,2.87,90240.19,750604.61,251312.73,0.0,52687523.0,672987.0,1.2773,12136.11
CUST-000506,Morrison-Short,Manufacturing,Mid-Market,5000+,$50M-$250M,Digital,2022-04-04,Active,False,531478.75,343137.03,98,4,4,2,133556.35,3,1,0,26.9,3.97,216303.97,1843021.79,588954.64,0.0,134776341.0,1825026.0,1.3541,29042.93
CUST-000507,"Carter, Garcia and Murphy",Manufacturing,Mid-Market,50-249,$250M-$1B,Digital,2023-07-30,Active,False,519824.01,327384.46,82,5,5,3,228776.24,6,4,2,60.06,3.11,170820.19,1459248.01,492046.84,0.0,95202261.0,1385818.0,1.4557,23212.56
CUST-000508,Parker-Morrison,Banking,Mid-Market,5000+,$50M-$250M,Enterprise Agreement,2021-07-29,Active,False,206543.03,134268.11,42,3,3,3,175055.43,7,3,0,59.79,3.71,86282.87,822776.62,303755.19,0.0,51533195.0,726985.0,1.4107,12448.66
CUST-000509,Jackson-Wallace,Insurance,Mid-Market,1000-4999,<$10M,Digital,2024-11-02,Active,False,187201.25,117399.81,36,2,2,1,39390.72,2,0,0,18.33,4.77,66965.09,732910.4,234875.89,0.0,46659088.0,593201.0,1.2714,9841.3
CUST-000510,Williams-Berg,Manufacturing,Strategic,250-999,$10M-$50M,Partner,2022-07-22,Active,True,8164926.97,5113677.33,106,5,5,3,3005399.37,16,10,5,41.11,3.21,2192586.26,21356367.95,6590450.65,141491.09,1324271585.0,18149376.0,1.3705,617230.11
CUST-000511,Mendez-Graham,Media,Mid-Market,1000-4999,$50M-$250M,Partner,2025-07-08,Active,False,257066.44,161504.28,69,5,5,4,186958.08,2,1,0,14.0,3.73,147891.49,1364689.24,415725.67,0.0,84931644.0,1061872.0,1.2503,20196.75
CUST-000512,"Whitney, Gould and Jones",Manufacturing,Mid-Market,1000-4999,$250M-$1B,Marketplace,2022-08-29,Active,False,127690.85,78619.25,24,2,2,1,86405.48,4,3,2,16.97,3.02,41248.91,510181.94,162530.97,0.0,29602202.0,385378.0,1.3019,6358.17
CUST-000513,"Sullivan, Palmer and Brady",Healthcare,Enterprise,250-999,$10M-$50M,Enterprise Agreement,2024-03-17,Active,False,1493315.96,922730.95,69,3,3,1,246039.73,14,11,2,42.77,2.84,529203.34,4898138.63,1469041.66,0.0,322146902.0,4212593.0,1.3077,72115.19
CUST-000514,Cisneros and Sons,Telecommunications,Mid-Market,5000+,$50M-$250M,Partner,2024-10-07,Active,False,376912.87,242527.64,61,3,3,2,154105.6,5,2,0,48.96,3.35,134282.95,1078911.73,431280.62,0.0,73942337.0,872627.0,1.1801,18556.23
CUST-000515,"Gregory, Kim and Martinez",Education,Enterprise,50-249,$50M-$250M,Enterprise Agreement,2021-07-19,Active,True,1417411.28,864312.86,53,3,3,1,366699.35,5,4,0,34.11,3.39,377313.87,3324930.5,1069475.59,0.0,232847377.0,3783885.0,1.625,51303.07
CUST-000516,Osborne LLC,Transportation,Enterprise,1-49,$10M-$50M,Digital,2022-11-19,Active,False,1548047.11,942362.47,61,3,3,0,0.0,8,4,1,29.19,3.65,437382.76,4079840.13,1289164.38,0.0,289382975.0,3278996.0,1.1331,60415.46
CUST-000517,Reyes-Bradley,Telecommunications,SMB,250-999,$50M-$250M,Enterprise Agreement,2025-12-22,Active,False,12160.08,7203.84,10,1,1,1,14025.63,0,0,0,0.0,0.0,6820.28,57378.88,13186.2,0.0,3826067.0,37044.0,0.9682,860.58
CUST-000518,"Hernandez, Cole and Watson",Transportation,SMB,5000+,$1B+,Enterprise Agreement,2025-11-10,Active,False,15826.09,10669.43,11,1,1,1,16642.67,3,2,0,70.4,3.23,6909.58,50293.66,22625.89,0.0,3509296.0,44849.0,1.278,948.78
CUST-000519,Hines-Berry,Transportation,SMB,1000-4999,$1B+,Digital,2025-11-12,Active,False,36842.46,23212.98,33,3,3,3,38577.54,1,1,0,4.24,3.25,17984.92,184533.76,64289.27,0.0,12105940.0,173817.0,1.4358,2630.6
CUST-000520,"Richardson, Edwards and Ramirez",Telecommunications,SMB,1000-4999,$1B+,Marketplace,2022-02-15,Active,True,42367.35,27020.03,27,2,2,1,22780.39,2,1,0,70.47,3.19,15749.35,141958.93,60762.71,1649.91,10449250.0,113155.0,1.0829,5938.8
CUST-000521,Johnson and Sons,Telecommunications,SMB,50-249,$50M-$250M,Direct Sales,2023-09-26,Active,False,43303.96,27734.24,40,2,2,2,25338.66,0,0,0,0.0,0.0,22911.2,173520.17,76003.41,0.0,13391147.0,176260.0,1.3162,3169.11
CUST-000522,Holmes-Mcintyre,Retail,SMB,5000+,$10M-$50M,Marketplace,2025-05-04,Active,False,52005.92,31584.98,41,3,3,1,11648.54,0,0,0,0.0,0.0,22940.32,235999.0,77568.19,0.0,15162399.0,227479.0,1.5003,3312.33
CUST-000523,Green LLC,Transportation,Enterprise,1000-4999,$250M-$1B,Marketplace,2023-06-08,Active,True,645410.17,404316.13,35,3,3,1,226601.51,5,3,0,29.94,3.43,267386.71,2554420.21,720792.64,0.0,154461762.0,1828358.0,1.1837,36381.73
CUST-000524,"Griffin, Davies and Mitchell",Healthcare,Strategic,250-999,<$10M,Digital,2023-12-30,Active,True,13326740.06,8539535.41,142,9,9,3,3910132.61,23,14,3,48.76,3.31,2904028.2,28793139.04,9207984.74,111279.77,1759522604.0,23370368.0,1.3282,655844.28
CUST-000525,Gonzalez-Taylor,Banking,Enterprise,50-249,$10M-$50M,Digital,2024-10-17,Active,True,1850400.06,1168105.4,76,4,4,3,842825.64,12,6,0,34.0,3.75,509360.74,4969839.18,1774756.6,20906.06,363645492.0,5066852.0,1.3933,119523.11
CUST-000526,Hayes Ltd,Manufacturing,SMB,50-249,<$10M,Direct Sales,2024-04-20,Active,False,82595.09,52426.62,51,3,3,1,16087.48,2,2,0,30.57,1.55,32361.38,292736.03,97741.0,0.0,18414403.0,251755.0,1.3672,4475.59
CUST-000527,Osborn-Cochran,Media,SMB,5000+,$50M-$250M,Marketplace,2023-12-02,Active,False,14878.29,10576.72,13,1,1,0,0.0,2,1,0,61.49,4.17,6538.82,64527.13,20998.02,0.0,4982782.0,52724.0,1.0581,927.43
CUST-000528,Contreras-Mckinney,Telecommunications,Enterprise,50-249,$10M-$50M,Marketplace,2023-10-01,Active,True,1343809.95,837668.2,58,3,3,3,822500.05,6,4,0,69.49,2.89,386540.82,3667267.77,1277472.6,20875.13,262380041.0,3373867.0,1.2859,100823.17
CUST-000529,"Daniels, Vance and York",Healthcare,SMB,1-49,$1B+,Enterprise Agreement,2021-09-26,Active,False,73428.12,46810.72,55,2,2,1,15229.92,1,0,0,41.03,4.4,29533.99,265334.24,103265.14,0.0,20291852.0,231042.0,1.1386,4221.49
CUST-000530,"Mckinney, Graves and Thompson",Banking,SMB,1000-4999,$50M-$250M,Enterprise Agreement,2025-06-11,Active,False,22662.96,14113.84,13,1,1,0,0.0,0,0,0,0.0,0.0,7179.46,69369.94,26103.36,0.0,5340258.0,87059.0,1.6302,1045.87
CUST-000531,Hicks-Martinez,Insurance,Mid-Market,1-49,<$10M,Direct Sales,2024-09-17,Active,False,142217.81,90235.34,26,2,2,0,0.0,8,7,2,54.28,2.91,46565.55,493507.56,165106.04,0.0,36581608.0,619003.0,1.6921,6828.92
CUST-000532,Conner and Sons,Education,SMB,50-249,$10M-$50M,Direct Sales,2022-06-02,Active,True,57712.38,37901.62,36,1,1,0,0.0,0,0,0,0.0,0.0,20822.57,185194.58,67141.68,0.0,14391692.0,211505.0,1.4696,2915.64
CUST-000533,Johnson-Spencer,Manufacturing,SMB,5000+,$1B+,Partner,2023-12-02,Active,True,60414.71,38208.41,43,3,3,2,27198.82,1,1,1,16.25,2.6,22435.84,239962.0,74065.76,0.0,19275760.0,274421.0,1.4237,3239.81
CUST-000534,Mcdonald-Bird,Insurance,SMB,250-999,<$10M,Direct Sales,2024-06-19,Active,False,55200.79,35235.85,41,3,3,2,27325.64,2,0,0,10.49,4.41,23295.25,211308.62,72098.38,0.0,14597380.0,197540.0,1.3533,3240.09
CUST-000535,Salazar Inc,Energy,Mid-Market,50-249,$50M-$250M,Marketplace,2022-06-23,Active,True,352078.84,222600.99,56,3,3,1,84498.53,7,5,1,71.44,3.22,133510.51,1168334.46,386134.72,0.0,72888480.0,895188.0,1.2282,18214.07
CUST-000536,Parker Ltd,Professional Services,SMB,1000-4999,$50M-$250M,Partner,2022-03-02,Active,False,92680.9,58534.77,66,3,3,1,13897.1,1,1,0,130.28,2.5,42077.97,348900.28,124162.82,0.0,22801898.0,266448.0,1.1685,5726.42
CUST-000537,"Mendoza, Jenkins and Ortiz",Media,SMB,1000-4999,$10M-$50M,Direct Sales,2021-08-15,Active,True,39131.49,24538.11,24,1,1,0,0.0,2,2,0,69.96,2.23,13643.14,146707.93,45682.92,0.0,12548088.0,211792.0,1.6878,1978.2
CUST-000538,"Jones, Compton and Day",Manufacturing,Enterprise,50-249,$250M-$1B,Digital,2021-07-27,Active,False,1424832.09,881035.77,72,4,4,2,364345.57,11,9,0,46.8,3.25,524752.37,4264138.66,1605001.4,0.0,299945576.0,3599260.0,1.2,71806.21
CUST-000539,Owens-Holmes,Banking,SMB,250-999,$50M-$250M,Digital,2021-12-24,Active,True,38108.87,24322.2,36,1,1,0,0.0,3,1,1,34.93,3.98,18740.74,164769.29,64986.72,0.0,12022234.0,166635.0,1.3861,2665.88
CUST-000540,Humphrey PLC,Banking,Mid-Market,1-49,$10M-$50M,Partner,2025-04-02,Active,True,563784.29,347070.58,85,5,5,4,327796.93,5,2,1,22.92,3.9,181088.1,1719192.5,571420.12,5045.12,95903472.0,1198029.0,1.2492,36549.94
CUST-000541,"Matthews, Saunders and Anderson",Professional Services,SMB,1-49,$50M-$250M,Digital,2022-07-04,Active,False,15582.5,9737.86,13,1,1,0,0.0,4,3,1,65.51,2.82,8008.26,68599.85,18861.69,0.0,5220117.0,59626.0,1.1422,1046.5
CUST-000542,"Bartlett, Brown and Martinez",Manufacturing,SMB,1000-4999,$250M-$1B,Marketplace,2023-07-24,Active,False,81689.0,51206.91,51,2,2,2,37654.51,2,2,0,32.07,2.56,28624.45,314577.84,99391.35,0.0,19972904.0,283080.0,1.4173,4199.44
CUST-000543,Torres and Sons,Professional Services,Mid-Market,1-49,$10M-$50M,Direct Sales,2024-11-26,Active,True,243232.78,151801.91,49,3,3,1,47025.44,2,2,1,52.68,1.64,95747.52,896006.42,321335.91,9873.7,62241200.0,767319.0,1.2328,35344.61
CUST-000544,Donovan-Perez,Transportation,SMB,1000-4999,$10M-$50M,Enterprise Agreement,2024-03-11,Active,False,25087.93,16280.13,42,2,2,1,7061.86,2,0,1,35.9,4.29,21756.31,221488.49,80993.56,0.0,16445933.0,233023.0,1.4169,3210.83
CUST-000545,"Jacobson, Singleton and King",Transportation,SMB,50-249,$250M-$1B,Marketplace,2025-11-02,Active,False,13590.87,8298.71,11,1,1,1,13962.38,1,1,1,140.04,3.07,6459.33,74879.81,13414.94,0.0,4762086.0,66360.0,1.3935,865.13
CUST-000546,"Huber, Hill and Weber",Manufacturing,SMB,250-999,<$10M,Enterprise Agreement,2021-05-10,Active,False,47926.8,31220.03,37,2,2,0,0.0,1,1,0,41.18,2.99,22064.08,215699.53,66361.58,0.0,13966099.0,186256.0,1.3336,3080.91
CUST-000547,"Ferguson, Shaw and Jackson",Transportation,Enterprise,250-999,$1B+,Enterprise Agreement,2022-04-04,Active,False,941132.55,579383.85,62,3,3,1,157359.86,6,4,1,39.85,3.47,448552.96,3749433.34,1332535.92,0.0,271412302.0,3124436.0,1.1512,61193.93
CUST-000548,"Moore, Hopkins and Le",Professional Services,Mid-Market,50-249,$250M-$1B,Digital,2024-09-17,Active,True,165301.87,106924.51,38,2,2,0,0.0,2,2,1,137.71,2.63,85937.6,651659.57,236542.06,5538.73,46170628.0,565810.0,1.2255,23588.46
CUST-000549,"Morgan, Bradshaw and Williams",Energy,Mid-Market,5000+,<$10M,Direct Sales,2025-09-15,Active,False,128453.79,78968.31,39,3,3,1,30436.16,8,3,1,37.93,3.6,85415.34,682494.07,234720.46,0.0,44050363.0,484834.0,1.1006,11399.64
CUST-000550,Miller Ltd,Education,Mid-Market,50-249,<$10M,Marketplace,2023-08-20,Active,False,390897.44,251543.0,85,5,5,3,178263.68,3,2,0,53.91,3.02,169795.85,1627899.67,532689.85,0.0,114624587.0,1465786.0,1.2788,23864.26
CUST-000551,"Baker, Clark and Armstrong",Energy,SMB,50-249,$1B+,Marketplace,2021-04-14,Active,False,55434.79,35354.52,36,2,2,1,17095.7,1,1,0,38.03,2.48,20471.1,191558.25,78882.06,0.0,13154225.0,183281.0,1.3933,3014.13
CUST-000552,"Fowler, Jimenez and Burton",Media,SMB,1000-4999,<$10M,Marketplace,2023-06-29,Active,True,12460.28,7607.94,21,1,1,1,6687.43,0,0,0,0.0,0.0,9976.69,109171.09,35193.66,0.0,5740798.0,85960.0,1.4974,1468.18
CUST-000553,May-Turner,Transportation,Mid-Market,1-49,<$10M,Marketplace,2025-03-07,Active,False,479432.17,304257.74,88,5,5,5,318825.67,4,3,1,29.0,3.23,180988.73,1558239.07,544762.05,0.0,108542686.0,1437884.0,1.3247,24852.8
CUST-000554,Ballard Ltd,Insurance,SMB,5000+,$1B+,Digital,2025-08-19,Active,False,22287.74,14388.34,14,1,1,1,17710.87,2,2,0,54.73,2.71,8549.38,89145.6,24017.59,0.0,5991307.0,93779.0,1.5653,1187.83
CUST-000555,Evans-Jones,Education,Enterprise,250-999,$50M-$250M,Direct Sales,2024-10-07,Active,True,2035843.14,1310687.43,99,5,5,5,1083793.58,5,3,0,17.04,3.17,752740.2,7029730.87,2316349.07,0.0,453249195.0,6405455.0,1.4132,104969.76
CUST-000556,Moore Group,Media,Enterprise,5000+,$250M-$1B,Digital,2025-04-21,Active,True,1488706.96,920114.82,90,5,5,5,950368.29,10,6,1,32.21,3.43,610483.45,6557966.35,1979426.55,22167.04,398785296.0,4542783.0,1.1392,136621.38
CUST-000557,Marshall-Peterson,Healthcare,Mid-Market,1-49,$50M-$250M,Digital,2024-09-11,Active,True,140643.11,89812.85,33,2,2,1,53370.15,5,4,1,58.01,2.87,71781.99,607884.36,217360.77,5990.04,43062047.0,513604.0,1.1927,23028.11
CUST-000558,Edwards Ltd,Professional Services,Enterprise,1-49,<$10M,Partner,2023-02-05,Active,False,807734.76,512703.68,36,3,3,3,744424.8,11,6,1,46.02,3.28,255107.98,2668572.01,801021.19,0.0,175036484.0,2270884.0,1.2974,36307.04
CUST-000559,Gross-Valencia,Healthcare,Mid-Market,50-249,<$10M,Marketplace,2024-06-05,Active,True,402458.02,250446.83,71,4,4,4,259506.16,3,3,1,31.02,2.92,143705.99,1377214.7,420642.55,0.0,91404320.0,1119881.0,1.2252,19894.28
CUST-000560,Anderson-Wood,Technology,SMB,1-49,$1B+,Direct Sales,2021-08-09,Active,False,12522.11,7974.8,14,1,1,1,10015.85,1,0,0,37.58,4.84,9644.47,90307.0,24727.76,0.0,5143705.0,84714.0,1.6469,1295.84
CUST-000561,"Rodriguez, Allen and Martinez",Energy,Enterprise,50-249,$250M-$1B,Direct Sales,2024-04-21,Active,True,2535963.79,1618534.69,87,5,5,2,500163.01,5,2,2,34.97,3.57,614810.3,6192370.59,1885888.65,44543.59,350612227.0,4644668.0,1.3247,184572.71
CUST-000562,Wright-Davis,Media,Mid-Market,1000-4999,$1B+,Partner,2023-06-06,Active,False,135717.49,84893.82,29,2,2,2,106286.83,2,1,0,84.49,4.11,54409.32,579005.24,182776.88,0.0,35620956.0,565649.0,1.588,7882.49
CUST-000563,Dougherty-Lin,Insurance,Mid-Market,1000-4999,$1B+,Enterprise Agreement,2021-09-20,Active,False,445051.84,281778.75,80,4,4,2,95758.18,3,3,0,56.97,2.94,158044.27,1661931.11,515492.77,0.0,103006127.0,1272726.0,1.2356,22702.75
CUST-000564,Wright-Grimes,Media,Enterprise,50-249,$50M-$250M,Marketplace,2023-05-08,Active,False,3397852.99,2143235.12,165,7,7,2,445956.91,7,7,1,76.03,2.48,1197464.55,10939683.35,3813742.21,0.0,755991446.0,10192259.0,1.3482,167788.6
CUST-000565,Li PLC,Retail,Strategic,1000-4999,$1B+,Enterprise Agreement,2021-10-01,Active,True,12583479.73,7816489.07,151,6,6,2,2052952.12,16,9,1,50.41,3.74,3123795.69,28698098.22,10021335.06,0.0,1814649732.0,23434334.0,1.2914,438751.18
CUST-000566,"Edwards, Hines and Jimenez",Professional Services,SMB,5000+,$10M-$50M,Partner,2024-12-28,Active,False,22912.81,14347.62,22,1,1,1,11942.09,2,1,0,22.79,3.62,13008.88,113689.78,41251.08,0.0,9611175.0,117299.0,1.2204,1810.62
CUST-000567,"Owens, Koch and Jimenez",Retail,SMB,50-249,$1B+,Enterprise Agreement,2024-10-09,Active,False,35353.06,22414.9,24,1,1,1,16761.98,2,0,0,12.34,4.27,13041.87,136655.62,46138.37,0.0,6887580.0,85939.0,1.2477,1908.55
CUST-000568,Landry PLC,Telecommunications,Mid-Market,5000+,$250M-$1B,Enterprise Agreement,2025-04-08,Active,False,336194.29,210704.53,57,4,4,2,113976.5,2,2,0,61.47,2.33,126956.75,1264027.45,317687.82,0.0,66983462.0,893151.0,1.3334,17131.24
CUST-000569,Levy-Lewis,Professional Services,Mid-Market,5000+,$50M-$250M,Marketplace,2024-10-12,Active,False,387551.09,245779.31,57,3,3,2,151617.19,7,4,0,43.54,3.6,117356.96,1146574.29,372983.04,0.0,74465013.0,1072694.0,1.4405,16585.1
CUST-000570,Williams-Campbell,Retail,Enterprise,1-49,<$10M,Partner,2023-02-20,Active,True,3632096.31,2318496.08,142,7,7,2,803321.45,7,4,0,56.07,3.75,1013203.45,9080696.19,3304580.79,46474.58,615602890.0,8605163.0,1.3978,244639.5
CUST-000571,"Khan, Pena and Ruiz",Manufacturing,SMB,50-249,<$10M,Digital,2024-10-31,Active,False,72027.82,45472.74,50,3,3,1,19582.13,1,1,0,10.78,2.52,29729.37,267844.25,97522.87,0.0,17894863.0,239330.0,1.3374,4186.35
CUST-000572,"Smith, Rodriguez and Anderson",Education,SMB,1-49,$1B+,Enterprise Agreement,2025-07-26,Active,True,52912.13,33602.44,41,3,3,3,45316.83,1,0,0,60.98,4.05,23823.55,220182.62,78333.41,2414.86,15907171.0,208334.0,1.3097,8680.49
CUST-000573,Luna-Gallagher,Energy,Enterprise,250-999,<$10M,Marketplace,2022-05-02,Active,False,1840648.47,1168278.21,87,7,7,2,393708.91,9,6,1,46.07,3.32,618664.96,5792913.45,1812452.91,0.0,366102751.0,4735136.0,1.2934,85390.48
CUST-000574,Williams-Williams,Banking,SMB,1-49,$50M-$250M,Partner,2024-02-05,Active,False,52030.54,32888.58,40,3,3,1,20559.56,2,2,1,29.09,2.79,25837.52,183621.01,79844.59,0.0,13691538.0,170527.0,1.2455,3491.04
CUST-000575,"Lee, Tran and Jones",Professional Services,Mid-Market,250-999,$1B+,Enterprise Agreement,2024-07-21,Active,False,464639.42,288749.33,86,4,4,4,256240.26,4,2,0,69.58,3.44,190289.73,1573325.3,551452.0,0.0,108778957.0,1556170.0,1.4306,25787.3
CUST-000576,"Cole, Pierce and Bryan",Manufacturing,Enterprise,1000-4999,$10M-$50M,Direct Sales,2022-02-01,Active,False,1070196.97,663984.5,63,3,3,0,0.0,7,2,0,30.51,3.84,464608.45,3973116.81,1393004.15,0.0,282098698.0,3313205.0,1.1745,63690.48
CUST-000577,"Becker, Wilson and Hester",Technology,SMB,1-49,$250M-$1B,Digital,2021-09-02,Active,False,34629.85,22482.02,52,3,3,2,16288.35,1,1,0,29.18,2.28,29623.93,269961.9,107209.42,0.0,18260396.0,223811.0,1.2257,4278.26
CUST-000578,Brooks-Hatfield,Manufacturing,Mid-Market,1-49,$50M-$250M,Marketplace,2025-09-29,Active,True,220251.49,141779.66,39,3,3,3,191673.12,1,1,0,92.35,3.27,85531.38,763189.93,253829.73,0.0,55262270.0,532763.0,0.9641,11762.38
CUST-000579,"Mcmillan, Fischer and Gonzalez",Media,Mid-Market,1-49,$1B+,Digital,2022-10-23,Active,True,634623.32,392795.52,112,5,5,4,294274.75,2,2,1,35.15,3.07,234058.4,2162710.06,744413.65,7462.46,137903353.0,1805923.0,1.3096,49252.0
CUST-000580,"Morales, Williams and Williams",Professional Services,Mid-Market,250-999,$1B+,Partner,2021-05-30,Active,False,506214.73,322737.9,90,5,5,3,149803.76,3,2,1,61.76,3.52,185997.87,1686991.47,574374.7,0.0,110854849.0,1281651.0,1.1562,25857.37
CUST-000581,"Cook, Wells and Bryant",Retail,Strategic,1000-4999,$1B+,Enterprise Agreement,2023-11-01,Active,True,8279270.24,5225977.88,101,5,5,3,2796007.35,17,15,1,52.61,2.51,2069047.84,21252039.83,6363202.45,0.0,1357898171.0,15985753.0,1.1772,292350.45
CUST-000582,"Barry, Taylor and Velazquez",Transportation,SMB,250-999,$50M-$250M,Digital,2022-03-13,Active,False,54999.98,35710.29,36,1,1,0,0.0,0,0,0,0.0,0.0,22952.75,198677.35,59210.81,0.0,14745353.0,159845.0,1.084,3055.29
CUST-000583,Martin-Ewing,Transportation,SMB,1-49,<$10M,Digital,2024-02-24,Active,False,73617.39,45827.41,60,3,3,1,16142.85,2,2,0,43.65,2.33,33566.32,336355.49,109924.91,0.0,21514675.0,279384.0,1.2986,4792.9
CUST-000584,"Kirby, Wheeler and Romero",Healthcare,Mid-Market,1-49,$50M-$250M,Marketplace,2024-06-26,Active,False,368868.76,237522.64,64,3,3,2,150150.4,6,5,1,75.18,2.54,130687.11,1265767.23,416975.47,0.0,80923171.0,1011409.0,1.2498,18462.99
CUST-000585,"Patel, Erickson and Evans",Professional Services,Enterprise,250-999,<$10M,Enterprise Agreement,2024-01-12,Active,True,1615169.67,1007341.74,62,4,4,2,500639.71,5,5,0,41.45,2.81,380251.52,4512381.84,1377985.36,35115.02,272707043.0,3401048.0,1.2471,134280.44
CUST-000586,Richardson Ltd,Education,Enterprise,1000-4999,<$10M,Digital,2023-11-08,Active,False,3242874.07,2037756.95,120,5,5,2,607780.43,5,2,0,72.43,3.65,835459.95,7842379.56,2714064.58,0.0,533839698.0,7160447.0,1.3413,118016.78
CUST-000587,Whitney PLC,Insurance,Enterprise,50-249,$1B+,Enterprise Agreement,2021-06-18,Active,True,1592325.56,1003662.15,88,6,6,1,138795.13,10,7,0,66.87,3.27,617175.73,6309012.36,1782775.13,14067.47,401298275.0,5371583.0,1.3386,116939.76
CUST-000588,Robles-Swanson,Healthcare,SMB,1000-4999,<$10M,Partner,2024-07-13,Active,False,20432.93,12811.08,25,1,1,0,0.0,0,0,0,0.0,0.0,14850.64,148135.17,41780.79,0.0,10281922.0,134561.0,1.3087,2050.79
CUST-000589,"Soto, Carlson and Baker",Professional Services,Mid-Market,50-249,<$10M,Marketplace,2021-05-28,Active,False,561120.95,352520.04,142,5,5,2,94081.97,4,2,0,36.85,3.65,284830.66,2785509.52,912406.5,0.0,187571461.0,2436637.0,1.299,40330.01
CUST-000590,"Patton, Parsons and Lane",Retail,Mid-Market,250-999,$1B+,Direct Sales,2021-04-22,Active,True,429022.25,271273.64,60,4,4,1,89027.05,7,6,3,76.22,3.12,121997.57,1222556.71,380124.52,8143.61,71080856.0,963151.0,1.355,35142.24
CUST-000591,"Williams, Castillo and Warren",Technology,Mid-Market,1000-4999,$250M-$1B,Marketplace,2023-04-15,Active,False,684858.15,433913.31,134,5,5,4,244346.93,3,3,0,41.8,3.59,261607.58,2518181.46,878949.52,0.0,156385950.0,2018142.0,1.2905,37370.76
CUST-000592,"Harvey, Randall and Hernandez",Banking,SMB,5000+,<$10M,Enterprise Agreement,2024-01-01,Active,False,83556.2,54208.31,66,3,3,2,30917.25,3,1,0,23.59,3.76,40422.79,394942.34,119518.31,0.0,23904944.0,306432.0,1.2819,5623.1
CUST-000593,"Allen, Armstrong and Graves",Insurance,SMB,250-999,$50M-$250M,Enterprise Agreement,2023-10-27,Active,False,18105.81,11844.4,13,1,1,0,0.0,2,2,0,69.13,2.85,7592.86,76221.35,22114.42,0.0,3762899.0,45507.0,1.2094,1056.93
CUST-000594,Smith LLC,Transportation,SMB,1-49,$250M-$1B,Partner,2025-08-11,Active,False,35628.21,22776.83,28,2,2,2,28737.78,1,1,0,109.76,2.97,16175.84,163898.66,51716.9,0.0,11718770.0,135597.0,1.1571,2300.69
CUST-000595,Hernandez-Vaughn,Energy,Mid-Market,250-999,$10M-$50M,Digital,2025-06-20,Active,False,269458.14,172705.27,48,3,3,3,191221.92,6,3,0,52.46,3.59,93441.72,878110.26,330060.71,0.0,53602304.0,583359.0,1.0883,13466.74
CUST-000596,Shaw-Carr,Energy,Mid-Market,5000+,$10M-$50M,Direct Sales,2021-01-23,Active,False,555187.46,350930.68,83,4,4,2,140449.49,1,0,0,32.84,4.73,168180.18,1594415.63,532263.59,0.0,110240732.0,1166823.0,1.0584,23647.19
CUST-000597,Salas-Fitzgerald,Energy,SMB,1-49,$50M-$250M,Partner,2024-01-06,Active,False,74656.06,47505.94,52,2,2,1,20136.24,2,2,0,26.26,3.28,30506.29,267054.22,98760.8,0.0,23120657.0,279671.0,1.2096,4267.34
CUST-000598,Thornton PLC,Energy,Enterprise,50-249,$10M-$50M,Partner,2024-08-15,Active,True,2524410.33,1647121.82,118,7,7,4,909553.22,9,4,2,50.44,3.77,809315.68,7548016.22,2371515.27,31740.69,536036319.0,7020895.0,1.3098,181479.2
CUST-000599,Hoffman Ltd,Transportation,SMB,5000+,<$10M,Enterprise Agreement,2022-01-07,Active,False,76911.67,47675.62,69,3,3,2,26052.81,1,1,0,98.69,3.61,38048.5,411770.92,136920.4,0.0,23329278.0,284277.0,1.2185,5617.22
CUST-000600,Fox-Edwards,Insurance,Mid-Market,250-999,<$10M,Partner,2024-10-07,Active,True,443478.1,277774.4,61,3,3,2,181923.06,2,2,1,58.9,2.98,122002.38,1233001.71,404513.53,9965.09,83802712.0,1014692.0,1.2108,39414.69
CUST-000601,Stevens PLC,Retail,Mid-Market,50-249,<$10M,Digital,2023-01-02,Active,False,364660.94,236633.54,64,3,3,2,110569.29,5,2,2,56.96,3.74,132869.21,1247925.22,437275.59,0.0,81833927.0,1031226.0,1.2601,18826.99
CUST-000602,Payne-Lowe,Telecommunications,Mid-Market,5000+,$50M-$250M,Enterprise Agreement,2023-07-12,Active,False,409549.02,256338.16,86,4,4,2,113750.38,8,5,1,40.97,2.89,181969.39,1635959.77,547080.62,0.0,108868676.0,1377124.0,1.2649,25119.99
CUST-000603,"Becker, Lara and Baker",Technology,SMB,50-249,<$10M,Digital,2022-10-10,Active,False,44538.44,28234.3,38,3,3,0,0.0,1,1,0,33.79,3.72,23619.6,194465.36,66224.43,0.0,13937238.0,177100.0,1.2707,3177.09
CUST-000604,Lee-Wright,Technology,SMB,250-999,$50M-$250M,Partner,2024-08-05,Active,False,40749.78,25809.65,26,1,1,1,18118.79,2,2,1,30.79,2.19,17196.45,135553.92,54379.27,0.0,10070816.0,142051.0,1.4105,2362.64
CUST-000605,"Evans, David and Hendrix",Education,Mid-Market,250-999,$50M-$250M,Marketplace,2023-08-06,Active,False,265537.56,168436.45,52,4,4,1,75915.7,9,4,1,45.94,3.66,105410.96,961680.76,324761.57,0.0,74580793.0,862869.0,1.157,14657.86
CUST-000606,Bush-Vaughn,Manufacturing,Mid-Market,50-249,$1B+,Partner,2021-06-17,Active,False,441357.85,282558.27,92,4,4,1,42934.76,4,3,0,59.54,3.33,187025.06,1860592.92,619031.34,0.0,108819060.0,1409667.0,1.2954,26743.64
CUST-000607,Stewart-Bailey,Banking,SMB,5000+,<$10M,Enterprise Agreement,2021-06-04,Active,True,29134.68,17619.92,16,1,1,1,20411.05,2,2,0,100.24,3.01,9834.44,90200.6,24365.76,0.0,5907468.0,94661.0,1.6024,1309.21
CUST-000608,"Hill, Martinez and Rhodes",Energy,Mid-Market,250-999,$1B+,Enterprise Agreement,2021-03-17,Active,True,237201.88,147621.66,37,2,2,1,54842.24,0,0,0,0.0,0.0,78095.39,705895.82,245606.03,3932.08,50342873.0,492443.0,0.9782,19547.08
CUST-000609,Huang-Foster,Media,Mid-Market,250-999,$10M-$50M,Marketplace,2022-04-03,Active,False,230788.97,148715.84,37,2,2,0,0.0,4,3,2,25.65,3.57,70415.68,653697.66,248983.05,0.0,52793370.0,608328.0,1.1523,10134.53
CUST-000610,Blevins-Ballard,Banking,Mid-Market,50-249,$1B+,Partner,2023-10-26,Active,False,882630.81,558177.27,142,5,5,4,283676.4,4,3,1,52.05,3.22,291423.6,2862508.32,828758.72,0.0,155975722.0,2175383.0,1.3947,40241.04
CUST-000611,Williams-Moses,Media,Enterprise,5000+,$10M-$50M,Marketplace,2022-01-02,Active,True,2513250.86,1575350.51,130,7,7,2,424256.54,4,2,1,32.2,3.67,956205.91,8280549.08,3012552.9,29819.67,572312706.0,6502139.0,1.1361,198348.29
CUST-000612,Reed Group,Healthcare,Strategic,1-49,$50M-$250M,Digital,2023-09-26,Active,True,10682448.99,6946537.4,93,6,6,2,2726496.88,15,5,2,22.08,3.96,1776395.92,18377763.34,6117770.06,109408.12,1242159660.0,15511111.0,1.2487,498506.75
CUST-000613,"Scott, Mendoza and Harris",Telecommunications,SMB,1000-4999,$250M-$1B,Marketplace,2025-06-09,Active,False,6163.63,3569.91,10,1,1,1,6844.71,1,1,0,27.77,1.85,5042.48,64070.06,18393.09,0.0,4381713.0,51758.0,1.1812,765.94
CUST-000614,"Nelson, Hoffman and Nelson",Insurance,Enterprise,5000+,$50M-$250M,Digital,2022-10-26,Active,False,1281423.19,788087.77,61,5,5,2,570848.91,13,7,2,53.94,3.64,437630.97,4268787.66,1338068.85,0.0,294364126.0,3938200.0,1.3379,61305.16
CUST-000615,Gilbert PLC,Technology,Mid-Market,250-999,$1B+,Direct Sales,2024-08-31,Active,True,486663.1,302979.49,70,3,3,3,235894.54,3,2,1,29.57,3.34,141699.79,1304772.08,487326.11,0.0,92371797.0,1106749.0,1.1981,20235.95
CUST-000616,Sanchez Ltd,Energy,Mid-Market,1000-4999,$50M-$250M,Digital,2022-04-02,Active,False,606705.69,389916.8,86,4,4,3,268597.64,1,0,0,3.17,4.57,165484.15,1730538.82,477659.19,0.0,102126787.0,1294342.0,1.2674,23131.85
CUST-000617,"Perez, Hall and Garcia",Energy,Mid-Market,50-249,$250M-$1B,Partner,2021-01-14,Active,False,298511.05,188090.54,60,2,2,0,0.0,1,0,0,23.04,4.71,120141.51,1096519.95,349299.55,0.0,77166523.0,1039885.0,1.3476,16498.65
CUST-000618,Love-Garcia,Retail,SMB,50-249,$10M-$50M,Digital,2022-03-10,Active,False,66265.75,41571.98,55,2,2,1,12224.34,1,1,0,137.3,3.48,31522.83,289460.94,106111.9,0.0,20931365.0,221368.0,1.0576,4476.99
CUST-000619,Smith PLC,Telecommunications,Mid-Market,1-49,$250M-$1B,Marketplace,2023-04-30,Active,False,147234.46,90744.69,37,2,2,0,0.0,7,4,1,15.59,3.78,82838.67,734311.17,252292.4,0.0,41695010.0,553154.0,1.3267,11447.03
CUST-000620,Russell Group,Technology,Mid-Market,1-49,$10M-$50M,Direct Sales,2025-09-03,Active,True,158605.49,96351.65,23,2,2,1,71722.07,7,3,2,62.67,3.93,45211.42,414437.34,174080.85,0.0,32134921.0,395206.0,1.2298,6638.73
CUST-000621,Santos-Avila,Energy,SMB,1-49,$1B+,Partner,2024-07-13,Active,False,57340.58,35989.27,38,2,2,0,0.0,1,1,0,129.02,2.02,22473.03,227281.64,75972.15,0.0,13189267.0,184877.0,1.4017,3236.73
CUST-000622,Morris-Brewer,Technology,SMB,5000+,$1B+,Direct Sales,2023-11-25,Active,False,36233.55,22572.62,26,2,2,1,18733.0,2,2,1,54.2,3.35,15357.64,132861.79,50948.14,0.0,10366811.0,139944.0,1.3499,2157.47
CUST-000623,Pearson and Sons,Healthcare,Enterprise,1000-4999,$1B+,Marketplace,2021-06-25,Active,False,2263156.96,1447805.73,93,5,5,4,1107740.2,7,6,0,27.65,3.13,672115.38,6375415.84,1968819.62,0.0,417594163.0,5156942.0,1.2349,92928.92
CUST-000624,"Rodgers, Jefferson and Johnson",Media,Enterprise,50-249,$1B+,Partner,2023-04-22,Active,True,1274011.71,788760.7,67,3,3,1,131811.89,8,7,1,66.56,2.75,458818.88,4565757.94,1437498.93,0.0,320543657.0,3809316.0,1.1884,64800.26
CUST-000625,Butler and Sons,Transportation,Mid-Market,250-999,$250M-$1B,Enterprise Agreement,2025-01-23,Active,True,164798.21,99552.7,34,2,2,2,106357.82,2,0,1,18.42,4.49,72696.27,823955.25,189230.87,8638.28,41274646.0,570654.0,1.3826,29087.03
CUST-000626,Osborn Group,Insurance,Mid-Market,1-49,$10M-$50M,Enterprise Agreement,2021-09-28,Active,False,686054.38,423491.05,88,5,5,1,93595.87,2,0,0,18.11,4.87,185890.86,1750033.94,561740.38,0.0,111429801.0,1442196.0,1.2943,25847.43
CUST-000627,Lopez-Curry,Retail,Enterprise,5000+,<$10M,Partner,2025-08-20,Active,False,1163436.13,752006.87,41,3,3,2,584214.11,5,4,1,70.29,3.16,285917.23,2726496.46,864693.45,0.0,144671898.0,1521352.0,1.0516,39832.38
CUST-000628,Mcdowell-Smith,Energy,Mid-Market,5000+,<$10M,Direct Sales,2025-12-03,Active,False,263403.33,169261.06,50,5,5,5,296807.04,7,4,0,43.08,3.45,100441.13,1025070.45,307026.63,0.0,69463100.0,745535.0,1.0733,14159.95
CUST-000629,"Morrison, Hebert and Rogers",Banking,Mid-Market,1000-4999,$1B+,Marketplace,2024-01-10,Active,False,404627.89,255453.34,77,5,5,3,171566.02,4,4,0,27.42,2.88,156711.71,1570435.02,534249.36,0.0,105355250.0,1339303.0,1.2712,22587.53
CUST-000630,Hays-Daniels,Healthcare,SMB,1000-4999,$250M-$1B,Digital,2023-05-29,Active,False,52514.52,32059.14,48,2,2,1,9977.93,4,2,0,36.45,3.61,30746.71,234000.24,83070.67,0.0,18244716.0,248647.0,1.3628,4065.88
CUST-000631,Small-Anderson,Manufacturing,Mid-Market,1000-4999,$10M-$50M,Direct Sales,2021-10-02,Active,True,525469.9,347999.3,87,5,5,0,0.0,4,3,1,44.87,2.73,193595.02,1596516.47,560622.79,10348.58,108926482.0,1416114.0,1.3001,48989.85
CUST-000632,"Mcdonald, Lee and Rodriguez",Banking,SMB,1-49,$1B+,Enterprise Agreement,2022-01-23,Active,False,12067.41,7662.71,12,1,1,0,0.0,0,0,0,0.0,0.0,7809.33,71275.98,20035.73,0.0,2994915.0,31241.0,1.0431,1045.87
CUST-000633,Simon Ltd,Professional Services,SMB,250-999,$250M-$1B,Digital,2022-02-25,Active,False,81902.2,52103.26,71,3,3,1,9074.36,3,3,0,53.57,3.0,41715.87,385190.38,128286.05,0.0,26938891.0,371105.0,1.3776,5807.69
CUST-000634,Higgins-Smith,Manufacturing,SMB,5000+,$250M-$1B,Enterprise Agreement,2022-06-04,Active,False,21374.39,12595.0,26,2,2,1,11900.58,1,1,0,5.91,2.35,14605.84,162835.13,40968.32,0.0,9184077.0,127554.0,1.3889,2049.88
CUST-000635,Gibbs-Bradley,Healthcare,SMB,1000-4999,$1B+,Enterprise Agreement,2023-03-25,Active,False,59079.2,37833.02,46,2,2,1,16638.99,1,1,0,131.3,2.13,26729.52,264522.39,89976.14,0.0,16117080.0,213185.0,1.3227,3834.53
CUST-000636,Thompson Ltd,Manufacturing,Mid-Market,250-999,$1B+,Digital,2023-09-18,Active,False,315866.99,193877.71,66,3,3,1,77602.41,4,3,0,69.08,2.89,126524.55,1193581.64,390643.6,0.0,77344162.0,980210.0,1.2673,17681.09
CUST-000637,Wilcox-Robertson,Transportation,Enterprise,1-49,$10M-$50M,Marketplace,2025-10-18,Active,False,1139243.61,714208.92,59,5,5,5,1067902.75,16,9,0,37.18,3.62,481806.66,4180745.14,1163077.58,0.0,281060535.0,3793986.0,1.3499,63355.25
CUST-000638,Morales Inc,Technology,Enterprise,250-999,$1B+,Enterprise Agreement,2023-11-08,Active,True,3624358.56,2277955.28,145,7,7,5,1517728.08,9,7,2,39.19,3.3,1018012.98,9614168.98,3277975.77,49352.58,644230972.0,8113952.0,1.2595,252204.68
CUST-000639,Holden Group,Banking,Mid-Market,1-49,$10M-$50M,Marketplace,2024-07-26,Active,True,289497.11,183678.03,49,2,2,2,140377.27,1,1,1,25.5,2.86,110779.3,1007346.84,298494.65,9575.67,62012706.0,702093.0,1.1322,36036.28
CUST-000640,Boyle-Smith,Healthcare,Enterprise,250-999,<$10M,Enterprise Agreement,2022-06-23,Active,True,2638721.29,1674194.17,99,4,4,3,967749.22,12,10,1,33.77,3.07,709531.78,6448113.89,2233961.35,23515.21,455500346.0,5594736.0,1.2283,150827.18
CUST-000641,Young-Molina,Media,SMB,5000+,$50M-$250M,Enterprise Agreement,2023-04-01,Active,False,57385.48,36063.86,64,3,3,2,20114.23,2,2,1,34.53,2.16,39526.28,364105.99,108876.84,0.0,22874495.0,277781.0,1.2144,5374.39
CUST-000642,Turner-Sharp,Banking,SMB,50-249,$1B+,Digital,2023-06-19,Active,False,42379.58,26658.0,51,2,2,1,12572.52,0,0,0,0.0,0.0,30290.77,271014.47,100911.18,0.0,17941140.0,251972.0,1.4044,4277.35
CUST-000643,Green LLC,Healthcare,SMB,5000+,$10M-$50M,Direct Sales,2024-12-01,Active,False,15280.32,9936.45,13,1,1,0,0.0,1,0,0,4.36,4.16,7719.63,93473.46,28194.13,0.0,4338271.0,51807.0,1.1942,1163.68
CUST-000644,"Young, Contreras and Marshall",Insurance,SMB,250-999,$250M-$1B,Digital,2021-11-19,Active,True,16950.62,11109.13,12,1,1,0,0.0,1,1,1,45.72,2.34,4954.73,69083.02,20026.06,0.0,4311307.0,48888.0,1.1339,784.28
CUST-000645,Sullivan PLC,Banking,Mid-Market,1-49,<$10M,Enterprise Agreement,2023-11-27,Active,False,574634.66,365594.05,84,3,3,3,236100.14,8,4,1,42.35,3.71,172665.65,1601550.2,535661.43,0.0,103170431.0,1320277.0,1.2797,24099.88
CUST-000646,"Carrillo, Vaughn and Fowler",Telecommunications,SMB,250-999,$10M-$50M,Enterprise Agreement,2022-12-14,Active,False,45501.61,27679.24,36,1,1,0,0.0,1,1,0,39.96,3.73,19918.41,195133.23,68754.47,0.0,11975971.0,168112.0,1.4037,2870.56
CUST-000647,Richardson-Walker,Banking,Strategic,250-999,$10M-$50M,Marketplace,2024-03-23,Active,False,8824853.42,5590184.3,107,5,5,2,1923053.96,17,8,2,42.49,3.79,2245158.72,21071284.63,7500331.58,0.0,1315793857.0,16659944.0,1.2662,319210.01
CUST-000648,Mendoza Group,Telecommunications,Mid-Market,1-49,$1B+,Digital,2022-08-26,Active,True,591896.17,369933.13,97,5,5,3,229846.35,5,4,1,66.86,3.18,209565.24,1884568.22,577297.78,11467.47,125768349.0,1657397.0,1.3178,53632.04
CUST-000649,"Zhang, Brooks and Miles",Technology,Enterprise,5000+,$250M-$1B,Partner,2023-06-26,Active,True,2309283.76,1432089.58,104,7,7,3,891265.86,6,5,2,68.99,2.78,742449.84,7614210.77,2245876.74,14038.72,426030584.0,5673248.0,1.3317,135393.02
CUST-000650,Todd-Pham,Banking,Enterprise,1000-4999,<$10M,Digital,2024-04-16,Active,False,2244990.04,1423460.88,104,6,6,2,456052.83,9,4,3,40.46,3.71,723548.25,7343230.27,2260251.75,0.0,480829083.0,6421660.0,1.3355,102408.46
CUST-000651,Gill Ltd,Transportation,SMB,50-249,$50M-$250M,Marketplace,2022-03-28,Active,False,10366.91,6355.44,18,1,1,1,6618.28,1,1,0,46.37,3.18,10285.22,94144.68,36306.05,0.0,7037618.0,108794.0,1.5459,1476.93
CUST-000652,"Marks, Miller and Griffin",Manufacturing,Strategic,50-249,$50M-$250M,Direct Sales,2024-12-06,Active,True,7209932.59,4516214.17,83,5,5,2,1471250.42,32,15,4,40.59,3.63,1690128.85,18229959.33,4953688.55,45749.81,1159900889.0,13857522.0,1.1947,338758.14
CUST-000653,"Cox, Stark and Rodriguez",Education,SMB,250-999,$50M-$250M,Partner,2022-01-01,Active,True,97394.41,62610.6,72,3,3,1,17417.48,1,1,0,89.35,1.5,44232.3,429664.43,128053.44,0.0,27231925.0,370384.0,1.3601,6120.94
CUST-000654,"Leach, Harris and Herrera",Transportation,Enterprise,50-249,$250M-$1B,Partner,2025-03-09,Active,True,1569950.8,980157.81,73,5,5,2,679797.82,9,9,2,50.7,2.74,511362.06,5095957.2,1649925.99,22572.31,314661627.0,4446435.0,1.4131,122372.88
CUST-000655,Murphy PLC,Healthcare,SMB,50-249,$10M-$50M,Enterprise Agreement,2022-02-28,Active,False,16634.3,9883.98,12,1,1,0,0.0,1,0,1,11.33,4.59,6545.5,62777.79,23437.87,0.0,4690847.0,66255.0,1.4124,948.99
CUST-000656,Wilson-Harris,Transportation,SMB,1000-4999,$1B+,Direct Sales,2021-06-10,Active,True,33924.98,22292.92,25,2,2,0,0.0,1,1,0,8.21,2.71,14677.95,140594.36,44432.4,0.0,9377767.0,126728.0,1.3514,2046.52
CUST-000657,"Burns, Nolan and Griffin",Education,Enterprise,250-999,$1B+,Digital,2025-10-03,Active,False,1017598.31,622573.4,47,4,4,4,982149.21,6,4,2,24.43,3.15,346828.59,3369521.94,1067287.31,0.0,202146378.0,2703778.0,1.3375,48626.41
CUST-000658,Chavez PLC,Retail,Mid-Market,5000+,$50M-$250M,Marketplace,2023-10-03,Active,False,503320.28,323249.73,77,5,5,1,81464.29,4,3,0,31.71,3.22,161223.03,1495658.49,491121.64,0.0,98761019.0,1208102.0,1.2233,22412.67
CUST-000659,Bryant-Brown,Technology,SMB,1000-4999,$1B+,Direct Sales,2023-12-13,Active,True,122825.24,77481.37,82,3,3,2,33140.73,1,1,1,47.28,3.0,47974.61,467187.71,148935.65,2914.25,27612627.0,371602.0,1.3458,13153.07
CUST-000660,Chambers-Parker,Retail,Mid-Market,1000-4999,<$10M,Enterprise Agreement,2025-05-09,Active,False,248752.5,156496.32,51,3,3,3,162931.79,5,3,0,51.4,3.38,99564.64,907395.04,301585.57,0.0,69648278.0,807408.0,1.1593,13791.12
CUST-000661,Foster Inc,Technology,Mid-Market,5000+,<$10M,Digital,2022-03-08,Active,True,473624.93,293702.38,88,5,5,4,270628.07,3,1,1,54.86,4.33,183771.43,1565186.5,566507.43,3234.1,109913461.0,1463042.0,1.3311,32449.97
CUST-000662,"Robinson, Jones and Henderson",Healthcare,SMB,250-999,$250M-$1B,Enterprise Agreement,2022-06-23,Active,False,39519.03,25559.75,30,2,2,2,30899.45,3,2,0,32.96,2.86,18688.29,180587.97,45646.62,0.0,10395308.0,154168.0,1.4831,2499.56
CUST-000663,"Brown, Mcknight and Michael",Technology,SMB,250-999,$50M-$250M,Marketplace,2022-03-08,Active,False,47419.41,29597.26,56,2,2,1,11498.92,3,2,1,20.15,2.8,33782.47,318257.87,93749.1,0.0,18633111.0,250033.0,1.3419,4614.61
CUST-000664,Andersen Group,Transportation,SMB,50-249,<$10M,Digital,2024-03-25,Active,False,16721.45,10701.2,10,1,1,1,18662.67,0,0,0,0.0,0.0,6343.61,49454.99,21077.84,0.0,3741108.0,44723.0,1.1954,880.6
CUST-000665,Mitchell and Sons,Healthcare,Enterprise,50-249,$10M-$50M,Marketplace,2023-02-20,Active,True,1134319.05,702308.91,73,3,3,0,0.0,10,7,0,35.46,3.36,498483.28,5076239.62,1602728.69,14406.66,318956281.0,4274606.0,1.3402,102738.02
CUST-000666,Cannon Ltd,Transportation,Enterprise,5000+,$1B+,Digital,2021-10-03,Active,True,2210809.82,1386719.41,89,4,4,1,456642.64,8,6,1,50.37,3.25,574955.74,6009874.53,1843185.6,28349.67,381761135.0,5266142.0,1.3794,144566.45
CUST-000667,"Stuart, Brooks and Vance",Media,Enterprise,1-49,$250M-$1B,Direct Sales,2025-10-25,Active,True,1656833.37,1046245.15,72,6,6,6,1565649.16,9,5,0,51.99,3.59,488390.01,4738955.03,1692381.3,12346.95,341466979.0,4415257.0,1.293,97520.01
CUST-000668,Kane-Knox,Education,Mid-Market,1-49,$250M-$1B,Digital,2022-06-05,Active,True,345420.53,218658.41,63,4,4,3,206599.38,3,2,0,30.56,3.51,126330.86,1217262.98,416059.72,0.0,81033386.0,1208067.0,1.4908,17965.01
CUST-000669,Miller-Brandt,Manufacturing,SMB,250-999,<$10M,Marketplace,2025-07-17,Active,False,37884.04,23972.25,37,3,3,3,34439.48,0,0,0,0.0,0.0,22002.52,200874.77,57887.11,0.0,13740888.0,206346.0,1.5017,2960.86
CUST-000670,"Anderson, Dalton and Wilson",Media,SMB,5000+,$1B+,Partner,2022-02-12,Active,False,69034.94,44083.59,46,2,2,1,17790.75,2,2,0,70.75,2.7,27467.09,256362.01,91607.97,0.0,17319953.0,218057.0,1.259,3900.75
CUST-000671,"Long, Anderson and Irwin",Energy,Strategic,1000-4999,$250M-$1B,Direct Sales,2024-10-10,Active,True,9170471.59,5740810.98,87,5,5,3,3737469.32,19,13,2,41.35,3.08,1739678.52,17171192.16,5896793.79,82622.09,1148196266.0,14106442.0,1.2286,431650.03
CUST-000672,Avila LLC,Retail,SMB,250-999,$250M-$1B,Enterprise Agreement,2021-10-24,Active,False,122813.51,79007.97,83,3,3,2,33554.09,6,3,2,58.17,3.25,50117.27,436704.14,156432.06,0.0,27900208.0,373065.0,1.3371,6947.92
CUST-000673,Nunez-Stephens,Healthcare,Mid-Market,250-999,$50M-$250M,Digital,2022-12-05,Active,True,163531.07,100983.73,37,2,2,0,0.0,4,2,0,64.83,3.74,82269.81,673049.73,224875.61,0.0,40869374.0,567637.0,1.3889,10999.17
CUST-000674,"Gray, Hall and Murray",Education,Mid-Market,250-999,$1B+,Enterprise Agreement,2022-07-10,Active,False,357295.35,223040.55,58,3,3,2,118891.76,5,4,0,50.98,2.59,132721.86,1079078.73,370342.51,0.0,74986709.0,901642.0,1.2024,17806.67
CUST-000675,Hill Ltd,Banking,Strategic,50-249,$10M-$50M,Digital,2025-10-16,Active,True,10232912.2,6587406.51,108,9,9,9,9740743.8,23,17,1,54.32,2.91,2409474.11,20699375.85,6847279.74,85448.88,1386076160.0,18273206.0,1.3183,514711.54
CUST-000676,Johnson Ltd,Insurance,Strategic,1-49,<$10M,Marketplace,2023-03-25,Active,True,11254670.11,7106670.4,135,6,6,2,2481213.92,21,14,5,36.55,3.22,2786384.68,26625266.3,9023068.94,83352.7,1871789542.0,25996502.0,1.3889,577631.88
CUST-000677,Mendez-Mayer,Insurance,Mid-Market,1-49,$50M-$250M,Enterprise Agreement,2023-12-10,Active,False,407146.6,268709.07,64,3,3,2,150973.19,5,4,1,39.69,2.41,128896.11,1109306.66,385682.36,0.0,77126245.0,911393.0,1.1817,17676.33
CUST-000678,Allen Inc,Manufacturing,SMB,50-249,$10M-$50M,Digital,2023-03-10,Active,False,83317.74,52625.6,49,2,2,0,0.0,1,1,0,43.68,2.45,31248.64,273481.08,89253.23,0.0,19941425.0,274302.0,1.3755,4251.66
CUST-000679,Wheeler Group,Retail,Mid-Market,1-49,<$10M,Digital,2025-09-14,Active,True,391692.45,248150.82,65,5,5,3,176041.64,3,2,0,54.12,3.14,153669.13,1204615.13,398062.95,4501.63,77470757.0,940408.0,1.2139,30123.45
CUST-000680,"Powers, Brennan and Sanchez",Energy,Enterprise,250-999,$1B+,Marketplace,2023-08-15,Active,False,2210910.41,1388625.0,115,6,6,1,379961.77,7,4,2,45.29,3.48,853649.78,7803609.36,2674114.73,0.0,504878192.0,7190197.0,1.4241,119176.61
CUST-000681,Morales and Sons,Education,SMB,5000+,$250M-$1B,Enterprise Agreement,2024-05-08,Active,False,22617.37,14933.48,13,1,1,0,0.0,1,1,0,102.31,3.27,7908.05,68153.54,20370.49,0.0,4477732.0,42441.0,0.9478,1051.68
CUST-000682,"Robinson, Shields and Brown",Education,Mid-Market,5000+,$10M-$50M,Direct Sales,2022-12-13,Active,False,505484.65,322051.67,85,5,5,3,187292.66,2,1,0,79.3,4.17,173018.96,1692170.36,502182.58,0.0,115878959.0,1352862.0,1.1675,23978.01
CUST-000683,"Holder, Young and Hendricks",Manufacturing,Mid-Market,1-49,<$10M,Enterprise Agreement,2021-11-15,Active,False,356810.69,214327.48,64,4,4,3,199383.62,5,4,2,30.45,2.87,132255.86,1260005.4,397938.98,0.0,86891147.0,1315552.0,1.514,18402.23
CUST-000684,"Flores, Harper and Chambers",Energy,Enterprise,1-49,$250M-$1B,Marketplace,2023-08-19,Active,True,2168714.84,1341253.78,99,5,5,0,0.0,9,5,2,52.21,3.25,639873.62,6465040.54,2133762.91,43972.5,415002861.0,5324494.0,1.283,188595.89
CUST-000685,Young-Walter,Healthcare,SMB,1-49,$1B+,Digital,2024-05-07,Active,False,40877.92,24578.32,50,2,2,0,0.0,3,3,0,64.2,3.5,31908.9,282966.07,98036.99,0.0,18420731.0,217413.0,1.1803,4418.05
CUST-000686,"Boyd, Gutierrez and Hill",Retail,SMB,1000-4999,$250M-$1B,Partner,2022-05-27,Active,False,37023.62,24259.89,46,3,3,2,19533.62,3,2,0,19.46,2.75,24241.32,259040.76,76945.6,0.0,17539823.0,235088.0,1.3403,3469.34
CUST-000687,"Fry, Hobbs and Buck",Media,SMB,250-999,$50M-$250M,Enterprise Agreement,2023-11-25,Active,False,13107.19,8665.81,16,1,1,1,9566.05,1,1,0,5.07,2.05,11307.76,111809.89,29485.71,0.0,5275459.0,76839.0,1.4565,1536.01
CUST-000688,"Shelton, Peters and Williams",Retail,Enterprise,50-249,$50M-$250M,Direct Sales,2021-05-21,Active,True,1997722.63,1238137.1,84,6,6,2,516744.72,11,8,0,42.56,3.14,563243.98,6080813.0,1795934.64,30569.92,355143026.0,4928770.0,1.3878,148066.73
CUST-000689,David-Powers,Media,Mid-Market,1000-4999,$10M-$50M,Digital,2024-12-05,Active,False,313291.36,192807.24,75,4,4,4,198403.76,3,2,0,42.22,3.27,146271.75,1408912.31,513789.8,0.0,91778442.0,1169868.0,1.2747,21119.84
CUST-000690,"Flores, Butler and Hernandez",Retail,SMB,1-49,$50M-$250M,Digital,2021-02-15,Active,False,46737.79,29406.0,46,3,3,1,20501.65,0,0,0,0.0,0.0,27975.68,268007.28,77496.81,0.0,16353099.0,209160.0,1.279,3828.79
CUST-000691,White-Medina,Insurance,SMB,50-249,<$10M,Marketplace,2022-04-22,Active,False,12646.78,8216.68,12,1,1,1,12521.65,3,3,0,35.01,2.61,7389.11,65197.04,24192.35,0.0,4889003.0,77595.0,1.5871,1037.33
CUST-000692,Atkinson LLC,Education,SMB,250-999,$250M-$1B,Direct Sales,2025-06-26,Active,False,58722.29,36720.54,42,3,3,3,45462.95,0,0,0,0.0,0.0,23483.99,230285.83,70215.74,0.0,15200654.0,227521.0,1.4968,3276.28
CUST-000693,"Thomas, Ford and Brown",Technology,SMB,1-49,$1B+,Marketplace,2025-05-08,Active,True,56921.12,35634.7,47,3,3,2,26929.59,0,0,0,0.0,0.0,26698.16,280110.72,92310.94,1950.88,15187298.0,195048.0,1.2843,8178.24
CUST-000694,Faulkner-Grant,Banking,SMB,1-49,$10M-$50M,Marketplace,2025-08-24,Active,False,33777.73,21907.65,25,2,2,2,29460.64,0,0,0,0.0,0.0,17394.1,141900.29,45648.64,0.0,10800888.0,127463.0,1.1801,2305.94
CUST-000695,Price LLC,Healthcare,Enterprise,1000-4999,<$10M,Enterprise Agreement,2021-03-10,Active,True,1345965.9,860785.01,88,3,3,2,363352.56,7,5,0,43.44,3.39,667450.72,6001545.93,2004762.8,47784.87,367722544.0,5018209.0,1.3647,197247.89
CUST-000696,Rivera Inc,Manufacturing,Mid-Market,250-999,$10M-$50M,Direct Sales,2024-10-27,Active,False,408060.29,256876.61,98,5,5,3,118029.4,2,1,0,30.73,3.02,193373.03,1701641.38,652243.27,0.0,117003453.0,1612485.0,1.3782,27329.4
CUST-000697,Boone-Davis,Education,Enterprise,250-999,$10M-$50M,Digital,2022-06-03,Active,False,3120219.21,1953284.04,121,4,4,0,0.0,11,5,3,45.97,3.53,891654.28,8000550.67,2673013.43,0.0,498235297.0,6229475.0,1.2503,122980.34
CUST-000698,"Calderon, Williams and Bennett",Healthcare,Enterprise,1000-4999,$50M-$250M,Direct Sales,2021-08-20,Active,True,2117830.96,1334203.16,95,4,4,1,289454.37,7,5,2,63.71,3.35,674066.55,6048717.56,2065219.25,0.0,399738871.0,4653831.0,1.1642,93415.28
CUST-000699,"Morrison, Russo and Lopez",Healthcare,SMB,1-49,<$10M,Enterprise Agreement,2023-03-22,Active,False,91218.92,57006.99,57,3,3,2,34891.43,1,0,0,20.7,4.03,38160.06,338922.97,112063.27,0.0,19549362.0,257558.0,1.3175,5232.92
CUST-000700,"Ramsey, Hansen and Mendoza",Telecommunications,Enterprise,1-49,$10M-$50M,Partner,2021-11-14,Active,False,2831857.66,1813006.39,119,5,5,3,677674.52,6,2,1,35.8,4.17,837070.23,8819458.56,2516102.3,0.0,529535076.0,6783560.0,1.281,118136.2
CUST-000701,Turner-Stout,Transportation,Mid-Market,1-49,<$10M,Digital,2025-04-05,Active,False,226189.26,147134.82,49,3,3,2,114562.72,3,3,0,61.53,2.18,102446.55,935935.07,275444.67,0.0,60083534.0,782607.0,1.3025,13846.35
CUST-000702,Giles Ltd,Education,Mid-Market,50-249,$50M-$250M,Enterprise Agreement,2021-09-15,Active,False,287256.68,176252.45,62,3,3,2,130571.58,2,2,0,10.93,2.98,132015.02,1151146.53,414857.39,0.0,74830854.0,903091.0,1.2068,18332.16
CUST-000703,Burgess Group,Professional Services,Enterprise,50-249,<$10M,Marketplace,2023-06-18,Active,False,1942957.16,1246469.2,98,6,6,1,151996.99,13,9,3,55.82,3.1,662990.72,6767096.21,2057979.13,0.0,413517678.0,5467602.0,1.3222,93783.06
CUST-000704,Dominguez Ltd,Education,SMB,1000-4999,$1B+,Digital,2021-03-22,Active,False,70720.29,45036.51,40,2,2,2,40269.59,3,3,1,32.76,2.21,25124.24,213712.63,77756.77,0.0,12526192.0,171143.0,1.3663,3466.19
CUST-000705,Sanders and Sons,Energy,Mid-Market,250-999,$50M-$250M,Marketplace,2022-01-18,Active,True,536897.7,336620.39,90,5,5,3,226919.2,3,1,0,28.02,4.18,195825.68,1759450.06,589031.24,5010.01,111470688.0,1507107.0,1.352,38055.15
CUST-000706,"Morris, Campbell and Owens",Retail,SMB,1-49,$1B+,Partner,2024-02-10,Active,False,38375.23,24842.89,32,1,1,1,14138.58,1,0,0,5.18,4.94,19285.45,169693.79,52108.46,0.0,11712225.0,167482.0,1.43,2596.09
CUST-000707,"Howard, Green and Hunt",Banking,Mid-Market,5000+,$250M-$1B,Partner,2023-07-19,Active,False,114116.95,72628.67,25,2,2,0,0.0,3,3,1,52.12,2.95,49627.76,503180.72,178347.41,0.0,29393448.0,340970.0,1.16,7256.34
CUST-000708,Owens-Lang,Media,Enterprise,50-249,$50M-$250M,Direct Sales,2025-05-09,Active,False,1061151.55,686122.94,47,3,3,2,566539.32,7,4,0,33.45,3.21,358735.9,2911046.87,850201.5,0.0,210518742.0,2906533.0,1.3807,46610.13
CUST-000709,"Harrison, Franco and Rocha",Energy,Mid-Market,1000-4999,$1B+,Partner,2022-01-24,Active,False,199590.02,128129.14,39,2,2,1,48949.55,5,2,1,33.4,3.7,86988.04,735189.35,236897.07,0.0,49351113.0,727055.0,1.4732,11668.3
CUST-000710,Edwards-Williams,Insurance,Mid-Market,1-49,$1B+,Direct Sales,2022-10-22,Active,False,308433.06,204852.7,63,3,3,0,0.0,3,2,0,48.37,3.27,130398.72,1368802.95,409458.93,0.0,82548634.0,1035790.0,1.2548,18568.13
CUST-000711,Figueroa Inc,Healthcare,SMB,1-49,$250M-$1B,Partner,2021-03-06,Active,False,45989.49,28700.82,43,3,3,2,25441.33,3,2,1,47.58,3.53,27166.47,237535.93,75550.6,0.0,15136135.0,214186.0,1.4151,3675.42
CUST-000712,Tran-Silva,Transportation,SMB,1000-4999,$1B+,Enterprise Agreement,2023-03-07,Active,False,77192.94,47449.1,55,2,2,2,32107.77,4,3,1,32.94,2.89,35005.14,293320.54,94375.42,0.0,22785406.0,263655.0,1.1571,4680.9
CUST-000713,"Butler, Hernandez and Rivera",Media,Mid-Market,1-49,<$10M,Partner,2022-03-29,Active,True,477366.88,294234.54,91,4,4,2,102308.76,5,4,1,54.95,2.89,191448.93,1728582.02,565354.17,0.0,103975312.0,1452395.0,1.3969,26341.42
CUST-000714,Hudson-Sanchez,Banking,Mid-Market,250-999,$1B+,Marketplace,2024-08-01,Active,False,322510.66,201496.09,69,4,4,3,142875.56,9,8,2,50.34,2.83,144232.93,1439747.87,421918.4,0.0,85920751.0,1041866.0,1.2126,20079.71
CUST-000715,"Pena, Cohen and Scott",Energy,Enterprise,1-49,<$10M,Digital,2022-06-29,Active,False,2606190.5,1630648.95,98,5,5,1,222738.48,6,4,0,65.28,3.12,643937.34,6037637.12,1973761.68,0.0,434130599.0,5006428.0,1.1532,89767.51
CUST-000716,Levy-May,Insurance,SMB,50-249,$1B+,Marketplace,2021-07-18,Active,False,121175.04,78004.19,85,3,3,0,0.0,0,0,0,0.0,0.0,50513.62,451406.25,146788.34,0.0,31653286.0,455840.0,1.4401,6916.63
CUST-000717,Murray-Oconnor,Transportation,SMB,50-249,$1B+,Enterprise Agreement,2024-03-13,Active,False,36145.81,22280.49,25,2,2,1,19099.65,2,2,0,120.34,3.21,13809.37,158373.32,40989.76,0.0,10233671.0,144515.0,1.4122,1969.66
CUST-000718,Jackson-Cortez,Telecommunications,SMB,1000-4999,$250M-$1B,Direct Sales,2024-03-26,Active,False,18623.79,10994.01,13,1,1,1,16271.3,0,0,0,0.0,0.0,9540.78,87366.03,22775.24,0.0,5819660.0,82558.0,1.4186,1261.12
CUST-000719,White-Preston,Telecommunications,SMB,50-249,$1B+,Enterprise Agreement,2023-10-31,Active,False,37768.71,23774.3,36,1,1,1,12391.85,0,0,0,0.0,0.0,19853.43,207583.25,74383.79,0.0,11981249.0,134260.0,1.1206,2945.81
CUST-000720,"Bernard, Warren and Combs",Telecommunications,Mid-Market,250-999,$250M-$1B,Marketplace,2024-02-01,Active,False,172981.82,114904.29,27,2,2,1,89661.91,7,5,2,29.28,2.82,60805.01,550916.23,195106.1,0.0,37017778.0,433538.0,1.1712,8525.44
CUST-000721,Landry Ltd,Energy,Enterprise,50-249,$250M-$1B,Enterprise Agreement,2024-02-28,Active,False,3216968.18,2047991.86,157,6,6,4,876931.9,8,5,0,68.35,3.46,1032936.76,9993122.72,3439613.77,0.0,643417075.0,8088654.0,1.2571,147346.99
CUST-000722,Duran Group,Education,Enterprise,1000-4999,<$10M,Direct Sales,2023-07-16,Active,True,1289989.64,815082.1,51,4,4,0,0.0,9,8,4,59.15,2.89,345919.4,2796202.05,1031316.95,19490.19,223754265.0,2458771.0,1.0989,89916.89
CUST-000723,Kirby and Sons,Manufacturing,Strategic,1-49,$50M-$250M,Partner,2021-10-04,Active,True,10810523.86,6779811.07,120,6,6,1,1388988.83,13,8,4,39.81,3.06,2572038.88,23135777.27,8108762.35,108470.95,1551551057.0,19123678.0,1.2326,597478.91
CUST-000724,Mann Inc,Professional Services,SMB,250-999,$1B+,Enterprise Agreement,2025-08-11,Active,True,58300.12,37181.73,27,2,2,1,20543.77,1,1,0,73.85,3.06,17412.7,173415.39,49605.16,1221.61,9987040.0,123396.0,1.2356,5097.61
CUST-000725,Wagner LLC,Education,Mid-Market,250-999,$10M-$50M,Partner,2021-03-19,Active,True,291046.52,180888.93,47,2,2,1,56382.36,2,1,1,61.71,3.52,96098.03,858983.31,330399.68,4862.59,67759041.0,803551.0,1.1859,24368.33
CUST-000726,Williamson Ltd,Manufacturing,SMB,1-49,$1B+,Marketplace,2022-06-09,Active,False,65253.77,40812.4,67,3,3,1,9524.39,3,3,0,55.17,2.55,41347.87,364022.67,125406.55,0.0,24630578.0,346920.0,1.4085,5703.25
CUST-000727,"Durham, Hopkins and Smith",Telecommunications,Mid-Market,1000-4999,$10M-$50M,Marketplace,2025-01-21,Active,False,483735.47,306178.49,76,4,4,3,234817.69,6,2,1,38.59,3.78,139854.03,1432084.3,497461.89,0.0,88938465.0,1069138.0,1.2021,20425.51
CUST-000728,"Arnold, Smith and Moreno",Media,Enterprise,250-999,<$10M,Enterprise Agreement,2021-07-15,Active,False,3229155.29,2024433.37,159,7,7,3,775020.74,8,5,2,66.34,3.33,1108075.97,10766462.61,3349210.95,0.0,653762263.0,8843954.0,1.3528,154752.08
CUST-000729,Nichols-Mitchell,Telecommunications,SMB,1000-4999,$250M-$1B,Direct Sales,2022-11-16,Active,False,55657.98,33939.23,43,3,3,2,28066.82,1,0,0,7.57,4.54,27167.72,237141.81,83746.97,0.0,15529374.0,249109.0,1.6041,3756.97
CUST-000730,"Li, Craig and Drake",Media,Enterprise,1-49,$250M-$1B,Direct Sales,2025-10-06,Active,False,982278.59,628401.47,48,4,4,4,954590.03,6,5,2,65.08,2.91,325252.62,3170374.21,1117168.94,0.0,246669542.0,2930718.0,1.1881,46785.27
CUST-000731,Rodriguez Inc,Retail,SMB,250-999,$1B+,Partner,2024-03-02,Active,False,17326.34,10886.96,12,1,1,1,16540.24,0,0,0,0.0,0.0,5967.17,66144.02,15589.77,0.0,4016621.0,54488.0,1.3566,825.3
CUST-000732,"Hernandez, Lee and Fox",Education,SMB,5000+,$1B+,Enterprise Agreement,2023-03-16,Active,False,57554.35,36919.6,42,3,3,2,33826.19,3,3,1,78.5,2.56,21427.6,237161.0,70416.36,0.0,16898462.0,240296.0,1.422,3107.02
CUST-000733,Adams-Sanders,Retail,SMB,50-249,$50M-$250M,Direct Sales,2023-03-19,Active,False,12778.57,8683.57,15,1,1,1,9512.84,3,2,0,65.4,3.25,7995.39,85554.86,29020.73,0.0,5916694.0,74032.0,1.2512,1180.9
CUST-000734,Chung-Stevens,Insurance,Mid-Market,1000-4999,$1B+,Marketplace,2022-06-22,Active,False,266700.45,159024.23,41,2,2,1,86711.87,8,7,3,55.79,3.06,82322.72,836522.51,239463.6,0.0,52197740.0,775747.0,1.4862,11476.85
CUST-000735,Branch and Sons,Energy,Enterprise,50-249,$250M-$1B,Marketplace,2023-09-12,Active,False,2595835.09,1670238.58,119,6,6,2,524657.06,13,8,4,44.13,3.35,856991.55,7911694.58,2768066.33,0.0,528111143.0,7048104.0,1.3346,120633.38
CUST-000736,Sutton-Abbott,Energy,Mid-Market,50-249,$10M-$50M,Direct Sales,2025-02-15,Active,False,269523.89,171585.89,53,3,3,2,114376.2,5,4,1,47.41,3.12,113167.91,1107772.37,359422.49,0.0,64265565.0,758478.0,1.1802,15995.0
CUST-000737,"Frey, Santos and Johnson",Insurance,SMB,1-49,$250M-$1B,Marketplace,2024-03-25,Active,False,40866.97,26119.11,51,3,3,1,11984.32,3,3,1,39.23,2.54,27892.36,277924.59,100440.73,0.0,17605294.0,243761.0,1.3846,4070.71
CUST-000738,Gray-Tran,Transportation,SMB,1-49,$50M-$250M,Partner,2024-05-01,Active,False,40676.43,26126.25,50,2,2,0,0.0,0,0,0,0.0,0.0,26389.03,307249.55,95289.52,0.0,19560226.0,284802.0,1.456,3942.26
CUST-000739,Walsh Ltd,Education,Strategic,5000+,$10M-$50M,Marketplace,2025-07-03,Active,False,7714986.5,4745820.3,84,6,6,4,4371262.29,18,16,5,56.6,2.9,1614071.94,17176259.04,5101667.27,0.0,1109887023.0,14798434.0,1.3333,230635.37
CUST-000740,Miller Group,Retail,SMB,1-49,<$10M,Direct Sales,2023-02-05,Active,False,71567.68,45923.59,48,2,2,0,0.0,0,0,0,0.0,0.0,27967.76,283892.29,90083.28,0.0,18240698.0,203455.0,1.1154,3985.94
CUST-000741,"Mueller, Knight and Hodge",Manufacturing,SMB,1-49,$50M-$250M,Direct Sales,2025-11-15,Active,False,37924.94,24374.54,22,2,2,2,38716.41,2,2,0,89.26,2.04,12836.91,127993.82,41573.88,0.0,8108485.0,108479.0,1.3378,1827.21
CUST-000742,Jacobson Inc,Professional Services,SMB,5000+,$10M-$50M,Partner,2022-03-05,Active,True,31334.74,19620.12,39,2,2,1,9880.74,1,1,0,8.98,2.38,21432.91,215150.78,75124.63,0.0,13105575.0,186928.0,1.4263,3110.45
CUST-000743,Lewis Ltd,Professional Services,Mid-Market,50-249,<$10M,Marketplace,2024-06-29,Active,False,557582.51,357419.01,109,5,5,3,202302.44,1,1,0,8.22,1.7,227344.46,2333988.2,765874.34,0.0,146458585.0,1936830.0,1.3224,32788.42
CUST-000744,"Alvarez, Williams and Jones",Retail,Mid-Market,1-49,$50M-$250M,Partner,2022-06-08,Active,False,520564.75,330368.01,86,4,4,0,0.0,8,5,0,42.44,3.24,176855.84,1729687.53,501646.43,0.0,97667682.0,1341935.0,1.374,24392.76
CUST-000745,Lam-Elliott,Transportation,Enterprise,1-49,<$10M,Marketplace,2023-08-11,Active,True,1557244.98,985564.56,64,4,4,1,341844.85,7,5,1,61.08,2.98,462455.34,4218928.64,1479246.84,33549.3,257106780.0,3109393.0,1.2094,138659.64
CUST-000746,White LLC,Telecommunications,Mid-Market,1-49,<$10M,Digital,2024-09-13,Active,False,475065.59,292749.79,94,4,4,3,160351.23,5,2,1,56.57,3.72,181621.98,1746777.38,617443.37,0.0,128505153.0,1736854.0,1.3516,26013.82
CUST-000747,Ali PLC,Energy,Enterprise,1-49,$50M-$250M,Marketplace,2023-02-19,Active,True,2136650.46,1350549.28,111,4,4,2,472820.89,8,5,2,41.32,3.12,802910.24,7109724.55,2571365.33,0.0,445996152.0,5602128.0,1.2561,112195.3
CUST-000748,Goodwin Ltd,Energy,Enterprise,1000-4999,$1B+,Direct Sales,2022-02-12,Active,True,2367816.55,1476276.29,105,7,7,5,1545873.7,10,7,0,72.95,3.51,746248.45,7338193.35,2237410.75,29053.14,484964116.0,6657441.0,1.3728,168129.71
CUST-000749,Hickman-Evans,Technology,SMB,50-249,<$10M,Digital,2023-10-01,Active,False,63434.41,37894.32,36,2,2,1,20271.7,1,0,0,21.62,4.5,21798.02,187402.6,73572.9,0.0,13616316.0,186711.0,1.3712,3072.23
CUST-000750,"Allen, Davenport and Price",Energy,Mid-Market,250-999,<$10M,Digital,2022-04-29,Active,False,129771.42,82444.17,25,2,2,0,0.0,2,2,1,28.73,2.17,45670.99,490266.59,146990.76,0.0,31341044.0,386799.0,1.2342,6561.03
CUST-000751,"Rivera, Campos and Taylor",Healthcare,Enterprise,50-249,$50M-$250M,Marketplace,2022-07-28,Active,False,2490244.69,1550962.27,104,5,5,2,562435.1,5,4,1,66.47,2.89,767630.46,6840816.12,2213980.41,0.0,443570974.0,5860918.0,1.3213,104908.23
CUST-000752,"Ramsey, Mason and Mccann",Transportation,Mid-Market,5000+,$10M-$50M,Marketplace,2023-12-03,Active,False,567810.62,356387.81,103,5,5,3,212286.8,7,3,0,43.35,3.39,224123.66,2059649.94,684031.3,0.0,125724844.0,1680266.0,1.3365,31130.61
CUST-000753,Davis and Sons,Media,SMB,250-999,$250M-$1B,Enterprise Agreement,2022-10-02,Active,False,29952.44,18530.5,26,2,2,2,26721.11,0,0,0,0.0,0.0,15984.16,165285.61,49547.19,0.0,10424057.0,125881.0,1.2076,2264.64
CUST-000754,Peterson PLC,Transportation,SMB,50-249,$10M-$50M,Digital,2024-01-14,Active,True,53403.14,34068.41,36,2,2,1,16670.15,0,0,0,0.0,0.0,24831.19,180691.03,64259.12,0.0,15012466.0,220801.0,1.4708,3238.76
CUST-000755,"Sanders, Ayala and Johnson",Retail,Mid-Market,5000+,$10M-$50M,Digital,2023-05-31,Active,False,438526.35,278329.01,77,3,3,1,64304.21,3,2,0,49.96,2.98,162329.35,1591066.25,475364.02,0.0,98807359.0,1211882.0,1.2265,22545.46
CUST-000756,Bowers-Hayes,Retail,SMB,250-999,$10M-$50M,Direct Sales,2021-08-31,Active,False,32755.06,21224.39,24,1,1,0,0.0,0,0,0,0.0,0.0,16938.08,147698.55,45740.51,0.0,8029784.0,112595.0,1.4022,2277.1
CUST-000757,Kelly Group,Education,Enterprise,250-999,$10M-$50M,Partner,2022-09-14,Active,False,1561171.35,1004603.52,104,6,6,5,881905.66,7,7,3,57.61,2.87,767030.17,6838924.92,2199639.96,0.0,487942875.0,6679351.0,1.3689,104706.84
CUST-000758,Lopez-Willis,Media,SMB,250-999,$1B+,Enterprise Agreement,2024-06-07,Active,True,33409.66,20866.62,26,2,2,0,0.0,2,1,0,43.54,3.68,14218.17,138052.33,52213.72,0.0,8461572.0,88452.0,1.0453,2077.88
CUST-000759,Miller-Montgomery,Banking,Mid-Market,250-999,<$10M,Marketplace,2024-11-08,Active,True,494267.88,312601.48,85,5,5,2,153748.5,4,1,1,47.78,4.24,166129.77,1654144.95,548046.67,9136.96,101327009.0,1399685.0,1.3814,43842.12
CUST-000760,Marquez Inc,Telecommunications,SMB,50-249,$250M-$1B,Marketplace,2024-08-23,Active,False,51627.77,32198.89,55,3,3,2,24897.55,1,1,0,13.88,3.21,33740.19,276283.7,91975.0,0.0,21216832.0,250670.0,1.1815,4508.98
CUST-000761,Moore-Dawson,Technology,Mid-Market,1-49,$50M-$250M,Marketplace,2021-03-08,Active,True,269106.62,174709.92,46,3,3,2,145332.32,3,1,0,44.27,4.11,99433.34,922508.27,281147.56,0.0,58633253.0,681331.0,1.162,13605.41
CUST-000762,"Moore, Price and Ward",Healthcare,SMB,1-49,$10M-$50M,Marketplace,2025-04-01,Active,False,15759.51,9685.73,13,1,1,0,0.0,1,0,0,21.17,4.97,7740.47,63834.37,24744.79,0.0,4388664.0,66689.0,1.5196,1071.84
CUST-000763,Smith LLC,Education,Enterprise,50-249,$250M-$1B,Marketplace,2025-11-11,Active,False,608044.82,377657.9,33,3,3,3,619667.77,15,7,1,42.08,3.56,241966.41,1875700.26,722257.71,0.0,145492263.0,1789417.0,1.2299,32751.04
CUST-000764,Ward-Nelson,Professional Services,Enterprise,250-999,$250M-$1B,Enterprise Agreement,2023-02-19,Active,False,1199400.23,738524.6,61,3,3,0,0.0,10,6,0,26.19,3.07,449389.23,4072599.66,1337168.31,0.0,289155391.0,3787371.0,1.3098,61962.11
CUST-000765,Miller Group,Transportation,Strategic,1-49,$1B+,Direct Sales,2023-12-12,Active,True,7343925.7,4560456.64,67,5,5,2,2090449.29,18,12,6,45.28,3.21,1348741.92,12078102.49,3796908.12,53763.41,860145349.0,11551134.0,1.3429,301791.56
CUST-000766,Hawkins-Hunt,Energy,Mid-Market,5000+,$250M-$1B,Direct Sales,2022-05-19,Active,False,530272.58,334248.27,82,5,5,2,166366.12,4,4,0,87.0,3.21,171395.05,1480951.95,541857.45,0.0,102889283.0,1197511.0,1.1639,23806.3
CUST-000767,Johnson LLC,Healthcare,Mid-Market,250-999,$250M-$1B,Marketplace,2021-04-11,Active,False,421086.06,263912.31,74,5,5,2,157641.39,3,3,0,33.12,2.58,136582.16,1515987.77,471133.39,0.0,100516409.0,1387505.0,1.3804,20035.82
CUST-000768,"Davis, George and Nguyen",Manufacturing,Enterprise,5000+,<$10M,Enterprise Agreement,2023-05-16,Active,True,2219704.63,1436776.05,92,3,3,1,345778.66,8,6,1,48.83,3.17,704424.93,5995081.39,2197710.07,83504.28,420275170.0,5852476.0,1.3925,281074.22
CUST-000769,Smith-Gutierrez,Insurance,Enterprise,5000+,<$10M,Partner,2023-07-15,Active,False,2040738.03,1303456.5,92,5,5,1,241392.59,9,5,1,36.33,3.73,658727.28,6341833.43,2026743.19,0.0,376696691.0,4683000.0,1.2432,92236.41
CUST-000770,Hardy PLC,Telecommunications,Enterprise,1000-4999,<$10M,Partner,2023-04-27,Active,True,974829.89,589336.53,47,3,3,2,410088.74,4,4,0,62.71,2.56,337965.36,3372808.24,870076.7,22018.13,177562791.0,2229297.0,1.2555,94303.16
CUST-000771,Armstrong and Sons,Manufacturing,Mid-Market,250-999,$10M-$50M,Direct Sales,2021-07-04,Active,False,381027.89,234794.57,61,3,3,0,0.0,6,5,2,34.11,3.33,136920.95,1168868.21,437550.0,0.0,81283930.0,1136576.0,1.3983,19036.43
CUST-000772,"James, Taylor and Turner",Energy,SMB,1000-4999,$1B+,Enterprise Agreement,2021-06-24,Active,False,38898.32,24570.67,34,2,2,1,14754.64,0,0,0,0.0,0.0,20855.73,186273.23,72553.69,0.0,13236307.0,182819.0,1.3812,2975.07
CUST-000773,Thomas-Jackson,Retail,Strategic,250-999,$1B+,Partner,2021-03-31,Active,True,16152458.42,10082248.93,215,9,9,5,4444690.87,17,11,3,46.46,3.29,4340021.84,41971456.79,14171495.78,129942.44,2729909756.0,35986965.0,1.3182,902133.19
CUST-000774,Fisher-Washington,Banking,SMB,1000-4999,$50M-$250M,Digital,2024-12-29,Active,False,41888.04,26132.23,48,3,3,1,10412.81,0,0,0,0.0,0.0,30785.39,289559.3,84094.17,0.0,18397190.0,263865.0,1.4343,4190.9
CUST-000775,Ward and Sons,Insurance,Enterprise,50-249,$10M-$50M,Direct Sales,2022-01-06,Active,True,2397729.47,1480410.71,96,4,4,2,559695.11,8,6,1,46.53,3.0,644280.73,6180917.48,1985055.4,60891.39,412355881.0,5429865.0,1.3168,224158.62
CUST-000776,"Weber, Wheeler and Gonzalez",Education,Mid-Market,5000+,<$10M,Enterprise Agreement,2023-10-17,Active,True,459401.52,285215.16,69,4,4,3,208573.81,6,5,1,44.07,3.51,134197.24,1260393.06,430123.08,0.0,99302784.0,1332688.0,1.342,18899.58
CUST-000777,Taylor Inc,Education,Enterprise,1000-4999,$250M-$1B,Marketplace,2024-09-12,Active,True,3326940.41,2128127.01,135,7,7,3,888267.98,7,4,0,46.77,3.52,950902.32,8343533.45,2843368.34,12177.65,601600370.0,7851123.0,1.305,157492.65
CUST-000778,Cook-Oliver,Energy,SMB,250-999,$1B+,Enterprise Agreement,2025-12-12,Active,True,18439.28,11535.78,10,1,1,1,20402.37,0,0,0,0.0,0.0,4275.95,51497.65,17970.74,1100.86,3563273.0,37975.0,1.0657,3089.31
CUST-000779,Alexander-Jordan,Banking,Enterprise,250-999,<$10M,Partner,2021-10-31,Active,True,2993717.91,1880985.96,148,6,6,2,489581.64,5,3,1,47.17,3.05,1009686.41,9911211.63,3358636.95,56703.58,675868305.0,9495381.0,1.4049,269028.48
CUST-000780,"Mccann, Taylor and Flores",Manufacturing,Enterprise,250-999,<$10M,Direct Sales,2024-05-20,Active,False,2002573.45,1255294.41,96,6,6,3,713406.96,5,2,0,39.16,3.79,664973.25,6814776.66,1938867.4,0.0,444883110.0,5259625.0,1.1822,92865.71
CUST-000781,"Harris, Edwards and Oconnell",Media,SMB,5000+,$1B+,Enterprise Agreement,2022-08-06,Active,False,80460.91,50737.73,62,3,3,1,16785.83,1,1,0,10.79,3.1,37446.35,388904.29,119292.13,0.0,25676357.0,290549.0,1.1316,5340.72
CUST-000782,Carter-Neal,Banking,SMB,1-49,$50M-$250M,Digital,2023-01-08,Active,False,35809.77,21960.02,25,1,1,0,0.0,2,2,1,31.75,2.49,14828.06,146969.53,50822.92,0.0,8506036.0,109977.0,1.2929,2136.82
CUST-000783,Faulkner-Casey,Technology,SMB,5000+,<$10M,Digital,2025-04-03,Active,False,48792.12,31613.55,43,3,3,2,23259.01,1,1,0,41.62,2.76,25321.6,226801.38,74030.91,0.0,15144815.0,229754.0,1.517,3472.98
CUST-000784,Bennett-Velasquez,Telecommunications,Mid-Market,5000+,$250M-$1B,Enterprise Agreement,2022-07-17,Active,False,184900.87,114354.37,56,3,3,2,90403.18,6,4,0,51.17,2.96,109159.51,1139927.48,358834.35,0.0,73537471.0,930622.0,1.2655,15692.53
CUST-000785,Diaz-Frederick,Media,SMB,5000+,<$10M,Marketplace,2021-08-12,Active,False,44144.19,27842.14,48,2,2,1,7583.28,0,0,0,0.0,0.0,28958.51,263725.57,88135.13,0.0,18140794.0,239022.0,1.3176,4015.2
CUST-000786,Vargas PLC,Manufacturing,Mid-Market,1000-4999,$1B+,Digital,2024-12-18,Active,False,590357.54,368074.42,101,5,5,4,269938.31,5,2,0,49.33,3.72,226298.59,2001331.99,674121.21,0.0,119403165.0,1592360.0,1.3336,31111.08
CUST-000787,Maldonado PLC,Retail,SMB,5000+,$1B+,Marketplace,2022-12-26,Active,False,27182.95,16831.71,35,1,1,1,9088.63,3,2,0,78.31,3.72,22557.88,204525.91,66964.44,0.0,14793814.0,230090.0,1.5553,3109.12
CUST-000788,Benton Group,Retail,Mid-Market,5000+,$10M-$50M,Digital,2025-07-13,Active,False,240845.57,154250.19,39,3,3,2,131037.55,8,4,0,38.54,3.51,75878.27,714741.87,251495.79,0.0,49088683.0,658784.0,1.342,10773.35
CUST-000789,"Clark, Salinas and Guerra",Transportation,Strategic,1-49,$10M-$50M,Enterprise Agreement,2023-08-11,Active,True,17686334.65,11156260.73,175,9,9,3,4166523.93,28,20,4,51.49,3.13,3743077.41,36010132.39,11117262.48,164950.46,2349336241.0,31869446.0,1.3565,882960.89
CUST-000790,Fuentes Group,Energy,Strategic,50-249,<$10M,Partner,2022-12-18,Active,True,9671234.58,6041259.69,104,6,6,5,5057498.8,19,8,2,45.25,3.69,2147571.48,21371931.89,6684657.76,49464.02,1399634656.0,18588605.0,1.3281,411692.47
CUST-000791,"Porter, Schultz and Allen",Manufacturing,Mid-Market,5000+,$1B+,Digital,2022-09-23,Active,False,539327.69,338515.64,106,5,5,1,55922.57,4,2,1,74.96,4.08,206085.73,2093274.91,704112.35,0.0,133544656.0,1757294.0,1.3159,29775.62
CUST-000792,"Moore, Henderson and Bennett",Technology,Enterprise,5000+,$1B+,Direct Sales,2022-12-01,Active,False,2596193.83,1648825.48,113,6,6,3,789308.97,8,7,1,60.75,2.45,798109.27,7848233.24,2267363.62,0.0,491726872.0,6465438.0,1.3148,110199.95
CUST-000793,Ewing-Mendoza,Transportation,Enterprise,1000-4999,$250M-$1B,Direct Sales,2022-11-24,Active,True,1942286.22,1190572.79,78,5,5,2,544277.8,7,5,1,41.82,2.9,541495.7,5651761.4,1505015.63,20691.2,372470938.0,4944772.0,1.3276,120608.81
CUST-000794,Ferguson-Mclean,Energy,Mid-Market,250-999,$250M-$1B,Marketplace,2023-08-02,Active,True,310714.38,192327.08,60,3,3,2,124626.73,8,5,2,60.78,3.33,121685.19,1332629.27,355106.6,0.0,77630112.0,1023673.0,1.3187,17167.71
CUST-000795,"Barnes, Johnson and Schmitt",Media,Enterprise,250-999,$1B+,Enterprise Agreement,2022-09-06,Active,False,976006.12,637176.09,38,3,3,2,534405.58,4,3,0,66.03,3.47,239587.05,2775603.98,817081.21,0.0,159373396.0,2133551.0,1.3387,35284.69
CUST-000796,"Woodard, Herrera and Little",Telecommunications,SMB,1-49,$10M-$50M,Digital,2025-06-26,Active,False,11603.97,7284.32,16,1,1,1,8167.11,3,1,0,56.42,3.48,10015.06,92879.94,30916.74,0.0,5339404.0,45710.0,0.8561,1396.36
CUST-000797,Rodriguez and Sons,Energy,Enterprise,50-249,$1B+,Enterprise Agreement,2024-07-07,Active,False,2606193.59,1651814.56,129,6,6,4,960701.27,7,6,0,42.12,2.86,932652.3,8963635.76,2466810.71,0.0,579545036.0,7525777.0,1.2986,126534.03
CUST-000798,"Ortega, Jackson and Salazar",Manufacturing,SMB,250-999,<$10M,Digital,2025-05-22,Active,True,19893.93,12413.23,13,1,1,0,0.0,2,1,0,13.92,4.06,6816.48,70570.85,20107.9,1690.19,5813654.0,72331.0,1.2442,4674.04
CUST-000799,"Terrell, Byrd and Ross",Education,SMB,250-999,$10M-$50M,Enterprise Agreement,2023-02-01,Active,False,88793.63,55344.16,67,3,3,3,47223.66,1,1,0,34.36,3.58,40373.9,415880.11,110382.66,0.0,24962553.0,341180.0,1.3668,5569.13
CUST-000800,Sheppard-Jordan,Healthcare,SMB,1-49,$250M-$1B,Enterprise Agreement,2021-03-18,Active,False,59668.24,37848.43,57,3,3,1,7493.13,2,2,1,69.89,2.77,34784.03,306317.07,82464.44,0.0,20674570.0,261744.0,1.266,4567.71
CUST-000801,Garcia and Sons,Healthcare,SMB,250-999,$250M-$1B,Enterprise Agreement,2021-11-12,Active,False,108514.77,68460.24,84,3,3,2,35315.03,0,0,0,0.0,0.0,47856.55,461859.39,144370.77,0.0,31078908.0,373709.0,1.2025,6674.85
CUST-000802,"Burgess, Grant and Watts",Insurance,SMB,5000+,$10M-$50M,Partner,2025-11-21,Active,True,30130.68,18004.28,22,2,2,2,30695.8,2,2,0,37.32,3.61,12040.81,132673.26,41924.32,0.0,9300669.0,127106.0,1.3666,1768.27
CUST-000803,Griffin Group,Energy,Mid-Market,1-49,<$10M,Digital,2025-11-07,Active,False,137238.64,86528.76,33,3,3,3,145772.0,8,5,1,54.49,3.46,60516.8,603091.96,223601.14,0.0,43077216.0,457828.0,1.0628,8888.6
CUST-000804,Barton-Chapman,Insurance,Strategic,250-999,$250M-$1B,Direct Sales,2025-11-21,Active,False,6629437.95,4083504.8,55,5,5,5,6774099.09,21,14,1,50.01,3.23,1117329.55,10753706.63,3766546.8,0.0,647472077.0,8543759.0,1.3196,159732.3
CUST-000805,"Hernandez, Cuevas and Webb",Media,SMB,250-999,$10M-$50M,Digital,2021-02-16,Active,False,79970.81,50344.73,55,3,3,1,19616.99,2,2,1,59.89,2.43,34670.1,310564.3,98872.93,0.0,18608884.0,235158.0,1.2637,4730.18
CUST-000806,Perry-Nixon,Education,SMB,1-49,$50M-$250M,Partner,2022-10-16,Active,False,34615.73,22469.98,39,2,2,1,12661.03,1,1,0,134.45,3.14,23506.43,199299.64,71394.31,0.0,13048182.0,168168.0,1.2888,3228.12
CUST-000807,Guerra Ltd,Energy,SMB,5000+,<$10M,Partner,2024-06-29,Active,True,69740.94,44589.58,63,3,3,0,0.0,0,0,0,0.0,0.0,36878.49,378387.1,111617.67,0.0,21716289.0,284914.0,1.312,5191.97
CUST-000808,Bailey LLC,Professional Services,Mid-Market,250-999,$1B+,Partner,2021-10-17,Active,False,248494.07,158553.59,54,3,3,2,113858.59,2,1,0,26.02,3.03,114829.28,888676.22,347059.53,0.0,62237133.0,605234.0,0.9725,15582.7
CUST-000809,Mueller-Boyd,Energy,SMB,1000-4999,<$10M,Partner,2022-11-25,Active,False,15587.83,9727.13,24,1,1,0,0.0,2,2,0,83.25,2.16,13958.11,151321.85,42603.89,0.0,8124354.0,105301.0,1.2961,1984.92
CUST-000810,Alvarez-Kim,Banking,SMB,1-49,$250M-$1B,Marketplace,2023-02-25,Active,True,56372.25,35868.1,31,1,1,1,20789.92,0,0,0,0.0,0.0,15593.1,187045.17,61862.36,0.0,11008116.0,135562.0,1.2315,2396.03
CUST-000811,"Chavez, Jones and Williams",Professional Services,SMB,1000-4999,$1B+,Digital,2024-07-13,Active,False,50382.35,30250.8,49,3,3,2,21184.24,1,0,0,7.63,4.06,28083.9,266591.71,84282.69,0.0,17979346.0,237020.0,1.3183,3903.48
CUST-000812,"Wilson, Sweeney and Wong",Energy,SMB,1-49,$250M-$1B,Enterprise Agreement,2024-10-05,Active,False,78907.17,50070.59,61,3,3,2,33785.09,3,3,1,15.42,2.72,33216.86,388508.53,106457.24,0.0,21234451.0,287504.0,1.354,4831.12
CUST-000813,"Marsh, Spears and Yang",Transportation,SMB,1000-4999,$250M-$1B,Partner,2022-09-28,Active,True,39475.83,24973.57,24,1,1,0,0.0,2,2,0,68.04,2.05,15540.47,129238.37,49725.54,0.0,8524404.0,100422.0,1.1781,2154.39
CUST-000814,"Thompson, Moore and Castro",Manufacturing,Strategic,250-999,$250M-$1B,Partner,2024-06-17,Active,False,8244847.91,5252487.67,109,6,6,3,3042185.13,7,5,2,38.2,2.84,2171097.12,21575183.78,6925559.41,0.0,1334492397.0,15981630.0,1.1976,307804.7
CUST-000815,Hall-Sullivan,Telecommunications,Mid-Market,1000-4999,$250M-$1B,Direct Sales,2025-10-29,Active,False,146532.44,97439.9,24,2,2,2,135795.06,4,0,0,39.5,4.27,52956.53,458793.1,133904.26,0.0,34873608.0,474432.0,1.3604,7022.68
CUST-000816,Lopez Ltd,Retail,SMB,250-999,$50M-$250M,Enterprise Agreement,2023-08-03,Active,False,66930.7,40329.47,64,3,3,1,11591.58,1,1,0,28.02,2.89,34218.47,351239.61,112009.04,0.0,25005757.0,310527.0,1.2418,4902.24
CUST-000817,Foster-Mclaughlin,Professional Services,Mid-Market,1-49,$50M-$250M,Enterprise Agreement,2025-08-02,Active,True,260576.58,165393.75,42,3,3,3,210581.33,6,5,0,67.14,2.98,85902.39,834860.99,304943.09,0.0,61098597.0,773304.0,1.2657,12450.41
CUST-000818,Cole Group,Media,Mid-Market,1000-4999,$10M-$50M,Enterprise Agreement,2023-04-01,Active,False,316028.53,201194.6,49,2,2,2,147571.79,2,0,0,25.71,4.42,116635.14,911515.31,297901.01,0.0,62922062.0,874265.0,1.3894,15299.27
CUST-000819,Smith-Lewis,Insurance,SMB,250-999,$10M-$50M,Enterprise Agreement,2023-02-26,Active,False,40339.6,25333.67,35,1,1,1,13250.14,2,2,1,102.87,2.97,18625.58,205626.16,54608.84,0.0,12905263.0,157171.0,1.2179,2633.89
CUST-000820,Goodwin-Stokes,Energy,Mid-Market,50-249,$10M-$50M,Direct Sales,2022-12-02,Active,False,431540.09,275143.73,76,5,5,3,194032.49,5,3,1,39.62,3.37,159204.64,1597278.85,565647.65,0.0,100151772.0,1422540.0,1.4204,23179.38
CUST-000821,Ray PLC,Media,Enterprise,5000+,$250M-$1B,Digital,2021-08-23,Active,False,2547823.92,1621591.99,91,5,5,3,918349.78,8,7,1,55.23,2.86,601914.14,6438090.61,2010205.04,0.0,414230460.0,5751718.0,1.3885,87150.56
CUST-000822,Diaz and Sons,Insurance,Mid-Market,5000+,<$10M,Enterprise Agreement,2023-04-12,Active,True,426838.05,275870.57,68,4,4,1,31082.07,5,3,1,48.76,3.79,149529.18,1285474.33,460066.62,4198.31,89192131.0,1046787.0,1.1736,29865.57
CUST-000823,Wilson-Lambert,Transportation,Enterprise,1-49,<$10M,Partner,2024-08-13,Active,True,2492627.46,1603164.3,102,5,5,2,817920.35,7,5,1,63.38,3.53,785402.3,6655549.07,2281355.4,39218.61,461769077.0,5078311.0,1.0998,193091.92
CUST-000824,Rose-Fowler,Banking,Enterprise,50-249,$10M-$50M,Marketplace,2024-07-26,Active,False,2239693.2,1432912.23,119,5,5,3,542355.16,10,5,2,34.41,3.66,817168.33,7962183.37,2445678.87,0.0,533198750.0,7489531.0,1.4046,113926.26
CUST-000825,"Price, Long and Wilson",Healthcare,Mid-Market,50-249,$50M-$250M,Digital,2023-07-05,Active,False,384957.18,244729.19,58,3,3,2,172208.4,2,1,0,50.39,3.59,113037.03,1134349.02,350285.63,0.0,77968835.0,1046129.0,1.3417,15944.53
CUST-000826,Bruce-Williamson,Professional Services,Mid-Market,250-999,<$10M,Enterprise Agreement,2023-06-10,Active,False,725725.31,456247.17,124,5,5,4,256664.99,2,1,0,45.92,3.73,257078.3,2564028.93,827271.46,0.0,159821669.0,1978228.0,1.2378,36537.34
CUST-000827,"Mccarthy, Evans and Mendez",Manufacturing,SMB,1-49,$50M-$250M,Enterprise Agreement,2021-09-19,Active,False,70116.99,43100.4,43,2,2,1,17511.62,0,0,0,0.0,0.0,25055.63,251537.41,78204.72,0.0,17146598.0,239421.0,1.3963,3540.11
CUST-000828,Powers LLC,Telecommunications,Strategic,1-49,$50M-$250M,Direct Sales,2025-08-08,Active,False,8658631.61,5269576.14,104,8,8,2,2245214.12,22,16,3,42.39,3.07,2277645.81,20223931.67,6602913.46,0.0,1261332555.0,16449258.0,1.3041,311464.86
CUST-000829,Allen Inc,Professional Services,SMB,1000-4999,$250M-$1B,Marketplace,2022-10-14,Active,False,43003.25,27091.55,50,3,3,0,0.0,0,0,0,0.0,0.0,29778.52,251930.24,95149.08,0.0,17460541.0,235935.0,1.3512,4135.53
CUST-000830,Brooks and Sons,Retail,Mid-Market,50-249,$1B+,Marketplace,2023-08-31,Active,False,777654.27,489382.12,115,5,5,1,62323.22,9,3,1,49.41,3.65,225271.04,2100528.63,803759.95,0.0,149417471.0,1911245.0,1.2791,32513.32
CUST-000831,"Price, Carlson and Andrews",Manufacturing,Enterprise,50-249,$10M-$50M,Direct Sales,2021-11-12,Active,False,1329797.15,827016.4,83,4,4,3,543267.14,13,6,0,32.81,3.69,565010.36,5719158.09,1852713.14,0.0,385046158.0,5136873.0,1.3341,80816.68
CUST-000832,Lopez-Reid,Education,SMB,1000-4999,$10M-$50M,Direct Sales,2025-12-18,Active,True,39065.75,25285.26,30,3,3,3,44052.32,2,1,0,28.27,3.48,17230.62,164933.72,56469.32,1010.66,10861242.0,157486.0,1.45,4668.65
CUST-000833,"Ellison, Arias and Thompson",Professional Services,SMB,5000+,$250M-$1B,Enterprise Agreement,2025-06-04,Active,False,35902.23,23503.55,29,2,2,1,12887.8,1,1,0,37.67,2.98,18632.64,194432.94,57222.25,0.0,8602559.0,112238.0,1.3047,2637.95
CUST-000834,Burns and Sons,Education,SMB,1000-4999,$50M-$250M,Partner,2025-08-07,Active,False,52438.02,33104.45,40,3,3,3,44937.47,1,0,0,21.57,4.2,23960.7,247713.56,81074.19,0.0,16258165.0,208558.0,1.2828,3462.62
CUST-000835,Edwards Group,Professional Services,SMB,50-249,$1B+,Digital,2023-10-18,Active,True,60418.39,38011.59,62,3,3,0,0.0,1,1,0,48.77,1.87,39513.75,338549.57,129215.65,2838.91,22274791.0,273119.0,1.2261,11771.06
CUST-000836,"Brown, Howard and Smith",Banking,SMB,5000+,$250M-$1B,Digital,2021-03-10,Active,False,71768.26,45185.49,64,3,3,1,7496.9,4,3,0,63.91,2.74,35431.16,375479.67,115617.86,0.0,21535528.0,291627.0,1.3542,5096.0
CUST-000837,Lee Group,Retail,SMB,5000+,$50M-$250M,Marketplace,2021-06-13,Active,False,84656.78,53324.08,61,3,3,1,16937.56,3,1,0,33.13,3.85,36171.2,330285.81,119324.03,0.0,23746002.0,358589.0,1.5101,5109.02
CUST-000838,"Wagner, Simpson and Cohen",Healthcare,Mid-Market,1000-4999,<$10M,Enterprise Agreement,2021-07-01,Active,False,361451.3,232452.57,73,5,5,0,0.0,3,2,0,44.78,3.53,161977.8,1370761.16,417756.87,0.0,94720080.0,1169329.0,1.2345,21497.21
CUST-000839,Mckinney-Wallace,Energy,Enterprise,1-49,$250M-$1B,Marketplace,2022-12-05,Active,False,1375938.08,891995.05,58,3,3,3,800481.28,9,7,2,46.51,3.14,402192.84,3866212.77,1153068.9,0.0,250694717.0,3621443.0,1.4446,55460.65
CUST-000840,Miller Inc,Technology,Mid-Market,250-999,$50M-$250M,Digital,2022-11-10,Active,False,362473.59,231697.28,62,4,4,0,0.0,2,2,1,31.33,2.42,126402.36,1199054.89,370373.58,0.0,75674564.0,896770.0,1.185,17478.16
CUST-000841,Carter LLC,Media,SMB,250-999,<$10M,Marketplace,2025-01-28,Active,False,63217.87,41066.87,49,3,3,2,33063.61,3,0,0,24.82,4.52,29119.95,289248.82,91471.65,0.0,17549420.0,232330.0,1.3239,4114.04
CUST-000842,Medina and Sons,Professional Services,Mid-Market,5000+,<$10M,Digital,2022-08-21,Active,True,380192.59,246205.28,58,3,3,2,109252.89,2,1,0,19.75,3.4,127761.71,1100787.09,385913.32,15076.15,76599194.0,1002127.0,1.3083,50726.69
CUST-000843,Cunningham-Barton,Manufacturing,Mid-Market,250-999,$10M-$50M,Enterprise Agreement,2025-10-10,Active,False,162400.61,101910.98,36,3,3,3,151869.19,4,2,0,31.2,3.06,75403.37,793386.01,238687.69,0.0,40175282.0,535759.0,1.3336,10759.91
CUST-000844,Dunn-Wilson,Media,SMB,50-249,$1B+,Partner,2021-08-17,Active,True,58265.45,38471.92,47,2,2,2,31550.41,2,0,0,21.53,4.46,29118.98,208411.24,83975.99,1726.26,16458568.0,215348.0,1.3084,7674.94
CUST-000845,Adams PLC,Professional Services,Mid-Market,50-249,$250M-$1B,Partner,2022-06-20,Active,False,618814.23,383150.76,100,5,5,1,89316.97,4,4,2,94.15,2.63,222140.86,1956433.81,621182.37,0.0,116135845.0,1566761.0,1.3491,30117.64
CUST-000846,Weaver-Sherman,Retail,Enterprise,5000+,$10M-$50M,Marketplace,2021-06-22,Active,True,2821724.58,1763584.42,121,6,6,1,242273.7,4,2,0,28.19,3.8,827475.07,8373114.53,2691687.54,13682.27,539682332.0,7470141.0,1.3842,148236.83
CUST-000847,"Alexander, Robinson and Coleman",Transportation,Enterprise,1000-4999,$10M-$50M,Partner,2022-05-03,Active,False,1880808.92,1221539.26,67,3,3,2,675623.0,3,3,1,73.87,2.73,474244.18,4682273.65,1684192.22,0.0,286305054.0,3349297.0,1.1698,68888.47
CUST-000848,"Greer, Potter and Evans",Insurance,Mid-Market,1-49,$10M-$50M,Marketplace,2022-06-26,Active,True,123610.88,76099.35,34,2,2,1,44785.92,6,4,0,24.29,3.22,73869.81,652366.49,213476.47,7914.91,37976078.0,524209.0,1.3804,27500.76
CUST-000849,Cole LLC,Energy,SMB,50-249,$250M-$1B,Marketplace,2025-03-21,Active,False,34959.53,20890.72,19,1,1,1,20393.19,2,2,0,35.54,2.47,10203.97,107874.32,28948.44,0.0,6325865.0,68817.0,1.0879,1423.52
CUST-000850,Gonzales Inc,Banking,Mid-Market,250-999,$250M-$1B,Marketplace,2023-06-10,Active,False,333864.01,205331.77,57,3,3,3,181278.23,2,1,0,51.72,3.43,130628.66,1086948.19,312160.84,0.0,70637749.0,754033.0,1.0675,17052.07
CUST-000851,Clark Ltd,Insurance,Mid-Market,5000+,$50M-$250M,Marketplace,2021-03-26,Active,False,679089.35,425859.96,132,5,5,1,30840.98,5,3,0,63.84,3.58,276537.14,2355627.04,873764.96,0.0,165696951.0,2098362.0,1.2664,38336.62
CUST-000852,"Norris, Callahan and Bishop",Manufacturing,Mid-Market,250-999,<$10M,Digital,2022-11-18,Active,False,385956.09,237419.05,58,3,3,2,160809.83,3,3,2,51.0,2.41,123466.23,1058206.41,360611.85,0.0,70070882.0,937958.0,1.3386,16834.51
CUST-000853,Martin-Taylor,Professional Services,Mid-Market,50-249,$1B+,Partner,2024-10-14,Active,False,520649.8,333903.05,95,5,5,4,267311.32,2,2,0,72.35,3.35,194365.42,1922394.47,550463.31,0.0,126507374.0,1580992.0,1.2497,26842.34
CUST-000854,Li Inc,Telecommunications,Mid-Market,5000+,<$10M,Direct Sales,2022-01-04,Active,False,290308.26,181359.46,61,4,4,4,219170.52,4,2,2,19.5,3.57,131806.75,1148861.9,379974.54,0.0,67868423.0,847651.0,1.249,17960.04
CUST-000855,"Bell, Campbell and Ryan",Insurance,Enterprise,1000-4999,$50M-$250M,Partner,2023-12-12,Active,True,1087576.25,667805.92,52,3,3,2,506634.32,7,5,2,61.07,3.34,405289.4,3594567.74,1173244.22,26095.55,236491787.0,3319708.0,1.4037,112808.01
CUST-000856,Werner-Carter,Media,Mid-Market,1-49,<$10M,Enterprise Agreement,2021-02-18,Active,True,204867.1,129149.64,38,2,2,0,0.0,3,3,1,35.1,2.39,76477.45,640273.36,245938.02,0.0,53866771.0,760809.0,1.4124,10622.99
CUST-000857,"Adams, Hodge and Duke",Insurance,Mid-Market,1-49,<$10M,Enterprise Agreement,2024-07-30,Active,False,489952.44,302989.66,90,4,4,1,61311.55,4,1,1,36.92,4.37,179595.36,1911128.93,575419.46,0.0,111735260.0,1424472.0,1.2749,25739.98
CUST-000858,"Ochoa, Taylor and Brady",Media,SMB,50-249,<$10M,Partner,2024-08-19,Active,False,29715.62,18411.11,17,1,1,1,19864.53,2,2,0,116.64,2.57,10607.1,88397.76,26616.05,0.0,5772466.0,74991.0,1.2991,1397.62
CUST-000859,Sellers-Riddle,Transportation,SMB,1000-4999,$50M-$250M,Marketplace,2021-06-05,Active,False,74423.39,47548.07,45,2,2,2,37185.09,0,0,0,0.0,0.0,27266.46,241285.42,84941.28,0.0,17635233.0,249270.0,1.4135,3785.81
CUST-000860,"Martinez, Cline and Wright",Manufacturing,Mid-Market,50-249,<$10M,Digital,2022-10-25,Active,False,224904.14,141954.42,36,2,2,1,83408.69,6,5,1,56.95,2.65,82470.97,638845.45,202895.64,0.0,43100561.0,551530.0,1.2796,10729.11
CUST-000861,"Morris, Wright and Bridges",Manufacturing,Enterprise,250-999,$10M-$50M,Marketplace,2021-05-04,Active,True,2157675.19,1362247.18,98,4,4,1,355680.81,7,6,3,48.14,2.56,743776.93,6347368.64,2103973.3,0.0,409142321.0,5818848.0,1.4222,100674.42
CUST-000862,Burns-Ray,Transportation,SMB,1000-4999,<$10M,Partner,2022-01-01,Active,False,74818.83,46709.81,73,3,3,0,0.0,5,2,1,23.9,3.89,48471.96,417471.14,111779.7,0.0,25293576.0,314650.0,1.244,6315.19
CUST-000863,Burton-Brooks,Insurance,Mid-Market,1000-4999,$50M-$250M,Direct Sales,2024-08-10,Active,True,607241.2,384799.28,102,5,5,1,59872.36,5,4,0,40.1,3.21,224893.25,1999949.14,647482.98,4489.04,131260640.0,1950578.0,1.486,40590.9
CUST-000864,Schultz Inc,Education,SMB,1-49,$250M-$1B,Partner,2022-05-29,Active,False,32823.15,20814.6,24,2,2,0,0.0,2,1,0,65.36,3.78,13692.78,113445.82,41761.61,0.0,9928793.0,151970.0,1.5306,1876.7
CUST-000865,Robertson-Ramirez,Technology,Mid-Market,250-999,$10M-$50M,Digital,2024-09-23,Active,False,453559.17,283835.35,105,5,5,5,264134.9,5,3,0,25.21,3.5,206076.55,2076311.62,640687.25,0.0,139330716.0,1788528.0,1.2837,29106.35
CUST-000866,Gibson-Freeman,Education,Enterprise,1000-4999,$250M-$1B,Marketplace,2024-12-20,Active,True,1241041.5,771585.74,74,4,4,3,571571.06,9,7,0,45.27,3.36,492752.54,4839580.15,1603601.06,0.0,324781646.0,4438385.0,1.3666,70063.07
CUST-000867,"Smith, Schroeder and Oconnor",Technology,Enterprise,1000-4999,<$10M,Enterprise Agreement,2021-01-07,Active,False,868953.64,550941.92,41,3,3,2,423164.09,13,7,1,32.25,3.58,263957.95,2504424.96,1021377.66,0.0,166382678.0,2424919.0,1.4574,38978.73
CUST-000868,"Stanton, Reid and Terry",Technology,Mid-Market,1-49,<$10M,Digital,2022-09-13,Active,False,416364.32,267605.04,80,4,4,2,126026.04,5,4,0,47.63,2.93,154467.63,1661353.56,531801.74,0.0,98011298.0,1390186.0,1.4184,22543.08
CUST-000869,Flynn Group,Manufacturing,Mid-Market,50-249,$10M-$50M,Enterprise Agreement,2023-07-31,Active,True,343598.98,217806.69,66,4,4,2,137306.0,3,3,0,89.24,3.22,128563.11,1350440.19,395581.47,6547.11,85025829.0,1013061.0,1.1915,32630.92
CUST-000870,Donaldson and Sons,Professional Services,SMB,1000-4999,<$10M,Digital,2022-09-05,Active,False,90404.13,57785.01,57,3,3,2,37222.03,2,2,0,27.7,2.13,33446.82,317246.22,93845.99,0.0,22887739.0,299922.0,1.3104,4582.97
CUST-000871,Adams-Clayton,Retail,Mid-Market,1-49,$10M-$50M,Direct Sales,2022-01-24,Active,False,394976.72,250433.86,73,4,4,2,97785.19,3,3,1,30.76,2.05,157458.61,1512643.63,511497.87,0.0,92045422.0,1112979.0,1.2092,22311.45
CUST-000872,Kelley-Anderson,Insurance,Mid-Market,5000+,$50M-$250M,Marketplace,2023-03-08,Active,True,360207.02,225449.33,71,3,3,2,129525.43,2,1,0,70.72,3.73,150239.13,1464000.66,442748.33,0.0,90631674.0,1376249.0,1.5185,20877.08
CUST-000873,Kramer-Shannon,Banking,Mid-Market,250-999,<$10M,Digital,2021-02-03,Active,False,719907.11,458108.52,122,5,5,2,167643.23,4,2,0,70.47,3.53,249895.44,2329794.05,790786.44,0.0,142629368.0,2060072.0,1.4444,35057.89
CUST-000874,Williams Ltd,Transportation,Enterprise,5000+,$250M-$1B,Enterprise Agreement,2022-03-10,Active,True,1830545.88,1182130.84,70,4,4,3,927600.05,8,7,2,73.67,2.73,494899.15,4542966.92,1561217.98,26280.03,323397641.0,4303551.0,1.3307,127055.18
CUST-000875,Smith-Noble,Banking,SMB,50-249,$250M-$1B,Direct Sales,2021-05-28,Active,False,35101.22,20944.4,22,1,1,1,18317.33,1,1,0,107.81,2.9,11655.04,124836.42,36318.34,0.0,7054621.0,106197.0,1.5054,1661.8
CUST-000876,Alexander Inc,Transportation,Mid-Market,50-249,<$10M,Partner,2024-12-07,Active,True,122801.42,76077.76,26,2,2,2,104853.35,4,4,1,50.33,3.04,46478.81,556983.29,162032.51,0.0,29392790.0,383264.0,1.3039,6917.33
CUST-000877,Harris-Barker,Education,Mid-Market,5000+,$10M-$50M,Enterprise Agreement,2021-07-19,Active,False,406686.47,253371.38,103,5,5,3,158462.2,8,5,1,40.84,3.15,225017.57,2142896.42,691058.62,0.0,126859243.0,1616300.0,1.2741,31448.06
CUST-000878,Khan LLC,Media,SMB,50-249,<$10M,Partner,2024-05-03,Active,True,10463.76,6176.3,10,1,1,1,12042.01,1,1,0,141.11,2.65,5723.96,41203.28,19024.19,1246.25,5401340.0,73696.0,1.3644,3529.54
CUST-000879,Baxter LLC,Transportation,Mid-Market,5000+,$1B+,Partner,2021-09-05,Active,False,539262.7,335539.56,93,4,4,4,297579.74,3,0,0,46.32,4.47,204999.33,1910671.69,592232.87,0.0,116802224.0,1623664.0,1.3901,28193.62
CUST-000880,Pena LLC,Retail,SMB,250-999,<$10M,Direct Sales,2024-04-29,Active,False,88390.09,55444.06,68,3,3,1,12248.87,1,1,0,86.17,2.47,40161.4,367907.82,121500.31,0.0,24093601.0,296646.0,1.2312,5565.21
CUST-000881,Watson Ltd,Energy,SMB,50-249,$250M-$1B,Partner,2023-01-28,Active,False,71819.71,45626.48,71,3,3,1,12563.7,2,1,0,71.95,3.61,41776.79,375660.63,138315.28,0.0,27722793.0,346269.0,1.249,5894.35
CUST-000882,Williams Ltd,Transportation,Enterprise,5000+,$250M-$1B,Partner,2025-06-09,Active,True,1024858.53,635668.29,64,4,4,4,718569.7,7,4,0,48.47,3.37,446991.11,3931557.19,1349837.88,17944.97,257509196.0,3421306.0,1.3286,101069.5
CUST-000883,Barber-Fischer,Retail,SMB,1-49,$1B+,Digital,2021-01-15,Active,True,55402.16,36090.3,38,3,3,2,30536.42,1,1,0,35.39,3.17,22584.68,213442.29,71613.49,1270.31,13348566.0,162043.0,1.2139,5970.44
CUST-000884,Rios-Padilla,Retail,SMB,250-999,$1B+,Marketplace,2022-02-27,Active,False,90878.95,56796.35,71,3,3,2,20723.31,0,0,0,0.0,0.0,46682.51,372307.89,133969.63,0.0,25248874.0,353388.0,1.3996,6285.86
CUST-000885,Lewis Inc,Media,SMB,50-249,$250M-$1B,Enterprise Agreement,2021-03-19,Active,False,88855.13,54825.04,61,2,2,0,0.0,2,2,0,47.48,2.72,37250.3,306188.53,118234.28,0.0,24481436.0,316869.0,1.2943,5146.96
CUST-000886,Wheeler PLC,Telecommunications,Strategic,1000-4999,<$10M,Enterprise Agreement,2022-09-09,Active,False,14660624.79,9167370.28,154,7,7,4,4810001.93,17,11,6,59.54,3.35,3061064.89,31495655.63,10369531.05,0.0,2072913157.0,26920194.0,1.2987,442182.51
CUST-000887,"Wallace, Smith and Cooper",Media,SMB,250-999,$1B+,Enterprise Agreement,2021-07-15,Active,False,34038.6,20855.06,24,1,1,0,0.0,0,0,0,0.0,0.0,14881.65,139229.69,47093.22,0.0,8040774.0,95249.0,1.1846,2088.94
CUST-000888,Mcneil Group,Banking,SMB,50-249,<$10M,Partner,2022-07-21,Active,False,70498.3,43586.9,49,2,2,0,0.0,1,0,0,19.7,4.19,26492.3,264562.48,89320.31,0.0,16116800.0,243299.0,1.5096,3806.6
CUST-000889,"Anderson, Jones and Reyes",Transportation,Mid-Market,1-49,<$10M,Digital,2021-11-24,Active,False,204781.25,125680.73,37,2,2,0,0.0,3,2,1,43.9,3.16,80075.41,641447.63,246654.05,0.0,46990314.0,516677.0,1.0995,10956.4
CUST-000890,"Shaffer, Garcia and Richardson",Education,SMB,1-49,<$10M,Direct Sales,2024-06-17,Active,False,70510.04,42786.07,56,2,2,2,29283.32,1,1,1,120.13,3.27,33393.58,289998.14,96416.25,0.0,20050359.0,253617.0,1.2649,4549.79
CUST-000891,Taylor-Ayala,Education,Enterprise,5000+,<$10M,Direct Sales,2021-03-01,Active,True,2760350.08,1716933.36,122,6,6,3,1115616.08,13,10,0,43.75,3.33,908567.42,7914658.61,2717773.83,14863.0,510646374.0,6542214.0,1.2812,157476.9
CUST-000892,May Ltd,Technology,Enterprise,50-249,$50M-$250M,Partner,2022-10-30,Active,False,1302469.78,824235.98,48,3,3,1,368680.74,11,5,2,41.74,3.37,309880.96,3238541.95,1046409.99,0.0,232821757.0,2860732.0,1.2287,44830.45
CUST-000893,Jones PLC,Professional Services,Enterprise,1000-4999,$10M-$50M,Marketplace,2022-05-01,Active,True,2291337.5,1452965.85,101,5,5,1,163898.04,6,2,0,31.94,3.87,660778.68,6758312.9,2109594.42,39452.21,471587298.0,6144257.0,1.3029,180877.27
CUST-000894,Bishop and Sons,Banking,Enterprise,1000-4999,$10M-$50M,Partner,2023-09-20,Active,True,3759493.12,2388071.3,131,7,7,4,1431238.22,6,2,1,43.69,3.92,955830.16,8724385.93,2739148.03,59382.0,580434127.0,7639583.0,1.3162,261505.51
CUST-000895,Bell-Lewis,Retail,Enterprise,1000-4999,$10M-$50M,Digital,2023-02-04,Active,True,3511090.38,2198417.85,109,5,5,2,805731.03,6,5,3,30.79,3.21,809694.53,7173210.86,2411669.65,50723.99,458180212.0,5656007.0,1.2345,222928.65
CUST-000896,"Hernandez, Jenkins and Parks",Professional Services,Strategic,5000+,<$10M,Digital,2021-03-07,Active,True,8914100.03,5453143.19,94,6,6,3,2958519.73,16,9,0,38.78,3.35,2033174.3,17935395.69,5692041.86,0.0,1140592761.0,13634957.0,1.1954,275776.69
CUST-000897,Miller Inc,Telecommunications,SMB,50-249,$50M-$250M,Enterprise Agreement,2021-12-17,Active,False,33416.56,20738.4,27,2,2,2,27887.93,1,1,0,28.33,3.46,16608.48,154168.44,49753.68,0.0,11746364.0,148099.0,1.2608,2300.48
CUST-000898,Goodwin PLC,Media,SMB,5000+,$10M-$50M,Direct Sales,2021-12-15,Active,False,49836.59,32538.26,42,2,2,1,13720.01,4,3,1,47.59,2.62,24703.49,251672.38,69969.61,0.0,17036579.0,226408.0,1.329,3426.5
CUST-000899,"Cruz, Richmond and Edwards",Media,SMB,1000-4999,$250M-$1B,Digital,2022-03-20,Active,False,39756.99,24534.89,45,3,3,2,18603.34,1,1,0,14.51,2.38,26678.31,244784.1,82176.08,0.0,18251009.0,238252.0,1.3054,3712.45
CUST-000900,Wright Ltd,Healthcare,SMB,250-999,$250M-$1B,Enterprise Agreement,2022-05-21,Active,False,61592.94,38033.38,50,2,2,2,27492.25,1,1,0,106.67,2.45,31211.88,239409.43,76540.24,0.0,19232717.0,258412.0,1.3436,4053.28
CUST-000901,Wright PLC,Banking,SMB,1000-4999,<$10M,Direct Sales,2024-03-20,Active,False,43448.74,27082.63,27,2,2,1,18886.51,2,2,0,75.28,2.43,16909.17,144080.05,55134.35,0.0,10461451.0,141785.0,1.3553,2361.24
CUST-000902,"Griffith, Mitchell and Pugh",Technology,Strategic,1000-4999,<$10M,Marketplace,2023-12-24,Active,True,13883253.19,8858749.67,140,6,6,5,5786946.25,23,16,3,51.82,3.13,2979489.13,28965325.47,8705592.44,155600.47,1859581682.0,24845415.0,1.3361,755461.7
CUST-000903,Abbott Ltd,Professional Services,Mid-Market,1000-4999,$10M-$50M,Partner,2021-01-26,Active,False,478196.78,301520.92,74,3,3,2,136119.24,2,1,0,50.42,3.12,161833.43,1369524.04,415837.6,0.0,94404163.0,1302308.0,1.3795,21462.56
CUST-000904,Harris-Lawson,Banking,SMB,1000-4999,$50M-$250M,Partner,2021-07-05,Active,False,60833.79,37814.83,72,3,3,0,0.0,1,1,0,30.66,2.48,40889.79,439873.94,123243.81,0.0,26016494.0,379379.0,1.4582,5792.22
CUST-000905,Adkins LLC,Education,Mid-Market,1000-4999,$10M-$50M,Marketplace,2021-02-19,Active,False,131395.84,84068.61,33,2,2,2,102997.13,6,5,1,53.18,3.27,62359.2,709639.33,214361.34,0.0,45858911.0,510573.0,1.1134,9175.18
CUST-000906,"Brown, Hurst and Blevins",Transportation,SMB,1-49,<$10M,Marketplace,2024-12-12,Active,False,39467.48,25723.28,44,2,2,2,20528.98,0,0,0,0.0,0.0,29128.36,228069.5,67271.33,0.0,14637966.0,196021.0,1.3391,3750.46
CUST-000907,Cruz-Allen,Technology,Enterprise,250-999,$1B+,Enterprise Agreement,2022-08-31,Active,False,2803054.46,1751807.5,117,7,7,2,513320.4,7,1,0,24.82,4.21,841818.39,8224989.98,2402950.74,0.0,530129313.0,6617891.0,1.2484,116243.26
CUST-000908,"Wheeler, Rice and Levine",Media,Mid-Market,250-999,<$10M,Enterprise Agreement,2021-06-15,Active,False,360853.61,222700.77,81,3,3,2,75325.85,4,4,1,65.28,2.22,165255.32,1645351.59,510472.56,0.0,106103018.0,1248765.0,1.1769,23268.21
CUST-000909,Peck-Anderson,Insurance,Strategic,1000-4999,$50M-$250M,Marketplace,2021-04-16,Active,True,13659159.54,8560349.5,148,8,8,3,2960934.05,22,14,3,35.67,3.43,3170035.04,28141680.77,9259103.35,0.0,1803780167.0,23874004.0,1.3236,434177.8
CUST-000910,"Fisher, Payne and Thompson",Energy,Mid-Market,1-49,$1B+,Partner,2024-08-20,Active,False,405522.7,260695.66,73,4,4,1,72403.8,4,2,0,52.77,3.73,156392.53,1528448.87,444607.14,0.0,99718234.0,1189398.0,1.1928,21578.34
CUST-000911,Best-Townsend,Transportation,SMB,1000-4999,$1B+,Partner,2021-08-21,Active,False,37554.91,23864.49,47,3,3,1,8597.16,4,3,0,23.77,3.23,28680.26,267157.58,82707.04,0.0,16515233.0,227479.0,1.3774,3942.54
CUST-000912,Matthews Inc,Energy,Enterprise,1000-4999,$50M-$250M,Direct Sales,2022-07-02,Active,True,1550382.66,968304.0,74,4,4,1,183992.98,7,5,2,46.48,3.08,534556.48,4694234.29,1481170.79,0.0,319380012.0,4352446.0,1.3628,72310.28
CUST-000913,Lewis-Livingston,Energy,SMB,1-49,$250M-$1B,Enterprise Agreement,2023-10-24,Active,False,68278.61,42542.86,74,3,3,0,0.0,1,1,0,6.15,3.6,40104.39,367584.6,139513.18,0.0,27083777.0,366835.0,1.3544,5739.44
CUST-000914,Hunter-Fuller,Media,Mid-Market,250-999,<$10M,Partner,2023-07-15,Active,False,207172.03,134751.9,31,2,2,1,73503.8,3,3,0,81.87,2.24,62032.37,485096.6,195280.81,0.0,39215435.0,470127.0,1.1988,8505.98
CUST-000915,"Wang, Henderson and Morales",Retail,Enterprise,250-999,<$10M,Direct Sales,2023-03-12,Active,True,3587137.96,2233666.21,134,7,7,3,840766.27,9,4,0,32.27,3.81,1012557.16,9534415.15,3164106.59,73741.33,630063462.0,7852649.0,1.2463,304070.69
CUST-000916,"Herrera, Jensen and Ramirez",Retail,SMB,50-249,$1B+,Direct Sales,2023-10-14,Active,False,45001.24,28618.61,36,1,1,1,14422.53,0,0,0,0.0,0.0,19982.95,195855.53,58884.85,0.0,13334503.0,179151.0,1.3435,2779.14
CUST-000917,Miller-Mccall,Education,SMB,250-999,$250M-$1B,Marketplace,2021-09-28,Active,False,48896.43,30762.78,36,3,3,1,16368.68,2,1,0,52.33,3.03,20633.6,196244.94,61097.23,0.0,11858434.0,151102.0,1.2742,2860.27
CUST-000918,Herrera Group,Banking,Enterprise,50-249,$1B+,Digital,2021-05-09,Active,True,3188023.71,2024991.07,136,6,6,3,820851.38,11,8,2,39.26,3.18,969185.57,9641167.51,2916656.69,65288.62,650035463.0,7705600.0,1.1854,279310.64
CUST-000919,"Walters, Davenport and Becker",Telecommunications,SMB,1000-4999,$1B+,Enterprise Agreement,2025-05-31,Active,False,30445.83,18780.44,34,2,2,2,20778.63,2,0,0,60.16,4.79,22472.37,215670.96,62067.11,0.0,14090797.0,172298.0,1.2228,3074.47
CUST-000920,Collins Group,Retail,Enterprise,250-999,$10M-$50M,Digital,2024-03-07,Active,True,2715067.37,1699156.79,117,6,6,2,503456.39,10,7,0,59.27,3.15,830920.37,7762583.18,2635661.39,30011.28,513245040.0,7366982.0,1.4354,182689.29
CUST-000921,"Ashley, Allen and Sanchez",Banking,SMB,50-249,$50M-$250M,Digital,2025-04-26,Active,False,59611.29,36718.3,54,3,3,3,38555.21,1,0,0,44.83,4.86,26569.52,283844.9,110538.99,0.0,19788181.0,217175.0,1.0975,4064.34
CUST-000922,Wilson-Salazar,Professional Services,Mid-Market,5000+,$50M-$250M,Partner,2021-11-26,Active,False,631607.95,404975.11,118,5,5,2,138794.38,3,3,2,39.31,2.26,246576.66,2011001.67,715635.74,0.0,150051223.0,1889167.0,1.259,33370.19
CUST-000923,Parker Ltd,Healthcare,Strategic,1-49,<$10M,Digital,2021-11-27,Active,False,11425185.19,7190739.74,154,8,8,3,2997036.15,19,14,5,43.07,3.02,3042660.6,31056332.13,8840760.36,0.0,1951940529.0,26227712.0,1.3437,424359.6
CUST-000924,"Yang, Wilson and Zimmerman",Healthcare,Mid-Market,5000+,<$10M,Digital,2022-01-13,Active,True,441280.04,282826.27,58,3,3,1,63826.12,3,3,1,75.71,3.04,122867.54,1206045.26,380831.76,9663.63,67817512.0,797314.0,1.1757,38538.43
CUST-000925,"Smith, Crawford and Reed",Retail,Strategic,5000+,$50M-$250M,Direct Sales,2024-01-11,Active,True,12925249.05,8189417.87,138,7,7,3,3307636.26,13,6,2,36.17,3.61,2778897.82,26989570.23,8624932.22,235575.41,1690429853.0,22722518.0,1.3442,908595.03
CUST-000926,"Logan, Le and Jackson",Retail,Enterprise,1000-4999,$50M-$250M,Partner,2025-04-23,Active,False,1397156.01,860096.52,75,5,5,3,630346.27,13,6,1,50.49,3.64,522485.64,4765467.15,1647051.99,0.0,279978839.0,3751160.0,1.3398,73025.19
CUST-000927,Brady LLC,Transportation,SMB,250-999,$250M-$1B,Digital,2022-11-10,Active,False,82347.26,51142.61,78,3,3,2,19948.58,1,1,0,47.02,2.44,49185.43,466199.14,144986.11,0.0,27503903.0,364721.0,1.3261,6808.9
CUST-000928,"Tanner, Wise and Johnson",Media,Strategic,1000-4999,$50M-$250M,Direct Sales,2025-06-26,Active,True,8590992.16,5421541.48,88,6,6,5,5282358.19,19,14,4,53.73,3.02,1845532.43,18795429.91,5963810.09,55310.43,1078787213.0,15001175.0,1.3906,385009.87
CUST-000929,Nelson-Brown,Insurance,Enterprise,250-999,<$10M,Marketplace,2024-02-03,Active,True,2711825.93,1732872.85,113,7,7,4,1169829.28,7,5,3,42.02,3.49,759678.19,7422178.42,2301078.25,29787.11,508435424.0,5569067.0,1.0953,171757.81
CUST-000930,"Proctor, Burton and Crawford",Telecommunications,Mid-Market,1-49,$1B+,Partner,2021-07-09,Active,False,333002.48,205276.93,62,4,4,2,156132.75,2,2,1,63.7,2.87,133782.32,1234651.47,384370.86,0.0,83744486.0,1069166.0,1.2767,18353.37
CUST-000931,"Ward, Porter and Bradley",Manufacturing,Mid-Market,50-249,<$10M,Direct Sales,2025-04-21,Active,False,591509.75,369179.93,85,5,5,4,311824.54,2,2,0,21.16,2.84,191037.02,1685207.68,530126.68,0.0,106480108.0,1452619.0,1.3642,25864.86
CUST-000932,Moore-Ayala,Energy,Mid-Market,1000-4999,$10M-$50M,Marketplace,2021-06-28,Active,False,234656.58,148053.7,48,2,2,1,37507.73,5,4,1,30.01,2.74,109848.23,1005908.68,256834.34,0.0,67694543.0,867734.0,1.2818,14466.48
CUST-000933,"Craig, Wilson and Yang",Transportation,SMB,250-999,$250M-$1B,Partner,2021-04-25,Active,False,76235.81,47785.63,83,3,3,1,7201.93,1,0,0,11.21,4.85,45801.71,469430.09,162796.87,0.0,31858610.0,440874.0,1.3838,6689.06
CUST-000934,Williams Inc,Banking,Mid-Market,250-999,$50M-$250M,Digital,2023-02-03,Active,False,642521.51,406933.15,110,5,5,2,151859.07,4,2,0,57.86,3.61,232495.73,2312803.84,634706.37,0.0,139294841.0,1904392.0,1.3672,31897.53
CUST-000935,Williams LLC,Healthcare,SMB,1000-4999,$250M-$1B,Marketplace,2021-06-29,Active,False,77347.29,47937.32,66,2,2,1,7738.1,1,0,0,3.7,4.31,37889.38,345818.83,130421.3,0.0,25142341.0,360143.0,1.4324,5405.96
CUST-000936,Mora-White,Retail,SMB,5000+,$1B+,Direct Sales,2023-04-29,Active,False,74333.7,46275.98,80,3,3,2,16912.61,0,0,0,0.0,0.0,50277.47,476924.2,150140.44,0.0,31283259.0,428645.0,1.3702,6980.05
CUST-000937,Tran Ltd,Energy,SMB,250-999,<$10M,Enterprise Agreement,2025-11-12,Active,False,11511.66,7546.19,11,1,1,1,11664.62,0,0,0,0.0,0.0,5022.86,68499.45,21673.82,0.0,4406437.0,47915.0,1.0874,805.7
CUST-000938,"Rios, Walker and Wright",Manufacturing,Enterprise,1000-4999,$10M-$50M,Enterprise Agreement,2024-08-01,Active,True,2887697.34,1819762.21,104,7,7,4,1362502.81,7,6,3,57.59,2.87,689142.62,6387604.19,2381897.15,18945.87,485355409.0,5699540.0,1.1743,140297.99
CUST-000939,"Flores, Mckenzie and Duncan",Healthcare,Mid-Market,50-249,$250M-$1B,Digital,2021-10-08,Active,False,195918.14,120914.51,31,2,2,1,83725.53,2,1,0,58.2,3.25,74324.7,585743.09,209408.36,0.0,41416949.0,576723.0,1.3925,9954.98
CUST-000940,Shaw Inc,Media,Mid-Market,250-999,$250M-$1B,Enterprise Agreement,2022-09-11,Active,False,262593.91,167639.1,45,3,3,2,115982.31,6,5,1,36.22,2.35,98802.62,907793.18,299038.28,0.0,61643757.0,743785.0,1.2066,13698.02
CUST-000941,Walker PLC,Retail,Enterprise,250-999,$50M-$250M,Marketplace,2021-01-06,Active,True,1743749.59,1096553.74,75,3,3,0,0.0,3,2,1,36.94,3.78,581939.46,4809296.63,1776609.59,0.0,368045034.0,4895296.0,1.3301,79758.98
CUST-000942,Finley Inc,Retail,SMB,1000-4999,$10M-$50M,Direct Sales,2023-05-05,Active,False,16598.57,10671.95,13,1,1,0,0.0,2,2,0,114.47,1.67,5358.76,65767.02,23326.76,0.0,5222798.0,52094.0,0.9974,847.14
CUST-000943,Cline-Ayala,Media,SMB,250-999,$1B+,Marketplace,2021-05-17,Active,False,61563.65,38960.64,45,3,3,2,31344.11,1,1,1,48.59,1.68,26338.14,260170.04,86736.88,0.0,15108450.0,204092.0,1.3508,3758.23
CUST-000944,Murphy-Tran,Professional Services,Mid-Market,1-49,$50M-$250M,Enterprise Agreement,2023-09-02,Active,False,191865.69,124091.39,44,2,2,1,31427.68,1,1,0,118.37,1.68,86960.49,852055.67,309928.15,0.0,63429191.0,777987.0,1.2265,12629.89
CUST-000945,Wood LLC,Media,Enterprise,1-49,$10M-$50M,Digital,2021-11-30,Active,False,2793132.94,1777920.63,137,6,6,1,241433.57,8,5,2,40.86,3.53,992457.75,8896064.51,3081886.92,0.0,575846698.0,7919842.0,1.3753,137932.27
CUST-000946,"Mueller, Stevenson and Sanchez",Manufacturing,Mid-Market,250-999,$250M-$1B,Digital,2021-04-19,Active,False,882032.96,555436.89,138,5,5,4,279420.69,6,4,3,74.9,3.2,281595.55,2663515.99,919444.93,0.0,169745366.0,2154880.0,1.2695,39864.72
CUST-000947,Vargas-Snyder,Energy,SMB,50-249,$10M-$50M,Direct Sales,2021-06-07,Active,False,89053.2,56826.86,67,3,3,1,17344.28,1,1,0,73.59,3.77,38656.91,367628.09,115685.19,0.0,24766007.0,335629.0,1.3552,5371.52
CUST-000948,Oconnor PLC,Telecommunications,Mid-Market,250-999,$50M-$250M,Digital,2025-11-22,Active,False,276514.8,173925.81,44,4,4,4,282485.9,7,5,1,21.14,3.19,81980.96,856351.92,306817.11,0.0,45199133.0,719005.0,1.5907,12159.14
CUST-000949,Hernandez Group,Banking,SMB,50-249,$1B+,Digital,2021-10-22,Active,False,72316.41,45613.49,72,2,2,1,6892.68,1,1,0,13.33,2.42,42429.1,414689.76,132973.89,0.0,28593047.0,366681.0,1.2824,5977.72
CUST-000950,Hall LLC,Insurance,SMB,50-249,$10M-$50M,Enterprise Agreement,2021-11-30,Active,False,22568.05,13440.37,28,1,1,1,9161.84,2,1,1,34.38,3.39,17168.84,154400.74,50322.39,0.0,10272269.0,164010.0,1.5966,2357.18
CUST-000951,"Franco, Wiley and Tapia",Media,SMB,5000+,$1B+,Enterprise Agreement,2024-02-19,Active,False,37858.14,23657.68,36,2,2,0,0.0,1,1,0,12.68,2.89,23770.38,202654.28,72610.46,0.0,13140134.0,174727.0,1.3297,3270.82
CUST-000952,Blake Group,Insurance,Mid-Market,50-249,<$10M,Marketplace,2021-06-06,Active,False,267528.59,170836.36,55,2,2,2,112494.08,5,4,1,33.98,2.77,113812.04,940283.76,362329.29,0.0,70470519.0,902510.0,1.2807,15746.78
CUST-000953,"Acosta, Garcia and Moreno",Media,SMB,5000+,$50M-$250M,Partner,2023-06-25,Active,True,127355.99,79179.08,81,3,3,2,34032.66,1,1,0,30.36,2.71,48691.69,478256.84,162639.9,0.0,27327041.0,318038.0,1.1638,6965.21
CUST-000954,Barnes Inc,Healthcare,Mid-Market,50-249,$10M-$50M,Partner,2021-08-31,Active,False,515748.44,319351.6,85,4,4,3,235157.36,5,5,1,77.88,2.84,172745.68,1739168.27,522068.21,0.0,100066631.0,1350594.0,1.3497,24245.9
CUST-000955,Dawson Inc,Technology,SMB,1-49,<$10M,Direct Sales,2021-06-10,Active,True,46341.42,29484.96,37,2,2,0,0.0,0,0,0,0.0,0.0,21094.9,205417.99,71289.27,0.0,13093619.0,209069.0,1.5967,3022.39
CUST-000956,Morse PLC,Banking,Enterprise,5000+,$1B+,Direct Sales,2021-08-09,Active,True,2842511.97,1785055.7,122,7,7,5,1363803.58,11,6,1,58.86,3.31,900229.3,9380675.67,2639247.58,11020.74,523095944.0,6119526.0,1.1699,150419.92
CUST-000957,Haynes-Watson,Transportation,Mid-Market,1-49,<$10M,Direct Sales,2022-09-10,Active,True,406197.23,261374.88,78,4,4,3,162828.11,4,3,0,72.97,2.66,158613.69,1635972.87,482011.35,8689.16,96333524.0,1228038.0,1.2748,41483.4
CUST-000958,"Miller, Davis and Anderson",Retail,Enterprise,250-999,<$10M,Direct Sales,2022-02-14,Active,False,3324974.37,2067843.44,127,6,6,2,512441.18,6,4,1,64.17,2.93,911752.93,8323175.72,2763438.03,0.0,575962198.0,8013250.0,1.3913,126338.66
CUST-000959,Jones-Bradley,Telecommunications,SMB,50-249,$1B+,Enterprise Agreement,2022-12-14,Active,False,74992.08,46524.54,72,2,2,0,0.0,3,3,0,59.3,3.28,45720.69,414530.44,131164.8,0.0,26629344.0,347452.0,1.3048,6255.62
CUST-000960,Bates-Anderson,Media,SMB,1-49,$1B+,Partner,2025-08-06,Active,True,31334.72,19095.74,28,2,2,2,25675.04,2,2,1,122.73,2.6,16498.37,177078.6,51883.11,0.0,12786893.0,176316.0,1.3789,2357.74
CUST-000961,Green-Edwards,Energy,Mid-Market,1-49,<$10M,Partner,2025-03-25,Active,True,246143.88,145566.39,45,3,3,1,64985.85,4,4,1,78.95,2.79,89846.8,830637.34,283841.66,0.0,61061567.0,641095.0,1.0499,12585.93
CUST-000962,Haynes-Moss,Retail,Enterprise,1000-4999,<$10M,Partner,2024-04-22,Active,True,2583348.35,1631738.87,108,7,7,5,1340925.22,4,4,0,54.19,2.48,820298.14,6973702.8,2299868.22,28660.62,497919702.0,6470758.0,1.2996,173826.1
CUST-000963,Chavez-Hall,Healthcare,Enterprise,1000-4999,<$10M,Digital,2023-11-20,Active,True,3058373.75,1977650.72,130,7,7,5,1237416.63,10,5,0,45.39,3.35,999802.01,8563577.09,2766097.58,45792.22,501927013.0,6791365.0,1.3531,235513.25
CUST-000964,Taylor PLC,Telecommunications,SMB,250-999,$1B+,Direct Sales,2023-10-13,Active,False,67566.89,43201.91,56,3,3,1,13582.9,0,0,0,0.0,0.0,33068.48,321627.06,111070.39,0.0,21228963.0,298011.0,1.4038,4730.25
CUST-000965,Moore and Sons,Education,SMB,5000+,$50M-$250M,Marketplace,2022-08-04,Active,True,30234.69,19437.89,38,2,2,1,11095.01,4,2,1,17.17,3.37,24087.47,199567.06,78704.1,1450.85,11457488.0,140679.0,1.2278,6545.91
CUST-000966,Owens-Russell,Technology,SMB,50-249,<$10M,Marketplace,2025-10-18,Active,False,42979.04,27161.02,34,3,3,3,43431.2,3,1,0,87.61,4.33,17484.44,180880.92,56686.85,0.0,11946347.0,140504.0,1.1761,2502.15
CUST-000967,"Howard, Townsend and Hayes",Education,Strategic,1-49,$250M-$1B,Marketplace,2024-10-12,Active,True,10818163.16,6783894.57,121,7,7,6,6072499.44,12,11,4,40.74,2.94,2821252.33,23852570.84,8101424.3,96089.67,1593697847.0,19237876.0,1.2071,594029.59
CUST-000968,Baker-Wilson,Technology,Mid-Market,1000-4999,$1B+,Direct Sales,2021-10-21,Active,True,266212.62,173467.32,49,2,2,1,69136.83,2,1,0,57.68,3.2,95237.15,899647.09,305432.49,0.0,56156114.0,656572.0,1.1692,13424.81
CUST-000969,Aguirre LLC,Telecommunications,Enterprise,50-249,$1B+,Marketplace,2022-02-12,Active,True,4003888.89,2528228.88,139,7,7,3,1018201.35,6,3,0,37.49,3.58,1000373.75,8730929.56,2895656.81,34476.03,617132425.0,8530732.0,1.3823,212299.64
CUST-000970,"Terry, Williams and Huff",Professional Services,SMB,5000+,$1B+,Digital,2022-07-25,Active,False,31729.45,20243.77,28,2,2,2,27200.91,1,0,0,41.63,4.5,18703.83,180962.93,46014.65,0.0,10717259.0,122787.0,1.1457,2505.44
CUST-000971,Hernandez-Dawson,Education,Enterprise,5000+,$250M-$1B,Marketplace,2022-12-31,Active,False,3029848.36,1903531.55,145,6,6,4,807346.22,8,7,0,42.07,2.77,957223.81,9483491.35,3022252.97,0.0,651948430.0,8815758.0,1.3522,135339.4
CUST-000972,Foster-Williams,Insurance,Mid-Market,250-999,$250M-$1B,Marketplace,2021-08-10,Active,False,548650.2,343825.05,102,5,5,4,264752.32,8,5,0,39.34,3.58,220597.5,1924330.08,664779.75,0.0,149961882.0,2068745.0,1.3795,30350.11
CUST-000973,Green-Ewing,Banking,SMB,1-49,$250M-$1B,Direct Sales,2025-02-20,Active,True,15035.97,9689.88,13,1,1,0,0.0,2,1,0,29.64,3.07,8807.06,67778.45,27864.79,0.0,5820493.0,82747.0,1.4216,1206.87
CUST-000974,Crane Group,Retail,Strategic,250-999,$1B+,Enterprise Agreement,2022-11-01,Active,True,13951847.67,8726190.96,152,8,8,4,3494509.59,13,9,2,55.88,2.91,3269310.29,30284193.82,8301586.67,0.0,1890315574.0,24028382.0,1.2711,437822.56
CUST-000975,"Adkins, Wright and Murray",Education,SMB,1000-4999,$10M-$50M,Digital,2023-12-01,Active,False,54896.97,34980.4,47,2,2,1,11185.7,0,0,0,0.0,0.0,27710.24,251314.29,95280.48,0.0,19628637.0,265223.0,1.3512,3949.4
CUST-000976,Martinez Inc,Telecommunications,Mid-Market,5000+,$1B+,Direct Sales,2024-01-16,Active,False,325585.98,203801.88,68,4,4,3,135833.93,6,5,0,55.08,2.85,130227.13,1254698.54,456755.18,0.0,86782150.0,964831.0,1.1118,18797.52
CUST-000977,Anderson Group,Insurance,Strategic,1000-4999,$250M-$1B,Digital,2025-12-08,Active,False,6662474.11,4182885.82,70,7,7,7,7543610.95,16,9,0,52.59,3.4,1350838.48,13697534.07,4466376.37,0.0,815969910.0,10673432.0,1.3081,193634.21
CUST-000978,Parks-Pace,Retail,Enterprise,5000+,$50M-$250M,Partner,2021-03-09,Active,True,1065431.52,694753.92,49,3,3,1,362904.37,13,8,4,44.3,3.43,336474.06,3367282.1,1017901.1,0.0,217714567.0,2402827.0,1.1037,47196.38
CUST-000979,Aguilar LLC,Education,Mid-Market,1-49,$1B+,Marketplace,2023-03-08,Active,False,390293.68,239760.88,91,4,4,3,157191.03,5,4,1,48.24,3.02,196244.15,1759933.7,553839.57,0.0,126937524.0,1687616.0,1.3295,26720.26
CUST-000980,Johnson Inc,Education,Mid-Market,5000+,$10M-$50M,Enterprise Agreement,2023-08-21,Active,False,493887.58,316983.88,92,5,5,1,94245.79,4,2,0,22.32,3.45,195803.14,1884992.49,576195.72,0.0,116478621.0,1449616.0,1.2445,27154.33
CUST-000981,Orr Group,Media,SMB,250-999,$50M-$250M,Digital,2023-02-13,Active,False,80661.93,51050.01,59,2,2,2,31323.26,2,1,1,29.78,3.66,32063.76,312342.54,94956.02,0.0,23029307.0,282513.0,1.2268,4459.98
CUST-000982,Davis LLC,Telecommunications,SMB,250-999,$1B+,Direct Sales,2025-09-11,Active,True,57726.85,34973.07,39,3,3,2,30449.65,1,1,0,75.86,1.83,22085.58,233736.46,73023.41,0.0,14343161.0,174678.0,1.2178,3185.28
CUST-000983,Williams Group,Technology,Enterprise,250-999,$50M-$250M,Marketplace,2021-07-19,Active,True,3305494.36,2066383.82,151,6,6,5,1332120.67,6,5,2,33.8,2.92,1002687.36,10037930.54,3346962.08,52218.08,651872151.0,8728930.0,1.3391,258667.15
CUST-000984,Jackson PLC,Transportation,SMB,250-999,$1B+,Direct Sales,2022-04-26,Active,False,49354.97,31547.43,64,3,3,2,17299.97,2,2,1,37.78,2.94,39723.86,368715.0,128035.98,0.0,24963288.0,336931.0,1.3497,5592.86
CUST-000985,Underwood-Foster,Telecommunications,Enterprise,50-249,<$10M,Enterprise Agreement,2021-08-23,Active,False,1790094.22,1126864.64,71,4,4,2,614594.91,12,7,4,34.63,3.4,488513.1,4822704.46,1485941.27,0.0,276322718.0,3791662.0,1.3722,68470.92
CUST-000986,Reyes Group,Media,SMB,5000+,$250M-$1B,Digital,2023-05-16,Active,False,12454.34,7990.33,16,1,1,1,8851.5,2,1,0,24.25,3.67,7926.08,87088.73,24452.0,0.0,7136577.0,106050.0,1.486,1132.04
CUST-000987,Gomez and Sons,Technology,SMB,5000+,$250M-$1B,Digital,2022-10-11,Active,False,36649.18,23251.48,31,1,1,1,13637.47,0,0,0,0.0,0.0,19095.07,151424.44,57579.24,0.0,12260528.0,165564.0,1.3504,2597.21
CUST-001119,Rogers LLC,Energy,SMB,5000+,$50M-$250M,Marketplace,2025-07-11,Active,False,33901.87,21483.24,28,2,2,1,18119.74,0,0,0,0.0,0.0,15869.28,157133.96,51408.09,0.0,10306198.0,131040.0,1.2715,2256.52
CUST-000988,Ramirez-Stephenson,Healthcare,Mid-Market,250-999,$250M-$1B,Enterprise Agreement,2024-10-14,Active,True,588929.81,374053.87,95,5,5,4,277780.49,8,4,2,47.96,3.38,186004.93,1954789.8,629808.03,0.0,133936565.0,1727551.0,1.2898,26948.46
CUST-000989,Mendez PLC,Manufacturing,Enterprise,250-999,$250M-$1B,Partner,2024-06-13,Active,True,2712835.02,1718122.69,135,6,6,3,586761.39,9,8,3,65.6,2.59,934650.1,9180502.7,2862397.09,33578.5,604817836.0,7889518.0,1.3044,204976.38
CUST-000990,Holland Group,Healthcare,Mid-Market,250-999,$50M-$250M,Direct Sales,2024-01-03,Active,False,363175.87,232602.24,82,5,5,3,166296.64,4,3,0,55.17,3.19,167254.03,1630355.05,540697.21,0.0,102861976.0,1308944.0,1.2725,23720.62
CUST-000991,Andrade-Mendoza,Media,SMB,1-49,$1B+,Direct Sales,2022-04-08,Active,False,52989.8,32281.57,44,2,2,2,26170.05,2,2,1,53.56,2.61,23968.66,256197.28,80887.73,0.0,15508318.0,206017.0,1.3284,3478.51
CUST-000992,Ramirez and Sons,Energy,Mid-Market,1000-4999,$250M-$1B,Partner,2025-06-29,Active,True,310032.45,191755.25,58,4,4,3,163724.4,6,5,3,32.77,2.48,122409.04,1100641.91,359511.7,0.0,79474927.0,922789.0,1.1611,16813.51
CUST-000993,Gonzalez-Wilkerson,Energy,SMB,250-999,$250M-$1B,Enterprise Agreement,2022-09-11,Active,False,109419.35,66840.06,72,3,3,0,0.0,2,1,0,51.66,3.59,42730.09,408670.44,129701.02,0.0,25889997.0,364861.0,1.4093,5960.36
CUST-000994,"Wright, Mcknight and Stephens",Energy,SMB,1000-4999,$1B+,Partner,2024-07-03,Active,False,45923.56,28947.63,27,1,1,1,19898.83,1,1,0,85.66,1.78,18651.67,144169.63,46141.59,0.0,9931614.0,124922.0,1.2578,2428.3
CUST-000995,Mayo Ltd,Retail,Enterprise,5000+,$250M-$1B,Partner,2025-11-02,Active,False,899152.36,548606.14,33,3,3,3,931449.98,9,9,2,70.14,2.93,229720.73,2014882.96,854530.26,0.0,125127527.0,1669269.0,1.3341,33250.0
CUST-000996,Castillo-Harrington,Energy,Mid-Market,5000+,$250M-$1B,Enterprise Agreement,2024-07-30,Active,True,247676.05,154067.23,64,3,3,3,134128.84,3,1,0,23.81,3.59,134847.29,1283696.9,400025.53,0.0,84085561.0,1130451.0,1.3444,18703.93
CUST-000997,Durham-Shaw,Education,Mid-Market,50-249,$10M-$50M,Partner,2023-01-17,Active,False,342057.57,213667.48,63,3,3,1,45741.81,5,3,2,62.41,3.33,143588.61,1153812.54,386217.18,0.0,76771394.0,1175797.0,1.5316,19093.2
CUST-000998,Nelson-Johnson,Telecommunications,Enterprise,1-49,$10M-$50M,Marketplace,2023-04-21,Active,False,2984717.54,1841282.17,147,7,7,0,0.0,8,7,3,48.14,2.65,1076602.67,9613813.71,2975443.42,0.0,683166260.0,9219189.0,1.3495,145876.43
CUST-000999,"Robinson, Huang and Osborne",Transportation,SMB,5000+,$10M-$50M,Marketplace,2022-06-10,Active,False,26103.14,16611.58,25,2,2,0,0.0,1,1,1,117.01,2.31,13234.6,154450.55,41786.15,0.0,10206777.0,114429.0,1.1211,1917.86
CUST-001000,Stokes Group,Manufacturing,SMB,1000-4999,$250M-$1B,Enterprise Agreement,2022-05-18,Active,False,18482.24,11391.88,12,1,1,0,0.0,2,2,0,17.18,3.39,6753.02,82847.16,24064.05,0.0,4923093.0,70007.0,1.422,1014.02
CUST-001001,"Howard, Silva and Hall",Healthcare,Strategic,50-249,$50M-$250M,Partner,2021-03-17,Active,True,12642416.31,7931951.14,162,8,8,4,3569425.83,21,13,3,56.18,3.6,3386208.33,32256363.45,10876528.7,125918.34,2195560535.0,28040635.0,1.2772,755057.59
CUST-001002,Garcia Ltd,Transportation,SMB,1-49,$250M-$1B,Direct Sales,2021-12-27,Active,False,26630.3,16682.48,25,2,2,1,16595.01,1,1,0,144.69,2.84,14001.78,137881.31,54414.42,0.0,7759780.0,116445.0,1.5006,2080.05
CUST-001003,Adams Ltd,Insurance,SMB,1000-4999,$50M-$250M,Direct Sales,2022-09-03,Active,False,12344.97,8262.13,10,1,1,1,13290.09,1,1,1,39.88,1.55,6456.39,56755.0,18300.02,0.0,3571120.0,49182.0,1.3772,877.66
CUST-001004,Gallagher and Sons,Professional Services,SMB,5000+,<$10M,Enterprise Agreement,2024-03-15,Active,False,38717.16,23856.37,50,3,3,1,11089.26,1,0,0,5.31,4.69,27205.06,262757.88,68889.43,0.0,19226816.0,216510.0,1.1261,3663.03
CUST-001005,"Bradford, Salinas and Kelly",Manufacturing,Mid-Market,1000-4999,<$10M,Partner,2023-12-12,Active,False,417782.75,260719.43,58,2,2,1,91173.88,5,4,1,54.68,2.8,115423.86,979859.68,364767.83,0.0,75289739.0,960477.0,1.2757,15995.63
CUST-001006,Thompson PLC,Professional Services,Mid-Market,1000-4999,$10M-$50M,Marketplace,2024-04-11,Active,False,246522.39,153762.86,52,4,4,0,0.0,3,1,0,40.75,3.86,115841.97,1152316.2,306797.98,0.0,68036430.0,834841.0,1.227,15798.51
CUST-001007,Drake-Wolfe,Education,SMB,1000-4999,$50M-$250M,Enterprise Agreement,2022-07-17,Active,False,76827.36,49123.1,65,3,3,2,21124.29,3,2,0,51.62,2.78,35989.26,375959.03,123692.96,0.0,24313891.0,344736.0,1.4179,5227.88
CUST-001008,"Johnson, Haynes and Meza",Telecommunications,SMB,5000+,$250M-$1B,Marketplace,2021-08-20,Active,False,27550.77,17734.07,37,2,2,0,0.0,0,0,0,0.0,0.0,22822.57,191743.16,69474.11,0.0,14660254.0,190463.0,1.2992,3132.15
CUST-001009,"Thomas, Vaughan and Copeland",Telecommunications,Mid-Market,1000-4999,$50M-$250M,Digital,2021-10-24,Active,False,455225.21,287782.46,99,5,5,2,92754.65,4,2,0,44.4,3.41,210808.9,1888701.2,545803.76,0.0,134601796.0,1677963.0,1.2466,28207.97
CUST-001010,Weaver-Thompson,Transportation,SMB,1-49,$10M-$50M,Digital,2025-02-23,Active,True,56622.01,35683.75,40,2,2,2,33024.62,1,0,0,11.66,4.27,24039.99,209318.02,79583.15,0.0,14806792.0,221774.0,1.4978,3378.34
CUST-001011,Davis and Sons,Telecommunications,Mid-Market,1-49,$1B+,Partner,2024-12-05,Active,False,359622.46,223137.83,57,3,3,2,145035.12,4,1,1,23.67,4.17,118071.97,1228447.7,383650.15,0.0,66178070.0,1044162.0,1.5778,16919.98
CUST-001012,"Robinson, Fox and Smith",Manufacturing,Enterprise,250-999,<$10M,Partner,2023-03-16,Active,True,1999753.79,1268304.95,91,5,5,2,400014.87,4,3,0,40.51,2.93,695820.98,6378517.85,1977706.94,17761.32,455296548.0,6590227.0,1.4475,134232.98
CUST-001013,"Harris, Anderson and Love",Telecommunications,SMB,1000-4999,<$10M,Digital,2024-07-17,Active,False,79931.05,48562.21,67,3,3,2,20728.02,2,0,0,49.37,4.39,41851.76,388307.03,127424.47,0.0,25392122.0,334061.0,1.3156,5817.7
CUST-001014,Brown-Hernandez,Telecommunications,Enterprise,1000-4999,<$10M,Partner,2023-04-26,Active,True,1682081.18,1056194.94,80,3,3,2,541324.58,9,6,1,43.59,3.1,542171.96,5311721.81,1822292.07,29460.01,337723295.0,4397463.0,1.3021,142453.71
CUST-001015,"Stark, Schroeder and Mathis",Media,Mid-Market,5000+,$50M-$250M,Marketplace,2023-05-12,Active,True,435701.3,279034.78,74,4,4,1,99088.58,6,2,1,19.61,3.81,158265.82,1491864.56,522539.19,5364.86,91616931.0,1197672.0,1.3073,34255.48
CUST-001016,Yu-Brooks,Transportation,Mid-Market,1000-4999,$10M-$50M,Direct Sales,2022-01-12,Active,False,218280.54,136927.87,37,3,3,3,202132.91,2,1,1,28.51,3.62,72230.65,749994.2,227797.45,0.0,47557608.0,545832.0,1.1477,10278.59
CUST-001017,"Foster, Garcia and Turner",Insurance,SMB,1-49,$10M-$50M,Partner,2024-03-25,Active,False,9827.07,6038.88,12,1,1,1,9316.26,1,1,0,110.36,1.66,6910.16,78247.89,18696.17,0.0,4771431.0,54215.0,1.1362,965.3
CUST-001018,Daugherty Ltd,Media,Mid-Market,1000-4999,$50M-$250M,Marketplace,2025-10-01,Active,False,339027.22,213493.2,60,5,5,5,318902.12,3,0,0,33.41,4.53,129927.63,1240966.05,397224.38,0.0,70982135.0,829437.0,1.1685,18147.78
CUST-001019,Conner-Yu,Media,Mid-Market,250-999,$50M-$250M,Partner,2024-11-08,Active,True,543587.09,350449.43,92,5,5,4,290438.36,3,1,0,32.22,4.14,183523.43,1824140.04,521188.78,9345.35,116513754.0,1667589.0,1.4312,45937.08
CUST-001283,Cruz PLC,Banking,Mid-Market,5000+,$250M-$1B,Digital,2023-03-21,Active,True,445685.32,284280.01,72,4,4,3,195036.39,5,3,2,39.4,3.13,134862.7,1399151.71,490647.45,3581.61,87427452.0,1119993.0,1.2811,27721.82
CUST-001020,"Stewart, Mann and Hoffman",Technology,SMB,5000+,$10M-$50M,Direct Sales,2025-11-30,Active,False,27655.44,17849.6,22,2,2,2,28707.06,0,0,0,0.0,0.0,12662.09,140339.69,38348.84,0.0,8291934.0,128730.0,1.5525,1803.76
CUST-001021,"Buchanan, Walker and Chapman",Healthcare,Strategic,1-49,$250M-$1B,Partner,2024-07-07,Active,True,14838486.95,9429150.55,163,8,8,6,6661872.68,17,10,0,40.48,3.26,3574234.27,32563774.01,10658563.02,212134.85,1985668622.0,25985533.0,1.3087,960090.74
CUST-001022,Gray Ltd,Technology,SMB,5000+,$50M-$250M,Partner,2024-06-19,Active,True,39242.28,24011.33,26,2,2,0,0.0,1,1,0,113.11,3.32,17669.07,131974.74,50571.31,2561.3,11332223.0,144193.0,1.2724,7994.7
CUST-001023,"Phillips, Thompson and Smith",Insurance,SMB,1-49,$1B+,Marketplace,2024-03-07,Active,False,6840.67,3915.15,11,1,1,1,6995.04,3,2,0,58.06,3.79,7081.06,46530.24,20635.13,0.0,5562046.0,57085.0,1.0263,936.67
CUST-001024,"Fry, Myers and Gamble",Insurance,Enterprise,50-249,$10M-$50M,Partner,2023-10-10,Active,False,1652876.7,1046311.62,66,4,4,3,825076.08,5,3,0,58.67,3.66,487498.32,4290969.39,1353246.28,0.0,271075980.0,3418184.0,1.261,65989.28
CUST-001025,"Johnson, Guzman and Mccall",Technology,Strategic,50-249,$250M-$1B,Partner,2023-10-10,Active,True,5195548.72,3217733.65,94,5,5,2,971620.91,11,8,1,47.73,3.07,2033641.15,19805096.15,6103444.22,0.0,1236051376.0,12941089.0,1.047,283672.34
CUST-001026,"Walker, Cunningham and Zuniga",Technology,Mid-Market,50-249,$250M-$1B,Partner,2022-01-23,Active,False,306402.94,196946.8,46,2,2,1,84906.28,2,0,0,14.09,4.44,85525.16,894603.41,256484.42,0.0,61933172.0,842905.0,1.361,12051.34
CUST-001027,Rivera Inc,Healthcare,SMB,250-999,$1B+,Marketplace,2023-07-13,Active,False,54875.09,33815.87,48,2,2,1,18616.48,0,0,0,0.0,0.0,28557.95,285117.94,78621.69,0.0,15449518.0,197722.0,1.2798,3926.58
CUST-001028,Reed LLC,Professional Services,SMB,1000-4999,$10M-$50M,Marketplace,2022-10-25,Active,True,17785.95,11314.28,13,1,1,0,0.0,1,1,0,35.25,1.67,9569.75,86582.63,20667.0,0.0,5116461.0,72072.0,1.4086,1241.17
CUST-001029,Fields Inc,Energy,Mid-Market,1-49,<$10M,Digital,2021-07-15,Active,True,307480.23,191357.9,37,2,2,2,176936.71,4,3,2,78.8,3.38,67072.22,741365.76,195393.53,7010.12,44237753.0,589414.0,1.3324,24895.64
CUST-001030,"Santiago, Daniel and Rogers",Transportation,Strategic,5000+,<$10M,Direct Sales,2024-05-26,Active,False,12908337.66,8070497.97,154,8,8,3,3606555.41,22,12,1,38.81,3.33,3432978.25,28547386.18,10380804.81,0.0,2030482475.0,27617240.0,1.3601,469871.15
CUST-001031,Baker and Sons,Transportation,SMB,250-999,$10M-$50M,Enterprise Agreement,2023-03-20,Active,False,38963.27,24841.01,24,1,1,0,0.0,1,0,0,66.96,4.98,14413.21,141192.22,53543.01,0.0,8416023.0,107807.0,1.281,2114.98
CUST-001032,"Jones, Scott and Rodriguez",Education,SMB,250-999,$250M-$1B,Partner,2023-10-29,Active,False,28341.68,17787.53,27,2,2,1,12144.63,6,4,1,84.22,3.52,15584.54,150830.98,55035.29,0.0,8828358.0,122612.0,1.3888,2254.49
CUST-001033,Williams Group,Insurance,SMB,250-999,<$10M,Partner,2022-06-18,Active,False,126919.9,78981.76,88,3,3,2,26956.94,1,1,0,12.42,2.86,50994.05,488480.32,160395.62,0.0,33860169.0,443464.0,1.3097,7170.45
CUST-001034,"Barnes, Jackson and Gutierrez",Manufacturing,Mid-Market,250-999,$1B+,Digital,2023-05-31,Active,False,492420.5,302722.99,76,5,5,0,0.0,3,2,0,26.0,3.15,153886.23,1525849.63,406629.54,0.0,104385400.0,1388387.0,1.3301,20967.87
CUST-001035,Bell-Bennett,Professional Services,Mid-Market,1000-4999,$10M-$50M,Enterprise Agreement,2022-10-09,Active,False,541561.89,348419.22,106,5,5,4,221882.56,4,2,0,38.38,4.05,209738.38,2162124.56,602554.47,0.0,151397232.0,1881110.0,1.2425,29226.68
CUST-001036,Kramer-Lane,Banking,Enterprise,50-249,$10M-$50M,Direct Sales,2023-06-21,Active,False,2854293.27,1797204.21,116,5,5,5,1452039.41,7,2,1,26.98,4.15,833589.64,7944933.05,2343082.86,0.0,522971568.0,6331990.0,1.2108,114343.67
CUST-001037,"Perez, Hayes and Lloyd",Professional Services,SMB,1000-4999,$250M-$1B,Direct Sales,2021-12-01,Active,False,41423.61,25726.76,37,2,2,1,10174.53,2,1,0,45.49,3.07,21983.1,200005.0,61786.12,0.0,14916125.0,186424.0,1.2498,2996.42
CUST-001038,Phillips LLC,Professional Services,Strategic,5000+,$250M-$1B,Marketplace,2023-01-01,Active,True,14959066.76,9363263.33,153,9,9,5,5717872.96,15,9,0,54.61,3.56,3225046.04,30642746.61,10588483.05,89803.65,1876731395.0,24774358.0,1.3201,654992.59
CUST-001039,Lynn-Jones,Healthcare,Mid-Market,250-999,$10M-$50M,Partner,2021-07-11,Active,True,332179.69,208386.95,45,2,2,2,170129.42,3,1,1,63.84,3.81,79756.26,943792.63,251748.15,8469.74,55196855.0,706881.0,1.2807,30216.76
CUST-001040,Barron and Sons,Media,Enterprise,50-249,$1B+,Direct Sales,2024-09-20,Active,False,1916141.99,1208656.55,95,5,5,4,907447.84,8,6,1,46.08,2.72,662034.8,5965292.58,2115992.01,0.0,443804578.0,6294743.0,1.4184,92673.91
CUST-001041,"Jones, Mcmahon and Spence",Healthcare,Mid-Market,1000-4999,<$10M,Digital,2021-06-07,Active,True,553127.25,353764.13,92,5,5,2,140734.5,6,4,0,29.05,3.17,182129.67,1810607.43,630908.73,8490.96,120446823.0,1528884.0,1.2693,45002.16
CUST-001042,Wheeler-Austin,Technology,SMB,250-999,$1B+,Direct Sales,2021-09-07,Active,False,53218.44,33469.17,49,2,2,0,0.0,1,0,0,15.03,4.05,30205.49,275029.2,82586.36,0.0,19987975.0,265468.0,1.3281,4094.3
CUST-001043,Bush-Reynolds,Professional Services,Enterprise,1000-4999,$250M-$1B,Digital,2023-08-01,Active,True,2558188.25,1611398.18,144,6,6,3,888551.99,7,6,0,68.7,2.5,1000731.41,10169874.49,3141730.5,20029.23,684763366.0,9147516.0,1.3359,185887.1
CUST-001044,"Martin, Preston and Moore",Transportation,Mid-Market,5000+,$250M-$1B,Digital,2021-03-31,Active,False,338961.22,214908.62,60,2,2,0,0.0,6,5,0,57.26,3.03,118459.98,1100786.15,400739.94,0.0,72031421.0,890365.0,1.2361,16870.35
CUST-001045,Rivera and Sons,Banking,Strategic,250-999,$50M-$250M,Direct Sales,2025-11-03,Active,True,8617933.67,5579980.94,88,8,8,8,8694270.67,16,12,1,44.52,2.98,1665638.58,18209655.45,5184785.18,29037.56,1129747710.0,14921970.0,1.3208,302057.28
CUST-001046,Terry-Bowen,Insurance,Enterprise,1000-4999,$50M-$250M,Partner,2023-02-21,Active,False,2975987.76,1861666.8,122,6,6,3,935377.87,5,4,2,43.06,3.04,931850.14,8525668.44,2529776.14,0.0,525714567.0,6368509.0,1.2114,126215.67
CUST-001047,"Fernandez, Guerrero and Evans",Healthcare,SMB,50-249,$250M-$1B,Marketplace,2025-10-12,Active,True,20117.73,12636.25,12,1,1,1,19073.28,1,1,0,96.56,3.24,7568.46,52083.57,22419.38,0.0,4577531.0,65639.0,1.4339,1009.54
CUST-001048,Williams PLC,Education,SMB,1000-4999,$50M-$250M,Enterprise Agreement,2022-09-04,Active,False,53340.31,33805.73,61,3,3,1,13599.51,0,0,0,0.0,0.0,34633.87,296057.51,107968.52,0.0,20060488.0,252455.0,1.2585,4788.91
CUST-001049,"Larsen, Hernandez and Ward",Energy,SMB,50-249,$250M-$1B,Marketplace,2023-01-23,Active,True,41152.29,25941.11,24,1,1,0,0.0,1,0,0,30.43,4.18,14393.9,122310.65,37636.13,0.0,9380700.0,85967.0,0.9164,1916.39
CUST-001050,Miller-Colon,Technology,Enterprise,1-49,$250M-$1B,Digital,2024-05-14,Active,True,1516059.05,994786.27,55,3,3,1,353916.46,4,3,2,37.7,2.8,415439.22,3783046.43,1239797.81,21113.89,234639048.0,3414327.0,1.4551,103804.33
CUST-001051,"Greene, Gonzalez and Johnson",Banking,Mid-Market,5000+,$50M-$250M,Marketplace,2021-07-10,Active,False,148181.96,93322.2,27,2,2,1,48415.31,1,0,0,11.21,4.11,55245.93,469153.6,157091.73,0.0,37756999.0,561617.0,1.4875,7481.18
CUST-001052,Little Inc,Education,Mid-Market,5000+,$1B+,Direct Sales,2021-11-14,Active,False,670547.47,429528.63,98,5,5,1,90926.39,4,1,0,30.67,3.98,191635.3,1775554.11,637040.6,0.0,127255401.0,1587593.0,1.2476,27168.68
CUST-001053,Anthony-Parker,Education,SMB,250-999,$10M-$50M,Partner,2025-06-30,Active,True,90537.81,55044.57,48,3,3,3,64822.22,1,1,0,44.64,3.03,27898.65,253462.36,103794.06,2929.81,16985654.0,236460.0,1.3921,10501.33
CUST-001054,Ruiz-Jacobson,Technology,Mid-Market,250-999,$1B+,Direct Sales,2023-12-08,Active,False,695044.95,434372.92,99,5,5,1,96031.53,6,4,2,28.67,2.97,202653.46,2007183.85,595696.83,0.0,129809274.0,1555064.0,1.198,28210.14
CUST-001055,Davis-Stephens,Technology,Mid-Market,1000-4999,<$10M,Marketplace,2023-11-12,Active,False,572435.97,364826.96,97,5,5,2,157156.91,7,5,0,53.91,3.68,201038.17,1838968.99,562875.73,0.0,121455488.0,1579592.0,1.3006,27400.1
CUST-001056,Watson Group,Manufacturing,Mid-Market,5000+,<$10M,Enterprise Agreement,2022-12-29,Active,False,254202.96,159105.25,50,2,2,0,0.0,2,1,1,16.15,3.6,103619.31,947340.52,339041.76,0.0,68289221.0,949095.0,1.3898,14610.89
CUST-001057,Lopez-Williams,Retail,SMB,1000-4999,<$10M,Direct Sales,2025-05-30,Active,False,47867.75,30140.2,43,3,3,1,20704.07,1,0,0,66.04,4.98,26955.56,239466.08,78564.69,0.0,16271752.0,226261.0,1.3905,3690.33
CUST-001058,Marshall-Perez,Education,SMB,1000-4999,$1B+,Digital,2025-01-22,Active,False,47529.47,29145.28,56,3,3,3,29066.95,3,3,1,73.93,2.97,31736.05,343653.11,92106.52,0.0,21625940.0,251181.0,1.1615,4464.88
CUST-001059,Elliott-Hernandez,Professional Services,SMB,5000+,$50M-$250M,Direct Sales,2021-06-10,Active,False,31089.42,20084.59,36,2,2,1,7143.73,2,1,0,66.71,3.23,20992.45,175869.19,62511.62,0.0,12523140.0,144732.0,1.1557,2866.01
CUST-001060,"Contreras, Miller and Cooper",Banking,Mid-Market,50-249,$250M-$1B,Marketplace,2021-08-27,Active,True,528603.72,339456.71,98,5,5,2,146207.69,8,7,2,65.95,2.8,195934.11,1956633.42,655548.29,4705.85,126936929.0,1831648.0,1.443,38455.41
CUST-001061,"Gutierrez, Avila and Perez",Professional Services,Mid-Market,1000-4999,$50M-$250M,Enterprise Agreement,2024-05-17,Active,False,385612.84,236829.67,75,5,5,2,116606.48,7,5,2,65.88,2.82,156595.62,1422152.23,475009.37,0.0,97533926.0,1298318.0,1.3311,21687.82
CUST-001062,Randall PLC,Professional Services,Enterprise,1000-4999,$50M-$250M,Direct Sales,2024-10-11,Active,True,2038882.27,1231270.45,84,4,4,4,1146893.19,10,8,0,41.1,3.2,557271.92,5501624.01,1943555.88,0.0,366034550.0,5081363.0,1.3882,80593.1
CUST-001063,Sheppard-Mcdaniel,Banking,SMB,50-249,<$10M,Partner,2025-07-30,Active,False,55216.75,34247.3,41,3,3,1,20748.91,2,2,0,62.43,2.65,22226.0,232815.97,72427.95,0.0,15372357.0,219289.0,1.4265,3190.18
CUST-001064,Armstrong-Young,Transportation,Mid-Market,5000+,$10M-$50M,Direct Sales,2023-06-12,Active,False,660869.39,420663.32,112,5,5,1,84329.12,8,8,3,56.55,2.86,223569.53,2282359.57,761869.47,0.0,149457385.0,1965698.0,1.3152,32304.72
CUST-001065,Miller-Orr,Banking,SMB,1-49,$10M-$50M,Partner,2023-05-15,Active,True,43421.38,27996.54,24,2,2,1,10735.63,1,1,1,93.14,2.06,13850.61,113380.64,35139.77,1285.33,7334712.0,78218.0,1.0664,4652.62
CUST-001066,"Johnson, Duncan and Black",Banking,Enterprise,1000-4999,$1B+,Partner,2023-08-24,Active,False,2083382.16,1331616.8,110,5,5,0,0.0,1,1,1,119.14,3.35,848592.9,7637353.93,2521155.36,0.0,500432989.0,6461357.0,1.2912,116859.82
CUST-001067,"Byrd, Oliver and Martinez",Banking,SMB,250-999,<$10M,Direct Sales,2023-03-14,Active,False,59395.63,39067.43,36,1,1,0,0.0,0,0,0,0.0,0.0,20832.88,200848.01,71161.97,0.0,11779992.0,150521.0,1.2778,2988.3
CUST-001068,Thompson-Joyce,Education,Mid-Market,5000+,$1B+,Enterprise Agreement,2025-10-04,Active,False,308994.4,189258.42,48,4,4,4,293710.68,5,5,0,77.94,2.7,92511.29,924763.21,320475.86,0.0,60469017.0,756385.0,1.2509,13380.43
CUST-001069,Stokes and Sons,Energy,Strategic,5000+,$1B+,Marketplace,2023-09-23,Active,True,6864730.97,4398313.22,90,5,5,2,1121098.2,20,16,3,57.13,3.15,1905878.42,18008716.52,5795641.3,35201.36,1176354676.0,17108581.0,1.4544,342945.75
CUST-001070,Henderson Ltd,Media,SMB,250-999,$1B+,Direct Sales,2023-05-15,Active,False,16999.6,10876.47,13,1,1,0,0.0,4,2,0,57.63,3.41,7392.19,70471.69,18759.19,0.0,4934062.0,48146.0,0.9758,993.72
CUST-001071,Harris-Carson,Insurance,SMB,1000-4999,$1B+,Digital,2023-08-28,Active,False,26000.44,16257.16,18,1,1,1,16682.27,1,0,0,12.13,4.33,11565.44,94266.62,33738.86,0.0,7187950.0,102774.0,1.4298,1566.81
CUST-001072,Flowers LLC,Professional Services,Mid-Market,50-249,$250M-$1B,Digital,2022-08-13,Active,True,349574.57,209824.96,81,4,4,1,33024.79,5,3,0,43.37,3.37,183464.69,1546193.56,466359.1,0.0,113663480.0,1479779.0,1.3019,24267.81
CUST-001073,Bartlett-Sloan,Telecommunications,Mid-Market,5000+,$250M-$1B,Partner,2024-11-03,Active,True,431761.71,274423.31,78,4,4,3,198973.23,4,2,0,36.37,3.86,148769.84,1500756.32,520670.12,0.0,106860075.0,1386812.0,1.2978,21597.45
CUST-001074,Miller PLC,Transportation,Enterprise,250-999,$250M-$1B,Partner,2025-09-03,Active,False,1507680.53,965528.97,63,5,5,2,583528.88,9,6,2,36.35,3.23,442383.23,4336129.78,1380091.38,0.0,279789867.0,3663912.0,1.3095,62287.33
CUST-001075,Arnold-Gates,Transportation,Mid-Market,1000-4999,$10M-$50M,Partner,2021-06-26,Active,False,577217.92,358536.42,99,5,5,1,51005.56,1,1,0,40.84,3.71,220674.53,1906628.89,569515.92,0.0,124336268.0,1497566.0,1.2044,29368.92
CUST-001076,"Ellis, Marks and Buchanan",Technology,SMB,1000-4999,$50M-$250M,Partner,2025-06-14,Active,False,44259.62,27621.1,44,3,3,3,34610.1,3,3,2,98.08,2.41,27834.66,222696.58,86159.07,0.0,14153909.0,187852.0,1.3272,3812.06
CUST-001077,"Matthews, Harrington and Rodriguez",Manufacturing,SMB,250-999,$10M-$50M,Partner,2023-01-05,Active,False,42052.14,25600.36,53,3,3,2,14273.8,4,3,1,14.34,3.38,35210.94,305880.75,92473.8,0.0,17869810.0,273840.0,1.5324,4705.19
CUST-001078,Hernandez PLC,Telecommunications,Enterprise,1000-4999,<$10M,Enterprise Agreement,2021-05-11,Active,True,1621866.78,1044645.83,64,3,3,1,278550.65,7,3,1,19.35,3.82,450379.43,4614322.19,1420058.37,0.0,298902156.0,4291462.0,1.4357,63963.2
CUST-001079,"Chang, Ayers and Buckley",Telecommunications,SMB,250-999,<$10M,Enterprise Agreement,2022-06-13,Active,False,26558.77,17053.6,20,2,2,2,30951.77,1,1,0,100.12,2.1,10695.81,127881.69,37072.02,0.0,6596940.0,97461.0,1.4774,1589.07
CUST-001080,"Chan, Floyd and Dillon",Energy,SMB,5000+,<$10M,Direct Sales,2025-11-25,Active,False,34759.54,21770.71,33,3,3,3,36082.73,5,5,3,31.24,2.72,17626.45,185290.53,66502.25,0.0,11537050.0,176792.0,1.5324,2621.92
CUST-001081,Humphrey-Baker,Insurance,Enterprise,1-49,$1B+,Enterprise Agreement,2025-09-20,Active,False,1459340.22,932579.5,62,5,5,3,910907.12,10,5,1,50.78,3.53,485203.36,4151256.97,1254037.12,0.0,265645107.0,3704204.0,1.3944,64511.23
CUST-001082,"Washington, Lynch and Johnson",Energy,Enterprise,1-49,$10M-$50M,Direct Sales,2021-03-27,Active,False,1849877.71,1155638.06,94,5,5,1,311716.71,11,9,2,48.9,2.94,680953.93,6675908.83,2111402.8,0.0,441168819.0,5037970.0,1.142,95751.6
CUST-001083,Powell-Montgomery,Professional Services,Enterprise,1000-4999,$1B+,Marketplace,2022-08-22,Active,True,2281191.65,1403928.99,103,6,6,4,1104607.72,7,5,1,26.59,3.08,764794.3,6750117.46,2196763.07,20598.52,380565899.0,4804975.0,1.2626,149616.04
CUST-001084,"Steele, Williams and Preston",Telecommunications,Enterprise,50-249,<$10M,Partner,2023-01-15,Active,True,2976160.6,1860833.47,147,7,7,1,316265.14,7,5,3,84.23,3.2,1039770.8,10400794.46,3312668.44,19037.34,683247474.0,9479988.0,1.3875,189390.04
CUST-001085,Vaughn-Williams,Healthcare,Mid-Market,1000-4999,$50M-$250M,Digital,2021-01-14,Active,False,259300.07,168075.2,35,2,2,1,85329.05,5,2,1,45.88,3.3,68929.68,621862.1,207486.72,0.0,51282994.0,739676.0,1.4423,9522.31
CUST-001086,Mccall-Prince,Technology,Mid-Market,250-999,$10M-$50M,Partner,2025-01-04,Active,True,354423.34,220545.49,66,4,4,3,187184.41,2,0,0,25.86,4.23,129417.52,1336656.97,434159.12,8899.04,80585631.0,1128015.0,1.3998,38240.37
CUST-001087,Morgan LLC,Retail,Enterprise,1000-4999,$250M-$1B,Marketplace,2022-04-13,Active,True,795865.83,476253.36,49,3,3,0,0.0,3,3,0,88.2,2.58,343129.46,3656950.58,1066101.57,0.0,228153639.0,2765077.0,1.2119,48856.64
CUST-001088,Ramirez-Vasquez,Banking,Enterprise,1000-4999,$10M-$50M,Direct Sales,2023-01-11,Active,False,3027891.43,1929516.75,139,7,7,5,1241471.42,7,2,0,30.31,4.21,946091.69,9297598.78,3005535.32,0.0,647487995.0,8126314.0,1.2551,133798.49
CUST-001089,"Cohen, Compton and Perez",Telecommunications,Mid-Market,250-999,$250M-$1B,Partner,2021-06-23,Active,False,398899.61,251035.21,63,3,3,3,222174.43,2,0,0,35.05,4.41,127979.81,1413873.3,428516.07,0.0,85176518.0,1183301.0,1.3892,18630.85
CUST-001090,Mccann-Ramos,Transportation,Mid-Market,50-249,$1B+,Direct Sales,2024-09-14,Active,False,391561.82,249528.54,101,5,5,2,110920.61,6,5,0,68.37,3.29,186672.55,1917702.17,646037.62,0.0,129313450.0,1799315.0,1.3914,27096.44
CUST-001091,Adams-Butler,Technology,Strategic,1000-4999,$1B+,Digital,2022-08-29,Active,False,12246634.43,7572709.32,165,7,7,3,2500820.34,19,13,3,45.21,3.28,3516391.74,31078124.48,11591479.49,0.0,2092891339.0,26320063.0,1.2576,494546.43
CUST-001092,"Davis, Alexander and Mcintyre",Manufacturing,Mid-Market,5000+,$1B+,Partner,2021-01-17,Active,False,315806.72,202726.73,50,4,4,1,94578.7,5,5,2,48.35,2.84,100310.65,838225.23,297610.88,0.0,58224404.0,745038.0,1.2796,13680.52
CUST-001093,Figueroa-Malone,Energy,Mid-Market,5000+,$1B+,Marketplace,2025-12-23,Active,False,293709.69,187778.85,50,5,5,5,334801.89,4,2,0,15.56,3.83,105093.59,1098107.25,307943.86,0.0,61964252.0,686595.0,1.1081,14734.09
CUST-001094,Nicholson-Robertson,Manufacturing,Mid-Market,1-49,<$10M,Enterprise Agreement,2022-02-09,Active,False,233634.9,141273.0,39,3,3,3,198394.45,5,2,0,46.35,3.94,78644.56,896927.68,240968.83,0.0,43025850.0,551761.0,1.2824,11281.62
CUST-001095,Jones Ltd,Manufacturing,SMB,50-249,<$10M,Enterprise Agreement,2024-01-13,Active,False,76970.9,48800.78,61,3,3,1,8989.64,0,0,0,0.0,0.0,38274.98,362101.58,111039.82,0.0,24126830.0,295295.0,1.2239,5279.33
CUST-001096,"Powell, Deleon and Warren",Retail,Mid-Market,1-49,<$10M,Enterprise Agreement,2024-07-25,Active,False,769915.79,482423.26,117,5,5,4,305043.1,2,2,0,79.46,3.13,246073.27,2320416.37,748616.57,0.0,137099445.0,1828666.0,1.3338,34273.54
CUST-001097,"Johnson, Lee and Whitaker",Professional Services,Mid-Market,1000-4999,$1B+,Direct Sales,2022-09-15,Active,False,645046.36,404212.93,98,4,4,2,159434.86,5,5,0,37.95,2.51,206526.33,1983987.66,599266.23,0.0,132428163.0,1630846.0,1.2315,28548.03
CUST-001098,Wright Group,Telecommunications,Enterprise,1-49,<$10M,Direct Sales,2023-11-06,Active,True,5040081.61,3129262.62,186,7,7,4,1280836.36,13,6,2,21.94,3.65,1367268.66,12457292.02,3929152.19,67762.54,784576842.0,11375350.0,1.4499,336337.75
CUST-001099,Hull Ltd,Telecommunications,Mid-Market,50-249,$1B+,Enterprise Agreement,2023-07-18,Active,False,500678.75,316206.96,103,5,5,2,112294.33,4,2,0,68.62,3.71,202531.86,2152175.02,698473.78,0.0,132475525.0,1780786.0,1.3442,29516.9
CUST-001100,Hill Group,Media,Mid-Market,50-249,$50M-$250M,Digital,2025-09-26,Active,False,402157.66,252517.35,65,5,5,4,269631.01,1,1,0,123.03,1.78,133069.67,1244832.24,392597.78,0.0,82450683.0,977417.0,1.1855,18392.08
CUST-001101,"Sanders, Leblanc and Maldonado",Technology,SMB,5000+,$10M-$50M,Direct Sales,2025-01-02,Active,False,18589.85,11816.03,21,1,1,1,10108.74,1,1,0,12.31,3.33,11535.98,121034.62,36511.41,0.0,7872298.0,116151.0,1.4754,1645.35
CUST-001102,Watson PLC,Telecommunications,SMB,1000-4999,<$10M,Partner,2025-05-14,Active,False,25810.73,16239.76,17,1,1,1,16722.82,1,1,1,99.46,1.84,10804.63,72884.88,28451.55,0.0,5561353.0,58702.0,1.0555,1402.73
CUST-001103,Thompson-Harrell,Technology,Mid-Market,50-249,$250M-$1B,Partner,2021-05-08,Active,True,307170.18,190228.06,66,4,4,1,40079.57,3,1,0,27.48,3.51,135769.35,1351826.73,414925.37,0.0,79720193.0,1059660.0,1.3292,19072.34
CUST-001104,"Arnold, Cooper and Monroe",Media,Mid-Market,5000+,$1B+,Marketplace,2023-04-05,Active,False,402389.67,246792.82,92,5,5,2,95534.25,1,1,0,8.19,3.49,200977.23,1980672.84,588919.44,0.0,115917613.0,1570870.0,1.3552,27938.54
CUST-001105,Curry-Barker,Education,Enterprise,1000-4999,$250M-$1B,Partner,2023-05-18,Active,False,3269640.64,2077610.2,135,7,7,3,970467.83,7,6,0,66.01,2.86,966003.39,8724120.61,2872011.24,0.0,603857793.0,8002582.0,1.3252,133108.92
CUST-001106,Johnson-Williams,Retail,SMB,5000+,$1B+,Direct Sales,2023-07-27,Active,False,90983.05,56688.04,61,3,3,0,0.0,1,1,0,4.56,2.55,33590.69,345098.39,109486.42,0.0,21767221.0,345849.0,1.5889,4808.09
CUST-001107,"Chan, Lewis and Walker",Retail,Mid-Market,5000+,$50M-$250M,Direct Sales,2025-03-09,Active,False,560969.83,350866.99,83,5,5,3,236629.28,7,5,1,45.74,3.16,168481.11,1561328.6,510260.77,0.0,105627536.0,1354318.0,1.2822,23388.54
CUST-001108,Byrd LLC,Media,Mid-Market,250-999,<$10M,Enterprise Agreement,2023-01-27,Active,True,340551.51,214061.87,66,3,3,1,84823.1,6,5,0,19.66,2.96,133054.06,1490318.21,412589.47,0.0,86784166.0,1128631.0,1.3005,19081.37
CUST-001109,"Ortiz, Smith and Deleon",Manufacturing,SMB,250-999,$250M-$1B,Direct Sales,2023-02-06,Active,False,32795.11,20562.92,44,2,2,1,7982.65,1,1,0,26.53,2.45,23987.73,235718.8,76566.2,0.0,15726116.0,187565.0,1.1927,3395.84
CUST-001110,"Smith, Buck and Holland",Banking,Enterprise,250-999,$50M-$250M,Partner,2023-05-14,Active,False,999095.31,625620.2,47,3,3,2,516269.25,12,8,2,48.35,3.25,330140.15,3237817.59,1064311.71,0.0,219365951.0,2697044.0,1.2295,46831.54
CUST-001111,"Owen, Walker and Franklin",Telecommunications,SMB,1-49,<$10M,Marketplace,2024-01-27,Active,True,59516.68,37957.23,51,2,2,2,24412.18,2,1,0,23.09,3.54,29595.39,249289.09,92608.57,0.0,19559806.0,282891.0,1.4463,4088.42
CUST-001112,Marquez-Fletcher,Technology,Mid-Market,1000-4999,$1B+,Partner,2022-11-23,Active,False,168451.52,105139.5,37,2,2,0,0.0,3,3,0,39.47,2.98,79684.82,789576.57,230370.77,0.0,48763435.0,646331.0,1.3254,11054.4
CUST-001113,Coleman-Bennett,Education,Enterprise,1000-4999,$10M-$50M,Digital,2025-04-09,Active,False,2464943.92,1556069.41,116,7,7,5,1283305.15,5,3,0,55.61,3.22,883327.52,7105124.24,2267738.64,0.0,488973128.0,6213228.0,1.2707,116387.18
CUST-001114,Stevens-Robinson,Technology,SMB,50-249,$250M-$1B,Digital,2023-04-19,Active,False,52104.86,32390.47,55,2,2,1,8719.78,2,2,0,50.53,3.19,34492.62,319594.6,93331.28,0.0,22912379.0,279923.0,1.2217,4676.98
CUST-001115,Byrd-Holloway,Manufacturing,Mid-Market,1-49,$10M-$50M,Direct Sales,2025-02-16,Active,False,452206.88,290885.01,72,4,4,4,276448.57,6,3,0,45.82,3.67,155701.39,1519562.99,479036.52,0.0,94336088.0,1076761.0,1.1414,21842.8
CUST-001116,Silva-Smith,Transportation,Mid-Market,5000+,<$10M,Partner,2021-09-11,Active,False,224633.4,141207.68,45,3,3,2,146551.21,3,3,0,88.04,3.31,103145.13,759874.11,282967.18,0.0,51992220.0,634802.0,1.221,13632.29
CUST-001117,"Levy, Franco and Hoffman",Media,Strategic,5000+,$10M-$50M,Marketplace,2021-04-19,Active,True,10207097.54,6404952.4,122,6,6,3,2742823.58,16,10,4,30.29,3.43,2536718.52,23814866.74,7802138.33,42213.11,1517910128.0,17908352.0,1.1798,446824.42
CUST-001118,"Lynch, Evans and Rodriguez",Retail,Mid-Market,1-49,$50M-$250M,Partner,2023-12-26,Active,True,221472.34,139396.53,46,3,3,1,47924.75,8,4,1,23.95,3.7,91617.55,897687.29,285397.71,7301.86,57326997.0,643454.0,1.1224,28959.07
CUST-001120,"Nguyen, Hill and Douglas",Telecommunications,Mid-Market,1000-4999,$10M-$50M,Marketplace,2021-02-17,Active,False,432541.59,277663.16,76,5,5,3,224341.64,3,2,1,96.16,3.04,175884.0,1522836.36,504145.69,0.0,98996926.0,1260371.0,1.2731,23916.62
CUST-001121,"Evans, Hernandez and Cannon",Insurance,SMB,1-49,<$10M,Enterprise Agreement,2022-06-11,Active,False,99496.95,61459.06,84,3,3,1,9020.8,2,1,0,44.11,3.55,49005.3,456563.7,141760.31,0.0,29848273.0,393687.0,1.319,6741.21
CUST-001122,Trujillo PLC,Insurance,SMB,50-249,$50M-$250M,Marketplace,2025-04-23,Active,False,22344.4,14127.46,13,1,1,0,0.0,2,1,0,49.53,3.16,7903.59,71332.63,25567.65,0.0,4937058.0,65527.0,1.3272,1109.78
CUST-001123,Guerrero-Becker,Retail,Mid-Market,1-49,<$10M,Digital,2022-10-29,Active,False,379158.22,241022.57,72,3,3,1,95032.92,6,4,0,36.63,3.26,150734.41,1456285.65,453235.96,0.0,91152383.0,1167334.0,1.2806,21010.99
CUST-001124,"Johnson, Jimenez and Phillips",Manufacturing,SMB,1000-4999,<$10M,Direct Sales,2022-10-26,Active,True,26528.82,16516.57,16,1,1,1,18967.92,0,0,0,0.0,0.0,9681.97,106216.28,30213.79,0.0,4838190.0,69496.0,1.4364,1385.86
CUST-001125,Sullivan-Doyle,Energy,SMB,5000+,$250M-$1B,Direct Sales,2023-10-07,Active,False,51885.19,33864.47,36,1,1,1,16897.49,1,1,0,4.99,1.55,22440.85,200994.21,51726.25,0.0,13278384.0,181937.0,1.3702,2939.02
CUST-001126,"Erickson, Armstrong and Lee",Insurance,SMB,1000-4999,<$10M,Marketplace,2023-04-14,Active,False,15428.45,9915.78,25,1,1,0,0.0,1,0,0,20.51,4.75,13909.8,145939.18,50702.06,0.0,9376815.0,141694.0,1.5111,2050.86
CUST-001127,"Reeves, Parks and Little",Transportation,Mid-Market,1-49,$10M-$50M,Enterprise Agreement,2024-04-15,Active,True,292540.63,183761.55,75,4,4,2,74583.52,5,3,1,54.65,3.35,152841.05,1497437.44,501691.22,11859.46,100156595.0,1334704.0,1.3326,47858.44
CUST-001128,Knox-Powers,Education,Mid-Market,1-49,$1B+,Partner,2023-04-14,Active,False,308369.01,200630.04,60,2,2,1,62849.38,5,3,0,77.16,3.29,132343.76,1191282.27,427463.28,0.0,78766968.0,872396.0,1.1076,18568.34
CUST-001129,"Evans, Jackson and Sandoval",Healthcare,Enterprise,5000+,$250M-$1B,Enterprise Agreement,2021-12-11,Active,True,1911069.87,1192347.99,73,3,3,0,0.0,4,0,3,32.35,4.72,485356.0,5497501.36,1596545.1,47753.0,334372892.0,3789555.0,1.1333,175698.88
CUST-001130,"White, Davis and Anderson",Media,Mid-Market,250-999,$10M-$50M,Direct Sales,2025-08-26,Active,False,251283.48,154530.1,39,3,3,0,0.0,2,2,0,123.78,1.69,76069.68,720078.02,230322.65,0.0,44864855.0,660996.0,1.4733,10589.81
CUST-001131,Hardy-Hansen,Transportation,SMB,1000-4999,$50M-$250M,Partner,2022-05-29,Active,False,21847.0,13963.67,31,2,2,2,16442.75,2,2,0,22.03,3.25,20798.38,178725.28,58949.66,0.0,8909453.0,121555.0,1.3643,2818.9
CUST-001132,Arroyo LLC,Professional Services,Mid-Market,5000+,$1B+,Direct Sales,2021-11-27,Active,False,328799.75,208351.15,66,4,4,2,122470.52,2,1,0,49.19,3.39,137953.63,1194236.59,416006.22,0.0,81328037.0,1069579.0,1.3151,18964.26
CUST-001133,"Davis, Kelly and Garner",Retail,SMB,5000+,$50M-$250M,Marketplace,2025-08-28,Active,False,21038.3,13295.69,27,2,2,1,9523.41,3,2,0,17.23,3.38,15621.61,156473.82,57762.16,0.0,9743923.0,113302.0,1.1628,2296.56
CUST-001134,Fisher-Eaton,Transportation,SMB,250-999,$50M-$250M,Marketplace,2022-10-14,Active,False,17233.06,11030.81,25,1,1,0,0.0,1,0,0,10.95,4.28,15908.98,141107.0,43715.59,0.0,9474087.0,131845.0,1.3916,2151.03
CUST-001135,Green-Carter,Healthcare,SMB,1000-4999,$1B+,Digital,2022-12-01,Active,False,41225.95,24675.77,36,2,2,1,20365.51,3,0,0,24.26,4.54,22992.48,209020.03,61690.92,0.0,15553510.0,189567.0,1.2188,3103.94
CUST-001136,Ruiz Ltd,Media,SMB,1000-4999,<$10M,Direct Sales,2021-01-05,Active,False,7245.39,4549.22,12,1,1,1,6879.83,3,2,0,68.64,3.27,6977.14,60663.4,20405.01,0.0,4957946.0,74942.0,1.5116,953.33
CUST-001137,"Carpenter, Oliver and Kennedy",Professional Services,Mid-Market,1000-4999,$250M-$1B,Enterprise Agreement,2024-11-27,Active,False,292434.49,183246.12,57,3,3,2,123844.85,4,4,0,48.68,2.72,118856.51,1154251.26,353862.5,0.0,79094631.0,1093246.0,1.3822,16544.01
CUST-001138,Mason Ltd,Banking,SMB,1000-4999,<$10M,Digital,2024-01-09,Active,False,43863.47,26818.54,38,2,2,1,15856.79,1,1,0,41.72,2.23,23880.95,198786.22,76034.35,0.0,12959044.0,198919.0,1.535,3307.22
CUST-001139,Moreno-Gutierrez,Technology,Strategic,50-249,<$10M,Direct Sales,2023-01-04,Active,False,9209504.05,5733876.18,113,5,5,3,3223254.12,18,14,2,43.75,2.98,2494314.01,22816976.68,7433212.54,0.0,1519570913.0,19750822.0,1.2998,344454.53
CUST-001140,Taylor and Sons,Professional Services,Mid-Market,1-49,$50M-$250M,Digital,2022-03-30,Active,False,540963.21,331422.19,98,5,5,2,123204.27,3,2,0,33.43,3.55,197777.15,1976960.61,671628.38,0.0,127284563.0,1566446.0,1.2307,28470.05
CUST-001141,Ortiz-Hudson,Professional Services,SMB,50-249,$10M-$50M,Marketplace,2025-07-14,Active,False,44032.34,27336.58,43,3,3,2,26652.46,1,0,0,42.51,4.72,25617.22,214181.34,75269.95,0.0,15419649.0,180740.0,1.1721,3486.56
CUST-001142,Thomas-Huffman,Professional Services,Strategic,5000+,$10M-$50M,Direct Sales,2024-12-12,Active,True,8676248.89,5463808.95,105,6,6,3,2351872.77,25,15,4,43.18,3.39,2339953.01,20901784.5,6643632.02,133647.09,1244921741.0,16484720.0,1.3242,612859.17
CUST-001143,Maxwell Group,Manufacturing,SMB,5000+,$1B+,Marketplace,2025-11-17,Active,False,35374.2,22489.28,33,3,3,3,35980.34,2,2,1,43.26,2.81,22376.39,162394.6,54025.85,0.0,11916023.0,137543.0,1.1543,2878.89
CUST-001144,Welch-Thompson,Transportation,SMB,5000+,$1B+,Partner,2024-03-04,Active,False,25974.85,16753.7,25,1,1,0,0.0,2,0,1,3.5,4.72,15033.45,171332.13,48397.22,0.0,10260684.0,112847.0,1.0998,2179.59
CUST-001145,"Brown, Hayes and Clark",Manufacturing,SMB,5000+,$10M-$50M,Enterprise Agreement,2021-09-18,Active,False,106151.5,67813.62,82,3,3,2,31274.06,0,0,0,0.0,0.0,51973.69,471878.06,162133.52,0.0,27895280.0,340382.0,1.2202,7242.62
CUST-001146,Johnston and Sons,Banking,Mid-Market,5000+,$1B+,Digital,2024-10-20,Active,True,359703.15,223069.74,67,5,5,2,94038.06,2,1,1,92.72,3.26,136587.17,1311311.72,437192.1,3089.44,87112067.0,1080086.0,1.2399,26084.24
CUST-001147,Glover-Chan,Transportation,Mid-Market,1-49,$50M-$250M,Marketplace,2023-05-25,Active,True,190152.37,121078.03,40,2,2,1,72314.88,6,3,0,42.0,3.6,78230.02,823621.33,229306.53,0.0,47149606.0,647640.0,1.3736,10980.97
CUST-001148,Mendez Ltd,Energy,Enterprise,1000-4999,$250M-$1B,Digital,2024-10-24,Active,True,1020979.15,661097.93,48,3,3,1,379263.18,13,10,3,41.32,3.05,346739.67,3551505.18,1047733.57,0.0,232958054.0,3077977.0,1.3213,48786.99
CUST-001149,Powell-Sanford,Banking,Mid-Market,250-999,$250M-$1B,Enterprise Agreement,2022-04-05,Active,False,460927.3,294078.16,98,5,5,2,95453.47,4,2,1,41.7,3.83,186271.4,1897553.16,626111.35,0.0,130088063.0,1675212.0,1.2878,26820.85
CUST-001150,Smith-Ferguson,Insurance,Mid-Market,5000+,<$10M,Partner,2022-11-17,Active,False,161649.64,100118.47,25,2,2,0,0.0,6,5,2,37.17,3.2,54353.13,588310.7,140029.07,0.0,27441736.0,270095.0,0.9842,7468.86
CUST-001151,"Watson, Smith and Morris",Healthcare,Strategic,50-249,$50M-$250M,Digital,2022-05-27,Active,False,14420914.91,9232618.32,152,8,8,3,3268116.0,13,9,1,36.82,3.34,3261569.59,30562961.95,9450303.59,0.0,1998729600.0,26734876.0,1.3376,449170.19
CUST-001152,"Lee, Rhodes and Sims",Technology,SMB,1-49,$1B+,Digital,2023-09-10,Active,True,60737.68,39530.29,24,1,1,1,29960.55,1,1,0,49.94,2.46,12890.58,136121.32,34931.26,2773.13,9282315.0,123102.0,1.3262,7882.7
CUST-001153,Perez LLC,Telecommunications,Enterprise,1-49,$50M-$250M,Enterprise Agreement,2022-05-04,Active,True,2028889.85,1281308.53,114,4,4,2,340251.11,12,11,0,88.48,2.67,829325.26,8649819.29,2358622.43,52346.05,499870602.0,6991964.0,1.3988,230686.33
CUST-001154,Anderson-Reyes,Education,Enterprise,1-49,$250M-$1B,Enterprise Agreement,2024-06-22,Active,False,2190223.42,1397193.68,107,5,5,2,471884.36,12,9,1,29.51,2.74,781534.25,7257160.66,2246602.45,0.0,452919726.0,6153371.0,1.3586,107318.4
CUST-001155,"Torres, Brown and Williams",Telecommunications,SMB,1-49,$10M-$50M,Direct Sales,2023-02-12,Active,False,53676.5,32943.28,36,1,1,0,0.0,1,1,0,4.14,2.1,19586.21,200744.08,63654.12,0.0,10809897.0,140063.0,1.2957,2800.77
CUST-001156,Bryant-Meyer,Transportation,Enterprise,1000-4999,<$10M,Direct Sales,2024-06-04,Active,True,1562374.62,1005101.35,54,3,3,2,649547.15,5,3,1,54.96,3.59,348662.21,3733119.89,1069138.72,41138.49,242172539.0,3356129.0,1.3858,140041.93
CUST-001157,"Morgan, Barron and Cowan",Technology,Mid-Market,1000-4999,<$10M,Enterprise Agreement,2025-10-07,Active,True,131901.9,85155.01,24,2,2,2,124049.96,3,2,0,55.68,3.86,52517.61,497519.18,154991.01,4227.95,31814888.0,388633.0,1.2215,16572.99
CUST-001158,Ferrell-Henry,Transportation,Enterprise,5000+,<$10M,Marketplace,2025-06-01,Active,False,1322624.5,836843.33,55,4,4,1,261119.06,11,6,1,37.24,3.52,437604.52,3406430.08,1114523.04,0.0,258346466.0,3757586.0,1.4545,57342.6
CUST-001159,Martin Group,Insurance,SMB,250-999,<$10M,Marketplace,2024-06-22,Active,False,36866.41,24034.71,28,1,1,1,15265.02,2,1,1,29.84,3.99,18384.56,176074.68,48183.66,0.0,11156404.0,163107.0,1.462,2488.57
CUST-001160,Perez Ltd,Banking,Mid-Market,5000+,<$10M,Enterprise Agreement,2021-07-30,Active,True,323545.75,201027.29,55,2,2,2,128946.94,3,3,1,96.95,2.65,114706.52,1158829.64,361909.2,0.0,72938964.0,790909.0,1.0843,16260.23
CUST-001161,Clark Inc,Transportation,Enterprise,5000+,$50M-$250M,Digital,2021-09-16,Active,False,2126514.72,1362372.73,101,4,4,1,165191.82,5,5,1,57.77,2.47,745339.8,6566975.65,2166913.49,0.0,450148741.0,6527318.0,1.45,101883.46
CUST-001162,"Wagner, Martinez and Dawson",Retail,Mid-Market,1-49,<$10M,Partner,2022-05-13,Active,False,268734.77,175003.99,45,2,2,1,80230.57,3,2,0,40.52,3.26,103364.04,871778.52,278994.38,0.0,59780399.0,669179.0,1.1194,13836.06
CUST-001163,Brooks Ltd,Telecommunications,SMB,250-999,$1B+,Enterprise Agreement,2024-08-27,Active,False,64217.21,42020.94,39,2,2,1,18354.41,1,0,0,5.12,4.48,22673.24,206350.13,72594.81,0.0,14730730.0,216671.0,1.4709,3179.26
CUST-001164,Wise-Dean,Telecommunications,Enterprise,250-999,$50M-$250M,Direct Sales,2024-05-20,Active,True,3286536.97,2069704.37,121,6,6,4,1082493.31,9,5,1,61.07,3.57,836013.41,8611569.94,2813131.96,48898.68,561340612.0,8237418.0,1.4675,228172.98
CUST-001165,"Vang, Stanley and Valdez",Healthcare,Mid-Market,5000+,$1B+,Direct Sales,2021-04-28,Active,False,279752.55,179210.67,60,3,3,1,90441.37,6,4,0,41.14,3.17,118099.99,1141881.78,371487.75,0.0,76872355.0,1090047.0,1.418,16627.8
CUST-001166,Williams Inc,Healthcare,Mid-Market,1-49,$50M-$250M,Partner,2024-08-04,Active,False,514832.88,338267.18,86,5,5,3,214324.93,2,1,1,62.1,2.96,168201.4,1535755.22,566040.73,0.0,109023278.0,1500919.0,1.3767,23869.93
CUST-001167,Wallace-Martinez,Media,Mid-Market,5000+,$50M-$250M,Enterprise Agreement,2022-11-10,Active,False,294295.72,190121.37,38,2,2,2,177750.66,1,1,0,8.94,1.84,79619.85,713596.54,241709.23,0.0,43578374.0,627977.0,1.441,11010.09
CUST-001168,Wells-Hernandez,Banking,SMB,1000-4999,$10M-$50M,Direct Sales,2023-07-20,Active,False,45774.63,29664.24,43,3,3,1,11978.11,1,0,0,17.62,4.46,28746.54,268253.6,76461.42,0.0,15668527.0,217686.0,1.3893,3888.36
CUST-001169,"Jennings, Smith and Fisher",Healthcare,Mid-Market,1000-4999,$50M-$250M,Marketplace,2022-03-13,Active,False,624274.01,395719.95,123,5,5,3,164537.89,6,3,0,20.38,3.32,256005.37,2238872.81,814142.08,0.0,156437561.0,2069914.0,1.3232,35659.54
CUST-001170,Bates LLC,Telecommunications,SMB,1-49,<$10M,Digital,2021-01-14,Active,False,37892.42,22864.13,36,2,2,2,24073.02,2,2,1,74.04,2.32,23524.73,179104.77,71877.26,0.0,13671343.0,166677.0,1.2192,3194.24
CUST-001171,"Obrien, Taylor and Rivas",Healthcare,SMB,5000+,$50M-$250M,Direct Sales,2023-06-21,Active,True,50672.55,31796.47,40,2,2,2,29467.19,3,3,0,59.08,2.37,24067.89,210567.28,68547.2,0.0,14535612.0,146524.0,1.008,3272.64
CUST-001172,Hunt PLC,Healthcare,Strategic,250-999,$10M-$50M,Digital,2021-12-23,Active,True,11252834.33,7030191.72,126,6,6,3,2723742.52,20,14,3,49.2,3.15,2559672.25,24367141.25,8392619.92,85108.16,1715342314.0,22234422.0,1.2962,550268.95
CUST-001173,Campbell Inc,Retail,Enterprise,250-999,<$10M,Direct Sales,2021-02-14,Active,True,3415050.15,2136623.04,128,7,7,3,1039778.7,8,4,3,44.9,3.61,981576.97,8825032.94,2796603.41,40851.8,603748411.0,7583457.0,1.2561,223832.07
CUST-001174,Gonzalez-Gonzalez,Insurance,Enterprise,250-999,$10M-$50M,Digital,2025-06-01,Active,True,1624030.91,1022176.87,61,4,4,3,907093.8,7,2,0,30.1,4.11,423994.46,3682476.0,1432369.16,21946.63,267116640.0,3725575.0,1.3947,108130.75
CUST-001175,Decker-Dudley,Retail,Mid-Market,5000+,$1B+,Marketplace,2024-09-15,Active,False,510215.28,321186.34,93,5,5,3,177524.75,4,2,1,57.3,3.49,211089.38,1781119.31,541898.43,0.0,123942175.0,1612667.0,1.3011,27979.07
CUST-001176,Warner-Phillips,Retail,Enterprise,50-249,$10M-$50M,Enterprise Agreement,2025-12-13,Active,True,1390242.32,874429.79,60,6,6,6,1527599.39,10,5,3,31.16,3.82,419043.61,3781038.08,1195114.78,12323.12,296186184.0,3245074.0,1.0956,84337.89
CUST-001177,Kelley and Sons,Transportation,SMB,50-249,<$10M,Enterprise Agreement,2023-05-30,Active,False,89583.87,56272.97,73,3,3,1,16559.23,1,1,0,14.59,2.85,39779.77,374352.85,134637.1,0.0,28362033.0,374647.0,1.3209,5675.39
CUST-001178,"Fitzpatrick, Rivera and Smith",Telecommunications,Mid-Market,50-249,<$10M,Digital,2021-11-01,Active,False,91596.66,58254.11,23,2,2,2,92061.92,3,3,0,24.43,2.93,50661.06,369295.84,151039.1,0.0,27080837.0,380317.0,1.4044,6808.55
CUST-001179,"Davis, Rodriguez and Andrews",Education,Enterprise,50-249,<$10M,Marketplace,2025-12-20,Active,False,1823278.39,1130155.39,70,7,7,7,2052245.36,7,5,0,38.45,3.7,510891.33,4463842.14,1507082.74,0.0,339423721.0,3990798.0,1.1758,69978.72
CUST-001180,Hernandez-Davis,Technology,Enterprise,5000+,$50M-$250M,Marketplace,2023-11-08,Active,True,3148906.71,1983710.12,125,7,7,1,359789.68,7,5,1,41.48,2.96,923684.03,8170865.42,2542974.76,14897.28,590877959.0,7945952.0,1.3448,157677.17
CUST-001181,"Jones, Cummings and Conway",Energy,Mid-Market,1000-4999,$250M-$1B,Marketplace,2023-02-05,Active,False,254706.93,163805.11,48,4,4,1,50506.75,2,1,0,104.27,3.42,91251.0,969088.96,310484.62,0.0,59255728.0,740264.0,1.2493,13255.55
CUST-001182,"Hall, Hinton and Phillips",Media,SMB,1-49,$10M-$50M,Partner,2025-06-08,Active,False,36623.16,23384.32,29,2,2,1,17556.15,2,2,0,36.71,3.22,14933.13,157353.87,42619.44,0.0,9056278.0,134253.0,1.4824,2084.95
CUST-001183,Williams-Li,Healthcare,Enterprise,250-999,$250M-$1B,Marketplace,2023-03-22,Active,False,2740877.03,1733099.6,92,4,4,3,1025601.53,11,8,2,47.8,3.22,630657.19,6182381.92,2084916.94,0.0,382389308.0,5540311.0,1.4489,89973.17
CUST-001184,Phelps LLC,Retail,Mid-Market,1-49,$50M-$250M,Marketplace,2021-06-23,Active,True,421944.14,271943.49,107,5,5,3,115847.26,7,3,0,26.76,3.54,218289.95,2319089.66,683177.8,0.0,146912262.0,1683780.0,1.1461,31115.98
CUST-001185,"Edwards, Rodgers and Davis",Energy,Mid-Market,5000+,$50M-$250M,Marketplace,2023-08-11,Active,False,378078.43,239712.37,87,5,5,1,47025.57,6,2,1,26.73,4.23,158985.34,1783429.45,553194.47,0.0,112458612.0,1501689.0,1.3353,23407.3
CUST-001186,Smith and Sons,Education,Mid-Market,250-999,$50M-$250M,Marketplace,2025-07-06,Active,False,483209.19,307222.97,75,5,5,5,367919.74,4,3,1,26.25,2.99,164474.17,1558174.77,548064.25,0.0,96758088.0,1188103.0,1.2279,23399.74
CUST-001187,"Holland, Murphy and Kline",Insurance,SMB,250-999,<$10M,Digital,2024-08-14,Active,False,21539.57,13266.35,26,1,1,1,9588.3,1,0,0,69.59,4.53,15774.73,126373.04,53482.37,0.0,9557961.0,132580.0,1.3871,2207.24
CUST-001188,"Adams, Quinn and Watson",Manufacturing,Enterprise,50-249,<$10M,Direct Sales,2021-06-10,Active,False,2238150.23,1438273.26,93,7,7,5,1406455.8,10,9,2,56.95,2.63,636945.15,6254244.18,1920660.14,0.0,396759321.0,5269278.0,1.3281,89040.07
CUST-001189,White-Morales,Healthcare,SMB,250-999,$50M-$250M,Digital,2022-11-15,Active,False,63345.18,38913.9,60,2,2,0,0.0,1,1,0,145.43,2.0,40664.56,307911.53,112523.2,0.0,22730400.0,269528.0,1.1858,5400.78
CUST-001190,Nelson-Cruz,Professional Services,Enterprise,5000+,$10M-$50M,Enterprise Agreement,2022-01-26,Active,False,1319538.11,836892.47,72,5,5,1,187368.47,7,5,1,78.72,3.64,530836.45,4645194.09,1428063.7,0.0,327639200.0,4185034.0,1.2773,71346.17
CUST-001191,Marsh-Banks,Telecommunications,Enterprise,1000-4999,$250M-$1B,Enterprise Agreement,2022-08-01,Active,False,2062643.95,1314628.36,122,5,5,0,0.0,9,7,0,49.96,2.83,915090.74,8379513.3,2686770.05,0.0,527809093.0,7252609.0,1.3741,125984.95
CUST-001192,Wilson Ltd,Retail,Enterprise,1000-4999,$10M-$50M,Partner,2023-11-16,Active,True,3372226.88,2107118.46,137,6,6,2,466360.77,7,5,0,48.14,3.41,1012599.47,9559055.38,2728196.46,73939.2,622568527.0,8335859.0,1.3389,300200.53
CUST-001193,"Brown, Dunlap and Moore",Media,Mid-Market,5000+,$250M-$1B,Marketplace,2023-11-23,Active,False,223583.87,144225.73,32,2,2,2,158667.74,3,2,0,45.72,3.35,66492.32,717121.74,226299.35,0.0,36130661.0,443667.0,1.228,9681.42
CUST-001194,Pruitt-Webb,Technology,SMB,1000-4999,$10M-$50M,Marketplace,2022-01-20,Active,False,74113.68,46989.83,64,3,3,2,25483.32,1,0,0,32.78,4.23,39258.8,309154.96,116075.76,0.0,22541498.0,301469.0,1.3374,5312.58
CUST-001195,"Gregory, White and James",Media,Mid-Market,50-249,$50M-$250M,Direct Sales,2021-10-12,Active,True,190218.84,120203.05,38,3,3,0,0.0,2,2,0,74.21,2.15,76648.77,662052.42,226975.45,4599.5,45688636.0,704725.0,1.5425,20611.29
CUST-001196,Carr-Huffman,Healthcare,Mid-Market,1000-4999,$250M-$1B,Marketplace,2022-11-27,Active,False,537877.7,352442.61,76,5,5,1,86599.05,2,1,0,18.13,3.29,167112.34,1529138.42,459171.46,0.0,99503285.0,1276464.0,1.2828,22690.01
CUST-001197,"Mcpherson, Anderson and Knapp",Banking,Enterprise,5000+,<$10M,Partner,2024-04-17,Active,True,1534385.52,989463.5,99,5,5,2,302358.96,7,7,2,45.59,2.68,763624.33,6411838.2,2184865.1,41424.48,458413886.0,5700107.0,1.2434,194532.73
CUST-001198,Clay Group,Media,SMB,5000+,$1B+,Marketplace,2025-06-25,Active,False,23518.78,14583.69,23,2,2,1,15884.81,3,2,1,31.21,2.54,12707.46,133199.47,42525.89,0.0,7758982.0,107933.0,1.3911,1835.33
CUST-001199,Brown Ltd,Energy,Strategic,1000-4999,$10M-$50M,Marketplace,2021-05-11,Active,False,10743601.27,6690846.03,125,8,8,5,5229912.89,19,16,2,55.86,2.72,2589702.79,26127808.07,8395634.91,0.0,1564358544.0,20168869.0,1.2893,369284.86
CUST-001200,Smith-Oneill,Manufacturing,SMB,1-49,$10M-$50M,Direct Sales,2024-08-01,Active,False,50420.55,32317.68,38,3,3,1,17739.3,1,1,0,42.24,2.59,27022.56,200748.92,71632.05,0.0,12955642.0,181111.0,1.3979,3549.77
CUST-001201,"Saunders, Ray and Cunningham",Media,Mid-Market,1000-4999,<$10M,Partner,2024-11-12,Active,True,101041.97,64649.4,34,2,2,2,68010.9,5,4,2,72.28,3.31,68088.43,569932.46,228346.15,0.0,40480125.0,475286.0,1.1741,9551.43
CUST-001202,"Marks, Stone and Watts",Manufacturing,SMB,5000+,<$10M,Marketplace,2022-04-23,Active,False,48704.31,30606.33,28,1,1,1,20007.23,0,0,0,0.0,0.0,18841.37,167519.99,45973.01,0.0,10036782.0,134974.0,1.3448,2490.74
CUST-001203,"Davis, Stanley and Wright",Technology,SMB,1000-4999,$10M-$50M,Direct Sales,2022-11-01,Active,True,58906.11,35756.68,53,2,2,1,10694.99,3,1,0,31.66,4.33,34857.49,343636.46,105328.45,0.0,18328800.0,238553.0,1.3015,4877.88
CUST-001204,Alvarado-Davidson,Technology,SMB,50-249,$10M-$50M,Partner,2021-05-21,Active,False,41045.22,26733.7,54,2,2,2,18677.58,2,2,0,7.02,2.21,32407.48,319171.46,99506.37,0.0,18518724.0,241136.0,1.3021,4550.21
CUST-001205,Combs PLC,Media,SMB,250-999,$1B+,Partner,2024-05-21,Active,False,46270.05,28439.37,48,2,2,2,22225.05,2,2,0,32.14,2.43,25563.28,276467.02,75378.39,0.0,18732826.0,221396.0,1.1819,3607.45
CUST-001206,"Brown, Schneider and Moore",Banking,Mid-Market,50-249,$250M-$1B,Direct Sales,2022-02-18,Active,False,485912.82,302721.36,96,4,4,2,108743.89,3,2,1,59.66,3.33,192416.47,1838407.16,619009.94,0.0,112529186.0,1558774.0,1.3852,27183.94
CUST-001207,Christian-Booth,Telecommunications,Enterprise,5000+,$250M-$1B,Marketplace,2023-12-13,Active,False,2208304.93,1404752.78,112,6,6,4,1039726.11,8,7,1,54.68,2.87,742718.6,7332911.5,2375128.52,0.0,502248089.0,6782202.0,1.3504,105261.8
CUST-001208,Walton LLC,Transportation,Mid-Market,1000-4999,$50M-$250M,Digital,2022-08-13,Active,False,459306.72,285698.86,90,5,5,1,50658.28,5,5,1,26.0,2.46,171952.39,1795418.98,566134.04,0.0,114815442.0,1326878.0,1.1557,24727.64
CUST-001209,Rivera LLC,Media,SMB,1000-4999,$250M-$1B,Marketplace,2022-01-03,Active,False,87635.3,54447.04,72,3,3,1,14084.8,0,0,0,0.0,0.0,38097.24,453784.56,124253.64,0.0,26619369.0,328734.0,1.2349,5579.0
CUST-001210,Hunter PLC,Technology,Enterprise,1-49,$10M-$50M,Partner,2021-07-15,Active,False,1868169.7,1152177.82,80,4,4,2,575017.64,11,9,4,58.7,3.03,537312.68,4947044.75,1732177.36,0.0,362287338.0,5149606.0,1.4214,75574.1
CUST-001211,"Gray, Montoya and Miller",Insurance,SMB,50-249,$250M-$1B,Marketplace,2024-09-27,Active,False,16190.62,10267.46,18,1,1,1,10364.52,2,1,0,7.1,3.52,9943.58,92045.14,32909.37,0.0,6629910.0,98959.0,1.4926,1408.19
CUST-001212,Solis-West,Insurance,Strategic,1-49,$1B+,Digital,2023-01-26,Active,True,12337249.02,7708786.71,136,7,7,3,3155182.62,10,9,1,69.17,2.94,2640649.08,25842521.47,8394378.11,45382.11,1865567704.0,23317616.0,1.2499,473128.18
CUST-001213,West-Wilson,Banking,SMB,1000-4999,<$10M,Direct Sales,2023-11-03,Active,False,9935.3,6323.07,15,1,1,1,7615.5,1,1,0,77.7,3.23,8434.76,70000.69,27818.0,0.0,4845001.0,58450.0,1.2064,1177.26
CUST-001214,Mcgee-Smith,Telecommunications,Mid-Market,1000-4999,$10M-$50M,Marketplace,2023-02-20,Active,False,682882.35,433250.77,96,5,5,1,86430.55,5,2,0,28.33,3.61,178547.21,1706098.83,648795.33,0.0,127503565.0,1600151.0,1.255,25969.23
CUST-001215,Gutierrez-Hawkins,Telecommunications,SMB,1000-4999,$250M-$1B,Marketplace,2021-10-07,Active,True,64837.07,40259.16,34,1,1,1,21669.36,1,1,0,35.71,2.47,22067.86,200357.75,59638.05,3803.9,13297886.0,123760.0,0.9307,11351.55
CUST-001216,Petersen PLC,Education,SMB,50-249,$250M-$1B,Digital,2025-01-01,Active,False,74608.9,47172.65,55,3,3,2,31224.26,0,0,0,0.0,0.0,30934.92,325093.72,96415.12,0.0,21570885.0,277886.0,1.2882,4398.66
CUST-001217,"Walsh, Wu and Hart",Insurance,Enterprise,50-249,$50M-$250M,Direct Sales,2024-05-28,Active,False,3016440.4,1870564.56,175,7,7,5,1036779.22,6,2,1,45.17,4.15,1277375.95,11136538.5,3620808.25,0.0,765577008.0,9767226.0,1.2758,173444.81
CUST-001218,"Powers, Clements and Cox",Banking,Mid-Market,250-999,$10M-$50M,Marketplace,2024-10-07,Active,True,170807.3,102821.87,30,2,2,1,42384.03,4,3,1,61.72,2.87,67385.24,495519.08,185112.59,0.0,36046633.0,575547.0,1.5967,8906.94
CUST-001219,Velasquez Group,Energy,SMB,50-249,$250M-$1B,Direct Sales,2024-10-14,Active,False,82664.88,52959.39,70,3,3,3,41704.63,2,2,1,76.99,2.67,41446.27,406332.5,127699.31,0.0,24241364.0,329462.0,1.3591,5819.66
CUST-001220,Castro-Harvey,Transportation,Enterprise,1-49,$250M-$1B,Digital,2025-01-07,Active,False,990961.05,625586.81,55,3,3,2,342746.72,9,6,3,63.89,3.55,405236.01,4124338.83,1242599.61,0.0,253219344.0,3784242.0,1.4945,57146.11
CUST-001221,Moran-Cox,Technology,Mid-Market,50-249,$10M-$50M,Digital,2025-05-01,Active,True,483046.58,303679.22,62,4,4,3,238961.21,7,3,0,65.66,3.8,127327.99,1325128.85,408463.99,5106.22,77913976.0,1046430.0,1.3431,29428.07
CUST-001222,Wilson-Malone,Banking,Enterprise,1-49,$50M-$250M,Partner,2023-05-14,Active,True,1059226.53,681044.58,49,3,3,1,286674.21,13,9,2,32.26,3.37,363109.39,3754393.41,1151056.94,0.0,233063313.0,3083822.0,1.3232,51699.27
CUST-001223,Smith LLC,Insurance,Mid-Market,50-249,$10M-$50M,Direct Sales,2025-12-12,Active,True,294607.7,191476.3,50,5,5,5,334235.26,3,2,0,28.95,3.59,92927.85,972987.95,304812.56,3983.48,67084066.0,868602.0,1.2948,22121.54
CUST-001224,"Brandt, Carter and Boyd",Energy,SMB,50-249,$1B+,Partner,2022-10-23,Active,False,40212.91,25166.32,47,2,2,1,8561.73,1,0,0,12.39,4.44,30648.41,253880.8,94224.22,0.0,15556513.0,204512.0,1.3146,4208.47
CUST-001225,"Rodriguez, Prince and Vasquez",Healthcare,Strategic,50-249,<$10M,Digital,2021-09-05,Active,False,17150620.28,10762903.13,174,8,8,3,3142115.91,19,10,2,48.9,3.52,3739637.25,32992542.0,11145663.39,0.0,2377155711.0,28198240.0,1.1862,514009.58
CUST-001226,"Newton, Ortiz and King",Banking,SMB,1000-4999,$10M-$50M,Marketplace,2022-10-10,Active,False,72172.14,43664.51,53,3,3,3,44003.98,1,0,0,50.26,4.91,32059.43,277111.64,111708.94,0.0,20206144.0,280350.0,1.3874,4556.51
CUST-001227,Lopez Group,Media,SMB,250-999,<$10M,Direct Sales,2024-08-24,Active,False,84062.55,52834.73,62,3,3,1,14138.48,0,0,0,0.0,0.0,37776.23,365021.06,107974.86,0.0,23357082.0,285824.0,1.2237,5209.68
CUST-001228,Bryant and Sons,Education,Enterprise,1-49,$1B+,Enterprise Agreement,2024-05-11,Active,True,2066119.77,1308460.29,134,7,7,6,1064694.73,6,1,0,27.42,4.06,956813.57,9008898.8,2949607.73,17461.63,604973467.0,7575127.0,1.2521,172042.57
CUST-001229,"Morgan, Sherman and Williams",Professional Services,SMB,1000-4999,$10M-$50M,Digital,2024-07-16,Active,False,50780.4,31246.18,37,3,3,1,18431.3,1,1,1,40.27,3.16,20717.91,207571.64,62109.42,0.0,15179577.0,180922.0,1.1919,2900.94
CUST-001230,"Monroe, Chapman and Barton",Education,SMB,1-49,$50M-$250M,Direct Sales,2024-09-26,Active,False,11723.22,7484.69,13,1,1,0,0.0,2,2,1,35.93,3.33,8239.66,70930.69,26608.12,0.0,4395062.0,63868.0,1.4532,1149.47
CUST-001231,Ellis-Lawrence,Transportation,Mid-Market,50-249,$1B+,Enterprise Agreement,2023-11-13,Active,False,263150.05,166706.82,49,2,2,0,0.0,6,3,1,59.2,3.46,97151.44,953040.85,358412.68,0.0,57376137.0,756105.0,1.3178,14233.8
CUST-001232,"Taylor, Porter and Moreno",Insurance,Mid-Market,250-999,$10M-$50M,Marketplace,2024-06-16,Active,True,532347.84,335510.97,107,5,5,4,196373.59,4,4,3,59.25,2.86,225753.3,1929728.63,693070.22,8508.64,139747482.0,1770104.0,1.2666,49826.91
CUST-001233,Tran Group,Telecommunications,Enterprise,1000-4999,$50M-$250M,Partner,2021-10-09,Active,True,2112596.48,1290965.29,75,4,4,0,0.0,8,5,2,49.51,3.4,491647.91,4784623.73,1533613.76,0.0,317305611.0,4176949.0,1.3164,69153.56
CUST-001234,"Webb, Romero and Morse",Professional Services,SMB,5000+,$250M-$1B,Digital,2022-05-03,Active,False,64602.63,39971.18,62,3,3,0,0.0,2,1,0,39.92,3.31,32902.8,376537.46,109636.2,0.0,21713034.0,273791.0,1.261,4810.68
CUST-001235,Holt and Sons,Banking,SMB,5000+,$250M-$1B,Digital,2025-04-07,Active,False,22076.37,14211.59,18,1,1,1,14230.2,0,0,0,0.0,0.0,10285.38,81582.71,34696.42,0.0,6680674.0,67025.0,1.0033,1435.91
CUST-001236,"Ochoa, Garcia and Sandoval",Telecommunications,Enterprise,50-249,$10M-$50M,Enterprise Agreement,2022-11-10,Active,False,1424585.96,876517.34,87,5,5,3,462405.01,9,7,0,61.85,3.3,637712.82,5431710.66,1763924.24,0.0,412158257.0,5356771.0,1.2997,85897.14
CUST-001237,"Andrade, Gordon and Cruz",Transportation,SMB,50-249,$1B+,Marketplace,2025-06-30,Active,False,53570.05,32906.91,39,3,3,0,0.0,1,0,0,65.55,4.77,22679.95,227894.23,70131.79,0.0,16216473.0,183666.0,1.1326,3198.37
CUST-001238,"Moon, Farmer and Hill",Insurance,Mid-Market,1000-4999,<$10M,Partner,2021-01-13,Active,False,295502.79,182173.7,61,4,4,1,49914.47,2,1,0,65.19,4.01,130116.59,1259874.29,321485.41,0.0,84387366.0,1142316.0,1.3537,17445.33
CUST-001239,Waller-Chavez,Insurance,SMB,50-249,$1B+,Enterprise Agreement,2021-09-15,Active,False,58083.04,36956.4,71,2,2,1,9932.75,3,2,0,35.51,2.89,40757.31,392404.53,136415.64,0.0,26952100.0,389144.0,1.4438,5817.0
CUST-001240,Taylor PLC,Technology,Enterprise,1000-4999,$50M-$250M,Partner,2021-06-10,Active,True,1279972.96,807898.88,57,4,4,2,435829.18,9,4,2,17.14,3.65,383931.62,3722096.88,1134820.2,34378.79,259368067.0,3520944.0,1.3575,128979.62
CUST-001241,"Tanner, Hunt and Cameron",Healthcare,Mid-Market,250-999,$50M-$250M,Enterprise Agreement,2024-05-25,Active,False,261751.98,162871.62,64,4,4,0,0.0,4,4,3,72.64,2.02,131016.59,1277220.61,433283.74,0.0,76679169.0,1069250.0,1.3944,18678.87
CUST-001242,"Valencia, Joseph and Walls",Education,Mid-Market,1-49,$50M-$250M,Marketplace,2025-11-02,Active,True,326184.38,208583.3,55,5,5,5,334097.05,7,5,2,29.43,3.18,98356.77,1024011.49,348977.63,6216.96,68958610.0,824180.0,1.1952,28067.13
CUST-001243,"Robinson, Clark and Klein",Media,SMB,1000-4999,$10M-$50M,Marketplace,2023-11-01,Active,False,8637.42,5740.7,13,1,1,0,0.0,0,0,0,0.0,0.0,8681.43,59324.79,27796.34,0.0,5516574.0,81102.0,1.4702,1178.03
CUST-001244,"Reed, Chambers and Zavala",Manufacturing,SMB,5000+,$1B+,Partner,2021-06-20,Active,False,22396.95,14097.85,21,1,1,1,12185.34,0,0,0,0.0,0.0,11883.96,105832.93,33060.93,0.0,7981043.0,109907.0,1.3771,1611.75
CUST-001245,"Hester, Thompson and Daniels",Manufacturing,Mid-Market,1000-4999,$50M-$250M,Marketplace,2023-08-08,Active,True,349691.88,218232.53,72,3,3,0,0.0,3,2,1,24.77,3.1,139067.64,1285720.54,436946.67,3914.06,89989585.0,1185373.0,1.3172,28067.9
CUST-001246,"Morris, Wilson and Bell",Professional Services,Mid-Market,1000-4999,$10M-$50M,Partner,2021-10-07,Active,True,703542.63,433650.35,129,5,5,2,117368.44,6,5,0,49.3,2.85,264276.07,2440098.67,792060.9,16884.58,157002055.0,2014719.0,1.2832,73731.7
CUST-001247,Aguilar-Bender,Professional Services,Enterprise,250-999,$250M-$1B,Marketplace,2023-10-23,Active,True,2731756.62,1738256.79,103,5,5,3,1091730.29,10,9,3,68.3,2.87,693800.63,6367651.45,2265230.4,56723.08,467108474.0,6347551.0,1.3589,222620.51
CUST-001248,"Butler, Adkins and Skinner",Technology,Enterprise,1000-4999,$50M-$250M,Enterprise Agreement,2023-02-04,Active,False,1477895.13,947611.58,108,5,5,2,255102.95,13,10,1,61.41,3.05,776286.96,7418556.45,2302610.44,0.0,480808867.0,5572833.0,1.1591,107728.74
CUST-001249,Rich-Henderson,Technology,SMB,5000+,$10M-$50M,Partner,2021-09-12,Active,False,45924.26,29571.81,53,2,2,2,19647.29,0,0,0,0.0,0.0,29997.08,289775.69,90425.41,0.0,21092785.0,259679.0,1.2311,4183.34
CUST-001250,Mills Inc,Professional Services,Enterprise,250-999,$1B+,Marketplace,2025-03-20,Active,False,766140.46,486477.18,45,3,3,1,164146.35,9,7,1,53.05,3.33,327352.02,2935389.88,843652.74,0.0,211655458.0,2963569.0,1.4002,43769.11
CUST-001251,Thomas-Santiago,Technology,Mid-Market,1000-4999,$10M-$50M,Partner,2024-08-26,Active,False,286913.91,175808.95,65,4,4,2,116725.03,3,2,0,42.84,3.67,128970.53,1323371.56,389040.59,0.0,85699894.0,1137122.0,1.3269,18144.56
CUST-001252,Adams and Sons,Banking,Mid-Market,50-249,$50M-$250M,Enterprise Agreement,2024-10-17,Active,False,335306.22,209566.55,74,4,4,2,96411.01,5,3,2,30.17,3.31,157102.39,1370890.06,496034.93,0.0,84124173.0,1170239.0,1.3911,21841.4
CUST-001253,Vega-Thomas,Media,Mid-Market,5000+,$10M-$50M,Direct Sales,2022-05-22,Active,True,278047.92,175574.89,49,3,3,0,0.0,4,2,1,60.87,3.38,98202.16,989712.48,272796.22,9549.88,64758477.0,738444.0,1.1403,34555.29
CUST-001254,Vaughn LLC,Technology,SMB,5000+,<$10M,Enterprise Agreement,2023-02-27,Active,False,33941.39,21881.97,30,2,2,1,13006.16,1,1,0,123.92,3.16,16100.6,169635.52,60114.63,0.0,10474646.0,175686.0,1.6772,2389.52
CUST-001255,Molina Inc,Manufacturing,Enterprise,250-999,$1B+,Enterprise Agreement,2023-05-25,Active,True,3366625.79,2097291.01,146,7,7,2,576137.79,9,8,1,60.61,2.9,966780.39,10114377.83,3116769.06,66422.18,597012983.0,7285551.0,1.2203,284535.3
CUST-001256,Cervantes-Garcia,Technology,Mid-Market,1-49,<$10M,Enterprise Agreement,2025-02-12,Active,False,455786.29,289266.65,73,4,4,3,210056.83,5,1,0,20.36,4.17,144810.92,1352328.2,482012.91,0.0,96745019.0,1205057.0,1.2456,20557.95
CUST-001257,"Stevenson, Hancock and Newton",Professional Services,Enterprise,50-249,$250M-$1B,Digital,2022-07-05,Active,False,3271681.71,2025522.97,121,5,5,2,633404.81,6,3,2,20.98,3.06,903153.24,8177419.32,2744148.28,0.0,515916387.0,6735582.0,1.3056,125080.13
CUST-001258,"Price, Dixon and Robles",Insurance,SMB,1-49,$250M-$1B,Enterprise Agreement,2021-01-04,Active,False,29320.89,17936.3,28,2,2,1,15605.06,1,1,0,108.75,3.28,16175.12,164781.38,44859.07,0.0,11531072.0,182119.0,1.5794,2233.91
CUST-001259,"Roberts, Beck and House",Retail,SMB,250-999,$10M-$50M,Partner,2021-12-16,Active,False,58146.09,35738.45,36,1,1,1,18396.38,2,1,0,64.51,3.79,18327.67,192602.33,67006.96,0.0,13283158.0,183029.0,1.3779,2704.59
CUST-001260,Butler-French,Education,SMB,5000+,$10M-$50M,Partner,2021-08-14,Active,False,45041.11,29267.72,49,2,2,1,10220.79,0,0,0,0.0,0.0,28242.42,286050.54,102659.93,0.0,17741192.0,258447.0,1.4568,4140.36
CUST-001261,"Edwards, Arnold and Smith",Manufacturing,SMB,1000-4999,$250M-$1B,Enterprise Agreement,2022-01-28,Active,False,35538.98,23302.18,24,1,1,0,0.0,2,1,0,20.67,4.26,15382.38,131605.72,46282.85,0.0,8928766.0,114954.0,1.2875,2110.36
CUST-001262,Harris-Melton,Insurance,SMB,1000-4999,<$10M,Digital,2022-08-24,Active,False,45364.51,28988.48,29,1,1,1,17996.93,1,1,0,14.08,1.78,18188.0,163258.11,56789.19,0.0,11095882.0,172018.0,1.5503,2531.41
CUST-001263,Greer-Pruitt,Education,SMB,1-49,<$10M,Direct Sales,2023-09-06,Active,False,23960.81,15126.18,15,1,1,1,18498.23,2,2,0,55.33,2.26,8180.41,83687.57,31750.02,0.0,5546548.0,55335.0,0.9976,1221.15
CUST-001264,"Mckinney, Richardson and Chapman",Banking,SMB,1-49,$10M-$50M,Enterprise Agreement,2025-06-05,Active,False,51483.65,32792.64,42,3,3,1,7434.42,2,2,0,55.98,3.38,24287.21,224770.82,76768.06,0.0,17343578.0,215964.0,1.2452,3403.05
CUST-001265,"Morrison, Parsons and Brandt",Manufacturing,Enterprise,1000-4999,$250M-$1B,Digital,2025-04-09,Active,False,1387812.1,861100.65,86,6,6,3,595869.74,13,9,5,52.21,3.26,608836.31,6120817.82,1823807.94,0.0,404483303.0,5230337.0,1.2931,85275.05
CUST-001266,Cole-Lucero,Telecommunications,Mid-Market,250-999,$10M-$50M,Digital,2025-12-29,Active,False,225486.12,140700.97,40,4,4,4,255591.69,4,0,0,23.64,4.2,84611.23,702192.47,308653.56,0.0,54047756.0,538307.0,0.996,12105.94
CUST-001267,Lopez and Sons,Telecommunications,Mid-Market,1-49,<$10M,Marketplace,2022-12-31,Active,False,490243.09,307417.53,87,5,5,1,52623.39,2,1,0,17.07,3.92,190114.66,1768689.99,587862.97,0.0,106323511.0,1412243.0,1.3283,26526.08
CUST-001268,"Palmer, Bennett and Patterson",Retail,Enterprise,1-49,$1B+,Direct Sales,2025-12-24,Active,False,1259071.33,808211.99,50,5,5,5,1415747.48,5,4,0,49.46,3.36,341314.31,3319022.17,1107940.87,0.0,218929368.0,2900324.0,1.3248,48435.66
CUST-001269,"Baker, Martin and Singleton",Healthcare,Enterprise,250-999,$250M-$1B,Enterprise Agreement,2025-03-19,Active,False,954698.35,609863.51,45,3,3,1,253733.4,8,6,1,75.41,3.09,337395.87,2874173.68,951227.77,0.0,209288275.0,2787141.0,1.3317,45626.21
CUST-001270,Rivera Ltd,Healthcare,Mid-Market,1-49,$50M-$250M,Direct Sales,2024-09-14,Active,False,634646.31,397020.43,107,5,5,1,77606.45,4,4,1,66.74,2.79,233782.84,2182512.05,667034.66,0.0,140347669.0,1735566.0,1.2366,32075.68
CUST-001271,Williams LLC,Telecommunications,Mid-Market,1000-4999,$10M-$50M,Enterprise Agreement,2025-02-15,Active,False,289396.63,180293.03,40,2,2,2,163375.27,4,3,0,53.18,3.38,76087.18,847079.66,272516.81,0.0,49969920.0,680288.0,1.3614,11267.2
CUST-001272,"Williams, Randolph and Gilbert",Technology,Mid-Market,1000-4999,<$10M,Marketplace,2022-12-15,Active,False,715155.05,440349.69,128,5,5,1,35811.07,6,4,0,43.63,3.47,279742.62,2618077.53,819761.4,0.0,163476523.0,1874460.0,1.1466,38610.6
CUST-001273,"Turner, Tyler and Pierce",Energy,SMB,5000+,$1B+,Direct Sales,2025-11-17,Active,False,12689.72,8426.9,11,1,1,1,12976.14,2,2,1,35.79,2.32,7512.92,66446.66,19148.51,0.0,2515541.0,30499.0,1.2124,1000.51
CUST-001274,Bowers LLC,Energy,SMB,1000-4999,$10M-$50M,Marketplace,2024-10-10,Active,False,43588.17,27377.67,59,3,3,2,15649.42,3,2,0,30.09,3.11,33650.76,316652.82,110826.0,0.0,20532589.0,249298.0,1.2142,4770.22
CUST-001275,"Robinson, White and Jones",Healthcare,Strategic,50-249,$10M-$50M,Direct Sales,2022-05-09,Active,True,10195144.73,6437411.96,140,8,8,5,5272441.69,10,7,2,60.62,3.27,3001661.18,26315673.44,9142543.42,129017.09,1879878182.0,25711042.0,1.3677,698044.27
CUST-001276,"Moore, Daniels and Powell",Technology,SMB,250-999,$10M-$50M,Digital,2022-10-31,Active,False,91041.97,56371.29,69,3,3,2,28861.83,1,1,0,46.67,3.21,40422.39,391413.29,120497.74,0.0,25018651.0,288624.0,1.1536,5625.9
CUST-001277,Walker-Lewis,Energy,Mid-Market,1000-4999,<$10M,Digital,2021-10-06,Active,True,354271.82,224128.53,71,3,3,1,55221.78,4,3,0,48.77,3.08,157207.9,1324092.46,462481.76,14137.86,85591394.0,1138529.0,1.3302,52524.99
CUST-001278,Rivera-Carter,Insurance,Enterprise,250-999,$250M-$1B,Marketplace,2024-05-15,Active,False,2754881.46,1712464.67,124,6,6,6,1520334.16,8,5,1,39.52,3.59,853584.2,8049973.31,2920362.15,0.0,578094853.0,7668010.0,1.3264,122125.85
CUST-001279,"Moreno, Barajas and Colon",Healthcare,Mid-Market,50-249,$50M-$250M,Direct Sales,2023-06-14,Active,False,434058.39,271143.15,89,4,4,3,178058.14,4,3,0,37.83,3.46,173975.78,1667586.75,527250.82,0.0,117335505.0,1432578.0,1.2209,24265.71
CUST-001280,"Smith, Caldwell and Griffin",Media,SMB,50-249,<$10M,Enterprise Agreement,2025-02-25,Active,True,16831.35,9723.12,12,1,1,1,16243.66,3,2,0,38.39,3.86,8466.59,62400.39,26843.22,0.0,4184950.0,54684.0,1.3067,1155.21
CUST-001281,"Austin, Oliver and Haley",Professional Services,SMB,1-49,$50M-$250M,Direct Sales,2024-03-27,Active,False,50805.12,32041.15,40,3,3,1,13477.14,2,0,0,13.53,4.63,20903.68,241930.61,75487.0,0.0,17403064.0,263690.0,1.5152,3120.18
CUST-001282,"Blackwell, James and Hogan",Telecommunications,Mid-Market,250-999,$10M-$50M,Enterprise Agreement,2023-05-18,Active,False,374843.88,237247.24,72,4,4,2,91944.02,7,6,0,33.83,2.7,146380.22,1432812.28,502990.93,0.0,99061200.0,1393735.0,1.4069,21069.86
CUST-001284,"Campbell, Pruitt and Short",Transportation,SMB,1000-4999,$10M-$50M,Enterprise Agreement,2023-10-21,Active,False,40138.73,25745.6,24,1,1,0,0.0,0,0,0,0.0,0.0,16132.42,157443.84,44306.27,0.0,9231474.0,121135.0,1.3122,2209.97
CUST-001285,Robertson-Hicks,Professional Services,SMB,1-49,$1B+,Digital,2025-08-23,Active,False,43946.36,26291.89,38,3,3,2,20485.01,0,0,0,0.0,0.0,21626.72,256903.69,74788.37,0.0,14189427.0,168462.0,1.1872,3208.17
CUST-001286,Williams-Villanueva,Professional Services,SMB,5000+,$250M-$1B,Partner,2025-10-03,Active,False,15201.23,9456.63,12,1,1,1,14507.26,2,1,0,38.29,3.86,7277.42,87767.43,23907.44,0.0,4121397.0,49784.0,1.2079,1069.6
CUST-001287,Flores Inc,Telecommunications,Mid-Market,50-249,$10M-$50M,Partner,2025-07-18,Active,True,405512.85,245023.3,58,4,4,3,247119.9,2,2,2,71.69,2.91,124282.84,1096737.8,373420.51,11599.91,84416220.0,1017975.0,1.2059,42633.01
CUST-001288,Jackson PLC,Retail,Mid-Market,1000-4999,$250M-$1B,Digital,2025-05-09,Active,False,352703.16,219595.66,69,5,5,4,247312.9,4,3,0,23.91,2.85,141359.44,1332158.6,478062.1,0.0,97104280.0,1225224.0,1.2618,20167.42
CUST-001289,"Smith, Jones and Santiago",Banking,Strategic,5000+,$250M-$1B,Digital,2021-11-23,Active,False,11407249.16,7273000.53,165,8,8,4,2881741.85,28,17,2,38.59,3.5,3425216.09,30319938.55,10712617.94,0.0,2174280017.0,28565502.0,1.3138,476035.56
CUST-001290,Hancock Group,Technology,Mid-Market,1000-4999,<$10M,Enterprise Agreement,2025-04-01,Active,False,307475.36,195584.18,57,4,4,1,60012.49,4,3,0,26.74,3.26,114344.13,1065021.54,354488.87,0.0,80975314.0,1182867.0,1.4608,15965.88
CUST-001291,Harris Ltd,Professional Services,Mid-Market,5000+,$250M-$1B,Direct Sales,2022-02-04,Active,False,382380.62,240618.33,68,3,3,2,167310.52,2,2,0,36.24,3.19,152911.02,1262327.85,436489.89,0.0,91521367.0,1351455.0,1.4767,20651.47
CUST-001292,"Rowe, Lucas and Case",Professional Services,SMB,250-999,$250M-$1B,Partner,2021-04-21,Active,False,35702.9,22736.9,36,1,1,0,0.0,2,2,1,55.09,2.58,24508.22,188898.12,62644.23,0.0,12865433.0,169582.0,1.3181,3209.99
CUST-001293,"Parks, Johnson and Love",Retail,Mid-Market,50-249,$10M-$50M,Partner,2022-08-20,Active,False,544285.39,332330.32,83,3,3,1,82099.77,2,2,0,8.47,2.5,159094.95,1627543.2,544599.48,0.0,110334462.0,1322741.0,1.1988,23019.78
CUST-001294,Miller Inc,Media,Enterprise,1-49,$10M-$50M,Marketplace,2025-10-20,Active,True,1369183.36,842760.43,60,5,5,5,1266452.95,8,6,1,53.88,3.33,434059.88,4240365.46,1247438.75,34114.64,250228167.0,2685970.0,1.0734,135072.63
CUST-001295,Bauer PLC,Banking,Strategic,1-49,$50M-$250M,Marketplace,2021-12-11,Active,False,13170611.28,8343356.46,160,6,6,3,3254241.91,16,8,1,52.09,3.64,3253366.15,33036097.47,10033196.94,0.0,2076142621.0,26391267.0,1.2712,459207.49
CUST-001296,Andrews and Sons,Transportation,SMB,250-999,$1B+,Marketplace,2023-11-22,Active,True,74620.21,46753.64,50,3,3,0,0.0,0,0,0,0.0,0.0,32615.67,270046.97,102044.31,1174.69,19952422.0,251853.0,1.2623,7080.15
CUST-001297,Russell-Hayes,Banking,Strategic,1-49,$10M-$50M,Marketplace,2022-05-17,Active,False,14788811.46,9336472.54,180,8,8,4,4192102.18,15,10,1,49.01,3.32,3480528.56,34253056.5,11654950.54,0.0,2316286406.0,30994922.0,1.3381,498303.33
CUST-001298,Hamilton-Smith,Professional Services,Mid-Market,1000-4999,<$10M,Marketplace,2024-08-29,Active,False,382352.81,237198.68,60,3,3,3,215189.52,6,2,1,32.15,3.76,123879.53,1220801.25,363202.73,0.0,79203033.0,1091727.0,1.3784,17222.8
CUST-001299,"Wilson, Smith and Cortez",Transportation,Enterprise,1000-4999,$50M-$250M,Direct Sales,2024-07-19,Active,True,1282168.68,815647.5,79,3,3,3,563138.13,2,1,0,15.03,3.21,610222.47,5285090.62,1532608.64,0.0,335444578.0,4124386.0,1.2295,80816.33
CUST-001300,Avila PLC,Transportation,SMB,5000+,$10M-$50M,Direct Sales,2024-08-06,Active,True,42318.19,26482.3,27,2,2,2,36255.72,4,4,0,55.26,2.86,14741.41,157711.83,47722.01,0.0,10701348.0,138488.0,1.2941,2119.25
CUST-001301,Haynes Inc,Professional Services,Mid-Market,1-49,$1B+,Partner,2024-11-21,Active,False,149791.12,93368.49,24,2,2,1,74925.21,2,1,1,71.92,4.04,52650.28,433361.42,131424.27,0.0,38664388.0,431256.0,1.1154,6919.43
CUST-001302,Reilly-Rodriguez,Media,SMB,50-249,<$10M,Digital,2022-09-04,Active,False,74631.92,47086.52,63,3,3,2,30128.79,2,0,0,15.44,4.59,35678.35,343118.26,120228.25,0.0,24499755.0,302680.0,1.2354,5099.78
CUST-001303,"Turner, Miller and Hubbard",Professional Services,SMB,1-49,$250M-$1B,Enterprise Agreement,2025-07-23,Active,False,16078.2,10628.71,13,1,1,0,0.0,0,0,0,0.0,0.0,7447.31,74865.05,24559.02,0.0,5066243.0,63455.0,1.2525,1065.54
CUST-001304,James-Short,Media,Enterprise,5000+,<$10M,Partner,2023-11-29,Active,False,967174.34,599551.74,50,3,3,0,0.0,9,3,0,60.02,4.11,351591.4,3571604.37,1172186.25,0.0,181807556.0,2106832.0,1.1588,50508.36
CUST-001305,Wells PLC,Professional Services,Strategic,50-249,<$10M,Enterprise Agreement,2024-05-11,Active,True,9442876.9,5924387.18,104,5,5,2,2728948.99,12,8,2,59.7,3.08,2186867.52,21944646.68,7389640.44,40881.47,1358072968.0,15686867.0,1.1551,404542.95
CUST-001306,Taylor Group,Media,Mid-Market,50-249,$10M-$50M,Direct Sales,2021-09-21,Active,True,499735.54,316013.43,104,5,5,3,221802.41,5,3,2,11.8,3.79,226044.55,2264495.57,732606.82,0.0,136871462.0,1822471.0,1.3315,32199.23
CUST-001307,"Phillips, Walters and Evans",Energy,Mid-Market,250-999,$50M-$250M,Enterprise Agreement,2021-09-13,Active,True,578987.89,360935.23,106,5,5,1,105758.02,1,0,0,10.83,4.52,218203.25,1949106.18,673224.41,6903.66,138136481.0,1734033.0,1.2553,45457.02
CUST-001308,"Wong, Bernard and Smith",Banking,SMB,5000+,$50M-$250M,Enterprise Agreement,2022-09-08,Active,True,99940.86,64142.13,64,3,3,1,18732.64,0,0,0,0.0,0.0,38027.05,389706.51,99522.59,1816.6,25223093.0,351036.0,1.3917,9193.59
CUST-001309,"Thomas, Williams and Armstrong",Energy,Mid-Market,250-999,$1B+,Enterprise Agreement,2022-10-03,Active,False,385005.2,241090.68,95,4,4,2,98487.86,4,3,0,80.95,3.19,218624.3,1708022.41,627672.1,0.0,113933456.0,1479114.0,1.2982,29369.2
CUST-001310,Medina-Arroyo,Healthcare,Mid-Market,1-49,$10M-$50M,Partner,2021-04-02,Active,False,317190.07,206149.06,49,3,3,0,0.0,3,3,1,104.12,3.24,99274.88,931251.52,298869.6,0.0,58671599.0,675563.0,1.1514,13786.15
CUST-001311,Clark-Figueroa,Energy,SMB,50-249,$1B+,Digital,2024-05-18,Active,False,18473.41,11559.06,26,2,2,0,0.0,1,1,0,129.26,3.66,14864.57,137423.37,53251.06,0.0,9774807.0,125860.0,1.2876,2145.01
CUST-001312,"Cooper, Gutierrez and Brewer",Manufacturing,SMB,250-999,$250M-$1B,Partner,2024-02-01,Active,False,78442.03,49011.53,56,2,2,1,20489.14,1,0,0,4.99,4.18,34247.47,318343.91,89181.65,0.0,21426027.0,256221.0,1.1958,4611.04
CUST-001313,"Thomas, White and Jensen",Technology,SMB,50-249,$1B+,Partner,2024-10-17,Active,False,8688.44,5944.57,14,1,1,1,6938.94,0,0,0,0.0,0.0,7188.41,74963.18,30295.55,0.0,5171852.0,71029.0,1.3734,1099.77
CUST-001314,Lee-White,Transportation,SMB,50-249,$50M-$250M,Enterprise Agreement,2024-11-28,Active,False,65258.31,41367.24,59,3,3,3,39428.37,0,0,0,0.0,0.0,34888.77,346122.03,96891.49,0.0,23937564.0,320782.0,1.3401,4801.44
CUST-001315,"Phelps, York and Randolph",Retail,Mid-Market,250-999,$250M-$1B,Marketplace,2023-05-10,Active,False,505734.82,312057.6,75,5,5,1,84010.94,3,1,0,28.55,4.2,148666.86,1542251.43,544662.62,0.0,105623693.0,1361052.0,1.2886,21911.19
CUST-001316,"Murray, Dunn and Roberts",Insurance,SMB,5000+,<$10M,Enterprise Agreement,2022-07-08,Active,False,17588.65,11182.71,12,1,1,0,0.0,2,1,0,61.44,3.58,7686.15,54518.8,28489.34,0.0,4481603.0,43799.0,0.9773,1085.56
CUST-001317,King and Sons,Telecommunications,SMB,250-999,$10M-$50M,Partner,2023-01-14,Active,False,28178.32,17477.78,18,1,1,1,17236.54,0,0,0,0.0,0.0,11334.86,114683.51,30585.83,0.0,6704866.0,78540.0,1.1714,1555.4
CUST-001318,"Carpenter, Lynn and Howard",Technology,SMB,1-49,<$10M,Partner,2022-04-01,Active,False,29589.45,17537.58,26,2,2,1,7171.22,1,1,1,72.34,2.58,14649.58,163222.78,56765.22,0.0,9945208.0,156394.0,1.5726,2212.7
CUST-001319,"Rios, Garcia and Harvey",Education,Mid-Market,1-49,$1B+,Digital,2025-07-11,Active,False,384961.72,242344.83,68,5,5,3,180536.65,3,2,1,27.64,2.98,145307.71,1256118.35,420038.07,0.0,82075189.0,1107043.0,1.3488,19790.33
CUST-001320,Stewart Group,Insurance,Mid-Market,1-49,$10M-$50M,Digital,2024-05-29,Active,False,471548.91,295948.46,91,5,5,3,175797.12,4,2,0,38.05,3.47,198546.44,1773873.74,530641.12,0.0,117713386.0,1512196.0,1.2846,26722.92
CUST-001321,Jensen-Torres,Professional Services,Strategic,5000+,$1B+,Enterprise Agreement,2025-07-09,Active,True,8326413.2,5282609.83,80,6,6,3,2971171.5,19,14,4,64.19,3.09,1711737.68,16836553.81,5178195.67,46565.4,1017930732.0,11750606.0,1.1544,341955.32
CUST-001322,"Hernandez, Knight and Aguirre",Manufacturing,Enterprise,1-49,$1B+,Partner,2021-09-19,Active,True,2172692.53,1376141.74,96,5,5,1,221820.9,9,6,2,59.76,3.32,674356.31,6141569.29,2297960.76,13396.72,424327225.0,6335490.0,1.4931,125427.4
CUST-001323,Jackson-Edwards,Manufacturing,Mid-Market,1-49,$50M-$250M,Partner,2025-02-15,Active,False,290979.92,186885.94,60,3,3,3,166268.08,4,3,1,51.87,3.33,139572.3,1139212.68,451036.27,0.0,81758593.0,1162147.0,1.4214,19350.31
CUST-001324,Joseph Ltd,Education,Mid-Market,250-999,$250M-$1B,Enterprise Agreement,2022-01-10,Active,False,513726.98,321157.42,68,3,3,2,188666.2,2,0,0,19.1,4.3,129393.96,1300515.86,405124.51,0.0,92567454.0,1182433.0,1.2774,18297.65
CUST-001325,Hill-Ward,Healthcare,SMB,250-999,<$10M,Digital,2025-01-11,Active,False,65648.92,40388.06,51,3,3,3,41951.56,1,0,0,62.35,4.47,31773.14,273966.92,94616.59,0.0,18811814.0,240702.0,1.2795,4353.86
CUST-001326,"Quinn, Humphrey and Ford",Insurance,SMB,1-49,$10M-$50M,Direct Sales,2024-07-23,Active,False,75295.03,48082.48,60,3,3,2,31805.63,1,0,0,12.86,4.9,33119.71,368557.84,106350.98,0.0,21862834.0,306397.0,1.4015,4781.21
CUST-001327,Hampton-Tucker,Energy,SMB,1000-4999,<$10M,Marketplace,2022-08-09,Active,True,52483.46,32576.43,37,2,2,2,31755.43,2,1,0,41.28,3.49,19678.91,201753.55,65797.22,2478.36,12251659.0,146160.0,1.193,8285.2
CUST-001328,Thompson PLC,Transportation,Mid-Market,5000+,<$10M,Marketplace,2023-11-21,Active,False,555805.79,350632.59,86,4,4,3,221627.35,4,3,2,86.67,3.52,185278.78,1621352.52,581076.03,0.0,114039443.0,1550654.0,1.3598,25728.57
CUST-001329,Wilkinson and Sons,Banking,SMB,1000-4999,$1B+,Digital,2025-03-08,Active,False,23982.05,15103.05,29,2,2,2,20601.0,0,0,0,0.0,0.0,15604.6,148039.01,42358.8,0.0,10883236.0,143745.0,1.3208,2123.94
CUST-001330,"Gonzalez, Gross and Sims",Energy,SMB,5000+,<$10M,Enterprise Agreement,2025-08-14,Active,False,42186.19,26286.48,41,3,3,2,22897.23,1,1,0,136.82,3.05,22320.53,239665.28,57977.93,0.0,12842151.0,161959.0,1.2612,3068.1
CUST-001331,"Jones, Smith and Hunter",Energy,Mid-Market,50-249,$10M-$50M,Direct Sales,2025-12-12,Active,False,178565.83,111072.15,40,4,4,4,201273.57,5,3,0,28.51,3.47,88529.11,811203.82,269093.89,0.0,47857110.0,552153.0,1.1538,12281.01
CUST-001332,Hess PLC,Technology,SMB,1000-4999,$250M-$1B,Partner,2021-04-15,Active,False,80875.46,50706.75,56,2,2,2,30893.18,2,2,0,32.39,3.45,33934.65,329335.48,111193.77,0.0,19846176.0,221725.0,1.1172,4824.47
CUST-001333,Hammond-Lewis,Healthcare,SMB,5000+,<$10M,Digital,2024-10-22,Active,False,46675.18,29872.94,38,2,2,2,30437.12,2,2,0,40.73,2.84,23948.85,225610.26,76293.2,0.0,14554820.0,165949.0,1.1402,3369.59
CUST-001334,Arnold PLC,Professional Services,SMB,5000+,$250M-$1B,Partner,2021-01-05,Active,False,60948.37,39443.99,46,2,2,1,19161.47,4,4,1,67.15,2.68,28276.92,261377.62,82996.45,0.0,17971905.0,226737.0,1.2616,3897.6
CUST-001335,"Kennedy, Rowe and Diaz",Education,Enterprise,5000+,$250M-$1B,Direct Sales,2021-03-14,Active,False,2237344.27,1412372.12,98,5,5,2,532279.92,9,5,1,20.81,3.47,707369.0,6555226.34,2254028.8,0.0,397453630.0,4104002.0,1.0326,99313.9
CUST-001336,Vance PLC,Telecommunications,SMB,1-49,<$10M,Digital,2022-09-04,Active,False,48110.41,30417.66,34,2,2,2,31140.48,1,1,0,32.49,2.62,19764.95,165467.26,59622.02,0.0,12725790.0,138215.0,1.0861,2706.13
CUST-001337,"Vincent, Anderson and Mason",Insurance,Enterprise,1000-4999,$250M-$1B,Partner,2021-01-19,Active,True,2333837.99,1452538.93,86,3,3,2,629812.0,10,3,1,40.69,4.1,608219.22,5464974.07,1856491.37,0.0,363655705.0,4656190.0,1.2804,84234.85
CUST-001338,Sanders PLC,Insurance,SMB,1000-4999,<$10M,Partner,2023-04-22,Active,False,16881.28,10578.12,13,1,1,0,0.0,2,0,0,27.81,4.24,8072.26,70000.57,20682.82,0.0,5317046.0,78463.0,1.4757,1073.31
CUST-001339,Bates PLC,Telecommunications,Enterprise,250-999,$50M-$250M,Marketplace,2023-03-21,Active,True,1863967.35,1158372.79,82,4,4,1,252688.81,8,6,0,67.34,2.76,528168.95,5541093.93,1776080.47,34189.03,379601803.0,4993772.0,1.3155,151593.96
CUST-001340,"Martin, Palmer and Griffin",Education,Enterprise,1000-4999,$10M-$50M,Partner,2021-08-11,Active,False,2420038.86,1547328.84,112,6,6,5,1246537.96,13,9,3,38.65,3.5,770109.99,7749035.64,2508469.48,0.0,476128156.0,6147610.0,1.2912,109892.58
CUST-001341,Knight PLC,Professional Services,SMB,50-249,<$10M,Partner,2025-12-15,Active,True,23015.43,14217.28,20,2,2,2,26195.09,2,1,1,14.09,4.1,11342.92,96549.41,39877.26,1306.93,7784609.0,97153.0,1.248,4487.98
CUST-001342,"Brennan, Thomas and Dennis",Telecommunications,SMB,1-49,$10M-$50M,Partner,2025-03-04,Active,False,13373.77,8498.75,19,1,1,1,8067.49,3,3,0,36.7,2.52,10953.52,108739.2,34832.71,0.0,7170065.0,106050.0,1.4791,1551.62
CUST-001343,Williams-Juarez,Technology,Strategic,1000-4999,$1B+,Marketplace,2021-09-01,Active,False,6958632.07,4339135.16,93,5,5,1,644460.07,19,8,0,42.92,3.68,2006935.22,18145529.63,6523569.1,0.0,1163020313.0,14878920.0,1.2793,282150.75
CUST-001344,Brown LLC,Technology,Enterprise,5000+,$250M-$1B,Partner,2025-04-15,Active,True,2597227.04,1617909.37,95,6,6,5,1538194.08,11,8,1,59.89,3.22,665812.74,6495170.36,1950631.24,29604.51,408053387.0,5096812.0,1.2491,157549.7
CUST-001345,Williams and Sons,Retail,SMB,250-999,$1B+,Direct Sales,2021-09-16,Active,False,19494.02,12050.22,24,1,1,0,0.0,1,1,0,149.48,3.24,13756.54,124792.14,47182.78,0.0,9214828.0,140833.0,1.5283,1959.51
CUST-001346,"Velez, Ward and Harrison",Telecommunications,Enterprise,1000-4999,$1B+,Direct Sales,2025-08-27,Active,True,1936193.8,1242990.77,67,5,5,3,871343.42,9,7,1,42.6,3.12,505315.21,4827189.84,1466790.04,35691.79,295725269.0,3947832.0,1.335,148322.79
CUST-001347,Keith-Williams,Technology,Mid-Market,50-249,$1B+,Partner,2021-06-19,Active,False,351214.38,227006.23,69,3,3,1,65919.64,3,2,0,67.22,3.78,142735.44,1352310.99,428271.04,0.0,93861495.0,1349964.0,1.4383,19833.59
CUST-001348,"Nguyen, Padilla and Boyd",Insurance,Mid-Market,250-999,$10M-$50M,Marketplace,2025-04-20,Active,True,465943.47,291444.23,63,4,4,3,226502.52,2,2,0,92.91,2.24,126251.4,1316223.62,408426.76,5886.66,83302702.0,1087478.0,1.3055,31030.09
CUST-001349,Davenport-Baker,Media,SMB,50-249,$10M-$50M,Enterprise Agreement,2023-10-26,Active,False,22923.44,14139.57,24,1,1,1,10958.79,2,1,0,15.47,2.9,14078.46,116143.57,44392.49,0.0,7545748.0,72205.0,0.9569,1943.2
CUST-001350,"Hudson, Bennett and Gray",Technology,Mid-Market,1-49,$50M-$250M,Partner,2021-09-28,Active,True,368923.57,235579.24,74,3,3,0,0.0,3,2,0,75.75,3.17,139390.94,1518150.04,425888.31,0.0,103594869.0,1618232.0,1.5621,19840.38
CUST-001351,"Valdez, Houston and Black",Insurance,Enterprise,1-49,$250M-$1B,Marketplace,2022-02-13,Active,True,3829193.16,2391094.77,164,7,7,1,244009.69,8,5,0,41.25,3.39,1196536.15,10647178.87,3846599.63,28579.88,757123024.0,9784418.0,1.2923,230324.22
CUST-001352,Kaufman-Walker,Telecommunications,Mid-Market,1000-4999,$250M-$1B,Direct Sales,2022-03-31,Active,False,423208.04,267156.63,93,4,4,3,126589.41,3,1,0,38.65,4.12,187292.19,1868661.62,592157.11,0.0,120092294.0,1562960.0,1.3015,26515.02
CUST-001353,Gomez-Parrish,Manufacturing,Mid-Market,250-999,$50M-$250M,Digital,2021-08-14,Active,True,405358.55,248164.49,84,5,5,2,133968.93,2,2,0,83.68,2.99,170986.26,1579904.37,516013.91,7709.53,109170236.0,1527610.0,1.3993,40669.79
CUST-001354,Sparks-Eaton,Retail,Mid-Market,1-49,<$10M,Direct Sales,2021-04-08,Active,False,100399.71,65097.49,25,2,2,0,0.0,6,3,0,60.75,3.69,50985.09,415126.91,185963.87,0.0,31640539.0,391608.0,1.2377,7278.53
CUST-001355,Shaw and Sons,Manufacturing,Mid-Market,5000+,<$10M,Marketplace,2023-08-25,Active,True,245900.7,155799.71,46,3,3,3,172792.76,4,2,0,39.56,3.82,101570.79,861582.28,296793.68,0.0,57559355.0,687099.0,1.1937,13832.42
CUST-001356,Martin-Jones,Insurance,SMB,1-49,<$10M,Enterprise Agreement,2022-09-16,Active,False,67945.98,42076.81,50,3,3,1,13761.47,1,1,0,120.47,1.57,30961.48,281812.91,105700.67,0.0,16444666.0,195832.0,1.1909,4407.34
CUST-001357,"Campbell, Hernandez and Moore",Telecommunications,Enterprise,5000+,$1B+,Enterprise Agreement,2025-02-27,Active,True,2472407.08,1542639.03,124,7,7,6,1451187.02,12,8,1,52.49,3.04,930831.38,8158714.3,2803364.38,40312.3,528039904.0,6587014.0,1.2474,216812.82
CUST-001358,"Love, Wilson and Hall",Technology,SMB,1-49,<$10M,Partner,2024-04-11,Active,False,59556.89,38347.07,42,3,3,1,14812.88,1,0,0,23.54,4.37,28343.89,255053.38,79981.0,0.0,14696997.0,167979.0,1.1429,3860.85
CUST-001359,Cortez-Olson,Transportation,Mid-Market,50-249,$10M-$50M,Marketplace,2024-04-16,Active,True,152182.52,95060.8,26,2,2,0,0.0,5,4,0,31.06,2.94,61462.43,559138.84,162919.81,0.0,31636507.0,483966.0,1.5298,8279.04
CUST-001360,Mendoza-Garza,Telecommunications,Enterprise,250-999,$250M-$1B,Partner,2024-06-21,Active,False,2929793.9,1818348.6,134,6,6,4,962787.65,9,7,2,60.5,3.45,963547.04,9626713.16,2917987.71,0.0,608584445.0,7431984.0,1.2212,135152.71
CUST-001361,"Whitaker, Johnson and Williams",Technology,Mid-Market,5000+,$50M-$250M,Enterprise Agreement,2022-01-28,Active,True,549935.14,347613.34,90,5,5,1,73907.74,5,2,0,37.02,4.06,182929.08,1833000.33,590675.03,8364.05,113597813.0,1474347.0,1.2979,44437.61
CUST-001362,"Vargas, Taylor and Hunt",Insurance,Strategic,1000-4999,<$10M,Marketplace,2025-01-09,Active,True,13902767.82,8745804.8,141,9,9,3,3369601.25,22,18,4,48.22,2.95,2962644.98,26763522.45,8616081.99,99979.78,1679041651.0,21180922.0,1.2615,626281.67
CUST-001363,"Thomas, Jackson and Nielsen",Media,SMB,250-999,$10M-$50M,Digital,2021-12-08,Active,False,20883.35,13152.86,22,1,1,1,10804.53,1,1,0,33.24,1.95,14621.73,129489.91,41077.81,0.0,8663963.0,106218.0,1.226,1985.76
CUST-001364,"Mullen, Greene and Elliott",Healthcare,SMB,1000-4999,$250M-$1B,Enterprise Agreement,2024-11-21,Active,True,14917.58,9335.65,19,1,1,1,8940.59,1,0,0,18.79,4.56,12804.76,92174.15,31153.33,0.0,7413994.0,89404.0,1.2059,1648.36
CUST-001365,Johns Ltd,Energy,Enterprise,1000-4999,$1B+,Marketplace,2025-03-18,Active,True,1361654.49,844676.47,66,5,5,3,626629.22,11,11,3,62.16,2.63,438639.62,4567881.11,1573997.03,0.0,279906375.0,3239740.0,1.1574,64353.24
CUST-001366,"Nicholson, Valentine and Robinson",Retail,SMB,5000+,$10M-$50M,Enterprise Agreement,2021-01-08,Active,False,36742.92,22799.68,32,2,2,1,12233.43,1,1,0,72.25,3.36,19726.55,155749.05,52648.18,0.0,11269699.0,165914.0,1.4722,2613.31
CUST-001367,"Haney, Dillon and Jackson",Professional Services,Mid-Market,5000+,$50M-$250M,Digital,2024-12-20,Active,False,286838.51,184978.21,59,4,4,2,144530.34,5,3,0,43.36,3.37,130178.7,1122876.28,402213.25,0.0,82929287.0,1162364.0,1.4016,17983.7
CUST-001368,Burke-Norton,Insurance,Enterprise,50-249,$10M-$50M,Direct Sales,2024-02-05,Active,False,2708404.4,1710262.93,139,6,6,5,1132112.86,9,6,1,44.37,3.58,968624.58,9821345.48,3155013.56,0.0,605683652.0,7276878.0,1.2014,138369.42
CUST-001369,Hanson PLC,Manufacturing,Mid-Market,50-249,$50M-$250M,Direct Sales,2021-10-31,Active,True,299571.06,185993.38,79,3,3,1,44379.55,1,1,0,35.52,2.74,176006.42,1626747.7,480802.51,0.0,100688798.0,1098818.0,1.0913,23902.13
CUST-001370,Jackson-Jennings,Energy,Mid-Market,1-49,<$10M,Digital,2022-03-07,Active,False,563752.32,354330.26,98,4,4,0,0.0,2,0,0,31.89,4.43,212290.64,1881338.44,567711.58,0.0,123979464.0,1649704.0,1.3306,28546.14
CUST-001371,Carlson-Jones,Energy,Mid-Market,250-999,$10M-$50M,Marketplace,2024-12-15,Active,False,330736.65,209779.89,69,4,4,4,228105.69,6,4,1,29.08,2.94,145247.6,1314104.01,432543.19,0.0,90379023.0,1366344.0,1.5118,20026.23
CUST-001372,Cruz-Rodriguez,Transportation,Enterprise,1-49,$50M-$250M,Partner,2021-04-28,Active,True,2514939.96,1532383.78,86,4,4,1,461118.53,6,3,2,39.82,3.79,606252.84,6067358.34,1978396.21,27352.58,368420241.0,4677960.0,1.2697,146657.35
CUST-001373,Mills PLC,Energy,Enterprise,5000+,<$10M,Marketplace,2021-02-02,Active,True,2431203.72,1542985.99,109,6,6,3,822213.88,7,6,3,55.22,3.27,760575.09,7179039.16,2610848.83,40753.42,512817354.0,6573707.0,1.2819,198575.79
CUST-001374,"Barnes, Hernandez and Davis",Media,Strategic,5000+,$10M-$50M,Marketplace,2024-07-23,Active,False,10834948.71,6994706.26,142,7,7,3,2850174.84,25,17,5,46.27,3.09,2828535.74,26313459.55,9125947.01,0.0,1878208724.0,27275948.0,1.4522,398454.77
CUST-001375,Valenzuela-Greene,Technology,SMB,50-249,$250M-$1B,Partner,2024-07-13,Active,False,71864.57,45045.09,57,3,3,2,37411.93,4,4,0,44.71,2.57,36631.9,317205.64,115357.31,0.0,20234851.0,246799.0,1.2197,5084.87
CUST-001376,"Gordon, Wilson and Olson",Insurance,Mid-Market,1000-4999,$10M-$50M,Marketplace,2023-09-09,Active,False,490824.12,320724.89,79,5,5,3,184364.25,4,3,1,85.32,3.13,169160.04,1655591.03,461828.39,0.0,109249931.0,1449805.0,1.3271,23153.97
CUST-001377,Winters PLC,Professional Services,SMB,50-249,$50M-$250M,Direct Sales,2023-10-02,Active,False,125846.42,78619.72,95,3,3,2,32936.27,2,1,1,62.93,2.99,53485.09,535547.31,170716.35,0.0,33110231.0,382347.0,1.1548,7592.13
CUST-001378,Prince Ltd,Media,SMB,50-249,<$10M,Partner,2024-11-08,Active,False,36948.61,23245.22,40,2,2,2,21255.07,0,0,0,0.0,0.0,23246.52,218360.46,60380.36,0.0,13388060.0,176848.0,1.3209,3132.92
CUST-001379,"Reynolds, Fisher and Golden",Technology,SMB,1-49,$1B+,Partner,2024-08-14,Active,False,44362.16,27797.02,25,1,1,0,0.0,0,0,0,0.0,0.0,16257.13,145182.13,45332.98,0.0,9284170.0,87157.0,0.9388,2206.75
CUST-001380,"Moreno, Perez and Lang",Technology,Mid-Market,1-49,<$10M,Direct Sales,2023-02-13,Active,False,647809.31,405764.21,121,5,5,3,237809.46,6,4,0,28.73,3.24,268874.83,2277676.42,769452.51,0.0,154434364.0,1921759.0,1.2444,36448.93
CUST-001381,Bell-Ballard,Healthcare,Enterprise,1-49,$50M-$250M,Partner,2021-09-28,Active,False,1252024.21,793203.15,84,4,4,1,249122.67,5,4,1,42.43,3.15,589594.98,5923948.41,1768920.62,0.0,371195580.0,4786264.0,1.2894,82600.98
CUST-001514,Compton LLC,Education,SMB,50-249,<$10M,Marketplace,2022-11-12,Active,False,8021.03,5095.04,11,1,1,1,8147.8,1,0,0,22.44,4.79,6340.04,48859.44,19417.59,0.0,3798046.0,48447.0,1.2756,862.54
CUST-001382,"Johnston, Coleman and Scott",Insurance,Strategic,5000+,$50M-$250M,Direct Sales,2021-01-20,Active,True,12372832.05,7931973.8,112,6,6,0,0.0,13,9,1,62.89,3.25,2418183.27,21228296.61,7175294.33,104106.99,1556105334.0,18469157.0,1.1869,560881.3
CUST-001383,Kent Inc,Retail,SMB,250-999,$50M-$250M,Marketplace,2023-06-29,Active,False,26974.21,17036.53,26,2,2,1,14865.21,0,0,0,0.0,0.0,15477.45,134769.65,50269.3,0.0,9955267.0,134085.0,1.3469,2165.24
CUST-001384,George-Stephens,Transportation,SMB,5000+,<$10M,Direct Sales,2022-07-02,Active,False,27352.22,17686.81,22,1,1,1,14096.0,0,0,0,0.0,0.0,13662.62,124150.03,34631.97,0.0,7851151.0,112203.0,1.4291,1824.41
CUST-001385,Lopez-Fletcher,Energy,Enterprise,1000-4999,$10M-$50M,Direct Sales,2021-07-30,Active,False,1143889.12,756682.81,50,3,3,0,0.0,6,4,2,38.92,2.75,363180.4,3212852.43,1118822.74,0.0,231250698.0,3207792.0,1.3871,50300.04
CUST-001386,Lane Inc,Retail,Enterprise,250-999,$50M-$250M,Partner,2023-03-01,Active,True,2034683.09,1312068.81,67,3,3,3,1057008.79,10,6,0,54.65,3.1,507468.05,4612752.04,1362943.38,27907.14,271472999.0,3505824.0,1.2914,129922.8
CUST-001387,"Smith, Pena and Watts",Professional Services,Enterprise,1-49,$250M-$1B,Partner,2025-12-16,Active,True,1211491.11,753231.06,50,5,5,5,1355884.55,6,4,1,54.4,3.02,378917.85,3454605.55,1109487.73,23679.51,224900648.0,3064740.0,1.3627,104201.44
CUST-001388,Ortiz-Rodriguez,Telecommunications,Strategic,1-49,$1B+,Digital,2022-08-01,Active,True,13435719.04,8377666.55,158,8,8,6,6382471.51,21,14,7,57.28,3.31,3093198.65,29982723.22,9656818.4,135695.97,2052781808.0,26541466.0,1.293,733452.65
CUST-001389,Pearson-King,Retail,SMB,50-249,$250M-$1B,Enterprise Agreement,2024-05-23,Active,False,51492.06,32296.65,39,2,2,1,8579.2,4,2,1,22.3,3.35,23930.3,203900.53,71958.67,0.0,13842136.0,181097.0,1.3083,3281.25
CUST-001390,"Henderson, Diaz and Hill",Transportation,SMB,250-999,$1B+,Digital,2021-11-04,Active,False,27851.91,16682.45,30,2,2,1,10001.4,0,0,0,0.0,0.0,17089.83,150247.8,43894.11,0.0,9290085.0,117019.0,1.2596,2277.38
CUST-001391,"Sanders, Harris and Arnold",Transportation,SMB,250-999,$50M-$250M,Direct Sales,2023-10-20,Active,False,51234.0,33306.41,35,3,3,1,9324.33,0,0,0,0.0,0.0,20143.25,230764.63,61091.21,0.0,15588874.0,192465.0,1.2346,2885.47
CUST-001392,"Olson, Wood and Peters",Telecommunications,Enterprise,50-249,$250M-$1B,Marketplace,2021-10-28,Active,False,2113991.88,1352077.44,106,5,5,2,423206.36,10,8,2,46.57,2.97,804987.62,7375109.13,2266828.14,0.0,467190808.0,6575709.0,1.4075,109867.45
CUST-001393,Hinton-Lane,Media,Mid-Market,1000-4999,$50M-$250M,Partner,2021-08-20,Active,False,413744.05,259665.83,103,5,5,1,30500.77,3,1,1,60.01,3.73,224799.34,1928417.06,593659.14,0.0,142944844.0,1886752.0,1.3199,30025.17
CUST-001394,"Sanders, Taylor and Shields",Telecommunications,SMB,250-999,$250M-$1B,Marketplace,2023-02-28,Active,False,32372.6,20545.91,28,1,1,1,13513.75,2,1,0,73.43,4.33,16366.28,174679.7,54329.89,0.0,11344599.0,162785.0,1.4349,2365.58
CUST-001395,Adkins Group,Telecommunications,Mid-Market,50-249,$10M-$50M,Marketplace,2024-07-27,Active,False,448915.57,282971.4,98,5,5,3,166753.46,3,3,0,78.23,2.27,218218.22,1977267.46,609550.32,0.0,116928595.0,1457428.0,1.2464,29689.87
CUST-001396,"Avery, Garcia and Romero",Energy,SMB,5000+,$10M-$50M,Marketplace,2023-10-06,Active,False,24806.27,15486.06,38,3,3,0,0.0,2,0,1,38.93,4.19,18853.78,202067.98,73546.02,0.0,15053969.0,208488.0,1.3849,2836.54
CUST-001397,Owen-Mendez,Professional Services,SMB,50-249,<$10M,Partner,2025-05-10,Active,False,13909.8,8741.32,13,1,1,0,0.0,1,1,0,36.44,2.0,7014.65,71711.51,26739.75,0.0,3897754.0,48286.0,1.2388,1042.16
CUST-001398,"Mann, Martin and Oconnell",Telecommunications,SMB,5000+,$250M-$1B,Partner,2021-02-05,Active,False,65888.51,42902.97,51,2,2,2,28993.48,1,0,0,1.87,4.34,29624.89,285144.52,84101.21,0.0,18083730.0,185787.0,1.0274,4077.5
CUST-001399,Brock and Sons,Retail,Enterprise,250-999,$250M-$1B,Partner,2023-01-10,Active,False,3943323.38,2484909.59,171,7,7,0,0.0,6,3,0,39.28,3.49,1253117.36,11834207.5,3589879.9,0.0,809689762.0,11073629.0,1.3676,172348.12
CUST-001400,Frost-Graham,Healthcare,Enterprise,50-249,$10M-$50M,Direct Sales,2023-05-13,Active,False,2945842.12,1833375.09,131,6,6,1,317773.99,7,3,0,46.22,3.54,937045.43,9122076.59,2767857.42,0.0,605771761.0,7948031.0,1.3121,130257.12
CUST-001401,Baker LLC,Retail,Enterprise,1000-4999,<$10M,Marketplace,2024-12-12,Active,False,1327284.9,854524.72,67,4,4,2,508664.09,8,4,2,34.82,3.52,463353.73,4800886.52,1628389.68,0.0,284186826.0,3474205.0,1.2225,67587.24
CUST-001402,Lynch Ltd,Education,SMB,5000+,$10M-$50M,Direct Sales,2021-06-01,Active,False,28188.51,17100.4,34,2,2,1,9265.86,2,1,0,53.79,3.81,19953.95,218522.83,66395.95,0.0,12281437.0,133917.0,1.0904,2896.81
CUST-001403,Arias-Morales,Banking,SMB,5000+,$250M-$1B,Partner,2021-06-07,Active,True,114043.79,71903.69,76,3,3,2,29694.21,3,0,1,36.89,4.34,43651.88,425108.55,143649.01,3973.79,29630524.0,423094.0,1.4279,14957.67
CUST-001404,"Meyer, Dawson and Harper",Energy,Enterprise,250-999,$250M-$1B,Marketplace,2025-03-13,Active,False,2903534.61,1841582.85,116,7,7,5,1451403.96,9,5,0,35.47,3.49,825929.48,8299631.45,2445335.33,0.0,478060800.0,5729325.0,1.1985,115385.83
CUST-001405,Bowman Group,Banking,Mid-Market,250-999,<$10M,Partner,2024-11-24,Active,False,351438.51,223428.96,59,3,3,2,151176.95,5,3,2,29.88,3.59,125561.7,1172895.79,350045.63,0.0,78796214.0,1053724.0,1.3373,17146.5
CUST-001406,Harris Ltd,Retail,SMB,5000+,$10M-$50M,Direct Sales,2025-03-19,Active,True,41626.43,25080.8,32,2,2,1,18143.14,1,1,0,16.95,2.17,19909.88,180483.79,70640.82,1509.16,11305147.0,163317.0,1.4446,6179.25
CUST-001407,"Mitchell, Johnson and Greene",Education,SMB,5000+,$50M-$250M,Enterprise Agreement,2025-11-29,Active,False,44431.54,28893.52,33,3,3,3,44688.51,0,0,0,0.0,0.0,20411.6,170924.22,58115.19,0.0,13104294.0,153797.0,1.1736,2760.31
CUST-001408,"Hale, Gilbert and Craig",Manufacturing,Mid-Market,1-49,$1B+,Marketplace,2021-11-18,Active,False,308078.93,199760.36,46,3,3,1,89152.3,5,3,0,62.45,3.25,99404.28,904068.2,322222.55,0.0,57176224.0,719208.0,1.2579,13977.04
CUST-001409,Allen-Smith,Media,Strategic,1-49,$10M-$50M,Marketplace,2023-04-01,Active,False,11908831.62,7316813.63,130,8,8,4,4296043.58,16,12,1,51.3,3.23,2754115.44,28012376.58,7835118.83,0.0,1742409963.0,24428908.0,1.402,382246.34
CUST-001410,Miller LLC,Professional Services,SMB,1000-4999,$250M-$1B,Digital,2021-06-08,Active,False,20549.03,12533.92,13,1,1,0,0.0,2,2,0,63.98,1.76,8877.86,61254.08,23233.47,0.0,4033659.0,58639.0,1.4537,1153.81
CUST-001411,Gomez-Foster,Banking,Mid-Market,250-999,$250M-$1B,Partner,2021-12-04,Active,False,163751.99,106563.23,24,2,2,0,0.0,5,2,1,47.49,3.79,53906.33,423652.68,163132.47,0.0,35540092.0,440545.0,1.2396,7330.19
CUST-001412,"Gonzalez, Smith and Padilla",Telecommunications,SMB,1-49,$10M-$50M,Digital,2024-05-20,Active,True,38979.13,24124.93,38,2,2,0,0.0,2,2,0,60.57,2.22,22780.14,201012.14,63265.48,0.0,13265392.0,178332.0,1.3443,3085.04
CUST-001413,Dunn Ltd,Banking,SMB,250-999,$10M-$50M,Enterprise Agreement,2024-05-07,Active,True,43487.18,27575.31,37,3,3,2,25955.67,2,1,0,79.17,3.65,22061.17,193389.92,60096.26,1175.63,13270670.0,170114.0,1.2819,5559.54
CUST-001414,"Herman, Bailey and Richmond",Media,SMB,5000+,<$10M,Enterprise Agreement,2021-06-24,Active,False,119278.89,77241.51,76,3,3,1,15765.8,0,0,0,0.0,0.0,42387.39,411541.72,124011.29,0.0,28762223.0,415576.0,1.4449,5878.25
CUST-001415,Perez-Mccarty,Insurance,Strategic,250-999,<$10M,Digital,2022-10-07,Active,True,15626247.3,9714710.25,189,9,9,3,2877602.45,16,11,3,58.36,3.49,3692039.6,36144360.09,12108457.74,103721.35,2437728671.0,31119851.0,1.2766,753844.42
CUST-001416,Spears-Andrews,Technology,Enterprise,250-999,$10M-$50M,Direct Sales,2022-10-07,Active,False,2812588.56,1766005.24,111,5,5,1,289418.81,12,9,0,57.78,3.19,777330.75,7392828.74,2459346.07,0.0,484654954.0,6503294.0,1.3418,109338.81
CUST-001417,Thompson-Hunter,Retail,SMB,1-49,$1B+,Marketplace,2025-07-12,Active,True,16620.53,10862.53,15,1,1,1,12738.0,0,0,0,0.0,0.0,8765.26,72076.36,29017.42,0.0,4197340.0,46732.0,1.1134,1223.25
CUST-001418,"Jones, Phillips and Arroyo",Transportation,Mid-Market,1000-4999,<$10M,Direct Sales,2021-11-07,Active,False,505819.03,329871.13,85,3,3,0,0.0,3,0,0,27.14,4.65,174367.03,1680756.8,510899.94,0.0,116810309.0,1462951.0,1.2524,24163.58
CUST-001419,"Frye, Walter and Li",Transportation,Strategic,50-249,$10M-$50M,Enterprise Agreement,2025-07-12,Active,False,10451442.82,6684673.53,112,8,8,4,4389443.35,14,9,1,44.8,3.56,2226851.99,20642490.73,6959819.43,0.0,1420272154.0,18653285.0,1.3134,311300.36
CUST-001420,"Wright, Ramos and Bennett",Telecommunications,Mid-Market,1000-4999,$10M-$50M,Digital,2025-04-24,Active,False,234698.7,155625.85,46,3,3,2,129202.34,7,6,2,42.14,3.23,94378.66,778337.16,300269.69,0.0,58523703.0,697536.0,1.1919,13053.25
CUST-001421,Carrillo-Todd,Banking,SMB,1000-4999,$10M-$50M,Partner,2023-06-02,Active,False,67546.39,43862.02,73,3,3,0,0.0,0,0,0,0.0,0.0,42033.81,388088.98,125639.45,0.0,24664444.0,279132.0,1.1317,5815.6
CUST-001422,Maldonado-Mosley,Media,Strategic,1000-4999,<$10M,Direct Sales,2021-11-09,Active,True,8461348.6,5337046.24,97,6,6,3,4122182.04,15,10,5,54.62,3.36,1982856.94,18768514.35,6424350.44,46183.15,1261584429.0,16270982.0,1.2897,381840.27
CUST-001423,Olson LLC,Insurance,SMB,1000-4999,<$10M,Marketplace,2025-06-22,Active,False,48323.03,29950.48,32,2,2,2,35410.65,0,0,0,0.0,0.0,20462.27,169435.87,57606.08,0.0,11231724.0,147952.0,1.3173,2756.67
CUST-001424,Reyes and Sons,Media,SMB,250-999,$50M-$250M,Direct Sales,2022-07-28,Active,False,53592.61,32855.11,50,2,2,1,13635.4,0,0,0,0.0,0.0,27907.75,297976.11,93133.94,0.0,17536757.0,209608.0,1.1952,4039.21
CUST-001425,"Haynes, Mcbride and Gutierrez",Manufacturing,SMB,1000-4999,$10M-$50M,Direct Sales,2023-08-28,Active,False,35687.29,21598.87,23,1,1,1,18362.52,0,0,0,0.0,0.0,14076.81,149244.86,38376.35,0.0,7023387.0,107709.0,1.5336,1949.43
CUST-001426,Black-Smith,Manufacturing,Strategic,1000-4999,$250M-$1B,Enterprise Agreement,2025-10-26,Active,True,9121717.26,5876516.93,108,9,9,9,8553097.85,22,17,3,44.56,3.12,2286898.26,22320709.12,7285584.88,88003.38,1433082609.0,18210031.0,1.2707,516925.71
CUST-001427,Wright-Davis,Media,Enterprise,250-999,$50M-$250M,Direct Sales,2023-11-16,Active,True,2726050.03,1701361.8,123,6,6,4,1036776.57,8,4,2,53.2,3.25,839815.94,8075776.93,2725638.65,46303.58,555811844.0,6656335.0,1.1976,220858.96
CUST-001428,"Goodman, Peterson and Spencer",Transportation,Mid-Market,1-49,$1B+,Direct Sales,2025-12-02,Active,False,338289.44,217063.26,50,5,5,5,383777.0,3,3,2,97.83,2.19,113425.29,908932.25,336214.79,0.0,60617305.0,715085.0,1.1797,15388.1
CUST-001429,Woods LLC,Banking,Enterprise,50-249,<$10M,Digital,2024-02-23,Active,False,2545912.32,1655306.68,101,6,6,2,578539.52,13,6,3,40.66,3.54,705840.87,6374128.96,2085641.05,0.0,443939468.0,5889527.0,1.3267,97130.53
CUST-001430,Shannon LLC,Healthcare,SMB,1000-4999,$250M-$1B,Direct Sales,2021-05-30,Active,False,13632.83,8626.25,13,1,1,0,0.0,3,2,1,53.45,3.62,8833.81,78539.16,22502.82,0.0,4654916.0,54607.0,1.1731,1177.12
CUST-001431,Valentine Ltd,Education,SMB,1-49,<$10M,Partner,2025-08-03,Active,False,19413.96,12674.15,14,1,1,1,15930.99,2,0,0,35.81,4.48,6962.28,99027.93,32385.82,0.0,4869795.0,57211.0,1.1748,1148.49
CUST-001432,Porter and Sons,Technology,Enterprise,250-999,<$10M,Digital,2022-02-13,Active,False,1958937.42,1246888.16,77,5,5,2,655427.15,8,6,2,63.42,2.91,503485.04,5101788.85,1775108.53,0.0,367485167.0,4969811.0,1.3524,73268.23
CUST-001433,Moss LLC,Professional Services,SMB,1000-4999,<$10M,Digital,2024-12-09,Active,False,47959.81,30712.06,42,2,2,2,25884.93,1,1,0,13.66,2.21,25846.01,266163.26,77092.17,0.0,16086091.0,221809.0,1.3789,3629.22
CUST-001434,Perez and Sons,Retail,Mid-Market,50-249,$50M-$250M,Enterprise Agreement,2023-08-21,Active,True,456220.57,292097.39,88,4,4,0,0.0,4,2,1,17.87,3.45,171990.57,1847338.59,558642.81,10657.39,111696298.0,1295994.0,1.1603,48206.55
CUST-001435,"Kelly, Maxwell and Wilson",Telecommunications,SMB,1000-4999,$250M-$1B,Partner,2021-05-08,Active,False,57310.46,36809.57,44,3,3,1,15703.38,0,0,0,0.0,0.0,26124.47,255125.93,96327.1,0.0,14616896.0,153363.0,1.0492,3824.73
CUST-001436,Lowe Ltd,Technology,SMB,250-999,$50M-$250M,Partner,2024-11-01,Active,False,62624.83,40580.68,49,3,3,1,20331.7,3,3,0,57.12,2.94,28551.9,287066.55,96668.94,0.0,18413045.0,247485.0,1.3441,4110.54
CUST-001437,Austin-Duran,Manufacturing,SMB,1000-4999,$250M-$1B,Enterprise Agreement,2021-06-17,Active,False,43575.34,27852.26,49,2,2,0,0.0,2,1,0,3.64,3.78,30797.71,296867.89,92079.71,0.0,19055575.0,227577.0,1.1943,4286.17
CUST-001438,"Rubio, Charles and Watson",Insurance,SMB,1000-4999,$50M-$250M,Digital,2021-04-21,Active,False,16384.62,10198.39,12,1,1,0,0.0,2,2,1,69.5,3.35,6941.67,77529.66,17730.94,0.0,4541243.0,61964.0,1.3645,957.18
CUST-001439,Vasquez-Galloway,Education,SMB,5000+,$10M-$50M,Marketplace,2023-09-14,Active,False,36009.88,22786.67,25,2,2,0,0.0,0,0,0,0.0,0.0,15753.79,141554.81,39032.43,0.0,8495900.0,108759.0,1.2801,2091.32
CUST-001440,"Melton, Henry and Joyce",Energy,SMB,5000+,$10M-$50M,Direct Sales,2021-01-21,Active,False,99129.07,63666.85,67,3,3,3,49589.28,1,0,0,16.06,4.67,41752.55,365833.15,127240.78,0.0,22284255.0,288316.0,1.2938,5761.56
CUST-001441,"Ramirez, Walker and Ray",Transportation,Mid-Market,250-999,<$10M,Partner,2022-10-26,Active,False,405368.79,257647.58,84,5,5,2,135357.69,6,4,1,42.87,3.38,145482.81,1618545.85,523954.55,0.0,103154814.0,1256227.0,1.2178,21570.43
CUST-001442,Fox Group,Insurance,Enterprise,1000-4999,$50M-$250M,Enterprise Agreement,2022-10-11,Active,False,2735159.73,1738977.84,126,6,6,2,566380.19,6,4,0,52.59,3.36,954902.71,8122893.19,2643669.65,0.0,567905828.0,7015799.0,1.2354,128623.67
CUST-001443,Ayers-Johnson,Retail,Mid-Market,1000-4999,$1B+,Direct Sales,2025-10-22,Active,False,213449.49,129566.39,36,3,3,3,204416.05,6,4,2,31.73,3.49,74775.6,705143.11,205092.42,0.0,50800372.0,719089.0,1.4155,10190.81
CUST-001444,Long-Parks,Retail,SMB,5000+,$250M-$1B,Partner,2024-01-24,Active,False,101536.89,63704.42,62,3,3,2,37929.04,0,0,0,0.0,0.0,40603.35,352287.51,100418.59,0.0,22886416.0,320096.0,1.3986,5362.98
CUST-001445,Bryant Inc,Banking,SMB,250-999,$50M-$250M,Direct Sales,2024-03-27,Active,False,63270.07,39690.91,63,3,3,0,0.0,1,0,0,18.9,4.73,42281.71,330001.22,100696.22,0.0,20493403.0,256431.0,1.2513,5472.32
CUST-001446,"Holmes, Stewart and Smith",Insurance,SMB,1000-4999,$250M-$1B,Marketplace,2025-11-13,Active,False,31764.14,19229.12,22,2,2,2,33502.73,2,1,0,25.12,3.68,14693.93,127406.52,34594.64,0.0,8052681.0,90524.0,1.1241,1923.25
CUST-001447,"Clark, Carpenter and Nguyen",Energy,SMB,250-999,<$10M,Partner,2023-05-23,Active,False,53177.07,33641.42,50,3,3,2,28117.75,2,2,0,21.95,2.69,30374.2,268070.56,87045.8,0.0,18832058.0,238973.0,1.269,4140.01
CUST-001448,"Hensley, Lopez and Baker",Retail,Mid-Market,5000+,$250M-$1B,Marketplace,2024-05-03,Active,True,563351.31,356347.79,71,3,3,2,131839.9,4,3,1,39.75,2.85,153030.06,1316849.53,443385.45,9157.66,91291662.0,1080576.0,1.1837,40987.52
CUST-001449,Ruiz-Austin,Transportation,SMB,250-999,$1B+,Direct Sales,2023-06-15,Active,False,20018.15,12619.5,24,1,1,0,0.0,3,3,1,67.89,2.71,14358.98,115387.8,42797.02,0.0,8797411.0,122542.0,1.3929,1951.04
CUST-001450,White-Coleman,Media,Strategic,1000-4999,<$10M,Marketplace,2021-02-03,Active,True,11186889.1,6985313.95,117,5,5,2,1806253.9,15,7,2,39.21,3.73,2489388.38,22815037.49,7576440.97,150177.89,1610531475.0,20919465.0,1.2989,675830.54
CUST-001451,Haynes-Watson,Transportation,Enterprise,1000-4999,$1B+,Enterprise Agreement,2021-07-24,Active,False,2562262.36,1626554.85,137,7,7,2,496099.72,13,9,1,50.55,2.94,926579.44,9070695.33,2862250.03,0.0,607939171.0,7813225.0,1.2852,130156.18
CUST-001452,Ramirez-White,Healthcare,Enterprise,50-249,$250M-$1B,Enterprise Agreement,2023-05-12,Active,True,2483915.04,1574599.42,113,5,5,3,659871.07,5,2,1,53.08,3.63,830918.04,7406128.09,2598333.11,19603.22,482844936.0,6584319.0,1.3637,158704.98
CUST-001453,Krause Ltd,Telecommunications,SMB,1000-4999,$250M-$1B,Marketplace,2021-09-12,Active,False,18773.66,11449.46,12,1,1,0,0.0,0,0,0,0.0,0.0,7674.77,68748.53,20715.5,0.0,3627659.0,44317.0,1.2216,1035.37
CUST-001454,Olsen Ltd,Manufacturing,SMB,250-999,$50M-$250M,Digital,2023-11-06,Active,False,62341.57,39203.38,62,3,3,2,27027.47,1,1,0,118.41,2.99,36141.69,340593.54,107130.72,0.0,24655232.0,321678.0,1.3047,5005.28
CUST-001455,Brock-Peters,Technology,Enterprise,1-49,<$10M,Direct Sales,2021-01-09,Active,False,1956588.87,1232531.6,95,5,5,4,946970.47,7,1,0,9.64,4.29,684554.38,6110594.26,2105213.43,0.0,395140515.0,4939263.0,1.25,94883.25
CUST-001456,Gonzalez-Marsh,Professional Services,SMB,5000+,$50M-$250M,Digital,2023-11-29,Active,False,44635.63,28790.87,48,2,2,1,9759.56,2,2,0,26.16,2.72,28845.69,281718.66,89809.62,0.0,19896709.0,232666.0,1.1694,4057.9
CUST-001457,"Hernandez, Shaffer and Thompson",Energy,SMB,1000-4999,$10M-$50M,Enterprise Agreement,2022-05-11,Active,False,60606.86,37458.21,41,2,2,2,33018.62,0,0,0,0.0,0.0,22933.15,240306.78,79215.23,0.0,16825823.0,207193.0,1.2314,3336.76
CUST-001458,Taylor-Barry,Technology,Mid-Market,50-249,$250M-$1B,Partner,2024-03-29,Active,False,576559.15,360881.72,101,5,5,2,157606.74,9,9,3,51.68,2.43,214021.44,2058399.41,668982.87,0.0,129293983.0,1786281.0,1.3816,30068.71
CUST-001459,"Holmes, Le and Floyd",Healthcare,SMB,1-49,$10M-$50M,Enterprise Agreement,2023-06-15,Active,False,56096.42,35585.14,60,3,3,0,0.0,0,0,0,0.0,0.0,35242.69,316086.07,112819.92,0.0,21613865.0,256389.0,1.1862,4932.27
CUST-001460,King-Garrison,Transportation,SMB,250-999,$1B+,Partner,2025-09-23,Active,False,44079.91,27057.29,38,3,3,2,25144.56,2,2,0,56.38,2.37,22185.25,214312.08,63175.52,0.0,13569640.0,152068.0,1.1206,3056.97
CUST-001461,Ross Ltd,Technology,Strategic,1-49,$1B+,Partner,2021-02-22,Active,True,9910470.45,6152121.85,118,7,7,3,2779484.53,10,6,1,55.66,3.58,2615086.39,21786357.25,7957377.78,0.0,1447836761.0,18744782.0,1.2947,358503.81
CUST-001462,Brown LLC,Media,SMB,1000-4999,<$10M,Partner,2021-06-11,Active,False,6267.26,3804.58,10,1,1,1,6960.94,2,1,0,15.63,3.19,7379.5,46664.0,11479.65,0.0,3715565.0,46389.0,1.2485,872.34
CUST-001463,Combs-Davis,Retail,Strategic,50-249,$10M-$50M,Digital,2023-01-04,Active,True,12200269.61,7883197.35,152,6,6,4,3912839.32,15,9,0,45.29,3.26,3067254.05,29915993.2,9942633.62,69991.38,1997799790.0,24285002.0,1.2156,589292.34
CUST-001464,"Cook, Ward and Castro",Technology,SMB,250-999,<$10M,Digital,2025-07-11,Active,False,50102.95,31082.09,41,3,3,1,15443.2,0,0,0,0.0,0.0,24536.47,243015.21,68642.17,0.0,16084768.0,211260.0,1.3134,3380.65
CUST-001465,Cooper-Jenkins,Media,SMB,1-49,<$10M,Marketplace,2024-07-31,Active,False,48305.31,31078.2,36,3,3,1,11248.35,2,1,0,53.59,4.16,22344.93,204730.02,64083.65,0.0,13562171.0,182273.0,1.344,3061.52
CUST-001466,Dillon-Mccarty,Manufacturing,Enterprise,50-249,<$10M,Direct Sales,2022-08-02,Active,True,3487977.27,2232595.54,137,5,5,4,1259727.02,6,3,2,28.06,3.67,952634.55,9156805.64,2769701.16,67341.08,609562177.0,7621082.0,1.2503,279898.01
CUST-001467,Ray Ltd,Technology,Mid-Market,1-49,$250M-$1B,Direct Sales,2022-03-02,Active,False,492033.86,316660.33,85,5,5,3,198783.16,2,0,0,47.48,4.64,167965.83,1712085.06,541898.07,0.0,109272541.0,1394687.0,1.2763,23959.81
CUST-001468,"Ryan, Krause and Mitchell",Healthcare,SMB,1000-4999,$250M-$1B,Digital,2021-06-06,Active,False,47086.43,29314.78,50,3,3,0,0.0,2,1,0,28.78,4.25,33052.11,275228.09,96688.44,0.0,17902402.0,252952.0,1.413,4492.04
CUST-001469,Nunez-Freeman,Manufacturing,Mid-Market,1-49,$10M-$50M,Enterprise Agreement,2022-01-04,Active,False,252398.18,159666.51,34,2,2,1,88634.98,5,3,1,46.33,3.37,69913.03,553854.11,217054.96,0.0,47876857.0,666288.0,1.3917,9570.54
CUST-001470,"Griffin, Miller and Austin",Telecommunications,Mid-Market,1000-4999,$1B+,Enterprise Agreement,2022-12-04,Active,True,686687.99,436028.16,130,5,5,1,71295.48,4,3,0,42.68,3.14,276434.05,2422166.25,846261.51,8578.64,163271493.0,1916929.0,1.1741,57059.03
CUST-001471,Welch-Thomas,Insurance,Mid-Market,50-249,$1B+,Direct Sales,2022-06-06,Active,False,157216.06,99658.08,25,2,2,0,0.0,5,2,0,55.24,3.82,51678.27,508014.88,149236.01,0.0,33470479.0,349174.0,1.0432,7159.53
CUST-001472,Davidson LLC,Healthcare,Mid-Market,250-999,<$10M,Partner,2021-11-09,Active,False,310009.87,189520.68,43,2,2,2,134866.66,5,3,0,54.05,3.53,87886.53,916308.93,291294.71,0.0,51398466.0,692727.0,1.3478,12655.3
CUST-001473,Welch-Duncan,Professional Services,SMB,50-249,$50M-$250M,Digital,2025-01-30,Active,False,46384.19,29128.69,55,3,3,2,14383.14,1,1,0,137.33,1.53,30619.42,297559.42,98621.69,0.0,19365451.0,238868.0,1.2335,4337.2
CUST-001474,Miller LLC,Transportation,Mid-Market,250-999,$250M-$1B,Marketplace,2024-02-04,Active,False,266097.28,162185.41,55,4,4,2,124349.42,6,3,1,48.45,3.43,126346.53,1093118.11,377124.86,0.0,65245901.0,838152.0,1.2846,17328.71
CUST-001475,Edwards Ltd,Retail,Mid-Market,50-249,$50M-$250M,Marketplace,2022-05-28,Active,False,600070.53,377155.19,95,5,5,3,210204.49,3,2,1,57.57,3.11,194944.17,1853162.37,619317.41,0.0,122239096.0,1607837.0,1.3153,27444.34
CUST-001476,Page-Jacobs,Healthcare,SMB,1000-4999,$250M-$1B,Marketplace,2025-06-15,Active,False,63427.16,39701.07,45,3,3,2,34368.0,3,2,1,18.71,3.33,24780.53,246476.92,91112.86,0.0,17409154.0,196091.0,1.1264,3634.26
CUST-001477,Nelson-Wallace,Insurance,Mid-Market,5000+,$250M-$1B,Marketplace,2024-06-29,Active,False,185004.59,116052.37,41,2,2,1,35704.84,2,2,0,70.56,2.55,74819.53,827120.8,250903.0,0.0,49435561.0,541660.0,1.0957,10897.11
CUST-001478,Adkins-Meyer,Insurance,SMB,1000-4999,$10M-$50M,Direct Sales,2024-07-19,Active,False,64411.05,40438.86,52,2,2,1,9024.05,1,1,0,41.79,2.17,32992.36,299963.43,90452.34,0.0,18205222.0,203245.0,1.1164,4473.77
CUST-001479,Gutierrez-White,Media,Strategic,5000+,$50M-$250M,Marketplace,2022-08-25,Active,True,14771510.92,9220475.52,194,8,8,3,2284129.23,13,9,2,60.36,3.13,4061826.28,36279700.13,12037049.36,146243.18,2394275506.0,32020625.0,1.3374,880229.56
CUST-001480,Martinez and Sons,Retail,SMB,250-999,$10M-$50M,Direct Sales,2023-05-30,Active,False,46477.58,29141.67,37,2,2,0,0.0,0,0,0,0.0,0.0,21447.5,185387.34,61029.45,0.0,13364001.0,175014.0,1.3096,2911.3
CUST-001481,"King, Manning and Brady",Telecommunications,SMB,1-49,<$10M,Digital,2025-05-16,Active,False,64681.23,40000.2,43,3,3,1,20354.43,1,1,0,106.57,2.52,24601.74,239470.67,76119.12,0.0,14777196.0,181328.0,1.2271,3454.57
CUST-001482,Jackson Inc,Telecommunications,Mid-Market,50-249,$1B+,Direct Sales,2024-03-08,Active,True,469008.35,297926.71,85,4,4,3,205263.43,1,1,0,32.65,2.84,186330.71,1780207.72,551873.91,14446.81,102163551.0,1341018.0,1.3126,57631.7
CUST-001483,Brown Group,Insurance,SMB,5000+,$50M-$250M,Enterprise Agreement,2022-03-22,Active,False,29240.06,18307.02,38,3,3,0,0.0,3,3,1,34.49,2.47,19039.66,190804.12,68012.36,0.0,17158757.0,229915.0,1.3399,2775.15
CUST-001484,"Brown, Wise and Warren",Technology,Strategic,1000-4999,$50M-$250M,Digital,2024-08-16,Active,True,10449803.96,6580646.74,118,6,6,4,4587177.62,13,7,3,51.17,3.47,2382579.23,24295712.66,7401881.18,88261.44,1486474752.0,18007437.0,1.2114,531217.33
CUST-001485,Garcia PLC,Banking,SMB,250-999,$250M-$1B,Direct Sales,2023-10-19,Active,False,58928.22,37327.95,50,2,2,2,25902.98,0,0,0,0.0,0.0,27003.36,289136.47,91683.87,0.0,18147682.0,245028.0,1.3502,3925.25
CUST-001486,Miller Group,Technology,SMB,50-249,$1B+,Direct Sales,2024-04-25,Active,False,25753.56,16432.23,26,2,2,0,0.0,2,1,1,14.63,3.08,17155.68,143578.89,52675.34,0.0,8735097.0,136080.0,1.5579,2357.95
CUST-001487,Perez-Rojas,Banking,SMB,1000-4999,$50M-$250M,Partner,2024-03-25,Active,False,24474.55,15601.72,26,2,2,0,0.0,2,2,0,61.83,2.35,14693.53,140733.54,47169.35,0.0,10075170.0,129262.0,1.283,2075.57
CUST-001488,Sims-Anderson,Energy,Enterprise,1-49,$50M-$250M,Direct Sales,2023-12-29,Active,True,1277560.99,829171.49,59,3,3,1,221628.85,8,6,3,41.95,3.11,458215.3,4198670.01,1386167.6,0.0,253755628.0,3908093.0,1.5401,63498.54
CUST-001489,Johnson Ltd,Professional Services,SMB,250-999,$50M-$250M,Digital,2023-05-01,Active,False,58043.14,35549.32,62,3,3,1,9881.76,0,0,0,0.0,0.0,34814.93,355330.91,110307.52,0.0,23427208.0,286769.0,1.2241,4947.32
CUST-001490,Dalton-Nguyen,Telecommunications,Enterprise,1000-4999,$1B+,Direct Sales,2025-05-06,Active,True,1752237.46,1113254.97,67,5,5,3,865132.68,11,6,2,44.6,3.28,470547.81,4862038.05,1422650.59,39158.06,280894138.0,3919027.0,1.3952,152447.82
CUST-001491,Mcdonald-Pitts,Insurance,SMB,250-999,$1B+,Direct Sales,2024-08-05,Active,False,91525.73,56716.96,64,3,3,2,33324.52,2,2,1,76.46,2.91,36729.05,365239.89,122625.0,0.0,21365295.0,317107.0,1.4842,5262.39
CUST-001492,Dunn-Taylor,Insurance,SMB,250-999,$250M-$1B,Partner,2021-10-12,Active,False,32703.23,21084.87,36,2,2,0,0.0,0,0,0,0.0,0.0,21093.79,170432.05,76233.33,0.0,12812100.0,185045.0,1.4443,3001.53
CUST-001493,"Ryan, Garza and Bryant",Telecommunications,SMB,5000+,<$10M,Direct Sales,2025-07-22,Active,False,8656.03,5632.45,13,1,1,0,0.0,1,0,0,4.91,4.51,7650.51,56097.1,29976.28,0.0,5010243.0,43162.0,0.8615,1100.54
CUST-001494,"Fields, Elliott and Mills",Insurance,SMB,250-999,$50M-$250M,Enterprise Agreement,2022-09-16,Active,True,12829.99,8145.06,12,1,1,0,0.0,2,2,1,75.29,2.68,7211.56,37002.96,21742.42,1427.38,5289109.0,71015.0,1.3427,4080.58
CUST-001495,"Ferguson, Stout and Olson",Retail,Enterprise,5000+,$250M-$1B,Direct Sales,2021-12-15,Active,True,3174562.3,2016170.94,105,5,5,2,673196.94,7,7,1,60.76,2.77,781558.19,7049261.31,2271319.04,28183.63,457709147.0,5398645.0,1.1795,169155.49
CUST-001496,Ballard Group,Technology,SMB,1000-4999,<$10M,Enterprise Agreement,2025-12-24,Active,False,11530.17,7632.64,10,1,1,1,12852.62,2,1,0,4.44,3.21,5140.12,53809.22,18660.41,0.0,2846277.0,36316.0,1.2759,756.84
CUST-001497,Diaz-Green,Manufacturing,Mid-Market,250-999,$250M-$1B,Partner,2023-10-01,Active,False,278061.59,171434.05,62,3,3,2,98680.69,3,2,1,45.61,3.58,113766.75,1119513.73,394417.72,0.0,86051623.0,1143429.0,1.3288,16422.35
CUST-001498,Smith-Mills,Energy,SMB,50-249,$10M-$50M,Direct Sales,2022-12-24,Active,False,106558.82,66486.37,84,3,3,1,14014.75,2,2,0,68.06,3.2,50106.56,485886.89,151936.51,0.0,31981502.0,450702.0,1.4093,7000.63
CUST-001499,Cooper Group,Transportation,SMB,50-249,$250M-$1B,Marketplace,2021-01-27,Active,True,54359.99,34665.88,48,3,3,1,13699.38,1,0,0,23.34,4.56,30485.5,285974.1,86335.46,2204.21,19585160.0,255073.0,1.3024,9028.46
CUST-001500,"Smith, Weeks and Arroyo",Media,SMB,5000+,$1B+,Digital,2025-07-26,Active,False,14137.63,9595.11,15,1,1,1,10736.3,1,0,0,11.44,4.25,9175.08,91655.52,26998.68,0.0,4933509.0,76510.0,1.5508,1278.97
CUST-001501,Evans-Cannon,Retail,Enterprise,5000+,<$10M,Partner,2024-09-04,Active,False,2439542.9,1567649.17,100,5,5,4,1164675.77,10,8,1,35.81,3.0,728049.43,7032138.89,2284811.91,0.0,418652500.0,5465537.0,1.3055,102437.09
CUST-001502,Harper-Robles,Media,SMB,5000+,$10M-$50M,Marketplace,2023-07-16,Active,False,52437.33,34123.39,62,3,3,1,8068.89,1,1,0,30.64,2.71,38062.69,331533.19,110292.89,0.0,22257403.0,248857.0,1.1181,5191.62
CUST-001503,"Brooks, Jenkins and Castro",Manufacturing,SMB,5000+,<$10M,Partner,2024-11-06,Active,False,33327.75,21342.07,46,2,2,2,16797.5,0,0,0,0.0,0.0,27676.97,256325.88,90798.09,0.0,17655050.0,212226.0,1.2021,3911.32
CUST-001504,Wright-Espinoza,Banking,Mid-Market,1000-4999,$10M-$50M,Digital,2022-05-08,Active,False,232203.16,142533.59,61,3,3,2,82118.21,2,2,0,36.21,3.3,130777.78,1270172.25,356739.48,0.0,75599832.0,1017534.0,1.3459,17877.86
CUST-001505,"Price, Gray and Baker",Manufacturing,SMB,1-49,$1B+,Direct Sales,2022-12-22,Active,False,65705.34,42275.45,49,2,2,0,0.0,0,0,0,0.0,0.0,27898.9,289440.14,95784.95,0.0,17164546.0,188097.0,1.0958,4047.54
CUST-001506,Garrett-Black,Technology,SMB,5000+,$50M-$250M,Direct Sales,2023-10-26,Active,False,33774.38,21324.33,22,1,1,1,18020.59,0,0,0,0.0,0.0,14230.68,135209.89,44259.7,0.0,9222241.0,97405.0,1.0562,1993.74
CUST-001507,"Aguirre, Cohen and Mitchell",Technology,Mid-Market,1000-4999,$10M-$50M,Digital,2024-08-21,Active,True,434426.73,277332.83,91,5,5,2,90304.48,6,4,0,45.38,3.45,183847.69,1817814.49,603168.3,0.0,118252568.0,1458268.0,1.2332,26213.6
CUST-001508,"Patel, Adams and Lopez",Media,SMB,1000-4999,$1B+,Marketplace,2023-12-21,Active,False,48997.37,31907.64,45,3,3,1,6779.29,0,0,0,0.0,0.0,28873.82,261241.02,72485.21,0.0,18212530.0,233275.0,1.2808,3846.01
CUST-001509,White LLC,Healthcare,SMB,1-49,<$10M,Direct Sales,2021-08-16,Active,False,39422.85,24758.79,50,3,3,0,0.0,2,1,0,52.97,3.09,30108.41,254153.68,94339.09,0.0,18696496.0,253400.0,1.3553,4161.43
CUST-001510,Walsh PLC,Manufacturing,Mid-Market,50-249,$1B+,Marketplace,2021-07-26,Active,True,255256.58,161935.98,65,3,3,1,63357.09,2,0,0,10.48,4.41,140052.85,1256238.6,440900.62,0.0,78642242.0,1035895.0,1.3172,19526.5
CUST-001511,Nelson-Dean,Professional Services,SMB,250-999,$250M-$1B,Partner,2025-08-15,Active,False,55300.76,34547.51,41,3,3,2,33861.59,0,0,0,0.0,0.0,26021.96,247845.5,74849.93,0.0,14863219.0,177254.0,1.1926,3586.24
CUST-001512,Flores and Sons,Professional Services,SMB,5000+,$50M-$250M,Direct Sales,2022-08-13,Active,False,13907.57,8255.91,12,1,1,0,0.0,0,0,0,0.0,0.0,8080.26,72858.76,24971.41,0.0,5269845.0,87220.0,1.6551,1122.66
CUST-001513,Booker Inc,Education,SMB,250-999,$10M-$50M,Partner,2024-06-28,Active,False,62141.07,39468.95,68,3,3,2,24384.85,0,0,0,0.0,0.0,40294.99,405220.01,106320.8,0.0,25880568.0,297339.0,1.1489,5499.97
CUST-001515,Martinez-Gonzales,Insurance,Mid-Market,50-249,<$10M,Enterprise Agreement,2022-06-25,Active,True,261483.44,165756.56,37,2,2,0,0.0,4,4,0,86.41,2.36,75991.64,753197.0,235339.57,4182.15,46900763.0,582274.0,1.2415,19900.02
CUST-001516,Hall and Sons,Healthcare,SMB,1000-4999,<$10M,Direct Sales,2023-09-28,Active,False,20121.31,12888.87,13,1,1,0,0.0,2,1,0,33.05,3.69,7857.25,63742.92,21278.42,0.0,4511969.0,73794.0,1.6355,1047.41
CUST-001517,Snyder LLC,Healthcare,Enterprise,5000+,$1B+,Partner,2022-08-19,Active,False,1895184.46,1175889.1,108,5,5,4,868027.29,10,6,4,58.43,3.51,763593.61,7791564.46,2282713.19,0.0,468227095.0,6185144.0,1.321,107133.74
CUST-001518,Collins-Lloyd,Professional Services,Enterprise,250-999,$250M-$1B,Marketplace,2025-07-05,Active,True,1926499.96,1216941.44,94,7,7,3,632958.97,11,7,3,49.56,3.25,732354.89,7507409.19,2021811.94,16223.07,427834169.0,5690783.0,1.3301,136835.72
CUST-001519,Ford-Moody,Manufacturing,Enterprise,250-999,$250M-$1B,Direct Sales,2023-09-24,Active,True,1024472.29,636071.71,49,3,3,0,0.0,9,9,1,33.51,2.72,346571.31,3384542.47,997967.83,0.0,217967834.0,2995748.0,1.3744,47940.34
CUST-001520,Miller-Christensen,Energy,Enterprise,5000+,$250M-$1B,Direct Sales,2025-12-31,Active,False,1273745.93,816221.93,50,5,5,5,1429562.67,11,9,1,35.06,2.95,408373.14,3426392.25,1181138.86,0.0,193406381.0,2725625.0,1.4093,55417.95
CUST-001521,Brown Group,Retail,SMB,1000-4999,$10M-$50M,Partner,2021-02-12,Active,False,13919.75,8541.68,13,1,1,0,0.0,0,0,0,0.0,0.0,9612.34,81574.58,27048.3,0.0,4997853.0,68194.0,1.3645,1298.64
CUST-001522,Daniels and Sons,Professional Services,SMB,1000-4999,$50M-$250M,Partner,2025-02-26,Active,False,47623.95,29940.97,33,2,2,1,18562.4,1,1,1,150.28,2.69,19456.02,173222.12,61382.53,0.0,11652634.0,171780.0,1.4742,2711.03
CUST-001523,Huang LLC,Transportation,Enterprise,1-49,$50M-$250M,Enterprise Agreement,2023-02-13,Active,False,2585447.28,1617639.44,153,7,7,4,800901.42,6,4,0,59.04,3.21,1072215.63,9824630.0,3409988.03,0.0,668169110.0,8924797.0,1.3357,150248.42
CUST-001524,Clayton-Martinez,Energy,Enterprise,50-249,$50M-$250M,Digital,2025-11-30,Active,False,1725136.7,1094587.81,77,7,7,7,1785992.84,9,4,0,25.11,3.8,535805.89,5270710.89,1786002.4,0.0,350718844.0,4018028.0,1.1457,76624.1
CUST-001525,"Wright, Wise and Ramos",Manufacturing,Enterprise,50-249,<$10M,Enterprise Agreement,2022-07-20,Active,False,2993765.83,1838595.86,131,5,5,2,468181.26,7,4,2,46.46,3.37,960262.97,8764845.43,3041532.03,0.0,590412921.0,8179507.0,1.3854,134368.78
CUST-001526,"Vang, Gonzalez and Moss",Technology,Mid-Market,1000-4999,$1B+,Digital,2021-09-09,Active,False,414182.33,261332.02,60,4,4,3,224392.22,3,1,0,54.2,3.96,117632.87,1175979.7,340669.7,0.0,70868784.0,797580.0,1.1254,16345.49
CUST-001527,Boyd and Sons,Retail,SMB,1000-4999,$10M-$50M,Enterprise Agreement,2024-11-04,Active,False,12010.41,8022.68,14,1,1,1,9661.03,0,0,0,0.0,0.0,9416.99,76926.04,24766.45,0.0,3791165.0,53221.0,1.4038,1249.08
CUST-001528,Price-Ali,Manufacturing,Strategic,1000-4999,$50M-$250M,Direct Sales,2021-11-30,Active,True,20057615.7,12775505.72,213,9,9,6,6537082.89,22,17,4,34.12,3.11,4326595.55,40888562.65,14137478.26,166961.39,2642122602.0,31832703.0,1.2048,979860.42
CUST-001529,Moore-Chandler,Manufacturing,Enterprise,5000+,<$10M,Direct Sales,2022-03-22,Active,True,4447926.39,2828412.63,191,7,7,1,237428.67,5,4,1,22.58,2.81,1326548.07,13116781.02,4457441.35,53263.5,874009619.0,11876536.0,1.3589,307376.79
CUST-001530,"Pineda, Meyer and King",Banking,Mid-Market,1-49,$50M-$250M,Partner,2024-09-14,Active,False,258153.11,157973.24,45,2,2,1,69315.58,6,3,0,48.12,3.07,96461.05,951197.39,275376.96,0.0,56620298.0,787780.0,1.3913,13337.45
CUST-001531,"Evans, Ward and Williams",Transportation,SMB,5000+,$10M-$50M,Direct Sales,2023-10-26,Active,False,62698.44,39117.26,61,3,3,1,15254.11,3,3,0,47.98,3.06,37446.0,288508.5,105017.37,0.0,23543786.0,286755.0,1.218,4997.3
CUST-001532,"Robinson, Rodriguez and Chen",Technology,Mid-Market,5000+,<$10M,Digital,2022-02-07,Active,False,493320.81,312908.74,76,3,3,1,77410.94,6,4,2,33.88,3.25,157802.52,1461945.99,439048.7,0.0,91517909.0,1189545.0,1.2998,21516.95
CUST-001533,Smith-Bauer,Transportation,SMB,1000-4999,$250M-$1B,Marketplace,2022-05-25,Active,False,39276.49,25664.54,25,1,1,0,0.0,1,0,0,5.57,4.96,13939.45,123818.43,51296.61,0.0,8989183.0,95991.0,1.0679,2015.09
CUST-001534,"Wilson, Mccormick and Smith",Media,Strategic,250-999,$10M-$50M,Enterprise Agreement,2022-09-11,Active,False,16105182.47,10035487.56,162,7,7,1,1355738.25,14,13,4,62.54,2.48,3447110.69,31344464.14,10736998.12,0.0,2228855748.0,28775348.0,1.291,480298.84
CUST-001535,Perkins Ltd,Transportation,Mid-Market,50-249,$50M-$250M,Partner,2021-10-13,Active,False,263450.36,163022.24,37,2,2,0,0.0,4,2,1,13.45,3.39,65413.86,734137.28,205524.81,0.0,55775398.0,795592.0,1.4264,9410.66
CUST-001536,Barker-Moore,Manufacturing,SMB,5000+,$250M-$1B,Enterprise Agreement,2021-06-25,Active,False,62515.67,40211.04,61,3,3,0,0.0,3,2,0,56.09,3.52,38506.16,324095.71,111093.79,0.0,24191545.0,292887.0,1.2107,5224.66
CUST-001537,Wright Group,Education,SMB,250-999,$1B+,Digital,2023-12-15,Active,True,41022.02,26687.25,27,1,1,1,17547.53,1,1,0,96.92,1.72,18207.85,156214.92,47135.33,0.0,10229415.0,118860.0,1.1619,2422.49
CUST-001538,Parks LLC,Education,Mid-Market,1-49,$1B+,Direct Sales,2023-04-21,Active,False,435577.59,280916.04,86,4,4,0,0.0,6,3,1,29.86,3.71,172697.41,1731886.94,553779.81,0.0,105310492.0,1303134.0,1.2374,24544.52
CUST-001539,"Brown, Kelly and Moore",Media,Strategic,250-999,$10M-$50M,Enterprise Agreement,2021-10-15,Active,True,14638884.37,9277670.1,147,8,8,5,5808119.35,12,10,1,54.26,3.17,2893397.27,29485430.78,8826068.29,114188.4,1735537468.0,20295198.0,1.1694,658851.76
CUST-001540,"Moody, Martinez and Hall",Manufacturing,Mid-Market,1-49,$250M-$1B,Partner,2024-03-04,Active,False,298901.5,195012.12,56,3,3,2,173251.44,5,5,1,72.45,2.63,130505.42,1023747.33,321464.85,0.0,71644860.0,891051.0,1.2437,17007.48
CUST-001541,"Kramer, Sherman and Trujillo",Energy,SMB,1000-4999,<$10M,Direct Sales,2025-04-12,Active,False,49582.02,31737.86,49,3,3,3,33795.85,2,2,2,24.27,2.28,32039.97,300348.95,88932.4,0.0,17534909.0,264901.0,1.5107,4373.74
CUST-001542,Quinn-Smith,Insurance,SMB,250-999,$1B+,Marketplace,2024-05-02,Active,True,31521.8,19444.68,13,1,1,0,0.0,1,0,0,58.37,4.95,6886.34,67628.32,25844.17,1511.58,5174729.0,71421.0,1.3802,4338.95
CUST-001543,Howard-Taylor,Transportation,Mid-Market,5000+,<$10M,Partner,2024-04-12,Active,True,594473.0,377368.39,95,5,5,3,232131.46,5,4,2,37.92,3.3,179729.2,1794534.83,576462.0,12241.92,120548491.0,1581069.0,1.3116,52461.78
CUST-001544,Washington Group,Retail,Mid-Market,50-249,$10M-$50M,Digital,2023-10-12,Active,False,439954.22,279212.87,80,3,3,3,191889.23,4,3,1,38.19,3.01,175665.04,1573642.16,489989.79,0.0,105857220.0,1404578.0,1.3269,23856.91
CUST-001545,"Phillips, Terry and Lopez",Professional Services,Mid-Market,50-249,<$10M,Direct Sales,2024-07-01,Active,False,241594.48,156152.43,77,3,3,1,40021.69,4,3,0,41.85,2.69,173554.31,1412932.44,482301.05,0.0,102848984.0,1182762.0,1.15,23268.77
CUST-001546,Stephens LLC,Insurance,SMB,50-249,$10M-$50M,Direct Sales,2023-12-01,Active,False,79995.1,51040.19,81,3,3,2,22694.73,2,2,1,76.94,2.43,47770.04,472628.12,142883.05,0.0,31550911.0,436709.0,1.3841,6673.38
CUST-001547,"Mcdonald, Dillon and George",Insurance,Mid-Market,250-999,$250M-$1B,Marketplace,2021-04-24,Active,False,288834.87,181764.67,50,3,3,3,201685.83,5,3,0,31.96,3.86,103551.3,903844.44,331703.96,0.0,68630968.0,838033.0,1.2211,14444.43
CUST-001548,"Martin, Schmidt and Cole",Manufacturing,Strategic,5000+,$250M-$1B,Enterprise Agreement,2024-01-25,Active,False,7704595.23,4783157.95,82,6,6,4,3611218.7,24,20,3,71.63,2.69,1796978.6,14877644.41,5432642.88,0.0,1010920680.0,13137383.0,1.2995,245809.62
CUST-001549,Weaver-Gibson,Retail,SMB,50-249,$10M-$50M,Enterprise Agreement,2022-01-14,Active,False,89066.38,55593.69,106,3,3,1,6916.1,1,0,0,34.75,4.26,67877.47,569532.12,186875.66,0.0,37400853.0,526974.0,1.409,9116.87
CUST-001550,"Hunter, Gross and Andrade",Manufacturing,Enterprise,250-999,<$10M,Enterprise Agreement,2023-09-11,Active,True,2083156.1,1270595.72,85,5,5,2,630473.82,11,8,2,38.85,2.96,581150.03,6022737.4,2070648.98,22821.51,391423837.0,5226354.0,1.3352,135262.54
CUST-001551,"Vincent, Parsons and Allen",Professional Services,Mid-Market,1-49,$250M-$1B,Marketplace,2023-03-02,Active,True,255559.27,161092.6,37,2,2,0,0.0,2,1,0,72.82,4.31,79191.7,722298.98,222045.16,4637.99,49273735.0,580279.0,1.1777,20996.01
CUST-001552,"Brown, Coffey and Fuentes",Insurance,Enterprise,5000+,$250M-$1B,Direct Sales,2023-07-26,Active,True,2860060.95,1825860.86,139,7,7,5,1281985.37,8,5,0,26.03,3.45,972300.12,9158210.39,3064666.5,51830.2,638154720.0,7754551.0,1.2152,250496.75
CUST-001553,Warren Group,Media,Mid-Market,1000-4999,<$10M,Digital,2024-09-07,Active,False,215230.74,133070.39,41,3,3,1,51324.9,8,4,0,38.2,3.49,87678.01,866396.69,239125.12,0.0,56011410.0,782369.0,1.3968,12015.22
CUST-001554,"Moore, Campbell and Ortiz",Manufacturing,Strategic,1-49,$10M-$50M,Digital,2023-07-28,Active,False,11343150.66,7134294.23,150,8,8,2,1717894.96,11,7,2,47.42,3.19,3080742.13,28687246.58,9079767.44,0.0,1989463959.0,27214516.0,1.3679,425439.28
CUST-001555,Rodriguez-Mills,Energy,Mid-Market,1000-4999,$1B+,Direct Sales,2024-12-17,Active,True,332015.4,204627.18,66,3,3,3,175310.59,6,5,2,47.67,2.83,131788.71,1203156.15,406216.9,6941.58,85213975.0,1188271.0,1.3945,33600.84
CUST-001556,Williams and Sons,Media,SMB,250-999,$250M-$1B,Partner,2025-01-12,Active,False,49784.51,32562.01,29,2,2,1,20146.98,1,1,0,26.23,1.82,15162.28,132808.86,38161.0,0.0,9706466.0,125265.0,1.2905,2011.66
CUST-001557,Russo and Sons,Insurance,SMB,1000-4999,$250M-$1B,Marketplace,2023-03-18,Active,False,38191.58,23695.58,24,2,2,1,18041.87,1,1,0,4.62,1.96,14772.31,130970.27,51718.58,0.0,8423478.0,108577.0,1.289,2108.68
CUST-001558,Washington Inc,Transportation,Mid-Market,5000+,$50M-$250M,Partner,2023-11-05,Active,False,425464.46,266799.75,78,4,4,2,148162.66,7,3,0,31.1,3.82,155725.46,1529211.66,537360.15,0.0,103007534.0,1318002.0,1.2795,22447.32
CUST-001559,Duncan Group,Media,Mid-Market,5000+,$250M-$1B,Direct Sales,2022-12-14,Active,False,538637.19,335549.13,95,5,5,2,149897.82,2,2,1,55.53,3.45,188502.91,1891357.37,605845.84,0.0,132677727.0,1906751.0,1.4371,26806.36
CUST-001560,"Burns, Hanson and Garza",Insurance,SMB,1000-4999,$250M-$1B,Digital,2024-09-24,Active,False,52865.11,33603.5,40,3,3,1,16919.05,2,1,0,50.95,3.32,25361.35,218377.13,68322.48,0.0,14620809.0,184772.0,1.2638,3402.56
CUST-001561,Diaz PLC,Retail,Enterprise,1000-4999,$250M-$1B,Direct Sales,2025-12-09,Active,True,723297.46,461217.87,30,3,3,3,836136.25,8,3,1,26.55,3.77,199113.67,1845353.72,629524.69,9370.77,119608279.0,1316889.0,1.101,48521.9
CUST-001562,"Jones, Conrad and Clark",Professional Services,SMB,1-49,$250M-$1B,Digital,2025-10-01,Active,True,13140.94,8244.75,12,1,1,1,12588.86,2,1,0,59.26,3.36,6471.32,77808.99,19509.3,0.0,4897494.0,58205.0,1.1885,933.03
CUST-001563,Hebert-Collier,Insurance,Mid-Market,1000-4999,$250M-$1B,Partner,2022-10-20,Active,False,453941.39,286968.83,85,3,3,0,0.0,2,1,0,38.27,4.08,164235.06,1836834.47,489508.03,0.0,103785864.0,1227604.0,1.1828,23349.62
CUST-001564,Owen-Brown,Manufacturing,Strategic,1000-4999,$250M-$1B,Digital,2022-02-05,Active,True,5307703.99,3287055.99,90,6,6,5,3383627.4,21,17,4,60.19,3.27,1864017.64,18264676.63,5498909.61,0.0,1070037290.0,13577550.0,1.2689,259279.93
CUST-001565,"Paul, Zamora and Short",Healthcare,SMB,1-49,$1B+,Direct Sales,2023-12-19,Active,False,42549.45,27093.49,39,3,3,1,11002.3,0,0,0,0.0,0.0,24654.36,223892.62,69395.43,0.0,14121618.0,180915.0,1.2811,3360.84
CUST-001566,"Brown, Jensen and Rice",Retail,Mid-Market,1-49,$50M-$250M,Marketplace,2021-03-10,Active,True,296754.98,186405.78,65,4,4,1,63128.48,5,3,1,28.08,3.06,128469.04,1314624.17,381397.47,10144.89,87566934.0,1207087.0,1.3785,40324.27
CUST-001567,"Jones, Torres and Blackburn",Professional Services,Mid-Market,5000+,$250M-$1B,Partner,2024-10-29,Active,False,634782.27,397974.82,96,5,5,4,289217.38,1,0,0,51.59,4.59,194910.39,1922008.15,600408.34,0.0,127529752.0,1436085.0,1.1261,27390.16
CUST-001568,"Davis, Hardy and Schmidt",Telecommunications,Enterprise,250-999,$1B+,Enterprise Agreement,2023-10-23,Active,False,4340641.2,2753187.28,153,7,7,5,1582303.87,7,6,2,40.2,3.03,1144039.83,10095853.72,3443978.96,0.0,653258851.0,8466556.0,1.296,157595.2
CUST-001569,Lee Ltd,Technology,Enterprise,1-49,$1B+,Direct Sales,2024-07-04,Active,True,1167819.79,724979.52,55,3,3,1,354913.85,9,6,1,20.7,3.36,390628.42,3754279.64,1054237.25,32562.63,247469768.0,3134530.0,1.2666,124844.93
CUST-001570,Hudson and Sons,Education,SMB,50-249,<$10M,Enterprise Agreement,2021-08-30,Active,False,23807.58,15002.48,35,2,2,1,7096.3,1,1,0,134.52,3.29,20810.87,216299.98,64755.56,0.0,11887491.0,139034.0,1.1696,2953.02
CUST-001571,"Curry, Perry and Garcia",Manufacturing,Mid-Market,1000-4999,$50M-$250M,Direct Sales,2022-08-17,Active,True,753100.13,470810.71,120,5,5,2,164777.19,5,4,2,81.15,3.52,251841.78,2335929.66,830953.16,20171.02,158219292.0,2023112.0,1.2787,80023.51
CUST-001572,"Ray, Craig and Park",Energy,Enterprise,5000+,$10M-$50M,Enterprise Agreement,2021-06-03,Active,False,1342957.07,875800.25,82,4,4,2,377723.8,8,3,0,38.64,3.78,579735.48,6300490.06,1860158.29,0.0,323316049.0,4213419.0,1.3032,83378.75
CUST-001573,Andrade-Jackson,Banking,Strategic,5000+,<$10M,Enterprise Agreement,2024-06-20,Active,True,6022148.77,3756833.26,71,5,5,3,3082553.46,15,7,3,38.21,3.53,1479845.89,13358636.83,4307471.5,0.0,930410446.0,14008232.0,1.5056,202978.02
CUST-001574,Pierce PLC,Telecommunications,Mid-Market,1000-4999,$50M-$250M,Partner,2021-03-08,Active,False,313990.74,197196.08,50,3,3,0,0.0,2,2,0,90.66,3.7,100937.35,1044663.92,343406.76,0.0,70288330.0,1001336.0,1.4246,14608.02
CUST-001575,Sandoval-Ferguson,Professional Services,SMB,250-999,<$10M,Partner,2024-01-26,Active,True,62545.26,38560.76,45,2,2,1,14330.78,3,2,1,65.91,3.61,25161.14,218190.27,90312.46,0.0,16355780.0,214585.0,1.312,3604.16
CUST-001576,"Ramos, Gomez and Edwards",Banking,Mid-Market,250-999,<$10M,Marketplace,2024-12-10,Active,False,380348.02,243761.51,57,4,4,3,217459.47,3,2,1,54.28,3.15,113741.43,1174088.75,349160.68,0.0,69088236.0,928928.0,1.3446,16076.48
CUST-001577,Kirk-Gutierrez,Energy,Mid-Market,1000-4999,$10M-$50M,Digital,2025-12-23,Active,False,148009.76,96076.26,30,3,3,3,166545.82,3,1,1,72.83,3.57,60725.18,590618.38,199590.51,0.0,41043513.0,452690.0,1.103,8642.48
CUST-001578,"Jordan, Swanson and Franklin",Healthcare,Mid-Market,250-999,$250M-$1B,Marketplace,2023-11-06,Active,True,296217.59,187724.26,48,2,2,1,72761.98,6,5,1,64.5,3.15,106296.14,920807.13,279132.05,0.0,62171648.0,876666.0,1.4101,14199.5
CUST-001579,"Gardner, Brooks and Pierce",Banking,SMB,50-249,$1B+,Enterprise Agreement,2021-04-24,Active,True,30004.64,18708.68,25,1,1,0,0.0,0,0,0,0.0,0.0,14979.4,137256.68,45745.48,0.0,9207723.0,137907.0,1.4977,2080.26
CUST-001580,"King, Nixon and West",Energy,Enterprise,1000-4999,<$10M,Marketplace,2021-02-07,Active,False,3723997.06,2348486.31,154,7,7,4,857401.17,11,8,3,45.15,3.05,1048314.72,10717784.78,3137706.64,0.0,650229069.0,8188866.0,1.2594,147160.93
CUST-001581,Smith-Johnson,Energy,Enterprise,50-249,<$10M,Marketplace,2023-05-25,Active,True,1479749.19,955841.47,102,6,6,3,517408.31,9,9,4,33.98,2.28,774540.87,6819436.26,2466730.04,0.0,461193376.0,6243839.0,1.3538,108014.69
CUST-001582,Larson-Holmes,Telecommunications,SMB,50-249,$50M-$250M,Marketplace,2023-01-24,Active,False,14322.32,8740.59,12,1,1,0,0.0,3,2,0,9.88,3.42,6531.9,60572.32,20343.74,0.0,4112920.0,46214.0,1.1236,912.45
CUST-001583,Smith-Joyce,Banking,Enterprise,50-249,$250M-$1B,Enterprise Agreement,2024-04-20,Active,True,2501111.37,1585189.74,112,6,6,4,1049060.85,10,4,3,35.73,3.75,870326.16,7641474.03,2205537.43,14900.7,484571836.0,6392197.0,1.3191,148449.42
CUST-001584,Foley Inc,Banking,Mid-Market,1-49,<$10M,Partner,2022-05-27,Active,False,556432.11,352224.38,115,4,4,1,49407.21,1,0,0,49.44,4.42,230639.86,2145813.98,747627.31,0.0,143843581.0,1870204.0,1.3002,32525.22
CUST-001585,"Short, Ellison and Dixon",Media,Mid-Market,50-249,$50M-$250M,Partner,2022-12-18,Active,True,236163.57,149587.54,44,3,3,1,73951.79,3,3,1,41.36,2.88,93553.74,924565.55,278771.45,0.0,52317636.0,750295.0,1.4341,13056.82
CUST-001586,"Howe, Moore and Johnson",Insurance,Mid-Market,1-49,$50M-$250M,Enterprise Agreement,2024-09-06,Active,False,208806.42,127850.31,50,2,2,0,0.0,5,4,0,45.24,2.61,101231.16,1036418.3,266286.18,0.0,66579940.0,917945.0,1.3787,13846.49
CUST-001587,Moore-Baker,Healthcare,SMB,1000-4999,$50M-$250M,Digital,2025-10-25,Active,False,27792.05,18244.14,34,3,3,3,27139.87,0,0,0,0.0,0.0,22104.19,186133.41,54638.82,0.0,13369909.0,176701.0,1.3216,2908.08
CUST-001588,"Wright, Scott and Evans",Energy,Enterprise,250-999,$50M-$250M,Enterprise Agreement,2022-05-16,Active,False,1099062.96,700774.21,62,3,3,2,458380.34,8,5,2,53.21,3.44,415906.12,4074619.5,1299795.04,0.0,268575762.0,3567921.0,1.3285,58578.66
CUST-001589,"Ross, Hardin and Navarro",Professional Services,Mid-Market,5000+,$250M-$1B,Digital,2023-04-22,Active,False,687315.46,432644.65,89,4,4,3,261688.66,4,4,2,68.29,3.26,180073.68,1895228.93,541780.87,0.0,120099616.0,1374758.0,1.1447,25414.9
CUST-001590,"Nguyen, Olson and Freeman",Healthcare,SMB,250-999,$1B+,Partner,2023-12-03,Active,False,48528.28,30854.87,64,3,3,2,16899.43,2,1,1,38.62,4.08,36342.81,365959.9,112033.18,0.0,25151147.0,318871.0,1.2678,5123.09
CUST-001591,"Warner, Weiss and Davis",Professional Services,SMB,1000-4999,$250M-$1B,Direct Sales,2022-04-27,Active,True,50186.11,30156.94,32,2,2,2,35740.65,1,1,0,129.42,1.7,20129.76,188109.98,56543.49,0.0,11234335.0,156555.0,1.3935,2753.24
CUST-001592,"Evans, Cross and Johnston",Technology,SMB,250-999,<$10M,Direct Sales,2024-04-19,Active,False,42231.18,26699.63,42,3,3,3,33830.79,2,2,0,116.55,3.08,21686.12,255064.63,74566.56,0.0,14430325.0,185717.0,1.287,3207.47
CUST-001593,Deleon LLC,Technology,SMB,1000-4999,$250M-$1B,Direct Sales,2021-02-08,Active,False,69164.96,44320.69,51,3,3,2,28975.92,1,0,0,21.95,4.31,30785.15,305906.86,97040.1,0.0,21441952.0,261646.0,1.2203,4353.09
CUST-001594,Hobbs-Hamilton,Energy,SMB,1-49,$50M-$250M,Direct Sales,2023-06-02,Active,False,49387.43,31190.09,41,3,3,1,16398.32,1,1,0,11.27,3.55,21881.96,196066.62,77547.62,0.0,16216172.0,198660.0,1.2251,3137.19
CUST-001595,Kane and Sons,Telecommunications,Mid-Market,250-999,$1B+,Partner,2024-05-31,Active,False,201828.32,123986.31,37,2,2,1,56541.16,4,2,1,60.46,3.9,82327.93,730350.38,278243.31,0.0,54214930.0,630637.0,1.1632,11652.62
CUST-001596,"Delgado, Guzman and Smith",Technology,Enterprise,1000-4999,<$10M,Direct Sales,2024-06-26,Active,False,1496189.41,931315.16,80,4,4,3,614476.34,8,4,1,54.02,3.85,593844.86,5865671.76,1597598.63,0.0,342984075.0,4810624.0,1.4026,81153.31
CUST-001597,"Reyes, Torres and Williams",Education,Mid-Market,1000-4999,$1B+,Enterprise Agreement,2024-01-01,Active,False,487878.64,304183.72,73,4,4,2,126109.67,5,1,0,29.85,4.1,156442.35,1433410.17,470561.49,0.0,93340695.0,1231811.0,1.3197,21652.19
CUST-001598,"Cunningham, Murphy and Wolfe",Education,Enterprise,50-249,$10M-$50M,Direct Sales,2023-02-20,Active,True,1914838.95,1212473.47,109,4,4,0,0.0,4,3,0,39.51,2.83,789213.16,7630096.36,2320860.58,0.0,491098377.0,6656125.0,1.3554,109497.92
CUST-001599,Williams Ltd,Healthcare,SMB,5000+,$50M-$250M,Digital,2021-06-25,Active,False,71602.49,44816.25,84,3,3,1,7103.24,1,1,1,39.76,2.24,45947.03,468057.84,158782.22,0.0,32377765.0,407540.0,1.2587,6659.24
CUST-001600,Maddox-Mullins,Manufacturing,Mid-Market,250-999,$1B+,Direct Sales,2023-01-11,Active,False,304544.03,191325.26,45,2,2,1,91867.93,2,1,0,30.56,3.61,90698.7,1052784.15,305607.85,0.0,51972361.0,749504.0,1.4421,13324.5
CUST-001601,"Wagner, Walker and Roberts",Manufacturing,SMB,50-249,$250M-$1B,Marketplace,2025-09-09,Active,False,25846.29,15520.92,24,2,2,1,12533.79,1,1,0,119.53,1.6,15918.43,131267.34,49835.93,0.0,8443113.0,110691.0,1.311,2193.52
CUST-001602,Hernandez-Rogers,Education,SMB,5000+,$10M-$50M,Marketplace,2023-01-05,Active,False,49914.14,31670.65,50,2,2,0,0.0,2,1,0,45.65,3.72,25098.5,295406.43,94110.76,0.0,18597460.0,214193.0,1.1517,3791.13
CUST-001603,Duncan-Williams,Energy,SMB,250-999,<$10M,Marketplace,2024-06-03,Active,False,49060.72,31451.32,30,2,2,1,18756.11,1,1,0,30.52,2.89,17670.49,154367.48,54161.19,0.0,11907315.0,176988.0,1.4864,2440.69
CUST-001604,Baker-Ross,Retail,SMB,50-249,$10M-$50M,Partner,2023-10-11,Active,False,33600.8,20316.32,27,1,1,1,14484.83,1,1,0,30.76,1.75,15403.74,122658.69,53083.24,0.0,10767610.0,120848.0,1.1223,2162.37
CUST-001605,Ayala-Anderson,Transportation,Enterprise,1-49,$10M-$50M,Enterprise Agreement,2021-08-23,Active,True,2367391.52,1480785.28,85,5,5,2,895427.21,11,7,1,46.19,3.51,573640.87,6720406.57,1699448.91,43177.54,368291980.0,4644500.0,1.2611,177053.73
CUST-001606,Castillo and Sons,Professional Services,Enterprise,50-249,<$10M,Digital,2024-02-08,Active,True,1166350.67,721236.04,58,3,3,1,291837.46,9,7,1,59.04,3.1,433696.42,4443010.49,1328567.37,0.0,254293452.0,2981328.0,1.1724,61204.29
CUST-001607,Foster-Duncan,Telecommunications,Strategic,5000+,<$10M,Enterprise Agreement,2025-10-23,Active,False,6772482.63,4214643.47,96,8,8,8,6400238.1,16,12,3,69.64,3.07,1916344.52,18374514.27,6487592.47,0.0,1252057478.0,16925475.0,1.3518,274095.78
CUST-001608,"Gilbert, Fitzgerald and Sanchez",Insurance,SMB,5000+,<$10M,Partner,2023-06-28,Active,True,51504.77,32523.87,36,1,1,0,0.0,1,1,0,48.46,3.62,22338.75,206424.87,66773.98,3573.52,13267198.0,199297.0,1.5022,10952.69
CUST-001609,Adams Group,Transportation,SMB,1000-4999,<$10M,Marketplace,2025-08-12,Active,False,31210.55,20510.32,27,2,2,1,7716.29,2,2,2,82.66,2.46,13895.13,180925.12,44206.11,0.0,10487057.0,128744.0,1.2276,2054.36
CUST-001610,Cohen-Johnston,Telecommunications,Enterprise,250-999,$250M-$1B,Digital,2024-05-28,Active,True,3102129.92,1969090.53,121,6,6,3,797217.49,9,8,2,52.0,3.14,939151.87,7908408.37,2396582.23,30736.6,530087894.0,7146223.0,1.3481,191926.91
CUST-001611,Powers Group,Telecommunications,Mid-Market,1-49,$50M-$250M,Partner,2021-11-25,Active,False,684644.25,433915.07,125,5,5,1,78223.34,4,3,1,37.84,3.54,258020.76,2311141.55,783192.48,0.0,149182859.0,1922081.0,1.2884,35675.99
CUST-001612,Bailey-Flores,Telecommunications,Enterprise,5000+,$1B+,Enterprise Agreement,2022-03-10,Active,True,2273128.99,1413879.19,110,6,6,4,888430.1,7,3,3,34.29,3.82,863602.63,8073668.78,2114410.98,0.0,461176219.0,6365352.0,1.3802,115015.46
CUST-001613,"Rios, Carrillo and Jackson",Banking,Mid-Market,50-249,$250M-$1B,Direct Sales,2024-04-08,Active,False,250568.84,163735.48,38,2,2,0,0.0,8,4,2,28.18,3.82,75093.34,861377.8,241998.29,0.0,50022196.0,612906.0,1.2253,10900.82
CUST-001614,Jensen-Branch,Transportation,Strategic,5000+,$250M-$1B,Enterprise Agreement,2024-03-22,Active,True,15535791.89,9815006.95,176,9,9,5,5603749.13,11,4,0,40.16,3.72,3520844.4,35545041.79,10298592.73,72990.7,2066375563.0,27207194.0,1.3167,651531.72
CUST-001615,Hanson-Alexander,Education,Enterprise,5000+,$1B+,Marketplace,2024-05-28,Active,False,1295590.26,807688.89,53,3,3,1,376209.97,8,5,1,69.27,3.3,385051.16,3327397.52,1201431.83,0.0,218094205.0,2985227.0,1.3688,53323.76
CUST-001616,Gonzalez LLC,Healthcare,SMB,250-999,$10M-$50M,Digital,2022-08-24,Active,False,95231.15,60535.85,84,3,3,1,11151.67,1,1,0,32.45,1.72,50471.24,505225.73,131288.89,0.0,28317408.0,365596.0,1.2911,6866.02
CUST-001617,Todd Inc,Professional Services,SMB,50-249,$250M-$1B,Marketplace,2021-08-25,Active,False,109950.87,68687.8,76,3,3,2,31946.89,2,2,0,64.75,2.0,43364.04,416191.54,138149.96,0.0,28008848.0,357434.0,1.2761,6116.95
CUST-001618,Singh and Sons,Telecommunications,SMB,1000-4999,$1B+,Partner,2021-06-06,Active,False,48424.31,31122.37,37,1,1,0,0.0,1,0,0,3.24,4.17,19317.84,208495.51,63605.81,0.0,13752025.0,210672.0,1.5319,2791.53
CUST-001619,"Mcintosh, Melton and Wilkins",Retail,Mid-Market,5000+,$10M-$50M,Marketplace,2025-08-23,Active,True,118427.79,78053.76,28,2,2,2,96603.16,3,0,0,28.97,4.6,58979.94,545948.86,158175.88,4834.64,41980673.0,616294.0,1.468,18617.97
CUST-001620,Cooper Inc,Manufacturing,Mid-Market,250-999,$50M-$250M,Direct Sales,2022-06-18,Active,True,574109.33,358794.95,85,5,5,2,124199.01,5,4,2,69.92,3.13,171592.46,1688161.41,566213.36,14615.27,111132259.0,1393574.0,1.254,56635.53
CUST-001621,Cole-Johnson,Media,SMB,1000-4999,$10M-$50M,Partner,2021-10-31,Active,False,16846.58,10441.44,25,1,1,0,0.0,0,0,0,0.0,0.0,14418.82,147862.64,42004.21,0.0,9090522.0,107527.0,1.1828,2013.55
CUST-001622,Singh and Sons,Manufacturing,Enterprise,5000+,$250M-$1B,Direct Sales,2023-05-08,Active,True,1775911.32,1112834.65,64,3,3,1,375846.29,9,6,0,33.25,3.3,405885.38,3952422.34,1307718.7,0.0,256897984.0,3315179.0,1.2905,57511.58
CUST-001623,Payne LLC,Professional Services,SMB,50-249,<$10M,Partner,2021-02-19,Active,False,77268.54,50074.68,61,3,3,1,13808.43,2,1,0,45.8,3.79,39552.88,364950.06,107704.35,0.0,21591899.0,290311.0,1.3445,5366.27
CUST-001624,"Webb, Blair and Thomas",Telecommunications,Mid-Market,50-249,$250M-$1B,Enterprise Agreement,2023-05-15,Active,False,243971.92,153348.14,55,4,4,1,68962.8,5,3,0,42.4,3.7,108161.82,1029961.52,389604.75,0.0,72659391.0,876729.0,1.2066,15690.43
CUST-001625,"Barnett, Bennett and Escobar",Telecommunications,SMB,5000+,$1B+,Enterprise Agreement,2025-08-17,Active,True,38670.12,23931.85,41,3,3,2,21525.19,1,1,0,39.23,2.15,25476.37,217416.49,81358.55,0.0,16963450.0,184492.0,1.0876,3541.44
CUST-001626,"Williams, Jackson and Campbell",Education,SMB,1000-4999,$250M-$1B,Marketplace,2022-12-28,Active,True,69582.42,43973.07,63,2,2,1,11695.68,4,1,1,11.13,4.36,38917.88,348744.9,112657.05,0.0,21646632.0,291697.0,1.3475,5326.58
CUST-001627,"Williamson, Brown and Pena",Retail,SMB,5000+,$1B+,Direct Sales,2025-02-11,Active,False,16907.09,10627.73,16,1,1,1,12147.11,1,1,1,31.98,3.21,8245.52,83637.3,21419.82,0.0,7347095.0,98245.0,1.3372,1123.57
CUST-001628,Jones Ltd,Transportation,SMB,1000-4999,$250M-$1B,Digital,2023-01-28,Active,False,57139.49,38159.31,60,2,2,0,0.0,1,1,0,89.16,2.22,36302.46,320187.52,108976.96,0.0,22143716.0,273119.0,1.2334,4997.37
CUST-001629,Alvarado-Durham,Insurance,Mid-Market,50-249,$50M-$250M,Marketplace,2022-07-27,Active,False,546397.14,336751.63,109,5,5,0,0.0,2,2,1,95.48,1.82,236670.17,2065030.88,690911.51,0.0,147062279.0,1909768.0,1.2986,32339.16
CUST-001630,Lin-Smith,Media,SMB,5000+,$250M-$1B,Digital,2023-12-12,Active,False,15381.5,9596.85,13,1,1,0,0.0,0,0,0,0.0,0.0,7704.56,80707.36,26724.81,0.0,3648547.0,47173.0,1.2929,1122.17
CUST-001631,"Hughes, Whitney and Romero",Banking,SMB,50-249,$250M-$1B,Enterprise Agreement,2021-10-21,Active,False,77517.73,47631.43,60,3,3,1,7863.21,4,2,1,61.37,3.76,34404.64,345259.63,118302.43,0.0,21865053.0,271355.0,1.241,4970.07
CUST-001632,"Garcia, Stewart and Delacruz",Manufacturing,SMB,50-249,<$10M,Digital,2022-12-13,Active,False,35134.42,22185.43,46,3,3,1,8683.3,1,1,0,33.24,3.32,29541.44,254641.13,82051.23,0.0,17286962.0,226618.0,1.3109,3988.6
CUST-001633,"Miller, Gonzalez and Rasmussen",Manufacturing,SMB,250-999,$1B+,Direct Sales,2021-12-13,Active,False,85082.36,52979.24,62,3,3,2,30257.24,0,0,0,0.0,0.0,39921.05,353930.91,106949.28,0.0,22012634.0,293342.0,1.3326,5370.26
CUST-001634,"House, Smith and Wright",Healthcare,Enterprise,5000+,$1B+,Partner,2021-07-16,Active,True,1747719.84,1108822.67,90,5,5,1,266374.98,10,6,3,51.08,3.22,627150.85,5688202.85,2161271.02,0.0,394251025.0,5159112.0,1.3086,89432.49
CUST-001635,"Torres, Burns and Garner",Energy,SMB,50-249,<$10M,Marketplace,2024-01-11,Active,False,46287.61,28543.62,62,3,3,2,15803.82,1,0,0,14.02,4.55,36832.94,336374.24,107026.3,0.0,22711444.0,301168.0,1.3261,5057.99
CUST-001636,Reed LLC,Media,Enterprise,1000-4999,$250M-$1B,Enterprise Agreement,2022-08-01,Active,True,1148266.24,727581.67,91,4,4,3,436942.03,5,4,1,64.96,3.21,654912.62,6101238.22,2019553.46,0.0,371925904.0,4679731.0,1.2582,91340.34
CUST-001637,Garrett-Young,Professional Services,SMB,1-49,$250M-$1B,Marketplace,2021-08-13,Active,False,42178.15,26547.61,47,2,2,1,8194.91,2,1,1,85.29,4.09,28186.41,280369.04,90300.95,0.0,20488559.0,271236.0,1.3238,4000.71
CUST-001638,"Hill, Brown and Scott",Professional Services,Mid-Market,1-49,$50M-$250M,Direct Sales,2022-07-25,Active,False,365516.6,228844.81,92,4,4,2,95501.36,3,1,0,59.11,3.64,194002.41,1724967.24,596100.8,0.0,124104386.0,1511139.0,1.2176,26871.53
CUST-001639,Zamora-Briggs,Retail,Enterprise,5000+,$50M-$250M,Digital,2022-11-01,Active,False,2621513.59,1672939.52,114,5,5,2,514796.68,9,6,0,65.18,3.11,806555.88,7252735.61,2593825.88,0.0,483657944.0,6366115.0,1.3162,113033.97
CUST-001640,Raymond LLC,Professional Services,Mid-Market,250-999,<$10M,Marketplace,2021-06-01,Active,False,540417.21,342078.39,99,5,5,3,194484.51,6,3,0,39.66,3.55,191339.15,1909164.29,677825.92,0.0,130244702.0,1658384.0,1.2733,27817.23
CUST-001641,Hernandez Group,Energy,SMB,1-49,<$10M,Partner,2025-09-20,Active,False,47428.0,30048.62,39,3,3,3,42506.5,3,2,0,20.85,3.1,23182.87,232886.12,72152.59,0.0,15824060.0,192528.0,1.2167,3273.83
CUST-001642,"Taylor, Blair and Meyer",Transportation,SMB,50-249,$50M-$250M,Marketplace,2022-03-27,Active,False,86597.7,55629.35,60,3,3,1,19850.52,1,1,0,76.61,2.5,33564.98,336004.33,112729.44,0.0,18534306.0,252784.0,1.3639,4820.06
CUST-001643,"Salazar, Garrett and Perez",Retail,SMB,50-249,<$10M,Enterprise Agreement,2022-08-02,Active,False,28915.73,18865.48,26,2,2,0,0.0,2,2,0,69.57,3.22,15328.75,151649.25,44308.61,0.0,9055473.0,115227.0,1.2725,2125.97
CUST-001644,Berry Group,Education,Enterprise,5000+,$1B+,Partner,2021-05-18,Active,True,3204646.21,2005410.26,136,7,7,2,483038.88,3,2,1,19.48,3.36,920393.6,9837586.1,3013182.07,17702.59,576657928.0,6920907.0,1.2002,171588.13
CUST-001645,Browning-Murphy,Media,Mid-Market,1000-4999,$1B+,Partner,2022-06-23,Active,False,506132.27,318803.01,93,4,4,3,193039.79,4,3,1,42.25,3.08,191973.48,1917688.19,607912.63,0.0,126059381.0,1593795.0,1.2643,27192.2
CUST-001646,"Anderson, Delgado and Carpenter",Manufacturing,Mid-Market,50-249,$50M-$250M,Marketplace,2022-01-04,Active,False,479479.95,301650.74,84,5,5,1,51539.65,4,2,0,43.13,3.74,159611.07,1594535.99,622619.34,0.0,104607587.0,1345309.0,1.2861,23780.33
CUST-001647,"Mcbride, Huffman and Parker",Energy,Mid-Market,1000-4999,$50M-$250M,Direct Sales,2023-01-02,Active,False,215644.49,139256.36,40,3,3,1,67318.05,1,1,0,141.46,2.17,82700.84,779186.77,292060.1,0.0,54300897.0,739893.0,1.3626,11921.98
CUST-001648,"Roach, Browning and Jordan",Telecommunications,SMB,50-249,$250M-$1B,Direct Sales,2023-07-05,Active,False,52527.42,33332.6,36,3,3,2,31030.63,0,0,0,0.0,0.0,19735.99,177902.75,63961.29,0.0,11583761.0,161119.0,1.3909,2771.51
CUST-001649,Douglas PLC,Professional Services,SMB,1000-4999,$10M-$50M,Marketplace,2022-12-13,Active,False,7768.72,4967.33,11,1,1,1,8313.12,4,4,0,63.34,2.59,6963.87,57174.34,23025.87,0.0,4501182.0,63483.0,1.4104,971.25
CUST-001650,Stewart PLC,Healthcare,Enterprise,1-49,$50M-$250M,Digital,2024-11-08,Active,False,1810184.8,1123999.55,87,6,6,2,596889.46,8,6,1,54.08,3.46,655831.71,5715965.08,1924495.66,0.0,350790146.0,4569229.0,1.3026,89701.57
CUST-001651,"Fry, Wilson and Stewart",Telecommunications,Mid-Market,250-999,$50M-$250M,Marketplace,2025-04-30,Active,True,203098.76,125429.38,44,3,3,1,33940.31,8,3,1,32.65,3.66,91553.55,880605.02,266559.47,5179.17,56953673.0,747677.0,1.3128,24060.96
CUST-001652,Acosta LLC,Banking,SMB,250-999,$250M-$1B,Partner,2022-06-18,Active,False,43168.0,27281.87,30,2,2,2,31884.24,2,1,0,54.83,3.48,17842.21,191293.62,52388.62,0.0,10706227.0,140070.0,1.3083,2512.23
CUST-001653,Ali-Turner,Healthcare,SMB,5000+,$10M-$50M,Enterprise Agreement,2023-04-20,Active,False,32120.82,19319.39,39,2,2,2,21092.7,0,0,0,0.0,0.0,24471.74,226564.92,60468.62,0.0,14483987.0,179291.0,1.2379,3260.39
CUST-001654,"Peck, Shannon and Mahoney",Media,SMB,250-999,$10M-$50M,Enterprise Agreement,2024-06-10,Active,True,25053.61,15431.07,13,1,1,0,0.0,3,1,0,9.96,3.97,9788.75,70550.94,22908.93,1055.9,4058859.0,49532.0,1.2203,3574.27
CUST-001655,Hernandez-Lopez,Professional Services,Mid-Market,250-999,$50M-$250M,Enterprise Agreement,2021-07-04,Active,False,213298.57,137590.27,39,3,3,0,0.0,3,2,0,56.36,2.88,92552.25,685302.02,254108.77,0.0,48495517.0,530285.0,1.0935,12241.6
CUST-001656,Lopez PLC,Energy,SMB,50-249,$10M-$50M,Enterprise Agreement,2023-01-12,Active,False,54334.79,33355.6,48,2,2,0,0.0,2,2,1,73.74,3.24,31932.49,264521.15,83792.69,0.0,18590607.0,230643.0,1.2406,4241.16
CUST-001657,"Adams, Bradley and Hall",Telecommunications,SMB,250-999,$250M-$1B,Partner,2021-11-27,Active,False,33157.23,19800.16,35,2,2,1,11167.84,1,0,0,23.13,4.1,21634.84,186713.34,58104.59,0.0,14365141.0,206136.0,1.435,2901.85
CUST-001658,Hall Inc,Banking,Mid-Market,5000+,<$10M,Enterprise Agreement,2021-03-15,Active,False,777781.04,505854.69,107,5,5,3,253754.86,6,2,0,42.25,3.95,229282.94,2178509.26,667669.62,0.0,130560731.0,1722112.0,1.319,31669.05
CUST-001659,Miller-Chan,Manufacturing,SMB,1-49,$10M-$50M,Partner,2022-08-03,Active,True,41895.72,26434.17,30,1,1,1,15997.56,3,0,0,48.09,4.61,17926.58,151200.72,61825.46,0.0,10828825.0,155575.0,1.4367,2533.93
CUST-001660,Shaw PLC,Transportation,SMB,1000-4999,$10M-$50M,Digital,2023-02-13,Active,False,97941.67,61973.7,61,2,2,0,0.0,0,0,0,0.0,0.0,34285.2,335687.77,100558.82,0.0,21850584.0,328468.0,1.5032,4762.66
CUST-001661,Joseph-Brooks,Professional Services,Enterprise,1000-4999,<$10M,Direct Sales,2025-01-18,Active,True,1753902.17,1109756.46,58,4,4,2,697882.99,6,4,1,32.76,3.19,411636.44,3827545.66,1281954.18,14758.53,288076558.0,4134039.0,1.435,89990.6
CUST-001662,Henry-Taylor,Insurance,Enterprise,5000+,$250M-$1B,Partner,2021-11-07,Active,False,3342318.32,2075536.65,152,7,7,4,1024700.98,10,7,3,40.38,2.77,1117289.57,9828446.48,3444185.31,0.0,677461925.0,8526840.0,1.2586,154654.78
CUST-001663,Perez Group,Energy,Enterprise,1-49,$50M-$250M,Digital,2023-05-21,Active,False,1785604.58,1142422.71,96,6,6,5,1087912.46,8,7,1,59.51,2.83,641748.03,6829385.33,2079511.15,0.0,431657779.0,5815880.0,1.3473,92211.21
CUST-001664,Schaefer Group,Media,Mid-Market,1000-4999,$250M-$1B,Digital,2024-09-05,Active,True,126795.88,81104.62,26,2,2,0,0.0,0,0,0,0.0,0.0,53961.34,470443.84,191191.76,5740.68,36600823.0,517629.0,1.4143,20338.85
CUST-001665,Newton and Sons,Manufacturing,Mid-Market,1000-4999,$50M-$250M,Enterprise Agreement,2024-02-23,Active,False,458933.55,291389.15,100,5,5,4,189789.82,4,3,0,71.67,3.17,219176.18,1892256.07,676004.68,0.0,137027940.0,1688407.0,1.2322,30270.38
CUST-001666,Jones Group,Professional Services,Mid-Market,1000-4999,$50M-$250M,Enterprise Agreement,2023-10-15,Active,True,554422.81,349078.17,87,3,3,2,118730.2,3,2,0,77.28,3.44,172582.14,1747664.1,546804.42,10284.7,120314005.0,1547882.0,1.2865,47122.04
CUST-001667,"Burns, Nguyen and Ellis",Technology,Mid-Market,50-249,$250M-$1B,Digital,2021-02-20,Active,True,891780.65,562239.98,132,5,5,1,67842.08,4,1,0,21.76,3.86,270736.9,2701789.94,864006.88,13986.3,177719283.0,2450672.0,1.379,69179.95
CUST-001668,Patterson Inc,Retail,Mid-Market,1-49,<$10M,Enterprise Agreement,2022-11-12,Active,False,187293.67,113681.78,28,2,2,1,69814.79,5,5,1,31.64,2.95,64076.22,560657.99,179020.85,0.0,36948961.0,482174.0,1.305,8678.25
CUST-001669,"Moss, James and Edwards",Retail,SMB,1000-4999,$1B+,Marketplace,2021-06-21,Active,False,19976.08,12575.72,13,1,1,0,0.0,1,1,0,15.67,2.53,8293.32,64346.08,20268.83,0.0,5063485.0,70644.0,1.3952,1077.86
CUST-001670,"Crosby, Armstrong and Herrera",Education,Mid-Market,250-999,$250M-$1B,Digital,2021-05-01,Active,False,288236.07,184477.66,51,3,3,1,78479.38,6,4,1,46.34,2.87,107260.53,1070595.65,298106.21,0.0,62295009.0,895153.0,1.437,14775.53
CUST-001671,"Liu, Buchanan and Meyer",Media,Enterprise,5000+,$250M-$1B,Direct Sales,2024-11-12,Active,True,1214306.22,754156.33,55,3,3,2,474973.36,10,8,1,51.12,2.74,363815.74,3457291.3,1087472.08,0.0,236602576.0,3131534.0,1.3235,50532.86
CUST-001672,Bryant-Rich,Education,SMB,5000+,$250M-$1B,Digital,2025-06-16,Active,False,43615.48,26036.07,48,3,3,3,31151.66,1,1,1,4.59,3.2,27655.66,298183.64,92463.49,0.0,16865009.0,220430.0,1.307,4009.95
CUST-001673,Stone Group,Education,Strategic,5000+,$1B+,Direct Sales,2024-12-22,Active,True,8362787.42,5259555.69,91,5,5,4,4436859.91,17,9,3,45.58,3.67,1853371.4,18448932.38,6021453.97,0.0,1202540346.0,14707469.0,1.223,263915.89
CUST-001674,"Williams, Hughes and Hubbard",Retail,Enterprise,1-49,$10M-$50M,Enterprise Agreement,2023-02-09,Active,False,2711136.33,1685092.41,113,5,5,3,879627.12,4,3,1,42.29,2.71,796133.34,7556461.75,2353325.0,0.0,534520091.0,7065744.0,1.3219,110298.09
CUST-001675,Lee Group,Insurance,Enterprise,1-49,$250M-$1B,Marketplace,2025-11-17,Active,True,798770.12,494803.86,33,3,3,3,804859.25,7,3,2,40.49,3.59,240377.27,2396900.12,758340.33,12999.02,158835999.0,2204804.0,1.3881,62609.05
CUST-001676,Wilkerson-Ayala,Energy,SMB,1000-4999,$250M-$1B,Direct Sales,2025-03-14,Active,False,46774.82,29539.01,45,3,3,1,13272.02,1,1,1,47.69,3.01,28783.2,255539.71,77619.12,0.0,14769314.0,195342.0,1.3226,3877.72
CUST-001677,Murray-Henderson,Transportation,SMB,250-999,$1B+,Digital,2025-01-14,Active,False,21812.98,12983.48,13,1,1,0,0.0,1,1,0,150.07,3.52,6237.18,75190.15,26797.55,0.0,5482666.0,77098.0,1.4062,979.72
CUST-001678,"Ellison, Vaughn and Mckee",Retail,Mid-Market,250-999,$1B+,Partner,2021-12-06,Active,False,135687.46,84760.5,28,2,2,1,51447.83,2,0,0,12.98,4.43,57419.47,494818.33,177725.06,0.0,31773854.0,377202.0,1.1871,7934.71
CUST-001679,Gallegos-Hayes,Education,Enterprise,1000-4999,$10M-$50M,Digital,2022-05-30,Active,False,1501647.31,942018.67,73,5,5,2,506398.58,6,4,3,62.2,3.38,542008.8,4776852.65,1514267.35,0.0,305815769.0,3465623.0,1.1332,73477.18
CUST-001680,"Mason, White and Richards",Education,Enterprise,1-49,$50M-$250M,Marketplace,2025-01-04,Active,True,1251066.25,793081.23,55,3,3,2,480677.61,3,1,1,52.83,4.27,438462.83,4195266.03,1222538.15,0.0,232206961.0,3098242.0,1.3343,60077.85
CUST-001681,"Payne, Long and Morris",Manufacturing,SMB,50-249,$10M-$50M,Direct Sales,2021-01-12,Active,True,122180.76,81080.85,82,3,3,2,34401.84,0,0,0,0.0,0.0,45834.32,489790.19,150741.41,0.0,29131606.0,341404.0,1.1719,6612.48
CUST-001682,White PLC,Education,Mid-Market,5000+,$10M-$50M,Direct Sales,2024-07-03,Active,True,667781.32,419050.9,106,5,5,3,253779.32,3,3,1,103.62,2.37,202629.15,2023502.03,670161.45,0.0,141036308.0,1783306.0,1.2644,28985.11
CUST-001683,"Huang, Khan and Davis",Transportation,SMB,1-49,$10M-$50M,Digital,2022-12-08,Active,False,23057.09,14985.79,24,1,1,0,0.0,3,1,2,11.37,4.12,15309.77,133027.09,50298.88,0.0,7931812.0,96131.0,1.212,2146.76
CUST-001684,Holt-Meadows,Telecommunications,SMB,5000+,$250M-$1B,Digital,2022-09-19,Active,False,77656.11,48949.2,49,2,2,1,10940.51,1,1,0,6.74,3.71,29398.16,254921.35,71824.91,0.0,20138118.0,252973.0,1.2562,3874.01
CUST-001685,Higgins Inc,Media,Mid-Market,50-249,<$10M,Partner,2021-06-08,Active,False,453897.08,290071.59,90,5,5,3,166430.12,6,3,1,26.6,3.27,191097.5,1865557.13,612941.5,0.0,117326181.0,1378965.0,1.1753,27059.34
CUST-001686,Wilson Group,Energy,SMB,5000+,$250M-$1B,Digital,2021-09-17,Active,False,35486.14,22672.75,24,1,1,0,0.0,0,0,0,0.0,0.0,15467.25,138136.86,41607.8,0.0,8681449.0,91539.0,1.0544,2084.6
CUST-001687,"Cox, Mills and Cruz",Professional Services,Mid-Market,5000+,$250M-$1B,Partner,2025-07-12,Active,False,369295.7,232039.97,70,5,5,4,261717.34,3,3,3,59.06,2.16,132396.48,1307965.99,466919.68,0.0,94936884.0,1085784.0,1.1437,19200.79
CUST-001688,"Salazar, Moore and Pierce",Media,SMB,50-249,$10M-$50M,Partner,2021-07-07,Active,False,36159.52,22645.76,40,2,2,2,26195.52,2,1,1,4.94,2.94,21090.63,249342.34,63764.42,0.0,16267657.0,200172.0,1.2305,3034.57
CUST-001689,Tate LLC,Retail,Mid-Market,5000+,$250M-$1B,Marketplace,2021-04-17,Active,False,297727.73,192713.39,47,3,3,3,208740.03,4,4,0,52.17,3.44,99313.22,885606.75,279081.25,0.0,65768948.0,923104.0,1.4036,13499.99
CUST-001690,"Savage, Huffman and Martin",Insurance,Mid-Market,50-249,$1B+,Marketplace,2025-04-06,Active,False,236828.53,148989.17,54,3,3,3,148264.85,5,2,0,21.46,3.46,111603.16,890726.98,365853.72,0.0,70874244.0,929005.0,1.3108,15484.14
CUST-001691,White Ltd,Manufacturing,SMB,5000+,$50M-$250M,Enterprise Agreement,2022-12-29,Active,False,66486.67,42404.99,45,2,2,1,19732.44,0,0,0,0.0,0.0,25947.6,268927.88,72158.3,0.0,15475040.0,197386.0,1.2755,3594.85
CUST-001692,Barnes LLC,Transportation,SMB,250-999,$10M-$50M,Marketplace,2021-12-07,Active,False,35968.12,22615.2,43,3,3,1,9067.61,1,1,0,142.7,2.19,27414.15,271712.32,75764.95,0.0,16558920.0,201684.0,1.218,3768.31
CUST-001693,"Mack, Griffin and Sims",Transportation,Mid-Market,1-49,$1B+,Marketplace,2022-05-29,Active,False,230190.68,142843.14,35,3,3,1,87355.43,5,4,2,37.55,2.95,71538.92,706259.43,269345.71,0.0,47268592.0,674205.0,1.4263,10544.45
CUST-001694,Roach and Sons,Education,Mid-Market,250-999,$250M-$1B,Partner,2023-01-19,Active,True,259006.79,162376.82,44,3,3,2,154248.94,2,2,1,31.65,2.71,91722.92,875429.76,288136.26,0.0,55906746.0,694078.0,1.2415,12887.14
CUST-001695,Dean LLC,Professional Services,Mid-Market,1-49,$10M-$50M,Marketplace,2022-01-02,Active,False,221959.28,137883.28,50,2,2,2,100813.96,1,1,1,91.26,2.9,97663.37,923719.7,329435.1,0.0,59301529.0,758058.0,1.2783,13931.54
CUST-001696,Ellis Group,Telecommunications,SMB,1-49,$50M-$250M,Digital,2022-09-28,Active,True,73836.84,45391.55,51,3,3,0,0.0,1,1,0,31.28,3.41,32543.65,295356.28,90420.57,0.0,19743458.0,247940.0,1.2558,4423.65
CUST-001697,"Aguirre, Franklin and Snyder",Transportation,Mid-Market,250-999,$250M-$1B,Marketplace,2021-03-10,Active,False,479154.78,294331.1,95,4,4,2,99843.43,4,1,0,43.72,4.16,186653.54,1837146.56,630003.86,0.0,122525529.0,1583477.0,1.2924,26773.04
CUST-001698,Chapman Group,Media,SMB,1-49,$250M-$1B,Enterprise Agreement,2021-04-28,Active,False,93292.88,57462.53,61,3,3,1,14460.4,1,1,0,81.61,2.46,35164.32,324031.08,121701.11,0.0,26526493.0,355740.0,1.3411,5030.13
CUST-001699,Ortiz-Miller,Transportation,Mid-Market,5000+,<$10M,Direct Sales,2025-03-16,Active,True,227081.98,143630.05,44,3,3,3,179404.05,7,5,1,33.98,3.12,78443.54,860371.01,287609.37,0.0,59470705.0,819791.0,1.3785,11656.82
CUST-001700,"Smith, Khan and Ramirez",Professional Services,SMB,50-249,$10M-$50M,Direct Sales,2021-11-10,Active,False,35242.18,21822.9,31,1,1,1,13321.13,0,0,0,0.0,0.0,17010.36,158805.17,60840.69,0.0,11793915.0,147266.0,1.2487,2456.86
CUST-001701,"Grant, Bryan and Williams",Professional Services,SMB,1-49,$50M-$250M,Direct Sales,2024-07-29,Active,True,58621.85,36617.08,52,2,2,1,15169.36,2,1,0,45.77,3.33,31864.48,297637.11,96803.98,2770.87,17401734.0,226387.0,1.3009,10526.95
CUST-001702,Brown LLC,Transportation,Enterprise,5000+,<$10M,Digital,2022-02-02,Active,False,1736357.13,1111149.0,87,3,3,1,268946.77,6,5,3,23.91,3.14,595175.68,6149181.95,1968987.61,0.0,372085651.0,4666361.0,1.2541,85554.28
CUST-001703,Thomas Inc,Media,Enterprise,250-999,$1B+,Direct Sales,2021-12-13,Active,False,3572767.4,2224530.16,140,6,6,1,148452.95,11,7,2,58.9,3.5,1001339.97,10431036.01,3364919.29,0.0,608247227.0,7918568.0,1.3019,144632.11
CUST-001704,"Lane, Morrison and Rivera",Transportation,Strategic,1-49,<$10M,Partner,2024-09-29,Active,True,14568673.55,9095329.76,138,9,9,6,8051829.43,21,14,1,58.99,3.12,2919481.08,26829755.16,8865728.1,106104.6,1843437505.0,24254062.0,1.3157,638500.45
CUST-001705,Williams Group,Insurance,Enterprise,50-249,$250M-$1B,Direct Sales,2022-07-01,Active,True,2803369.59,1774053.67,128,5,5,1,425061.69,8,6,1,48.33,2.79,893696.34,9008392.67,3107341.39,37007.9,541079882.0,7244797.0,1.339,210940.03
CUST-001706,Martin LLC,Retail,SMB,1-49,$50M-$250M,Digital,2023-04-19,Active,False,84017.34,54142.11,63,3,3,1,13961.51,0,0,0,0.0,0.0,38183.44,364148.1,115244.0,0.0,18650282.0,250593.0,1.3436,5317.34
CUST-001707,"Guerrero, Graves and Armstrong",Professional Services,Mid-Market,1-49,$1B+,Marketplace,2024-03-09,Active,False,283915.34,176584.68,39,3,3,0,0.0,3,2,0,29.48,2.91,78618.89,938429.49,249269.88,0.0,52164378.0,682367.0,1.3081,11445.35
CUST-001708,"Thompson, Gibson and Riley",Retail,SMB,250-999,$1B+,Direct Sales,2021-06-26,Active,False,99162.55,62381.16,62,3,3,1,16594.67,2,2,1,96.59,3.41,38335.11,343547.39,104483.43,0.0,22753451.0,255969.0,1.125,5182.1
CUST-001709,Davis LLC,Education,Enterprise,1-49,$10M-$50M,Digital,2023-02-07,Active,True,4051981.83,2543501.5,156,7,7,4,1403269.05,9,5,1,45.77,3.2,1132444.77,10795369.98,3357532.93,22629.73,673653568.0,8585311.0,1.2744,206871.7
CUST-001710,Richardson-Gray,Healthcare,Enterprise,50-249,$50M-$250M,Direct Sales,2025-11-06,Active,False,1808551.65,1143271.32,75,7,7,7,1918479.77,8,5,1,50.23,3.37,522481.16,5032315.49,1581292.36,0.0,320669489.0,3963673.0,1.2361,72900.87
CUST-001711,Chang PLC,Media,SMB,250-999,$250M-$1B,Partner,2021-10-15,Active,False,26238.02,16768.01,34,2,2,2,17443.85,2,2,0,78.87,2.63,18280.15,175483.73,61240.83,0.0,12293239.0,155645.0,1.2661,2608.62
CUST-001712,Carter and Sons,Manufacturing,Enterprise,250-999,$250M-$1B,Digital,2021-12-29,Active,False,1645104.51,1044250.31,81,5,5,1,263911.76,9,2,0,31.68,4.24,525830.83,5572608.0,1752084.36,0.0,353002664.0,4772264.0,1.3519,75990.95
CUST-001713,Neal LLC,Transportation,SMB,5000+,$250M-$1B,Partner,2022-12-16,Active,False,55425.74,34233.04,37,3,3,1,12126.25,4,2,0,47.51,3.0,21946.09,207477.79,65900.37,0.0,13425678.0,163345.0,1.2167,3049.06
CUST-001714,Rose-Warren,Media,SMB,50-249,$250M-$1B,Digital,2024-01-07,Active,False,61675.04,38879.27,41,3,3,2,37928.27,0,0,0,0.0,0.0,22459.27,235983.12,78278.55,0.0,14669690.0,184730.0,1.2593,3275.86
CUST-001715,"Clark, Brown and Duncan",Telecommunications,Mid-Market,5000+,$1B+,Digital,2022-03-01,Active,False,278366.13,176349.38,62,4,4,1,44505.49,4,4,1,94.28,2.45,128133.53,1238875.83,400181.1,0.0,87885399.0,1092105.0,1.2426,18011.49
CUST-001716,"Rice, Miller and Ramsey",Manufacturing,SMB,1-49,<$10M,Enterprise Agreement,2023-08-16,Active,False,8275.02,5208.61,13,1,1,0,0.0,0,0,0,0.0,0.0,8176.19,63614.87,12628.54,0.0,4843825.0,71393.0,1.4739,989.38
CUST-001717,"Peck, Andersen and Mitchell",Media,Mid-Market,250-999,$50M-$250M,Enterprise Agreement,2023-08-15,Active,False,450911.4,279104.06,86,5,5,0,0.0,1,0,0,17.84,4.05,175082.69,1617572.45,520868.98,0.0,110971784.0,1475292.0,1.3294,24201.17
CUST-001718,"Abbott, Green and Andrews",Professional Services,SMB,1-49,$50M-$250M,Direct Sales,2022-10-23,Active,False,45073.29,27788.86,30,2,2,1,16635.01,4,3,1,66.33,2.95,18882.16,163028.99,46321.51,0.0,10278737.0,158473.0,1.5418,2488.71
CUST-001719,"Gomez, Anderson and Hart",Insurance,SMB,50-249,$50M-$250M,Digital,2024-08-19,Active,False,28971.56,18453.89,32,2,2,2,21513.93,2,2,1,130.94,2.53,18709.5,177370.12,55220.26,0.0,10543890.0,150682.0,1.4291,2590.91
CUST-001720,"Daniel, Jimenez and Morton",Education,SMB,5000+,$250M-$1B,Enterprise Agreement,2021-02-14,Active,False,40586.83,25620.8,28,2,2,2,32426.29,4,3,0,39.72,2.65,17653.87,158199.92,46640.57,0.0,9383136.0,122885.0,1.3096,2371.6
CUST-001721,"Hall, Roberts and Lee",Healthcare,Mid-Market,250-999,$50M-$250M,Enterprise Agreement,2023-08-28,Active,False,600789.52,380142.43,94,4,4,1,79533.3,3,2,0,33.88,3.48,194591.34,1962503.98,590949.64,0.0,110560107.0,1291934.0,1.1685,27347.74
CUST-001722,Johnson Ltd,Healthcare,SMB,5000+,<$10M,Marketplace,2021-03-24,Active,False,36806.22,23591.38,38,2,2,0,0.0,3,0,0,37.25,4.61,21838.32,183820.08,70931.57,0.0,15001973.0,188937.0,1.2594,3042.34
CUST-001723,Mclaughlin and Sons,Media,Mid-Market,1-49,$10M-$50M,Enterprise Agreement,2023-04-01,Active,False,444880.72,281397.17,93,5,5,3,194094.1,4,2,3,14.45,3.59,185632.46,1778447.24,591576.37,0.0,133855190.0,1787835.0,1.3356,26179.86
CUST-001724,"Duarte, Gutierrez and Cook",Energy,SMB,50-249,$1B+,Partner,2024-11-29,Active,False,86587.87,53452.89,60,3,3,3,48939.31,0,0,0,0.0,0.0,38134.24,367261.91,107304.53,0.0,24639650.0,300790.0,1.2208,5239.57
CUST-001725,"Shaffer, Lewis and Davidson",Insurance,SMB,250-999,$10M-$50M,Digital,2021-04-21,Active,False,43942.62,27384.69,26,2,2,0,0.0,1,1,0,47.73,3.38,15264.63,176642.01,49680.42,0.0,8468621.0,121121.0,1.4302,2223.97
CUST-001726,"Campbell, Tyler and Parker",Retail,Mid-Market,50-249,$10M-$50M,Digital,2024-09-10,Active,False,558762.88,348992.74,101,5,5,2,134266.73,5,3,0,44.3,3.43,213434.82,2017438.17,683976.58,0.0,139484912.0,1903937.0,1.365,30083.97
CUST-001727,"Pierce, Wang and Wilson",Technology,SMB,1-49,$10M-$50M,Partner,2022-02-21,Active,False,81316.5,51925.58,59,2,2,1,17599.12,2,1,1,26.65,3.5,39237.92,321716.82,89048.51,0.0,19878915.0,265020.0,1.3332,5065.27
CUST-001728,Peterson-Ramsey,Telecommunications,Mid-Market,1-49,$250M-$1B,Enterprise Agreement,2021-11-23,Active,True,343507.86,219077.67,70,2,2,1,63025.09,3,3,0,70.35,2.21,155038.74,1336402.6,403715.66,0.0,101851043.0,1462860.0,1.4363,20663.65
CUST-001729,"Choi, Collier and Lee",Technology,Mid-Market,1000-4999,$10M-$50M,Direct Sales,2024-09-30,Active,False,333616.78,213744.84,51,3,3,1,87049.49,6,3,1,20.88,3.63,109243.16,917624.55,282954.96,0.0,61762274.0,763567.0,1.2363,14496.72
CUST-001730,Nielsen-Mendoza,Technology,SMB,250-999,$50M-$250M,Marketplace,2021-10-01,Active,False,68262.87,41117.98,48,2,2,0,0.0,3,0,0,31.74,4.81,29885.37,249438.9,81212.92,0.0,17304756.0,237146.0,1.3704,4000.85
CUST-001731,Robles-Brewer,Transportation,Mid-Market,5000+,<$10M,Partner,2023-09-28,Active,True,382464.55,249807.64,61,3,3,2,159684.03,6,5,0,55.72,2.65,133847.75,1180878.59,405347.09,8716.87,71262737.0,846069.0,1.1873,37638.65
CUST-001732,Moore-Murray,Telecommunications,Enterprise,250-999,$1B+,Direct Sales,2023-01-26,Active,False,1354860.09,857608.12,68,3,3,1,303635.99,7,7,2,62.25,2.46,479281.69,4437631.37,1567045.93,0.0,304482024.0,4203073.0,1.3804,67681.25
CUST-001733,"Huang, Ford and Olsen",Healthcare,Mid-Market,50-249,$250M-$1B,Partner,2024-08-15,Active,False,492565.63,314456.94,98,4,4,2,158502.67,6,5,1,64.25,3.34,211010.72,1915907.96,621942.85,0.0,125540828.0,1631406.0,1.2995,29042.16
CUST-001734,"Brown, Meyer and Cunningham",Technology,SMB,50-249,$250M-$1B,Partner,2022-11-27,Active,False,59790.15,37457.74,47,2,2,1,13061.63,2,1,0,38.79,3.9,28909.6,287363.45,84960.38,0.0,17530093.0,223867.0,1.277,4026.05
CUST-001735,"Stewart, Herrera and Clark",Banking,SMB,250-999,$250M-$1B,Partner,2023-09-12,Active,False,15378.02,9690.12,13,1,1,0,0.0,1,1,0,35.85,2.22,9210.8,81561.98,21674.45,0.0,4691211.0,79940.0,1.704,1208.69
CUST-001736,"Rivera, Hendricks and Flynn",Education,SMB,1-49,$50M-$250M,Direct Sales,2021-08-06,Active,False,73089.22,45379.36,54,3,3,2,27311.81,1,0,1,39.28,4.65,32793.46,336379.58,109717.89,0.0,20445159.0,298375.0,1.4594,4721.29
CUST-001737,Montes LLC,Retail,Mid-Market,250-999,$10M-$50M,Enterprise Agreement,2021-01-26,Active,False,388847.17,241622.64,86,4,4,2,124353.87,3,3,0,33.45,2.95,167210.92,1539766.15,504715.71,0.0,104684692.0,1392713.0,1.3304,23175.6
CUST-001738,Morgan Group,Transportation,Mid-Market,1000-4999,$250M-$1B,Direct Sales,2023-09-23,Active,False,379419.65,234569.45,86,5,5,0,0.0,4,3,1,38.99,2.65,195602.05,1715046.5,579045.83,0.0,116905019.0,1389717.0,1.1888,26824.77
CUST-001739,"Ferguson, Martin and Obrien",Media,SMB,1000-4999,$1B+,Digital,2021-08-26,Active,False,10807.1,7004.89,12,1,1,0,0.0,2,2,0,39.65,2.27,6421.08,57938.35,17829.43,0.0,4462661.0,50603.0,1.1339,872.2
CUST-001740,Larson LLC,Insurance,Enterprise,50-249,$250M-$1B,Enterprise Agreement,2023-01-18,Active,False,2406814.31,1476714.55,122,6,6,5,1150337.56,6,6,1,37.45,3.12,823555.92,8650823.9,2722238.44,0.0,535883831.0,7058709.0,1.3172,118643.77
CUST-001741,"Hodge, Mckinney and Nelson",Telecommunications,Enterprise,5000+,$50M-$250M,Partner,2021-01-15,Active,True,1904794.42,1202764.35,108,5,5,3,760343.99,12,7,2,41.98,3.35,789010.47,7535205.29,2433006.51,21086.41,503937665.0,6942313.0,1.3776,156801.33
CUST-001742,Crawford and Sons,Technology,Mid-Market,1-49,$250M-$1B,Digital,2023-07-21,Active,False,105995.29,66006.43,26,2,2,0,0.0,3,2,0,96.22,3.19,45426.51,543220.63,191339.4,0.0,40296361.0,570724.0,1.4163,7088.27
CUST-001743,Hayes-Sampson,Media,SMB,250-999,$50M-$250M,Marketplace,2021-04-13,Active,False,49860.29,30544.44,38,2,2,0,0.0,2,0,0,37.73,4.22,25902.97,213684.03,67154.54,0.0,13061895.0,174930.0,1.3392,3430.14
CUST-001744,Warren and Sons,Energy,SMB,250-999,$10M-$50M,Digital,2021-02-18,Active,False,48894.13,31610.53,31,2,2,1,20718.73,3,3,0,70.2,3.14,16972.05,143060.64,60453.48,0.0,10420613.0,119987.0,1.1514,2418.01
CUST-001745,Brooks Inc,Transportation,SMB,1-49,$1B+,Direct Sales,2022-09-02,Active,False,63230.48,40183.12,56,2,2,2,26032.43,3,3,0,57.19,2.95,35466.96,317629.38,99547.4,0.0,22820798.0,266784.0,1.169,4822.44
CUST-001746,Gentry Group,Healthcare,SMB,50-249,<$10M,Enterprise Agreement,2023-03-23,Active,False,41359.44,26500.17,25,1,1,0,0.0,0,0,0,0.0,0.0,14402.74,121568.45,39384.86,0.0,9036006.0,118776.0,1.3145,1933.26
CUST-001747,"Johnson, Webb and Porter",Manufacturing,SMB,250-999,$250M-$1B,Enterprise Agreement,2023-06-02,Active,False,19068.56,12452.06,11,1,1,1,20055.03,1,1,0,24.03,3.8,7532.7,59231.46,17136.66,0.0,4546164.0,48790.0,1.0732,967.68
CUST-001748,Peterson Group,Insurance,SMB,250-999,$50M-$250M,Direct Sales,2021-03-25,Active,False,100580.92,64415.49,59,3,3,1,19802.51,3,1,0,46.37,4.14,34188.49,322296.08,96462.62,0.0,22035286.0,295533.0,1.3412,4686.22
CUST-001749,"Russo, Collins and Murphy",Technology,SMB,5000+,<$10M,Digital,2021-07-27,Active,False,84702.03,55309.89,62,3,3,2,30626.9,2,2,0,14.15,2.33,37193.3,349671.18,110415.64,0.0,22368780.0,323029.0,1.4441,5150.95
CUST-001750,Short PLC,Retail,Enterprise,250-999,<$10M,Marketplace,2021-02-15,Active,True,2580458.9,1623982.71,83,3,3,1,464898.6,11,10,3,42.82,2.81,580156.25,5666865.26,1629887.83,73560.55,365553314.0,5197570.0,1.4218,241680.25
CUST-001751,"Haney, Harris and Johnson",Media,Strategic,5000+,$1B+,Partner,2022-09-13,Active,True,9322124.65,5693718.62,113,6,6,2,1688592.15,17,11,1,56.58,3.1,2456069.86,22072852.05,7749978.01,50399.23,1334602969.0,16230396.0,1.2161,453570.32
CUST-001752,Reeves-Boyd,Healthcare,Mid-Market,1000-4999,$50M-$250M,Partner,2023-08-27,Active,False,452901.77,282833.76,74,4,4,4,278483.81,3,3,0,49.74,2.33,167441.82,1414346.84,443673.74,0.0,91949039.0,1137395.0,1.237,22334.97
CUST-001753,Collins Inc,Retail,SMB,250-999,$50M-$250M,Direct Sales,2023-03-28,Active,True,56886.39,35755.3,36,2,2,0,0.0,0,0,0,0.0,0.0,22859.58,234321.69,70386.57,2258.2,16003631.0,204743.0,1.2794,8197.91
CUST-001754,"Charles, Wiggins and Cook",Retail,SMB,250-999,$50M-$250M,Marketplace,2024-09-07,Active,False,20988.27,13184.32,25,1,1,0,0.0,0,0,0,0.0,0.0,16223.06,134539.83,47115.93,0.0,8794625.0,110229.0,1.2534,2200.24
CUST-001755,Garcia Ltd,Healthcare,Mid-Market,1-49,$50M-$250M,Partner,2022-03-30,Active,False,389274.22,246256.45,64,3,3,3,196058.72,8,6,1,60.69,2.78,124515.35,1292594.52,366789.71,0.0,93663906.0,1147888.0,1.2255,17459.33
CUST-001756,"Edwards, Lane and Collins",Education,SMB,5000+,$250M-$1B,Enterprise Agreement,2024-06-01,Active,False,15084.37,9729.55,17,1,1,1,10271.63,2,2,1,115.69,3.58,12259.49,95767.34,30364.44,0.0,6655138.0,85050.0,1.278,1598.66
CUST-001757,Flores and Sons,Banking,SMB,250-999,$50M-$250M,Digital,2024-02-17,Active,False,67064.21,42422.48,64,3,3,2,25576.04,1,1,0,116.8,3.0,37012.67,371429.36,104733.65,0.0,22149792.0,262444.0,1.1849,5121.2
CUST-001758,Hill-Flores,Professional Services,SMB,1000-4999,$10M-$50M,Enterprise Agreement,2025-10-16,Active,False,21202.68,13432.74,12,1,1,1,20022.97,2,1,0,39.83,3.91,6407.08,66842.62,22986.78,0.0,4410455.0,62125.0,1.4086,940.24
CUST-001759,Lambert-Nelson,Banking,Mid-Market,5000+,<$10M,Marketplace,2023-04-06,Active,False,718305.45,449017.97,113,5,5,2,137951.32,2,2,1,41.56,2.55,240794.87,2350549.33,657883.57,0.0,153316744.0,1835015.0,1.1969,32951.59
CUST-001760,Hill Inc,Energy,Mid-Market,250-999,$50M-$250M,Digital,2025-03-12,Active,True,417817.05,266229.21,89,5,5,4,212082.38,5,4,1,43.68,3.17,196557.85,1823333.2,509770.73,0.0,114435636.0,1484154.0,1.2969,26434.73
CUST-001761,"Castro, Garcia and Daniels",Retail,Enterprise,5000+,$1B+,Partner,2021-03-02,Active,False,2151594.91,1350117.47,106,5,5,3,700791.0,10,6,2,48.41,3.6,748204.59,7427379.39,2305871.66,0.0,440723150.0,5079886.0,1.1526,105252.0
CUST-001762,"Flores, Thomas and Bush",Banking,Mid-Market,250-999,$1B+,Marketplace,2025-04-16,Active,False,183674.73,115857.33,31,2,2,1,65794.69,2,0,0,12.12,4.38,57108.1,601122.23,195704.79,0.0,37206309.0,441497.0,1.1866,8298.92
CUST-001763,Andrews-Jackson,Technology,Strategic,5000+,<$10M,Direct Sales,2021-09-27,Active,False,14593269.96,9215614.92,151,6,6,3,2815125.54,19,12,1,33.4,3.57,2991866.77,30241424.73,9104544.54,0.0,1996875405.0,25989761.0,1.3015,420796.25
CUST-001764,Austin-Morgan,Manufacturing,SMB,50-249,$10M-$50M,Marketplace,2024-03-14,Active,False,18361.38,11295.71,12,1,1,1,17303.03,0,0,0,0.0,0.0,7117.12,54262.2,23033.59,0.0,3225803.0,39690.0,1.2304,979.37
CUST-001765,Williams-Johnson,Media,Mid-Market,250-999,$50M-$250M,Digital,2023-05-07,Active,False,521838.59,336194.45,84,3,3,1,50049.91,6,4,1,43.16,3.38,159063.32,1686681.69,517102.1,0.0,121259124.0,1582833.0,1.3053,22860.18
CUST-001766,"Williams, Reyes and Miller",Transportation,Mid-Market,250-999,$1B+,Enterprise Agreement,2024-07-20,Active,False,133510.5,84049.21,38,2,2,0,0.0,2,1,0,88.83,3.58,78505.24,681183.89,267162.55,0.0,43489691.0,676410.0,1.5553,11099.48
CUST-001767,White-Carlson,Education,Mid-Market,250-999,$250M-$1B,Partner,2023-10-11,Active,False,461390.91,286849.2,77,4,4,2,145500.01,0,0,0,0.0,0.0,159866.35,1495696.68,484801.05,0.0,100277149.0,1288287.0,1.2847,22227.31
CUST-001768,"Soto, Vaughn and Griffin",Energy,Enterprise,250-999,$250M-$1B,Partner,2021-01-07,Active,True,2190507.98,1352035.57,76,4,4,2,694300.6,5,1,1,30.47,4.47,497479.98,5274692.5,1860574.33,41586.25,313514887.0,3883691.0,1.2388,165418.12
CUST-001769,Edwards-Roth,Technology,Mid-Market,1000-4999,$250M-$1B,Partner,2024-08-30,Active,False,387018.33,237959.21,77,5,5,3,171254.66,6,5,0,62.44,2.69,168354.01,1509625.11,526417.19,0.0,98725529.0,1263843.0,1.2802,23435.3
CUST-001770,"Chang, Lamb and Miller",Media,Mid-Market,5000+,<$10M,Enterprise Agreement,2024-06-02,Active,True,541238.22,339427.36,76,4,4,2,143788.87,4,2,0,38.82,3.99,154797.66,1363329.2,476277.75,10027.78,105365372.0,1436680.0,1.3635,43482.46
CUST-001771,Bradley-Davis,Media,Mid-Market,50-249,$10M-$50M,Enterprise Agreement,2022-10-28,Active,False,367650.13,229489.27,82,4,4,2,108017.97,1,0,0,22.69,4.08,178878.29,1613000.58,494530.22,0.0,99437429.0,1366239.0,1.374,24270.4
CUST-001772,"Mcdonald, Bryant and Cohen",Banking,Mid-Market,5000+,$250M-$1B,Enterprise Agreement,2023-01-29,Active,True,271181.73,173266.24,49,2,2,0,0.0,5,3,1,50.03,3.2,90815.21,918225.96,304696.59,0.0,57543304.0,815122.0,1.4165,13056.82
CUST-001773,"Miranda, Ruiz and Meza",Education,Mid-Market,250-999,$10M-$50M,Partner,2021-11-27,Active,False,546168.08,343338.87,96,4,4,2,154585.03,2,1,2,39.89,3.19,206748.63,1890284.0,629833.57,0.0,108830631.0,1505546.0,1.3834,28686.28
CUST-001774,Callahan PLC,Insurance,Mid-Market,1-49,$10M-$50M,Enterprise Agreement,2022-08-24,Active,False,765173.38,483338.64,120,4,4,0,0.0,2,1,0,6.74,3.96,237359.7,2525287.93,739254.37,0.0,167559854.0,2115225.0,1.2624,33805.73
CUST-001775,Durham-Myers,Healthcare,Mid-Market,50-249,$250M-$1B,Enterprise Agreement,2023-06-28,Active,False,311523.87,196534.83,56,2,2,1,45971.74,5,2,1,75.64,3.82,121077.24,1220243.35,327962.28,0.0,68109727.0,862036.0,1.2657,16616.88
CUST-001776,"Stark, Rivera and Valencia",Retail,Mid-Market,50-249,$250M-$1B,Direct Sales,2025-11-22,Active,False,293433.08,183384.96,55,5,5,5,292929.66,3,3,1,99.62,2.46,109012.59,1085423.24,363672.57,0.0,63288190.0,791854.0,1.2512,15618.75
CUST-001777,Chavez-Johnson,Energy,SMB,1000-4999,$250M-$1B,Direct Sales,2023-04-13,Active,False,42354.67,26746.93,28,2,2,1,18431.98,2,1,1,43.55,3.37,17819.74,166333.72,48486.43,0.0,9398592.0,127638.0,1.3581,2421.3
CUST-001778,Rodriguez-Mendoza,Insurance,Enterprise,5000+,$1B+,Direct Sales,2024-01-06,Active,False,1728758.66,1055041.16,67,3,3,1,174568.87,8,5,3,34.47,3.35,448218.07,4657630.16,1352321.03,0.0,292527592.0,3617943.0,1.2368,63177.94
CUST-001779,Campbell LLC,Professional Services,Mid-Market,1-49,$50M-$250M,Marketplace,2023-03-27,Active,False,340456.62,215787.78,73,4,4,0,0.0,6,4,1,62.04,3.33,151422.69,1433218.23,477361.9,0.0,87716566.0,991242.0,1.1301,21267.89
CUST-001780,"Andrews, Romero and Sullivan",Technology,Mid-Market,1-49,<$10M,Partner,2023-06-21,Active,False,775120.45,486462.76,116,5,5,4,298605.37,1,0,0,14.11,4.54,249665.49,2202090.59,831683.66,0.0,134496257.0,1647569.0,1.225,35190.61
CUST-001781,"Robles, Nguyen and Banks",Professional Services,Enterprise,50-249,$50M-$250M,Marketplace,2021-08-17,Active,False,1885431.7,1184157.75,84,6,6,2,679828.02,8,5,0,70.39,3.64,624207.52,5423112.62,1927039.72,0.0,393483104.0,5083834.0,1.292,86295.58
CUST-001782,Patel-Morales,Education,Mid-Market,50-249,$50M-$250M,Direct Sales,2025-06-18,Active,False,116450.4,73993.4,26,2,2,0,0.0,7,5,2,36.46,3.05,57573.84,489386.68,197480.6,0.0,32162907.0,364042.0,1.1319,8135.19
CUST-001783,Allen-Sanchez,Education,SMB,50-249,$50M-$250M,Digital,2024-12-23,Active,False,10337.81,6896.61,11,1,1,1,11001.46,0,0,0,0.0,0.0,5867.81,60170.38,20871.07,0.0,4029711.0,45073.0,1.1185,857.22
CUST-001784,Dickson Group,Professional Services,SMB,250-999,$1B+,Digital,2023-07-12,Active,False,60026.05,37045.3,37,2,2,0,0.0,1,1,0,27.02,3.75,24755.09,210213.71,72627.11,0.0,12179524.0,167377.0,1.3742,3374.63
CUST-001785,Peterson Ltd,Banking,Mid-Market,50-249,$50M-$250M,Enterprise Agreement,2022-08-14,Active,True,302222.15,185758.27,41,2,2,2,158372.68,1,1,1,129.77,1.63,87794.92,821856.39,263263.13,0.0,51436133.0,620529.0,1.2064,12177.83
CUST-001786,"Reynolds, Baird and Bradley",Retail,SMB,5000+,$50M-$250M,Marketplace,2025-01-06,Active,False,20027.55,13673.79,21,1,1,1,11029.05,1,0,0,33.14,4.51,11127.87,129659.6,33360.44,0.0,8549086.0,116858.0,1.3669,1594.46
CUST-001787,Stephens-Young,Professional Services,Mid-Market,50-249,$10M-$50M,Enterprise Agreement,2025-03-04,Active,False,463812.21,290789.16,70,4,4,3,235928.64,3,3,1,53.55,2.63,148032.6,1335448.24,448136.54,0.0,90755497.0,1158738.0,1.2768,20475.35
CUST-001788,"Caldwell, Stevenson and Joseph",Banking,SMB,50-249,$1B+,Digital,2022-04-12,Active,False,30852.76,19123.29,41,2,2,1,8337.89,0,0,0,0.0,0.0,23652.23,210673.85,79681.75,0.0,16080232.0,222166.0,1.3816,3346.91
CUST-001789,Wilson-Carlson,Energy,SMB,5000+,$250M-$1B,Marketplace,2025-01-16,Active,False,61925.33,40059.08,55,3,3,2,23873.75,2,0,0,38.79,4.9,29949.19,326036.72,98713.96,0.0,21834841.0,267449.0,1.2249,4334.68
CUST-001790,Peters-Short,Retail,Mid-Market,5000+,$1B+,Digital,2024-08-11,Active,False,157205.82,91793.79,26,2,2,0,0.0,3,1,0,7.86,4.29,61836.62,550943.91,180681.44,0.0,34612886.0,465563.0,1.3451,8474.2
CUST-001791,Parker Group,Transportation,Mid-Market,50-249,$1B+,Marketplace,2023-09-21,Active,False,290960.29,183067.55,50,3,3,0,0.0,7,5,0,50.92,3.04,90483.34,922275.76,309235.01,0.0,63810523.0,971026.0,1.5217,13080.83
CUST-001792,George Ltd,Telecommunications,SMB,50-249,$50M-$250M,Partner,2021-05-13,Active,True,43454.26,27785.03,30,2,2,1,11793.16,0,0,0,0.0,0.0,16784.23,188599.31,59887.16,1252.97,11282992.0,157262.0,1.3938,5243.28
CUST-001793,"Wise, Gray and Snyder",Insurance,SMB,50-249,$50M-$250M,Marketplace,2025-02-01,Active,False,29556.61,18496.34,28,2,2,1,10562.21,3,3,0,110.16,3.3,16463.39,175775.36,51430.96,0.0,10180184.0,127267.0,1.2501,2347.59
CUST-001794,"Brown, Robinson and Taylor",Professional Services,Mid-Market,5000+,$10M-$50M,Partner,2025-09-17,Active,False,242357.34,153667.81,39,3,3,2,150664.76,5,4,0,55.16,3.1,82968.72,751576.0,232424.96,0.0,54381054.0,806078.0,1.4823,11294.5
CUST-001795,"Berger, Fields and Smith",Telecommunications,SMB,5000+,<$10M,Digital,2021-07-22,Active,False,25910.01,16042.68,25,2,2,0,0.0,2,2,0,32.85,3.24,15725.77,146774.9,36968.76,0.0,9492644.0,115976.0,1.2217,2078.44
CUST-001796,Guerrero Group,Insurance,Mid-Market,1-49,$250M-$1B,Enterprise Agreement,2024-01-07,Active,False,390095.96,244073.5,80,4,4,2,117172.8,2,1,0,26.39,3.7,161076.34,1380851.26,518951.36,0.0,112340998.0,1556688.0,1.3857,22448.09
CUST-001797,"Carter, Gilbert and West",Retail,Mid-Market,50-249,$10M-$50M,Marketplace,2025-02-23,Active,True,363201.17,229631.31,56,4,4,2,176373.86,2,1,0,55.98,3.47,114541.88,1143755.65,346996.95,3153.63,71418942.0,884247.0,1.2381,23004.24
CUST-001798,Maldonado LLC,Insurance,SMB,50-249,<$10M,Partner,2022-07-23,Active,False,16747.3,9935.83,24,1,1,0,0.0,1,1,0,43.75,2.11,14910.46,132528.41,43606.55,0.0,8733228.0,98168.0,1.1241,2043.02
CUST-001799,Hudson-Gentry,Media,Mid-Market,5000+,$250M-$1B,Marketplace,2022-05-15,Active,True,485073.48,307258.4,91,5,5,4,258451.74,2,1,1,45.48,3.83,190523.2,1839531.39,610145.0,10534.41,108166457.0,1448195.0,1.3389,50103.27
CUST-001800,Sellers-Zuniga,Insurance,SMB,50-249,$250M-$1B,Direct Sales,2024-07-22,Active,False,14581.26,8699.92,12,1,1,1,13665.26,1,1,1,43.91,1.86,7183.76,77616.78,15121.26,0.0,3020892.0,36435.0,1.2061,952.91
CUST-001801,"Haas, Cooper and Davis",Media,Mid-Market,50-249,$1B+,Marketplace,2024-01-16,Active,True,277194.42,178430.99,45,3,3,1,72668.88,5,4,1,31.31,2.53,95233.27,971442.83,321833.63,0.0,51364740.0,635873.0,1.238,13732.25
CUST-001802,Carr PLC,Insurance,SMB,1000-4999,$10M-$50M,Enterprise Agreement,2025-10-30,Active,False,49180.02,30772.1,36,3,3,3,45929.27,1,0,1,20.84,4.58,22433.05,238797.44,59424.92,0.0,11044733.0,141512.0,1.2813,3090.57
CUST-001803,Abbott-Phelps,Manufacturing,Enterprise,1000-4999,$1B+,Digital,2021-01-02,Active,False,1696221.18,1100354.83,98,6,6,3,636821.69,10,7,3,42.88,3.07,699966.21,6695177.73,2179700.14,0.0,447326838.0,6375145.0,1.4252,98184.24
CUST-001804,Wood PLC,Energy,Mid-Market,250-999,$50M-$250M,Digital,2023-09-17,Active,False,360687.09,222104.99,67,4,4,2,100561.36,8,6,1,44.42,3.12,142438.13,1301716.42,432815.48,0.0,78692866.0,987532.0,1.2549,19750.78
CUST-001805,Smith PLC,Energy,Enterprise,5000+,$50M-$250M,Marketplace,2024-10-20,Active,True,2286401.87,1415568.74,84,4,4,4,1250900.44,8,5,0,29.87,3.65,584835.45,6202809.86,1850960.62,0.0,388375050.0,4882724.0,1.2572,83550.32
CUST-001806,Rodriguez-Campbell,Energy,SMB,1000-4999,$250M-$1B,Partner,2022-10-16,Active,False,65245.01,41355.93,50,3,3,3,42882.52,2,2,0,19.4,3.76,29605.13,267090.78,94360.97,0.0,17064068.0,218218.0,1.2788,4142.32
CUST-001807,Young Ltd,Education,SMB,250-999,$1B+,Partner,2021-07-13,Active,False,43641.07,27202.05,39,2,2,1,6971.99,1,1,0,138.5,2.53,22428.41,236730.79,74344.42,0.0,14767837.0,200144.0,1.3553,3235.68
CUST-001808,"Long, Flores and Reyes",Manufacturing,SMB,5000+,$50M-$250M,Digital,2022-03-13,Active,False,22300.07,14128.16,15,1,1,1,16922.52,1,1,0,8.2,2.15,9569.19,86903.51,24487.35,0.0,5178530.0,71575.0,1.3821,1279.88
CUST-001809,Graham-Clark,Media,Enterprise,50-249,$1B+,Partner,2022-09-07,Active,True,1038854.85,656423.36,49,3,3,1,182327.98,9,7,2,40.54,2.7,310203.19,2781578.67,1120226.58,0.0,200493748.0,2702560.0,1.348,44683.8
CUST-001810,Wells and Sons,Retail,SMB,50-249,$1B+,Partner,2025-05-29,Active,False,53754.05,32025.25,47,3,3,2,29242.28,0,0,0,0.0,0.0,30961.75,249621.85,75715.47,0.0,16411073.0,211393.0,1.2881,4042.78
CUST-001811,"Cruz, Middleton and Larsen",Media,SMB,1000-4999,$50M-$250M,Partner,2024-08-31,Active,False,11180.01,6661.79,13,1,1,0,0.0,0,0,0,0.0,0.0,8744.96,77591.64,21775.23,0.0,6411090.0,78281.0,1.221,1160.04
CUST-001812,Roberts Ltd,Manufacturing,Strategic,250-999,$10M-$50M,Digital,2025-09-05,Active,False,4632857.4,2928317.61,65,5,5,1,1193381.35,16,9,2,48.25,3.42,1359897.1,12507192.93,4192717.46,0.0,826015106.0,11282663.0,1.3659,189332.43
CUST-001813,Taylor Inc,Education,SMB,250-999,$250M-$1B,Enterprise Agreement,2022-10-08,Active,False,68906.98,43601.82,51,2,2,1,13120.32,2,2,0,124.72,3.37,29897.91,276025.77,78351.63,0.0,18394439.0,219996.0,1.196,4026.4
CUST-001814,"Smith, Griffith and Tucker",Banking,SMB,1000-4999,$50M-$250M,Partner,2023-04-08,Active,True,54863.71,35484.17,42,3,3,1,14382.06,0,0,0,0.0,0.0,26551.72,266635.15,75122.5,0.0,14175406.0,159691.0,1.1265,3674.37
CUST-001815,Proctor-Taylor,Healthcare,Strategic,50-249,$50M-$250M,Digital,2024-12-13,Active,True,11903302.43,7368002.91,147,9,9,6,4798519.3,13,10,3,57.46,3.32,2819766.64,25712866.54,9409149.73,158458.85,1625602958.0,20023276.0,1.2317,747905.83
CUST-001816,May Group,Technology,Enterprise,250-999,$1B+,Enterprise Agreement,2025-06-08,Active,True,1235605.81,767239.99,55,4,4,1,291217.13,10,5,1,48.21,3.61,398540.03,4502641.59,1105190.25,20379.82,233533713.0,2905749.0,1.2443,100761.36
CUST-001817,English-Dominguez,Manufacturing,Enterprise,1-49,<$10M,Partner,2023-06-21,Active,False,1652966.54,1070456.9,95,4,4,1,187709.73,15,8,1,28.82,3.65,720257.22,6338484.03,2097614.89,0.0,414697570.0,6045410.0,1.4578,98476.28
CUST-001818,Hanson-Gibson,Education,SMB,1-49,$250M-$1B,Marketplace,2024-04-29,Active,False,40008.17,26007.66,39,3,3,0,0.0,0,0,0,0.0,0.0,23309.96,202482.63,68669.17,0.0,12967248.0,159677.0,1.2314,3189.41
CUST-001819,Arnold-Cole,Insurance,SMB,1-49,$50M-$250M,Digital,2021-05-02,Active,False,52557.97,31258.26,32,1,1,1,19249.73,0,0,0,0.0,0.0,18359.55,179014.02,62001.63,0.0,9422742.0,113547.0,1.205,2630.6
CUST-001820,Perez-Coleman,Education,Mid-Market,50-249,<$10M,Digital,2021-08-16,Active,False,113099.0,70906.0,23,2,2,1,57287.52,5,2,0,52.47,3.53,44308.39,388085.82,111788.85,0.0,29323882.0,411355.0,1.4028,5881.82
CUST-001821,Lane Ltd,Retail,Strategic,5000+,$50M-$250M,Enterprise Agreement,2025-11-25,Active,False,4342001.42,2751256.22,55,5,5,5,4497881.56,11,6,3,58.97,3.15,1098335.86,11195419.71,2939361.95,0.0,707777623.0,9675904.0,1.3671,150634.82
CUST-001822,Joseph LLC,Media,SMB,5000+,$50M-$250M,Enterprise Agreement,2022-11-03,Active,False,76991.12,48701.24,60,2,2,1,19312.96,3,2,0,29.66,3.0,34957.53,318700.34,110391.87,0.0,24393376.0,314706.0,1.2901,4887.61
CUST-001823,House-Johnston,Insurance,Mid-Market,250-999,$50M-$250M,Marketplace,2021-10-15,Active,False,391113.08,250090.36,80,5,5,4,244380.81,3,3,1,58.2,2.56,157295.69,1708082.69,532448.04,0.0,105154651.0,1412887.0,1.3436,22897.28
CUST-001824,Good PLC,Healthcare,Enterprise,1000-4999,$50M-$250M,Digital,2023-08-18,Active,True,1502815.13,921987.02,67,3,3,1,273994.51,5,2,0,27.69,3.64,504271.13,4555737.78,1542275.06,16846.39,301510258.0,4286926.0,1.4218,106980.72
CUST-001825,Bush-Wilson,Banking,SMB,50-249,<$10M,Marketplace,2025-03-12,Active,False,63820.21,39669.37,50,3,3,3,45423.45,0,0,0,0.0,0.0,27984.79,264971.5,93726.72,0.0,18244905.0,226191.0,1.2397,3985.73
CUST-001826,Nixon-Miller,Energy,Mid-Market,1-49,$1B+,Digital,2025-08-31,Active,False,204435.24,130038.15,41,3,3,2,105570.62,4,4,0,77.82,2.11,89065.67,798707.82,264832.63,0.0,44446101.0,508025.0,1.143,12261.76
CUST-001827,"Simon, Terrell and Terrell",Telecommunications,SMB,5000+,$250M-$1B,Digital,2023-10-30,Active,False,25850.01,15476.76,21,1,1,1,14088.92,1,1,1,28.74,3.33,12943.09,108114.8,30740.8,0.0,6194272.0,108591.0,1.7531,1688.61
CUST-001828,Marshall-Miller,Media,Mid-Market,1-49,$1B+,Direct Sales,2021-06-04,Active,True,224417.56,145815.21,38,2,2,0,0.0,3,1,0,24.37,3.95,77259.96,764994.53,249072.74,3716.95,50630923.0,679945.0,1.3429,19151.58
CUST-001829,"Davis, Kennedy and Harmon",Media,Mid-Market,1000-4999,$1B+,Partner,2021-06-29,Active,False,429202.39,263300.5,64,4,4,4,280071.5,5,5,3,51.16,2.76,127308.72,1379729.8,440941.18,0.0,84051079.0,1013208.0,1.2055,18626.79
CUST-001830,"Miller, Schultz and Yates",Education,Enterprise,1000-4999,$10M-$50M,Digital,2022-07-22,Active,True,914152.03,583045.79,63,3,3,2,403772.8,8,6,2,42.31,3.3,392989.22,4091498.05,1436868.38,0.0,272807990.0,3843882.0,1.409,57921.01
CUST-001831,Austin-Berger,Energy,SMB,1000-4999,<$10M,Marketplace,2023-07-19,Active,False,24961.51,15367.11,24,1,1,0,0.0,2,1,0,45.93,3.74,16676.75,139718.76,37892.21,0.0,8823696.0,111671.0,1.2656,2159.22
CUST-001832,"Osborne, Harrison and Hunt",Banking,Mid-Market,1-49,$10M-$50M,Digital,2023-03-10,Active,False,268339.16,164622.08,41,2,2,1,60426.66,7,5,0,56.66,3.14,88298.57,768476.27,241513.37,0.0,45885770.0,652547.0,1.4221,11898.95
CUST-001833,Berry-Rivera,Transportation,Mid-Market,250-999,$1B+,Marketplace,2024-04-11,Active,False,217512.09,138717.42,62,3,3,3,136785.61,1,1,1,48.85,2.84,125830.52,1303113.91,391746.74,0.0,76216553.0,1004682.0,1.3182,17848.6
CUST-001834,Yu-Yates,Telecommunications,Mid-Market,5000+,$10M-$50M,Partner,2024-03-22,Active,False,456546.68,288936.89,86,5,5,3,208678.74,3,2,1,52.74,3.29,186294.45,1672857.24,550079.74,0.0,110773467.0,1319633.0,1.1913,25612.79
CUST-001835,Jackson-Neal,Banking,Enterprise,5000+,$1B+,Direct Sales,2021-07-26,Active,True,3184440.88,2049038.26,136,6,6,1,227708.38,6,3,2,37.29,3.55,941923.59,8939018.02,2887557.57,0.0,587089069.0,7719747.0,1.3149,131526.71
CUST-001836,"Curry, Acosta and Elliott",Telecommunications,Enterprise,250-999,$10M-$50M,Partner,2021-05-22,Active,True,903480.71,572358.14,51,3,3,1,295040.33,8,4,0,30.39,3.82,368318.9,3284032.05,1103061.35,19969.15,238327033.0,3028872.0,1.2709,94679.48
CUST-001837,Soto PLC,Healthcare,SMB,50-249,$50M-$250M,Direct Sales,2022-07-10,Active,False,10361.31,6539.16,12,1,1,0,0.0,1,1,0,24.87,1.9,6997.11,86389.62,27377.95,0.0,4903710.0,58849.0,1.2001,1076.46
CUST-001838,Berry Ltd,Banking,SMB,1000-4999,$10M-$50M,Marketplace,2023-02-08,Active,True,33990.11,21583.64,13,1,1,0,0.0,2,2,0,44.26,2.28,7179.42,64012.51,27907.97,1542.25,4786887.0,86051.0,1.7976,4446.26
CUST-001839,Lamb-Weber,Technology,SMB,5000+,<$10M,Direct Sales,2022-02-26,Active,False,40519.94,24220.64,31,1,1,1,15480.86,3,2,0,53.83,2.95,14775.4,202280.32,58012.23,0.0,10360021.0,129017.0,1.2453,2314.62
CUST-001840,Washington-Martinez,Energy,Strategic,1-49,$10M-$50M,Partner,2025-01-23,Active,False,11444051.24,7045382.16,135,8,8,7,6173744.63,14,11,0,60.44,3.06,2823515.67,25210156.52,8357883.0,0.0,1703760142.0,22017737.0,1.2923,388115.84
CUST-001841,York LLC,Professional Services,SMB,250-999,$250M-$1B,Partner,2023-01-04,Active,False,17862.43,9781.24,10,1,1,1,20089.58,1,1,0,5.41,3.42,4889.93,41454.81,19476.83,0.0,3563280.0,43386.0,1.2176,717.71
CUST-001842,Anderson-Campbell,Education,SMB,250-999,$1B+,Direct Sales,2023-01-07,Active,False,31823.48,19985.66,28,2,2,1,7668.93,1,0,0,23.61,4.8,16920.17,172800.59,52716.17,0.0,11441556.0,137725.0,1.2037,2395.68
CUST-001843,Smith-Rodriguez,Technology,Strategic,1000-4999,<$10M,Digital,2025-07-04,Active,True,7457096.52,4733214.86,70,5,5,4,5135288.13,20,13,3,48.47,3.29,1390625.08,13360679.55,4707107.3,42379.7,894539303.0,11491088.0,1.2846,292184.06
CUST-002239,Green Ltd,Insurance,SMB,50-249,$1B+,Partner,2022-10-14,Active,False,23549.46,14764.32,25,1,1,0,0.0,1,0,0,64.89,4.74,15691.95,134979.59,39166.94,0.0,9506112.0,121121.0,1.2741,2074.1
CUST-001844,Kent Ltd,Transportation,SMB,250-999,$10M-$50M,Direct Sales,2023-06-09,Active,False,54040.83,32978.02,49,2,2,0,0.0,2,2,0,40.07,3.35,28736.04,275379.0,91466.12,0.0,18351732.0,230496.0,1.256,4051.67
CUST-001845,Hopkins LLC,Manufacturing,Mid-Market,250-999,<$10M,Partner,2021-02-02,Active,False,193735.3,123189.13,36,2,2,0,0.0,5,3,0,35.35,3.54,77232.95,689980.92,261875.91,0.0,43989232.0,542584.0,1.2334,10949.96
CUST-001846,Green Ltd,Energy,Enterprise,50-249,$10M-$50M,Marketplace,2021-09-20,Active,False,3761978.52,2373643.95,183,7,7,3,936254.75,9,8,3,48.35,3.07,1268632.97,11825057.0,3940070.2,0.0,807571359.0,11265604.0,1.395,177227.12
CUST-001847,Washington PLC,Professional Services,Enterprise,250-999,$50M-$250M,Enterprise Agreement,2022-03-06,Active,False,2666056.91,1688906.62,133,7,7,4,894269.74,10,3,0,35.72,4.13,971132.47,8117467.43,2877848.12,0.0,563204705.0,8052751.0,1.4298,132415.29
CUST-001848,Cooper Inc,Energy,SMB,50-249,$10M-$50M,Digital,2021-12-24,Active,False,30173.91,18985.16,25,2,2,1,17122.12,3,2,2,56.66,3.12,13449.46,147451.32,44946.01,0.0,10162726.0,134260.0,1.3211,1954.82
CUST-001849,Larson and Sons,Education,Enterprise,50-249,$50M-$250M,Marketplace,2021-03-03,Active,False,3099388.75,1956294.52,156,7,7,3,619199.01,10,9,1,58.16,2.95,1163249.83,10781770.63,3495810.22,0.0,690425435.0,8878261.0,1.2859,161214.41
CUST-001850,Mullins-Gutierrez,Banking,Mid-Market,250-999,<$10M,Marketplace,2021-02-28,Active,False,340567.19,209489.38,58,3,3,3,201233.92,4,3,1,98.62,3.18,114209.14,1160286.72,325584.49,0.0,75532373.0,934297.0,1.2369,15855.42
CUST-001851,Young-Alexander,Energy,SMB,1000-4999,$1B+,Enterprise Agreement,2021-04-06,Active,False,27664.75,17780.03,28,2,2,1,8151.12,3,1,0,63.88,3.88,16402.11,143051.09,62952.57,0.0,12554381.0,156324.0,1.2452,2391.69
CUST-001852,"Jackson, Lane and Wilkinson",Insurance,SMB,1000-4999,<$10M,Direct Sales,2022-04-02,Active,True,54613.89,34175.39,49,3,3,1,17566.83,4,2,1,50.82,3.76,31240.05,266744.87,97006.26,1228.17,19345193.0,246568.0,1.2746,7017.08
CUST-001853,May Inc,Energy,Strategic,1000-4999,$10M-$50M,Enterprise Agreement,2025-10-20,Active,False,8999221.36,5788824.54,96,8,8,8,8503725.48,16,11,2,52.88,3.02,1844515.65,17884896.14,6016659.92,0.0,1214402469.0,14702051.0,1.2106,261942.87
CUST-001854,Jackson Group,Manufacturing,Enterprise,50-249,$50M-$250M,Enterprise Agreement,2023-08-20,Active,True,1634271.17,1062757.36,48,3,3,2,723780.18,7,6,0,56.62,2.61,344998.08,3025405.09,1088681.14,37013.35,201735870.0,2320913.0,1.1505,129416.91
CUST-001855,Turner-Reese,Education,SMB,1000-4999,$1B+,Partner,2021-07-17,Active,False,115984.19,73695.72,75,3,3,2,34605.79,1,1,0,77.0,1.72,44184.91,418165.92,147344.6,0.0,28885262.0,352303.0,1.2197,6286.21
CUST-001856,"Hall, Vega and Price",Healthcare,SMB,1-49,<$10M,Marketplace,2021-10-20,Active,True,109233.42,71041.42,85,3,3,1,9987.05,1,1,0,9.38,3.02,50411.84,490473.77,148088.77,0.0,29069355.0,371581.0,1.2783,6999.02
CUST-001857,Thomas-Berg,Manufacturing,SMB,50-249,$50M-$250M,Digital,2022-04-09,Active,True,85792.23,53455.73,48,2,2,0,0.0,1,0,0,7.99,4.06,26531.85,280147.01,96459.87,2122.52,19682215.0,264831.0,1.3455,8582.21
CUST-001858,Roberts Group,Energy,Mid-Market,5000+,$50M-$250M,Partner,2023-12-01,Active,False,263127.13,160398.42,58,3,3,1,31866.6,7,5,0,37.83,2.84,117204.35,1102005.67,363727.77,0.0,77118433.0,945441.0,1.226,16389.66
CUST-001859,Gregory-Nixon,Professional Services,SMB,1-49,$250M-$1B,Direct Sales,2024-04-01,Active,False,78112.81,50616.53,52,3,3,1,18446.86,3,2,0,105.5,3.41,31003.36,284140.67,100203.93,0.0,20598053.0,275695.0,1.3385,4360.58
CUST-001860,"Blanchard, Davis and Schmidt",Banking,Enterprise,50-249,$10M-$50M,Marketplace,2024-07-23,Active,True,2637765.79,1700414.57,111,7,7,4,1015946.78,11,8,1,52.64,3.21,791399.65,7380151.31,2473583.15,36282.28,527404073.0,6245638.0,1.1842,190543.22
CUST-001861,Blanchard-Reynolds,Telecommunications,SMB,50-249,$1B+,Marketplace,2025-10-23,Active,False,16245.47,9763.48,12,1,1,1,15034.26,3,3,1,106.15,2.35,5336.37,53195.04,22907.25,0.0,4998847.0,77854.0,1.5574,815.71
CUST-001862,"Garrison, Rogers and Adams",Energy,Mid-Market,1000-4999,<$10M,Digital,2022-06-23,Active,False,290194.33,179818.03,48,2,2,1,63951.31,5,3,0,32.21,3.09,103802.69,979181.34,319067.37,0.0,56123837.0,683249.0,1.2174,14491.19
CUST-001863,Scott PLC,Retail,Mid-Market,250-999,$50M-$250M,Marketplace,2022-11-22,Active,False,439310.33,276644.53,94,4,4,2,125601.52,0,0,0,0.0,0.0,193857.85,1759255.84,578729.44,0.0,108845282.0,1341557.0,1.2325,26753.3
CUST-001864,Murray-Leonard,Telecommunications,Enterprise,5000+,$50M-$250M,Direct Sales,2024-09-30,Active,False,1358621.04,858599.03,63,3,3,2,550259.36,5,1,0,34.72,3.96,456326.11,4792960.26,1382071.72,0.0,275636004.0,3438225.0,1.2474,64475.95
CUST-001865,Navarro PLC,Retail,Enterprise,1-49,$10M-$50M,Marketplace,2024-01-18,Active,False,2491602.71,1594235.79,125,5,5,4,900714.72,7,6,3,61.4,3.21,840578.79,8424466.96,2780260.92,0.0,573340817.0,7397880.0,1.2903,120303.89
CUST-001866,Meyer Ltd,Retail,Enterprise,250-999,$50M-$250M,Marketplace,2022-08-29,Active,False,3259250.77,2054050.75,147,7,7,3,674442.52,11,9,3,66.27,3.22,981427.26,10451156.37,2977967.43,0.0,603401764.0,7896406.0,1.3086,139010.55
CUST-001867,"Kaiser, Edwards and Smith",Retail,Mid-Market,1000-4999,$1B+,Partner,2023-10-31,Active,False,217664.8,134798.4,37,3,3,1,69460.32,2,1,0,29.77,3.23,85883.06,775905.43,230862.37,0.0,50752499.0,566216.0,1.1156,11589.97
CUST-001868,Decker Inc,Healthcare,SMB,250-999,$1B+,Enterprise Agreement,2021-02-04,Active,False,14312.07,8998.4,12,1,1,0,0.0,1,0,0,66.79,4.11,6900.3,97815.85,20248.61,0.0,4638116.0,48279.0,1.0409,1019.13
CUST-001869,Davis-Garcia,Banking,Enterprise,5000+,$50M-$250M,Enterprise Agreement,2023-12-12,Active,False,2388430.99,1509094.43,141,6,6,4,927119.47,7,5,2,61.13,3.33,1042521.24,9334422.39,3021861.28,0.0,655653355.0,8578745.0,1.3084,142714.32
CUST-001870,Bell-Hardy,Insurance,SMB,50-249,$1B+,Partner,2021-11-22,Active,False,56232.43,35804.07,62,3,3,2,17436.47,0,0,0,0.0,0.0,35736.31,311141.34,117594.15,0.0,22427916.0,319907.0,1.4264,5014.31
CUST-001871,Lee-Johnson,Technology,Enterprise,50-249,$50M-$250M,Direct Sales,2024-06-02,Active,False,1328540.97,843707.61,53,4,4,4,1171871.13,8,7,0,51.1,2.72,386564.09,3579547.31,1153795.85,0.0,256494014.0,3406424.0,1.3281,53487.84
CUST-001872,Brown PLC,Technology,Strategic,1000-4999,$250M-$1B,Digital,2023-12-05,Active,True,14043558.45,8973464.12,148,8,8,5,5256338.03,13,7,0,42.57,3.56,2806299.63,30149854.72,9428819.66,164159.66,1884229445.0,21597653.0,1.1462,768306.28
CUST-001873,"Shannon, Robinson and Greene",Professional Services,SMB,5000+,$50M-$250M,Partner,2022-05-30,Active,True,107130.72,69386.94,73,3,3,0,0.0,1,1,0,140.88,3.32,45366.74,430583.82,133316.12,2731.48,27340621.0,364245.0,1.3322,12286.54
CUST-001874,Erickson Inc,Banking,Enterprise,1000-4999,$10M-$50M,Partner,2021-05-17,Active,False,2039597.86,1308220.78,86,4,4,0,0.0,5,3,0,32.36,3.04,586876.44,5933246.9,1828912.66,0.0,395144736.0,4652431.0,1.1774,82974.57
CUST-001875,Gates and Sons,Healthcare,Mid-Market,1000-4999,$10M-$50M,Marketplace,2025-07-11,Active,False,345568.48,216823.45,51,4,4,3,239484.09,2,1,0,29.04,3.83,99388.14,1071091.19,327705.38,0.0,71764651.0,845551.0,1.1782,14364.21
CUST-001876,Douglas-Yoder,Insurance,SMB,50-249,$50M-$250M,Partner,2022-12-19,Active,False,74964.05,48816.06,45,2,2,1,20198.85,1,1,0,6.69,2.38,27915.23,234676.07,84389.53,0.0,19468246.0,244433.0,1.2555,3825.57
CUST-001877,"Pratt, Lopez and Rodriguez",Transportation,Enterprise,50-249,$10M-$50M,Marketplace,2024-04-14,Active,False,2549605.13,1601722.99,134,5,5,4,832597.16,6,5,0,42.91,2.99,911605.8,9909153.9,2958643.83,0.0,584483025.0,7642348.0,1.3075,131449.08
CUST-001878,King Group,Transportation,SMB,1-49,$1B+,Digital,2021-01-23,Active,False,37504.99,24139.1,37,2,2,0,0.0,2,2,0,110.07,2.64,24551.17,203435.9,76942.1,0.0,14600894.0,191583.0,1.3121,3386.18
CUST-001879,"Mayer, Fowler and Livingston",Transportation,Mid-Market,1000-4999,$50M-$250M,Direct Sales,2022-04-21,Active,False,536941.51,337137.78,92,5,5,1,83543.52,0,0,0,0.0,0.0,200948.07,1951488.39,597338.64,0.0,105734125.0,1417276.0,1.3404,27961.57
CUST-001880,Hammond-Schwartz,Professional Services,Mid-Market,250-999,$50M-$250M,Direct Sales,2021-05-25,Active,False,346885.51,212924.6,49,2,2,1,96232.5,8,7,1,36.37,3.11,102708.26,976610.16,309393.74,0.0,47204458.0,697018.0,1.4766,14290.99
CUST-001881,"Carrillo, Morris and Martin",Technology,SMB,5000+,$10M-$50M,Marketplace,2023-08-14,Active,True,31987.75,20278.85,35,3,3,1,7860.69,0,0,0,0.0,0.0,22316.07,201701.75,66740.74,0.0,14646961.0,177485.0,1.2118,3079.16
CUST-001882,Ramirez Inc,Professional Services,Enterprise,5000+,$1B+,Digital,2021-07-01,Active,False,2010299.89,1256403.89,97,5,5,4,1116603.92,9,6,0,37.73,3.23,701703.73,6560329.69,2007564.61,0.0,418589444.0,5402229.0,1.2906,96349.47
CUST-001883,Price-Ferrell,Technology,SMB,1000-4999,<$10M,Direct Sales,2024-12-07,Active,False,37131.35,24999.31,22,1,1,1,19687.17,5,3,0,58.42,3.72,12045.17,119619.65,34899.19,0.0,8751589.0,125874.0,1.4383,1672.37
CUST-001884,Sosa-Baker,Manufacturing,Enterprise,250-999,$1B+,Digital,2025-02-09,Active,False,1221336.57,780247.15,53,3,3,2,538487.12,9,5,0,29.07,3.67,374758.2,3932946.82,1237679.98,0.0,244205206.0,3456852.0,1.4156,53971.26
CUST-001885,Jones-Krause,Banking,SMB,1-49,$250M-$1B,Partner,2021-06-20,Active,False,33451.9,20277.26,25,1,1,0,0.0,0,0,0,0.0,0.0,16191.24,153530.9,48279.51,0.0,8191211.0,100814.0,1.2308,2247.28
CUST-001886,Bishop and Sons,Manufacturing,Mid-Market,1-49,$250M-$1B,Enterprise Agreement,2024-09-25,Active,False,427075.6,270756.86,76,4,4,2,123418.39,5,3,0,32.73,2.95,160464.35,1508086.52,469200.86,0.0,94062815.0,1318079.0,1.4013,22150.1
CUST-001887,"Vasquez, Thomas and Mack",Transportation,Mid-Market,1000-4999,<$10M,Enterprise Agreement,2023-11-29,Active,False,157208.58,98914.61,51,2,2,1,33993.37,1,1,0,87.06,3.37,115966.62,1063018.06,298257.23,0.0,71014916.0,955465.0,1.3454,15545.6
CUST-001888,Mendez Inc,Insurance,SMB,1-49,$10M-$50M,Digital,2024-03-24,Active,False,70099.42,44405.33,53,2,2,2,31814.65,2,2,1,36.66,2.78,32952.75,301166.34,99535.45,0.0,17405227.0,215733.0,1.2395,4563.44
CUST-001889,Baldwin-Garcia,Professional Services,Mid-Market,1-49,$50M-$250M,Marketplace,2023-03-18,Active,False,230165.05,146176.24,70,4,4,1,31941.28,2,0,0,57.71,4.41,147662.95,1363726.96,465622.12,0.0,89888785.0,1176322.0,1.3086,20673.17
CUST-001890,Jones Ltd,Technology,Enterprise,1000-4999,<$10M,Partner,2021-03-18,Active,False,1237429.19,759402.4,63,4,4,2,406652.82,4,4,0,43.42,3.08,465182.6,4206761.68,1383542.08,0.0,299738236.0,3904579.0,1.3027,64115.1
CUST-001891,Waters-Smith,Insurance,Mid-Market,250-999,$250M-$1B,Direct Sales,2022-11-05,Active,False,324702.05,207275.5,81,5,5,3,141796.04,3,1,1,25.55,3.61,167419.14,1517861.5,553653.47,0.0,100817843.0,1173571.0,1.1641,23639.84
CUST-001892,Hernandez-Bowman,Telecommunications,Mid-Market,250-999,$10M-$50M,Digital,2024-10-30,Active,False,226927.23,139466.91,42,2,2,2,128537.34,4,3,0,38.34,3.24,91071.95,685359.15,263592.46,0.0,52462193.0,638008.0,1.2161,12203.03
CUST-001893,Ortega LLC,Transportation,Mid-Market,250-999,$10M-$50M,Partner,2024-12-02,Active,False,130940.4,80605.44,35,2,2,1,46632.76,1,0,0,7.65,4.48,77134.4,664120.79,230587.78,0.0,45713073.0,639184.0,1.3983,10576.44
CUST-001894,Graves Group,Technology,Mid-Market,250-999,$10M-$50M,Marketplace,2025-02-25,Active,False,436063.67,268820.61,76,5,5,3,188279.39,6,4,1,44.8,3.47,147529.62,1432296.64,456746.59,0.0,88650842.0,1071294.0,1.2084,20709.64
CUST-001895,"Smith, Zimmerman and Wise",Professional Services,Enterprise,50-249,$50M-$250M,Digital,2024-01-08,Active,True,2550192.79,1620037.13,117,5,5,2,623371.38,7,6,2,63.53,3.45,881186.7,7201976.05,2369969.93,45474.16,460182296.0,5619803.0,1.2212,217453.6
CUST-001896,Graham-Anthony,Media,SMB,1000-4999,$10M-$50M,Marketplace,2022-10-03,Active,False,33887.01,20831.81,20,1,1,1,19070.18,1,0,0,6.72,4.43,12444.22,90378.05,36318.99,0.0,8257536.0,101682.0,1.2314,1663.9
CUST-001897,Fernandez Inc,Education,SMB,250-999,$10M-$50M,Partner,2025-07-09,Active,False,13430.13,7763.2,13,1,1,0,0.0,2,2,0,29.97,2.37,7422.06,81415.5,26684.66,0.0,5696390.0,73409.0,1.2887,1097.81
CUST-001898,Finley-Meyers,Energy,SMB,5000+,$50M-$250M,Enterprise Agreement,2022-09-28,Active,False,14917.15,9172.24,12,1,1,0,0.0,2,2,0,75.84,2.78,8238.02,69888.99,18656.33,0.0,4382511.0,78022.0,1.7803,1067.78
CUST-001899,Martinez-Nichols,Healthcare,Mid-Market,1-49,<$10M,Enterprise Agreement,2021-06-05,Active,False,90151.96,55306.46,26,2,2,1,42866.78,4,2,1,23.52,3.26,58256.92,576877.93,153041.01,0.0,33738593.0,391573.0,1.1606,7927.57
CUST-001900,Cook-Turner,Retail,Enterprise,250-999,$1B+,Digital,2022-06-24,Active,True,2692170.27,1693285.71,95,6,6,3,1033799.87,7,5,3,51.22,3.26,704701.15,5888626.1,2146673.0,15856.68,420947786.0,5568136.0,1.3228,131551.49
CUST-001901,Chen Ltd,Manufacturing,SMB,5000+,$1B+,Direct Sales,2025-02-16,Active,True,11482.62,7254.19,13,1,1,0,0.0,1,1,0,40.13,2.3,8257.4,68661.39,23076.08,0.0,4919194.0,57190.0,1.1626,1111.25
CUST-001902,Diaz LLC,Healthcare,SMB,5000+,$10M-$50M,Digital,2021-03-25,Active,False,44215.46,26917.28,36,2,2,1,17696.87,2,2,0,77.93,1.87,23800.42,197583.38,71285.32,0.0,14967561.0,194922.0,1.3023,3250.03
CUST-001903,Randall LLC,Healthcare,SMB,50-249,$250M-$1B,Partner,2022-03-25,Active,False,8450.79,5101.59,13,1,1,0,0.0,4,2,0,25.33,3.76,5930.59,72187.97,27999.18,0.0,5133856.0,54271.0,1.0571,958.09
CUST-001904,"Harris, Spencer and Ponce",Media,SMB,1000-4999,$250M-$1B,Marketplace,2021-02-12,Active,False,42000.74,26553.55,46,2,2,1,7310.2,1,0,0,51.6,4.98,27012.13,246001.91,78283.85,0.0,17353280.0,222684.0,1.2832,3705.8
CUST-001905,"Lee, Dominguez and Mosley",Energy,Mid-Market,5000+,$250M-$1B,Enterprise Agreement,2022-01-17,Active,True,561296.08,355512.48,112,5,5,3,155350.75,2,1,0,46.78,3.23,229490.78,2235169.51,742733.78,4703.5,135511061.0,1870141.0,1.3801,42899.57
CUST-001906,"Barker, Tucker and Mcclure",Telecommunications,Enterprise,250-999,$250M-$1B,Digital,2024-12-18,Active,False,1332896.26,835206.31,96,6,6,2,294318.13,10,6,1,43.08,3.51,675612.45,6861799.02,1937330.43,0.0,434413462.0,5411441.0,1.2457,93901.78
CUST-001907,Moss-Taylor,Insurance,SMB,50-249,$50M-$250M,Partner,2023-01-02,Active,False,23254.68,14513.33,25,2,2,1,10733.35,0,0,0,0.0,0.0,16689.98,140412.56,43652.26,0.0,8727278.0,113106.0,1.296,2219.35
CUST-001908,Johnson PLC,Energy,Enterprise,1000-4999,$1B+,Digital,2025-05-26,Active,True,2382016.44,1522034.35,89,6,6,5,1733255.61,11,8,3,34.64,3.28,619555.76,5880907.27,1916400.27,47503.76,389054106.0,4950197.0,1.2724,191194.36
CUST-001909,Burns Inc,Professional Services,SMB,5000+,$10M-$50M,Marketplace,2022-12-15,Active,False,59404.99,38053.09,60,3,3,1,8925.81,3,2,0,21.66,2.65,35210.51,353284.49,105818.77,0.0,23622123.0,349195.0,1.4783,4933.67
CUST-001910,"Schneider, Porter and Hanna",Education,SMB,5000+,$250M-$1B,Direct Sales,2023-06-16,Active,False,27328.33,17080.33,37,2,2,1,10307.92,2,1,0,15.38,3.16,22480.89,211968.9,72294.36,0.0,12148290.0,162351.0,1.3364,3169.88
CUST-001911,Levy-Smith,Energy,Strategic,1-49,$50M-$250M,Marketplace,2023-07-08,Active,True,7315308.37,4645065.92,91,5,5,3,2646601.71,22,17,2,51.57,3.14,2022694.22,17690023.47,5533054.77,124097.93,1108947154.0,15101338.0,1.3618,545768.86
CUST-001912,Brown-French,Insurance,Enterprise,250-999,$1B+,Digital,2022-12-27,Active,True,1507881.24,931917.79,62,3,3,0,0.0,7,5,1,39.45,2.99,431803.86,4137263.98,1513218.25,36012.5,255920812.0,3733632.0,1.4589,141496.6
CUST-001913,Sullivan and Sons,Technology,Strategic,50-249,$250M-$1B,Partner,2023-10-03,Active,False,18598168.38,11902037.98,185,8,8,4,5067243.24,19,10,4,44.97,3.57,3897880.96,35775724.34,11241202.21,0.0,2427611984.0,28901166.0,1.1905,534772.77
CUST-001914,"Contreras, Ellis and Gregory",Manufacturing,Mid-Market,250-999,$10M-$50M,Enterprise Agreement,2024-10-13,Active,False,432331.68,277479.2,72,4,4,3,208922.99,2,1,1,23.8,4.16,154127.15,1487234.26,470324.69,0.0,91772331.0,1303813.0,1.4207,21549.15
CUST-001915,"Hernandez, Riley and Buckley",Energy,Enterprise,5000+,$50M-$250M,Direct Sales,2021-10-23,Active,False,3001976.29,1901740.94,133,7,7,6,1591555.92,9,4,1,58.48,3.8,1042586.36,8434791.54,2617887.89,0.0,582616874.0,7108598.0,1.2201,136881.22
CUST-001916,Moss Group,Media,Strategic,1-49,<$10M,Enterprise Agreement,2023-01-04,Active,False,12113371.92,7756054.09,171,8,8,5,4164139.63,19,13,8,51.8,3.25,3614127.47,34592234.62,11371079.05,0.0,2306531584.0,30369612.0,1.3167,508166.4
CUST-001917,"Smith, Meadows and Montgomery",Healthcare,SMB,50-249,$1B+,Partner,2025-02-09,Active,False,81621.53,50583.09,59,3,3,3,47552.08,1,1,0,26.17,3.73,31250.11,314838.66,104914.54,0.0,22521079.0,292915.0,1.3006,4491.41
CUST-001918,Haynes and Sons,Professional Services,Enterprise,1-49,$50M-$250M,Direct Sales,2023-10-11,Active,False,1459146.22,949986.37,74,6,6,5,1049718.3,4,2,0,84.19,3.04,527989.68,4986341.14,1771158.84,0.0,298518325.0,4065691.0,1.362,75203.38
CUST-001919,Jackson Inc,Technology,SMB,1000-4999,$250M-$1B,Marketplace,2024-11-04,Active,False,48490.91,30341.45,36,3,3,1,17840.12,1,1,0,45.1,2.02,22929.87,197373.0,67752.46,0.0,13061888.0,157129.0,1.203,3135.93
CUST-001920,Hoover-Davis,Telecommunications,SMB,50-249,$250M-$1B,Digital,2022-09-30,Active,False,32293.21,19872.43,25,1,1,0,0.0,0,0,0,0.0,0.0,15537.21,131352.02,47246.82,0.0,8658748.0,110103.0,1.2716,2133.6
CUST-001921,"Jackson, Garza and Meyers",Healthcare,Mid-Market,250-999,<$10M,Digital,2022-02-15,Active,True,400178.25,249235.49,98,5,5,0,0.0,2,1,0,33.13,3.97,207879.8,1960175.52,572136.97,4343.71,136709622.0,1865185.0,1.3643,37907.1
CUST-001922,Wilson PLC,Media,Mid-Market,1-49,$1B+,Direct Sales,2021-02-11,Active,False,289552.26,182257.77,44,2,2,1,88414.45,6,4,0,41.18,3.4,92496.5,841251.37,292662.55,0.0,58771209.0,766493.0,1.3042,12933.97
CUST-001923,"Walker, Brock and Simmons",Banking,Mid-Market,1-49,$50M-$250M,Marketplace,2023-12-20,Active,True,266689.9,173876.43,56,3,3,3,192799.97,4,1,0,32.96,4.25,116015.76,1009990.55,394732.0,4226.66,75500831.0,868735.0,1.1506,25707.15
CUST-001924,"Gregory, Nguyen and Daugherty",Insurance,SMB,50-249,$10M-$50M,Enterprise Agreement,2025-10-26,Active,False,18364.78,11403.98,24,2,2,2,17534.74,0,0,0,0.0,0.0,13245.47,139105.82,46860.8,0.0,9466485.0,134127.0,1.4169,1939.0
CUST-001925,"Gardner, Morris and Oconnell",Insurance,Mid-Market,50-249,$1B+,Digital,2022-12-09,Active,True,665663.74,413773.66,103,4,4,1,42037.58,4,3,1,35.57,3.0,229494.94,2204478.4,620883.89,0.0,128925160.0,1960644.0,1.5208,31272.43
CUST-001926,Duran PLC,Retail,Mid-Market,5000+,$10M-$50M,Marketplace,2025-12-07,Active,False,139361.82,86608.85,30,3,3,3,159229.37,12,9,2,47.44,3.22,64206.49,615970.98,175095.53,0.0,41921677.0,459641.0,1.0964,8761.55
CUST-001927,Rogers Inc,Insurance,SMB,250-999,$50M-$250M,Direct Sales,2025-12-25,Active,False,31783.94,20758.61,20,2,2,2,35411.47,0,0,0,0.0,0.0,12113.82,84913.6,36959.3,0.0,6636028.0,84861.0,1.2788,1629.67
CUST-001928,Thomas-Perry,Insurance,SMB,1000-4999,$10M-$50M,Enterprise Agreement,2021-12-09,Active,False,45104.16,28574.88,28,2,2,2,36087.28,1,1,0,25.16,3.24,17500.81,155597.87,55058.28,0.0,10779090.0,117012.0,1.0855,2436.98
CUST-001929,"Wood, Martin and Sanchez",Transportation,SMB,5000+,$250M-$1B,Marketplace,2023-07-21,Active,False,25868.81,16413.53,26,2,2,1,9479.45,2,2,0,9.34,2.66,15161.97,122814.89,38399.12,0.0,8326668.0,129570.0,1.5561,1994.23
CUST-001930,"Williams, Garcia and Boone",Healthcare,Strategic,250-999,$10M-$50M,Partner,2022-11-24,Active,True,13087451.97,8177531.64,146,5,5,2,1414999.1,17,13,1,38.81,2.99,2877534.93,30845912.06,8879182.03,181213.67,2026898006.0,26100144.0,1.2877,808131.73
CUST-001931,"Bennett, Moore and Hobbs",Banking,Strategic,250-999,<$10M,Marketplace,2023-04-08,Active,True,15137399.3,9582988.84,165,7,7,4,3894131.7,18,12,3,55.37,3.37,3459982.61,33554502.49,10795530.84,231350.53,2074576413.0,26552295.0,1.2799,995434.3
CUST-001932,Smith and Sons,Media,Enterprise,1-49,$1B+,Direct Sales,2025-09-15,Active,False,1204253.83,788878.52,39,3,3,3,1055920.57,7,5,1,18.28,3.36,270495.52,2614030.17,870340.27,0.0,203349083.0,3051188.0,1.5005,38276.14
CUST-001933,Mann PLC,Media,Mid-Market,5000+,$1B+,Marketplace,2024-02-28,Active,False,564120.03,359417.93,113,5,5,3,151335.6,4,4,1,37.39,2.31,240611.53,2296443.25,729332.06,0.0,148818621.0,1844255.0,1.2393,33541.06
CUST-001934,Butler-Aguirre,Retail,Enterprise,1000-4999,$10M-$50M,Digital,2022-10-19,Active,True,1610049.04,1014789.98,54,3,3,2,594450.31,13,9,3,39.97,3.19,388536.0,3753779.37,1288088.34,0.0,254232398.0,2738344.0,1.0771,55356.84
CUST-001935,Schwartz-Harris,Insurance,Strategic,1000-4999,<$10M,Marketplace,2023-02-12,Active,True,11003311.49,6878841.32,139,7,7,2,1589141.3,21,14,2,27.94,3.18,2870986.95,27153346.87,8944941.11,136744.71,1912937005.0,25080419.0,1.3111,702983.12
CUST-001936,"Nelson, Cole and Allen",Manufacturing,SMB,1000-4999,$50M-$250M,Direct Sales,2023-03-08,Active,False,47090.99,28763.42,48,2,2,0,0.0,1,1,0,110.72,3.26,27715.3,229250.47,88926.54,0.0,17224459.0,231042.0,1.3414,3842.23
CUST-001937,Bishop Inc,Manufacturing,Mid-Market,5000+,$1B+,Enterprise Agreement,2021-07-02,Active,True,260690.0,166713.29,50,3,3,1,45729.88,6,2,1,47.27,3.7,101941.0,963736.08,326774.75,0.0,63896763.0,708372.0,1.1086,14369.95
CUST-001938,"White, Porter and Clements",Banking,SMB,1-49,$50M-$250M,Marketplace,2023-12-31,Active,False,21939.47,14266.15,13,1,1,0,0.0,1,0,0,56.82,4.78,7763.29,79075.22,24304.08,0.0,4629205.0,55069.0,1.1896,1099.91
CUST-001939,"Serrano, Turner and Barnes",Transportation,SMB,1000-4999,$1B+,Enterprise Agreement,2025-08-18,Active,True,38576.1,24458.61,41,3,3,2,14358.93,2,2,1,145.16,2.2,27905.42,220126.47,75761.13,0.0,14726173.0,197631.0,1.342,3709.51
CUST-001940,"Young, Wilson and Moreno",Banking,Enterprise,50-249,<$10M,Marketplace,2024-12-02,Active,True,1176776.83,725083.21,64,4,4,2,469167.7,6,3,2,43.89,3.79,414656.78,4643514.16,1337271.15,45068.18,285333748.0,3680355.0,1.2898,159128.83
CUST-001941,Montgomery PLC,Professional Services,Strategic,50-249,$250M-$1B,Partner,2021-05-30,Active,False,13161784.37,8273734.53,137,7,7,3,3016698.21,17,9,4,51.66,3.49,2637924.12,26261561.23,8850398.66,0.0,1829399089.0,27908482.0,1.5256,378440.37
CUST-001942,"Robinson, Townsend and Hopkins",Healthcare,Mid-Market,1-49,$50M-$250M,Direct Sales,2023-02-21,Active,True,513848.55,318964.73,91,5,5,2,144898.09,7,4,1,33.51,3.61,187017.1,1985980.29,498782.25,0.0,127411515.0,1683878.0,1.3216,25791.64
CUST-001943,Brown-Rodriguez,Telecommunications,Enterprise,50-249,$250M-$1B,Partner,2025-08-30,Active,False,1206588.74,773074.26,53,4,4,1,362393.18,7,5,1,53.66,3.4,352709.55,3257746.73,1242032.01,0.0,214721451.0,2528988.0,1.1778,50679.86
CUST-001944,Jennings Group,Media,SMB,50-249,$1B+,Digital,2021-10-18,Active,True,11812.22,7343.83,19,1,1,1,6981.74,1,1,0,132.26,1.97,12233.58,136995.61,34173.35,0.0,7884303.0,106918.0,1.3561,1716.75
CUST-001945,Thompson-Santiago,Transportation,Enterprise,250-999,$10M-$50M,Digital,2024-12-25,Active,False,1824738.93,1098863.46,76,4,4,4,1072250.17,11,7,1,46.34,3.5,482254.32,4670860.87,1508553.44,0.0,316386854.0,4273612.0,1.3508,67830.28
CUST-001946,Brown LLC,Technology,SMB,250-999,$10M-$50M,Marketplace,2023-04-28,Active,False,133120.77,82877.82,96,3,3,0,0.0,1,0,0,32.24,4.18,55785.24,579600.91,175877.12,0.0,36440873.0,453950.0,1.2457,7938.56
CUST-001947,Clark-King,Banking,SMB,1000-4999,$10M-$50M,Partner,2023-03-21,Active,False,88359.81,54637.34,65,3,3,3,50383.07,2,1,2,18.73,3.91,40531.62,342343.12,128032.12,0.0,21862197.0,282730.0,1.2932,5612.53
CUST-001948,"Trujillo, Chang and Williams",Education,SMB,1-49,$10M-$50M,Enterprise Agreement,2025-06-09,Active,True,11743.64,7460.8,16,1,1,1,8187.83,1,1,1,14.64,3.34,9078.19,74471.37,30840.0,0.0,5867505.0,67179.0,1.1449,1274.35
CUST-001949,"Williams, Medina and Moore",Professional Services,SMB,1000-4999,$50M-$250M,Enterprise Agreement,2025-01-04,Active,False,36255.89,23901.56,21,1,1,1,19777.99,0,0,0,0.0,0.0,12666.46,128865.83,36099.44,0.0,6807514.0,90153.0,1.3243,1758.61
CUST-001950,Washington Inc,Insurance,SMB,1000-4999,$10M-$50M,Direct Sales,2025-04-08,Active,False,59510.26,38074.22,49,3,3,2,26544.27,1,0,0,66.91,4.25,28812.77,309070.91,79277.92,0.0,18442536.0,230391.0,1.2492,4004.14
CUST-001951,Jacobson Ltd,Banking,Mid-Market,1000-4999,$250M-$1B,Direct Sales,2023-11-28,Active,True,637021.5,410008.06,135,5,5,3,184407.98,2,2,2,85.24,3.14,286113.74,2556193.58,877722.93,9916.11,166603640.0,2416414.0,1.4504,61455.45
CUST-001952,Watkins-Nguyen,Insurance,SMB,1-49,$10M-$50M,Marketplace,2022-01-13,Active,False,14852.88,9318.91,20,1,1,1,8757.69,1,1,0,9.01,3.48,11339.21,118699.29,38122.05,0.0,6871480.0,84924.0,1.2359,1639.05
CUST-001953,Burgess LLC,Media,Mid-Market,1-49,$1B+,Partner,2023-06-25,Active,False,413187.46,261330.21,59,3,3,1,94095.45,5,1,0,39.3,4.31,115693.05,1168343.01,357067.76,0.0,66750299.0,821429.0,1.2306,16319.66
CUST-001954,Maxwell LLC,Retail,Enterprise,250-999,$50M-$250M,Partner,2021-01-30,Active,True,3318301.64,2141103.31,123,7,7,5,1807088.82,9,4,1,35.35,3.53,906797.31,8339644.69,2629081.0,41710.36,528970085.0,6867063.0,1.2982,216344.8
CUST-001955,Garcia Ltd,Technology,SMB,1000-4999,$10M-$50M,Digital,2021-04-26,Active,False,25983.68,15989.02,32,2,2,2,18905.42,2,1,0,50.44,4.36,19582.26,168530.28,71043.36,0.0,12759152.0,179284.0,1.4051,2810.01
CUST-001956,Kane-Bennett,Telecommunications,Mid-Market,1000-4999,<$10M,Marketplace,2022-02-03,Active,True,438183.9,276480.28,91,5,5,2,93578.28,3,1,0,52.65,3.61,193423.28,1945855.32,628837.04,0.0,121353246.0,1413307.0,1.1646,27588.05
CUST-001957,Jones PLC,Energy,SMB,50-249,$10M-$50M,Enterprise Agreement,2022-08-13,Active,False,21923.74,14701.1,13,1,1,0,0.0,1,1,0,28.11,3.55,8002.47,80252.22,20847.79,0.0,4488778.0,54579.0,1.2159,1089.13
CUST-001958,Brown-Graham,Technology,Strategic,5000+,$1B+,Direct Sales,2021-05-14,Active,True,12036324.08,7562144.08,135,7,7,2,1588175.26,16,10,1,30.56,3.35,2953951.02,27651340.76,8006389.25,97804.42,1780984611.0,24049851.0,1.3504,616391.65
CUST-001959,Reilly Group,Telecommunications,Mid-Market,1-49,$10M-$50M,Direct Sales,2022-10-21,Active,False,137678.73,87036.95,34,2,2,1,42827.71,4,3,1,94.53,3.02,68913.44,693263.91,200766.66,0.0,54054938.0,702912.0,1.3004,9596.44
CUST-001960,Hughes and Sons,Banking,Mid-Market,1000-4999,$1B+,Direct Sales,2024-02-27,Active,False,191929.02,117729.4,33,2,2,1,55537.14,5,4,1,87.68,3.54,78115.4,628939.21,202958.6,0.0,48320601.0,707637.0,1.4645,10317.79
CUST-001961,Cortez-Chen,Insurance,Enterprise,1-49,$250M-$1B,Enterprise Agreement,2024-01-23,Active,True,719680.24,427250.81,37,3,3,0,0.0,9,3,1,36.45,3.87,237416.86,2354925.0,751133.98,0.0,168569086.0,2159885.0,1.2813,33588.66
CUST-001962,Harris-Martinez,Education,Mid-Market,50-249,$250M-$1B,Enterprise Agreement,2023-03-04,Active,False,370363.51,234400.23,78,4,4,2,102435.63,5,3,0,21.52,3.1,170251.21,1566931.78,482201.82,0.0,108087980.0,1496663.0,1.3847,23278.29
CUST-001963,"Carroll, Ramirez and Rodriguez",Education,SMB,5000+,$50M-$250M,Partner,2021-11-10,Active,False,52485.4,33693.24,43,2,2,1,17140.96,4,2,2,55.04,3.87,25168.87,243876.2,71986.51,0.0,14932827.0,191142.0,1.28,3472.77
CUST-001964,Ellis-Jackson,Manufacturing,SMB,50-249,$50M-$250M,Direct Sales,2023-03-07,Active,False,89297.93,55672.8,67,3,3,2,26427.99,1,1,1,46.94,2.46,37136.83,404748.59,123090.53,0.0,22432550.0,274302.0,1.2228,5382.72
CUST-001965,Robinson-Phillips,Technology,Mid-Market,5000+,$10M-$50M,Marketplace,2023-07-31,Active,True,932166.01,591765.22,125,5,5,2,179938.26,3,2,0,63.87,3.87,278629.91,2569421.88,795038.48,11619.5,152303004.0,2073295.0,1.3613,63728.98
CUST-001966,Clarke Ltd,Technology,SMB,1000-4999,$250M-$1B,Marketplace,2023-04-12,Active,False,61653.0,38355.31,49,3,3,0,0.0,2,2,0,79.85,2.26,29344.3,296433.19,84932.92,0.0,16095800.0,203609.0,1.265,4083.24
CUST-001967,"Whitehead, Lane and Tran",Telecommunications,Mid-Market,1000-4999,$10M-$50M,Enterprise Agreement,2022-11-23,Active,False,90530.62,54739.25,28,2,2,1,30465.7,3,3,0,93.34,2.78,47420.63,615899.07,150803.18,0.0,35991305.0,507227.0,1.4093,7007.63
CUST-001968,Miller PLC,Healthcare,SMB,5000+,$50M-$250M,Marketplace,2024-03-10,Active,False,52073.44,32799.56,58,3,3,2,20916.73,3,2,1,42.77,3.96,32903.93,357957.64,106473.43,0.0,22913541.0,289450.0,1.2632,4741.8
CUST-001969,Atkins-Robinson,Healthcare,Mid-Market,1000-4999,$10M-$50M,Marketplace,2022-09-21,Active,False,299390.3,189538.96,49,2,2,0,0.0,4,4,0,57.82,2.1,110592.54,924321.15,320043.38,0.0,58926602.0,799834.0,1.3573,15002.4
CUST-001970,Hood-Ramirez,Media,SMB,1000-4999,<$10M,Partner,2025-09-02,Active,False,40084.24,25223.63,39,3,3,2,16631.3,1,0,0,13.95,4.27,22637.2,243237.36,67309.4,0.0,16543282.0,199969.0,1.2088,3196.97
CUST-001971,"Patterson, Salas and Wright",Technology,SMB,5000+,$250M-$1B,Partner,2024-09-12,Active,False,71165.49,44987.47,62,3,3,1,9491.8,0,0,0,0.0,0.0,36422.8,357860.82,106016.31,0.0,24340820.0,258321.0,1.0613,5053.72
CUST-001972,Riley-Snow,Media,Strategic,50-249,$50M-$250M,Enterprise Agreement,2023-03-02,Active,False,16382913.98,10323999.72,203,8,8,5,5311983.74,14,8,0,38.83,3.61,4162810.1,40160650.53,12218290.36,0.0,2653777735.0,35864311.0,1.3514,577157.14
CUST-001973,"Shah, Mcintyre and Villanueva",Healthcare,Enterprise,50-249,$250M-$1B,Digital,2025-05-21,Active,True,1462212.36,899172.98,80,5,5,4,818808.05,17,13,3,39.04,2.9,589711.17,5199866.5,1766209.51,20679.96,345855608.0,4512018.0,1.3046,126631.61
CUST-001974,Baird-Williams,Telecommunications,Mid-Market,5000+,$1B+,Enterprise Agreement,2023-09-24,Active,False,632602.1,405520.91,97,5,5,3,223876.51,7,4,2,59.65,3.88,204694.0,1709439.07,597983.75,0.0,124042695.0,1562708.0,1.2598,27821.36
CUST-001975,Quinn-Gordon,Insurance,Enterprise,1-49,<$10M,Direct Sales,2025-05-31,Active,False,1681851.55,1074022.33,76,5,5,4,1052409.85,10,5,1,48.57,3.44,522777.25,4759577.73,1917646.1,0.0,351232497.0,4136153.0,1.1776,75745.6
CUST-001976,Schmidt-Mendoza,Telecommunications,Enterprise,250-999,$10M-$50M,Partner,2021-07-04,Active,True,993589.67,618295.92,52,3,3,2,485773.34,9,7,1,34.95,3.09,367339.38,3935640.64,1215208.17,0.0,248566892.0,3139773.0,1.2632,53084.01
CUST-001977,"Nicholson, Chavez and Allen",Media,Strategic,250-999,$1B+,Marketplace,2023-01-14,Active,False,12685604.19,7858290.66,144,8,8,3,2490534.1,12,9,3,48.92,3.34,2968432.94,28661567.02,8972674.68,0.0,1835984766.0,23313129.0,1.2698,414209.04
CUST-001978,"Mullins, Steele and Russell",Energy,Mid-Market,50-249,$10M-$50M,Partner,2021-07-27,Active,False,333174.13,212129.91,64,4,4,0,0.0,11,10,5,68.01,2.63,135633.57,1228925.61,381187.34,0.0,80973809.0,1021069.0,1.261,18476.71
CUST-001979,Anderson LLC,Retail,SMB,5000+,$1B+,Marketplace,2023-04-20,Active,False,67248.37,40736.88,59,3,3,1,18942.54,1,1,0,10.12,2.94,39386.22,339562.7,112194.77,0.0,18166876.0,214102.0,1.1785,5345.83
CUST-001980,Holland Inc,Insurance,Mid-Market,50-249,$250M-$1B,Direct Sales,2022-05-26,Active,False,558033.44,344776.42,83,3,3,2,179655.43,2,0,0,5.78,4.82,173797.88,1735545.65,538975.59,0.0,107367372.0,1274147.0,1.1867,24502.87
CUST-001981,Castillo LLC,Technology,Enterprise,1000-4999,$10M-$50M,Direct Sales,2023-08-27,Active,False,1126823.2,708599.53,71,3,3,3,678943.71,6,4,0,64.3,3.26,519939.75,4926741.82,1771036.76,0.0,298631823.0,3815700.0,1.2777,74358.34
CUST-001982,Warner PLC,Media,Mid-Market,50-249,$250M-$1B,Direct Sales,2024-04-12,Active,False,279541.21,174489.5,49,3,3,1,69149.34,3,0,0,51.38,4.38,107507.66,931575.38,303554.13,0.0,63537467.0,832832.0,1.3108,14574.35
CUST-001983,"Silva, Bray and Ford",Telecommunications,Strategic,1-49,$50M-$250M,Direct Sales,2025-12-19,Active,True,7922676.45,4920478.27,70,7,7,7,8967926.95,19,10,1,30.2,3.4,1411740.62,13532517.35,3958405.53,30226.93,935956231.0,11322115.0,1.2097,260204.91
CUST-001984,Sawyer Group,Retail,SMB,1-49,$10M-$50M,Digital,2023-03-18,Active,False,17644.85,10656.05,31,1,1,1,6755.38,1,0,0,49.94,4.54,15901.42,202032.57,60743.57,0.0,11452812.0,171395.0,1.4965,2442.51
CUST-001985,Clarke LLC,Education,SMB,1-49,$1B+,Enterprise Agreement,2025-06-26,Active,False,8771.77,5294.92,12,1,1,1,8611.38,3,2,0,59.43,3.82,6237.49,74801.07,33962.79,0.0,3389519.0,48650.0,1.4353,1050.7
CUST-001986,"Marshall, Schultz and Dalton",Healthcare,SMB,5000+,$50M-$250M,Enterprise Agreement,2022-06-02,Active,False,83222.36,51178.24,61,3,3,0,0.0,3,2,0,11.82,2.68,34241.82,382708.93,119962.97,0.0,24615878.0,321972.0,1.308,5046.86
CUST-001987,Cruz Ltd,Banking,Enterprise,50-249,$50M-$250M,Digital,2021-12-08,Active,False,1460963.55,915732.58,67,4,4,1,294484.6,16,11,2,36.18,3.22,469984.38,4341593.84,1321911.36,0.0,316666049.0,4030460.0,1.2728,64200.92
CUST-001988,Schmidt-Phillips,Professional Services,Mid-Market,1000-4999,<$10M,Digital,2022-07-13,Active,False,593799.65,370237.18,94,5,5,4,298360.84,1,0,0,18.62,4.46,190211.39,1776419.77,652945.54,0.0,121489536.0,1531796.0,1.2608,27201.51
CUST-001989,Wolfe-Salazar,Banking,Mid-Market,5000+,<$10M,Digital,2024-07-02,Active,False,568931.81,353357.02,86,5,5,3,251844.06,5,2,0,46.01,3.4,156137.44,1722344.58,540616.68,0.0,117639851.0,1605555.0,1.3648,22903.16
CUST-001990,"Norton, French and Miller",Professional Services,SMB,250-999,$250M-$1B,Digital,2021-03-15,Active,False,67311.44,42813.43,51,2,2,1,11270.83,2,2,1,72.85,2.61,31192.69,283752.93,87820.25,0.0,20186579.0,262066.0,1.2982,4253.13
CUST-001991,Fitzgerald-Brown,Technology,SMB,1000-4999,$50M-$250M,Partner,2025-05-25,Active,False,28300.0,18750.73,17,1,1,1,19868.81,4,4,0,46.75,2.73,9448.66,92363.52,24440.89,0.0,7630959.0,81004.0,1.0615,1279.53
CUST-001992,"Cox, Williams and Reyes",Manufacturing,Strategic,250-999,<$10M,Marketplace,2023-09-29,Active,True,8141502.75,5067208.45,73,5,5,2,3179259.6,19,14,1,33.83,3.04,1526037.53,13503199.61,4675629.82,48452.42,930798029.0,10768198.0,1.1569,317701.51
CUST-001993,Harvey-Diaz,Energy,Enterprise,1-49,<$10M,Partner,2022-10-15,Active,False,4102733.13,2534618.03,163,7,7,4,1156878.15,6,6,2,43.55,3.02,1187200.94,11087229.74,3700937.62,0.0,676936834.0,8842484.0,1.3062,166032.02
CUST-001994,Wong Ltd,Telecommunications,Enterprise,1-49,$10M-$50M,Enterprise Agreement,2021-12-29,Active,True,1000118.54,620442.19,51,3,3,1,312441.89,11,6,0,33.39,3.52,357280.59,3464764.81,1141514.06,0.0,226710911.0,2670710.0,1.178,50499.68
CUST-001995,Castro and Sons,Professional Services,Enterprise,1-49,$50M-$250M,Enterprise Agreement,2021-01-20,Active,False,2119947.66,1328340.27,122,6,6,1,344916.7,6,1,0,27.88,3.89,923269.87,8688265.27,2731996.21,0.0,526753269.0,6224029.0,1.1816,127791.16
CUST-001996,Zavala and Sons,Education,SMB,250-999,<$10M,Enterprise Agreement,2025-11-20,Active,False,23288.61,13728.88,22,2,2,2,25536.84,0,0,0,0.0,0.0,14354.45,118342.55,41067.42,0.0,7351120.0,73822.0,1.0042,1939.28
CUST-001997,"Wilson, Mendoza and Crosby",Insurance,SMB,50-249,<$10M,Direct Sales,2025-03-08,Active,False,9357.48,5882.0,14,1,1,1,7745.89,1,0,0,20.2,4.12,7976.28,99736.75,24770.06,0.0,5451824.0,52773.0,0.968,1164.94
CUST-001998,"Pitts, Warner and Mullins",Professional Services,SMB,1-49,$250M-$1B,Digital,2021-04-13,Active,False,7975.44,5333.75,10,1,1,1,9041.28,1,1,0,26.63,1.91,7412.28,41780.75,20489.88,0.0,3594871.0,49287.0,1.371,955.5
CUST-001999,Flores LLC,Professional Services,Mid-Market,1000-4999,$1B+,Partner,2022-02-09,Active,False,315241.92,191431.49,52,3,3,3,209501.24,4,3,1,28.35,3.65,105538.72,1061673.73,297978.77,0.0,74319336.0,1011374.0,1.3608,14601.65
CUST-002000,"Frazier, Ramirez and Brown",Banking,Mid-Market,1000-4999,$10M-$50M,Enterprise Agreement,2025-10-30,Active,False,305463.61,204557.33,48,4,4,4,289439.33,2,2,0,18.74,2.2,88839.58,1025862.71,268424.48,0.0,63862323.0,942543.0,1.4759,12731.53
CUST-002001,Chavez-Mason,Retail,SMB,5000+,$1B+,Partner,2022-06-24,Active,False,41671.97,25895.95,49,2,2,0,0.0,1,1,0,78.3,2.32,29457.23,259147.75,84263.29,0.0,19822754.0,256879.0,1.2959,4012.19
CUST-002002,Harrison PLC,Telecommunications,Mid-Market,50-249,$10M-$50M,Marketplace,2025-10-04,Active,True,176414.44,110436.1,24,2,2,2,166724.69,5,4,0,39.21,2.96,48349.75,457287.14,172031.23,0.0,32500307.0,447825.0,1.3779,6986.49
CUST-002003,"Bryan, Lam and Hayes",Energy,Mid-Market,250-999,$10M-$50M,Marketplace,2023-04-25,Active,False,312096.59,194800.64,68,3,3,2,144834.14,1,1,0,31.92,3.12,142077.7,1356662.53,437052.93,0.0,85755698.0,1091706.0,1.273,19870.76
CUST-002004,Marsh-Dougherty,Banking,SMB,250-999,$50M-$250M,Partner,2023-12-23,Active,False,88453.82,56249.49,58,2,2,1,16889.91,3,1,0,50.98,3.46,34082.68,316051.57,101798.43,0.0,19688900.0,271502.0,1.379,4717.44
CUST-002005,Lopez Group,Banking,SMB,5000+,$250M-$1B,Direct Sales,2025-02-10,Active,False,43707.49,27985.16,38,3,3,1,16088.28,4,3,1,69.82,3.58,20087.49,245849.67,68126.37,0.0,13301204.0,159362.0,1.1981,2980.74
CUST-002006,Miller and Sons,Transportation,Mid-Market,1-49,$50M-$250M,Enterprise Agreement,2025-03-05,Active,True,339424.56,214485.33,51,3,3,3,222427.41,7,4,0,44.28,3.42,107185.96,948272.97,319384.04,6094.53,62069756.0,855624.0,1.3785,28145.25
CUST-002007,Mullen-Jones,Transportation,Enterprise,1-49,$1B+,Digital,2024-05-25,Active,False,3174354.35,1973645.5,124,7,7,5,1565297.32,9,4,3,49.68,3.58,882347.92,8790548.46,2551056.4,0.0,553233667.0,7288498.0,1.3174,122503.01
CUST-002008,Hill Ltd,Education,Mid-Market,250-999,$250M-$1B,Digital,2025-03-01,Active,False,356678.3,230729.4,83,5,5,3,138664.03,3,0,1,16.65,4.83,164526.33,1653282.45,532312.58,0.0,104091239.0,1373498.0,1.3195,23436.84
CUST-002009,Crawford and Sons,Healthcare,Enterprise,50-249,$1B+,Partner,2025-03-06,Active,False,1165957.62,734492.19,55,4,4,2,450521.13,9,6,1,52.73,3.41,353705.29,3505171.87,1157796.97,0.0,253664110.0,3457762.0,1.3631,50421.63
CUST-002010,"Crane, Johnson and Butler",Education,SMB,250-999,$250M-$1B,Marketplace,2025-12-08,Active,False,18264.39,10994.01,20,2,2,2,19597.72,2,2,0,62.45,2.12,12488.05,128347.79,32437.01,0.0,7586782.0,69279.0,0.9132,1704.92
CUST-002011,"Weaver, Anderson and Reed",Professional Services,Enterprise,1000-4999,$250M-$1B,Direct Sales,2021-10-18,Active,True,5543295.47,3547674.92,171,7,7,3,1316680.98,11,9,2,59.67,3.02,1218633.7,11457345.54,4140895.56,51165.57,736228920.0,9603741.0,1.3045,286565.37
CUST-002012,Rojas-Smith,Transportation,Enterprise,50-249,$250M-$1B,Digital,2025-11-18,Active,True,1438390.57,921594.65,55,5,5,5,1510027.46,14,10,2,58.57,3.23,360465.79,3928735.43,1142253.91,12402.53,249892930.0,3257681.0,1.3036,79007.67
CUST-002013,Brown and Sons,Media,SMB,50-249,$10M-$50M,Direct Sales,2021-11-06,Active,False,16865.06,10980.39,13,1,1,0,0.0,2,0,0,10.87,4.33,8599.59,65362.21,22709.98,0.0,5050640.0,60312.0,1.1941,1131.69
CUST-002014,"Newman, Jenkins and Cooper",Healthcare,SMB,1-49,$250M-$1B,Marketplace,2022-11-22,Active,True,109757.73,69523.04,80,3,3,1,15382.58,0,0,0,0.0,0.0,47532.0,455900.97,150780.93,0.0,26612789.0,350056.0,1.3154,6697.39
CUST-002015,"Buchanan, Tucker and Wade",Education,SMB,5000+,$250M-$1B,Marketplace,2022-01-25,Active,False,48753.18,31821.1,38,3,3,0,0.0,2,1,0,14.94,3.43,22199.76,210185.39,62205.25,0.0,15261197.0,191247.0,1.2532,3040.31
CUST-002016,"Wilkinson, Wallace and Torres",Banking,Mid-Market,250-999,<$10M,Direct Sales,2024-09-25,Active,False,384275.47,237742.23,76,4,4,2,115648.2,6,4,1,44.49,3.16,157608.71,1606487.49,453076.85,0.0,97438663.0,1256997.0,1.29,21928.27
CUST-002017,Villanueva LLC,Healthcare,Strategic,5000+,$250M-$1B,Partner,2021-10-17,Active,True,20974873.67,13279577.21,211,9,9,4,4532720.78,17,11,0,39.03,3.39,4343457.7,44296993.06,14008711.81,167745.22,2591225763.0,32478425.0,1.2534,988631.63
CUST-002018,Mccormick and Sons,Retail,SMB,250-999,$50M-$250M,Enterprise Agreement,2024-07-17,Active,False,15875.07,9865.05,25,1,1,0,0.0,4,3,0,46.66,3.03,15482.09,153626.29,45727.97,0.0,9225363.0,113575.0,1.2311,2157.96
CUST-002019,Watson-Roberts,Manufacturing,Mid-Market,250-999,$50M-$250M,Partner,2023-12-21,Active,False,650671.95,407872.23,90,4,4,2,172235.77,2,2,1,70.85,2.89,197977.83,1681656.76,545390.69,0.0,119605031.0,1469265.0,1.2284,26635.14
CUST-002020,Hernandez LLC,Telecommunications,SMB,1000-4999,$10M-$50M,Partner,2023-07-05,Active,True,43336.26,27645.91,25,1,1,0,0.0,0,0,0,0.0,0.0,15584.88,125237.23,50531.2,0.0,8382976.0,107415.0,1.2813,2158.38
CUST-002021,Huber-Montgomery,Transportation,Strategic,1000-4999,$50M-$250M,Enterprise Agreement,2022-10-03,Active,False,12168458.16,7733931.0,161,8,8,3,2950510.78,19,13,4,47.52,2.93,3181175.4,32523954.37,10460731.17,0.0,2089503178.0,28086415.0,1.3442,455960.96
CUST-002022,Joseph LLC,Telecommunications,SMB,5000+,$10M-$50M,Enterprise Agreement,2021-09-18,Active,False,70444.82,43599.61,81,3,3,1,18652.92,2,2,0,146.19,3.31,48181.55,471645.7,133151.3,0.0,28442414.0,410928.0,1.4448,6611.01
CUST-002023,Mcpherson Ltd,Banking,Mid-Market,250-999,$1B+,Direct Sales,2023-08-21,Active,False,255967.7,165932.26,33,2,2,1,83840.88,6,4,2,21.31,3.18,65648.22,596469.58,225268.55,0.0,46293121.0,597968.0,1.2917,9354.1
CUST-002024,"Conway, Bauer and Martin",Energy,SMB,1000-4999,$250M-$1B,Enterprise Agreement,2021-06-16,Active,False,71129.85,45772.96,50,3,3,0,0.0,2,0,0,35.12,4.71,29255.7,283768.15,99295.14,0.0,17943219.0,247597.0,1.3799,4193.56
CUST-002025,Williams LLC,Healthcare,Enterprise,250-999,$10M-$50M,Digital,2023-03-09,Active,True,1402846.1,891974.69,55,3,3,1,366305.94,5,3,1,59.72,3.3,417765.35,4328184.24,1184197.99,0.0,243138952.0,3171770.0,1.3045,58097.27
CUST-002026,"Martinez, Green and Lopez",Transportation,Enterprise,1-49,$50M-$250M,Digital,2022-04-03,Active,True,2884979.75,1808321.89,152,7,7,4,967998.29,6,4,1,65.85,3.17,1061817.88,9730036.77,3428817.55,14975.72,670627888.0,8065442.0,1.2027,182258.86
CUST-002027,"Mann, Wade and Spence",Manufacturing,Enterprise,250-999,$250M-$1B,Digital,2025-05-24,Active,False,2359873.95,1513701.31,93,6,6,5,1424056.94,6,5,0,63.71,3.03,669843.21,6210706.83,2079925.06,0.0,403113851.0,5693723.0,1.4124,93506.63
CUST-002028,Watson PLC,Transportation,Mid-Market,50-249,$1B+,Enterprise Agreement,2025-07-19,Active,True,486724.28,297322.42,73,5,5,4,328281.72,4,2,2,28.71,3.67,160635.8,1462293.08,493544.03,5101.32,96058963.0,1151122.0,1.1983,33540.36
CUST-002029,Ferguson Inc,Energy,SMB,5000+,$50M-$250M,Partner,2022-02-04,Active,False,83798.27,52144.07,48,2,2,1,20926.5,1,1,0,31.76,1.75,28797.99,300291.95,88323.45,0.0,17429433.0,224770.0,1.2896,4075.68
CUST-002030,Sullivan Group,Banking,Enterprise,250-999,$50M-$250M,Partner,2025-10-13,Active,False,1603521.96,1007957.19,70,6,6,6,1555648.2,14,11,3,61.35,3.03,486077.29,4734018.24,1500148.58,0.0,319727177.0,4183074.0,1.3083,68215.98
CUST-002031,Gould LLC,Technology,SMB,1-49,$50M-$250M,Marketplace,2024-08-11,Active,True,36344.32,22964.16,39,2,2,1,12322.16,1,1,1,103.42,3.22,23256.4,241270.78,68196.52,0.0,13436059.0,168903.0,1.2571,3257.45
CUST-002032,Smith Ltd,Energy,Enterprise,50-249,$1B+,Marketplace,2023-02-22,Active,True,1574862.83,1004090.65,71,3,3,3,760420.13,3,3,2,60.59,2.71,478442.33,4858370.04,1413882.85,0.0,305146758.0,3612861.0,1.184,66915.24
CUST-002033,"Cantrell, Rivera and Thornton",Manufacturing,Enterprise,50-249,$1B+,Marketplace,2023-07-23,Active,False,1732843.24,1095839.63,72,4,4,1,297725.75,6,0,0,21.54,4.4,564451.86,4892868.58,1561419.19,0.0,307985202.0,4189017.0,1.3601,76200.6
CUST-002034,Kemp-Montes,Insurance,SMB,1-49,$50M-$250M,Enterprise Agreement,2021-02-04,Active,True,27659.5,17790.87,31,2,2,1,9413.79,2,2,1,29.24,3.36,19277.63,184602.45,58826.9,1577.0,10275860.0,137676.0,1.3398,6161.75
CUST-002035,"Estrada, Marsh and Chandler",Technology,Mid-Market,5000+,<$10M,Marketplace,2025-01-15,Active,False,246350.7,163473.74,42,2,2,2,136311.39,3,2,1,63.99,2.82,87355.57,837238.3,288028.72,0.0,55445306.0,583947.0,1.0532,12416.74
CUST-002036,Morgan-Rodriguez,Banking,Mid-Market,250-999,$50M-$250M,Enterprise Agreement,2024-06-09,Active,True,165882.73,107595.34,30,2,2,1,48001.95,4,2,0,49.0,3.32,55085.4,545605.55,186309.07,5533.01,33231296.0,465199.0,1.3999,20084.61
CUST-002037,Mccullough-Taylor,Professional Services,Enterprise,50-249,$250M-$1B,Direct Sales,2021-04-25,Active,False,1549172.5,991666.72,68,4,4,1,121687.77,11,5,1,43.51,3.64,461567.92,4600493.2,1530949.16,0.0,296860095.0,3595046.0,1.211,66051.86
CUST-002038,"Wilson, Johnson and Williamson",Retail,Enterprise,50-249,<$10M,Digital,2023-12-07,Active,True,3177727.63,2014069.27,122,5,5,3,916569.78,10,9,2,78.33,2.77,903395.77,8199187.69,2745343.79,38210.12,528545759.0,6695864.0,1.2668,209219.92
CUST-002039,Griffin Inc,Insurance,Strategic,1000-4999,$250M-$1B,Enterprise Agreement,2022-12-05,Active,True,8836453.07,5427836.3,145,6,6,1,756293.01,14,10,2,49.9,3.19,3077256.57,28786951.22,9997339.37,95487.65,1972790484.0,25646817.0,1.3,644572.74
CUST-002040,Brown-Davidson,Professional Services,SMB,50-249,$1B+,Direct Sales,2023-03-22,Active,False,15887.25,10419.48,13,1,1,0,0.0,3,2,0,66.29,3.64,7710.03,62839.66,20066.73,0.0,4798367.0,68712.0,1.432,1020.18
CUST-002041,"Fox, Harrington and Wang",Manufacturing,Enterprise,50-249,$10M-$50M,Direct Sales,2025-04-12,Active,True,1009336.36,638943.77,43,3,3,2,584189.89,4,3,1,66.84,3.1,336239.87,3194058.49,867195.28,13699.55,202810342.0,2671683.0,1.3173,75460.7
CUST-002042,Johnson PLC,Professional Services,Mid-Market,50-249,$250M-$1B,Direct Sales,2024-08-09,Active,True,269384.61,172176.01,50,3,3,1,93434.64,4,2,0,25.15,3.65,103662.71,1014325.89,331582.95,0.0,67950470.0,843150.0,1.2408,14674.31
CUST-002043,Rhodes-Rosario,Retail,SMB,5000+,$50M-$250M,Digital,2025-11-18,Active,False,23211.57,15107.18,22,2,2,2,23711.39,2,1,0,25.51,3.97,14691.81,110789.09,47720.83,0.0,6732467.0,82670.0,1.2279,2020.97
CUST-002044,"Foster, Henry and Morrison",Energy,SMB,250-999,$250M-$1B,Direct Sales,2021-02-09,Active,False,37641.58,24236.94,27,1,1,1,16478.97,2,0,0,15.44,4.04,16964.08,133386.83,48568.54,0.0,10588277.0,157402.0,1.4866,2279.2
CUST-002045,"Harding, Kerr and Ward",Healthcare,Mid-Market,5000+,<$10M,Partner,2021-03-24,Active,False,399542.78,247239.44,55,3,3,2,163269.24,3,2,1,43.83,3.42,108367.52,1175864.61,365794.18,0.0,60942224.0,744548.0,1.2217,15762.67
CUST-002046,Baldwin Group,Insurance,SMB,5000+,$50M-$250M,Enterprise Agreement,2024-12-08,Active,True,36456.96,22410.52,22,1,1,1,18830.67,1,1,0,133.33,1.98,13906.03,128389.21,42096.91,2692.23,9703666.0,107254.0,1.1053,7852.11
CUST-002047,Hughes-Smith,Energy,Enterprise,1-49,$1B+,Digital,2021-11-08,Active,True,3001238.91,1932711.8,127,7,7,2,565066.53,7,3,1,63.91,3.61,897057.07,8280401.43,2610785.8,46164.37,598289286.0,7161882.0,1.1971,224965.86
CUST-002048,Bell-Madden,Healthcare,SMB,5000+,$50M-$250M,Digital,2021-11-24,Active,False,64240.78,41735.47,48,3,3,2,27994.32,2,1,0,21.09,3.81,29525.06,257056.58,85290.38,0.0,17313548.0,201558.0,1.1642,4024.44
CUST-002049,"Miller, Luna and Wallace",Manufacturing,SMB,1000-4999,<$10M,Marketplace,2024-08-25,Active,False,47935.5,30986.35,51,2,2,1,9195.39,1,1,0,137.06,2.76,29572.71,247124.59,93172.17,0.0,19633733.0,261296.0,1.3309,4087.58
CUST-002050,Lara-Roberts,Technology,Mid-Market,50-249,$10M-$50M,Direct Sales,2025-04-26,Active,False,354492.29,221361.51,70,5,5,2,136801.26,5,2,0,45.69,3.89,149218.41,1492773.52,447124.16,0.0,94100342.0,1151402.0,1.2236,20886.6
CUST-002051,"Waller, Coleman and Mosley",Healthcare,SMB,50-249,$1B+,Digital,2025-11-26,Active,False,16777.14,10935.38,11,1,1,1,17284.03,2,0,0,35.36,4.18,6202.14,72203.24,22614.25,0.0,4691204.0,60529.0,1.2903,928.83
CUST-002052,Houston PLC,Manufacturing,Enterprise,250-999,$250M-$1B,Direct Sales,2024-04-29,Active,True,3038504.83,1916646.93,140,7,7,3,763946.65,9,4,1,22.89,3.77,986232.34,9195151.42,3241196.09,0.0,599273549.0,7750358.0,1.2933,139562.92
CUST-002053,Thomas LLC,Manufacturing,Mid-Market,50-249,$1B+,Direct Sales,2025-12-17,Active,False,146913.68,94205.89,30,3,3,3,170835.41,4,3,1,28.49,2.47,66793.98,529059.88,179511.57,0.0,38823421.0,480263.0,1.237,8864.8
CUST-002054,Mcneil-Fox,Telecommunications,SMB,50-249,$250M-$1B,Marketplace,2025-10-29,Active,False,11129.55,6604.97,12,1,1,1,10662.13,0,0,0,0.0,0.0,5915.52,61081.42,27747.07,0.0,3774316.0,69937.0,1.853,932.05
CUST-002055,Jones-Choi,Retail,Mid-Market,1000-4999,$250M-$1B,Enterprise Agreement,2024-05-17,Active,False,462618.55,287385.68,74,4,4,3,211775.07,1,0,0,4.55,4.05,155304.74,1392316.12,433319.74,0.0,98414253.0,1246182.0,1.2663,21095.2
CUST-002056,Davis-Ortiz,Insurance,Mid-Market,5000+,<$10M,Direct Sales,2022-05-24,Active,False,505444.85,319697.32,79,3,3,2,119876.44,7,2,0,38.16,4.16,168058.31,1548946.19,509943.08,0.0,104527619.0,1332639.0,1.2749,23322.46
CUST-002057,Perry-Peters,Manufacturing,Enterprise,1-49,$50M-$250M,Marketplace,2021-01-23,Active,True,2392375.6,1508521.0,107,6,6,3,807865.25,11,10,2,44.36,2.86,790421.75,7630965.6,2113125.03,50226.71,457298646.0,5533661.0,1.2101,218029.84
CUST-002058,"Bradley, Melendez and Gonzalez",Banking,SMB,250-999,$10M-$50M,Partner,2021-07-19,Active,False,56283.83,35914.27,58,3,3,2,17725.5,2,1,0,33.86,3.97,34379.58,284522.7,96390.51,0.0,19471781.0,247058.0,1.2688,4627.14
CUST-002059,Roberts-Henry,Transportation,Strategic,1-49,$50M-$250M,Direct Sales,2023-05-06,Active,True,14228424.22,8776631.64,154,8,8,4,4573620.24,9,7,3,67.29,2.7,3219667.89,30240764.27,10201726.74,118996.52,1884221031.0,24608150.0,1.306,714061.46
CUST-002060,Davenport-Torres,Healthcare,Enterprise,1-49,<$10M,Marketplace,2023-07-25,Active,True,2787403.6,1746888.74,105,7,7,2,628489.06,6,5,1,57.97,3.0,791468.35,6854875.7,2183573.48,28969.08,481996592.0,6158145.0,1.2776,170510.2
CUST-002061,"Singh, Walker and Moody",Education,SMB,5000+,$1B+,Digital,2022-04-26,Active,True,19526.4,12627.38,26,1,1,1,8637.13,1,1,0,111.73,3.76,14860.57,136345.72,57309.14,0.0,10271086.0,122661.0,1.1942,2183.09
CUST-002062,Baker Ltd,Professional Services,SMB,50-249,$10M-$50M,Direct Sales,2025-02-06,Active,False,36449.68,23571.21,33,2,2,1,9510.7,0,0,0,0.0,0.0,18089.41,205626.0,52561.68,0.0,9726143.0,116620.0,1.199,2565.01
CUST-002063,"Kennedy, Valdez and Stafford",Technology,SMB,1000-4999,$250M-$1B,Partner,2023-10-16,Active,True,37068.47,23417.31,36,1,1,1,11933.53,2,2,0,72.35,2.41,19914.8,218382.9,71596.47,4545.22,12384162.0,173390.0,1.4001,12944.54
CUST-002064,White-Knox,Insurance,Strategic,250-999,$50M-$250M,Marketplace,2024-09-06,Active,False,11108495.39,7047569.17,127,7,7,1,494920.9,15,11,2,44.98,3.3,2822759.08,24148794.15,7795230.01,0.0,1625575077.0,19146456.0,1.1778,380298.17
CUST-002065,"Sanchez, Wilson and Ramirez",Healthcare,SMB,50-249,$250M-$1B,Direct Sales,2022-07-11,Active,True,62564.64,38807.42,47,3,3,2,35767.14,2,1,1,106.94,3.95,26982.23,331086.74,92793.27,1856.83,16137870.0,218463.0,1.3537,8103.34
CUST-002066,George LLC,Technology,Strategic,5000+,$250M-$1B,Partner,2025-09-07,Active,False,7531819.19,4800493.3,102,8,8,6,4934400.49,19,15,5,31.23,3.03,2141016.01,20266806.62,5997938.84,0.0,1376999204.0,15655388.0,1.1369,293204.73
CUST-002067,"Castillo, Graham and Scott",Media,Mid-Market,250-999,$250M-$1B,Marketplace,2021-07-01,Active,False,582333.53,369320.89,113,5,5,3,208959.73,4,2,1,42.14,3.42,220720.0,2244286.15,744217.63,0.0,144245759.0,1948877.0,1.3511,31795.33
CUST-002068,"Alvarez, Benson and Wilson",Professional Services,Mid-Market,5000+,$1B+,Partner,2023-01-31,Active,False,137923.49,82914.54,29,2,2,1,72062.87,1,1,0,10.87,2.87,54733.57,588225.12,184123.96,0.0,34899284.0,395696.0,1.1338,7943.81
CUST-002069,"Quinn, Smith and Green",Media,SMB,1000-4999,$50M-$250M,Marketplace,2021-12-23,Active,False,27133.1,16714.38,41,2,2,1,6687.58,1,0,0,32.5,4.16,22877.45,240952.29,76512.82,0.0,13791645.0,198856.0,1.4419,3306.03
CUST-002070,"Brown, Flores and Johns",Education,Strategic,5000+,$250M-$1B,Digital,2024-10-09,Active,True,12519099.55,7874328.61,133,8,8,8,8542315.84,17,11,1,34.54,3.61,2778609.27,24922719.23,9053933.3,73470.09,1586574325.0,20776679.0,1.3095,552093.78
CUST-002071,Howard Inc,Retail,Strategic,250-999,$50M-$250M,Marketplace,2025-12-18,Active,True,5040276.1,3093765.96,60,6,6,6,5621729.13,20,16,4,62.9,3.3,1321252.38,11432721.72,3635063.21,0.0,815710574.0,11191936.0,1.372,178128.93
CUST-002072,Ward-Fields,Banking,Mid-Market,250-999,$1B+,Partner,2021-12-03,Active,False,252842.31,157591.79,62,5,5,2,85038.79,5,3,0,34.46,3.71,126919.57,1249599.05,361308.6,0.0,79614773.0,1114575.0,1.4,17535.21
CUST-002073,Williams-Carter,Retail,Mid-Market,5000+,$10M-$50M,Partner,2025-03-06,Active,False,126721.74,77563.21,32,2,2,1,41236.26,4,4,1,56.44,2.66,72366.42,681656.11,188874.43,0.0,39080832.0,573853.0,1.4684,9765.07
CUST-002074,"Mayer, Palmer and Miranda",Insurance,Enterprise,5000+,$1B+,Direct Sales,2023-05-09,Active,True,3061343.62,1946047.18,180,6,6,2,286153.45,8,6,0,63.63,3.16,1217625.57,11892802.3,3884398.49,94092.34,756006482.0,9675435.0,1.2798,379219.19
CUST-002075,Duran PLC,Transportation,Mid-Market,50-249,$10M-$50M,Digital,2024-02-02,Active,True,356704.89,232469.52,67,3,3,1,67059.24,3,2,0,30.62,3.6,150127.54,1238965.24,436660.82,0.0,87578463.0,1172899.0,1.3393,20356.0
CUST-002076,Stephens LLC,Telecommunications,Mid-Market,5000+,$250M-$1B,Enterprise Agreement,2025-06-21,Active,False,139231.76,84657.04,32,2,2,2,100341.61,2,2,0,132.03,2.89,61913.21,569688.21,205942.19,0.0,41394717.0,543228.0,1.3123,8771.07
CUST-002077,"Marsh, Nelson and Wolfe",Professional Services,Mid-Market,1000-4999,<$10M,Partner,2022-12-21,Active,True,699935.76,442580.72,104,5,5,4,294951.45,1,0,1,14.5,4.76,231809.22,2119793.08,667406.62,10253.47,130856845.0,1826664.0,1.3959,54333.79
CUST-002078,Davis-Carpenter,Healthcare,Mid-Market,1-49,$1B+,Direct Sales,2024-11-22,Active,True,365421.01,241330.51,60,4,4,1,53365.34,3,3,1,71.93,2.28,120251.35,1120747.36,382871.91,4100.92,80504284.0,1005718.0,1.2493,25914.91
CUST-002079,Smith PLC,Healthcare,Mid-Market,1000-4999,$50M-$250M,Partner,2022-09-20,Active,False,545882.89,348797.11,108,4,4,2,133412.77,5,4,0,53.91,3.24,229086.87,2002807.26,691786.26,0.0,138348644.0,1723960.0,1.2461,31541.23
CUST-002080,Watson-Washington,Banking,Mid-Market,1-49,<$10M,Digital,2022-01-27,Active,False,502901.42,307589.33,84,5,5,1,88341.69,2,2,1,37.39,3.26,168539.84,1650158.14,526593.17,0.0,114588019.0,1400273.0,1.222,23734.69
CUST-002081,Mccall-Martin,Insurance,SMB,1-49,$50M-$250M,Marketplace,2024-10-25,Active,False,51301.9,32268.93,50,3,3,1,8278.41,0,0,0,0.0,0.0,31835.02,253141.67,95685.31,0.0,19992546.0,236747.0,1.1842,4328.24
CUST-002082,Moore and Sons,Technology,Strategic,1-49,$1B+,Digital,2024-09-16,Active,False,11875730.26,7446557.91,138,8,8,2,1885377.69,17,11,1,60.91,3.56,2964337.38,26334355.32,9195782.27,0.0,1789970413.0,24558177.0,1.372,411416.95
CUST-002083,Pope PLC,Media,SMB,5000+,$250M-$1B,Enterprise Agreement,2023-05-28,Active,False,13788.34,8650.24,12,1,1,0,0.0,1,1,1,146.98,2.52,7116.58,68627.69,23500.48,0.0,4440793.0,54789.0,1.2338,1012.62
CUST-002084,"Norris, Cisneros and Mathis",Education,Mid-Market,250-999,$50M-$250M,Direct Sales,2021-03-06,Active,False,524777.54,325156.92,121,5,5,2,90198.06,5,1,1,41.11,4.08,233669.04,2573893.35,749982.67,0.0,151497304.0,2144527.0,1.4156,33678.33
CUST-002085,"Arnold, Avila and Wilson",Energy,SMB,1-49,$250M-$1B,Enterprise Agreement,2023-02-25,Active,False,33441.07,22446.55,48,2,2,0,0.0,1,0,0,36.19,4.55,28612.42,293982.86,86986.48,0.0,18038580.0,181972.0,1.0088,4032.91
CUST-002086,Moon-Wilson,Education,Mid-Market,1-49,$250M-$1B,Direct Sales,2024-11-03,Active,False,305618.4,192577.75,49,3,3,3,204645.13,1,0,0,13.24,4.11,90878.19,938149.9,294829.11,0.0,66246306.0,952980.0,1.4385,13003.69
CUST-002087,Mclean Group,Insurance,Strategic,1-49,$10M-$50M,Direct Sales,2024-01-19,Active,True,13810215.46,8622131.43,157,8,8,7,6972883.1,19,13,2,41.06,3.28,3403740.67,32713551.12,9773373.04,98097.62,2057892501.0,24911579.0,1.2105,685312.74
CUST-002088,Collins-Cox,Banking,Mid-Market,250-999,$50M-$250M,Enterprise Agreement,2023-08-20,Active,True,348304.53,218713.31,61,3,3,0,0.0,4,2,2,15.22,3.43,131090.56,1308952.99,414510.33,4701.55,79470790.0,989114.0,1.2446,28904.54
CUST-002089,Preston-Harper,Insurance,Enterprise,1-49,$10M-$50M,Enterprise Agreement,2023-04-21,Active,True,1745071.65,1111687.48,74,4,4,1,275476.53,6,3,2,35.29,3.79,597057.5,4923688.66,1383269.86,33487.72,351410066.0,3822280.0,1.0877,151088.21
CUST-002090,Jackson-Torres,Insurance,Enterprise,5000+,$10M-$50M,Marketplace,2023-06-30,Active,False,964909.56,627639.93,52,4,4,4,883819.46,12,8,1,35.92,3.39,363367.09,3807568.94,1113220.74,0.0,233527028.0,3030307.0,1.2976,51450.35
CUST-002091,"Olsen, Walker and Vincent",Transportation,SMB,1-49,$50M-$250M,Enterprise Agreement,2024-01-03,Active,False,18150.01,10586.12,10,1,1,1,19886.77,1,1,0,92.34,1.89,6905.52,44589.79,16655.62,0.0,4266458.0,50036.0,1.1728,877.17
CUST-002092,Watts LLC,Manufacturing,SMB,50-249,<$10M,Digital,2023-07-15,Active,False,8568.78,5026.81,12,1,1,1,8129.56,4,2,1,36.41,3.43,7876.69,72104.69,23076.19,0.0,3837932.0,49868.0,1.2993,1083.81
CUST-002093,Clark Inc,Insurance,Mid-Market,50-249,$250M-$1B,Marketplace,2021-11-14,Active,True,473535.9,304159.99,92,5,5,1,58178.64,4,2,0,46.27,3.62,197198.66,1824063.04,588827.44,4361.71,119437731.0,1495354.0,1.252,36880.2
CUST-002094,Vazquez-Bowers,Transportation,SMB,50-249,$250M-$1B,Direct Sales,2025-07-11,Active,False,44228.98,28162.13,30,2,2,2,33821.05,1,0,0,14.78,4.33,17708.39,160870.16,57192.73,0.0,11499397.0,148617.0,1.2924,2487.45
CUST-002095,Smith Group,Media,SMB,1000-4999,$10M-$50M,Marketplace,2024-10-30,Active,False,49287.25,31256.22,39,3,3,0,0.0,1,1,1,27.17,1.86,21368.23,192089.09,73423.1,0.0,14832720.0,214648.0,1.4471,3041.85
CUST-002096,Williams-Rodriguez,Retail,Enterprise,5000+,$1B+,Direct Sales,2021-10-13,Active,True,1750421.16,1135268.39,77,4,4,3,740255.82,7,5,1,44.19,2.96,572694.2,4805325.76,1787740.12,24997.62,353314024.0,4403280.0,1.2463,134024.94
CUST-002097,"Palmer, Brown and Wilson",Banking,Mid-Market,5000+,$50M-$250M,Enterprise Agreement,2023-05-31,Active,False,566897.14,349412.56,101,5,5,1,48181.38,8,6,2,75.2,2.99,212242.49,2034033.72,671682.38,0.0,121138178.0,1718549.0,1.4187,29886.43
CUST-002098,Williams-Turner,Energy,SMB,1000-4999,<$10M,Direct Sales,2023-06-13,Active,True,46907.6,30297.78,44,2,2,1,14600.3,0,0,0,0.0,0.0,28355.86,249471.29,87548.7,0.0,15535429.0,207270.0,1.3342,3926.3
CUST-002099,Webster Inc,Energy,SMB,50-249,$10M-$50M,Direct Sales,2023-04-02,Active,False,91356.61,56653.28,59,3,3,2,27627.06,0,0,0,0.0,0.0,34512.28,313476.08,107168.35,0.0,21572663.0,252231.0,1.1692,4804.59
CUST-002100,"Harris, Santana and Lopez",Healthcare,SMB,1000-4999,$1B+,Digital,2024-09-23,Active,False,20624.23,12940.38,13,1,1,0,0.0,0,0,0,0.0,0.0,7236.8,85860.29,20823.91,0.0,5920236.0,62825.0,1.0612,1031.31
CUST-002101,Johnson-Thomas,Transportation,Mid-Market,50-249,$1B+,Marketplace,2025-06-06,Active,True,178748.08,116260.78,29,2,2,1,60070.69,6,4,2,48.07,3.41,63395.67,574073.74,175804.83,4705.41,40186888.0,332521.0,0.8274,18963.84
CUST-002102,"Mcmahon, Rush and Bailey",Manufacturing,SMB,50-249,$250M-$1B,Direct Sales,2021-10-29,Active,False,29238.02,18044.6,25,2,2,0,0.0,1,1,0,30.68,1.61,13780.36,135146.8,43565.12,0.0,8944838.0,106407.0,1.1896,1946.35
CUST-002103,Wyatt Ltd,Energy,SMB,250-999,$1B+,Enterprise Agreement,2021-08-19,Active,False,33340.07,21190.76,24,2,2,2,32213.26,0,0,0,0.0,0.0,15178.55,133333.05,37358.64,0.0,9689162.0,113246.0,1.1688,2006.27
CUST-002104,"Allen, Hudson and Garcia",Education,SMB,50-249,$10M-$50M,Marketplace,2022-05-15,Active,False,15523.17,9445.98,15,1,1,1,11871.85,0,0,0,0.0,0.0,11692.62,86000.67,28710.54,0.0,5879986.0,82845.0,1.4089,1511.51
CUST-002105,"Hines, Rice and Baldwin",Energy,Mid-Market,5000+,<$10M,Partner,2023-03-06,Active,True,658698.81,406116.71,94,5,5,3,263300.05,6,5,2,51.57,3.09,202842.35,1750649.39,569088.56,13592.92,122058013.0,1742734.0,1.4278,57352.54
CUST-002106,Jackson-Webster,Insurance,Mid-Market,1000-4999,$1B+,Direct Sales,2025-04-07,Active,True,354763.92,218179.12,49,3,3,2,162183.36,4,1,0,24.88,4.23,94935.76,960138.18,304058.72,6938.27,67242000.0,903826.0,1.3441,28769.23
CUST-002107,Beltran Inc,Transportation,Mid-Market,250-999,$10M-$50M,Digital,2023-04-27,Active,False,376285.63,237959.55,75,4,4,1,73178.7,2,1,0,34.13,3.75,140764.18,1503629.12,483564.07,0.0,101023951.0,1291024.0,1.2779,20511.54
CUST-002108,Knapp Ltd,Technology,SMB,1-49,$10M-$50M,Digital,2022-10-19,Active,True,73353.3,46850.79,72,3,3,1,10761.31,1,1,1,80.47,1.93,45362.48,412478.45,147356.45,0.0,24845016.0,340970.0,1.3724,6381.06
CUST-002109,Richardson-Lawrence,Professional Services,SMB,50-249,$250M-$1B,Enterprise Agreement,2022-04-06,Active,False,65604.88,41311.1,60,3,3,1,11548.21,2,2,0,39.62,1.98,32780.0,366286.7,128623.16,0.0,22924972.0,292362.0,1.2753,4969.02
CUST-002110,Nunez-Rodriguez,Transportation,Strategic,50-249,$10M-$50M,Enterprise Agreement,2024-08-16,Active,False,9541178.1,5911564.36,120,7,7,4,3494349.79,22,11,2,35.06,3.66,2533305.18,22006200.35,7772680.97,0.0,1522908940.0,20013245.0,1.3141,349736.45
CUST-002111,Zavala-Coleman,Media,Mid-Market,1-49,$250M-$1B,Direct Sales,2023-06-06,Active,False,178233.91,110320.04,53,2,2,2,76961.53,6,1,2,28.46,4.06,109794.28,1029135.43,318162.42,0.0,69631856.0,901488.0,1.2946,15121.61
CUST-002112,"Perez, Rodriguez and Rollins",Telecommunications,Mid-Market,250-999,$250M-$1B,Digital,2021-03-23,Active,False,175290.29,108922.39,61,2,2,1,31809.41,7,5,0,36.55,3.21,129017.66,1326464.79,398803.14,0.0,66028494.0,858319.0,1.2999,18252.57
CUST-002113,Owens PLC,Media,Mid-Market,250-999,$50M-$250M,Marketplace,2024-01-02,Active,False,206536.52,127112.03,31,2,2,1,71794.62,5,4,0,84.64,3.27,61522.6,628929.32,224039.18,0.0,40622148.0,596260.0,1.4678,9035.32
CUST-002114,Simpson LLC,Professional Services,Mid-Market,5000+,$1B+,Enterprise Agreement,2025-09-16,Active,False,443096.51,287895.24,63,5,5,4,335949.7,2,0,0,33.68,4.45,135446.39,1296946.13,409312.56,0.0,73429811.0,936796.0,1.2758,18876.97
CUST-002115,"Roberts, Bowen and Miller",Insurance,Mid-Market,1000-4999,$50M-$250M,Enterprise Agreement,2022-11-22,Active,True,411085.6,259344.43,68,3,3,1,61879.26,2,2,0,49.34,2.08,142963.97,1274853.74,441056.15,6418.23,85947750.0,1062740.0,1.2365,33946.92
CUST-002116,Wilson-Campbell,Manufacturing,Mid-Market,250-999,$50M-$250M,Enterprise Agreement,2024-07-12,Active,True,248858.06,163647.81,46,3,3,1,49616.31,7,2,1,53.58,3.99,84272.73,837192.2,251326.53,0.0,65750930.0,862918.0,1.3124,11772.11
CUST-002117,"Fitzgerald, Mcdaniel and Randall",Healthcare,Mid-Market,5000+,$10M-$50M,Digital,2022-10-26,Active,False,468055.21,302907.01,90,5,5,2,141888.65,3,1,0,39.04,3.78,195557.59,1741259.19,493917.25,0.0,106061998.0,1397767.0,1.3179,26021.59
CUST-002118,Spencer LLC,Transportation,Strategic,1000-4999,$50M-$250M,Digital,2023-11-27,Active,False,4654054.45,2936478.0,61,5,5,1,618746.44,17,10,1,41.35,3.53,1244221.06,11388307.7,4162800.24,0.0,732440184.0,9840019.0,1.3435,176384.67
CUST-002119,Lopez-Jones,Media,Mid-Market,50-249,$50M-$250M,Partner,2025-04-23,Active,False,223150.63,140588.7,31,2,2,2,163783.3,7,6,2,55.28,3.43,65840.24,623709.55,236576.78,0.0,39151504.0,480515.0,1.2273,9538.62
CUST-002120,Crosby-Richardson,Telecommunications,Mid-Market,50-249,$250M-$1B,Enterprise Agreement,2024-02-07,Active,False,380622.19,247645.87,64,3,3,1,85259.18,5,3,0,42.41,3.48,120535.87,1150635.1,360683.68,0.0,88520194.0,1145144.0,1.2937,16756.39
CUST-002121,Lutz Group,Manufacturing,Mid-Market,50-249,$10M-$50M,Enterprise Agreement,2025-11-30,Active,False,210734.99,129156.2,33,3,3,3,214670.42,7,3,0,27.19,3.52,62273.19,676322.21,192782.93,0.0,44354030.0,630875.0,1.4224,8885.1
CUST-002122,"Garcia, Kim and Barrett",Education,Enterprise,250-999,$10M-$50M,Marketplace,2024-08-19,Active,True,2805716.21,1753416.98,106,5,5,3,590758.81,7,4,1,82.98,3.29,739064.76,6042265.52,2265295.93,35872.97,500120390.0,6767068.0,1.3531,180173.98
CUST-002123,Wilson Group,Energy,Mid-Market,250-999,$10M-$50M,Digital,2023-07-30,Active,False,163864.95,107920.52,27,2,2,2,137706.85,4,3,1,50.61,2.95,56961.21,521818.74,206569.43,0.0,40131112.0,482867.0,1.2032,8235.64
CUST-002124,Neal-Madden,Energy,Mid-Market,1000-4999,<$10M,Direct Sales,2023-02-11,Active,True,217390.75,130930.18,37,3,3,0,0.0,6,5,1,88.26,2.96,78769.81,748176.72,214039.16,4426.02,54292329.0,815122.0,1.5014,20463.03
CUST-002125,"Schaefer, Levine and Brown",Energy,SMB,5000+,$50M-$250M,Enterprise Agreement,2023-07-21,Active,False,41806.32,26584.89,40,2,2,1,13108.72,2,2,0,22.87,1.83,22308.6,221448.53,73630.6,0.0,14743988.0,167300.0,1.1347,3186.96
CUST-002126,Morgan PLC,Transportation,Mid-Market,1000-4999,$1B+,Direct Sales,2023-05-26,Active,True,171451.32,107933.39,37,2,2,1,45727.27,3,1,0,65.22,3.58,75147.87,765642.63,218022.07,0.0,54139050.0,825328.0,1.5245,10474.87
CUST-002127,Martinez-Massey,Retail,Mid-Market,1-49,$50M-$250M,Direct Sales,2021-10-14,Active,False,663728.83,421694.82,115,5,5,5,309682.57,5,4,2,27.24,3.72,232946.57,2064801.48,691895.92,0.0,147058891.0,1881698.0,1.2796,32013.87
CUST-002128,"Porter, Hubbard and Miranda",Energy,SMB,250-999,$10M-$50M,Direct Sales,2024-01-29,Active,False,111088.81,68067.43,82,3,3,2,26749.62,1,0,0,6.38,4.67,47353.08,470877.04,138483.26,0.0,28075180.0,344834.0,1.2283,6588.4
CUST-002129,"Nelson, Clarke and Schneider",Transportation,Enterprise,5000+,<$10M,Direct Sales,2021-03-23,Active,True,1496857.31,926454.06,70,4,4,3,600238.73,7,2,1,54.37,3.74,496412.47,4240465.55,1725182.56,0.0,330073380.0,4270756.0,1.2939,70409.71
CUST-002130,Kelly-Estrada,Technology,SMB,50-249,$10M-$50M,Partner,2022-08-06,Active,False,22191.28,13519.92,24,2,2,1,13145.55,0,0,0,0.0,0.0,14470.74,120952.98,45334.16,0.0,8562736.0,109410.0,1.2777,1997.45
CUST-002131,Archer-Dixon,Telecommunications,Mid-Market,50-249,$10M-$50M,Direct Sales,2024-02-06,Active,False,519608.83,327155.39,110,5,5,2,144032.67,5,2,0,42.73,3.59,224609.56,2120766.02,675001.6,0.0,153951840.0,1991080.0,1.2933,31206.28
CUST-002132,Tate Inc,Technology,Mid-Market,50-249,$1B+,Enterprise Agreement,2021-12-18,Active,False,505315.68,327751.58,90,5,5,1,92442.77,5,4,1,45.7,3.04,186633.73,1715858.24,563735.62,0.0,113840573.0,1472359.0,1.2934,25866.12
CUST-002133,King Group,Media,SMB,250-999,$250M-$1B,Direct Sales,2025-02-25,Active,True,43160.27,27513.32,40,2,2,2,24888.24,1,1,0,9.63,3.41,25711.48,252128.54,77064.88,0.0,13913046.0,205065.0,1.4739,3589.04
CUST-002134,Fuller and Sons,Media,SMB,50-249,$10M-$50M,Partner,2023-07-31,Active,False,45765.62,30261.57,45,3,3,1,8825.84,0,0,0,0.0,0.0,26023.04,274080.82,85367.85,0.0,16296350.0,184611.0,1.1328,3743.95
CUST-002135,Garcia Inc,Technology,SMB,5000+,$1B+,Marketplace,2022-09-24,Active,False,66114.05,42637.63,52,3,3,1,16890.85,3,2,0,21.37,2.73,29425.86,285506.34,102482.53,0.0,18810246.0,235235.0,1.2506,4244.03
CUST-002136,Jimenez Inc,Technology,Mid-Market,1000-4999,$250M-$1B,Partner,2021-06-17,Active,True,244195.31,150727.56,45,2,2,1,71009.9,4,2,0,32.67,3.53,89570.79,953250.81,290810.16,0.0,55597591.0,720412.0,1.2958,12875.94
CUST-002137,Reyes Ltd,Technology,Enterprise,1-49,$1B+,Digital,2025-03-18,Active,False,2009287.06,1266843.71,96,6,6,3,612635.1,6,4,2,38.1,2.66,613050.29,6515584.14,2169852.29,0.0,401421090.0,5460658.0,1.3603,89904.22
CUST-002138,Hernandez-Howell,Energy,SMB,250-999,$50M-$250M,Direct Sales,2025-06-06,Active,False,30466.66,19122.59,25,2,2,1,12505.55,0,0,0,0.0,0.0,16164.96,123260.65,39795.51,0.0,11101335.0,154686.0,1.3934,2099.3
CUST-002139,Wolf Ltd,Media,Mid-Market,50-249,$50M-$250M,Partner,2023-06-25,Active,False,609160.22,386373.57,133,5,5,2,81419.82,1,1,0,145.67,2.88,277873.74,2569661.26,847203.41,0.0,160840050.0,2030819.0,1.2626,38620.26
CUST-002140,"Saunders, Sparks and Harris",Technology,Mid-Market,50-249,$250M-$1B,Partner,2024-10-31,Active,False,480307.47,301628.01,79,4,4,3,218866.05,5,5,0,52.32,2.7,166535.51,1611774.53,509784.54,0.0,107214079.0,1420146.0,1.3246,23309.79
CUST-002141,"Jimenez, Wagner and Daniels",Professional Services,SMB,250-999,$10M-$50M,Marketplace,2022-05-25,Active,False,12157.2,7656.72,12,1,1,0,0.0,0,0,0,0.0,0.0,7663.46,77381.55,25802.2,0.0,4967018.0,66416.0,1.3371,1102.5
CUST-002142,"Payne, Cisneros and Johnson",Media,Mid-Market,50-249,<$10M,Marketplace,2024-11-06,Active,False,242391.94,149720.06,33,2,2,2,173224.84,1,0,0,23.45,4.25,75925.79,599162.06,192132.01,0.0,38991127.0,501403.0,1.2859,9952.88
CUST-002143,Beard-Wilson,Telecommunications,Mid-Market,1000-4999,<$10M,Marketplace,2022-12-08,Active,False,648373.92,393344.52,108,5,5,2,135177.6,5,3,1,27.1,3.33,232959.0,2069478.57,731503.35,0.0,150259340.0,1948772.0,1.2969,32420.36
CUST-002144,Edwards-Bennett,Technology,Mid-Market,250-999,$50M-$250M,Partner,2021-07-03,Active,False,430034.36,267456.65,82,4,4,2,89805.76,6,3,0,48.04,3.31,171819.88,1659121.39,525746.39,0.0,103291048.0,1242479.0,1.2029,24039.82
CUST-002145,Johnson-Thompson,Healthcare,SMB,5000+,$1B+,Enterprise Agreement,2021-12-12,Active,False,20433.88,13295.92,12,1,1,0,0.0,0,0,0,0.0,0.0,7537.03,80972.63,26821.28,0.0,4738930.0,54516.0,1.1504,1108.45
CUST-002146,"Dalton, Turner and Mccarthy",Telecommunications,Mid-Market,1-49,$10M-$50M,Direct Sales,2023-02-21,Active,False,339745.18,214256.05,71,3,3,2,136104.58,3,3,0,29.42,2.61,137971.3,1398047.92,436160.41,0.0,101695454.0,1372875.0,1.35,19575.22
CUST-002147,Jordan-Edwards,Energy,Mid-Market,1-49,$50M-$250M,Direct Sales,2024-11-25,Active,True,482444.97,298856.99,69,3,3,3,240303.96,4,2,1,27.55,3.66,145018.83,1373591.91,415557.03,0.0,83351814.0,1092938.0,1.3112,19954.62
CUST-002148,Freeman-Rodriguez,Retail,Mid-Market,1000-4999,$50M-$250M,Partner,2022-08-24,Active,False,151863.3,95111.04,36,2,2,0,0.0,3,1,0,23.13,3.79,74657.89,693959.19,211394.97,0.0,37705248.0,385987.0,1.0237,10221.05
CUST-002149,"Henry, Spencer and Ryan",Healthcare,SMB,1-49,$1B+,Direct Sales,2021-05-17,Active,False,58976.19,36599.36,36,1,1,0,0.0,1,1,0,30.68,3.22,19203.29,190538.52,67741.05,0.0,13229146.0,162554.0,1.2288,2786.7
CUST-002150,Alvarez-Dickerson,Technology,Mid-Market,50-249,$10M-$50M,Direct Sales,2023-08-22,Active,False,232291.77,146182.51,38,3,3,2,137909.79,4,1,0,31.07,3.6,73891.24,827195.94,185186.68,0.0,47295885.0,546833.0,1.1562,10156.3
CUST-002151,"Brown, Baker and Garza",Insurance,Enterprise,1-49,$50M-$250M,Partner,2021-06-07,Active,False,1827337.16,1132181.17,105,6,6,3,588733.05,10,5,1,22.69,3.54,778239.76,6869064.05,2151847.01,0.0,434144529.0,5536041.0,1.2752,105298.27
CUST-002152,Jensen-Gomez,Professional Services,Mid-Market,50-249,$10M-$50M,Enterprise Agreement,2023-01-26,Active,False,592677.67,376114.69,111,5,5,2,95060.89,4,3,0,40.11,3.47,231257.47,2075823.21,720689.67,0.0,145845301.0,1864177.0,1.2782,32171.65
CUST-002153,Flores-Johnson,Retail,Strategic,250-999,$1B+,Direct Sales,2022-10-29,Active,False,12149574.15,7616332.03,138,8,8,2,2166816.79,27,15,1,38.79,3.41,2769677.28,30496645.39,8830823.44,0.0,1661409309.0,23220526.0,1.3976,398572.44
CUST-002154,Anderson LLC,Banking,Mid-Market,1000-4999,$10M-$50M,Partner,2021-12-09,Active,False,78486.24,48997.11,23,2,2,1,42244.69,5,3,1,57.78,2.89,44329.98,452776.33,147539.58,0.0,25500818.0,240604.0,0.9435,6370.7
CUST-002155,Pacheco-Silva,Manufacturing,SMB,1000-4999,$10M-$50M,Marketplace,2024-03-21,Active,False,63805.22,40533.74,42,2,2,2,36034.35,1,0,0,12.53,4.45,27499.29,237000.83,85311.36,0.0,15860978.0,240212.0,1.5145,3801.77
CUST-002156,"Peterson, Davis and Reed",Transportation,SMB,5000+,<$10M,Direct Sales,2021-11-28,Active,False,58091.77,36295.05,44,3,3,1,14474.48,2,1,0,74.09,3.77,24453.58,244304.04,66624.45,0.0,16326219.0,199066.0,1.2193,3355.59
CUST-002157,Jenkins-Brown,Energy,Strategic,1000-4999,$250M-$1B,Enterprise Agreement,2023-08-02,Active,True,10766124.15,6815507.15,148,8,8,3,1923727.58,17,12,3,46.75,3.24,3043291.8,27664874.39,10044411.76,90594.98,1916032986.0,24622031.0,1.2851,628979.47
CUST-002158,Wright Ltd,Transportation,Mid-Market,5000+,$50M-$250M,Enterprise Agreement,2023-08-14,Active,False,412620.63,264348.86,75,5,5,2,143723.41,1,1,0,7.53,3.35,129025.32,1397285.65,486790.14,0.0,102123490.0,1436575.0,1.4067,19274.78
CUST-002159,Watkins-Lozano,Technology,Mid-Market,50-249,$1B+,Marketplace,2023-12-09,Active,False,403986.16,254287.26,67,4,4,2,152721.07,5,4,0,24.66,2.69,142753.18,1182438.42,446773.58,0.0,93682659.0,1236753.0,1.3202,19680.36
CUST-002160,Melton Inc,Telecommunications,SMB,250-999,<$10M,Enterprise Agreement,2024-05-13,Active,False,12116.02,7963.66,13,1,1,0,0.0,4,2,0,56.2,3.63,7865.93,56075.19,28332.47,0.0,5288703.0,82964.0,1.5687,1103.41
CUST-002161,Jackson-Ryan,Banking,Enterprise,250-999,$250M-$1B,Partner,2023-02-05,Active,True,3096179.77,1909614.7,127,6,6,2,483964.89,6,4,1,70.71,3.23,911195.76,8925027.06,2818769.71,17038.01,543862347.0,7170408.0,1.3184,165529.0
CUST-002162,Murray Group,Retail,Enterprise,1000-4999,$1B+,Partner,2024-07-31,Active,True,2628302.0,1637028.8,116,6,6,2,700717.88,9,6,2,46.83,3.24,800435.53,7550487.05,2727619.82,29916.04,523302003.0,6683768.0,1.2772,180231.8
CUST-002163,"Robertson, Fisher and Smith",Banking,Mid-Market,50-249,$250M-$1B,Digital,2021-10-19,Active,False,276292.2,176427.59,37,2,2,0,0.0,2,1,0,15.99,3.95,69033.24,855184.21,229580.11,0.0,46670890.0,613382.0,1.3143,10219.37
CUST-002164,Chapman-Odom,Healthcare,Mid-Market,1000-4999,$10M-$50M,Marketplace,2023-01-31,Active,False,149093.52,89656.19,26,2,2,0,0.0,1,1,0,6.18,3.08,61779.73,535738.33,193297.43,0.0,34183058.0,433391.0,1.2679,8564.71
CUST-002165,Hudson-Morris,Insurance,Strategic,250-999,$50M-$250M,Direct Sales,2024-08-03,Active,False,9411867.7,6044597.29,115,6,6,1,665342.96,23,15,3,33.79,3.22,2454447.44,20828638.59,7550782.59,0.0,1575584598.0,20069273.0,1.2738,338065.35
CUST-002166,Stokes Inc,Technology,SMB,1-49,$1B+,Digital,2025-11-22,Active,False,35556.0,22356.92,33,3,3,3,36648.09,1,1,0,107.33,2.21,20562.48,156391.74,63982.13,0.0,12305825.0,166159.0,1.3502,2803.5
CUST-002167,"Leonard, Rogers and Shaw",Education,SMB,1-49,$50M-$250M,Digital,2021-03-24,Active,False,45198.47,28087.2,48,2,2,1,7826.82,4,4,1,98.56,2.42,25772.6,240131.11,91240.29,0.0,17042704.0,249375.0,1.4632,3712.17
CUST-002168,"Morgan, Mendez and Cox",Retail,SMB,5000+,$50M-$250M,Direct Sales,2021-07-27,Active,False,25910.48,16188.05,24,1,1,0,0.0,4,0,1,36.58,4.51,15485.13,121309.66,39477.31,0.0,7538601.0,99169.0,1.3155,2030.98
CUST-002169,Harris-Reid,Banking,SMB,1000-4999,$250M-$1B,Digital,2023-01-31,Active,False,37410.26,23632.76,40,2,2,1,13803.13,2,1,0,71.17,3.38,25964.67,235792.65,74486.08,0.0,14536837.0,192395.0,1.3235,3552.99
CUST-002170,Pittman PLC,Manufacturing,Enterprise,250-999,<$10M,Enterprise Agreement,2022-10-31,Active,True,1379191.17,857467.6,81,3,3,1,259959.63,7,6,2,45.33,2.8,601535.54,5079094.75,1818660.0,0.0,406377867.0,5382587.0,1.3245,82482.82
CUST-002171,Mitchell Inc,Energy,Mid-Market,1-49,$1B+,Enterprise Agreement,2023-06-07,Active,False,574846.73,360702.07,117,5,5,2,140046.47,0,0,0,0.0,0.0,244088.71,2407559.03,701158.37,0.0,150760757.0,1932133.0,1.2816,33794.18
CUST-002172,Davies-Morales,Telecommunications,Mid-Market,1000-4999,$50M-$250M,Partner,2023-02-13,Active,False,313887.58,199570.84,52,3,3,2,141262.43,8,6,0,72.71,2.68,114530.4,1000125.64,332127.92,0.0,69003543.0,841169.0,1.219,15629.32
CUST-002173,Weber Inc,Manufacturing,SMB,1000-4999,$10M-$50M,Direct Sales,2023-02-26,Active,True,58275.81,36521.34,53,3,3,2,33090.29,2,2,1,39.82,2.52,32632.24,281054.47,100067.94,1097.83,19649287.0,286951.0,1.4604,6914.95
CUST-002174,"Richard, Davis and Rogers",Technology,SMB,5000+,$10M-$50M,Marketplace,2022-02-03,Active,False,42709.96,27394.31,36,2,2,1,8666.89,1,1,0,99.86,2.31,19190.33,203340.38,68798.23,0.0,12949272.0,193137.0,1.4915,2821.84
CUST-002175,Knight PLC,Manufacturing,Enterprise,50-249,<$10M,Direct Sales,2024-03-09,Active,True,3240570.11,2045951.9,119,5,5,4,1154254.4,13,10,4,37.62,2.89,864932.35,7858281.96,2579664.93,16596.41,527334962.0,6860455.0,1.301,155869.21
CUST-002176,Simmons-Reed,Insurance,SMB,50-249,$250M-$1B,Partner,2023-09-16,Active,False,52816.87,33030.08,40,2,2,1,16922.55,0,0,0,0.0,0.0,27524.21,245306.12,78861.47,0.0,14729911.0,176533.0,1.1985,3756.27
CUST-002177,Pearson LLC,Education,Enterprise,250-999,$1B+,Digital,2024-10-02,Active,True,1398245.56,906331.74,85,4,4,3,550160.58,7,4,1,59.05,3.79,584149.48,6278604.17,1656503.59,0.0,381583958.0,5043724.0,1.3218,81695.53
CUST-002178,"Brock, Reynolds and Fernandez",Professional Services,Enterprise,250-999,$50M-$250M,Enterprise Agreement,2024-01-28,Active,False,787929.49,497427.0,42,3,3,1,189297.38,10,5,2,37.79,3.76,295554.11,2626939.5,761405.97,0.0,187910688.0,2295818.0,1.2218,39467.75
CUST-002179,Perry LLC,Energy,SMB,250-999,$1B+,Partner,2024-04-22,Active,False,59415.64,37076.16,54,2,2,2,24542.5,2,2,1,51.46,2.8,30797.48,316011.88,104742.61,0.0,21139664.0,287084.0,1.358,4451.3
CUST-002180,"Robertson, Powers and Kelley",Telecommunications,SMB,5000+,$50M-$250M,Marketplace,2022-07-12,Active,False,70540.99,44698.58,48,2,2,0,0.0,0,0,0,0.0,0.0,31310.39,265361.83,95501.18,0.0,18104170.0,238035.0,1.3148,4303.53
CUST-002181,Burton PLC,Manufacturing,Strategic,250-999,<$10M,Partner,2024-04-26,Active,True,15143290.98,9297176.57,162,9,9,2,1754155.52,19,14,3,46.71,3.09,3381137.46,31241357.94,10050295.32,89097.56,2043415787.0,27217148.0,1.3319,663302.5
CUST-002182,Ray and Sons,Education,Mid-Market,50-249,<$10M,Enterprise Agreement,2022-05-25,Active,False,373637.32,239151.42,75,4,4,0,0.0,3,3,0,63.09,2.61,163911.39,1610638.32,455249.21,0.0,88948384.0,1192772.0,1.341,22525.79
CUST-002183,"Hayden, Harmon and Mcdonald",Media,Mid-Market,250-999,$50M-$250M,Direct Sales,2023-05-09,Active,False,234893.08,152520.42,40,3,3,1,74510.95,1,0,0,23.76,4.0,79856.59,792980.78,225578.89,0.0,52522533.0,727027.0,1.3842,11028.64
CUST-002184,"Patel, Mendez and Hammond",Insurance,SMB,250-999,<$10M,Marketplace,2024-09-19,Active,False,18768.72,12274.13,21,2,2,2,21228.23,2,2,0,58.21,3.07,12362.9,104662.88,41317.3,0.0,8594761.0,106449.0,1.2385,1735.23
CUST-002185,Michael-Barber,Banking,SMB,250-999,$50M-$250M,Direct Sales,2023-08-28,Active,False,41677.61,26881.03,34,2,2,1,18570.55,0,0,0,0.0,0.0,19377.53,166111.62,57940.89,0.0,13283844.0,163345.0,1.2297,2655.31
CUST-002186,Boyd LLC,Technology,SMB,5000+,$10M-$50M,Marketplace,2023-10-05,Active,False,18263.55,11741.08,12,1,1,0,0.0,0,0,0,0.0,0.0,7082.5,61177.24,22026.42,0.0,3900456.0,57561.0,1.4758,980.07
CUST-002187,Hernandez-Hernandez,Retail,Mid-Market,250-999,$10M-$50M,Enterprise Agreement,2024-06-04,Active,False,162511.7,104092.35,34,2,2,2,111557.65,3,3,1,66.27,2.77,75214.26,640442.06,225764.8,0.0,38979290.0,476700.0,1.223,10308.06
CUST-002188,"Cannon, Richard and Jenkins",Insurance,SMB,1-49,<$10M,Partner,2021-07-26,Active,False,96278.46,62404.28,73,3,3,3,43366.46,0,0,0,0.0,0.0,41586.13,384220.78,141221.33,0.0,27415514.0,327523.0,1.1947,5923.26
CUST-002189,Walters Group,Professional Services,Mid-Market,50-249,<$10M,Direct Sales,2025-06-14,Active,False,203321.95,125353.67,32,2,2,2,144877.76,4,3,0,51.75,3.53,64112.34,703638.43,199581.01,0.0,43598051.0,443723.0,1.0178,9173.29
CUST-002190,Colon-Lucas,Telecommunications,Mid-Market,250-999,$1B+,Direct Sales,2025-09-24,Active,True,167761.94,105622.37,37,3,3,1,91285.57,7,4,1,56.45,3.56,76487.95,718412.74,254549.64,3683.8,50432424.0,732991.0,1.4534,18970.7
CUST-002191,Mcdaniel-Young,Media,SMB,1-49,<$10M,Enterprise Agreement,2021-03-21,Active,False,51549.39,31296.09,45,2,2,1,11814.4,0,0,0,0.0,0.0,25637.23,242834.92,79951.02,0.0,16745974.0,198387.0,1.1847,3592.33
CUST-002192,Wilson and Sons,Education,SMB,1-49,$50M-$250M,Enterprise Agreement,2023-03-12,Active,False,86143.96,54486.66,71,3,3,1,13174.58,0,0,0,0.0,0.0,42359.77,393343.75,130370.49,0.0,24497529.0,312438.0,1.2754,5902.89
CUST-002193,Sanchez LLC,Manufacturing,SMB,50-249,<$10M,Marketplace,2024-06-08,Active,True,21485.88,14247.52,13,1,1,0,0.0,2,0,0,44.44,4.5,6837.32,67902.32,24074.88,0.0,5647348.0,62797.0,1.112,991.83
CUST-002194,Washington-Esparza,Professional Services,Mid-Market,5000+,<$10M,Marketplace,2025-05-09,Active,True,130703.87,81425.64,30,2,2,1,54287.76,2,2,0,79.5,2.19,61181.47,639239.96,191132.31,0.0,41406855.0,571872.0,1.3811,8696.24
CUST-002195,Lucas-Johnson,Telecommunications,Mid-Market,50-249,$250M-$1B,Marketplace,2025-10-12,Active,True,359021.49,228014.57,60,5,5,5,337599.66,8,5,2,68.48,2.82,132058.25,1240611.8,382773.51,3899.88,68871943.0,824698.0,1.1974,26773.81
CUST-002196,Nelson Inc,Professional Services,SMB,1000-4999,$250M-$1B,Partner,2024-08-31,Active,False,58589.25,38091.49,51,3,3,2,23415.78,1,0,0,15.78,4.35,31327.3,310688.3,86843.03,0.0,18114901.0,195006.0,1.0765,4309.48
CUST-002197,Clarke-Ramirez,Healthcare,Enterprise,1000-4999,$10M-$50M,Partner,2022-03-08,Active,False,1278926.25,792032.69,50,4,4,0,0.0,11,10,0,52.4,2.99,354887.93,3452653.65,1187882.18,0.0,236373067.0,3546074.0,1.5002,50724.1
CUST-002198,"Thompson, Phelps and Stuart",Retail,SMB,1-49,$250M-$1B,Partner,2021-08-30,Active,False,71975.14,45562.2,69,3,3,1,8038.7,1,1,0,117.71,3.56,39405.79,376869.68,114508.17,0.0,24838856.0,357476.0,1.4392,5445.58
CUST-002199,Casey-Brown,Professional Services,SMB,250-999,$1B+,Partner,2022-11-13,Active,False,16301.09,10654.63,14,1,1,1,13421.22,1,1,0,36.35,3.53,8727.51,60112.4,28903.92,0.0,4096547.0,38542.0,0.9408,1194.9
CUST-002200,Edwards LLC,Transportation,Mid-Market,5000+,$1B+,Digital,2024-08-12,Active,False,388078.09,242171.84,68,5,5,2,113914.97,3,1,2,46.49,3.72,150377.41,1387604.0,417776.59,0.0,92925763.0,1207570.0,1.2995,20486.9
CUST-002201,Lester Group,Banking,Strategic,250-999,$10M-$50M,Marketplace,2024-09-05,Active,False,7827510.32,4936556.07,119,7,7,3,2548412.4,12,8,1,31.88,3.0,2440877.88,21851747.53,7437768.94,0.0,1471912204.0,18909947.0,1.2847,337760.36
CUST-002202,Powers-Blackwell,Manufacturing,SMB,1000-4999,$10M-$50M,Marketplace,2025-09-19,Active,True,12243.96,7640.06,13,1,1,0,0.0,2,2,0,73.52,3.08,7928.3,65454.08,25226.04,0.0,4088147.0,37975.0,0.9289,1096.76
CUST-002203,Hahn-Ramsey,Telecommunications,Mid-Market,1000-4999,$10M-$50M,Digital,2025-11-02,Active,False,337260.28,215511.14,55,5,5,5,351862.94,6,4,1,47.22,3.13,110743.36,1117773.51,378573.89,0.0,76364631.0,927724.0,1.2149,15988.14
CUST-002204,Young PLC,Media,Enterprise,50-249,<$10M,Partner,2025-03-20,Active,False,944668.57,587268.27,45,3,3,1,290574.89,6,3,0,56.91,3.58,287969.68,3039240.85,825694.55,0.0,212396618.0,2933553.0,1.3812,40252.52
CUST-002205,"Mason, Martinez and Beck",Telecommunications,Strategic,50-249,<$10M,Partner,2025-11-29,Active,True,6449212.14,4044728.97,77,7,7,7,6692246.37,23,18,4,41.76,3.09,1680918.12,15641552.82,4900605.46,98817.25,1032138324.0,14627662.0,1.4172,448969.71
CUST-002206,"Herring, Huynh and King",Healthcare,SMB,50-249,$250M-$1B,Direct Sales,2022-07-24,Active,False,28502.48,17377.96,25,1,1,0,0.0,3,1,1,28.79,4.11,15329.83,143216.82,42834.53,0.0,8287510.0,107366.0,1.2955,2094.4
CUST-002207,Young Inc,Media,Enterprise,250-999,$50M-$250M,Direct Sales,2022-12-04,Active,True,3582901.42,2268571.44,136,7,7,2,518362.65,6,3,1,36.22,3.42,957171.87,8873342.91,3027379.03,30732.08,607988997.0,8235234.0,1.3545,201777.03
CUST-002208,Murphy-Silva,Telecommunications,SMB,5000+,$50M-$250M,Enterprise Agreement,2021-10-30,Active,False,45777.8,29348.47,58,3,3,1,10283.05,1,1,0,12.74,3.16,35300.38,304756.12,101182.21,0.0,23747640.0,294070.0,1.2383,4798.5
CUST-002209,Shaffer-Manning,Media,SMB,50-249,$250M-$1B,Direct Sales,2024-06-08,Active,False,29921.64,19756.48,28,1,1,1,12143.62,0,0,0,0.0,0.0,18477.67,159391.13,46032.87,0.0,11121915.0,122017.0,1.0971,2442.23
CUST-002210,Robinson-Rodriguez,Education,Mid-Market,1-49,$50M-$250M,Digital,2024-01-09,Active,False,315501.72,192849.49,72,4,4,3,162194.7,4,2,0,37.8,3.94,136882.66,1353727.43,473954.74,0.0,87618594.0,1162812.0,1.3271,19766.39
CUST-002211,Booker Group,Insurance,SMB,1000-4999,$250M-$1B,Marketplace,2025-06-10,Active,False,14389.02,9371.58,13,1,1,0,0.0,3,2,0,28.44,3.23,8372.25,71282.74,24221.55,0.0,4828754.0,66003.0,1.3669,1138.27
CUST-002212,King-Lawrence,Media,Enterprise,50-249,$250M-$1B,Digital,2022-10-08,Active,False,2862634.04,1824052.18,126,6,6,5,1293893.36,6,1,0,29.04,4.1,905017.35,8925638.34,2701937.23,0.0,541077663.0,7274421.0,1.3444,126322.28
CUST-002213,Ferguson-Lyons,Healthcare,SMB,5000+,$50M-$250M,Marketplace,2025-07-31,Active,False,28869.59,18308.39,26,2,2,0,0.0,3,3,0,28.86,2.79,17824.04,149793.84,48045.85,0.0,10064684.0,157703.0,1.5669,2384.2
CUST-002214,Stewart Group,Education,SMB,50-249,$250M-$1B,Direct Sales,2022-03-31,Active,False,85075.59,52644.28,49,2,2,1,20386.14,1,0,0,13.02,4.77,30939.37,269503.66,99215.14,0.0,18373740.0,239960.0,1.306,4315.78
CUST-002215,Vega-Richmond,Energy,Mid-Market,5000+,$250M-$1B,Direct Sales,2022-07-15,Active,False,321029.09,199499.45,60,3,3,2,157560.88,7,7,2,51.25,2.51,117404.55,1194583.89,415630.73,0.0,84215887.0,1112965.0,1.3216,17111.85
CUST-002216,Cox Ltd,Media,Mid-Market,1-49,$250M-$1B,Enterprise Agreement,2025-04-24,Active,False,139006.78,88705.4,28,2,2,2,121993.3,4,2,0,18.9,3.7,56425.02,607260.05,159303.43,0.0,35370349.0,540309.0,1.5276,7885.92
CUST-002217,Underwood-Smith,Insurance,SMB,50-249,$250M-$1B,Enterprise Agreement,2025-05-16,Active,False,17903.09,11887.83,13,1,1,0,0.0,2,1,0,40.27,3.02,6977.63,86166.5,26031.98,0.0,4325216.0,55300.0,1.2785,1060.57
CUST-002218,"Johnson, Stevenson and Lindsey",Banking,Mid-Market,1000-4999,<$10M,Digital,2022-02-15,Active,False,355120.2,231718.12,67,4,4,3,211455.97,3,1,1,25.28,3.71,148660.97,1345631.35,388810.03,0.0,82204220.0,1130955.0,1.3758,19959.1
CUST-002219,Vazquez Ltd,Professional Services,Mid-Market,250-999,$10M-$50M,Digital,2021-09-23,Active,True,410878.15,255507.67,50,3,3,2,197814.37,1,0,0,15.41,4.48,103588.74,1084333.71,313314.6,3831.72,56611919.0,821625.0,1.4513,23054.36
CUST-002220,King Group,Healthcare,Mid-Market,50-249,$50M-$250M,Direct Sales,2023-05-24,Active,True,235262.87,152810.18,27,2,2,1,94719.07,2,2,0,31.29,2.39,52957.75,518013.16,190875.05,4984.95,32575648.0,378784.0,1.1628,18677.89
CUST-002221,Fowler-Haynes,Professional Services,Enterprise,5000+,<$10M,Direct Sales,2024-01-16,Active,True,1836008.72,1166246.04,88,5,5,2,343215.67,10,5,2,45.7,3.53,616730.51,6160001.02,1953325.13,0.0,372390298.0,5265232.0,1.4139,87359.16
CUST-002222,"Martinez, Camacho and Mathews",Healthcare,Strategic,1-49,$50M-$250M,Partner,2021-01-07,Active,False,16768882.54,10487686.87,175,8,8,3,2650884.51,16,12,5,58.73,3.03,3494284.75,36670155.06,12005607.11,0.0,2373721126.0,32145316.0,1.3542,507881.57
CUST-002223,Smith-Yu,Energy,SMB,1000-4999,$1B+,Direct Sales,2023-10-22,Active,False,19213.43,12526.06,13,1,1,0,0.0,1,0,0,19.12,4.58,9026.19,80355.97,25289.12,0.0,4393690.0,58009.0,1.3203,1225.84
CUST-002224,Turner-Mayer,Telecommunications,Mid-Market,1-49,$50M-$250M,Partner,2021-06-20,Active,True,277138.6,173679.74,62,3,3,2,112888.78,5,4,2,29.57,3.66,123433.97,1168913.64,437318.37,0.0,73968216.0,923391.0,1.2484,17820.11
CUST-002225,Evans and Sons,Professional Services,SMB,1-49,$1B+,Direct Sales,2022-05-28,Active,False,14113.32,8984.12,12,1,1,0,0.0,2,0,1,21.11,4.74,6115.71,71535.7,23751.47,0.0,3284204.0,37639.0,1.1461,931.0
CUST-002226,Welch-Suarez,Energy,Strategic,5000+,$10M-$50M,Marketplace,2021-11-25,Active,True,14198138.27,8773033.39,172,7,7,3,3259717.56,16,11,2,59.71,3.22,3831594.09,31683760.4,11498986.12,0.0,2171002617.0,28572859.0,1.3161,523200.86
CUST-002227,"Sullivan, Johnson and Delacruz",Technology,Strategic,1000-4999,<$10M,Enterprise Agreement,2022-11-28,Active,True,18416575.58,11653237.56,162,8,8,3,3523840.01,23,16,6,45.45,3.25,3280207.06,31781965.87,9673165.19,111241.44,2175052677.0,25549748.0,1.1747,700245.42
CUST-002228,Ruiz-Gutierrez,Media,Enterprise,1000-4999,$1B+,Direct Sales,2022-01-25,Active,True,4489011.81,2772823.46,162,6,6,2,857652.71,5,5,1,32.5,3.05,1155892.96,10445384.32,3347559.69,65995.61,690749472.0,8191211.0,1.1858,303587.76
CUST-002229,Love-Mcdowell,Education,Strategic,5000+,$250M-$1B,Marketplace,2025-05-19,Active,False,6351562.49,3913282.02,75,5,5,4,3486794.35,17,10,5,39.15,3.26,1671435.34,14663399.91,4682727.73,0.0,892112501.0,12454561.0,1.3961,226583.07
CUST-002230,Holloway Ltd,Banking,SMB,1000-4999,$10M-$50M,Direct Sales,2021-03-27,Active,False,45049.71,28630.79,44,2,2,1,10239.12,1,1,0,87.39,2.14,28984.33,264551.22,77846.53,0.0,15379049.0,196777.0,1.2795,3916.22
CUST-002231,Hunter-Bell,Transportation,Mid-Market,250-999,$250M-$1B,Direct Sales,2023-02-02,Active,False,343022.21,216128.43,71,5,5,1,69540.1,4,2,0,69.75,3.47,143362.94,1486071.95,506631.15,0.0,93561720.0,1178870.0,1.26,20940.99
CUST-002232,"Daniel, Kelley and Murphy",Insurance,Strategic,5000+,$1B+,Enterprise Agreement,2025-09-23,Active,True,8006169.35,4849625.75,76,6,6,4,4626855.58,21,8,1,40.82,3.74,1502541.31,14924442.46,5163302.43,89448.92,952395857.0,12907293.0,1.3552,413498.33
CUST-002233,"Johnson, Williams and May",Energy,Enterprise,5000+,$50M-$250M,Direct Sales,2023-10-10,Active,True,4105650.48,2604399.64,192,7,7,3,853134.66,10,6,1,37.46,3.33,1307323.3,13199060.78,4068681.83,57069.06,795922358.0,10116491.0,1.271,310296.07
CUST-002234,"Ramos, Davidson and Smith",Telecommunications,Mid-Market,50-249,$50M-$250M,Enterprise Agreement,2024-07-30,Active,False,261456.65,164960.23,38,2,2,0,0.0,5,2,0,37.36,3.95,82201.39,724272.87,240407.94,0.0,49687155.0,685048.0,1.3787,11250.68
CUST-002235,Fuller LLC,Banking,Enterprise,250-999,$10M-$50M,Digital,2021-08-07,Active,True,2384807.36,1523186.79,104,6,6,3,869485.05,5,4,0,54.32,2.98,754652.53,7260936.5,2298885.81,0.0,441420350.0,5849928.0,1.3253,105429.45
CUST-002236,"Miller, Moore and Black",Technology,Enterprise,1-49,$1B+,Digital,2025-10-07,Active,True,1387274.67,861011.08,60,5,5,5,1292060.91,8,7,2,45.57,2.96,483958.78,4254349.56,1264596.82,27150.51,288605639.0,3608605.0,1.2504,124442.08
CUST-002237,"Hines, Bradford and Jennings",Banking,SMB,1-49,$50M-$250M,Digital,2023-04-14,Active,False,70498.33,44811.84,47,3,3,2,34287.57,1,0,0,61.54,4.75,29894.24,259733.79,81823.07,0.0,16340415.0,209748.0,1.2836,4028.43
CUST-002238,Hayes-Russo,Media,SMB,5000+,<$10M,Digital,2023-12-12,Active,False,44094.2,26409.51,38,3,3,0,0.0,1,1,0,136.75,1.55,23474.53,221564.47,64494.46,0.0,13317465.0,169554.0,1.2732,3200.82
CUST-002240,"Serrano, Marsh and Gonzalez",Manufacturing,Mid-Market,5000+,$1B+,Direct Sales,2022-07-21,Active,True,556245.83,347640.99,89,3,3,2,164742.87,5,4,1,27.81,2.84,171955.51,1758083.31,556574.39,0.0,114280488.0,1399244.0,1.2244,24557.68
CUST-002241,Richardson-Long,Professional Services,Enterprise,5000+,$50M-$250M,Enterprise Agreement,2025-11-18,Active,False,1395215.82,890169.47,54,5,5,5,1452595.96,9,7,0,48.38,3.03,410917.18,3830184.14,1119311.27,0.0,217020601.0,2974853.0,1.3708,55835.99
CUST-002242,Duffy-Wilkerson,Banking,Mid-Market,250-999,$250M-$1B,Direct Sales,2025-03-21,Active,False,335483.53,215058.43,54,3,3,3,207726.27,7,6,1,75.02,2.93,112398.67,999736.08,338151.17,0.0,63789495.0,877765.0,1.376,15496.95
CUST-002243,Smith Inc,Insurance,Mid-Market,1-49,$1B+,Direct Sales,2021-10-08,Active,False,240771.65,149475.06,52,4,4,1,31658.79,5,5,1,55.38,2.36,114579.63,1042888.78,339468.4,0.0,69219003.0,806225.0,1.1647,15792.63
CUST-002244,"Holland, Sims and Meadows",Telecommunications,SMB,1000-4999,$1B+,Direct Sales,2025-07-16,Active,True,10252.79,6427.8,15,1,1,1,7667.44,2,1,1,58.33,3.67,8919.72,102358.12,29731.68,0.0,4861367.0,61096.0,1.2568,1304.87
CUST-002245,Gonzalez-Haynes,Healthcare,SMB,1-49,$50M-$250M,Partner,2025-06-15,Active,False,71486.66,46066.9,45,3,3,2,36456.75,2,1,1,32.4,3.66,27672.31,259785.02,75987.75,0.0,19646788.0,255332.0,1.2996,3769.92
CUST-002246,Williams PLC,Transportation,SMB,1-49,$250M-$1B,Partner,2021-08-01,Active,False,135569.06,86531.69,98,3,3,2,27886.71,4,2,0,56.01,3.82,55996.27,522589.61,173943.07,0.0,37228289.0,517559.0,1.3902,7823.97
CUST-002247,Burke-Hernandez,Transportation,Mid-Market,5000+,$10M-$50M,Marketplace,2025-08-11,Active,True,184463.87,118712.63,41,3,3,2,90841.14,4,4,1,46.51,1.91,91303.51,881437.46,226611.89,0.0,52876488.0,756889.0,1.4314,12246.43
CUST-002248,Jackson-Bradley,Professional Services,SMB,50-249,$250M-$1B,Enterprise Agreement,2024-03-27,Active,False,14582.07,8858.32,20,1,1,1,8498.39,6,4,1,52.5,3.58,12713.61,132570.07,38447.86,0.0,9207884.0,142884.0,1.5518,1793.89
CUST-002249,Higgins Group,Technology,SMB,50-249,$1B+,Digital,2024-09-27,Active,False,77063.57,48024.47,51,3,3,0,0.0,0,0,0,0.0,0.0,33211.78,263439.79,91670.06,0.0,18239445.0,211232.0,1.1581,4432.96
CUST-002250,Wilcox-Snyder,Media,SMB,250-999,$50M-$250M,Partner,2023-04-23,Active,False,51661.54,32510.49,61,3,3,2,15941.55,2,2,0,23.43,3.3,39155.36,350754.69,104606.25,0.0,24930997.0,338849.0,1.3591,5271.63
CUST-002251,Reeves and Sons,Transportation,Mid-Market,5000+,$250M-$1B,Direct Sales,2022-06-07,Active,False,310581.53,197694.9,52,4,4,0,0.0,3,0,1,17.56,4.58,103363.56,953287.29,307677.89,0.0,69917701.0,883820.0,1.2641,14285.95
CUST-002252,Roberts-Snyder,Manufacturing,Strategic,50-249,$1B+,Partner,2025-03-10,Active,True,9959336.44,6379575.29,90,6,6,2,2583780.58,12,9,2,60.13,2.95,1660623.12,16536936.85,5433045.18,68823.75,1115556372.0,15945377.0,1.4294,388272.64
CUST-002253,Reynolds and Sons,Healthcare,Enterprise,50-249,<$10M,Partner,2024-10-06,Active,True,2543604.15,1578329.68,86,6,6,4,1299765.01,9,8,1,55.58,3.2,611824.28,5879376.33,1872541.01,36379.91,387054906.0,4940131.0,1.2763,165584.37
CUST-002254,"Lewis, Holloway and Acosta",Technology,Strategic,50-249,$10M-$50M,Digital,2024-11-01,Active,False,8226924.7,5215396.88,85,5,5,3,3138384.45,19,12,0,34.5,3.22,1757055.08,17131262.96,5478331.29,0.0,1164404598.0,14987658.0,1.2872,247180.57
CUST-002255,Barnes Group,Professional Services,Strategic,1-49,<$10M,Marketplace,2022-03-07,Active,True,10775430.25,6666570.77,129,5,5,4,3973799.25,16,10,2,45.86,3.34,2843663.72,23694016.34,7907108.76,73966.83,1669035200.0,22087212.0,1.3234,545115.62
CUST-002256,Johnson LLC,Professional Services,SMB,1-49,$50M-$250M,Digital,2021-10-29,Active,False,51942.22,32387.22,50,3,3,1,12657.73,0,0,0,0.0,0.0,27588.15,271346.06,102192.07,0.0,18677344.0,257838.0,1.3805,4047.47
CUST-002257,Williamson and Sons,Manufacturing,Strategic,1000-4999,$10M-$50M,Partner,2024-10-25,Active,True,9384112.98,5865921.19,88,6,6,2,2562471.58,16,11,1,51.82,3.14,1795641.5,16696033.76,5449249.95,75740.15,1163187354.0,15164030.0,1.3037,416120.53
CUST-002258,Aguilar-Holland,Transportation,SMB,50-249,$250M-$1B,Marketplace,2024-09-25,Active,False,36775.97,22975.64,48,3,3,1,15350.21,2,1,0,56.53,3.69,27954.77,262291.77,89312.81,0.0,16764972.0,216111.0,1.2891,3933.58
CUST-002259,Smith and Sons,Technology,Strategic,1000-4999,$10M-$50M,Direct Sales,2021-01-07,Active,True,17346484.07,10838803.3,184,8,8,4,4202107.75,14,11,3,54.79,3.21,3730407.57,34398641.74,12594016.07,135047.16,2313012093.0,29573299.0,1.2786,827577.38
CUST-002260,Mccann-Sanders,Manufacturing,Enterprise,50-249,$250M-$1B,Direct Sales,2023-12-10,Active,False,2945184.59,1825041.93,112,6,6,3,881138.65,7,4,0,43.55,3.4,770698.21,7350943.25,2479881.58,0.0,492162895.0,6463562.0,1.3133,108863.23
CUST-002261,Reeves Ltd,Technology,Enterprise,1-49,$250M-$1B,Enterprise Agreement,2021-12-29,Active,True,3310693.07,2050373.0,145,7,7,3,844729.16,12,9,2,40.99,3.28,1080382.87,9851953.76,3245269.92,31850.42,650342056.0,8002428.0,1.2305,219462.25
CUST-002262,Fitzgerald-Scott,Healthcare,SMB,1000-4999,$10M-$50M,Digital,2024-08-12,Active,False,39652.74,24935.49,46,3,3,2,20452.67,6,3,1,49.21,3.66,26608.51,242612.21,91841.45,0.0,18298994.0,255416.0,1.3958,3798.34
CUST-002263,Hawkins Inc,Healthcare,Enterprise,1000-4999,$10M-$50M,Direct Sales,2023-09-11,Active,True,2122495.11,1358330.06,61,3,3,0,0.0,8,6,1,55.04,3.12,514870.86,4294099.67,1344596.85,43594.83,244633914.0,3262112.0,1.3335,164281.11
CUST-002264,Galvan-Ruiz,Energy,Enterprise,5000+,$10M-$50M,Direct Sales,2022-03-25,Active,False,1208612.01,756737.4,48,3,3,2,633106.31,11,8,0,43.93,3.04,334096.53,3024478.02,1023820.64,0.0,246802906.0,2965592.0,1.2016,46355.75
CUST-002265,Barajas-Crosby,Insurance,SMB,250-999,$1B+,Digital,2024-11-13,Active,False,6593.6,3892.56,11,1,1,1,6919.77,0,0,0,0.0,0.0,6587.37,59374.76,20809.21,0.0,3576307.0,47796.0,1.3365,919.66
CUST-002266,"Mckinney, Pacheco and Smith",Insurance,Enterprise,50-249,$50M-$250M,Digital,2025-12-18,Active,True,1164404.43,736209.34,50,5,5,5,1323026.4,8,7,1,46.29,2.8,372934.03,3517329.91,1076965.68,0.0,215378163.0,2929542.0,1.3602,51368.52
CUST-002267,"Harvey, Turner and Foster",Media,Enterprise,5000+,$1B+,Partner,2025-10-19,Active,False,1448209.22,891989.28,72,6,6,6,1355991.04,5,4,1,36.22,3.17,483668.14,4967422.5,1652441.56,0.0,324221184.0,4182857.0,1.2901,69989.64
CUST-002268,Anderson-Mcclain,Telecommunications,Mid-Market,5000+,$250M-$1B,Enterprise Agreement,2021-02-10,Active,True,686347.23,432080.78,103,5,5,2,175907.26,2,2,0,63.4,2.3,224322.85,2001835.16,625647.52,8602.51,131265337.0,1771322.0,1.3494,49375.06
CUST-002269,Carpenter LLC,Professional Services,SMB,250-999,$250M-$1B,Digital,2021-08-11,Active,False,21739.43,13836.59,12,1,1,1,20267.34,2,1,0,107.44,3.58,5489.71,85076.14,17864.28,0.0,3920518.0,50484.0,1.2877,842.94
CUST-002270,Gordon LLC,Technology,Mid-Market,5000+,$1B+,Enterprise Agreement,2024-07-11,Active,False,247012.27,156359.07,36,3,3,1,78709.98,1,0,0,15.29,4.74,81353.48,750818.56,266449.59,0.0,51025583.0,560581.0,1.0986,11488.19
CUST-002271,Anderson-Stewart,Healthcare,SMB,250-999,<$10M,Digital,2022-02-06,Active,False,24040.4,14847.41,36,1,1,1,7911.48,0,0,0,0.0,0.0,20306.84,207322.7,59096.07,0.0,15292452.0,247716.0,1.6199,2833.25
CUST-002272,"Hamilton, Green and Edwards",Healthcare,SMB,1000-4999,$1B+,Direct Sales,2023-10-07,Active,False,47430.53,29719.75,40,2,2,2,27472.28,1,1,0,80.16,2.14,24731.69,228255.42,74279.82,0.0,16174641.0,219051.0,1.3543,3425.03
CUST-002273,Porter LLC,Healthcare,Mid-Market,1000-4999,<$10M,Partner,2021-10-08,Active,False,176571.81,112259.65,39,3,3,0,0.0,5,5,0,43.07,2.52,76016.92,717676.39,233734.98,0.0,54734680.0,703696.0,1.2856,10614.1
CUST-002274,"Ward, Jordan and Orr",Insurance,Mid-Market,5000+,$250M-$1B,Partner,2021-05-29,Active,False,220016.53,138864.69,48,4,4,1,60197.46,3,1,0,57.29,3.51,109850.86,861207.65,309368.6,0.0,58033500.0,640255.0,1.1033,14702.66
CUST-002275,Austin-Juarez,Banking,SMB,250-999,<$10M,Enterprise Agreement,2021-07-18,Active,False,76736.57,49370.74,67,3,3,1,7664.2,2,1,0,15.43,3.53,40573.7,384025.1,119952.21,0.0,25302382.0,314937.0,1.2447,5619.25
CUST-002276,Black-Graham,Education,SMB,50-249,<$10M,Digital,2025-12-28,Active,False,28013.84,17394.41,20,2,2,2,31539.14,3,1,0,32.18,3.52,12069.09,86120.82,42693.41,0.0,7111986.0,90475.0,1.2721,1685.46
CUST-002277,Stewart Group,Manufacturing,Enterprise,5000+,$1B+,Partner,2025-07-08,Active,True,1815712.37,1142138.31,99,7,7,6,1286075.23,8,5,2,47.59,3.35,744492.08,7171681.55,2129894.91,16926.78,486047877.0,6705797.0,1.3797,139885.55
CUST-002278,Peters Ltd,Professional Services,SMB,1-49,$250M-$1B,Partner,2024-09-08,Active,False,13794.96,8879.97,13,1,1,0,0.0,3,3,0,26.26,2.88,9096.17,96510.29,29168.21,0.0,5943511.0,84553.0,1.4226,1303.33
CUST-002279,"Yates, Brown and Hernandez",Media,Enterprise,50-249,$1B+,Digital,2023-10-29,Active,True,2066529.09,1306528.46,85,5,5,2,459510.13,6,4,2,35.67,3.35,584225.21,5952423.81,1978318.04,0.0,374669337.0,4968264.0,1.326,84268.17
CUST-002280,White Group,Education,SMB,5000+,$10M-$50M,Direct Sales,2025-03-23,Active,False,41048.93,26405.99,32,2,2,2,29734.14,4,2,0,50.85,3.99,17252.65,181386.98,66212.14,0.0,10887660.0,146363.0,1.3443,2577.61
CUST-002281,Martin-Mcdonald,Manufacturing,Enterprise,50-249,$10M-$50M,Partner,2024-09-28,Active,False,2562658.24,1612084.19,111,7,7,2,605732.36,10,8,2,66.0,3.18,740809.15,7557024.24,2283975.52,0.0,539959651.0,6730871.0,1.2466,104626.97
CUST-002282,Carney Group,Healthcare,SMB,50-249,$10M-$50M,Digital,2022-02-06,Active,False,9339.13,5957.93,12,1,1,0,0.0,2,1,0,29.63,3.51,9026.03,52699.4,26577.56,0.0,5241222.0,60158.0,1.1478,1183.49
CUST-002283,Alexander Ltd,Retail,Mid-Market,1-49,<$10M,Partner,2024-06-20,Active,False,290774.29,182003.57,48,2,2,1,65827.03,2,1,0,69.87,3.88,101577.92,781802.7,293208.08,0.0,66043733.0,762524.0,1.1546,13637.68
CUST-002284,"Washington, Vasquez and Singleton",Retail,SMB,1-49,$10M-$50M,Marketplace,2023-06-04,Active,False,19998.9,12917.21,13,1,1,0,0.0,0,0,0,0.0,0.0,9115.18,80286.93,31726.75,0.0,5295591.0,59633.0,1.1261,1298.22
CUST-002285,Martinez Inc,Retail,SMB,1000-4999,<$10M,Direct Sales,2023-12-28,Active,False,62719.17,39060.91,54,3,3,2,28870.95,0,0,0,0.0,0.0,31229.98,273114.79,102646.75,0.0,21110768.0,282891.0,1.34,4383.4
CUST-002286,Oneill and Sons,Insurance,Enterprise,1000-4999,$10M-$50M,Partner,2023-05-01,Active,True,880392.1,552946.8,53,3,3,1,211633.01,15,9,2,46.4,3.63,354434.92,3462581.55,1200685.53,0.0,234906189.0,2797417.0,1.1909,50831.27
CUST-002287,Brady LLC,Transportation,SMB,5000+,$1B+,Enterprise Agreement,2025-12-16,Active,False,28735.01,17759.34,20,2,2,2,32920.83,3,1,0,47.68,3.99,12358.03,122418.77,36775.49,0.0,7462819.0,112308.0,1.5049,1724.8
CUST-002288,"Macdonald, Willis and Silva",Energy,Strategic,5000+,$10M-$50M,Marketplace,2024-05-02,Active,True,13611204.97,8662450.29,149,8,8,5,5190808.26,14,11,0,49.06,2.97,3284648.1,27622323.95,9569707.23,32068.06,1922590075.0,23847579.0,1.2404,517109.81
CUST-002289,Fox PLC,Manufacturing,Mid-Market,250-999,$50M-$250M,Enterprise Agreement,2023-07-01,Active,False,251514.75,153466.2,61,3,3,0,0.0,6,2,0,30.98,4.04,120406.61,1106678.56,355750.77,0.0,66223892.0,900921.0,1.3604,16607.43
CUST-002290,Butler Inc,Technology,SMB,5000+,$250M-$1B,Direct Sales,2022-08-29,Active,False,65555.59,41368.24,45,3,3,2,32269.16,3,1,0,4.57,3.84,25902.23,245846.79,88713.63,0.0,16083592.0,223545.0,1.3899,3710.0
CUST-002291,Tate Ltd,Banking,Enterprise,50-249,$1B+,Direct Sales,2021-09-17,Active,False,560204.73,348068.96,37,3,3,1,156583.21,7,5,1,40.39,2.93,277358.54,2462697.69,862046.02,0.0,176825726.0,2236969.0,1.2651,38508.12
CUST-002292,Clay Inc,Professional Services,Mid-Market,50-249,<$10M,Enterprise Agreement,2024-04-04,Active,False,307502.99,189314.15,70,4,4,1,53518.19,7,5,1,69.76,3.2,157070.53,1322877.13,439489.47,0.0,89370323.0,1188747.0,1.3301,21176.89
CUST-002293,Maldonado-Becker,Banking,SMB,5000+,$1B+,Enterprise Agreement,2022-05-08,Active,False,77424.68,49166.77,52,3,3,1,9042.17,1,1,0,139.59,1.83,29135.36,264483.86,91384.24,0.0,19579889.0,280259.0,1.4314,4065.18
CUST-002294,Brooks-Hickman,Telecommunications,Enterprise,5000+,$1B+,Direct Sales,2021-06-21,Active,False,2373589.89,1455205.07,97,6,6,2,596633.9,12,9,4,62.06,2.96,706053.94,6206439.89,2234086.37,0.0,417831162.0,6192298.0,1.482,98298.34
CUST-002295,Hood and Sons,Retail,SMB,1-49,$250M-$1B,Marketplace,2025-08-23,Active,False,31517.41,20081.15,33,3,3,3,31864.93,2,1,0,37.95,3.37,19779.55,213844.47,54312.54,0.0,11409349.0,144410.0,1.2657,2751.0
CUST-002296,Miller Ltd,Healthcare,Enterprise,1-49,$1B+,Partner,2025-06-06,Active,True,1066344.83,689438.42,48,3,3,3,762223.42,12,8,0,67.46,3.25,278074.13,2957513.93,1091310.73,17652.24,226375758.0,2941673.0,1.2995,80689.56
CUST-002297,"Castillo, Fuller and Adams",Energy,Mid-Market,1-49,$50M-$250M,Marketplace,2024-07-22,Active,False,482087.32,306074.19,84,5,5,2,127181.72,8,7,2,51.07,2.83,170890.4,1650607.77,524830.04,0.0,103627993.0,1360401.0,1.3128,23929.99
CUST-002298,"Smith, Booker and Douglas",Banking,SMB,1-49,<$10M,Direct Sales,2022-11-23,Active,False,40406.13,25235.7,27,2,2,1,14777.97,2,0,0,32.02,4.73,15517.33,171843.63,57104.74,0.0,9757629.0,137340.0,1.4075,2311.4
CUST-002299,Nguyen-Dennis,Banking,Enterprise,1-49,$50M-$250M,Partner,2025-01-20,Active,False,1333604.75,827862.01,55,3,3,2,586133.51,8,4,2,39.1,3.4,384698.62,3249296.22,1234663.65,0.0,234920371.0,2946664.0,1.2543,53468.03
CUST-002300,"Meadows, Robles and Anderson",Professional Services,Enterprise,50-249,$250M-$1B,Direct Sales,2021-06-19,Active,False,1105210.51,680472.49,59,4,4,2,294459.43,3,3,2,50.77,2.27,439099.62,4014867.56,1220072.93,0.0,239438059.0,3852555.0,1.609,59749.27
CUST-002301,Solis LLC,Transportation,Mid-Market,5000+,<$10M,Partner,2021-04-28,Active,False,442244.79,276134.41,87,5,5,3,205591.3,3,3,1,58.49,2.66,188848.3,1665601.04,601577.0,0.0,112522053.0,1423954.0,1.2655,26343.38
CUST-002302,Yates-Manning,Energy,Strategic,250-999,$50M-$250M,Digital,2021-08-24,Active,True,13405054.83,8667756.0,166,9,9,4,3934378.53,22,11,3,41.93,3.51,3296087.87,32130800.34,10527708.17,46548.32,2065528829.0,27169051.0,1.3154,568592.64
CUST-002303,"Crane, James and Ross",Transportation,SMB,5000+,$1B+,Marketplace,2024-05-14,Active,False,29463.39,17006.41,20,2,2,2,32836.12,0,0,0,0.0,0.0,11400.16,113158.01,37941.71,0.0,6993217.0,94024.0,1.3445,1631.77
CUST-002304,Allen Group,Retail,SMB,50-249,$50M-$250M,Enterprise Agreement,2021-06-06,Active,False,41148.0,26269.6,24,1,1,0,0.0,1,1,0,74.61,2.64,15802.49,120761.83,50496.02,0.0,9843344.0,112924.0,1.1472,2168.74
CUST-002305,Smith and Sons,Banking,Mid-Market,5000+,$250M-$1B,Marketplace,2023-08-19,Active,False,565742.66,356841.03,113,5,5,1,51918.04,5,3,0,40.67,3.46,240898.86,2120026.29,644491.62,0.0,141961827.0,1933645.0,1.3621,32365.97
CUST-002306,Price Group,Manufacturing,SMB,50-249,$250M-$1B,Digital,2024-09-17,Active,True,54817.18,33914.58,49,2,2,1,17911.31,0,0,0,0.0,0.0,29760.86,283804.98,94633.87,0.0,19794159.0,262556.0,1.3264,4192.37
CUST-002307,Holland-Best,Manufacturing,Mid-Market,5000+,$10M-$50M,Marketplace,2023-11-23,Active,False,330098.16,211525.15,71,4,4,2,95841.9,3,3,0,102.0,2.21,161264.77,1386581.78,448299.21,0.0,82371737.0,1095045.0,1.3294,21770.21
CUST-002308,Martinez Group,Manufacturing,SMB,5000+,$10M-$50M,Digital,2021-11-02,Active,False,99132.6,62660.06,67,3,3,1,18942.12,1,1,0,11.76,3.7,35675.67,380881.48,133557.73,0.0,21091154.0,284438.0,1.3486,5308.38
CUST-002309,Fitzgerald-Dorsey,Retail,SMB,5000+,$250M-$1B,Direct Sales,2025-08-10,Active,False,42286.21,26669.61,41,3,3,2,22729.05,4,3,1,29.18,3.15,23732.7,238709.73,81696.37,0.0,13547541.0,186592.0,1.3773,3430.28
CUST-002310,"Munoz, Howard and Davis",Technology,Mid-Market,50-249,$10M-$50M,Marketplace,2021-04-19,Active,False,79497.06,49569.29,23,2,2,1,40263.43,3,2,0,52.48,3.22,46556.1,488032.33,171570.18,0.0,29743700.0,303436.0,1.0202,6881.84
CUST-002311,Hunt-Burns,Telecommunications,Mid-Market,1-49,$1B+,Enterprise Agreement,2024-06-19,Active,False,588583.91,368396.61,108,5,5,3,182909.03,5,2,1,38.48,4.02,223681.07,2179570.64,667887.19,0.0,151631039.0,1860481.0,1.227,31169.11
CUST-002312,Alvarez-Hart,Banking,SMB,1-49,$250M-$1B,Digital,2025-07-01,Active,True,28603.17,17835.5,26,2,2,2,25498.75,0,0,0,0.0,0.0,15309.54,163084.03,40997.84,0.0,11296047.0,164325.0,1.4547,2114.0
CUST-002313,Davis-Henderson,Professional Services,Enterprise,1-49,$50M-$250M,Digital,2023-12-20,Active,False,2662987.76,1624578.82,125,6,6,5,1125420.19,8,6,2,44.06,3.49,902092.04,8395660.75,2683098.64,0.0,572204192.0,8376921.0,1.464,124810.98
CUST-002314,Austin-Hamilton,Education,Strategic,50-249,$1B+,Partner,2023-08-29,Active,True,16090390.53,10166120.59,170,8,8,1,852878.45,13,5,3,35.71,3.78,3587401.35,32922818.39,10067466.59,204011.31,2290520421.0,27949852.0,1.2202,938211.47
CUST-002315,Davis-Palmer,Technology,SMB,250-999,$10M-$50M,Partner,2021-05-12,Active,False,12731.58,8837.31,15,1,1,1,9325.62,0,0,0,0.0,0.0,8588.52,86076.33,27868.18,0.0,6680030.0,95074.0,1.4233,1223.81
CUST-002316,Rhodes-Holland,Transportation,Mid-Market,250-999,$10M-$50M,Enterprise Agreement,2024-06-21,Active,False,326100.95,205215.86,99,4,4,3,109853.91,6,5,0,84.56,2.96,203717.59,1795980.48,567284.74,0.0,140270417.0,2020445.0,1.4404,27599.18
CUST-002317,"Moore, Simpson and Soto",Technology,Mid-Market,250-999,$10M-$50M,Direct Sales,2022-09-22,Active,False,141124.66,86436.49,35,2,2,1,33811.59,6,4,1,30.67,3.22,66720.88,689957.92,241211.81,0.0,43076502.0,613424.0,1.424,9797.13
CUST-002318,"Miller, Mcdonald and Miller",Telecommunications,SMB,5000+,$250M-$1B,Partner,2021-09-25,Active,False,58406.67,37022.07,52,3,3,2,21169.12,2,1,0,25.08,3.63,34375.67,243067.0,85856.8,0.0,18310439.0,221522.0,1.2098,4438.49
CUST-002319,Evans-Joyce,Banking,SMB,1000-4999,$50M-$250M,Marketplace,2025-11-24,Active,True,24218.76,15343.2,22,2,2,2,24927.5,0,0,0,0.0,0.0,12563.0,125892.57,32538.79,0.0,7156499.0,109067.0,1.524,1707.93
CUST-002320,"Leach, Skinner and Mills",Banking,SMB,50-249,$250M-$1B,Partner,2025-11-10,Active,False,26581.13,17439.34,22,2,2,2,27483.98,0,0,0,0.0,0.0,13424.18,127297.81,40322.8,0.0,9216368.0,91196.0,0.9895,1866.13
CUST-002321,Carroll-Arnold,Retail,Mid-Market,250-999,$10M-$50M,Direct Sales,2024-10-31,Active,False,567739.43,357753.17,102,5,5,4,281954.82,7,3,0,42.76,3.9,209306.26,2032881.29,649468.78,0.0,121242940.0,1605527.0,1.3242,29398.04
CUST-002322,Palmer PLC,Manufacturing,Mid-Market,250-999,$1B+,Enterprise Agreement,2023-04-23,Active,False,589482.44,363622.26,83,4,4,1,94346.79,0,0,0,0.0,0.0,173188.45,1533354.76,505560.0,0.0,105573538.0,1193178.0,1.1302,23709.0
CUST-002323,Gutierrez-Marshall,Healthcare,Strategic,1-49,$50M-$250M,Partner,2021-02-16,Active,True,16868289.96,10432015.4,180,9,9,3,2937198.7,16,10,1,24.09,3.38,3748371.03,37100860.51,12150060.49,122341.47,2320033254.0,31414831.0,1.3541,802207.35
CUST-002324,"Carroll, King and Scott",Manufacturing,Mid-Market,250-999,$10M-$50M,Marketplace,2025-08-28,Active,False,226108.7,145863.46,55,4,4,3,150021.7,4,3,1,42.1,3.03,115210.61,1122771.4,369243.22,0.0,70531979.0,994322.0,1.4097,16306.92
CUST-002325,Mack Inc,Banking,Mid-Market,250-999,<$10M,Digital,2022-11-28,Active,False,408382.17,257058.67,79,5,5,2,95166.67,3,1,0,19.56,4.25,154349.58,1596432.56,514858.3,0.0,95782799.0,1244138.0,1.2989,22232.84
CUST-002326,Yang Group,Telecommunications,SMB,50-249,$1B+,Digital,2025-04-16,Active,False,73907.53,49571.28,44,3,3,2,39236.74,2,2,1,45.82,2.17,25273.98,258033.09,81776.14,0.0,16517102.0,193060.0,1.1688,3608.43
CUST-002327,Hartman Group,Retail,Mid-Market,1-49,<$10M,Direct Sales,2022-03-31,Active,False,403154.94,257039.52,69,3,3,2,139064.09,7,6,1,52.17,3.0,149548.5,1469057.41,457131.39,0.0,82151405.0,1247120.0,1.5181,20968.92
CUST-002328,Miller Ltd,Insurance,Mid-Market,5000+,<$10M,Enterprise Agreement,2025-01-17,Active,False,421782.84,269346.51,76,4,4,3,172618.04,3,2,0,16.71,2.77,146303.4,1457885.76,466162.55,0.0,100850253.0,1273776.0,1.263,20744.5
CUST-002329,Edwards-Ramsey,Transportation,Strategic,50-249,$250M-$1B,Partner,2024-07-16,Active,True,11873024.56,7368624.5,143,9,9,4,3934785.74,14,10,2,39.57,3.06,3048410.96,27269211.16,8562311.97,81157.04,1875465291.0,25340651.0,1.3512,593064.22
CUST-002330,"Cole, Morton and Peterson",Banking,SMB,1000-4999,<$10M,Direct Sales,2022-04-08,Active,False,65694.02,41728.37,72,3,3,1,14175.71,1,0,0,52.01,4.27,40836.2,395395.16,140638.11,0.0,26305461.0,332892.0,1.2655,5872.65
CUST-002331,Clark Inc,Telecommunications,Strategic,1000-4999,<$10M,Marketplace,2023-10-15,Active,False,13023325.77,8104076.21,161,8,8,7,6700202.23,27,17,3,50.94,3.39,3619521.57,28739953.61,9894659.53,0.0,2036550852.0,26106171.0,1.2819,482182.89
CUST-002332,"Hendrix, Green and Nunez",Energy,Strategic,1-49,<$10M,Partner,2025-01-15,Active,False,8372240.86,5375346.16,82,5,5,3,3748048.83,23,11,5,40.78,3.52,1699418.96,16273438.39,6112665.86,0.0,1084263992.0,13374312.0,1.2335,246621.48
CUST-002333,Ferguson-Smith,Media,SMB,1-49,$50M-$250M,Marketplace,2021-03-02,Active,False,15396.25,10045.76,12,1,1,0,0.0,1,0,0,15.76,4.04,7099.92,75589.99,21058.81,0.0,4656470.0,71274.0,1.5306,1000.65
CUST-002334,Smith Ltd,Banking,SMB,50-249,$250M-$1B,Digital,2023-12-09,Active,False,31167.7,19559.45,24,2,2,0,0.0,0,0,0,0.0,0.0,14220.11,122264.24,40326.24,0.0,9051728.0,95592.0,1.0561,1927.8
CUST-002335,Stevens-Sullivan,Media,Mid-Market,1-49,$250M-$1B,Direct Sales,2022-08-04,Active,True,214002.43,138646.75,30,2,2,2,161162.19,0,0,0,0.0,0.0,55979.61,637499.1,206879.1,7693.2,36526343.0,518049.0,1.4183,25306.96
CUST-002336,"Church, Guzman and Tucker",Media,Enterprise,250-999,$10M-$50M,Direct Sales,2023-01-24,Active,True,3316918.23,2046556.41,151,7,7,3,555280.77,8,7,1,64.88,2.78,1056858.24,10364959.74,3389133.21,75980.05,683042101.0,8543752.0,1.2508,316894.76
CUST-002337,"Li, Jensen and Vazquez",Energy,SMB,5000+,$50M-$250M,Direct Sales,2021-09-10,Active,True,22038.27,13715.03,13,1,1,0,0.0,2,2,1,59.16,3.26,6596.63,67100.23,20312.33,0.0,4141746.0,52766.0,1.274,930.93
CUST-002338,"Leonard, Ballard and Miller",Education,Mid-Market,250-999,<$10M,Enterprise Agreement,2023-12-22,Active,True,715343.34,459424.39,119,5,5,1,92488.43,5,4,1,41.55,2.88,244124.21,2422784.34,750995.48,20459.76,156893345.0,2092160.0,1.3335,79338.21
CUST-002339,Smith Inc,Professional Services,SMB,50-249,$10M-$50M,Enterprise Agreement,2025-07-28,Active,False,33580.71,21116.7,28,2,2,1,20767.1,1,1,0,12.79,2.33,15584.55,171265.13,50458.58,0.0,8871940.0,102417.0,1.1544,2249.73
CUST-002340,Horton and Sons,Manufacturing,Mid-Market,250-999,$50M-$250M,Marketplace,2023-07-14,Active,True,469948.67,307391.44,84,5,5,1,70270.09,6,3,0,48.86,3.39,175483.49,1705770.11,569349.12,4651.2,111649916.0,1415778.0,1.2681,35131.46
CUST-002341,Clark Ltd,Professional Services,SMB,250-999,$10M-$50M,Enterprise Agreement,2024-11-25,Active,False,43747.09,27878.08,41,3,3,1,11719.9,3,3,1,40.13,2.49,27611.83,214599.56,75285.91,0.0,12563803.0,156919.0,1.249,3667.23
CUST-002342,Santos Group,Banking,Mid-Market,250-999,$10M-$50M,Marketplace,2024-07-15,Active,False,434952.62,272906.14,82,5,5,4,243264.56,2,1,0,23.17,3.37,172440.2,1486521.29,474761.39,0.0,105758464.0,1343090.0,1.27,23240.21
CUST-002343,"Garrison, Ryan and Miller",Professional Services,Strategic,1-49,$1B+,Direct Sales,2025-06-08,Active,True,7825685.41,4987848.47,112,8,8,5,4265642.81,26,17,7,67.87,3.26,2414977.39,21897606.98,7035771.21,71145.08,1443222242.0,17749767.0,1.2299,488019.84
CUST-002344,Hernandez-Henderson,Banking,SMB,1-49,$10M-$50M,Direct Sales,2025-09-30,Active,False,54387.43,33497.87,39,3,3,3,47190.32,2,1,0,29.65,4.08,23627.31,193414.87,68262.89,0.0,13812358.0,164556.0,1.1914,3195.85
CUST-002345,Martin and Sons,Media,Mid-Market,1-49,<$10M,Marketplace,2023-03-26,Active,False,217364.96,134143.25,37,2,2,0,0.0,4,3,1,40.04,3.56,79495.73,715306.32,228301.34,0.0,47252849.0,553707.0,1.1718,10868.41
CUST-002346,"Park, Maynard and Ruiz",Healthcare,SMB,1-49,$10M-$50M,Partner,2025-03-07,Active,True,26139.58,16489.55,19,1,1,1,15640.69,1,1,0,48.73,2.5,9748.72,109935.01,30122.05,0.0,7290346.0,105994.0,1.4539,1398.53
CUST-002347,Richards-Harris,Technology,SMB,5000+,$1B+,Partner,2025-08-02,Active,False,15890.43,9817.49,14,1,1,1,12831.34,4,3,0,56.56,3.21,9525.58,80285.0,24306.07,0.0,6114059.0,82145.0,1.3435,1260.91
CUST-002348,"Gallegos, Myers and Cook",Education,Mid-Market,1000-4999,$1B+,Partner,2025-10-02,Active,False,175045.94,109004.88,24,2,2,2,168259.89,5,4,0,44.54,3.13,48664.27,490116.82,138863.48,0.0,26244428.0,271159.0,1.0332,6748.56
CUST-002349,Mccoy Ltd,Professional Services,Mid-Market,1-49,<$10M,Partner,2022-08-18,Active,False,383997.55,240076.86,80,4,4,2,109951.27,5,3,1,64.96,3.16,175446.2,1620084.18,510851.42,0.0,110775903.0,1411270.0,1.274,24138.94
CUST-002350,Petty-Allison,Education,SMB,50-249,$50M-$250M,Digital,2023-12-17,Active,True,12148.25,7551.01,20,1,1,1,7030.58,1,1,0,45.44,2.92,13054.27,132990.87,37981.78,0.0,8453263.0,124194.0,1.4692,1820.63
CUST-002351,"Lane, Simon and Duarte",Energy,SMB,50-249,$250M-$1B,Direct Sales,2025-02-17,Active,False,66882.11,41516.83,59,3,3,3,39463.67,1,1,0,48.92,1.79,37902.23,352629.53,110368.64,0.0,20466530.0,263949.0,1.2897,5220.04
CUST-002352,Freeman Group,Insurance,SMB,1-49,<$10M,Digital,2025-01-22,Active,False,60442.46,38026.83,47,3,3,1,14391.19,2,1,1,55.95,3.21,29517.74,250936.61,79482.11,0.0,16625728.0,198898.0,1.1963,3953.39
CUST-002353,"Garza, Carr and Gregory",Energy,Mid-Market,250-999,$1B+,Enterprise Agreement,2021-04-08,Active,False,403677.75,251506.14,57,2,2,2,166584.73,5,2,1,63.57,3.45,132280.53,1146565.02,371657.51,0.0,74266234.0,948843.0,1.2776,17914.96
CUST-002354,Hall-Brown,Banking,Mid-Market,1000-4999,$50M-$250M,Enterprise Agreement,2022-01-08,Active,False,228123.81,144312.83,41,3,3,2,115451.96,2,1,0,102.55,3.45,85741.35,720233.15,249182.4,0.0,57475614.0,800772.0,1.3932,11648.84
CUST-002355,Henderson LLC,Media,Enterprise,5000+,$250M-$1B,Enterprise Agreement,2024-12-17,Active,False,1037198.21,639803.21,54,3,3,3,644847.84,9,7,3,48.98,3.12,386633.1,3220205.24,1267838.16,0.0,226159668.0,3010315.0,1.3311,53915.68
CUST-002356,"Brown, Orozco and Butler",Manufacturing,Mid-Market,5000+,$1B+,Enterprise Agreement,2024-09-07,Active,False,765270.09,497695.53,112,5,5,3,226472.64,4,3,0,59.24,2.99,237749.7,2125295.44,756915.2,0.0,149131731.0,1787457.0,1.1986,33217.03
CUST-002357,Wilson-Dean,Education,Enterprise,1-49,$1B+,Digital,2025-10-16,Active,False,739733.25,483426.96,36,3,3,3,705897.12,7,6,0,70.19,2.77,264958.07,2644883.52,808478.16,0.0,144819199.0,1730183.0,1.1947,37220.82
CUST-002358,"Reed, Terry and Smith",Media,SMB,50-249,$10M-$50M,Digital,2024-07-28,Active,False,54101.01,34352.99,49,3,3,1,10155.57,1,1,0,103.04,3.45,26334.3,287709.39,74095.37,0.0,16795296.0,209741.0,1.2488,3686.83
CUST-002359,Barber-Harrison,Manufacturing,Mid-Market,5000+,$1B+,Partner,2023-10-22,Active,True,264575.14,164466.24,43,2,2,1,96114.39,4,4,2,44.97,2.81,94262.57,857439.66,253920.95,0.0,61030480.0,808878.0,1.3254,12737.9
CUST-002360,Hall-Robinson,Healthcare,Strategic,250-999,$10M-$50M,Marketplace,2025-09-15,Active,True,8381576.82,5391434.53,78,6,6,1,1235298.27,13,11,2,56.19,2.92,1674106.19,13948385.11,3847014.26,53965.57,974917860.0,12803875.0,1.3133,335760.74
CUST-002361,"Morgan, Guzman and Kirby",Technology,SMB,5000+,<$10M,Enterprise Agreement,2021-04-23,Active,False,101267.74,62440.53,73,3,3,2,39153.16,1,0,0,52.3,4.48,38129.71,424985.24,139606.45,0.0,29007195.0,385357.0,1.3285,5677.49
CUST-002362,"Mcdonald, Ware and Sharp",Technology,Mid-Market,1-49,$250M-$1B,Partner,2023-07-26,Active,False,429669.48,270826.13,57,4,4,1,95861.97,6,5,0,43.98,2.4,114568.61,1023850.04,397422.72,0.0,77343651.0,957985.0,1.2386,16333.03
CUST-002363,Moyer-Whitaker,Healthcare,Enterprise,5000+,$1B+,Partner,2025-01-23,Active,False,1962690.9,1258060.65,104,6,6,5,1031658.36,4,3,0,36.34,3.14,742785.6,6845755.05,2406780.01,0.0,495149494.0,6696032.0,1.3523,104610.24
CUST-002364,"Delgado, Ward and Kennedy",Transportation,SMB,50-249,$1B+,Partner,2023-01-11,Active,False,49276.07,31851.75,36,2,2,0,0.0,2,0,0,26.06,4.75,20584.62,207888.83,58648.3,0.0,14359009.0,191884.0,1.3363,2854.67
CUST-002365,Howell LLC,Manufacturing,Mid-Market,1-49,$50M-$250M,Marketplace,2025-09-09,Active,False,157917.54,99693.51,26,2,2,1,67074.71,3,3,0,60.71,3.05,52468.34,402276.49,159815.78,0.0,35639450.0,503895.0,1.4139,7124.88
CUST-002366,"Curry, Estrada and Anderson",Media,Enterprise,5000+,$250M-$1B,Digital,2024-11-24,Active,False,2263944.67,1440881.82,125,7,7,5,1018984.52,7,4,0,40.49,3.51,880446.8,8939133.74,2729058.78,0.0,569912287.0,7799526.0,1.3685,124408.76
CUST-002367,Moore Group,Telecommunications,SMB,5000+,$10M-$50M,Marketplace,2025-04-12,Active,False,25730.92,15554.85,26,2,2,0,0.0,3,2,0,57.77,2.98,15173.38,134282.26,39715.12,0.0,9417933.0,97860.0,1.0391,2031.33
CUST-002368,Leon Group,Media,Mid-Market,1000-4999,$50M-$250M,Marketplace,2023-02-23,Active,False,550543.83,341301.52,77,4,4,3,249581.68,3,2,0,49.1,3.22,161528.87,1415698.29,543737.66,0.0,105096614.0,1417360.0,1.3486,22806.28
CUST-002369,Young-Hawkins,Technology,Mid-Market,1-49,$10M-$50M,Partner,2023-09-14,Active,True,349858.79,220244.03,84,3,3,2,93052.51,2,2,0,11.61,2.59,182965.38,1589884.69,558299.35,0.0,104819631.0,1418291.0,1.3531,25229.54
CUST-002370,Howard LLC,Insurance,Enterprise,250-999,$10M-$50M,Digital,2025-03-17,Active,False,1901525.2,1197483.9,110,7,7,7,1398517.93,6,4,1,50.8,3.07,787886.29,7525534.83,2457505.87,0.0,480276958.0,6103531.0,1.2708,110535.95
CUST-002371,Rhodes-Thompson,Manufacturing,SMB,5000+,$50M-$250M,Direct Sales,2025-06-19,Active,False,17955.89,10789.66,29,2,2,1,6749.83,0,0,0,0.0,0.0,16675.98,162159.48,62304.84,0.0,11878783.0,141267.0,1.1892,2448.32
CUST-002372,"Johnson, Brown and Jordan",Banking,Enterprise,1-49,$1B+,Marketplace,2022-04-04,Active,True,2553217.74,1619926.48,76,4,4,2,751640.68,9,3,0,45.96,3.83,514151.78,4882590.24,1651249.56,43075.83,321549529.0,4456172.0,1.3858,167318.27
CUST-002373,"Perez, Hoffman and Tucker",Insurance,Mid-Market,1000-4999,$1B+,Partner,2021-04-23,Active,True,331106.36,207496.93,54,3,3,1,112344.68,6,5,1,32.94,2.83,119253.34,1009667.75,383457.2,15227.25,80261804.0,1135302.0,1.4145,50086.54
CUST-002374,Glover-Hammond,Telecommunications,SMB,1-49,<$10M,Direct Sales,2024-06-07,Active,False,93176.93,58932.59,61,3,3,3,52440.11,1,0,0,5.43,4.24,37314.07,371949.98,124368.51,0.0,27353704.0,366093.0,1.3384,5345.83
CUST-002375,"Adams, Hernandez and Vaughn",Insurance,SMB,250-999,$1B+,Direct Sales,2022-07-26,Active,False,9889.0,6046.23,13,1,1,0,0.0,0,0,0,0.0,0.0,8966.8,60395.99,29460.63,0.0,5546562.0,59661.0,1.0756,1222.41
CUST-002376,"Munoz, Garcia and Williams",Retail,Enterprise,5000+,$10M-$50M,Enterprise Agreement,2023-04-16,Active,True,2382066.58,1476048.02,111,7,7,4,1001289.84,13,11,3,68.34,3.13,831960.16,7240502.74,2462637.78,29371.15,488501951.0,6625703.0,1.3563,178600.17
CUST-002377,Lloyd-Estes,Banking,Strategic,250-999,$10M-$50M,Digital,2021-10-22,Active,True,12364435.08,7693868.5,129,8,8,3,3329398.27,18,14,1,58.51,3.29,2605740.85,27683074.46,8315799.89,54912.45,1680335944.0,22689121.0,1.3503,493848.39
CUST-002378,Villegas PLC,Manufacturing,SMB,1000-4999,$10M-$50M,Direct Sales,2024-05-11,Active,False,45996.87,28207.84,28,2,2,1,17539.39,1,1,0,43.09,3.52,15247.21,140719.16,53561.92,0.0,9844219.0,128170.0,1.302,2189.32
CUST-002379,"Casey, Meza and Colon",Technology,Mid-Market,1000-4999,$10M-$50M,Enterprise Agreement,2025-01-26,Active,False,377051.14,238039.56,60,4,4,1,83206.43,1,0,0,6.41,4.72,127063.33,1222138.94,409396.23,0.0,78057875.0,1052513.0,1.3484,17973.9
CUST-002380,Romero and Sons,Professional Services,SMB,1000-4999,$250M-$1B,Marketplace,2021-07-08,Active,False,34180.42,22194.43,37,3,3,0,0.0,0,0,0,0.0,0.0,24370.55,232169.36,67425.38,0.0,11750578.0,142912.0,1.2162,3332.0
CUST-002381,"Wilson, Harris and Ward",Insurance,Enterprise,250-999,<$10M,Marketplace,2024-05-17,Active,False,738213.69,480416.58,49,3,3,1,309027.25,13,8,1,33.1,3.56,336889.19,3325509.14,1173398.82,0.0,211781836.0,2775857.0,1.3107,48705.23
CUST-002382,"Carter, Alexander and Hunter",Healthcare,Strategic,50-249,$10M-$50M,Marketplace,2021-05-18,Active,True,17962721.67,11134782.13,221,8,8,3,2733720.62,17,10,3,40.47,3.58,4549133.45,42906374.29,14582289.22,223147.04,2558466134.0,31524808.0,1.2322,1131981.34
CUST-002383,"Harrell, Moore and Cox",Telecommunications,SMB,50-249,$10M-$50M,Digital,2022-10-06,Active,False,74080.21,46876.87,63,3,3,1,10085.56,0,0,0,0.0,0.0,33648.97,359146.36,112257.39,0.0,21712236.0,287525.0,1.3243,4869.13
CUST-002384,Martinez and Sons,Insurance,Enterprise,1000-4999,<$10M,Partner,2024-01-21,Active,True,3322359.55,2113606.92,128,7,7,3,819457.5,16,7,4,43.19,3.49,905406.41,8576495.79,2829638.02,45487.45,555655338.0,6996241.0,1.2591,227008.46
CUST-002385,Montes-Hammond,Media,Enterprise,50-249,<$10M,Marketplace,2021-06-10,Active,False,2339617.99,1436313.37,112,6,6,1,138377.13,7,4,0,53.63,3.66,741773.94,7647527.9,2569580.38,0.0,463488004.0,5755568.0,1.2418,107750.79
CUST-002386,Sanchez Group,Transportation,SMB,250-999,$10M-$50M,Marketplace,2023-11-18,Active,False,66897.38,42160.32,60,2,2,2,27163.99,1,0,0,2.28,4.34,34917.45,341772.08,92602.56,0.0,24038770.0,346850.0,1.4429,4752.37
CUST-002387,Mitchell-Jackson,Insurance,Mid-Market,50-249,$10M-$50M,Marketplace,2023-02-10,Active,False,465948.04,287209.22,83,4,4,1,55798.68,8,7,1,57.94,3.04,147009.37,1630796.72,552473.62,0.0,111906522.0,1412523.0,1.2622,22017.24
CUST-002388,Watson-Fischer,Manufacturing,SMB,5000+,<$10M,Partner,2022-09-21,Active,False,20914.11,13165.26,20,1,1,1,11922.86,3,0,0,18.22,4.3,11431.34,116936.68,32851.97,0.0,6872810.0,67613.0,0.9838,1591.31
CUST-002389,Soto-Sanchez,Technology,Enterprise,250-999,$1B+,Direct Sales,2025-11-05,Active,True,1619118.4,1037065.58,66,6,6,6,1676033.35,5,2,1,18.91,3.52,445631.26,3700364.27,1235512.65,19379.0,267087821.0,3272899.0,1.2254,102496.73
CUST-002390,"Fisher, Perez and Pham",Banking,Strategic,50-249,$250M-$1B,Partner,2022-08-07,Active,True,13581931.96,8531605.84,162,8,8,2,1450382.78,11,7,0,35.53,3.42,3433455.7,32555636.69,9997026.62,143169.01,2146578518.0,26528880.0,1.2359,789063.94
CUST-002391,Hardin-Villanueva,Insurance,Mid-Market,50-249,$250M-$1B,Marketplace,2023-12-31,Active,False,547286.55,351668.94,99,5,5,1,85607.47,7,5,2,63.95,3.28,210428.13,2099574.37,636351.66,0.0,139658106.0,1860145.0,1.3319,29501.29
CUST-002392,"Norton, Cox and Johnson",Banking,Mid-Market,50-249,<$10M,Marketplace,2021-06-03,Active,False,390940.66,244554.96,84,3,3,0,0.0,3,2,0,44.03,3.69,169781.14,1709903.59,547597.46,0.0,107449734.0,1333759.0,1.2413,24176.04
CUST-002393,Carrillo Ltd,Insurance,Enterprise,50-249,$50M-$250M,Enterprise Agreement,2022-01-09,Active,False,2271392.47,1423926.0,118,6,6,3,519663.64,5,1,1,18.0,4.38,846488.67,7980273.62,2793111.34,0.0,542129014.0,6873867.0,1.2679,120075.41
CUST-002394,"Acevedo, Miller and Edwards",Telecommunications,Strategic,1000-4999,$1B+,Marketplace,2024-01-24,Active,True,11983217.41,7630009.03,124,7,7,0,0.0,23,8,4,35.07,3.79,2450376.16,22155237.19,7444814.31,151298.33,1596994819.0,19742933.0,1.2363,672148.96
CUST-002395,Hamilton Group,Energy,SMB,50-249,<$10M,Enterprise Agreement,2022-04-20,Active,False,22947.59,14042.96,36,1,1,0,0.0,0,0,0,0.0,0.0,22035.89,213709.0,62852.17,0.0,10988768.0,133665.0,1.2164,3038.77
CUST-002396,Keller Ltd,Banking,SMB,250-999,$10M-$50M,Enterprise Agreement,2023-04-17,Active,False,25969.63,15870.65,24,1,1,0,0.0,1,1,0,8.08,2.11,15035.58,129172.62,51340.03,0.0,9481297.0,122724.0,1.2944,2125.13
CUST-002397,Orr Inc,Media,Enterprise,5000+,$250M-$1B,Marketplace,2024-12-10,Active,False,1670075.61,1034192.24,74,5,5,2,468494.8,11,6,2,65.19,3.31,559370.41,4471924.93,1616449.47,0.0,306540171.0,4255300.0,1.3882,75451.53
CUST-002398,"Whitney, Lloyd and Liu",Banking,Mid-Market,1000-4999,$250M-$1B,Partner,2024-12-04,Active,False,413180.99,256740.77,73,4,4,3,186822.65,4,3,0,48.22,2.8,142263.67,1741379.84,490917.46,0.0,93314753.0,1331491.0,1.4269,21195.86
CUST-002399,Barnes-Blackwell,Banking,Enterprise,250-999,<$10M,Marketplace,2021-10-28,Active,False,2079003.88,1296232.36,111,6,6,2,455902.4,12,7,2,42.69,3.44,800657.01,6867977.75,2367329.86,0.0,473130021.0,6371225.0,1.3466,109468.52
CUST-002400,"Spencer, Torres and Newton",Retail,Mid-Market,50-249,$50M-$250M,Digital,2021-12-17,Active,False,112868.18,71586.74,26,2,2,1,37633.71,5,3,2,46.99,3.59,56522.85,503551.32,174993.53,0.0,25623255.0,382599.0,1.4932,7843.99
CUST-002401,Smith-Ramirez,Transportation,Mid-Market,250-999,<$10M,Digital,2024-10-22,Active,False,335137.6,216639.61,69,4,4,4,236110.7,1,1,0,28.76,2.42,127676.59,1435558.94,417138.31,0.0,89590347.0,1105916.0,1.2344,18533.48
CUST-002402,"Bishop, Thomas and Powell",Manufacturing,Mid-Market,1000-4999,$1B+,Partner,2024-11-07,Active,False,560604.04,353154.87,72,4,4,2,174181.52,7,5,3,62.24,2.9,154503.44,1409262.85,455591.15,0.0,97752683.0,1375339.0,1.407,21279.86
CUST-002403,"Harris, Stephens and Kramer",Insurance,Enterprise,5000+,$10M-$50M,Digital,2021-12-23,Active,False,1088581.37,678003.21,47,3,3,2,437071.83,9,7,2,70.27,2.77,328556.93,3113330.7,1048185.87,0.0,205806881.0,2609306.0,1.2678,46278.68
CUST-002404,"Ramos, Reed and Cain",Energy,Mid-Market,5000+,$1B+,Digital,2021-03-22,Active,False,230101.98,141816.24,47,3,3,1,87985.36,4,1,1,59.0,3.87,98742.27,960177.85,318411.82,0.0,63208628.0,894607.0,1.4153,13990.9
CUST-002405,"Sullivan, Gonzalez and Turner",Energy,SMB,1-49,$10M-$50M,Partner,2022-08-15,Active,False,17598.97,11848.71,10,1,1,1,20202.1,5,2,0,25.69,3.68,6380.65,51920.86,20099.45,0.0,3903039.0,62839.0,1.61,879.13
CUST-002406,Medina Group,Banking,Enterprise,5000+,$10M-$50M,Enterprise Agreement,2025-06-24,Active,False,1494232.12,954148.56,71,5,5,2,529555.34,7,4,1,20.57,3.33,493969.07,5258740.44,1658951.91,0.0,324328886.0,4240691.0,1.3075,71564.08
CUST-002407,"Higgins, Hobbs and Meyer",Energy,Mid-Market,250-999,$10M-$50M,Digital,2022-05-29,Active,False,114810.05,71041.71,23,2,2,1,71829.13,6,5,1,82.4,2.58,43818.9,458521.35,140100.81,0.0,29022000.0,349818.0,1.2054,6261.85
CUST-002408,"Campbell, Davis and Arnold",Energy,Enterprise,5000+,<$10M,Direct Sales,2024-06-02,Active,False,3368679.63,2125933.17,130,7,7,6,1826555.55,9,4,0,54.56,3.67,920901.82,8409957.65,2992404.47,0.0,505890665.0,7177940.0,1.4189,129625.16
CUST-002409,"Peterson, Reid and Johnson",Education,SMB,1-49,$250M-$1B,Direct Sales,2023-11-06,Active,False,35502.69,22013.05,26,2,2,0,0.0,1,1,0,12.38,1.63,14694.18,167127.24,33150.48,0.0,8830528.0,113505.0,1.2854,1988.21
CUST-002410,"Vargas, Allen and Schroeder",Technology,SMB,1000-4999,$250M-$1B,Marketplace,2024-01-20,Active,False,45219.23,28803.44,50,2,2,1,6606.18,5,2,0,77.98,3.63,34825.85,249030.91,86600.71,0.0,19487671.0,263543.0,1.3524,4498.55
CUST-002411,"Henderson, Wagner and Dennis",Education,SMB,250-999,$250M-$1B,Direct Sales,2024-06-14,Active,False,35113.3,22172.47,23,2,2,2,35933.09,3,1,1,30.21,4.03,13295.19,135141.52,43998.42,0.0,8958488.0,120162.0,1.3413,1906.87
CUST-002412,Green-Romero,Education,Strategic,1000-4999,$1B+,Enterprise Agreement,2024-09-21,Active,False,11894133.74,7557195.11,134,7,7,5,4993001.52,20,11,6,35.03,3.41,2694181.77,26513777.41,8428771.03,0.0,1778443310.0,21331149.0,1.1994,379791.65
CUST-002413,Williams Ltd,Media,Mid-Market,1000-4999,$1B+,Marketplace,2024-07-01,Active,True,485941.69,310288.14,98,5,5,3,193375.3,4,2,0,35.78,3.58,189179.9,2135155.41,663478.03,0.0,120322531.0,1437968.0,1.1951,27931.47
CUST-002414,West PLC,Telecommunications,Mid-Market,5000+,$1B+,Partner,2021-09-23,Active,False,506930.18,318469.16,94,5,5,2,128857.18,3,3,1,32.0,2.47,190006.31,2027133.93,595308.91,0.0,128383549.0,1774199.0,1.382,27108.06
CUST-002415,"Smith, Morgan and Young",Telecommunications,Mid-Market,5000+,<$10M,Marketplace,2023-12-26,Active,False,403776.28,253837.05,86,4,4,3,171804.38,4,2,0,21.62,3.35,180121.06,1640388.4,557947.93,0.0,104743261.0,1469202.0,1.4027,25071.48
CUST-002416,"Zhang, Cunningham and Kline",Telecommunications,Mid-Market,1-49,$50M-$250M,Direct Sales,2022-05-02,Active,False,273290.0,172534.56,58,2,2,2,109921.94,6,5,0,40.15,2.66,106342.06,1262854.27,398818.34,0.0,74195317.0,877177.0,1.1823,16084.81
CUST-002417,"Wade, Richard and Hall",Technology,Mid-Market,5000+,$50M-$250M,Marketplace,2023-03-11,Active,False,369892.79,232608.92,69,4,4,1,93560.73,3,2,0,32.64,3.71,137868.43,1460609.79,477276.95,0.0,90877955.0,1223348.0,1.3461,20101.97
CUST-002418,Mitchell-Glover,Manufacturing,Mid-Market,5000+,$10M-$50M,Digital,2021-12-10,Active,False,448634.74,278935.86,70,4,4,2,134045.88,4,4,1,29.71,2.92,142756.61,1452904.46,408331.15,0.0,77663390.0,992278.0,1.2777,19837.16
CUST-002419,"Armstrong, Taylor and Gray",Technology,Enterprise,1000-4999,$1B+,Marketplace,2023-12-09,Active,True,2330458.52,1457818.09,123,6,6,2,452513.3,9,5,1,65.68,3.49,889279.11,8592363.27,2808679.27,20364.62,580974331.0,7944727.0,1.3675,170109.17
CUST-002420,"Wright, Murphy and Aguilar",Manufacturing,SMB,50-249,$10M-$50M,Partner,2024-06-06,Active,False,86511.67,53938.58,53,2,2,1,19099.65,1,1,0,28.77,2.67,29234.77,303103.78,101307.15,0.0,18394838.0,220556.0,1.199,4250.19
CUST-002421,Gibson-Thomas,Technology,Mid-Market,50-249,$10M-$50M,Enterprise Agreement,2025-06-05,Active,False,238574.46,150590.23,42,3,3,1,53312.18,6,6,0,62.43,2.25,83351.01,803850.22,291045.03,0.0,65695028.0,762104.0,1.1601,12019.77
CUST-002422,Poole-Miller,Technology,Strategic,50-249,$50M-$250M,Direct Sales,2022-11-28,Active,False,8724544.35,5430530.07,91,5,5,1,1462636.08,18,7,2,39.83,3.86,1912541.88,16649776.5,5877190.22,0.0,1235512376.0,14994546.0,1.2136,264199.95
CUST-002423,Coleman and Sons,Telecommunications,Mid-Market,1000-4999,$10M-$50M,Digital,2025-04-09,Active,True,532108.72,330304.36,76,5,5,4,281919.93,5,4,0,18.09,2.68,157798.78,1559547.8,484634.94,4470.32,93324511.0,1228423.0,1.3163,32001.9
CUST-002424,Lewis-Miller,Healthcare,SMB,50-249,$50M-$250M,Enterprise Agreement,2024-04-21,Active,False,38716.82,24488.95,30,1,1,1,14823.24,1,1,0,34.28,2.36,18005.25,170412.69,66254.67,0.0,11875346.0,143962.0,1.2123,2623.95
CUST-002425,"Fox, Chapman and Stone",Energy,Mid-Market,1-49,$1B+,Marketplace,2022-04-03,Active,False,679034.18,426919.04,116,5,5,2,129616.95,4,2,0,19.31,3.31,251194.14,2215043.88,776787.09,0.0,151414284.0,1663172.0,1.0984,34805.47
CUST-002426,Wiggins-Silva,Energy,SMB,250-999,$250M-$1B,Enterprise Agreement,2023-09-30,Active,False,13456.69,8598.97,12,1,1,0,0.0,2,2,1,34.41,2.5,6980.82,80343.15,24909.36,0.0,4312791.0,40005.0,0.9276,1038.17
CUST-002427,"Henderson, Alexander and Galvan",Transportation,SMB,250-999,$50M-$250M,Partner,2023-09-26,Active,False,41043.17,24136.95,25,2,2,0,0.0,3,1,0,13.59,3.84,15600.88,128014.34,48302.19,0.0,8533210.0,120792.0,1.4156,2143.33
CUST-002428,Dennis-Butler,Transportation,SMB,5000+,$1B+,Direct Sales,2021-09-03,Active,False,19523.37,12065.98,24,1,1,0,0.0,1,1,0,7.48,3.22,14242.63,129672.21,38150.04,0.0,9426088.0,124250.0,1.3182,1922.62
CUST-002429,Thomas and Sons,Education,Enterprise,50-249,<$10M,Partner,2024-05-11,Active,False,821243.61,529068.76,51,3,3,0,0.0,10,8,1,62.45,3.33,336993.81,3228661.58,960569.5,0.0,221542405.0,2730917.0,1.2327,46392.36
CUST-002430,Dawson-Anderson,Banking,Mid-Market,1-49,$50M-$250M,Partner,2022-07-06,Active,False,328287.19,202396.56,63,4,4,0,0.0,3,2,0,28.26,3.7,130354.18,1194397.49,387653.95,0.0,88395475.0,1079092.0,1.2208,17997.28
CUST-002431,"Palmer, Rice and Benson",Insurance,SMB,250-999,$50M-$250M,Partner,2023-07-19,Active,False,39335.73,24068.62,30,1,1,1,15305.02,1,1,0,25.1,1.73,18370.23,191259.53,52639.38,0.0,10218173.0,132965.0,1.3013,2562.07
CUST-002432,Kennedy-Francis,Healthcare,SMB,1000-4999,$250M-$1B,Enterprise Agreement,2025-12-20,Active,False,14393.11,9447.63,10,1,1,1,16739.14,0,0,0,0.0,0.0,6434.48,53538.59,16786.73,0.0,4135936.0,56245.0,1.3599,854.07
CUST-002433,"Wood, Crane and Guzman",Banking,SMB,1-49,$1B+,Digital,2022-10-12,Active,False,29306.13,19061.66,30,2,2,1,8995.03,1,1,0,141.33,3.35,19833.81,198961.0,52833.81,0.0,12281052.0,157815.0,1.285,2711.24
CUST-002434,Rodriguez-Wood,Insurance,Strategic,250-999,<$10M,Direct Sales,2024-08-10,Active,False,13580511.74,8581252.22,152,8,8,6,6603782.44,18,11,5,44.1,3.63,3331991.39,30720830.32,9743874.16,0.0,1892787092.0,24813026.0,1.3109,458759.42
CUST-002435,Williams-Hernandez,Energy,Enterprise,1-49,$1B+,Enterprise Agreement,2024-06-14,Active,True,1565855.46,996150.05,66,3,3,1,221020.04,6,3,1,30.12,3.5,472372.58,4592013.13,1471915.29,0.0,265625255.0,3386544.0,1.2749,66416.7
CUST-002436,Torres-Brooks,Retail,Mid-Market,1000-4999,<$10M,Digital,2025-09-06,Active,False,323444.49,206526.09,52,4,4,2,155381.15,6,4,1,54.01,3.2,122494.3,989343.9,378128.26,0.0,68149599.0,849205.0,1.2461,16784.39
CUST-002437,Tucker-Moody,Energy,SMB,250-999,$250M-$1B,Partner,2023-12-15,Active,False,40489.93,26008.83,25,1,1,1,18713.86,1,1,0,149.91,2.86,14070.57,105543.76,52229.9,0.0,8616671.0,133294.0,1.5469,1999.69
CUST-002438,Bowers Group,Technology,Enterprise,1000-4999,<$10M,Digital,2025-07-16,Active,False,2400595.46,1500237.14,101,7,7,6,1556920.76,4,2,0,39.66,3.39,718100.92,6549131.55,2253756.3,0.0,441310870.0,5596269.0,1.2681,100265.06
CUST-002439,Zuniga LLC,Education,Enterprise,5000+,$250M-$1B,Digital,2025-06-11,Active,False,644394.87,404675.05,42,3,3,1,129799.72,4,2,1,11.99,3.49,296508.54,3056496.74,944386.07,0.0,201140485.0,2313206.0,1.15,42242.55
CUST-002440,Lewis-Fuentes,Telecommunications,SMB,5000+,$50M-$250M,Digital,2024-12-17,Active,True,35044.88,21561.88,35,2,2,2,25083.1,0,0,0,0.0,0.0,19527.88,184367.33,66630.3,0.0,13179033.0,167279.0,1.2693,2792.65
CUST-002441,Smith-Kelley,Telecommunications,Mid-Market,250-999,$1B+,Digital,2023-05-15,Active,False,584424.56,367770.76,122,5,5,1,56209.15,3,2,1,62.42,2.78,261145.42,2374951.61,804098.79,0.0,148508591.0,2083704.0,1.4031,36293.6
CUST-002442,Harrell Group,Insurance,SMB,1-49,$250M-$1B,Digital,2024-06-12,Active,False,48014.45,28168.52,28,1,1,1,19758.03,0,0,0,0.0,0.0,17740.14,143690.52,58279.34,0.0,10163790.0,107149.0,1.0542,2466.73
CUST-002443,Berry-Knight,Retail,SMB,250-999,$50M-$250M,Partner,2021-03-29,Active,False,31026.88,19866.85,25,1,1,1,14553.64,1,1,0,42.69,2.35,13399.69,160260.59,38614.7,0.0,9497313.0,124712.0,1.3131,1912.54
CUST-002444,Harrington-Alvarez,Retail,Mid-Market,1-49,$50M-$250M,Digital,2022-04-30,Active,True,123543.24,80763.13,26,2,2,0,0.0,9,4,1,50.37,4.07,58146.71,584724.39,150993.0,3571.24,34512849.0,400309.0,1.1599,15769.39
CUST-002445,"Bass, Anderson and Taylor",Banking,SMB,5000+,$10M-$50M,Marketplace,2023-09-12,Active,False,57683.97,36494.55,49,2,2,0,0.0,0,0,0,0.0,0.0,30349.08,295364.81,85629.47,0.0,18528734.0,260498.0,1.4059,4178.51
CUST-002446,"Murray, Cole and Cole",Manufacturing,Mid-Market,250-999,$1B+,Enterprise Agreement,2022-08-05,Active,False,353875.9,224772.35,47,3,3,1,87565.94,4,4,0,100.77,2.58,101737.33,852555.3,329674.51,0.0,62299727.0,841519.0,1.3508,14158.2
CUST-002447,"Nguyen, Marsh and Beck",Education,Mid-Market,50-249,$250M-$1B,Partner,2025-01-07,Active,False,363478.52,229463.7,68,4,4,2,128035.24,2,2,1,64.05,2.65,145325.41,1332506.18,434441.54,0.0,82302500.0,1178618.0,1.4321,20088.95
CUST-002448,Hughes-Mccullough,Manufacturing,Mid-Market,1000-4999,$10M-$50M,Direct Sales,2025-01-13,Active,False,203613.18,126032.33,60,3,3,3,114305.2,5,5,1,48.33,2.64,120168.39,1134070.6,391914.33,0.0,83802901.0,1097278.0,1.3094,17002.65
CUST-002449,Weaver-Rubio,Retail,SMB,250-999,$50M-$250M,Partner,2024-12-12,Active,False,35390.64,23325.64,22,1,1,1,18874.02,2,0,0,20.46,4.41,14037.52,121258.22,34308.67,0.0,8509389.0,134638.0,1.5822,1848.98
CUST-002450,Fitzgerald-Brewer,Retail,Strategic,5000+,<$10M,Partner,2025-07-08,Active,True,11320687.63,7019365.5,131,9,9,7,6852774.11,12,7,0,46.19,3.31,2731212.43,25688525.43,8324611.41,91433.73,1640207807.0,20719335.0,1.2632,581586.18
CUST-002451,Mann PLC,Retail,SMB,1-49,$50M-$250M,Enterprise Agreement,2024-05-27,Active,True,23437.34,14932.38,13,1,1,0,0.0,4,3,0,68.26,2.76,6682.4,66376.15,27081.14,0.0,4990552.0,66283.0,1.3282,1004.99
CUST-002452,"Hogan, Zimmerman and Hoffman",Insurance,SMB,5000+,$10M-$50M,Marketplace,2025-12-19,Active,False,32320.85,20599.8,30,3,3,3,36813.68,0,0,0,0.0,0.0,15763.23,173180.13,52921.17,0.0,11719015.0,193998.0,1.6554,2294.32
CUST-002453,Schneider Inc,Education,SMB,250-999,<$10M,Enterprise Agreement,2024-02-07,Active,False,33085.36,21158.9,24,1,1,0,0.0,2,1,1,47.8,3.31,16643.61,119908.78,43367.78,0.0,7205555.0,87521.0,1.2146,2171.54
CUST-002454,Friedman PLC,Insurance,SMB,1000-4999,$10M-$50M,Partner,2024-12-17,Active,False,31390.41,19932.06,28,2,2,2,28803.99,1,1,0,28.68,1.77,17007.01,159996.66,50041.77,0.0,9903187.0,128898.0,1.3016,2351.02
CUST-002455,"Todd, Bernard and Boyd",Professional Services,Enterprise,250-999,$1B+,Digital,2022-06-18,Active,True,4431981.2,2799143.33,167,7,7,3,873430.25,10,3,3,35.22,3.84,1215075.23,10615766.96,3708727.45,60175.16,745778215.0,9968756.0,1.3367,300060.46
CUST-002456,Shaw-Smith,Banking,Mid-Market,250-999,$10M-$50M,Enterprise Agreement,2024-03-15,Active,True,230981.77,147067.03,66,3,3,3,122918.55,8,5,0,67.05,3.38,143800.02,1277520.4,429469.1,0.0,90726300.0,1100673.0,1.2132,19791.52
CUST-002457,"Mayer, White and Smith",Transportation,SMB,5000+,$10M-$50M,Direct Sales,2023-02-23,Active,False,18283.74,12465.98,13,1,1,0,0.0,3,1,1,25.37,3.62,6736.79,81383.4,19435.74,0.0,4463438.0,46935.0,1.0515,963.34
CUST-002458,Sanchez Ltd,Education,SMB,1-49,$250M-$1B,Partner,2025-01-11,Active,False,61179.44,37835.81,50,3,3,3,41981.72,0,0,0,0.0,0.0,29449.62,249232.14,84006.92,0.0,18421746.0,198240.0,1.0761,3988.88
CUST-002459,"Wallace, Roman and Lawson",Professional Services,SMB,50-249,$1B+,Enterprise Agreement,2023-06-27,Active,False,10801.24,6930.52,13,1,1,0,0.0,0,0,0,0.0,0.0,7167.7,57713.22,23079.11,0.0,4296782.0,53088.0,1.2355,991.2
CUST-002460,Chapman-Henry,Retail,Strategic,5000+,$1B+,Enterprise Agreement,2021-12-20,Active,True,15162053.26,9596648.92,146,9,9,2,2805513.5,16,9,1,54.02,3.75,3055609.71,32086703.77,9171674.38,103109.9,1908598356.0,25010363.0,1.3104,657736.94
CUST-002461,Morgan and Sons,Professional Services,SMB,1000-4999,$50M-$250M,Enterprise Agreement,2021-07-26,Active,False,71752.08,44014.85,59,2,2,1,17260.21,2,2,1,79.34,3.45,37583.18,339851.2,104220.23,0.0,22349292.0,260491.0,1.1655,5104.4
CUST-002462,Johnson-Rice,Retail,SMB,50-249,$10M-$50M,Digital,2024-02-02,Active,False,54334.49,33573.14,54,3,3,3,38380.0,1,1,0,101.81,3.43,31007.73,283637.37,101665.81,0.0,20850032.0,243621.0,1.1684,4374.79
CUST-002463,Scott-Wilson,Energy,Mid-Market,50-249,$50M-$250M,Enterprise Agreement,2025-10-19,Active,False,318095.12,203708.86,48,4,4,4,305310.22,3,2,0,53.5,3.11,102662.54,941535.61,295456.73,0.0,53734667.0,743442.0,1.3835,14077.0
CUST-002464,Weaver LLC,Professional Services,Strategic,1000-4999,$250M-$1B,Partner,2023-09-29,Active,True,12678565.76,7832168.14,136,8,8,5,4892112.03,12,8,2,37.28,3.32,2896266.66,24151124.67,8528029.72,156364.16,1782354672.0,22685880.0,1.2728,738247.37
CUST-002465,White Inc,Media,SMB,250-999,$50M-$250M,Digital,2021-02-10,Active,False,8768.88,5570.92,13,1,1,0,0.0,2,1,1,7.77,3.72,6879.11,75859.66,27946.68,0.0,5465971.0,50778.0,0.929,1050.21
CUST-002466,Parker Group,Insurance,Mid-Market,50-249,$250M-$1B,Enterprise Agreement,2025-01-24,Active,False,259367.17,160901.43,45,3,3,2,109048.92,4,4,0,75.77,2.55,95489.12,834616.6,306769.77,0.0,53125275.0,670670.0,1.2624,13331.01
CUST-002467,"Jackson, Mendez and Nguyen",Media,Enterprise,50-249,$250M-$1B,Direct Sales,2022-01-18,Active,True,2604282.14,1620957.11,112,5,5,3,1016278.39,9,7,1,37.36,3.04,791162.31,7333844.42,2373176.8,29324.0,482462666.0,5707415.0,1.183,174116.46
CUST-002468,Reeves LLC,Education,SMB,5000+,$250M-$1B,Direct Sales,2024-05-05,Active,False,10609.27,6878.39,11,1,1,1,10945.26,1,1,0,10.27,2.76,7317.65,62846.51,19265.72,0.0,4642568.0,58660.0,1.2635,977.13
CUST-002469,Garcia-Thomas,Energy,SMB,50-249,$10M-$50M,Partner,2024-02-18,Active,True,40387.39,25995.16,47,2,2,1,11599.29,0,0,0,0.0,0.0,29300.61,245837.53,93245.0,0.0,18006233.0,242249.0,1.3454,4061.33
CUST-002470,Scott-David,Retail,SMB,250-999,$250M-$1B,Direct Sales,2021-07-21,Active,False,77496.59,48347.53,49,3,3,0,0.0,1,0,0,11.93,4.67,26290.24,279597.37,88549.84,0.0,17138975.0,210623.0,1.2289,3810.59
CUST-002471,Williams and Sons,Manufacturing,Mid-Market,5000+,$250M-$1B,Enterprise Agreement,2021-04-02,Active,True,646805.05,411316.98,114,5,5,1,61664.62,7,6,2,64.27,2.97,252079.64,2277541.14,709091.87,15488.59,140860881.0,1753514.0,1.2449,68408.13
CUST-002472,"Willis, Vasquez and Goodwin",Energy,Enterprise,5000+,$1B+,Marketplace,2023-11-29,Active,False,1700339.38,1044307.15,57,3,3,2,711521.27,4,3,0,62.07,3.1,445624.84,3452955.2,1263453.96,0.0,259114058.0,3267040.0,1.2609,59646.79
CUST-002473,Avery-Adams,Professional Services,SMB,250-999,$1B+,Digital,2025-01-18,Active,False,32755.08,20926.96,34,2,2,1,11847.5,1,1,0,110.84,2.3,19028.28,187442.26,65367.5,0.0,13500900.0,189343.0,1.4024,2741.06
CUST-002474,Marshall-Russell,Banking,SMB,50-249,<$10M,Digital,2021-05-05,Active,False,60493.08,37956.81,51,2,2,2,27147.85,3,2,1,79.24,3.96,31777.39,290203.24,88532.96,0.0,18354210.0,221165.0,1.205,4325.79
CUST-002475,Johnson-Schultz,Insurance,Strategic,5000+,$1B+,Digital,2024-08-14,Active,False,8377706.55,5204779.06,130,6,6,4,3046585.02,17,11,1,43.19,3.36,2764948.3,26676608.63,7835685.43,0.0,1739752784.0,22172787.0,1.2745,380555.56
CUST-002476,Adams PLC,Retail,SMB,50-249,$1B+,Direct Sales,2025-11-21,Active,False,34580.08,21462.13,33,3,3,3,35009.37,3,3,0,23.88,2.13,20416.26,202558.83,48344.3,0.0,12739307.0,162610.0,1.2764,2726.22
CUST-002477,"Garcia, Hines and Pearson",Professional Services,SMB,5000+,$50M-$250M,Direct Sales,2021-12-09,Active,False,20198.43,12743.54,25,1,1,0,0.0,1,0,0,62.94,4.18,13821.91,140069.0,41552.17,0.0,9905294.0,119931.0,1.2108,1939.63
CUST-002478,Torres Group,Professional Services,SMB,5000+,$10M-$50M,Direct Sales,2024-08-31,Active,False,98504.36,63124.16,64,3,3,1,14378.44,1,0,0,7.77,4.76,36854.64,354256.02,107024.31,0.0,24349983.0,277088.0,1.1379,5095.65
CUST-002479,Miller-Fields,Technology,Mid-Market,1000-4999,<$10M,Partner,2024-03-26,Active,False,607766.33,378308.26,124,5,5,3,163895.16,3,2,0,95.63,3.57,262900.32,2496439.4,757615.81,0.0,169598408.0,2310231.0,1.3622,36229.97
CUST-002480,Patton and Sons,Retail,Mid-Market,1000-4999,<$10M,Partner,2021-08-24,Active,True,332470.46,211700.34,48,2,2,0,0.0,3,1,0,19.22,3.59,96474.19,925650.7,301783.7,0.0,66241742.0,921928.0,1.3918,13551.93
CUST-002481,Fernandez-Jackson,Transportation,Enterprise,1000-4999,$250M-$1B,Marketplace,2021-08-30,Active,True,2800444.79,1763546.6,151,7,7,3,674422.4,8,5,1,53.34,3.19,1067324.27,9834051.43,3495809.64,26315.09,672934346.0,9427558.0,1.401,208578.51
CUST-002482,Medina Group,Professional Services,Enterprise,1-49,<$10M,Direct Sales,2024-05-25,Active,True,3087502.93,1975394.92,147,6,6,4,954889.46,6,5,2,32.35,2.77,1113849.23,9975380.71,3389623.81,40258.19,657960051.0,8274455.0,1.2576,242661.65
CUST-002483,"Hayes, Smith and Marshall",Banking,SMB,1-49,$1B+,Direct Sales,2022-01-06,Active,True,10926.13,6562.05,14,1,1,1,9134.44,1,0,0,43.0,4.56,6559.85,92722.09,30376.31,0.0,5017089.0,76762.0,1.53,1079.54
CUST-002484,"Roberts, Stanton and Smith",Education,Mid-Market,50-249,$10M-$50M,Enterprise Agreement,2023-12-20,Active,False,305320.39,190574.4,56,4,4,4,247691.46,4,2,1,61.17,3.37,107725.77,1023523.69,381737.25,0.0,74516421.0,957551.0,1.285,15559.81
CUST-002485,Nelson-King,Healthcare,Enterprise,1000-4999,$250M-$1B,Digital,2024-03-17,Active,True,2192898.03,1394546.55,105,5,5,2,489413.55,10,7,1,31.77,3.31,781358.53,6790733.75,2299803.04,0.0,463777888.0,5564538.0,1.1998,106901.69
CUST-002486,"James, Bell and Chen",Transportation,SMB,250-999,$1B+,Direct Sales,2023-07-22,Active,False,101983.67,64744.62,61,2,2,0,0.0,2,1,0,13.34,3.35,36210.25,287206.26,108060.52,0.0,22154216.0,294518.0,1.3294,4914.21
CUST-002487,"Pittman, Campbell and Martin",Manufacturing,SMB,1-49,$1B+,Marketplace,2021-07-04,Active,False,86539.2,56144.07,65,3,3,1,20852.06,2,1,0,24.23,3.68,41698.57,371335.99,126078.63,0.0,21519022.0,279909.0,1.3008,5755.89
CUST-002488,"Hart, Turner and Foster",Banking,Mid-Market,5000+,$50M-$250M,Partner,2025-10-27,Active,False,121806.21,73852.73,24,2,2,2,114843.26,3,2,0,39.34,3.53,45779.88,438604.07,145390.12,0.0,27887615.0,306719.0,1.0998,6451.27
CUST-002489,Rivas Ltd,Media,SMB,50-249,$50M-$250M,Digital,2021-02-05,Active,False,11042.53,6906.84,13,1,1,0,0.0,1,0,1,14.64,4.72,7016.59,65052.41,20301.41,0.0,3587752.0,40929.0,1.1408,964.6
CUST-002490,"Lutz, Johns and Clark",Transportation,Mid-Market,1-49,$10M-$50M,Enterprise Agreement,2025-02-16,Active,False,306655.49,188778.41,52,3,3,3,206322.38,8,4,2,49.88,3.9,110521.09,998307.35,332711.44,0.0,59217375.0,687841.0,1.1616,15270.5
CUST-002491,"Bernard, Flores and Fleming",Education,Mid-Market,1-49,<$10M,Partner,2024-04-09,Active,False,380407.32,240293.12,51,3,3,2,154719.16,2,2,0,38.58,3.24,98046.97,1015253.52,341229.9,0.0,61180518.0,907949.0,1.484,14267.12
CUST-002492,Reid-Petty,Technology,Strategic,250-999,$1B+,Digital,2022-01-26,Active,True,12017744.25,7570320.05,163,8,8,2,1807623.11,18,11,3,57.96,3.36,3467665.08,31774734.76,10297296.21,84488.37,2102648702.0,29350321.0,1.3959,664487.46
CUST-002493,"Chavez, Sanchez and Bird",Healthcare,Mid-Market,1-49,$50M-$250M,Direct Sales,2021-09-24,Active,False,522439.75,340895.51,90,5,5,1,70653.72,4,2,0,71.06,3.61,196332.3,1612987.34,551056.97,0.0,120626177.0,1677725.0,1.3908,26406.59
CUST-002494,Clark-Haley,Banking,Enterprise,1000-4999,<$10M,Digital,2023-09-14,Active,True,1125416.67,717624.93,49,3,3,1,244768.92,5,5,0,63.54,2.42,340695.29,3068994.01,1094049.44,26424.22,226252271.0,3081617.0,1.362,105874.58
CUST-002495,Smith-Holt,Manufacturing,Mid-Market,1-49,$10M-$50M,Enterprise Agreement,2023-10-11,Active,True,401608.89,247464.48,58,3,3,3,222085.09,7,4,0,29.94,3.15,133817.05,1086686.97,378772.24,4663.45,85404893.0,1201627.0,1.407,28264.32
CUST-002496,"Nielsen, Lynch and Smith",Technology,Mid-Market,1000-4999,$1B+,Direct Sales,2021-06-24,Active,False,202397.15,122858.42,32,2,2,1,74445.55,6,4,0,40.58,3.36,69798.45,651074.44,236056.3,0.0,44205679.0,565551.0,1.2794,9944.55
CUST-002497,Chambers Group,Energy,SMB,1-49,$50M-$250M,Digital,2022-07-31,Active,True,110027.12,70394.3,71,3,3,1,20567.02,2,0,0,65.36,4.48,39107.07,387171.02,115871.72,1032.06,25937044.0,312690.0,1.2056,7723.45
CUST-002498,"Woodard, Warner and Farmer",Transportation,SMB,1-49,$10M-$50M,Digital,2024-11-02,Active,False,44346.77,28746.4,36,2,2,1,11217.89,2,1,0,32.71,4.12,21751.03,180601.05,68376.91,0.0,13512989.0,166957.0,1.2355,3002.65
CUST-002499,"Miller, Mcdowell and Curtis",Telecommunications,SMB,1000-4999,$250M-$1B,Enterprise Agreement,2024-06-15,Active,True,101767.01,64790.77,83,3,3,3,42999.73,1,1,1,40.86,3.54,50077.92,447294.65,152563.65,3281.89,29659084.0,382802.0,1.2907,14147.21
CUST-002500,"Johnson, Collier and Powers",Manufacturing,Enterprise,5000+,<$10M,Digital,2023-05-17,Active,True,1980014.02,1231576.96,98,6,6,2,589794.05,14,10,2,47.7,3.25,663236.14,6239502.14,2121103.0,0.0,458568971.0,5848843.0,1.2755,93381.4
