customer_id,customer_name,customer_segment,industry,customer_status,is_ai_customer,lifetime_revenue_usd,renewal_risk_score,support_ticket_count,sla_compliance_pct,reopen_rate_pct,avg_resolution_hours,avg_customer_satisfaction,requests_count,failed_requests,request_failure_rate_pct,composite_risk_score,revenue_at_risk_usd,revenue_risk_band,revenue_at_risk_rank
CUST-002227,"Sullivan, Johnson and Delacruz",Strategic,Technology,Active,True,18416575.58,65.0,23,30.43,26.09,45.45,3.25,2175052677.0,25549748.0,1.1747,51.37,9460794.57,High,1
CUST-002259,Smith and Sons,Strategic,Technology,Active,True,17346484.07,65.0,14,21.43,21.43,54.79,3.21,2313012093.0,29573299.0,1.2786,52.91,9178764.95,High,2
CUST-000468,Wilkerson-Arias,Strategic,Healthcare,Active,True,18979431.88,65.0,21,38.1,0.0,53.08,3.43,2599010190.0,33847226.0,1.3023,47.49,9012492.69,Medium,3
CUST-000789,"Clark, Salinas and Guerra",Strategic,Transportation,Active,True,17686334.65,65.0,28,28.57,14.29,51.49,3.13,2349336241.0,31869446.0,1.3565,50.93,9007180.72,High,4
CUST-000487,"Hartman, Romero and Smith",Strategic,Insurance,Active,True,17280098.39,65.0,18,22.22,11.11,52.07,2.89,2338488726.0,30885428.0,1.3207,51.81,8952499.78,High,5
CUST-002222,"Martinez, Camacho and Mathews",Strategic,Healthcare,Active,False,16768882.54,65.0,16,25.0,31.25,58.73,3.03,2373721126.0,32145316.0,1.3542,53.33,8943420.63,High,6
CUST-001913,Sullivan and Sons,Strategic,Technology,Active,False,18598168.38,65.0,19,47.37,21.05,44.97,3.57,2427611984.0,28901166.0,1.1905,47.51,8836476.26,Medium,7
CUST-002382,"Carter, Alexander and Hunter",Strategic,Healthcare,Active,True,17962721.67,65.0,17,41.18,17.65,40.47,3.58,2558466134.0,31524808.0,1.2322,48.49,8710799.85,Medium,8
CUST-002323,Gutierrez-Marshall,Strategic,Healthcare,Active,True,16868289.96,65.0,16,37.5,6.25,24.09,3.38,2320033254.0,31414831.0,1.3541,48.33,8152973.57,Medium,9
CUST-001225,"Rodriguez, Prince and Vasquez",Strategic,Healthcare,Active,False,17150620.28,65.0,19,47.37,10.53,48.9,3.52,2377155711.0,28198240.0,1.1862,46.45,7966700.25,Medium,10
CUST-001415,Perez-Mccarty,Strategic,Insurance,Active,True,15626247.3,65.0,16,31.25,18.75,58.36,3.49,2437728671.0,31119851.0,1.2766,50.68,7919098.38,High,11
CUST-001539,"Brown, Kelly and Moore",Strategic,Media,Active,True,14638884.37,65.0,12,16.67,8.33,54.26,3.17,1735537468.0,20295198.0,1.1694,52.34,7661813.42,High,12
CUST-001972,Riley-Snow,Strategic,Media,Active,False,16382913.98,65.0,14,42.86,0.0,38.83,3.61,2653777735.0,35864311.0,1.3514,46.63,7639591.78,Medium,13
CUST-001479,Gutierrez-White,Strategic,Media,Active,True,14771510.92,65.0,13,30.77,15.38,60.36,3.13,2394275506.0,32020625.0,1.3374,50.56,7468384.44,High,14
CUST-001528,Price-Ali,Strategic,Manufacturing,Active,True,20057615.7,35.0,22,22.73,18.18,34.12,3.11,2642122602.0,31832703.0,1.2048,37.18,7457894.54,Medium,15
CUST-001362,"Vargas, Taylor and Hunt",Strategic,Insurance,Active,True,13902767.82,65.0,22,18.18,18.18,48.22,2.95,1679041651.0,21180922.0,1.2615,53.2,7396939.22,High,16
CUST-000140,Chambers and Sons,Strategic,Professional Services,Active,True,15865907.83,65.0,14,50.0,7.14,34.34,3.63,2158187472.0,30062872.0,1.393,46.0,7298352.94,Medium,17
CUST-002314,Austin-Hamilton,Strategic,Education,Active,True,16090390.53,65.0,13,61.54,23.08,35.71,3.78,2290520421.0,27949852.0,1.2202,44.94,7231098.82,Medium,18
CUST-001151,"Watson, Smith and Morris",Strategic,Healthcare,Active,False,14420914.91,65.0,13,30.77,7.69,36.82,3.34,1998729600.0,26734876.0,1.3376,49.79,7180255.95,Medium,19
CUST-001704,"Lane, Morrison and Rivera",Strategic,Transportation,Active,True,14568673.55,65.0,21,33.33,4.76,58.99,3.12,1843437505.0,24254062.0,1.3157,48.94,7130042.71,Medium,20
CUST-001038,Phillips LLC,Strategic,Professional Services,Active,True,14959066.76,65.0,15,40.0,0.0,54.61,3.56,1876731395.0,24774358.0,1.3201,47.14,7051728.04,Medium,21
CUST-001763,Andrews-Jackson,Strategic,Technology,Active,False,14593269.96,65.0,19,36.84,5.26,33.4,3.57,1996875405.0,25989761.0,1.3015,48.26,7042848.9,Medium,22
CUST-000974,Crane Group,Strategic,Retail,Active,True,13951847.67,65.0,13,30.77,15.38,55.88,2.91,1890315574.0,24028382.0,1.2711,50.43,7035481.04,High,23
CUST-001021,"Buchanan, Walker and Chapman",Strategic,Healthcare,Active,True,14838486.95,65.0,17,41.18,0.0,40.48,3.26,1985668622.0,25985533.0,1.3087,46.88,6956581.53,Medium,24
CUST-000368,Gutierrez Group,Strategic,Insurance,Active,True,13103959.84,65.0,28,21.43,17.86,57.97,3.01,1921143028.0,27176205.0,1.4146,52.83,6922713.27,High,25
CUST-002017,Villanueva LLC,Strategic,Healthcare,Active,True,20974873.67,35.0,17,35.29,0.0,39.03,3.39,2591225763.0,32478425.0,1.2534,32.95,6910796.46,Medium,26
CUST-002288,"Macdonald, Willis and Silva",Strategic,Energy,Active,True,13611204.97,65.0,14,21.43,0.0,49.06,2.97,1922590075.0,23847579.0,1.2404,50.7,6900208.79,High,27
CUST-001931,"Bennett, Moore and Hobbs",Strategic,Banking,Active,True,15137399.3,55.0,18,33.33,16.67,55.37,3.37,2074576413.0,26552295.0,1.2799,45.06,6820878.81,Medium,28
CUST-002434,Rodriguez-Wood,Strategic,Insurance,Active,False,13580511.74,65.0,18,38.89,27.78,44.1,3.63,1892787092.0,24813026.0,1.3109,50.12,6806803.82,High,29
CUST-001930,"Williams, Garcia and Boone",Strategic,Healthcare,Active,True,13087451.97,65.0,17,23.53,5.88,38.81,2.99,2026898006.0,26100144.0,1.2877,50.96,6669068.58,High,30
CUST-001212,Solis-West,Strategic,Insurance,Active,True,12337249.02,65.0,10,10.0,10.0,69.17,2.94,1865567704.0,23317616.0,1.2499,54.0,6662088.28,High,31
CUST-000524,"Griffin, Davies and Mitchell",Strategic,Healthcare,Active,True,13326740.06,65.0,23,39.13,13.04,48.76,3.31,1759522604.0,23370368.0,1.3282,48.63,6481420.72,Medium,32
CUST-001916,Moss Group,Strategic,Media,Active,False,12113371.92,65.0,19,31.58,42.11,51.8,3.25,2306531584.0,30369612.0,1.3167,53.03,6423490.3,High,33
CUST-001872,Brown PLC,Strategic,Technology,Active,True,14043558.45,65.0,13,46.15,0.0,42.57,3.56,1884229445.0,21597653.0,1.1462,45.56,6398483.42,Medium,34
CUST-001941,Montgomery PLC,Strategic,Professional Services,Active,False,13161784.37,65.0,17,47.06,23.53,51.66,3.49,1829399089.0,27908482.0,1.5256,48.49,6382450.08,Medium,35
CUST-002377,Lloyd-Estes,Strategic,Banking,Active,True,12364435.08,65.0,18,22.22,5.56,58.51,3.29,1680335944.0,22689121.0,1.3503,51.31,6344396.51,High,36
CUST-000902,"Griffith, Mitchell and Pugh",Strategic,Technology,Active,True,13883253.19,55.0,23,30.43,13.04,51.82,3.13,1859581682.0,24845415.0,1.3361,45.39,6301545.08,Medium,37
CUST-001534,"Wilson, Mccormick and Smith",Strategic,Media,Active,False,16105182.47,30.0,14,7.14,28.57,62.54,2.48,2228855748.0,28775348.0,1.291,39.01,6282735.57,Medium,38
CUST-001815,Proctor-Taylor,Strategic,Healthcare,Active,True,11903302.43,65.0,13,23.08,23.08,57.46,3.32,1625602958.0,20023276.0,1.2317,52.66,6267778.74,High,39
CUST-002302,Yates-Manning,Strategic,Energy,Active,True,13405054.83,65.0,22,50.0,13.64,41.93,3.51,2065528829.0,27169051.0,1.3154,46.49,6232592.81,Medium,40
CUST-002021,Huber-Montgomery,Strategic,Transportation,Active,False,12168458.16,65.0,19,31.58,21.05,47.52,2.93,2089503178.0,28086415.0,1.3442,50.98,6203213.23,High,41
CUST-001001,"Howard, Silva and Hall",Strategic,Healthcare,Active,True,12642416.31,65.0,21,38.1,14.29,56.18,3.6,2195560535.0,28040635.0,1.2772,48.86,6177568.42,Medium,42
CUST-002087,Mclean Group,Strategic,Insurance,Active,True,13810215.46,55.0,19,31.58,10.53,41.06,3.28,2057892501.0,24911579.0,1.2105,44.66,6167354.82,Medium,43
CUST-001091,Adams-Butler,Strategic,Technology,Active,False,12246634.43,65.0,19,31.58,15.79,45.21,3.28,2092891339.0,26320063.0,1.2576,50.28,6157405.07,High,44
CUST-001409,Allen-Smith,Strategic,Media,Active,False,11908831.62,65.0,16,25.0,6.25,51.3,3.23,1742409963.0,24428908.0,1.402,50.93,6065053.23,High,45
CUST-000365,"Phillips, Wagner and Jordan",Strategic,Telecommunications,Active,True,13497538.78,65.0,11,54.55,9.09,31.08,3.52,1737158885.0,20471031.0,1.1784,44.86,6054569.43,Medium,46
CUST-001295,Bauer PLC,Strategic,Banking,Active,False,13170611.28,65.0,16,50.0,6.25,52.09,3.64,2076142621.0,26391267.0,1.2712,45.67,6014667.39,Medium,47
CUST-001030,"Santiago, Daniel and Rogers",Strategic,Transportation,Active,False,12908337.66,65.0,22,45.45,4.55,38.81,3.33,2030482475.0,27617240.0,1.3601,46.58,6013207.13,Medium,48
CUST-000925,"Smith, Crawford and Reed",Strategic,Retail,Active,True,12925249.05,65.0,13,53.85,15.38,36.17,3.61,1690429853.0,22722518.0,1.3442,45.96,5940134.56,Medium,49
CUST-002492,Reid-Petty,Strategic,Technology,Active,True,12017744.25,65.0,18,38.89,16.67,57.96,3.36,2102648702.0,29350321.0,1.3959,49.18,5910403.1,Medium,50
CUST-000271,"Thomas, Lee and Greene",Strategic,Professional Services,Active,True,11347043.78,65.0,9,33.33,33.33,37.32,3.71,1570826285.0,20908706.0,1.3311,51.83,5881036.06,High,51
CUST-000156,Hill Inc,Strategic,Healthcare,Active,True,11441837.99,65.0,20,30.0,15.0,42.13,3.14,1609686288.0,21840917.0,1.3568,50.71,5802577.81,High,52
CUST-002082,Moore and Sons,Strategic,Technology,Active,False,11875730.26,65.0,17,35.29,5.88,60.91,3.56,1789970413.0,24558177.0,1.372,48.77,5792195.94,Medium,53
CUST-002153,Flores-Johnson,Strategic,Retail,Active,False,12149574.15,65.0,27,44.44,3.7,38.79,3.41,1661409309.0,23220526.0,1.3976,46.78,5683177.39,Medium,54
CUST-000773,Thomas-Jackson,Strategic,Retail,Active,True,16152458.42,35.0,17,35.29,17.65,46.46,3.29,2729909756.0,35986965.0,1.3182,34.84,5627900.49,Medium,55
CUST-000078,Yu Inc,Strategic,Media,Active,True,11097660.99,65.0,12,25.0,8.33,52.51,2.94,1611421728.0,19111806.0,1.186,50.71,5627110.74,High,56
CUST-000967,"Howard, Townsend and Hayes",Strategic,Education,Active,True,10818163.16,55.0,12,8.33,33.33,40.74,2.94,1593697847.0,19237876.0,1.2071,51.58,5580107.06,High,57
CUST-002059,Roberts-Henry,Strategic,Transportation,Active,True,14228424.22,35.0,9,22.22,33.33,67.29,2.7,1884221031.0,24608150.0,1.306,39.0,5549215.29,Medium,58
CUST-000257,Cordova Group,Strategic,Energy,Active,False,15006939.44,35.0,21,23.81,14.29,48.56,3.11,2042016158.0,27731018.0,1.358,36.88,5534965.9,Medium,59
CUST-002181,Burton PLC,Strategic,Manufacturing,Active,True,15143290.98,35.0,19,26.32,15.79,46.71,3.09,2043415787.0,27217148.0,1.3319,36.48,5524223.62,Medium,60
CUST-002157,Jenkins-Brown,Strategic,Energy,Active,True,10766124.15,65.0,17,29.41,17.65,46.75,3.24,1916032986.0,24622031.0,1.2851,50.95,5485604.89,High,61
CUST-000723,Kirby and Sons,Strategic,Manufacturing,Active,True,10810523.86,65.0,13,38.46,30.77,39.81,3.06,1551551057.0,19123678.0,1.2326,50.35,5443068.49,High,62
CUST-000464,Spencer-Garcia,Strategic,Transportation,Active,False,10205684.4,65.0,19,26.32,21.05,47.6,3.24,1395352196.0,18058572.0,1.2942,51.93,5299862.36,High,63
CUST-001840,Washington-Martinez,Strategic,Energy,Active,False,11444051.24,55.0,14,21.43,0.0,60.44,3.06,1703760142.0,22017737.0,1.2923,45.8,5241248.55,Medium,64
CUST-002394,"Acevedo, Miller and Edwards",Strategic,Telecommunications,Active,True,11983217.41,65.0,23,65.22,17.39,35.07,3.79,1596994819.0,19742933.0,1.2363,43.67,5232850.88,Medium,65
CUST-000159,Mccarthy Inc,Strategic,Retail,Active,False,9733426.13,65.0,22,13.64,13.64,31.62,2.92,1503513942.0,18595731.0,1.2368,53.61,5218089.71,High,66
CUST-002252,Roberts-Snyder,Strategic,Manufacturing,Active,True,9959336.44,65.0,12,25.0,16.67,60.13,2.95,1115556372.0,15945377.0,1.4294,52.03,5181384.37,High,67
CUST-000252,"Graham, Olsen and Costa",Strategic,Professional Services,Active,True,14889913.34,30.0,20,25.0,20.0,37.74,3.17,2243762731.0,27709717.0,1.235,34.47,5132543.14,Medium,68
CUST-001172,Hunt PLC,Strategic,Healthcare,Active,True,11252834.33,55.0,20,30.0,15.0,49.2,3.15,1715342314.0,22234422.0,1.2962,45.59,5130439.27,Medium,69
CUST-001450,White-Coleman,Strategic,Media,Active,True,11186889.1,65.0,15,53.33,13.33,39.21,3.73,1610531475.0,20919465.0,1.2989,45.76,5119623.91,Medium,70
CUST-000436,Cox LLC,Strategic,Retail,Active,True,11957898.35,55.0,23,43.48,13.04,64.25,3.44,1746783906.0,22872829.0,1.3094,42.73,5109316.53,Medium,71
CUST-001419,"Frye, Walter and Li",Strategic,Transportation,Active,False,10451442.82,65.0,14,35.71,7.14,44.8,3.56,1420272154.0,18653285.0,1.3134,48.7,5089659.13,Medium,72
CUST-001117,"Levy, Franco and Hoffman",Strategic,Media,Active,True,10207097.54,65.0,16,37.5,25.0,30.29,3.43,1517910128.0,17908352.0,1.1798,49.86,5089218.65,Medium,73
CUST-001297,Russell-Hayes,Strategic,Banking,Active,False,14788811.46,35.0,15,33.33,6.67,49.01,3.32,2316286406.0,30994922.0,1.3381,34.18,5054262.64,Medium,74
CUST-000886,Wheeler PLC,Strategic,Telecommunications,Active,False,14660624.79,30.0,17,35.29,35.29,59.54,3.35,2072913157.0,26920194.0,1.2987,34.07,4994569.61,Medium,75
CUST-000185,Rodriguez-Johnson,Strategic,Telecommunications,Active,False,10967081.87,55.0,13,30.77,15.38,53.62,3.32,1697196018.0,20828661.0,1.2272,45.34,4972375.61,Medium,76
CUST-001977,"Nicholson, Chavez and Allen",Strategic,Media,Active,False,12685604.19,35.0,12,25.0,25.0,48.92,3.34,1835984766.0,23313129.0,1.2698,37.54,4762122.23,Medium,77
CUST-000127,"Mcdaniel, Bentley and Mclaughlin",Strategic,Energy,Active,False,10035256.48,65.0,10,50.0,20.0,43.23,3.92,1209267710.0,15392524.0,1.2729,47.05,4721162.63,Medium,78
CUST-001305,Wells PLC,Strategic,Professional Services,Active,True,9442876.9,65.0,12,33.33,16.67,59.7,3.08,1358072968.0,15686867.0,1.1551,49.81,4703512.62,Medium,79
CUST-000909,Peck-Anderson,Strategic,Insurance,Active,True,13659159.54,35.0,22,36.36,13.64,35.67,3.43,1803780167.0,23874004.0,1.3236,34.24,4676625.37,Medium,80
CUST-002257,Williamson and Sons,Strategic,Manufacturing,Active,True,9384112.98,65.0,16,31.25,6.25,51.82,3.14,1163187354.0,15164030.0,1.3037,49.48,4643477.16,Medium,81
CUST-000675,Hill Ltd,Strategic,Banking,Active,True,10232912.2,55.0,23,26.09,4.35,54.32,2.91,1386076160.0,18273206.0,1.3183,45.35,4641042.44,Medium,82
CUST-002226,Welch-Suarez,Strategic,Energy,Active,True,14198138.27,30.0,16,31.25,12.5,59.71,3.22,2171002617.0,28572859.0,1.3161,32.63,4633168.72,Medium,83
CUST-001388,Ortiz-Rodriguez,Strategic,Telecommunications,Active,True,13435719.04,30.0,21,33.33,33.33,57.28,3.31,2052781808.0,26541466.0,1.293,34.25,4602078.93,Medium,84
CUST-000612,Reed Group,Strategic,Healthcare,Active,True,10682448.99,65.0,15,66.67,13.33,22.08,3.96,1242159660.0,15511111.0,1.2487,43.0,4593179.85,Medium,85
CUST-000149,Bryant Group,Strategic,Transportation,Active,False,8750276.9,65.0,22,27.27,22.73,50.55,3.11,1412846330.0,21061061.0,1.4907,52.3,4576355.26,High,86
CUST-002360,Hall-Robinson,Strategic,Healthcare,Active,True,8381576.82,65.0,13,15.38,15.38,56.19,2.92,974917860.0,12803875.0,1.3133,53.59,4491535.78,High,87
CUST-002460,Chapman-Henry,Strategic,Retail,Active,True,15162053.26,30.0,16,43.75,6.25,54.02,3.75,1908598356.0,25010363.0,1.3104,29.5,4472170.34,Medium,88
CUST-002464,Weaver LLC,Strategic,Professional Services,Active,True,12678565.76,35.0,12,33.33,16.67,37.28,3.32,1782354672.0,22685880.0,1.2728,35.05,4443280.43,Medium,89
CUST-000828,Powers LLC,Strategic,Telecommunications,Active,False,8658631.61,65.0,22,27.27,13.64,42.39,3.07,1261332555.0,16449258.0,1.3041,51.02,4417402.3,High,90
CUST-002331,Clark Inc,Strategic,Telecommunications,Active,False,13023325.77,35.0,27,37.04,11.11,50.94,3.39,2036550852.0,26106171.0,1.2819,33.77,4397647.22,Medium,91
CUST-002110,Nunez-Rodriguez,Strategic,Transportation,Active,False,9541178.1,65.0,22,50.0,9.09,35.06,3.66,1522908940.0,20013245.0,1.3141,46.04,4392508.67,Medium,92
CUST-001422,Maldonado-Mosley,Strategic,Media,Active,True,8461348.6,65.0,15,33.33,33.33,54.62,3.36,1261584429.0,16270982.0,1.2897,51.75,4378419.48,High,93
CUST-001139,Moreno-Gutierrez,Strategic,Technology,Active,False,9209504.05,55.0,18,22.22,11.11,43.75,2.98,1519570913.0,19750822.0,1.2998,46.77,4306934.43,Medium,94
CUST-001321,Jensen-Torres,Strategic,Professional Services,Active,True,8326413.2,65.0,19,26.32,21.05,64.19,3.09,1017930732.0,11750606.0,1.1544,51.65,4300661.47,High,95
CUST-000330,Herman-Walker,Strategic,Insurance,Active,True,11930501.46,35.0,24,29.17,16.67,56.57,3.27,1432191257.0,18694886.0,1.3053,35.94,4288299.71,Medium,96
CUST-001426,Black-Smith,Strategic,Manufacturing,Active,True,9121717.26,55.0,22,22.73,13.64,44.56,3.12,1433082609.0,18210031.0,1.2707,46.86,4274396.66,Medium,97
CUST-001614,Jensen-Branch,Strategic,Transportation,Active,True,15535791.89,35.0,11,63.64,0.0,40.16,3.72,2066375563.0,27207194.0,1.3167,27.41,4257747.27,Medium,98
CUST-000266,Gay Inc,Strategic,Energy,Active,True,12573997.07,30.0,12,33.33,25.0,59.26,2.98,1481695208.0,21452690.0,1.4478,33.73,4241087.08,Medium,99
CUST-002070,"Brown, Flores and Johns",Strategic,Education,Active,True,12519099.55,35.0,17,35.29,5.88,34.54,3.61,1586574325.0,20776679.0,1.3095,33.65,4212485.87,Medium,100
CUST-000510,Williams-Berg,Strategic,Manufacturing,Active,True,8164926.97,65.0,16,37.5,31.25,41.11,3.21,1324271585.0,18149376.0,1.3705,50.87,4153174.64,High,101
CUST-002390,"Fisher, Perez and Pham",Strategic,Banking,Active,True,13581931.96,30.0,11,36.36,0.0,35.53,3.42,2146578518.0,26528880.0,1.2359,30.2,4101608.86,Medium,102
CUST-000475,Blake Group,Strategic,Transportation,Active,False,11784052.39,35.0,22,31.82,9.09,39.68,3.15,1609838804.0,21555142.0,1.339,34.72,4091821.3,Medium,103
CUST-001992,"Cox, Williams and Reyes",Strategic,Manufacturing,Active,True,8141502.75,65.0,19,26.32,5.26,33.83,3.04,930798029.0,10768198.0,1.1569,50.08,4077013.33,High,104
CUST-000098,Davis Group,Strategic,Education,Active,True,8147164.77,65.0,15,33.33,13.33,36.16,3.28,1291892154.0,17489983.0,1.3538,49.87,4063343.06,Medium,105
CUST-000676,Johnson Ltd,Strategic,Insurance,Active,True,11254670.11,35.0,21,33.33,23.81,36.55,3.22,1871789542.0,25996502.0,1.3889,35.99,4050781.1,Medium,106
CUST-002412,Green-Romero,Strategic,Education,Active,False,11894133.74,35.0,20,45.0,30.0,35.03,3.41,1778443310.0,21331149.0,1.1994,33.9,4031975.3,Medium,107
CUST-000647,Richardson-Walker,Strategic,Banking,Active,False,8824853.42,65.0,17,52.94,11.76,42.49,3.79,1315793857.0,16659944.0,1.2662,45.62,4025945.64,Medium,108
CUST-000392,Ware and Sons,Strategic,Insurance,Active,False,13397155.73,30.0,12,41.67,8.33,64.43,3.41,1928860822.0,24541503.0,1.2723,30.04,4025130.28,Medium,109
CUST-000923,Parker Ltd,Strategic,Healthcare,Active,False,11425185.19,30.0,19,26.32,26.32,43.07,3.02,1951940529.0,26227712.0,1.3437,35.06,4005186.47,Medium,110
CUST-000581,"Cook, Wells and Bryant",Strategic,Retail,Active,True,8279270.24,55.0,17,11.76,5.88,52.61,2.51,1357898171.0,15985753.0,1.1772,48.09,3981482.75,Medium,111
CUST-000305,"Evans, Hayden and Vaughn",Strategic,Banking,Active,False,8126474.64,65.0,11,36.36,9.09,40.08,3.01,1492361815.0,20954535.0,1.4041,48.94,3977470.63,Medium,112
CUST-002343,"Garrison, Ryan and Miller",Strategic,Professional Services,Active,True,7825685.41,65.0,26,34.62,26.92,67.87,3.26,1443222242.0,17749767.0,1.2299,50.73,3969889.77,High,113
CUST-002329,Edwards-Ramsey,Strategic,Transportation,Active,True,11873024.56,30.0,14,28.57,14.29,39.57,3.06,1875465291.0,25340651.0,1.3512,33.42,3967563.25,Medium,114
CUST-001382,"Johnston, Coleman and Scott",Strategic,Insurance,Active,True,12372832.05,30.0,13,30.77,7.69,62.89,3.25,1556105334.0,18469157.0,1.1869,31.99,3957964.0,Medium,115
CUST-001554,"Moore, Campbell and Ortiz",Strategic,Manufacturing,Active,False,11343150.66,35.0,11,36.36,18.18,47.42,3.19,1989463959.0,27214516.0,1.3679,34.78,3945297.39,Medium,116
CUST-001463,Combs-Davis,Strategic,Retail,Active,True,12200269.61,35.0,15,40.0,0.0,45.29,3.26,1997799790.0,24285002.0,1.2156,31.93,3895689.41,Medium,117
CUST-002201,Lester Group,Strategic,Banking,Active,False,7827510.32,65.0,12,33.33,8.33,31.88,3.0,1471912204.0,18909947.0,1.2847,49.24,3853961.29,Medium,118
CUST-002422,Poole-Miller,Strategic,Technology,Active,False,8724544.35,65.0,18,61.11,11.11,39.83,3.86,1235512376.0,14994546.0,1.2136,43.82,3822759.3,Medium,119
CUST-001199,Brown Ltd,Strategic,Energy,Active,False,10743601.27,30.0,19,15.79,10.53,55.86,2.72,1564358544.0,20168869.0,1.2893,35.47,3811108.29,Medium,120
CUST-000765,Miller Group,Strategic,Transportation,Active,True,7343925.7,65.0,18,33.33,33.33,45.28,3.21,860145349.0,11551134.0,1.3429,51.85,3808010.76,High,121
CUST-001142,Thomas-Huffman,Strategic,Professional Services,Active,True,8676248.89,55.0,25,40.0,16.0,43.18,3.39,1244921741.0,16484720.0,1.3242,43.75,3795712.63,Medium,122
CUST-001289,"Smith, Jones and Santiago",Strategic,Banking,Active,False,11407249.16,35.0,28,39.29,7.14,38.59,3.5,2174280017.0,28565502.0,1.3138,32.98,3762649.82,Medium,123
CUST-000453,Harper and Sons,Strategic,Education,Active,True,9843325.94,35.0,13,23.08,23.08,55.62,2.95,1541168860.0,21669214.0,1.406,38.0,3740892.73,Medium,124
CUST-001958,Brown-Graham,Strategic,Technology,Active,True,12036324.08,30.0,16,37.5,6.25,30.56,3.35,1780984611.0,24049851.0,1.3504,30.83,3710285.55,Medium,125
CUST-000565,Li PLC,Strategic,Retail,Active,True,12583479.73,30.0,16,43.75,6.25,50.41,3.74,1814649732.0,23434334.0,1.2914,29.46,3706815.56,Medium,126
CUST-002064,White-Knox,Strategic,Insurance,Active,False,11108495.39,30.0,15,26.67,13.33,44.98,3.3,1625575077.0,19146456.0,1.1778,33.36,3705311.2,Medium,127
CUST-000114,Gonzalez Group,Strategic,Transportation,Active,True,8042515.35,65.0,17,52.94,11.76,45.42,3.56,1432047778.0,18970595.0,1.3247,45.74,3678459.24,Medium,128
CUST-001069,Stokes and Sons,Strategic,Energy,Active,True,6864730.97,65.0,20,20.0,15.0,57.13,3.15,1176354676.0,17108581.0,1.4544,52.91,3632043.03,High,129
CUST-001374,"Barnes, Hernandez and Davis",Strategic,Media,Active,False,10834948.71,30.0,25,32.0,20.0,46.27,3.09,1878208724.0,27275948.0,1.4522,33.5,3630191.49,Medium,130
CUST-001935,Schwartz-Harris,Strategic,Insurance,Active,True,11003311.49,30.0,21,33.33,9.52,27.94,3.18,1912937005.0,25080419.0,1.3111,31.91,3510926.07,Medium,131
CUST-001484,"Brown, Wise and Warren",Strategic,Technology,Active,True,10449803.96,35.0,13,46.15,23.08,51.17,3.47,1486474752.0,18007437.0,1.2114,33.0,3448410.33,Medium,132
CUST-001275,"Robinson, White and Jones",Strategic,Healthcare,Active,True,10195144.73,30.0,10,30.0,20.0,60.62,3.27,1879878182.0,25711042.0,1.3677,33.74,3439372.29,Medium,133
CUST-002255,Barnes Group,Strategic,Professional Services,Active,True,10775430.25,30.0,16,37.5,12.5,45.86,3.34,1669035200.0,22087212.0,1.3234,31.4,3383129.96,Medium,134
CUST-000358,"Williams, Logan and Camacho",Strategic,Technology,Active,True,8851187.24,30.0,19,10.53,26.32,53.27,2.89,1033334638.0,13373213.0,1.2942,38.11,3373601.37,Medium,135
CUST-002450,Fitzgerald-Brewer,Strategic,Retail,Active,True,11320687.63,30.0,12,41.67,0.0,46.19,3.31,1640207807.0,20719335.0,1.2632,29.19,3304859.06,Medium,136
CUST-000227,Miller-Wright,Strategic,Retail,Active,True,6484751.3,65.0,15,26.67,6.67,35.29,3.14,1088977414.0,14273343.0,1.3107,50.45,3271865.36,High,137
CUST-000928,"Tanner, Wise and Johnson",Strategic,Media,Active,True,8590992.16,35.0,19,26.32,21.05,53.73,3.02,1078787213.0,15001175.0,1.3906,37.12,3189253.24,Medium,138
CUST-001607,Foster-Duncan,Strategic,Telecommunications,Active,False,6772482.63,55.0,16,25.0,18.75,69.64,3.07,1252057478.0,16925475.0,1.3518,47.08,3188391.76,Medium,139
CUST-000671,"Long, Anderson and Irwin",Strategic,Energy,Active,True,9170471.59,35.0,19,31.58,10.53,41.35,3.08,1148196266.0,14106442.0,1.2286,34.69,3181602.53,Medium,140
CUST-000247,Davis Ltd,Strategic,Transportation,Active,True,10598326.79,30.0,14,42.86,7.14,57.84,3.37,1443502445.0,18471285.0,1.2796,29.7,3147924.42,Medium,141
CUST-000739,Walsh Ltd,Strategic,Education,Active,False,7714986.5,35.0,18,11.11,27.78,56.6,2.9,1109887023.0,14798434.0,1.3333,40.72,3141713.12,Medium,142
CUST-001751,"Haney, Harris and Johnson",Strategic,Media,Active,True,9322124.65,35.0,17,35.29,5.88,56.58,3.1,1334602969.0,16230396.0,1.2161,33.46,3119337.2,Medium,143
CUST-001045,Rivera and Sons,Strategic,Banking,Active,True,8617933.67,35.0,16,25.0,6.25,44.52,2.98,1129747710.0,14921970.0,1.3208,35.77,3082345.86,Medium,144
CUST-000814,"Thompson, Moore and Castro",Strategic,Manufacturing,Active,False,8244847.91,35.0,7,28.57,28.57,38.2,2.84,1334492397.0,15981630.0,1.1976,37.04,3053728.38,Medium,145
CUST-001461,Ross Ltd,Strategic,Technology,Active,True,9910470.45,30.0,10,40.0,10.0,55.66,3.58,1447836761.0,18744782.0,1.2947,30.59,3031548.51,Medium,146
CUST-002165,Hudson-Morris,Strategic,Insurance,Active,False,9411867.7,30.0,23,34.78,13.04,33.79,3.22,1575584598.0,20069273.0,1.2738,31.9,3001949.05,Medium,147
CUST-002011,"Weaver, Anderson and Reed",Enterprise,Professional Services,Active,True,5543295.47,65.0,11,18.18,18.18,59.67,3.02,736228920.0,9603741.0,1.3045,53.29,2954062.01,High,148
CUST-002039,Griffin Inc,Strategic,Insurance,Active,True,8836453.07,30.0,14,28.57,14.29,49.9,3.19,1972790484.0,25646817.0,1.3,33.31,2943806.07,Medium,149
CUST-001548,"Martin, Schmidt and Cole",Strategic,Manufacturing,Active,False,7704595.23,35.0,24,16.67,12.5,71.63,2.69,1010920680.0,13137383.0,1.2995,38.02,2928960.39,Medium,150
CUST-002066,George LLC,Strategic,Technology,Active,False,7531819.19,35.0,19,21.05,26.32,31.23,3.03,1376999204.0,15655388.0,1.1369,38.19,2876770.35,Medium,151
CUST-000790,Fuentes Group,Strategic,Energy,Active,True,9671234.58,35.0,19,57.89,10.53,45.25,3.69,1399634656.0,18588605.0,1.3281,29.63,2865576.4,Medium,152
CUST-002475,Johnson-Schultz,Strategic,Insurance,Active,False,8377706.55,35.0,17,35.29,5.88,43.19,3.36,1739752784.0,22172787.0,1.2745,33.58,2813097.31,Medium,153
CUST-000309,"Phillips, Spence and Barrett",Strategic,Technology,Active,False,9184283.28,30.0,17,41.18,11.76,50.04,3.45,1323973665.0,16720312.0,1.2629,30.47,2798171.33,Medium,154
CUST-000896,"Hernandez, Jenkins and Parks",Strategic,Professional Services,Active,True,8914100.03,35.0,16,43.75,0.0,38.78,3.35,1140592761.0,13634957.0,1.1954,31.14,2775926.93,Medium,155
CUST-000382,Bruce-Villegas,Strategic,Technology,Active,True,7077671.71,35.0,17,17.65,23.53,38.45,2.83,993541038.0,13094361.0,1.3179,38.96,2757420.33,Medium,156
CUST-000401,Wilson-Jimenez,Strategic,Retail,Active,True,9045330.03,30.0,20,40.0,5.0,53.25,3.33,1343117090.0,17973109.0,1.3382,30.18,2729548.45,Medium,157
CUST-001673,Stone Group,Strategic,Education,Active,True,8362787.42,35.0,17,47.06,17.65,45.58,3.67,1202540346.0,14707469.0,1.223,32.3,2701097.36,Medium,158
CUST-000414,Cook and Sons,Strategic,Media,Active,True,7014627.65,35.0,16,18.75,18.75,45.01,2.77,1106366366.0,14340494.0,1.2962,38.22,2680805.43,Medium,159
CUST-001911,Levy-Smith,Strategic,Energy,Active,True,7315308.37,35.0,22,22.73,9.09,51.57,3.14,1108947154.0,15101338.0,1.3618,36.59,2676465.15,Medium,160
CUST-000285,Garcia-Lozano,Strategic,Education,Active,True,6604382.7,35.0,21,4.76,9.52,51.65,2.55,1119490505.0,14808486.0,1.3228,40.15,2651367.48,Medium,161
CUST-000207,"Alvarez, Joseph and West",Strategic,Healthcare,Active,False,8000371.06,30.0,16,31.25,18.75,43.8,3.12,1225364994.0,15279411.0,1.2469,33.12,2649631.26,Medium,162
CUST-001843,Smith-Rodriguez,Strategic,Technology,Active,True,7457096.52,35.0,20,35.0,15.0,48.47,3.29,894539303.0,11491088.0,1.2846,34.57,2577855.88,Medium,163
CUST-002228,Ruiz-Gutierrez,Enterprise,Media,Active,True,4489011.81,65.0,5,0.0,20.0,32.5,3.05,690749472.0,8191211.0,1.1858,56.87,2552976.79,High,164
CUST-002254,"Lewis, Holloway and Acosta",Strategic,Technology,Active,False,8226924.7,30.0,19,36.84,0.0,34.5,3.22,1164404598.0,14987658.0,1.2872,30.21,2485015.26,Medium,165
CUST-001853,May Inc,Strategic,Energy,Active,False,8999221.36,20.0,16,31.25,12.5,52.88,3.02,1214402469.0,14702051.0,1.2106,27.42,2467701.82,Medium,166
CUST-001983,"Silva, Bray and Ford",Strategic,Telecommunications,Active,True,7922676.45,35.0,19,47.37,5.26,30.2,3.4,935956231.0,11322115.0,1.2097,30.97,2453811.35,Medium,167
CUST-002332,"Hendrix, Green and Nunez",Strategic,Energy,Active,False,8372240.86,30.0,23,52.17,21.74,40.78,3.52,1084263992.0,13374312.0,1.2335,29.21,2445206.28,Medium,168
CUST-002205,"Mason, Martinez and Beck",Strategic,Telecommunications,Active,True,6449212.14,35.0,23,21.74,17.39,41.76,3.09,1032138324.0,14627662.0,1.4172,37.73,2433013.17,Medium,169
CUST-002071,Howard Inc,Strategic,Retail,Active,True,5040276.1,55.0,20,20.0,20.0,62.9,3.3,815710574.0,11191936.0,1.372,48.24,2431635.58,Medium,170
CUST-001568,"Davis, Hardy and Schmidt",Enterprise,Telecommunications,Active,False,4340641.2,65.0,7,14.29,28.57,40.2,3.03,653258851.0,8466556.0,1.296,55.09,2391350.32,High,171
CUST-002232,"Daniel, Kelley and Murphy",Strategic,Insurance,Active,True,8006169.35,35.0,21,61.9,4.76,40.82,3.74,952395857.0,12907293.0,1.3552,28.31,2266204.46,Medium,172
CUST-000428,Jones-Lin,Strategic,Professional Services,Active,True,6464060.5,30.0,10,20.0,10.0,64.7,3.28,895689795.0,12492249.0,1.3947,34.79,2248808.78,Medium,173
CUST-000034,Frazier Inc,Strategic,Education,Active,False,10358351.97,0.0,11,18.18,27.27,55.06,2.72,1471784818.0,18992337.0,1.2904,21.67,2244837.9,Low,174
CUST-000250,Ruiz Ltd,Strategic,Insurance,Active,False,6173682.12,35.0,18,27.78,16.67,56.03,3.18,795047218.0,9140936.0,1.1497,35.91,2217005.12,Medium,175
CUST-002118,Spencer LLC,Strategic,Transportation,Active,False,4654054.45,65.0,17,41.18,5.88,41.35,3.53,732440184.0,9840019.0,1.3435,47.54,2212530.75,Medium,176
CUST-001812,Roberts Ltd,Strategic,Manufacturing,Active,False,4632857.4,65.0,16,43.75,12.5,48.25,3.42,826015106.0,11282663.0,1.3659,47.73,2211347.6,Medium,177
CUST-001846,Green Ltd,Enterprise,Energy,Active,False,3761978.52,65.0,9,11.11,33.33,48.35,3.07,807571359.0,11265604.0,1.395,56.4,2121797.53,High,178
CUST-001098,Wright Group,Enterprise,Telecommunications,Active,True,5040081.61,55.0,13,53.85,15.38,21.94,3.65,784576842.0,11375350.0,1.4499,41.17,2074949.8,Medium,179
CUST-002229,Love-Mcdowell,Strategic,Education,Active,False,6351562.49,30.0,17,41.18,29.41,39.15,3.26,892112501.0,12454561.0,1.3961,32.5,2064132.85,Medium,180
CUST-000410,Collier-Gillespie,Enterprise,Retail,Active,False,3727993.35,65.0,9,11.11,22.22,43.35,2.48,560954261.0,7510993.0,1.339,55.18,2057029.72,High,181
CUST-001564,Owen-Brown,Strategic,Manufacturing,Active,True,5307703.99,35.0,21,19.05,19.05,60.19,3.27,1070037290.0,13577550.0,1.2689,38.13,2023987.26,Medium,182
CUST-000652,"Marks, Miller and Griffin",Strategic,Manufacturing,Active,True,7209932.59,30.0,32,53.13,12.5,40.59,3.63,1159900889.0,13857522.0,1.1947,28.01,2019821.67,Medium,183
CUST-000895,Bell-Lewis,Enterprise,Retail,Active,True,3511090.38,65.0,6,16.67,50.0,30.79,3.21,458180212.0,5656007.0,1.2345,56.64,1988525.95,High,184
CUST-002233,"Johnson, Williams and May",Enterprise,Energy,Active,True,4105650.48,65.0,10,40.0,10.0,37.46,3.33,795922358.0,10116491.0,1.271,48.04,1972439.88,Medium,185
CUST-002455,"Todd, Bernard and Boyd",Enterprise,Professional Services,Active,True,4431981.2,65.0,10,70.0,30.0,35.22,3.84,745778215.0,9968756.0,1.3367,44.17,1957756.05,Medium,186
CUST-000638,Morales Inc,Enterprise,Technology,Active,True,3624358.56,65.0,9,22.22,22.22,39.19,3.3,644230972.0,8113952.0,1.2595,52.8,1913542.99,High,187
CUST-001821,Lane Ltd,Strategic,Retail,Active,False,4342001.42,55.0,11,45.45,27.27,58.97,3.15,707777623.0,9675904.0,1.3671,43.87,1904858.98,Medium,188
CUST-000364,"Kelley, Nguyen and Vang",Enterprise,Transportation,Active,False,3678690.13,65.0,13,23.08,0.0,51.48,3.28,717852828.0,9384732.0,1.3073,50.5,1857712.13,High,189
CUST-000136,"Lawson, Morris and Ramos",Enterprise,Retail,Active,True,3313419.17,65.0,9,11.11,22.22,71.63,2.66,734376853.0,9657606.0,1.3151,55.13,1826692.95,High,190
CUST-000983,Williams Group,Enterprise,Technology,Active,True,3305494.36,65.0,6,16.67,33.33,33.8,2.92,651872151.0,8728930.0,1.3391,55.18,1823909.35,High,191
CUST-000969,Aguirre LLC,Enterprise,Telecommunications,Active,True,4003888.89,65.0,6,50.0,0.0,37.49,3.58,617132425.0,8530732.0,1.3823,45.26,1812345.72,Medium,192
CUST-001255,Molina Inc,Enterprise,Manufacturing,Active,True,3366625.79,65.0,9,11.11,11.11,60.61,2.9,597012983.0,7285551.0,1.2203,53.83,1812239.73,High,193
CUST-001343,Williams-Juarez,Strategic,Technology,Active,False,6958632.07,30.0,19,57.89,0.0,42.92,3.68,1163020313.0,14878920.0,1.2793,25.98,1807833.24,Medium,194
CUST-002482,Medina Group,Enterprise,Professional Services,Active,True,3087502.93,70.0,6,16.67,33.33,32.35,2.77,657960051.0,8274455.0,1.2576,57.52,1775783.01,High,195
CUST-001573,Andrade-Jackson,Strategic,Banking,Active,True,6022148.77,30.0,15,53.33,20.0,38.21,3.53,930410446.0,14008232.0,1.5056,29.34,1767171.09,Medium,196
CUST-000804,Barton-Chapman,Strategic,Insurance,Active,False,6629437.95,20.0,21,33.33,4.76,50.01,3.23,647472077.0,8543759.0,1.3196,26.45,1753395.95,Medium,197
CUST-000050,"Harris, Collins and Carney",Enterprise,Transportation,Active,False,3167952.61,65.0,3,33.33,66.67,22.33,3.77,652600767.0,7958279.0,1.2195,54.94,1740439.67,High,198
CUST-001709,Davis LLC,Enterprise,Education,Active,True,4051981.83,55.0,9,44.44,11.11,45.77,3.2,673653568.0,8585311.0,1.2744,42.27,1712817.39,Medium,199
CUST-001105,Curry-Barker,Enterprise,Education,Active,False,3269640.64,65.0,7,14.29,0.0,66.01,2.86,603857793.0,8002582.0,1.3252,52.29,1709804.39,High,200
CUST-002261,Reeves Ltd,Enterprise,Technology,Active,True,3310693.07,65.0,12,25.0,16.67,40.99,3.28,650342056.0,8002428.0,1.2305,51.63,1709233.27,High,201
CUST-000499,"Kennedy, Johnson and Lucas",Enterprise,Retail,Active,False,3027299.66,65.0,9,11.11,33.33,44.94,2.66,463989519.0,5839995.0,1.2586,56.13,1699175.08,High,202
CUST-001025,"Johnson, Guzman and Mccall",Strategic,Technology,Active,True,5195548.72,30.0,11,27.27,9.09,47.73,3.07,1236051376.0,12941089.0,1.047,32.55,1691072.44,Medium,203
CUST-000998,Nelson-Johnson,Enterprise,Telecommunications,Active,False,2984717.54,65.0,8,12.5,37.5,48.14,2.65,683166260.0,9219189.0,1.3495,56.45,1684841.98,High,204
CUST-001993,Harvey-Diaz,Enterprise,Energy,Active,False,4102733.13,30.0,6,0.0,33.33,43.55,3.02,676936834.0,8842484.0,1.3062,40.95,1679898.23,Medium,205
CUST-002207,Young Inc,Enterprise,Media,Active,True,3582901.42,65.0,6,50.0,16.67,36.22,3.42,607988997.0,8235234.0,1.3545,46.88,1679509.2,Medium,206
CUST-001849,Larson and Sons,Enterprise,Education,Active,False,3099388.75,65.0,10,10.0,10.0,58.16,2.95,690425435.0,8878261.0,1.2859,54.07,1675896.01,High,207
CUST-000958,"Miller, Davis and Anderson",Enterprise,Retail,Active,False,3324974.37,65.0,6,33.33,16.67,64.17,2.93,575962198.0,8013250.0,1.3913,50.28,1671882.27,High,208
CUST-001192,Wilson Ltd,Enterprise,Retail,Active,True,3372226.88,65.0,7,28.57,0.0,48.14,3.41,622568527.0,8335859.0,1.3389,49.46,1668025.06,Medium,209
CUST-001644,Berry Group,Enterprise,Education,Active,True,3204646.21,65.0,3,33.33,33.33,19.48,3.36,576657928.0,6920907.0,1.2002,51.57,1652540.48,High,210
CUST-000081,"Sanchez, Wheeler and Harvey",Enterprise,Banking,Active,True,3630671.38,65.0,6,66.67,33.33,25.61,4.17,698528712.0,9205784.0,1.3179,45.14,1638731.26,Medium,211
CUST-001046,Terry-Bowen,Enterprise,Insurance,Active,False,2975987.76,65.0,5,20.0,40.0,43.06,3.04,525714567.0,6368509.0,1.2114,54.92,1634495.84,High,212
CUST-000938,"Rios, Walker and Wright",Enterprise,Manufacturing,Active,True,2887697.34,65.0,7,14.29,42.86,57.59,2.87,485355409.0,5699540.0,1.1743,56.28,1625114.52,High,213
CUST-000728,"Arnold, Smith and Moreno",Enterprise,Media,Active,False,3229155.29,65.0,8,37.5,25.0,66.34,3.33,653762263.0,8843954.0,1.3528,50.21,1621215.39,High,214
CUST-001180,Hernandez-Davis,Enterprise,Technology,Active,True,3148906.71,65.0,7,28.57,14.29,41.48,2.96,590877959.0,7945952.0,1.3448,50.9,1602914.01,High,215
CUST-001084,"Steele, Williams and Preston",Enterprise,Telecommunications,Active,True,2976160.6,65.0,7,28.57,42.86,84.23,3.2,683247474.0,9479988.0,1.3875,53.85,1602555.58,High,216
CUST-000437,Ortiz-Morgan,Enterprise,Education,Active,True,2953792.05,65.0,9,11.11,11.11,38.75,2.8,626437910.0,8038639.0,1.2832,53.96,1593728.8,High,217
CUST-000977,Anderson Group,Strategic,Insurance,Active,False,6662474.11,20.0,16,43.75,0.0,52.59,3.4,815969910.0,10673432.0,1.3081,23.87,1590074.98,Low,218
CUST-002038,"Wilson, Johnson and Williamson",Enterprise,Retail,Active,True,3177727.63,55.0,10,10.0,20.0,78.33,2.77,528545759.0,6695864.0,1.2668,50.03,1589934.49,High,219
CUST-001529,Moore-Chandler,Enterprise,Manufacturing,Active,True,4447926.39,30.0,5,20.0,20.0,22.58,2.81,874009619.0,11876536.0,1.3589,35.72,1588697.58,Medium,220
CUST-000092,"Smith, Montoya and Evans",Enterprise,Manufacturing,Active,False,3055047.26,65.0,11,18.18,0.0,46.05,3.27,565317466.0,7427217.0,1.3138,51.49,1573082.43,High,221
CUST-001164,Wise-Dean,Enterprise,Telecommunications,Active,True,3286536.97,65.0,9,44.44,11.11,61.07,3.57,561340612.0,8237418.0,1.4675,47.66,1566269.24,Medium,222
CUST-000240,"Walker, Hernandez and Baker",Enterprise,Insurance,Active,False,3358295.05,65.0,6,50.0,16.67,56.19,3.32,614935587.0,7345121.0,1.1945,46.56,1563473.54,Medium,223
CUST-002161,Jackson-Ryan,Enterprise,Banking,Active,True,3096179.77,65.0,6,33.33,16.67,70.71,3.23,543862347.0,7170408.0,1.3184,50.14,1552326.9,High,224
CUST-000449,Lee-Cooke,Enterprise,Transportation,Active,False,2960035.56,55.0,10,0.0,20.0,50.2,2.47,633265157.0,8430765.0,1.3313,52.16,1544032.5,High,225
CUST-001247,Aguilar-Bender,Enterprise,Professional Services,Active,True,2731756.62,65.0,10,10.0,30.0,68.3,2.87,467108474.0,6347551.0,1.3589,56.22,1535733.64,High,226
CUST-000721,Landry Ltd,Enterprise,Energy,Active,False,3216968.18,65.0,8,37.5,0.0,68.35,3.46,643417075.0,8088654.0,1.2571,47.51,1528519.27,Medium,227
CUST-000053,Chapman and Sons,Enterprise,Education,Active,True,3377234.45,65.0,8,62.5,25.0,36.71,4.07,577995740.0,7278502.0,1.2593,45.02,1520381.35,Medium,228
CUST-000135,Mitchell-Jordan,Enterprise,Manufacturing,Active,True,4172007.86,35.0,5,40.0,40.0,25.13,3.14,634096232.0,8232462.0,1.2983,36.1,1505952.87,Medium,229
CUST-001954,Maxwell LLC,Enterprise,Retail,Active,True,3318301.64,65.0,9,55.56,11.11,35.35,3.53,528970085.0,6867063.0,1.2982,45.1,1496434.25,Medium,230
CUST-002060,Davenport-Torres,Enterprise,Healthcare,Active,True,2787403.6,65.0,6,16.67,16.67,57.97,3.0,481996592.0,6158145.0,1.2776,53.39,1488155.71,High,231
CUST-001525,"Wright, Wise and Ramos",Enterprise,Manufacturing,Active,False,2993765.83,65.0,7,42.86,28.57,46.46,3.37,590412921.0,8179507.0,1.3854,49.56,1483605.24,Medium,232
CUST-000486,Jones-Fox,Enterprise,Insurance,Active,False,2739391.32,55.0,7,14.29,57.14,50.22,2.55,515297223.0,6858999.0,1.3311,53.02,1452405.98,High,233
CUST-001900,Cook-Turner,Enterprise,Retail,Active,True,2692170.27,65.0,7,28.57,42.86,51.22,3.26,420947786.0,5568136.0,1.3228,53.72,1446151.81,High,234
CUST-001705,Williams Group,Enterprise,Insurance,Active,True,2803369.59,65.0,8,25.0,12.5,48.33,2.79,541079882.0,7244797.0,1.339,51.43,1441714.19,High,235
CUST-000962,Haynes-Moss,Enterprise,Retail,Active,True,2583348.35,65.0,4,0.0,0.0,54.19,2.48,497919702.0,6470758.0,1.2996,55.1,1423402.13,High,236
CUST-000427,Johnson-Wood,Enterprise,Telecommunications,Active,True,2666651.41,65.0,11,18.18,18.18,56.43,3.17,592341414.0,7635740.0,1.2891,53.26,1420257.83,High,237
CUST-000564,Wright-Grimes,Enterprise,Media,Active,False,3397852.99,35.0,7,0.0,14.29,76.03,2.48,755991446.0,10192259.0,1.3482,41.62,1414355.18,Medium,238
CUST-000166,Medina-Navarro,Enterprise,Professional Services,Active,False,2761751.39,65.0,10,30.0,20.0,43.68,3.09,567466200.0,7585732.0,1.3368,51.17,1413286.09,High,239
CUST-000052,Walker LLC,Enterprise,Technology,Active,True,2801509.22,70.0,11,36.36,0.0,67.32,3.57,685359052.0,9187563.0,1.3405,50.41,1412195.06,High,240
CUST-001416,Spears-Andrews,Enterprise,Technology,Active,False,2812588.56,65.0,12,25.0,0.0,57.78,3.19,484654954.0,6503294.0,1.3418,50.18,1411460.44,High,241
CUST-001865,Navarro PLC,Enterprise,Retail,Active,False,2491602.71,65.0,7,14.29,42.86,61.4,3.21,573340817.0,7397880.0,1.2903,56.51,1407984.6,High,242
CUST-000027,Baker and Sons,Enterprise,Transportation,Active,False,2960019.31,65.0,8,37.5,0.0,67.91,3.28,556297301.0,6958812.0,1.2509,47.5,1406063.4,Medium,243
CUST-001895,"Smith, Zimmerman and Wise",Enterprise,Professional Services,Active,True,2550192.79,65.0,7,14.29,28.57,63.53,3.45,460182296.0,5619803.0,1.2212,54.94,1401137.75,High,244
CUST-000792,"Moore, Henderson and Bennett",Enterprise,Technology,Active,False,2596193.83,65.0,8,12.5,12.5,60.75,2.45,491726872.0,6465438.0,1.3148,53.88,1398821.1,High,245
CUST-000417,"Mullen, Brewer and Hernandez",Enterprise,Transportation,Active,False,2444826.04,65.0,8,12.5,37.5,33.8,2.62,479980886.0,6378589.0,1.3289,56.41,1379073.84,High,246
CUST-002481,Fernandez-Jackson,Enterprise,Transportation,Active,True,2800444.79,65.0,8,37.5,12.5,53.34,3.19,672934346.0,9427558.0,1.401,49.05,1373672.08,Medium,247
CUST-002052,Houston PLC,Enterprise,Manufacturing,Active,True,3038504.83,65.0,9,55.56,11.11,22.89,3.77,599273549.0,7750358.0,1.2933,45.09,1369958.04,Medium,248
CUST-000797,Rodriguez and Sons,Enterprise,Energy,Active,False,2606193.59,65.0,7,14.29,0.0,42.12,2.86,579545036.0,7525777.0,1.2986,52.24,1361475.27,High,249
CUST-002281,Martin-Mcdonald,Enterprise,Manufacturing,Active,False,2562658.24,65.0,10,20.0,20.0,66.0,3.18,539959651.0,6730871.0,1.2466,52.99,1358032.08,High,250
CUST-001066,"Johnson, Duncan and Black",Enterprise,Banking,Active,False,2083382.16,65.0,1,0.0,100.0,119.14,3.35,500432989.0,6461357.0,1.2912,65.08,1355913.16,High,251
CUST-002007,Mullen-Jones,Enterprise,Transportation,Active,False,3174354.35,55.0,9,55.56,33.33,49.68,3.58,553233667.0,7288498.0,1.3174,42.36,1344564.25,Medium,252
CUST-000920,Collins Group,Enterprise,Retail,Active,True,2715067.37,65.0,10,30.0,0.0,59.27,3.15,513245040.0,7366982.0,1.4354,49.37,1340449.03,Medium,253
CUST-001043,Bush-Reynolds,Enterprise,Professional Services,Active,True,2558188.25,65.0,7,14.29,0.0,68.7,2.5,684763366.0,9147516.0,1.3359,52.31,1338305.64,High,254
CUST-001404,"Meyer, Dawson and Harper",Enterprise,Energy,Active,False,2903534.61,65.0,9,44.44,0.0,35.47,3.49,478060800.0,5729325.0,1.1985,46.01,1335858.59,Medium,255
CUST-002162,Murray Group,Enterprise,Retail,Active,True,2628302.0,65.0,9,33.33,22.22,46.83,3.24,523302003.0,6683768.0,1.2772,50.61,1330184.03,High,256
CUST-001442,Fox Group,Enterprise,Insurance,Active,False,2735159.73,65.0,6,33.33,0.0,52.59,3.36,567905828.0,7015799.0,1.2354,48.3,1321194.15,Medium,257
CUST-002057,Perry-Peters,Enterprise,Manufacturing,Active,True,2392375.6,65.0,11,9.09,18.18,44.36,2.86,457298646.0,5533661.0,1.2101,54.92,1313896.31,High,258
CUST-000735,Branch and Sons,Enterprise,Energy,Active,False,2595835.09,65.0,13,38.46,30.77,44.13,3.35,528111143.0,7048104.0,1.3346,50.55,1312293.02,High,259
CUST-000393,Webster Inc,Strategic,Retail,Active,True,5517106.42,20.0,19,47.37,5.26,42.7,3.74,839413099.0,11438476.0,1.3627,23.78,1311856.59,Low,260
CUST-002376,"Munoz, Garcia and Williams",Enterprise,Retail,Active,True,2382066.58,65.0,13,15.38,23.08,68.34,3.13,488501951.0,6625703.0,1.3563,54.44,1296878.78,High,261
CUST-001580,"King, Nixon and West",Enterprise,Energy,Active,False,3723997.06,30.0,11,27.27,27.27,45.15,3.05,650229069.0,8188866.0,1.2594,34.79,1295634.09,Medium,262
CUST-001400,Frost-Graham,Enterprise,Healthcare,Active,False,2945842.12,65.0,7,57.14,0.0,46.22,3.54,605771761.0,7948031.0,1.3121,43.7,1287201.31,Medium,263
CUST-000494,"Marshall, Dominguez and Welch",Enterprise,Professional Services,Active,False,2703805.03,65.0,4,50.0,25.0,49.11,3.91,551604333.0,7160258.0,1.2981,47.6,1286907.29,Medium,264
CUST-001183,Williams-Li,Enterprise,Healthcare,Active,False,2740877.03,55.0,11,27.27,18.18,47.8,3.22,382389308.0,5540311.0,1.4489,46.76,1281671.64,Medium,265
CUST-000846,Weaver-Sherman,Enterprise,Retail,Active,True,2821724.58,65.0,4,50.0,0.0,28.19,3.8,539682332.0,7470141.0,1.3842,45.27,1277348.09,Medium,266
CUST-002294,Brooks-Hickman,Enterprise,Telecommunications,Active,False,2373589.89,65.0,12,25.0,33.33,62.06,2.96,417831162.0,6192298.0,1.482,53.8,1276928.52,High,267
CUST-000186,Johnston-Odonnell,Enterprise,Professional Services,Active,True,2546797.04,65.0,4,25.0,0.0,69.76,3.03,452454149.0,5723235.0,1.2649,50.03,1274159.07,High,268
CUST-000649,"Zhang, Brooks and Miles",Enterprise,Technology,Active,True,2309283.76,65.0,6,16.67,33.33,68.99,2.78,426030584.0,5673248.0,1.3317,55.16,1273877.26,High,269
CUST-001451,Haynes-Watson,Enterprise,Transportation,Active,False,2562262.36,65.0,13,30.77,7.69,50.55,2.94,607939171.0,7813225.0,1.2852,49.69,1273080.08,Medium,270
CUST-001501,Evans-Cannon,Enterprise,Retail,Active,False,2439542.9,65.0,10,20.0,10.0,35.81,3.0,418652500.0,5465537.0,1.3055,52.11,1271270.53,High,271
CUST-001523,Huang LLC,Enterprise,Transportation,Active,False,2585447.28,65.0,6,33.33,0.0,59.04,3.21,668169110.0,8924797.0,1.3357,48.5,1254064.79,Medium,272
CUST-001373,Mills PLC,Enterprise,Energy,Active,True,2431203.72,55.0,7,14.29,42.86,55.22,3.27,512817354.0,6573707.0,1.2819,51.49,1251883.51,High,273
CUST-001610,Cohen-Johnston,Enterprise,Telecommunications,Active,True,3102129.92,35.0,9,11.11,22.22,52.0,3.14,530087894.0,7146223.0,1.3481,40.2,1246939.61,Medium,274
CUST-000304,Jones LLC,Enterprise,Technology,Active,False,2693280.28,65.0,9,44.44,0.0,39.82,3.7,588037807.0,7838019.0,1.3329,46.28,1246367.5,Medium,275
CUST-001908,Johnson PLC,Enterprise,Energy,Active,True,2382016.44,65.0,11,27.27,27.27,34.64,3.28,389054106.0,4950197.0,1.2724,52.32,1246210.54,High,276
CUST-000775,Ward and Sons,Enterprise,Insurance,Active,True,2397729.47,65.0,8,25.0,12.5,46.53,3.0,412355881.0,5429865.0,1.3168,51.38,1232039.29,High,277
CUST-001495,"Ferguson, Stout and Olson",Enterprise,Retail,Active,True,3174562.3,30.0,7,0.0,14.29,60.76,2.77,457709147.0,5398645.0,1.1795,38.79,1231335.14,Medium,278
CUST-000963,Chavez-Hall,Enterprise,Healthcare,Active,True,3058373.75,55.0,10,50.0,0.0,45.39,3.35,501927013.0,6791365.0,1.3531,40.21,1229653.31,Medium,279
CUST-000700,"Ramsey, Hansen and Mendoza",Enterprise,Telecommunications,Active,False,2831857.66,65.0,6,66.67,16.67,35.8,4.17,529535076.0,6783560.0,1.281,43.4,1228896.38,Medium,280
CUST-002235,Fuller LLC,Enterprise,Banking,Active,True,2384807.36,65.0,5,20.0,0.0,54.32,2.98,441420350.0,5849928.0,1.3253,51.15,1219840.94,High,281
CUST-002122,"Garcia, Kim and Barrett",Enterprise,Education,Active,True,2805716.21,55.0,7,42.86,14.29,82.98,3.29,500120390.0,6767068.0,1.3531,43.06,1208234.51,Medium,282
CUST-002336,"Church, Guzman and Tucker",Enterprise,Media,Active,True,3316918.23,30.0,8,12.5,12.5,64.88,2.78,683042101.0,8543752.0,1.2508,36.25,1202438.47,Medium,283
CUST-001915,"Hernandez, Riley and Buckley",Enterprise,Energy,Active,False,3001976.29,55.0,9,55.56,11.11,58.48,3.8,582616874.0,7108598.0,1.2201,39.94,1198996.26,Medium,284
CUST-001866,Meyer Ltd,Enterprise,Retail,Active,False,3259250.77,30.0,11,18.18,27.27,66.27,3.22,603401764.0,7896406.0,1.3086,36.71,1196412.47,Medium,285
CUST-000611,Williams-Moses,Enterprise,Media,Active,True,2513250.86,65.0,4,50.0,25.0,32.2,3.67,572312706.0,6502139.0,1.1361,47.27,1188069.8,Medium,286
CUST-000623,Pearson and Sons,Enterprise,Healthcare,Active,False,2263156.96,65.0,7,14.29,0.0,27.65,3.13,417594163.0,5156942.0,1.2349,52.11,1179392.0,High,287
CUST-002175,Knight PLC,Enterprise,Manufacturing,Active,True,3240570.11,30.0,13,23.08,30.77,37.62,2.89,527334962.0,6860455.0,1.301,36.06,1168662.12,Medium,288
CUST-000748,Goodwin Ltd,Enterprise,Energy,Active,True,2367816.55,65.0,10,30.0,0.0,72.95,3.51,484964116.0,6657441.0,1.3728,49.25,1166044.04,Medium,289
CUST-001113,Coleman-Bennett,Enterprise,Education,Active,False,2464943.92,65.0,5,40.0,0.0,55.61,3.22,488973128.0,6213228.0,1.2707,47.04,1159542.58,Medium,290
CUST-000918,Herrera Group,Enterprise,Banking,Active,True,3188023.71,35.0,11,27.27,18.18,39.26,3.18,650035463.0,7705600.0,1.1854,36.23,1155163.2,Medium,291
CUST-001662,Henry-Taylor,Enterprise,Insurance,Active,False,3342318.32,30.0,10,30.0,30.0,40.38,2.77,677461925.0,8526840.0,1.2586,34.52,1153677.7,Medium,292
CUST-001173,Campbell Inc,Enterprise,Retail,Active,True,3415050.15,35.0,8,50.0,37.5,44.9,3.61,603748411.0,7583457.0,1.2561,33.76,1152993.5,Medium,293
CUST-000570,Williams-Campbell,Enterprise,Retail,Active,True,3632096.31,35.0,7,42.86,0.0,56.07,3.75,615602890.0,8605163.0,1.3978,31.72,1152255.6,Medium,294
CUST-001351,"Valdez, Houston and Black",Enterprise,Insurance,Active,True,3829193.16,30.0,8,37.5,0.0,41.25,3.39,757123024.0,9784418.0,1.2923,30.08,1151998.63,Medium,295
CUST-000483,"Andrews, Higgins and Carter",Enterprise,Healthcare,Active,False,2449986.51,65.0,6,50.0,16.67,38.61,3.28,435701910.0,6022716.0,1.3823,46.93,1149809.8,Medium,296
CUST-001703,Thomas Inc,Enterprise,Media,Active,False,3572767.4,30.0,11,36.36,18.18,58.9,3.5,608247227.0,7918568.0,1.3019,32.15,1148615.71,Medium,297
CUST-000768,"Davis, George and Nguyen",Enterprise,Manufacturing,Active,True,2219704.63,65.0,8,25.0,12.5,48.83,3.17,420275170.0,5852476.0,1.3925,51.54,1143926.3,High,298
CUST-000666,Cannon Ltd,Enterprise,Transportation,Active,True,2210809.82,65.0,8,25.0,12.5,50.37,3.25,381761135.0,5266142.0,1.3794,51.51,1138763.1,High,299
CUST-000210,"Wood, Tran and Cooper",Enterprise,Technology,Active,False,3123381.72,30.0,7,14.29,14.29,36.83,2.35,540333577.0,6429535.0,1.1899,35.95,1122895.32,Medium,300
CUST-001154,Anderson-Reyes,Enterprise,Education,Active,False,2190223.42,65.0,12,25.0,8.33,29.51,2.74,452919726.0,6153371.0,1.3586,51.05,1118120.77,High,301
CUST-001322,"Hernandez, Knight and Aguirre",Enterprise,Manufacturing,Active,True,2172692.53,65.0,9,33.33,22.22,59.76,3.32,424327225.0,6335490.0,1.4931,51.04,1108978.98,High,302
CUST-001360,Mendoza-Garza,Enterprise,Telecommunications,Active,False,2929793.9,35.0,9,22.22,22.22,60.5,3.45,608584445.0,7431984.0,1.2212,37.72,1105122.99,Medium,303
CUST-002485,Nelson-King,Enterprise,Healthcare,Active,True,2192898.03,65.0,10,30.0,10.0,31.77,3.31,463777888.0,5564538.0,1.1998,49.9,1094248.58,Medium,304
CUST-001399,Brock and Sons,Enterprise,Retail,Active,False,3943323.38,30.0,6,50.0,0.0,39.28,3.49,809689762.0,11073629.0,1.3676,27.74,1093691.66,Medium,305
CUST-001153,Perez LLC,Enterprise,Telecommunications,Active,True,2028889.85,65.0,12,8.33,0.0,88.48,2.67,499870602.0,6991964.0,1.3988,53.63,1088110.73,High,306
CUST-000174,Lewis-Murphy,Enterprise,Manufacturing,Active,False,2340750.04,65.0,7,42.86,0.0,54.14,3.35,509693849.0,6320468.0,1.2401,46.41,1086311.08,Medium,307
CUST-002385,Montes-Hammond,Enterprise,Media,Active,False,2339617.99,65.0,7,42.86,0.0,53.63,3.66,463488004.0,5755568.0,1.2418,46.41,1085867.25,Medium,308
CUST-001466,Dillon-Mccarty,Enterprise,Manufacturing,Active,True,3487977.27,30.0,6,50.0,33.33,28.06,3.67,609562177.0,7621082.0,1.2503,30.83,1075477.45,Medium,309
CUST-001550,"Hunter, Gross and Andrade",Enterprise,Manufacturing,Active,True,2083156.1,65.0,11,27.27,18.18,38.85,2.96,391423837.0,5226354.0,1.3352,51.53,1073535.09,High,310
CUST-000169,"Yates, Ramsey and Pittman",Enterprise,Energy,Active,False,2257178.3,65.0,9,44.44,11.11,51.88,3.17,565659360.0,7986349.0,1.4119,47.55,1073196.94,Medium,311
CUST-002279,"Yates, Brown and Hernandez",Enterprise,Media,Active,True,2066529.09,65.0,6,33.33,33.33,35.67,3.35,374669337.0,4968264.0,1.326,51.82,1070849.46,High,312
CUST-002372,"Johnson, Brown and Jordan",Enterprise,Banking,Active,True,2553217.74,65.0,9,66.67,0.0,45.96,3.83,321549529.0,4456172.0,1.3858,41.94,1070777.47,Medium,313
CUST-000894,Bishop and Sons,Enterprise,Banking,Active,True,3759493.12,35.0,6,66.67,16.67,43.69,3.92,580434127.0,7639583.0,1.3162,28.47,1070166.11,Medium,314
CUST-000971,Hernandez-Dawson,Enterprise,Education,Active,False,3029848.36,30.0,8,12.5,0.0,42.07,2.77,651948430.0,8815758.0,1.3522,35.2,1066640.97,Medium,315
CUST-001835,Jackson-Neal,Enterprise,Banking,Active,True,3184440.88,35.0,6,50.0,33.33,37.29,3.55,587089069.0,7719747.0,1.3149,33.46,1065614.92,Medium,316
CUST-000907,Cruz-Allen,Enterprise,Technology,Active,False,2803054.46,65.0,7,85.71,0.0,24.82,4.21,530129313.0,6617891.0,1.2484,37.85,1061064.06,Medium,317
CUST-001036,Kramer-Lane,Enterprise,Banking,Active,False,2854293.27,55.0,7,71.43,14.29,26.98,4.15,522971568.0,6331990.0,1.2108,37.06,1057926.67,Medium,318
CUST-000989,Mendez PLC,Enterprise,Manufacturing,Active,True,2712835.02,30.0,9,11.11,33.33,65.6,2.59,604817836.0,7889518.0,1.3044,38.72,1050409.77,Medium,319
CUST-000777,Taylor Inc,Enterprise,Education,Active,True,3326940.41,35.0,7,42.86,0.0,46.77,3.52,601600370.0,7851123.0,1.305,31.54,1049272.11,Medium,320
CUST-001191,Marsh-Banks,Enterprise,Telecommunications,Active,False,2062643.95,65.0,9,22.22,0.0,49.96,2.83,527809093.0,7252609.0,1.3741,50.8,1047900.47,High,321
CUST-001083,Powell-Montgomery,Enterprise,Professional Services,Active,True,2281191.65,55.0,7,28.57,14.29,26.59,3.08,380565899.0,4804975.0,1.2626,45.74,1043404.73,Medium,322
CUST-000598,Thornton PLC,Enterprise,Energy,Active,True,2524410.33,55.0,9,55.56,22.22,50.44,3.77,536036319.0,7020895.0,1.3098,41.23,1040831.31,Medium,323
CUST-002384,Martinez and Sons,Enterprise,Insurance,Active,True,3322359.55,35.0,16,56.25,25.0,43.19,3.49,555655338.0,6996241.0,1.2591,31.27,1038841.85,Medium,324
CUST-000779,Alexander-Jordan,Enterprise,Banking,Active,True,2993717.91,35.0,5,40.0,20.0,47.17,3.05,675868305.0,9495381.0,1.4049,34.31,1027139.58,Medium,325
CUST-000045,"Arroyo, Miller and Tucker",Enterprise,Healthcare,Active,True,2812819.34,35.0,8,25.0,12.5,30.01,3.12,474667011.0,6101396.0,1.2854,36.32,1021638.8,Medium,326
CUST-001674,"Williams, Hughes and Hubbard",Enterprise,Retail,Active,False,2711136.33,35.0,4,25.0,25.0,42.29,2.71,534520091.0,7065744.0,1.3219,37.64,1020573.96,Medium,327
CUST-000363,"Hernandez, Martinez and Weber",Enterprise,Energy,Active,False,2201977.01,65.0,9,55.56,22.22,40.55,4.1,372595020.0,4657338.0,1.25,46.11,1015354.89,Medium,328
CUST-001257,"Stevenson, Hancock and Newton",Enterprise,Professional Services,Active,False,3271681.71,30.0,6,50.0,33.33,20.98,3.06,515916387.0,6735582.0,1.3056,30.94,1012403.82,Medium,329
CUST-000874,Williams Ltd,Enterprise,Transportation,Active,True,1830545.88,65.0,8,12.5,25.0,73.67,2.73,323397641.0,4303551.0,1.3307,55.16,1009755.85,High,330
CUST-002026,"Martinez, Green and Lopez",Enterprise,Transportation,Active,True,2884979.75,35.0,6,33.33,16.67,65.85,3.17,670627888.0,8065442.0,1.2027,34.91,1007012.0,Medium,331
CUST-001740,Larson LLC,Enterprise,Insurance,Active,False,2406814.31,35.0,6,0.0,16.67,37.45,3.12,535883831.0,7058709.0,1.3172,41.8,1006074.48,Medium,332
CUST-000070,Hancock Inc,Enterprise,Education,Active,True,2993995.91,35.0,3,33.33,0.0,66.37,3.17,502882835.0,6677307.0,1.3278,33.49,1002657.64,Medium,333
CUST-001750,Short PLC,Enterprise,Retail,Active,True,2580458.9,30.0,11,9.09,27.27,42.82,2.81,365553314.0,5197570.0,1.4218,38.75,999999.14,Medium,334
CUST-000394,"Miller, Ramos and Coleman",Enterprise,Media,Active,True,2508233.09,35.0,4,0.0,0.0,49.34,2.8,453450424.0,5268116.0,1.1618,39.82,998867.93,Medium,335
CUST-002074,"Mayer, Palmer and Miranda",Enterprise,Insurance,Active,True,3061343.62,30.0,8,25.0,0.0,63.63,3.16,756006482.0,9675435.0,1.2798,32.56,996761.76,Medium,336
CUST-000703,Burgess Group,Enterprise,Professional Services,Active,False,1942957.16,65.0,13,30.77,23.08,55.82,3.1,413517678.0,5467602.0,1.3222,51.3,996703.62,High,337
CUST-000195,"Hernandez, Thompson and Boyd",Enterprise,Insurance,Active,True,2322240.74,65.0,5,60.0,0.0,47.84,4.16,393800974.0,4652711.0,1.1815,42.86,995381.49,Medium,338
CUST-000688,"Shelton, Peters and Williams",Enterprise,Retail,Active,True,1997722.63,65.0,11,27.27,0.0,42.56,3.14,355143026.0,4928770.0,1.3878,49.82,995287.55,Medium,339
CUST-001040,Barron and Sons,Enterprise,Media,Active,False,1916141.99,65.0,8,25.0,12.5,46.08,2.72,443804578.0,6294743.0,1.4184,51.59,988474.77,High,340
CUST-002363,Moyer-Whitaker,Enterprise,Healthcare,Active,False,1962690.9,65.0,4,25.0,0.0,36.34,3.14,495149494.0,6696032.0,1.3523,50.2,985362.11,High,341
CUST-000891,Taylor-Ayala,Enterprise,Education,Active,True,2760350.08,35.0,13,23.08,0.0,43.75,3.33,510646374.0,6542214.0,1.2812,35.45,978459.69,Medium,342
CUST-000929,Nelson-Brown,Enterprise,Insurance,Active,True,2711825.93,30.0,7,28.57,42.86,42.02,3.49,508435424.0,5569067.0,1.0953,35.76,969805.82,Medium,343
CUST-001598,"Cunningham, Murphy and Wolfe",Enterprise,Education,Active,True,1914838.95,65.0,4,25.0,0.0,39.51,2.83,491098377.0,6656125.0,1.3554,50.21,961454.22,High,344
CUST-000915,"Wang, Henderson and Morales",Enterprise,Retail,Active,True,3587137.96,30.0,9,55.56,0.0,32.27,3.81,630063462.0,7852649.0,1.2463,26.38,946342.32,Medium,345
CUST-001062,Randall PLC,Enterprise,Professional Services,Active,True,2038882.27,55.0,10,20.0,0.0,41.1,3.2,366034550.0,5081363.0,1.3882,46.28,943522.11,Medium,346
CUST-002313,Davis-Henderson,Enterprise,Professional Services,Active,False,2662987.76,30.0,8,25.0,25.0,44.06,3.49,572204192.0,8376921.0,1.464,35.43,943441.92,Medium,347
CUST-001877,"Pratt, Lopez and Rodriguez",Enterprise,Transportation,Active,False,2549605.13,35.0,6,16.67,0.0,42.91,2.99,584483025.0,7642348.0,1.3075,36.78,937789.29,Medium,348
CUST-001335,"Kennedy, Rowe and Diaz",Enterprise,Education,Active,False,2237344.27,55.0,9,44.44,11.11,20.81,3.47,397453630.0,4104002.0,1.0326,41.79,934927.32,Medium,349
CUST-000492,Anderson-Bell,Enterprise,Media,Active,True,2811469.63,30.0,5,40.0,40.0,78.2,3.57,497211316.0,5591222.0,1.1245,33.25,934786.45,Medium,350
CUST-002393,Carrillo Ltd,Enterprise,Insurance,Active,False,2271392.47,65.0,5,80.0,20.0,18.0,4.38,542129014.0,6873867.0,1.2679,41.04,932085.86,Medium,351
CUST-001860,"Blanchard, Davis and Schmidt",Enterprise,Banking,Active,True,2637765.79,35.0,11,27.27,9.09,52.64,3.21,527404073.0,6245638.0,1.1842,35.32,931737.76,Medium,352
CUST-000821,Ray PLC,Enterprise,Media,Active,False,2547823.92,30.0,8,12.5,12.5,55.23,2.86,414230460.0,5751718.0,1.3885,36.53,930645.22,Medium,353
CUST-001368,Burke-Norton,Enterprise,Insurance,Active,False,2708404.4,35.0,9,33.33,11.11,44.37,3.58,605683652.0,7276878.0,1.2014,34.35,930264.02,Medium,354
CUST-002253,Reynolds and Sons,Enterprise,Healthcare,Active,True,2543604.15,30.0,9,11.11,11.11,55.58,3.2,387054906.0,4940131.0,1.2763,36.44,926929.19,Medium,355
CUST-001741,"Hodge, Mckinney and Nelson",Enterprise,Telecommunications,Active,True,1904794.42,65.0,12,41.67,16.67,41.98,3.35,503937665.0,6942313.0,1.3776,48.59,925512.18,Medium,356
CUST-000640,Boyle-Smith,Enterprise,Healthcare,Active,True,2638721.29,30.0,12,16.67,8.33,33.77,3.07,455500346.0,5594736.0,1.2283,34.96,922405.22,Medium,357
CUST-001344,Brown LLC,Enterprise,Technology,Active,True,2597227.04,35.0,11,27.27,9.09,59.89,3.22,408053387.0,5096812.0,1.2491,35.45,920785.96,Medium,358
CUST-000120,"Rivera, Johnson and Wiley",Enterprise,Healthcare,Active,True,2032551.7,65.0,12,50.0,0.0,42.57,3.52,656555466.0,8675842.0,1.3214,45.14,917551.48,Medium,359
CUST-000024,Morales-Jones,Enterprise,Transportation,Active,False,3226609.34,30.0,12,50.0,8.33,39.89,3.75,712906544.0,9012612.0,1.2642,28.36,915122.77,Medium,360
CUST-000697,Boone-Davis,Enterprise,Education,Active,False,3120219.21,30.0,11,54.55,27.27,45.97,3.53,498235297.0,6229475.0,1.2503,29.32,914810.75,Medium,361
CUST-000945,Wood LLC,Enterprise,Media,Active,False,2793132.94,30.0,8,37.5,25.0,40.86,3.53,575846698.0,7919842.0,1.3753,32.75,914769.95,Medium,362
CUST-000654,"Leach, Harris and Herrera",Enterprise,Transportation,Active,True,1569950.8,65.0,9,0.0,22.22,50.7,2.74,314661627.0,4446435.0,1.4131,57.55,903481.43,High,363
CUST-000375,"Hoffman, Santiago and Jenkins",Enterprise,Healthcare,Active,True,1721301.74,65.0,8,12.5,0.0,59.66,2.34,430609662.0,5346180.0,1.2415,52.48,903392.08,High,364
CUST-002408,"Campbell, Davis and Arnold",Enterprise,Energy,Active,False,3368679.63,30.0,9,55.56,0.0,54.56,3.67,505890665.0,7177940.0,1.4189,26.73,900334.62,Medium,365
CUST-000956,Morse PLC,Enterprise,Banking,Active,True,2842511.97,35.0,11,45.45,9.09,58.86,3.31,523095944.0,6119526.0,1.1699,31.66,899880.04,Medium,366
CUST-000985,Underwood-Foster,Enterprise,Telecommunications,Active,False,1790094.22,65.0,12,41.67,33.33,34.63,3.4,276322718.0,3791662.0,1.3722,50.24,899421.6,High,367
CUST-001768,"Soto, Vaughn and Griffin",Enterprise,Energy,Active,True,2190507.98,65.0,5,80.0,20.0,30.47,4.47,313514887.0,3883691.0,1.2388,40.98,897615.76,Medium,368
CUST-001781,"Robles, Nguyen and Banks",Enterprise,Professional Services,Active,False,1885431.7,65.0,8,37.5,0.0,70.39,3.64,393483104.0,5083834.0,1.292,47.58,897164.13,Medium,369
CUST-000055,Jones Inc,Enterprise,Technology,Active,True,2520985.58,30.0,14,21.43,21.43,62.22,2.98,497882721.0,6724179.0,1.3506,35.56,896418.42,Medium,370
CUST-000187,Sanders-Espinoza,Enterprise,Professional Services,Active,True,1905543.48,55.0,9,22.22,11.11,62.69,3.37,387733801.0,5453392.0,1.4065,46.98,895217.15,Medium,371
CUST-001869,Davis-Garcia,Enterprise,Banking,Active,False,2388430.99,35.0,7,28.57,28.57,61.13,3.33,655653355.0,8578745.0,1.3084,37.26,889922.48,Medium,372
CUST-000585,"Patel, Erickson and Evans",Enterprise,Professional Services,Active,True,1615169.67,65.0,5,0.0,0.0,41.45,2.81,272707043.0,3401048.0,1.2471,54.99,888251.04,High,373
CUST-000751,"Rivera, Campos and Taylor",Enterprise,Healthcare,Active,False,2490244.69,30.0,5,20.0,20.0,66.47,2.89,443570974.0,5860918.0,1.3213,35.64,887588.12,Medium,374
CUST-002467,"Jackson, Mendez and Nguyen",Enterprise,Media,Active,True,2604282.14,30.0,9,22.22,11.11,37.36,3.04,482462666.0,5707415.0,1.183,34.03,886305.38,Medium,375
CUST-000196,"Nelson, Morton and Medina",Enterprise,Insurance,Active,True,1854939.55,55.0,7,14.29,0.0,63.67,2.69,335730458.0,5018489.0,1.4948,47.63,883553.18,Medium,376
CUST-001661,Joseph-Brooks,Enterprise,Professional Services,Active,True,1753902.17,65.0,6,33.33,16.67,32.76,3.19,288076558.0,4134039.0,1.435,50.37,883442.23,High,377
CUST-001427,Wright-Davis,Enterprise,Media,Active,True,2726050.03,35.0,8,50.0,25.0,53.2,3.25,555811844.0,6656335.0,1.1976,32.4,883108.7,Medium,378
CUST-000146,Stafford Inc,Enterprise,Professional Services,Active,False,2704180.12,30.0,6,33.33,16.67,56.33,2.94,596364790.0,7532175.0,1.263,32.53,879562.42,Medium,379
CUST-001639,Zamora-Briggs,Enterprise,Retail,Active,False,2621513.59,35.0,9,33.33,0.0,65.18,3.11,483657944.0,6366115.0,1.3162,33.47,877311.01,Medium,380
CUST-001340,"Martin, Palmer and Griffin",Enterprise,Education,Active,False,2420038.86,35.0,13,30.77,23.08,38.65,3.5,476128156.0,6147610.0,1.2912,36.24,876929.64,Medium,381
CUST-002027,"Mann, Wade and Spence",Enterprise,Manufacturing,Active,False,2359873.95,35.0,6,16.67,0.0,63.71,3.03,403113851.0,5693723.0,1.4124,36.99,872953.66,Medium,382
CUST-002221,Fowler-Haynes,Enterprise,Professional Services,Active,True,1836008.72,65.0,10,50.0,20.0,45.7,3.53,372390298.0,5265232.0,1.4139,47.33,868942.59,Medium,383
CUST-000191,Reed Group,Enterprise,Retail,Active,True,2411931.75,35.0,7,28.57,14.29,59.79,3.44,537546660.0,7449897.0,1.3859,35.99,867960.17,Medium,384
CUST-000488,Williams-Hughes,Enterprise,Insurance,Active,True,1684876.65,65.0,13,23.08,7.69,67.07,3.23,288065190.0,3652278.0,1.2679,51.19,862481.22,High,385
CUST-000555,Evans-Jones,Enterprise,Education,Active,True,2035843.14,55.0,5,40.0,0.0,17.04,3.17,453249195.0,6405455.0,1.4132,42.33,861700.34,Medium,386
CUST-000780,"Mccann, Taylor and Flores",Enterprise,Manufacturing,Active,False,2002573.45,65.0,5,60.0,0.0,39.16,3.79,444883110.0,5259625.0,1.1822,42.86,858393.05,Medium,387
CUST-001217,"Walsh, Wu and Hart",Enterprise,Insurance,Active,False,3016440.4,35.0,6,66.67,16.67,45.17,4.15,765577008.0,9767226.0,1.2758,28.38,856214.55,Medium,388
CUST-001552,"Brown, Coffey and Fuentes",Enterprise,Insurance,Active,True,2860060.95,30.0,8,37.5,0.0,26.03,3.45,638154720.0,7754551.0,1.2152,29.93,856024.95,Medium,389
CUST-002260,Mccann-Sanders,Enterprise,Manufacturing,Active,False,2945184.59,30.0,7,42.86,0.0,43.55,3.4,492162895.0,6463562.0,1.3133,29.06,855728.27,Medium,390
CUST-000049,Hickman Ltd,Enterprise,Retail,Active,False,2555936.63,35.0,9,44.44,22.22,48.23,3.72,470101422.0,6018635.0,1.2803,33.39,853526.97,Medium,391
CUST-002472,"Willis, Vasquez and Goodwin",Enterprise,Energy,Active,False,1700339.38,65.0,4,25.0,0.0,62.07,3.1,259114058.0,3267040.0,1.2609,50.02,850538.67,High,392
CUST-000397,Gregory-Watkins,Enterprise,Telecommunications,Active,False,2990434.39,30.0,13,46.15,0.0,51.4,3.51,545443101.0,7152089.0,1.3112,28.39,849035.71,Medium,393
CUST-001854,Jackson Group,Enterprise,Manufacturing,Active,True,1634271.17,65.0,7,14.29,0.0,56.62,2.61,201735870.0,2320913.0,1.1505,51.94,848902.54,High,394
CUST-000066,Morton-Chase,Enterprise,Technology,Active,True,2861555.63,30.0,9,44.44,11.11,51.28,3.47,490300629.0,5966884.0,1.217,29.66,848628.43,Medium,395
CUST-001161,Clark Inc,Enterprise,Transportation,Active,False,2126514.72,30.0,5,0.0,20.0,57.77,2.47,450148741.0,6527318.0,1.45,39.9,848480.9,Medium,396
CUST-000226,Hernandez PLC,Enterprise,Energy,Active,True,4183980.82,35.0,2,100.0,0.0,19.48,4.36,782823454.0,10859142.0,1.3872,20.27,848275.03,Low,397
CUST-000861,"Morris, Wright and Bridges",Enterprise,Manufacturing,Active,True,2157675.19,30.0,7,14.29,42.86,48.14,2.56,409142321.0,5818848.0,1.4222,39.27,847383.43,Medium,398
CUST-001188,"Adams, Quinn and Watson",Enterprise,Manufacturing,Active,False,2238150.23,30.0,10,10.0,20.0,56.95,2.63,396759321.0,5269278.0,1.3281,37.66,842801.4,Medium,399
CUST-000082,Sandoval-Cunningham,Enterprise,Healthcare,Active,True,2177787.13,30.0,12,8.33,25.0,64.4,2.71,482928530.0,6835598.0,1.4154,38.66,842024.57,Medium,400
CUST-000216,"Carlson, Hooper and Wall",Enterprise,Banking,Active,False,1733541.81,65.0,7,42.86,14.29,44.09,3.13,390120990.0,5279750.0,1.3534,48.06,833207.23,Medium,401
CUST-000586,Richardson Ltd,Enterprise,Education,Active,False,3242874.07,30.0,5,60.0,0.0,72.43,3.65,533839698.0,7160447.0,1.3413,25.68,832855.05,Medium,402
CUST-000209,Holt-Torres,Enterprise,Retail,Active,True,2682696.11,30.0,9,44.44,22.22,49.61,3.41,592944800.0,7392448.0,1.2467,30.83,826989.43,Medium,403
CUST-000087,"Ferrell, Jones and Lewis",Enterprise,Telecommunications,Active,False,2529800.07,30.0,10,30.0,10.0,50.41,3.0,530242762.0,6866426.0,1.295,32.59,824459.76,Medium,404
CUST-002047,Hughes-Smith,Enterprise,Energy,Active,True,3001238.91,30.0,7,57.14,14.29,63.91,3.61,598289286.0,7161882.0,1.1971,27.39,822162.99,Medium,405
CUST-000823,Wilson-Lambert,Enterprise,Transportation,Active,True,2492627.46,30.0,7,28.57,14.29,63.38,3.53,461769077.0,5078311.0,1.0998,32.91,820418.12,Medium,406
CUST-000343,Lopez-Martinez,Enterprise,Professional Services,Active,False,3347759.42,20.0,5,40.0,0.0,21.12,3.44,583232944.0,7127050.0,1.222,24.44,818325.66,Low,407
CUST-000912,Matthews Inc,Enterprise,Energy,Active,True,1550382.66,65.0,7,28.57,28.57,46.48,3.08,319380012.0,4352446.0,1.3628,52.37,811910.85,High,408
CUST-001995,Castro and Sons,Enterprise,Professional Services,Active,False,2119947.66,65.0,6,83.33,0.0,27.88,3.89,526753269.0,6224029.0,1.1816,38.2,809745.81,Medium,409
CUST-000378,Bell-Lane,Enterprise,Telecommunications,Active,True,2433176.36,30.0,7,42.86,42.86,51.01,3.54,433636763.0,5343184.0,1.2322,33.18,807294.95,Medium,410
CUST-001429,Woods LLC,Enterprise,Banking,Active,False,2545912.32,35.0,13,53.85,23.08,40.66,3.54,443939468.0,5889527.0,1.3267,31.69,806844.51,Medium,411
CUST-001207,Christian-Booth,Enterprise,Telecommunications,Active,False,2208304.93,30.0,8,12.5,12.5,54.68,2.87,502248089.0,6782202.0,1.3504,36.45,804943.44,Medium,412
CUST-002397,Orr Inc,Enterprise,Media,Active,False,1670075.61,65.0,11,45.45,18.18,65.19,3.31,306540171.0,4255300.0,1.3882,48.0,801696.64,Medium,413
CUST-000200,Christensen PLC,Enterprise,Energy,Active,False,2304665.41,30.0,7,14.29,0.0,67.42,3.21,551217506.0,7232526.0,1.3121,34.77,801264.35,Medium,414
CUST-000715,"Pena, Cohen and Scott",Enterprise,Energy,Active,False,2606190.5,30.0,6,33.33,0.0,65.28,3.12,434130599.0,5006428.0,1.1532,30.64,798530.23,Medium,415
CUST-000230,Kerr-Evans,Enterprise,Manufacturing,Active,False,2275304.65,30.0,12,25.0,25.0,52.85,2.84,437890551.0,5526906.0,1.2622,35.02,796910.26,Medium,416
CUST-000075,Novak PLC,Enterprise,Telecommunications,Active,True,1435382.61,65.0,9,11.11,22.22,68.13,2.78,339024161.0,4930149.0,1.4542,55.41,795323.04,High,417
CUST-000145,Hernandez Ltd,Enterprise,Education,Active,True,2097566.71,30.0,8,12.5,25.0,87.54,2.67,346345804.0,4517702.0,1.3044,37.61,788869.27,Medium,418
CUST-000745,Lam-Elliott,Enterprise,Transportation,Active,True,1557244.98,65.0,7,28.57,14.29,61.08,2.98,257106780.0,3109393.0,1.2094,50.63,788480.5,High,419
CUST-000587,Whitney PLC,Enterprise,Insurance,Active,True,1592325.56,65.0,10,30.0,0.0,66.87,3.27,401298275.0,5371583.0,1.3386,49.18,783059.57,Medium,420
CUST-000068,Novak and Sons,Enterprise,Healthcare,Active,True,1514590.96,65.0,6,33.33,33.33,43.86,3.36,377775888.0,4768071.0,1.2621,51.69,782906.49,High,421
CUST-001357,"Campbell, Hernandez and Moore",Enterprise,Telecommunications,Active,True,2472407.08,30.0,12,33.33,8.33,52.49,3.04,528039904.0,6587014.0,1.2474,31.66,782802.63,Medium,422
CUST-001088,Ramirez-Vasquez,Enterprise,Banking,Active,False,3027891.43,35.0,7,71.43,0.0,30.31,4.21,647487995.0,8126314.0,1.2551,25.72,778906.62,Medium,423
CUST-000069,Russell Group,Enterprise,Media,Active,False,2117646.24,30.0,11,18.18,27.27,46.72,2.82,321149325.0,4213041.0,1.3119,36.71,777486.11,Medium,424
CUST-001372,Cruz-Rodriguez,Enterprise,Transportation,Active,True,2514939.96,30.0,6,50.0,33.33,39.82,3.79,368420241.0,4677960.0,1.2697,30.87,776432.46,Medium,425
CUST-000426,"Brown, Romero and Collins",Enterprise,Healthcare,Active,False,2121190.66,35.0,3,33.33,33.33,66.24,3.31,519225098.0,6271748.0,1.2079,36.58,775984.1,Medium,426
CUST-001817,English-Dominguez,Enterprise,Manufacturing,Active,False,1652966.54,65.0,15,46.67,6.67,28.82,3.65,414697570.0,6045410.0,1.4578,46.75,772743.82,Medium,427
CUST-002030,Sullivan Group,Enterprise,Banking,Active,False,1603521.96,55.0,14,21.43,21.43,61.35,3.03,319727177.0,4183074.0,1.3083,47.97,769270.34,Medium,428
CUST-000680,"Powers, Brennan and Sanchez",Enterprise,Energy,Active,False,2210910.41,35.0,7,42.86,28.57,45.29,3.48,504878192.0,7190197.0,1.4241,34.63,765726.8,Medium,429
CUST-000847,"Alexander, Robinson and Coleman",Enterprise,Transportation,Active,False,1880808.92,30.0,3,0.0,33.33,73.87,2.73,286305054.0,3349297.0,1.1698,40.67,764981.48,Medium,430
CUST-001392,"Olson, Wood and Peters",Enterprise,Telecommunications,Active,False,2113991.88,30.0,10,20.0,20.0,46.57,2.97,467190808.0,6575709.0,1.4075,35.81,757126.18,Medium,431
CUST-002419,"Armstrong, Taylor and Gray",Enterprise,Technology,Active,True,2330458.52,35.0,9,44.44,11.11,65.68,3.49,580974331.0,7944727.0,1.3675,32.46,756401.32,Medium,432
CUST-001210,Hunter PLC,Enterprise,Technology,Active,False,1868169.7,35.0,11,18.18,36.36,58.7,3.03,362287338.0,5149606.0,1.4214,40.34,753672.52,Medium,433
CUST-001248,"Butler, Adkins and Skinner",Enterprise,Technology,Active,False,1477895.13,65.0,13,23.08,7.69,61.41,3.05,480808867.0,5572833.0,1.1591,50.97,753312.02,High,434
CUST-001612,Bailey-Flores,Enterprise,Telecommunications,Active,True,2273128.99,35.0,7,57.14,42.86,34.29,3.82,461176219.0,6365352.0,1.3802,33.12,752806.42,Medium,435
CUST-000561,"Rodriguez, Allen and Martinez",Enterprise,Energy,Active,True,2535963.79,30.0,5,60.0,40.0,34.97,3.57,350612227.0,4644668.0,1.3247,29.65,751899.61,Medium,436
CUST-001452,Ramirez-White,Enterprise,Healthcare,Active,True,2483915.04,35.0,5,60.0,20.0,53.08,3.63,482844936.0,6584319.0,1.3637,30.23,750820.49,Medium,437
CUST-002151,"Brown, Baker and Garza",Enterprise,Insurance,Active,False,1827337.16,55.0,10,50.0,10.0,22.69,3.54,434144529.0,5536041.0,1.2752,41.05,750127.78,Medium,438
CUST-000287,"Booker, Jones and Harrington",Enterprise,Technology,Active,False,1713492.87,65.0,6,66.67,16.67,43.12,3.72,262843462.0,3266648.0,1.2428,43.32,742267.22,Medium,439
CUST-001432,Porter and Sons,Enterprise,Technology,Active,False,1958937.42,35.0,8,25.0,25.0,63.42,2.91,367485167.0,4969811.0,1.3524,37.7,738612.81,Medium,440
CUST-001605,Ayala-Anderson,Enterprise,Transportation,Active,True,2367391.52,30.0,11,36.36,9.09,46.19,3.51,368291980.0,4644500.0,1.2611,31.16,737644.81,Medium,441
CUST-002032,Smith Ltd,Enterprise,Energy,Active,True,1574862.83,35.0,3,0.0,66.67,60.59,2.71,305146758.0,3612861.0,1.184,46.53,732856.38,Medium,442
CUST-000538,"Jones, Compton and Day",Enterprise,Manufacturing,Active,False,1424832.09,65.0,11,18.18,0.0,46.8,3.25,299945576.0,3599260.0,1.2,51.26,730419.92,High,443
CUST-000698,"Calderon, Williams and Bennett",Enterprise,Healthcare,Active,True,2117830.96,30.0,7,28.57,28.57,63.71,3.35,399738871.0,4653831.0,1.1642,34.47,730043.71,Medium,444
CUST-001278,Rivera-Carter,Enterprise,Insurance,Active,False,2754881.46,20.0,8,37.5,12.5,39.52,3.59,578094853.0,7668010.0,1.3264,26.4,727367.37,Medium,445
CUST-000650,Todd-Pham,Enterprise,Banking,Active,False,2244990.04,35.0,9,55.56,33.33,40.46,3.71,480829083.0,6421660.0,1.3355,32.39,727226.36,Medium,446
CUST-000051,"Brooks, Lam and Hayes",Enterprise,Retail,Active,False,1428010.77,65.0,12,25.0,8.33,35.84,3.29,272777764.0,3072909.0,1.1265,50.59,722378.99,High,447
CUST-001679,Gallegos-Hayes,Enterprise,Education,Active,False,1501647.31,55.0,6,33.33,50.0,62.2,3.38,305815769.0,3465623.0,1.1332,48.1,722289.52,Medium,448
CUST-002438,Bowers Group,Enterprise,Technology,Active,False,2400595.46,35.0,4,50.0,0.0,39.66,3.39,441310870.0,5596269.0,1.2681,30.04,721047.72,Medium,449
CUST-002263,Hawkins Inc,Enterprise,Healthcare,Active,True,2122495.11,30.0,8,25.0,12.5,55.04,3.12,244633914.0,3262112.0,1.3335,33.92,719885.26,Medium,450
CUST-001583,Smith-Joyce,Enterprise,Banking,Active,True,2501111.37,30.0,10,60.0,30.0,35.73,3.75,484571836.0,6392197.0,1.3191,28.64,716275.44,Medium,451
CUST-001346,"Velez, Ward and Harrison",Enterprise,Telecommunications,Active,True,1936193.8,35.0,9,22.22,11.11,42.6,3.12,295725269.0,3947832.0,1.335,36.84,713227.94,Medium,452
CUST-000348,Willis and Sons,Enterprise,Banking,Active,True,1750150.3,55.0,5,60.0,20.0,49.55,3.57,461746600.0,5955908.0,1.2899,40.08,701455.52,Medium,453
CUST-002037,Mccullough-Taylor,Enterprise,Professional Services,Active,False,1549172.5,65.0,11,54.55,9.09,43.51,3.64,296860095.0,3595046.0,1.211,44.92,695920.0,Medium,454
CUST-000115,Torres-Pope,Enterprise,Education,Active,True,1919257.15,30.0,7,14.29,14.29,66.62,3.12,323587642.0,4244744.0,1.3118,36.19,694674.74,Medium,455
CUST-000747,Ali PLC,Enterprise,Energy,Active,True,2136650.46,30.0,8,37.5,25.0,41.32,3.12,445996152.0,5602128.0,1.2561,32.51,694671.79,Medium,456
CUST-000111,Patton-Jenkins,Enterprise,Manufacturing,Active,False,1785452.24,30.0,15,6.67,26.67,69.69,3.0,377295569.0,4593400.0,1.2175,38.77,692188.43,Medium,457
CUST-000022,"Watts, Robinson and Nguyen",Enterprise,Insurance,Active,True,1775971.28,30.0,9,11.11,33.33,64.05,2.63,378407589.0,5380816.0,1.422,38.96,691830.27,Medium,458
CUST-002137,Reyes Ltd,Enterprise,Technology,Active,False,2009287.06,30.0,6,33.33,33.33,38.1,2.66,401421090.0,5460658.0,1.3603,34.39,690940.17,Medium,459
CUST-002300,"Meadows, Robles and Anderson",Enterprise,Professional Services,Active,False,1105210.51,65.0,3,0.0,66.67,50.77,2.27,239438059.0,3852555.0,1.609,62.38,689481.86,High,460
CUST-001233,Tran Group,Enterprise,Telecommunications,Active,True,2112596.48,30.0,8,37.5,25.0,49.51,3.4,317305611.0,4176949.0,1.3164,32.63,689398.56,Medium,461
CUST-002025,Williams LLC,Enterprise,Healthcare,Active,True,1402846.1,65.0,5,40.0,20.0,59.72,3.3,243138952.0,3171770.0,1.3045,49.11,688923.95,Medium,462
CUST-002197,Clarke-Ramirez,Enterprise,Healthcare,Active,False,1278926.25,65.0,11,9.09,0.0,52.4,2.99,236373067.0,3546074.0,1.5002,53.68,686556.04,High,463
CUST-001890,Jones Ltd,Enterprise,Technology,Active,False,1237429.19,65.0,4,0.0,0.0,43.42,3.08,299738236.0,3904579.0,1.3027,55.11,681889.39,High,464
CUST-001702,Brown LLC,Enterprise,Transportation,Active,False,1736357.13,30.0,6,16.67,50.0,23.91,3.14,372085651.0,4666361.0,1.2541,39.17,680215.92,Medium,465
CUST-000351,Fernandez and Sons,Enterprise,Technology,Active,True,1306233.29,65.0,12,25.0,16.67,40.68,3.19,242355456.0,3389701.0,1.3986,51.96,678770.59,High,466
CUST-001081,Humphrey-Baker,Enterprise,Insurance,Active,False,1459340.22,65.0,10,50.0,10.0,50.78,3.53,265645107.0,3704204.0,1.3944,46.29,675511.61,Medium,467
CUST-000448,Bean LLC,Enterprise,Banking,Active,True,1954569.04,35.0,7,42.86,28.57,47.12,3.64,398544440.0,5389839.0,1.3524,34.49,674140.17,Medium,468
CUST-001761,"Castro, Garcia and Daniels",Enterprise,Retail,Active,False,2151594.91,30.0,10,40.0,20.0,48.41,3.6,440723150.0,5079886.0,1.1526,31.31,673562.17,Medium,469
CUST-000684,"Flores, Harper and Chambers",Enterprise,Energy,Active,True,2168714.84,30.0,9,44.44,22.22,52.21,3.25,415002861.0,5324494.0,1.283,30.9,670118.5,Medium,470
CUST-000824,Rose-Fowler,Enterprise,Banking,Active,False,2239693.2,30.0,10,50.0,20.0,34.41,3.66,533198750.0,7489531.0,1.4046,29.81,667636.48,Medium,471
CUST-000695,Price LLC,Enterprise,Healthcare,Active,True,1345965.9,65.0,7,28.57,0.0,43.44,3.39,367722544.0,5018209.0,1.3647,49.52,666455.82,Medium,472
CUST-002370,Howard LLC,Enterprise,Insurance,Active,False,1901525.2,35.0,6,33.33,16.67,50.8,3.07,480276958.0,6103531.0,1.2708,35.04,666326.21,Medium,473
CUST-001381,Bell-Ballard,Enterprise,Healthcare,Active,False,1252024.21,65.0,5,20.0,20.0,42.43,3.15,371195580.0,4786264.0,1.2894,53.08,664559.89,High,474
CUST-001581,Smith-Johnson,Enterprise,Energy,Active,True,1479749.19,35.0,9,0.0,44.44,33.98,2.28,461193376.0,6243839.0,1.3538,44.65,660739.57,Medium,475
CUST-002366,"Curry, Estrada and Anderson",Enterprise,Media,Active,False,2263944.67,30.0,7,42.86,0.0,40.49,3.51,569912287.0,7799526.0,1.3685,29.17,660294.6,Medium,476
CUST-002500,"Johnson, Collier and Powers",Enterprise,Manufacturing,Active,True,1980014.02,30.0,14,28.57,14.29,47.7,3.25,458568971.0,5848843.0,1.2755,33.27,658655.56,Medium,477
CUST-001012,"Robinson, Fox and Smith",Enterprise,Manufacturing,Active,True,1999753.79,30.0,4,25.0,0.0,40.51,2.93,455296548.0,6590227.0,1.4475,32.89,657817.34,Medium,478
CUST-001197,"Mcpherson, Anderson and Knapp",Enterprise,Banking,Active,True,1534385.52,35.0,7,0.0,28.57,45.59,2.68,458413886.0,5700107.0,1.2434,42.84,657392.52,Medium,479
CUST-001082,"Washington, Lynch and Johnson",Enterprise,Energy,Active,False,1849877.71,30.0,11,18.18,18.18,48.9,2.94,441168819.0,5037970.0,1.142,35.47,656072.77,Medium,480
CUST-000757,Kelly Group,Enterprise,Education,Active,False,1561171.35,30.0,7,0.0,42.86,57.61,2.87,487942875.0,6679351.0,1.3689,42.02,656058.43,Medium,481
CUST-001824,Good PLC,Enterprise,Healthcare,Active,True,1502815.13,65.0,5,60.0,0.0,27.69,3.64,301510258.0,4286926.0,1.4218,43.34,651374.71,Medium,482
CUST-001663,Perez Group,Enterprise,Energy,Active,False,1785604.58,30.0,8,12.5,12.5,59.51,2.83,431657779.0,5815880.0,1.3473,36.44,650757.73,Medium,483
CUST-000793,Ewing-Mendoza,Enterprise,Transportation,Active,True,1942286.22,30.0,7,28.57,14.29,41.82,2.9,372470938.0,4944772.0,1.3276,33.37,648129.34,Medium,484
CUST-002399,Barnes-Blackwell,Enterprise,Banking,Active,False,2079003.88,30.0,12,41.67,16.67,42.69,3.44,473130021.0,6371225.0,1.3466,31.03,645043.33,Medium,485
CUST-000445,"Conner, Li and Santiago",Enterprise,Retail,Active,True,1355990.97,65.0,9,55.56,33.33,33.17,3.62,257882527.0,3124324.0,1.2115,47.15,639285.77,Medium,486
CUST-002241,Richardson-Long,Enterprise,Professional Services,Active,False,1395215.82,55.0,9,22.22,0.0,48.38,3.03,217020601.0,2974853.0,1.3708,45.8,638968.32,Medium,487
CUST-001518,Collins-Lloyd,Enterprise,Professional Services,Active,True,1926499.96,30.0,11,36.36,27.27,49.56,3.25,427834169.0,5690783.0,1.3301,33.11,637957.01,Medium,488
CUST-001517,Snyder LLC,Enterprise,Healthcare,Active,False,1895184.46,30.0,10,40.0,40.0,58.43,3.51,468227095.0,6185144.0,1.321,33.64,637576.86,Medium,489
CUST-000480,Barnes PLC,Enterprise,Manufacturing,Active,False,1722760.33,35.0,10,30.0,30.0,50.87,3.21,472658641.0,5844951.0,1.2366,36.97,636960.02,Medium,490
CUST-001847,Washington PLC,Enterprise,Professional Services,Active,False,2666056.91,30.0,10,70.0,0.0,35.72,4.13,563204705.0,8052751.0,1.4298,23.86,636110.99,Low,491
CUST-002129,"Nelson, Clarke and Schneider",Enterprise,Transportation,Active,True,1496857.31,65.0,7,71.43,14.29,54.37,3.74,330073380.0,4270756.0,1.2939,42.23,632132.1,Medium,492
CUST-000155,"Ramirez, Strickland and Washington",Enterprise,Insurance,Active,False,1928784.27,35.0,11,45.45,18.18,40.31,3.59,477766877.0,6019727.0,1.26,32.75,631623.15,Medium,493
CUST-000926,"Logan, Le and Jackson",Enterprise,Retail,Active,False,1397156.01,65.0,13,53.85,7.69,50.49,3.64,279978839.0,3751160.0,1.3398,45.18,631229.53,Medium,494
CUST-001401,Baker LLC,Enterprise,Retail,Active,False,1327284.9,65.0,8,50.0,25.0,34.82,3.52,284186826.0,3474205.0,1.2225,47.45,629730.52,Medium,495
CUST-002096,Williams-Rodriguez,Enterprise,Retail,Active,True,1750421.16,35.0,7,28.57,14.29,44.19,2.96,353314024.0,4403280.0,1.2463,35.71,625020.16,Medium,496
CUST-001158,Ferrell-Henry,Enterprise,Transportation,Active,False,1322624.5,65.0,11,45.45,9.09,37.24,3.52,258346466.0,3757586.0,1.4545,47.23,624637.63,Medium,497
CUST-000170,Hooper PLC,Enterprise,Technology,Active,True,1821091.39,30.0,6,16.67,0.0,52.96,2.39,275955750.0,3584938.0,1.2991,34.26,623994.5,Medium,498
CUST-000498,Robertson-Hays,Enterprise,Manufacturing,Active,False,1694336.74,30.0,8,25.0,37.5,49.44,3.02,261506511.0,3969469.0,1.5179,36.79,623276.12,Medium,499
CUST-002494,Clark-Haley,Enterprise,Banking,Active,True,1125416.67,65.0,5,0.0,0.0,63.54,2.42,226252271.0,3081617.0,1.362,55.22,621500.71,High,500
CUST-001882,Ramirez Inc,Enterprise,Professional Services,Active,False,2010299.89,30.0,9,33.33,0.0,37.73,3.23,418589444.0,5402229.0,1.2906,30.91,621474.0,Medium,501
CUST-001945,Thompson-Santiago,Enterprise,Transportation,Active,False,1824738.93,35.0,11,36.36,9.09,46.34,3.5,316386854.0,4273612.0,1.3508,33.84,617452.86,Medium,502
CUST-001650,Stewart PLC,Enterprise,Healthcare,Active,False,1810184.8,30.0,8,25.0,12.5,54.08,3.46,350790146.0,4569229.0,1.3026,33.86,612840.0,Medium,503
CUST-000231,"Branch, Torres and Oliver",Enterprise,Telecommunications,Active,False,2328341.05,35.0,5,80.0,20.0,19.16,4.07,622181805.0,8700804.0,1.3984,26.3,612280.79,Medium,504
CUST-001943,Brown-Rodriguez,Enterprise,Telecommunications,Active,False,1206588.74,65.0,7,28.57,14.29,53.66,3.4,214721451.0,2528988.0,1.1778,50.57,610170.53,High,505
CUST-001710,Richardson-Gray,Enterprise,Healthcare,Active,False,1808551.65,35.0,8,37.5,12.5,50.23,3.37,320669489.0,3963673.0,1.2361,33.72,609882.02,Medium,506
CUST-001339,Bates PLC,Enterprise,Telecommunications,Active,True,1863967.35,30.0,8,25.0,0.0,67.34,2.76,379601803.0,4993772.0,1.3155,32.63,608232.27,Medium,507
CUST-000769,Smith-Gutierrez,Enterprise,Insurance,Active,False,2040738.03,30.0,9,44.44,11.11,36.33,3.73,376696691.0,4683000.0,1.2432,29.71,606274.14,Medium,508
CUST-001520,Miller-Christensen,Enterprise,Energy,Active,False,1273745.93,55.0,11,18.18,9.09,35.06,2.95,193406381.0,2725625.0,1.4093,47.59,606191.92,Medium,509
CUST-002212,King-Lawrence,Enterprise,Media,Active,False,2862634.04,30.0,6,83.33,0.0,29.04,4.1,541077663.0,7274421.0,1.3444,21.02,601788.57,Low,510
CUST-001606,Castillo and Sons,Enterprise,Professional Services,Active,True,1166350.67,65.0,9,22.22,11.11,59.04,3.1,254293452.0,2981328.0,1.1724,51.51,600804.26,High,511
CUST-001874,Erickson Inc,Enterprise,Banking,Active,False,2039597.86,30.0,5,40.0,0.0,32.36,3.04,395144736.0,4652431.0,1.1774,29.35,598719.84,Medium,512
CUST-000941,Walker PLC,Enterprise,Retail,Active,True,1743749.59,30.0,3,33.33,33.33,36.94,3.78,368045034.0,4895296.0,1.3301,34.33,598573.92,Medium,513
CUST-002277,Stewart Group,Enterprise,Manufacturing,Active,True,1815712.37,30.0,8,37.5,25.0,47.59,3.35,486047877.0,6705797.0,1.3797,32.76,594814.94,Medium,514
CUST-001803,Abbott-Phelps,Enterprise,Manufacturing,Active,False,1696221.18,30.0,10,30.0,30.0,42.88,3.07,447326838.0,6375145.0,1.4252,34.85,591138.67,Medium,515
CUST-000573,Luna-Gallagher,Enterprise,Energy,Active,False,1840648.47,30.0,9,33.33,11.11,46.07,3.32,366102751.0,4735136.0,1.2934,32.03,589582.24,Medium,516
CUST-001918,Haynes and Sons,Enterprise,Professional Services,Active,False,1459146.22,55.0,4,50.0,0.0,84.19,3.04,298518325.0,4065691.0,1.362,40.22,586925.72,Medium,517
CUST-001778,Rodriguez-Mendoza,Enterprise,Insurance,Active,False,1728758.66,30.0,8,37.5,37.5,34.47,3.35,292527592.0,3617943.0,1.2368,33.72,582999.2,Medium,518
CUST-001490,Dalton-Nguyen,Enterprise,Telecommunications,Active,True,1752237.46,35.0,11,45.45,18.18,44.6,3.28,280894138.0,3919027.0,1.3952,33.02,578547.93,Medium,519
CUST-001519,Ford-Moody,Enterprise,Manufacturing,Active,True,1024472.29,65.0,9,0.0,11.11,33.51,2.72,217967834.0,2995748.0,1.3744,56.36,577391.65,High,520
CUST-002403,"Harris, Stephens and Kramer",Enterprise,Insurance,Active,False,1088581.37,65.0,9,22.22,22.22,70.27,2.77,205806881.0,2609306.0,1.2678,52.81,574917.5,High,521
CUST-001050,Miller-Colon,Enterprise,Technology,Active,True,1516059.05,30.0,4,25.0,50.0,37.7,2.8,234639048.0,3414327.0,1.4551,37.91,574742.24,Medium,522
CUST-001337,"Vincent, Anderson and Mason",Enterprise,Insurance,Active,True,2333837.99,30.0,10,70.0,10.0,40.69,4.1,363655705.0,4656190.0,1.2804,24.56,573208.54,Low,523
CUST-001906,"Barker, Tucker and Mcclure",Enterprise,Telecommunications,Active,False,1332896.26,55.0,10,40.0,10.0,43.08,3.51,434413462.0,5411441.0,1.2457,42.99,573030.47,Medium,524
CUST-001572,"Ray, Craig and Park",Enterprise,Energy,Active,False,1342957.07,65.0,8,62.5,0.0,38.64,3.78,323316049.0,4213419.0,1.3032,42.61,572185.36,Medium,525
CUST-001805,Smith PLC,Enterprise,Energy,Active,True,2286401.87,20.0,8,37.5,0.0,29.87,3.65,388375050.0,4882724.0,1.2572,25.01,571930.57,Medium,526
CUST-001634,"House, Smith and Wright",Enterprise,Healthcare,Active,True,1747719.84,30.0,10,40.0,30.0,51.08,3.22,394251025.0,5159112.0,1.3086,32.62,570056.77,Medium,527
CUST-001816,May Group,Enterprise,Technology,Active,True,1235605.81,65.0,10,50.0,10.0,48.21,3.61,233533713.0,2905749.0,1.2443,45.99,568236.64,Medium,528
CUST-000501,"Rivera, Martinez and Richardson",Enterprise,Transportation,Active,True,1778476.77,30.0,8,37.5,12.5,62.18,3.24,341371604.0,4915260.0,1.4399,31.63,562527.09,Medium,529
CUST-000307,Castaneda-Rodriguez,Enterprise,Transportation,Active,True,2126201.45,35.0,8,75.0,12.5,24.3,3.98,587963264.0,7822857.0,1.3305,26.41,561551.11,Medium,530
CUST-000525,Gonzalez-Taylor,Enterprise,Banking,Active,True,1850400.06,35.0,12,50.0,0.0,34.0,3.75,363645492.0,5066852.0,1.3933,30.29,560425.09,Medium,531
CUST-000665,Mitchell and Sons,Enterprise,Healthcare,Active,True,1134319.05,65.0,10,30.0,0.0,35.46,3.36,318956281.0,4274606.0,1.3402,49.18,557862.32,Medium,532
CUST-000893,Jones PLC,Enterprise,Professional Services,Active,True,2291337.5,30.0,6,66.67,0.0,31.94,3.87,471587298.0,6144257.0,1.3029,24.27,556163.61,Low,533
CUST-002236,"Miller, Moore and Black",Enterprise,Technology,Active,True,1387274.67,35.0,8,12.5,25.0,45.57,2.96,288605639.0,3608605.0,1.2504,40.0,554919.81,Medium,534
CUST-002267,"Harvey, Turner and Foster",Enterprise,Media,Active,False,1448209.22,35.0,5,20.0,20.0,36.22,3.17,324221184.0,4182857.0,1.2901,38.08,551481.68,Medium,535
CUST-001636,Reed LLC,Enterprise,Media,Active,True,1148266.24,55.0,5,20.0,20.0,64.96,3.21,371925904.0,4679731.0,1.2582,48.02,551357.09,Medium,536
CUST-001809,Graham-Clark,Enterprise,Media,Active,True,1038854.85,65.0,9,22.22,22.22,40.54,2.7,200493748.0,2702560.0,1.348,52.97,550319.67,High,537
CUST-001732,Moore-Murray,Enterprise,Telecommunications,Active,False,1354860.09,30.0,7,0.0,28.57,62.25,2.46,304482024.0,4203073.0,1.3804,40.62,550316.33,Medium,538
CUST-001622,Singh and Sons,Enterprise,Manufacturing,Active,True,1775911.32,30.0,9,33.33,0.0,33.25,3.3,256897984.0,3315179.0,1.2905,30.91,549009.91,Medium,539
CUST-000431,"Huang, Cole and Pacheco",Enterprise,Telecommunications,Active,False,1458385.56,30.0,6,16.67,33.33,53.16,2.93,325694397.0,4288872.0,1.3168,37.63,548844.14,Medium,540
CUST-000084,"Edwards, Baker and Anderson",Enterprise,Professional Services,Active,False,1258933.9,55.0,11,36.36,9.09,48.71,3.52,285570264.0,3472546.0,1.216,43.57,548497.0,Medium,541
CUST-001365,Johns Ltd,Enterprise,Energy,Active,True,1361654.49,30.0,11,0.0,27.27,62.16,2.63,279906375.0,3239740.0,1.1574,40.04,545235.69,Medium,542
CUST-001973,"Shah, Mcintyre and Villanueva",Enterprise,Healthcare,Active,True,1462212.36,35.0,17,23.53,17.65,39.04,2.9,345855608.0,4512018.0,1.3046,37.17,543475.31,Medium,543
CUST-001014,Brown-Hernandez,Enterprise,Telecommunications,Active,True,1682081.18,30.0,9,33.33,11.11,43.59,3.1,337723295.0,4397463.0,1.3021,32.05,539083.9,Medium,544
CUST-001934,Butler-Aguirre,Enterprise,Retail,Active,True,1610049.04,30.0,13,30.77,23.08,39.97,3.19,254232398.0,2738344.0,1.0771,33.31,536275.96,Medium,545
CUST-000770,Hardy PLC,Enterprise,Telecommunications,Active,True,974829.89,65.0,4,0.0,0.0,62.71,2.56,177562791.0,2229297.0,1.2555,55.01,536263.63,High,546
CUST-002089,Preston-Harper,Enterprise,Insurance,Active,True,1745071.65,30.0,6,50.0,33.33,35.29,3.79,351410066.0,3822280.0,1.0877,30.51,532399.18,Medium,547
CUST-001024,"Fry, Myers and Gamble",Enterprise,Insurance,Active,False,1652876.7,35.0,5,40.0,0.0,58.67,3.66,271075980.0,3418184.0,1.261,32.02,529283.15,Medium,548
CUST-001265,"Morrison, Parsons and Brandt",Enterprise,Manufacturing,Active,False,1387812.1,35.0,13,30.77,38.46,52.21,3.26,404483303.0,5230337.0,1.2931,37.78,524294.45,Medium,549
CUST-000515,"Gregory, Kim and Martinez",Enterprise,Education,Active,True,1417411.28,35.0,5,20.0,0.0,34.11,3.39,232847377.0,3783885.0,1.625,36.75,520900.05,Medium,550
CUST-002170,Pittman PLC,Enterprise,Manufacturing,Active,True,1379191.17,30.0,7,14.29,28.57,45.33,2.8,406377867.0,5382587.0,1.3245,37.65,519252.44,Medium,551
CUST-000513,"Sullivan, Palmer and Brady",Enterprise,Healthcare,Active,False,1493315.96,30.0,14,21.43,14.29,42.77,2.84,322146902.0,4212593.0,1.3077,34.76,519049.47,Medium,552
CUST-001975,Quinn-Gordon,Enterprise,Insurance,Active,False,1681851.55,35.0,10,50.0,10.0,48.57,3.44,351232497.0,4136153.0,1.1776,30.86,518939.03,Medium,553
CUST-001220,Castro-Harvey,Enterprise,Transportation,Active,False,990961.05,65.0,9,33.33,33.33,63.89,3.55,253219344.0,3784242.0,1.4945,52.16,516841.39,High,554
CUST-002012,Rojas-Smith,Enterprise,Transportation,Active,True,1438390.57,35.0,14,28.57,14.29,58.57,3.23,249892930.0,3257681.0,1.3036,35.82,515253.76,Medium,555
CUST-000722,Duran Group,Enterprise,Education,Active,True,1289989.64,30.0,9,11.11,44.44,59.15,2.89,223754265.0,2458771.0,1.0989,39.42,508513.46,Medium,556
CUST-001912,Brown-French,Enterprise,Insurance,Active,True,1507881.24,30.0,7,28.57,14.29,39.45,2.99,255920812.0,3733632.0,1.4589,33.63,507131.95,Medium,557
CUST-001074,Miller PLC,Enterprise,Transportation,Active,False,1507680.53,30.0,9,33.33,22.22,36.35,3.23,279789867.0,3663912.0,1.3095,33.17,500167.0,Medium,558
CUST-002435,Williams-Hernandez,Enterprise,Energy,Active,True,1565855.46,35.0,6,50.0,16.67,30.12,3.5,265625255.0,3386544.0,1.2749,31.72,496635.06,Medium,559
CUST-001156,Bryant-Meyer,Enterprise,Transportation,Active,True,1562374.62,30.0,5,40.0,20.0,54.96,3.59,242172539.0,3356129.0,1.3858,31.77,496392.73,Medium,560
CUST-001588,"Wright, Scott and Evans",Enterprise,Energy,Active,False,1099062.96,55.0,8,37.5,25.0,53.21,3.44,268575762.0,3567921.0,1.3285,45.16,496302.98,Medium,561
CUST-000248,"Matthews, Smith and Hubbard",Enterprise,Retail,Active,False,1475883.33,30.0,13,30.77,23.08,53.42,3.17,348863494.0,4314814.0,1.2368,33.63,496302.47,Medium,562
CUST-001524,Clayton-Martinez,Enterprise,Energy,Active,False,1725136.7,35.0,9,55.56,0.0,25.11,3.8,350718844.0,4018028.0,1.1457,28.68,494772.64,Medium,563
CUST-000302,Estrada-Nolan,Enterprise,Retail,Active,False,1538171.25,30.0,7,28.57,0.0,25.5,3.3,304457615.0,4349436.0,1.4286,32.14,494412.61,Medium,564
CUST-001148,Mendez Ltd,Enterprise,Energy,Active,True,1020979.15,55.0,13,23.08,23.08,41.32,3.05,232958054.0,3077977.0,1.3213,47.83,488383.58,Medium,565
CUST-001179,"Davis, Rodriguez and Andrews",Enterprise,Education,Active,False,1823278.39,20.0,7,28.57,0.0,38.45,3.7,339423721.0,3990798.0,1.1758,26.64,485670.83,Medium,566
CUST-002389,Soto-Sanchez,Enterprise,Technology,Active,True,1619118.4,35.0,5,60.0,20.0,18.91,3.52,267087821.0,3272899.0,1.2254,29.95,484938.97,Medium,567
CUST-000657,"Burns, Nolan and Griffin",Enterprise,Education,Active,False,1017598.31,55.0,6,33.33,33.33,24.43,3.15,202146378.0,2703778.0,1.3375,46.84,476660.72,Medium,568
CUST-000484,Mendez and Sons,Enterprise,Education,Active,False,1634651.86,30.0,6,50.0,16.67,24.36,3.76,297158008.0,3662155.0,1.2324,29.13,476197.84,Medium,569
CUST-001987,Cruz Ltd,Enterprise,Banking,Active,False,1460963.55,30.0,16,31.25,12.5,36.18,3.22,316666049.0,4030460.0,1.2728,32.55,475478.75,Medium,570
CUST-001129,"Evans, Jackson and Sandoval",Enterprise,Healthcare,Active,True,1911069.87,30.0,4,100.0,75.0,32.35,4.72,334372892.0,3789555.0,1.1333,24.77,473308.25,Low,571
CUST-001236,"Ochoa, Garcia and Sandoval",Enterprise,Telecommunications,Active,False,1424585.96,30.0,9,22.22,0.0,61.85,3.3,412158257.0,5356771.0,1.2997,33.15,472320.5,Medium,572
CUST-000637,Wilcox-Robertson,Enterprise,Transportation,Active,False,1139243.61,55.0,16,43.75,0.0,37.18,3.62,281060535.0,3793986.0,1.3499,41.45,472213.79,Medium,573
CUST-001488,Sims-Anderson,Enterprise,Energy,Active,True,1277560.99,30.0,8,25.0,37.5,41.95,3.11,253755628.0,3908093.0,1.5401,36.83,470528.29,Medium,574
CUST-000299,"Sparks, Jackson and Miller",Enterprise,Professional Services,Active,False,919652.76,65.0,11,36.36,27.27,60.46,3.15,203041111.0,3091543.0,1.5226,51.0,469020.92,High,575
CUST-000610,Blevins-Ballard,Mid-Market,Banking,Active,False,882630.81,65.0,4,25.0,25.0,52.05,3.22,155975722.0,2175383.0,1.3947,52.79,465935.39,High,576
CUST-002177,Pearson LLC,Enterprise,Education,Active,True,1398245.56,35.0,7,42.86,14.29,59.05,3.79,381583958.0,5043724.0,1.3218,33.0,461431.04,Medium,577
CUST-000624,"Rodgers, Jefferson and Johnson",Enterprise,Media,Active,True,1274011.71,30.0,8,12.5,12.5,66.56,2.75,320543657.0,3809316.0,1.1884,36.13,460259.47,Medium,578
CUST-001994,Wong Ltd,Enterprise,Telecommunications,Active,True,1000118.54,65.0,11,45.45,0.0,33.39,3.52,226710911.0,2670710.0,1.178,45.77,457705.65,Medium,579
CUST-002406,Medina Group,Enterprise,Banking,Active,False,1494232.12,30.0,7,42.86,14.29,20.57,3.33,324328886.0,4240691.0,1.3075,30.47,455325.38,Medium,580
CUST-001268,"Palmer, Bennett and Patterson",Enterprise,Retail,Active,False,1259071.33,35.0,5,20.0,0.0,49.46,3.36,218929368.0,2900324.0,1.3248,36.15,455148.65,Medium,581
CUST-002266,"Mckinney, Pacheco and Smith",Enterprise,Insurance,Active,True,1164404.43,35.0,8,12.5,12.5,46.29,2.8,215378163.0,2929542.0,1.3602,38.97,453772.72,Medium,582
CUST-001965,Robinson-Phillips,Mid-Market,Technology,Active,True,932166.01,65.0,3,33.33,0.0,63.87,3.87,152303004.0,2073295.0,1.3613,48.56,452621.84,Medium,583
CUST-001078,Hernandez PLC,Enterprise,Telecommunications,Active,True,1621866.78,30.0,7,57.14,14.29,19.35,3.82,298902156.0,4291462.0,1.4357,27.87,452038.32,Medium,584
CUST-000516,Osborne LLC,Enterprise,Transportation,Active,False,1548047.11,30.0,8,50.0,12.5,29.19,3.65,289382975.0,3278996.0,1.1331,28.52,441444.18,Medium,585
CUST-001190,Nelson-Cruz,Enterprise,Professional Services,Active,False,1319538.11,30.0,7,28.57,14.29,78.72,3.64,327639200.0,4185034.0,1.2773,33.27,438996.42,Medium,586
CUST-000627,Lopez-Curry,Enterprise,Retail,Active,False,1163436.13,35.0,5,20.0,20.0,70.29,3.16,144671898.0,1521352.0,1.0516,37.6,437488.93,Medium,587
CUST-000259,Gutierrez-Lopez,Enterprise,Retail,Active,True,1463920.22,35.0,11,54.55,9.09,32.93,3.56,278114410.0,3294256.0,1.1845,29.87,437258.23,Medium,588
CUST-001830,"Miller, Schultz and Yates",Enterprise,Education,Active,True,914152.03,55.0,8,25.0,25.0,42.31,3.3,272807990.0,3843882.0,1.409,47.82,437129.33,Medium,589
CUST-000385,"Farmer, Dorsey and Bell",Enterprise,Education,Active,False,1322057.1,30.0,13,23.08,0.0,63.62,3.29,258482749.0,3419913.0,1.3231,33.03,436685.5,Medium,590
CUST-000341,Garcia-Jennings,Enterprise,Media,Active,True,1351341.38,35.0,9,44.44,11.11,22.94,3.54,285912543.0,3609494.0,1.2624,32.25,435768.62,Medium,591
CUST-001596,"Delgado, Guzman and Smith",Enterprise,Technology,Active,False,1496189.41,30.0,8,50.0,12.5,54.02,3.85,342984075.0,4810624.0,1.4026,29.06,434720.21,Medium,592
CUST-000576,"Cole, Pierce and Bryan",Enterprise,Manufacturing,Active,False,1070196.97,65.0,7,71.43,0.0,30.51,3.84,282098698.0,3313205.0,1.1745,40.56,434106.72,Medium,593
CUST-000249,Johnston-Hines,Enterprise,Retail,Active,True,1303013.34,30.0,7,28.57,14.29,59.28,3.09,312377282.0,4034527.0,1.2916,33.3,433869.53,Medium,594
CUST-001228,Bryant and Sons,Enterprise,Education,Active,True,2066119.77,30.0,6,83.33,0.0,27.42,4.06,604973467.0,7575127.0,1.2521,20.84,430530.13,Low,595
CUST-002429,Thomas and Sons,Enterprise,Education,Active,False,821243.61,65.0,10,20.0,10.0,62.45,3.33,221542405.0,2730917.0,1.2327,51.97,426762.26,High,596
CUST-001387,"Smith, Pena and Watts",Enterprise,Professional Services,Active,True,1211491.11,35.0,6,33.33,16.67,54.4,3.02,224900648.0,3064740.0,1.3627,35.23,426752.79,Medium,597
CUST-002286,Oneill and Sons,Enterprise,Insurance,Active,True,880392.1,65.0,15,40.0,13.33,46.4,3.63,234906189.0,2797417.0,1.1909,48.22,424481.62,Medium,598
CUST-001671,"Liu, Buchanan and Meyer",Enterprise,Media,Active,True,1214306.22,30.0,10,20.0,10.0,51.12,2.74,236602576.0,3131534.0,1.3235,34.65,420721.69,Medium,599
CUST-000349,Schroeder-Kramer,Enterprise,Technology,Active,True,861820.48,65.0,6,33.33,0.0,55.29,3.41,234104794.0,3350536.0,1.4312,48.7,419670.01,Medium,600
CUST-000866,Gibson-Freeman,Enterprise,Education,Active,True,1241041.5,30.0,9,22.22,0.0,45.27,3.36,324781646.0,4438385.0,1.3666,33.29,413126.65,Medium,601
CUST-000160,Russell-Daniels,Enterprise,Healthcare,Active,True,1313963.61,30.0,6,33.33,0.0,34.15,3.28,359107280.0,5448436.0,1.5172,31.37,412161.04,Medium,602
CUST-001615,Hanson-Alexander,Enterprise,Education,Active,False,1295590.26,30.0,8,37.5,12.5,69.27,3.3,218094205.0,2985227.0,1.3688,31.49,407949.73,Medium,603
CUST-000855,"Bell, Campbell and Ryan",Enterprise,Insurance,Active,True,1087576.25,35.0,7,28.57,28.57,61.07,3.34,236491787.0,3319708.0,1.4037,37.45,407300.77,Medium,604
CUST-000306,Bruce-Gonzalez,Enterprise,Technology,Active,False,1162269.11,30.0,4,25.0,25.0,22.59,2.88,173529174.0,2130121.0,1.2275,34.96,406271.84,Medium,605
CUST-002009,Crawford and Sons,Enterprise,Healthcare,Active,False,1165957.62,35.0,9,33.33,11.11,52.73,3.41,253664110.0,3457762.0,1.3631,34.67,404245.63,Medium,606
CUST-001304,James-Short,Enterprise,Media,Active,False,967174.34,65.0,9,66.67,0.0,60.02,4.11,181807556.0,2106832.0,1.1588,41.48,401225.67,Medium,607
CUST-001240,Taylor PLC,Enterprise,Technology,Active,True,1279972.96,35.0,9,55.56,22.22,17.14,3.65,259368067.0,3520944.0,1.3575,31.33,400965.97,Medium,608
CUST-002299,Nguyen-Dennis,Enterprise,Banking,Active,False,1333604.75,30.0,8,50.0,25.0,39.1,3.4,234920371.0,2946664.0,1.2543,30.01,400196.77,Medium,609
CUST-001455,Brock-Peters,Enterprise,Technology,Active,False,1956588.87,30.0,7,85.71,0.0,9.64,4.29,395140515.0,4939263.0,1.25,20.36,398305.66,Low,610
CUST-001250,Mills Inc,Enterprise,Professional Services,Active,False,766140.46,65.0,9,22.22,11.11,53.05,3.33,211655458.0,2963569.0,1.4002,51.97,398140.5,High,611
CUST-001385,Lopez-Fletcher,Enterprise,Energy,Active,False,1143889.12,30.0,6,33.33,33.33,38.92,2.75,231250698.0,3207792.0,1.3871,34.44,393966.45,Medium,612
CUST-000667,"Stuart, Brooks and Vance",Enterprise,Media,Active,True,1656833.37,20.0,9,44.44,0.0,51.99,3.59,341466979.0,4415257.0,1.293,23.7,392622.51,Low,613
CUST-000831,"Price, Carlson and Andrews",Enterprise,Manufacturing,Active,False,1329797.15,35.0,13,53.85,0.0,32.81,3.69,385046158.0,5136873.0,1.3341,29.4,390946.46,Medium,614
CUST-002019,Watson-Roberts,Mid-Market,Manufacturing,Active,False,650671.95,65.0,2,0.0,50.0,70.85,2.89,119605031.0,1469265.0,1.2284,59.96,390122.48,High,615
CUST-000922,Wilson-Salazar,Mid-Market,Professional Services,Active,False,631607.95,65.0,3,0.0,66.67,39.31,2.26,150051223.0,1889167.0,1.259,61.68,389605.44,High,616
CUST-001064,Armstrong-Young,Mid-Market,Transportation,Active,False,660869.39,65.0,8,0.0,37.5,56.55,2.86,149457385.0,1965698.0,1.3152,58.88,389122.85,High,617
CUST-001294,Miller Inc,Enterprise,Media,Active,True,1369183.36,20.0,8,25.0,12.5,53.88,3.33,250228167.0,2685970.0,1.0734,28.4,388804.49,Medium,618
CUST-000132,Spencer-Lee,Enterprise,Technology,Active,True,1668786.43,30.0,7,71.43,0.0,41.57,3.86,362478949.0,4653418.0,1.2838,23.28,388524.15,Low,619
CUST-002264,Galvan-Ruiz,Enterprise,Energy,Active,False,1208612.01,30.0,11,27.27,0.0,43.93,3.04,246802906.0,2965592.0,1.2016,31.95,386135.36,Medium,620
CUST-000614,"Nelson, Hoffman and Nelson",Enterprise,Insurance,Active,False,1281423.19,30.0,13,46.15,15.38,53.94,3.64,294364126.0,3938200.0,1.3379,29.98,384214.57,Medium,621
CUST-002356,"Brown, Orozco and Butler",Mid-Market,Manufacturing,Active,False,765270.09,65.0,4,25.0,0.0,59.24,2.99,149131731.0,1787457.0,1.1986,49.9,381847.98,Medium,622
CUST-001174,Gonzalez-Gonzalez,Enterprise,Insurance,Active,True,1624030.91,30.0,7,71.43,0.0,30.1,4.11,267116640.0,3725575.0,1.3947,23.5,381708.33,Low,623
CUST-002338,"Leonard, Ballard and Miller",Mid-Market,Education,Active,True,715343.34,65.0,5,20.0,20.0,41.55,2.88,156893345.0,2092160.0,1.3335,53.17,380326.48,High,624
CUST-002041,"Fox, Harrington and Wang",Enterprise,Manufacturing,Active,True,1009336.36,35.0,4,25.0,25.0,66.84,3.1,202810342.0,2671683.0,1.3173,37.63,379860.32,Medium,625
CUST-002268,Anderson-Mcclain,Mid-Market,Telecommunications,Active,True,686347.23,65.0,2,0.0,0.0,63.4,2.3,131265337.0,1771322.0,1.3494,55.2,378855.72,High,626
CUST-001680,"Mason, White and Richards",Enterprise,Education,Active,True,1251066.25,35.0,3,66.67,33.33,52.83,4.27,232206961.0,3098242.0,1.3343,30.17,377428.14,Medium,627
CUST-001571,"Curry, Perry and Garcia",Mid-Market,Manufacturing,Active,True,753100.13,55.0,5,20.0,40.0,81.15,3.52,158219292.0,2023112.0,1.2787,50.06,376981.98,High,628
CUST-001981,Castillo LLC,Enterprise,Technology,Active,False,1126823.2,35.0,6,33.33,0.0,64.3,3.26,298631823.0,3815700.0,1.2777,33.39,376232.61,Medium,629
CUST-001569,Lee Ltd,Enterprise,Technology,Active,True,1167819.79,30.0,9,33.33,11.11,20.7,3.36,247469768.0,3134530.0,1.2666,31.98,373442.0,Medium,630
CUST-000892,May Ltd,Enterprise,Technology,Active,False,1302469.78,30.0,11,54.55,18.18,41.74,3.37,232821757.0,2860732.0,1.2287,28.37,369465.54,Medium,631
CUST-001270,Rivera Ltd,Mid-Market,Healthcare,Active,False,634646.31,65.0,4,0.0,25.0,66.74,2.79,140347669.0,1735566.0,1.2366,57.47,364751.78,High,632
CUST-001712,Carter and Sons,Enterprise,Manufacturing,Active,False,1645104.51,30.0,9,77.78,0.0,31.68,4.24,353002664.0,4772264.0,1.3519,22.15,364361.96,Low,633
CUST-001940,"Young, Wilson and Moreno",Enterprise,Banking,Active,True,1176776.83,30.0,6,50.0,33.33,43.89,3.79,285333748.0,3680355.0,1.2898,30.91,363777.23,Medium,634
CUST-001667,"Burns, Nguyen and Ellis",Mid-Market,Technology,Active,True,891780.65,65.0,4,75.0,0.0,21.76,3.86,177719283.0,2450672.0,1.379,40.26,359012.28,Medium,635
CUST-000457,Bishop-Goodwin,Enterprise,Retail,Active,True,1526289.22,30.0,7,71.43,0.0,49.13,3.83,320834262.0,4503240.0,1.4036,23.52,359006.0,Low,636
CUST-001054,Ruiz-Jacobson,Mid-Market,Technology,Active,False,695044.95,65.0,6,33.33,33.33,28.67,2.97,129809274.0,1555064.0,1.198,51.56,358383.16,High,637
CUST-002296,Miller Ltd,Enterprise,Healthcare,Active,True,1066344.83,35.0,12,33.33,0.0,67.46,3.25,226375758.0,2941673.0,1.2995,33.43,356503.2,Medium,638
CUST-000764,Ward-Nelson,Enterprise,Professional Services,Active,False,1199400.23,30.0,10,40.0,0.0,26.19,3.07,289155391.0,3787371.0,1.3098,29.62,355257.66,Medium,639
CUST-001097,"Johnson, Lee and Whitaker",Mid-Market,Professional Services,Active,False,645046.36,65.0,5,0.0,0.0,37.95,2.51,132428163.0,1630846.0,1.2315,54.96,354536.76,High,640
CUST-001884,Sosa-Baker,Enterprise,Manufacturing,Active,False,1221336.57,30.0,9,44.44,0.0,29.07,3.67,244205206.0,3456852.0,1.4156,28.94,353481.86,Medium,641
CUST-001176,Warner-Phillips,Enterprise,Retail,Active,True,1390242.32,20.0,10,50.0,30.0,31.16,3.82,296186184.0,3245074.0,1.0956,25.19,350219.27,Medium,642
CUST-001222,Wilson-Malone,Enterprise,Banking,Active,True,1059226.53,30.0,13,30.77,15.38,32.26,3.37,233063313.0,3083822.0,1.3232,33.03,349872.63,Medium,643
CUST-000978,Parks-Pace,Enterprise,Retail,Active,True,1065431.52,30.0,13,38.46,30.77,44.3,3.43,217714567.0,2402827.0,1.1037,32.59,347244.74,Medium,644
CUST-001774,Callahan PLC,Mid-Market,Insurance,Active,False,765173.38,65.0,2,50.0,0.0,6.74,3.96,167559854.0,2115225.0,1.2624,45.02,344517.32,Medium,645
CUST-000323,Taylor and Sons,Enterprise,Healthcare,Active,False,1263743.01,35.0,7,71.43,14.29,34.01,4.0,237576164.0,3101777.0,1.3056,27.25,344421.06,Medium,646
CUST-000288,Morgan-Schwartz,Enterprise,Manufacturing,Active,False,1265164.94,20.0,10,30.0,10.0,46.13,2.89,198353939.0,2176111.0,1.0971,27.19,344051.1,Medium,647
CUST-000435,"Kim, Gonzales and Mills",Enterprise,Manufacturing,Active,False,2061590.12,0.0,5,40.0,20.0,56.7,3.77,466570286.0,6137418.0,1.3154,16.63,342860.28,Low,648
CUST-000220,Terry-Martinez,Mid-Market,Banking,Active,True,659943.98,65.0,6,16.67,0.0,39.7,2.75,155344742.0,2002301.0,1.2889,51.74,341485.02,High,649
CUST-001976,Schmidt-Mendoza,Enterprise,Telecommunications,Active,True,993589.67,30.0,9,22.22,11.11,34.95,3.09,248566892.0,3139773.0,1.2632,34.19,339737.79,Medium,650
CUST-000558,Edwards Ltd,Enterprise,Professional Services,Active,False,807734.76,55.0,11,45.45,9.09,46.02,3.28,175036484.0,2270884.0,1.2974,41.91,338545.36,Medium,651
CUST-000708,Owens-Lang,Enterprise,Media,Active,False,1061151.55,35.0,7,42.86,0.0,33.45,3.21,210518742.0,2906533.0,1.3807,31.69,336277.62,Medium,652
CUST-000830,Brooks and Sons,Mid-Market,Retail,Active,False,777654.27,65.0,9,66.67,11.11,49.41,3.65,149417471.0,1911245.0,1.2791,42.84,333116.29,Medium,653
CUST-001232,"Taylor, Porter and Moreno",Mid-Market,Insurance,Active,True,532347.84,65.0,4,0.0,75.0,59.25,2.86,139747482.0,1770104.0,1.2666,62.53,332894.61,High,654
CUST-002127,Martinez-Massey,Mid-Market,Retail,Active,False,663728.83,55.0,5,20.0,40.0,27.24,3.72,147058891.0,1881698.0,1.2796,50.06,332256.73,High,655
CUST-001629,Alvarado-Durham,Mid-Market,Insurance,Active,False,546397.14,65.0,2,0.0,50.0,95.48,1.82,147062279.0,1909768.0,1.2986,60.1,328369.51,High,656
CUST-000121,White-Estes,Enterprise,Insurance,Active,False,1855525.35,30.0,3,100.0,0.0,36.95,4.36,289874872.0,3891433.0,1.3425,17.68,328147.9,Low,657
CUST-000035,"Dyer, Potter and Mack",Mid-Market,Healthcare,Active,True,722366.4,65.0,7,57.14,14.29,31.28,3.94,159028079.0,2081100.0,1.3086,45.12,325912.03,Medium,658
CUST-001658,Hall Inc,Mid-Market,Banking,Active,False,777781.04,65.0,6,66.67,0.0,42.25,3.95,130560731.0,1722112.0,1.319,41.8,325148.96,Medium,659
CUST-000360,Boone-Simmons,Mid-Market,Technology,Active,False,616773.54,65.0,4,25.0,25.0,54.62,2.95,109281305.0,1464757.0,1.3404,52.68,324920.68,High,660
CUST-001110,"Smith, Buck and Holland",Enterprise,Banking,Active,False,999095.31,30.0,12,33.33,16.67,48.35,3.25,219365951.0,2697044.0,1.2295,32.46,324295.8,Medium,661
CUST-001933,Mann PLC,Mid-Market,Media,Active,False,564120.03,65.0,4,0.0,25.0,37.39,2.31,148818621.0,1844255.0,1.2393,57.48,324247.88,High,662
CUST-001269,"Baker, Martin and Singleton",Enterprise,Healthcare,Active,False,954698.35,30.0,8,25.0,12.5,75.41,3.09,209288275.0,2787141.0,1.3317,33.91,323771.12,Medium,663
CUST-000882,Williams Ltd,Enterprise,Transportation,Active,True,1024858.53,35.0,7,42.86,0.0,48.47,3.37,257509196.0,3421306.0,1.3286,31.59,323709.78,Medium,664
CUST-001759,Lambert-Nelson,Mid-Market,Banking,Active,False,718305.45,35.0,2,0.0,50.0,41.56,2.55,153316744.0,1835015.0,1.1969,44.89,322474.3,Medium,665
CUST-000490,Cooper Ltd,Mid-Market,Retail,Active,True,660368.93,65.0,3,33.33,0.0,64.25,3.16,132018824.0,1776411.0,1.3456,48.52,320440.6,Medium,666
CUST-000851,Clark Ltd,Mid-Market,Insurance,Active,False,679089.35,65.0,5,40.0,0.0,63.84,3.58,165696951.0,2098362.0,1.2664,47.03,319394.54,Medium,667
CUST-000795,"Barnes, Johnson and Schmitt",Enterprise,Media,Active,False,976006.12,30.0,4,25.0,0.0,66.03,3.47,159373396.0,2133551.0,1.3387,32.68,318933.66,Medium,668
CUST-000730,"Li, Craig and Drake",Enterprise,Media,Active,False,982278.59,20.0,6,16.67,33.33,65.08,2.91,246669542.0,2930718.0,1.1881,32.38,318024.78,Medium,669
CUST-002077,"Marsh, Nelson and Wolfe",Mid-Market,Professional Services,Active,True,699935.76,65.0,1,100.0,100.0,14.5,4.76,130856845.0,1826664.0,1.3959,45.29,317013.86,Medium,670
CUST-001075,Arnold-Gates,Mid-Market,Transportation,Active,False,577217.92,65.0,1,0.0,0.0,40.84,3.71,124336268.0,1497566.0,1.2044,54.91,316943.99,High,671
CUST-000946,"Mueller, Stevenson and Sanchez",Mid-Market,Manufacturing,Active,False,882032.96,30.0,6,33.33,50.0,74.9,3.2,169745366.0,2154880.0,1.2695,35.87,316405.41,Medium,672
CUST-001620,Cooper Inc,Mid-Market,Manufacturing,Active,True,574109.33,65.0,5,20.0,40.0,69.92,3.13,111132259.0,1393574.0,1.254,55.01,315805.81,High,673
CUST-000648,Mendoza Group,Mid-Market,Telecommunications,Active,True,591896.17,65.0,5,20.0,20.0,66.86,3.18,125768349.0,1657397.0,1.3178,53.14,314507.79,High,674
CUST-000863,Burton-Brooks,Mid-Market,Insurance,Active,True,607241.2,65.0,5,20.0,0.0,40.1,3.21,131260640.0,1950578.0,1.486,51.47,312559.61,High,675
CUST-001475,Edwards Ltd,Mid-Market,Retail,Active,False,600070.53,65.0,3,33.33,33.33,57.57,3.11,122239096.0,1607837.0,1.3153,51.8,310820.39,High,676
CUST-000743,Lewis Ltd,Mid-Market,Professional Services,Active,False,557582.51,65.0,1,0.0,0.0,8.22,1.7,146458585.0,1936830.0,1.3224,55.14,307478.23,High,677
CUST-000089,Suarez LLC,Mid-Market,Media,Active,False,732257.01,65.0,3,66.67,0.0,34.07,3.35,147945126.0,2058021.0,1.3911,41.95,307173.08,Medium,678
CUST-002033,"Cantrell, Rivera and Thornton",Enterprise,Manufacturing,Active,False,1732843.24,30.0,6,100.0,0.0,21.54,4.4,307985202.0,4189017.0,1.3601,17.72,307064.53,Low,679
CUST-001951,Jacobson Ltd,Mid-Market,Banking,Active,True,637021.5,30.0,2,0.0,100.0,85.24,3.14,166603640.0,2416414.0,1.4504,47.9,305138.35,Medium,680
CUST-000547,"Ferguson, Shaw and Jackson",Enterprise,Transportation,Active,False,941132.55,30.0,6,33.33,16.67,39.85,3.47,271412302.0,3124436.0,1.1512,32.3,304007.97,Medium,681
CUST-002425,"Fox, Chapman and Stone",Mid-Market,Energy,Active,False,679034.18,65.0,4,50.0,0.0,19.31,3.31,151414284.0,1663172.0,1.0984,44.7,303506.89,Medium,682
CUST-002402,"Bishop, Thomas and Powell",Mid-Market,Manufacturing,Active,False,560604.04,65.0,7,28.57,42.86,62.24,2.9,97752683.0,1375339.0,1.407,53.89,302083.42,High,683
CUST-002080,Watson-Washington,Mid-Market,Banking,Active,False,502901.42,65.0,2,0.0,50.0,37.39,3.26,114588019.0,1400273.0,1.222,59.94,301459.29,High,684
CUST-002097,"Palmer, Brown and Wilson",Mid-Market,Banking,Active,False,566897.14,65.0,8,25.0,25.0,75.2,2.99,121138178.0,1718549.0,1.4187,52.84,299533.35,High,685
CUST-001293,"Parks, Johnson and Love",Mid-Market,Retail,Active,False,544285.39,65.0,2,0.0,0.0,8.47,2.5,110334462.0,1322741.0,1.1988,54.9,298800.12,High,686
CUST-001559,Duncan Group,Mid-Market,Media,Active,False,538637.19,55.0,2,0.0,50.0,55.53,3.45,132677727.0,1906751.0,1.4371,55.37,298266.35,High,687
CUST-001087,Morgan LLC,Enterprise,Retail,Active,True,795865.83,30.0,3,0.0,0.0,88.2,2.58,228153639.0,2765077.0,1.2119,37.42,297843.82,Medium,688
CUST-002414,West PLC,Mid-Market,Telecommunications,Active,False,506930.18,65.0,3,0.0,33.33,32.0,2.47,128383549.0,1774199.0,1.382,58.6,297047.08,High,689
CUST-001386,Lane Inc,Enterprise,Retail,Active,True,2034683.09,0.0,10,40.0,0.0,54.65,3.1,271472999.0,3505824.0,1.2914,14.58,296714.09,Low,690
CUST-002240,"Serrano, Marsh and Gonzalez",Mid-Market,Manufacturing,Active,True,556245.83,65.0,5,20.0,20.0,27.81,2.84,114280488.0,1399244.0,1.2244,52.95,294525.43,High,691
CUST-001214,Mcgee-Smith,Mid-Market,Telecommunications,Active,False,682882.35,65.0,5,60.0,0.0,28.33,3.61,127503565.0,1600151.0,1.255,43.01,293707.5,Medium,692
CUST-001864,Murray-Leonard,Enterprise,Telecommunications,Active,False,1358621.04,30.0,5,80.0,0.0,34.72,3.96,275636004.0,3438225.0,1.2474,21.49,292032.3,Low,693
CUST-000039,Harrell LLC,Mid-Market,Healthcare,Active,False,602183.94,65.0,3,33.33,0.0,71.89,3.19,152187490.0,1907353.0,1.2533,48.34,291095.21,Medium,694
CUST-000766,Hawkins-Hunt,Mid-Market,Energy,Active,False,530272.58,65.0,4,0.0,0.0,87.0,3.21,102889283.0,1197511.0,1.1639,54.83,290736.61,High,695
CUST-001589,"Ross, Hardin and Navarro",Mid-Market,Professional Services,Active,False,687315.46,30.0,4,0.0,50.0,68.29,3.26,120099616.0,1374758.0,1.1447,42.29,290661.33,Medium,696
CUST-000157,"Mitchell, Nelson and Flores",Enterprise,Energy,Active,False,671426.77,65.0,10,60.0,0.0,50.78,3.93,205713564.0,2841412.0,1.3812,43.26,290475.96,Medium,697
CUST-001096,"Powell, Deleon and Warren",Mid-Market,Retail,Active,False,769915.79,30.0,2,0.0,0.0,79.46,3.13,137099445.0,1828666.0,1.3338,37.67,290009.18,Medium,698
CUST-001682,White PLC,Mid-Market,Education,Active,True,667781.32,35.0,3,0.0,33.33,103.62,2.37,141036308.0,1783306.0,1.2644,43.36,289564.63,Medium,699
CUST-001721,"Hall, Roberts and Lee",Mid-Market,Healthcare,Active,False,600789.52,65.0,3,33.33,0.0,33.88,3.48,110560107.0,1291934.0,1.1685,48.17,289402.74,Medium,700
CUST-002391,Hardin-Villanueva,Mid-Market,Insurance,Active,False,547286.55,65.0,7,28.57,28.57,63.95,3.28,139658106.0,1860145.0,1.3319,52.31,286267.6,High,701
CUST-000043,Rodriguez LLC,Mid-Market,Transportation,Active,False,586347.04,65.0,3,33.33,0.0,30.26,3.16,143840529.0,1980538.0,1.3769,48.59,284889.2,Medium,702
CUST-000839,Mckinney-Wallace,Enterprise,Energy,Active,False,1375938.08,0.0,9,22.22,22.22,46.51,3.14,250694717.0,3621443.0,1.4446,20.67,284363.8,Low,703
CUST-000164,Smith-Bell,Enterprise,Energy,Active,False,862595.96,35.0,10,40.0,10.0,42.21,3.26,214668937.0,2627338.0,1.2239,32.95,284206.43,Medium,704
CUST-001055,Davis-Stephens,Mid-Market,Technology,Active,False,572435.97,65.0,7,28.57,0.0,53.91,3.68,121455488.0,1579592.0,1.3006,49.39,282707.91,Medium,705
CUST-000010,Abbott-Munoz,Mid-Market,Education,Active,False,697151.79,35.0,2,0.0,0.0,47.41,3.05,193057585.0,2456237.0,1.2723,40.04,279171.4,Medium,706
CUST-001328,Thompson PLC,Mid-Market,Transportation,Active,False,555805.79,55.0,4,25.0,50.0,86.67,3.52,114039443.0,1550654.0,1.3598,50.22,279122.91,High,707
CUST-000403,"Hall, Hansen and Barnett",Mid-Market,Professional Services,Active,False,507680.92,55.0,4,0.0,50.0,28.34,2.03,183514527.0,2157862.0,1.1759,54.85,278471.65,High,708
CUST-002079,Smith PLC,Mid-Market,Healthcare,Active,False,545882.89,65.0,5,20.0,0.0,53.91,3.24,138348644.0,1723960.0,1.2461,50.99,278357.68,High,709
CUST-000631,Small-Anderson,Mid-Market,Manufacturing,Active,True,525469.9,65.0,4,25.0,25.0,44.87,2.73,108926482.0,1416114.0,1.3001,52.6,276397.84,High,710
CUST-000591,"Williams, Castillo and Warren",Mid-Market,Technology,Active,False,684858.15,35.0,3,0.0,0.0,41.8,3.59,156385950.0,2018142.0,1.2905,40.08,274497.83,Medium,711
CUST-002357,Wilson-Dean,Enterprise,Education,Active,False,739733.25,35.0,7,14.29,0.0,70.19,2.77,144819199.0,1730183.0,1.1947,37.03,273940.21,Medium,712
CUST-000579,"Mcmillan, Fischer and Gonzalez",Mid-Market,Media,Active,True,634623.32,30.0,2,0.0,50.0,35.15,3.07,137903353.0,1805923.0,1.3096,42.62,270470.84,Medium,713
CUST-001871,Lee-Johnson,Enterprise,Technology,Active,False,1328540.97,0.0,8,12.5,0.0,51.1,2.72,256494014.0,3406424.0,1.3281,20.16,267782.62,Low,714
CUST-002305,Smith and Sons,Mid-Market,Banking,Active,False,565742.66,65.0,5,40.0,0.0,40.67,3.46,141961827.0,1933645.0,1.3621,47.22,267167.31,Medium,715
CUST-000389,Bennett Group,Enterprise,Professional Services,Active,False,1174013.25,20.0,4,50.0,0.0,48.33,3.07,250489043.0,3347778.0,1.3365,22.67,266183.95,Low,716
CUST-002297,"Castillo, Fuller and Adams",Mid-Market,Energy,Active,False,482087.32,65.0,8,12.5,25.0,51.07,2.83,103627993.0,1360401.0,1.3128,55.13,265753.27,High,717
CUST-000845,Adams PLC,Mid-Market,Professional Services,Active,False,618814.23,30.0,4,0.0,50.0,94.15,2.63,116135845.0,1566761.0,1.3491,42.7,264222.24,Medium,718
CUST-001726,"Campbell, Tyler and Parker",Mid-Market,Retail,Active,False,558762.88,65.0,5,40.0,0.0,44.3,3.43,139484912.0,1903937.0,1.365,47.23,263903.45,Medium,719
CUST-001287,Flores Inc,Mid-Market,Telecommunications,Active,True,405512.85,65.0,2,0.0,100.0,71.69,2.91,84416220.0,1017975.0,1.2059,64.91,263225.69,High,720
CUST-000201,"Barnett, Rogers and Snyder",Mid-Market,Retail,Active,False,455479.25,65.0,4,0.0,25.0,15.48,2.62,120305325.0,1570359.0,1.3053,57.61,262404.43,High,721
CUST-002204,Young PLC,Enterprise,Media,Active,False,944668.57,30.0,6,50.0,0.0,56.91,3.58,212396618.0,2933553.0,1.3812,27.76,262262.05,Medium,722
CUST-001208,Walton LLC,Mid-Market,Transportation,Active,False,459306.72,65.0,5,0.0,20.0,26.0,2.46,114815442.0,1326878.0,1.1557,56.81,260938.23,High,723
CUST-001166,Williams Inc,Mid-Market,Healthcare,Active,False,514832.88,65.0,2,50.0,50.0,62.1,2.96,109023278.0,1500919.0,1.3767,50.25,258720.98,High,724
CUST-001376,"Gordon, Wilson and Olson",Mid-Market,Insurance,Active,False,490824.12,65.0,4,25.0,25.0,85.32,3.13,109249931.0,1449805.0,1.3271,52.65,258439.06,High,725
CUST-001246,"Morris, Wilson and Bell",Mid-Market,Professional Services,Active,True,703542.63,35.0,6,16.67,0.0,49.3,2.85,157002055.0,2014719.0,1.2832,36.73,258433.4,Medium,726
CUST-002090,Jackson-Torres,Enterprise,Insurance,Active,False,964909.56,20.0,12,33.33,8.33,35.92,3.39,233527028.0,3030307.0,1.2976,26.76,258228.31,Medium,727
CUST-002301,Solis LLC,Mid-Market,Transportation,Active,False,442244.79,65.0,3,0.0,33.33,58.49,2.66,112522053.0,1423954.0,1.2655,58.36,258113.12,High,728
CUST-000867,"Smith, Schroeder and Oconnor",Enterprise,Technology,Active,False,868953.64,30.0,13,46.15,7.69,32.25,3.58,166382678.0,2424919.0,1.4574,29.45,255935.79,Medium,729
CUST-000422,"Cole, Glass and Cunningham",Mid-Market,Energy,Active,True,630870.05,35.0,2,0.0,0.0,12.16,3.13,85547672.0,1280545.0,1.4969,40.49,255462.99,Medium,730
CUST-001675,Lee Group,Enterprise,Insurance,Active,True,798770.12,35.0,7,57.14,28.57,40.49,3.59,158835999.0,2204804.0,1.3881,31.7,253248.26,Medium,731
CUST-002178,"Brock, Reynolds and Fernandez",Enterprise,Professional Services,Active,False,787929.49,35.0,10,50.0,20.0,37.79,3.76,187910688.0,2295818.0,1.2218,31.94,251692.42,Medium,732
CUST-000988,Ramirez-Stephenson,Mid-Market,Healthcare,Active,True,588929.81,55.0,8,50.0,25.0,47.96,3.38,133936565.0,1727551.0,1.2898,42.58,250764.28,Medium,733
CUST-002105,"Hines, Rice and Baldwin",Mid-Market,Energy,Active,True,658698.81,30.0,6,16.67,33.33,51.57,3.09,122058013.0,1742734.0,1.4278,37.86,249354.28,Medium,734
CUST-001836,"Curry, Acosta and Elliott",Enterprise,Telecommunications,Active,True,903480.71,30.0,8,50.0,0.0,30.39,3.82,238327033.0,3028872.0,1.2709,27.54,248834.65,Medium,735
CUST-000290,"James, Stewart and Higgins",Mid-Market,Manufacturing,Active,False,451072.85,65.0,1,0.0,0.0,26.42,3.27,105115262.0,1368640.0,1.302,55.1,248559.52,High,736
CUST-000744,"Alvarez, Williams and Jones",Mid-Market,Retail,Active,False,520564.75,65.0,8,37.5,0.0,42.44,3.24,97667682.0,1341935.0,1.374,47.75,248559.05,Medium,737
CUST-000752,"Ramsey, Mason and Mccann",Mid-Market,Transportation,Active,False,567810.62,65.0,7,57.14,0.0,43.35,3.39,125724844.0,1680266.0,1.3365,43.74,248385.09,Medium,738
CUST-002321,Carroll-Arnold,Mid-Market,Retail,Active,False,567739.43,65.0,7,57.14,0.0,42.76,3.9,121242940.0,1605527.0,1.3242,43.72,248214.97,Medium,739
CUST-000172,"Alvarado, Miller and Patterson",Enterprise,Professional Services,Active,True,906175.68,30.0,8,50.0,0.0,49.27,3.56,176809472.0,2030042.0,1.1482,27.3,247352.47,Medium,740
CUST-001395,Adkins Group,Mid-Market,Telecommunications,Active,False,448915.57,65.0,3,0.0,0.0,78.23,2.27,116928595.0,1457428.0,1.2464,54.99,246871.47,High,741
CUST-001942,"Robinson, Townsend and Hopkins",Mid-Market,Healthcare,Active,True,513848.55,65.0,7,42.86,14.29,33.51,3.61,127411515.0,1683878.0,1.3216,48.0,246649.13,Medium,742
CUST-001989,Wolfe-Salazar,Mid-Market,Banking,Active,False,568931.81,65.0,5,60.0,0.0,46.01,3.4,117639851.0,1605555.0,1.3648,43.23,245947.01,Medium,743
CUST-000321,Coffey-Phillips,Enterprise,Professional Services,Active,False,1224924.78,0.0,4,25.0,25.0,66.03,3.07,244868813.0,3135685.0,1.2806,20.06,245733.56,Low,744
CUST-000064,"West, Henderson and Ramirez",Mid-Market,Healthcare,Active,False,586081.12,65.0,3,66.67,0.0,39.37,3.79,122422314.0,1619191.0,1.3226,41.81,245051.78,Medium,745
CUST-001770,"Chang, Lamb and Miller",Mid-Market,Media,Active,True,541238.22,65.0,4,50.0,0.0,38.82,3.99,105365372.0,1436680.0,1.3635,45.23,244786.05,Medium,746
CUST-000507,"Carter, Garcia and Murphy",Mid-Market,Manufacturing,Active,False,519824.01,55.0,6,33.33,33.33,60.06,3.11,95202261.0,1385818.0,1.4557,47.08,244722.64,Medium,747
CUST-000224,Wilson-Jones,Mid-Market,Education,Active,False,502481.86,65.0,3,33.33,0.0,53.5,3.08,113044946.0,1468271.0,1.2988,48.43,243357.04,Medium,748
CUST-000590,"Patton, Parsons and Lane",Mid-Market,Retail,Active,True,429022.25,65.0,7,14.29,42.86,76.22,3.12,71080856.0,963151.0,1.355,56.64,242992.14,High,749
CUST-000295,"Brennan, Wallace and Benson",Mid-Market,Professional Services,Active,True,515176.72,65.0,5,40.0,0.0,39.05,3.36,152914944.0,2037196.0,1.3322,47.16,242980.43,Medium,750
CUST-000009,Garcia-James,Mid-Market,Healthcare,Active,True,475251.02,65.0,5,40.0,40.0,32.49,3.36,138166588.0,1767220.0,1.2791,51.06,242654.14,High,751
CUST-002471,Williams and Sons,Mid-Market,Manufacturing,Active,True,646805.05,30.0,7,14.29,28.57,64.27,2.97,140860881.0,1753514.0,1.2449,37.49,242485.34,Medium,752
CUST-001196,Carr-Huffman,Mid-Market,Healthcare,Active,False,537877.7,65.0,2,50.0,0.0,18.13,3.29,99503285.0,1276464.0,1.2828,45.07,242398.2,Medium,753
CUST-000267,Valentine-Holland,Mid-Market,Banking,Active,False,474559.52,65.0,5,20.0,0.0,39.87,3.35,107826621.0,1354878.0,1.2565,51.01,242087.37,High,754
CUST-000138,"Jackson, Miller and Robertson",Mid-Market,Transportation,Active,True,401112.44,65.0,4,0.0,50.0,84.98,2.45,76027112.0,1077958.0,1.4179,60.34,242014.08,High,755
CUST-000094,Newton and Sons,Mid-Market,Professional Services,Active,False,604437.25,35.0,3,33.33,66.67,24.0,2.71,148977178.0,1859606.0,1.2482,40.0,241753.73,Medium,756
CUST-001611,Powers Group,Mid-Market,Telecommunications,Active,False,684644.25,30.0,4,25.0,25.0,37.84,3.54,149182859.0,1922081.0,1.2884,35.08,240151.38,Medium,757
CUST-001829,"Davis, Kennedy and Harmon",Mid-Market,Media,Active,False,429202.39,55.0,5,0.0,60.0,51.16,2.76,84051079.0,1013208.0,1.2055,55.91,239971.06,High,758
CUST-001687,"Cox, Mills and Cruz",Mid-Market,Professional Services,Active,False,369295.7,65.0,3,0.0,100.0,59.06,2.16,94936884.0,1085784.0,1.1437,64.79,239257.01,High,759
CUST-000852,"Norris, Callahan and Bishop",Mid-Market,Manufacturing,Active,False,385956.09,65.0,3,0.0,66.67,51.0,2.41,70070882.0,937958.0,1.3386,61.84,238690.05,High,760
CUST-000420,Thompson Ltd,Mid-Market,Technology,Active,True,566260.53,65.0,3,66.67,0.0,27.87,3.82,128273257.0,1735349.0,1.3529,41.87,237106.72,Medium,761
CUST-001361,"Whitaker, Johnson and Williams",Mid-Market,Technology,Active,True,549935.14,65.0,5,60.0,0.0,37.02,4.06,113597813.0,1474347.0,1.2979,43.1,236998.57,Medium,762
CUST-001458,Taylor-Barry,Mid-Market,Technology,Active,False,576559.15,30.0,9,0.0,33.33,51.68,2.43,129293983.0,1786281.0,1.3816,41.1,236945.42,Medium,763
CUST-001925,"Gardner, Morris and Oconnell",Mid-Market,Insurance,Active,True,665663.74,30.0,4,25.0,25.0,35.57,3.0,128925160.0,1960644.0,1.5208,35.54,236587.03,Medium,764
CUST-002493,"Chavez, Sanchez and Bird",Mid-Market,Healthcare,Active,False,522439.75,65.0,4,50.0,0.0,71.06,3.61,120626177.0,1677725.0,1.3908,45.28,236569.56,Medium,765
CUST-001834,Yu-Yates,Mid-Market,Telecommunications,Active,False,456546.68,65.0,3,33.33,33.33,52.74,3.29,110773467.0,1319633.0,1.1913,51.55,235346.37,High,766
CUST-001482,Jackson Inc,Mid-Market,Telecommunications,Active,True,469008.35,55.0,1,0.0,0.0,32.65,2.84,102163551.0,1341018.0,1.3126,50.13,235091.55,High,767
CUST-001052,Little Inc,Mid-Market,Education,Active,False,670547.47,55.0,4,75.0,0.0,30.67,3.98,127255401.0,1587593.0,1.2476,35.0,234658.95,Medium,768
CUST-000446,"Osborn, Gaines and Davis",Enterprise,Technology,Active,True,808604.48,20.0,6,16.67,0.0,64.19,2.81,190530886.0,2227015.0,1.1688,29.0,234530.56,Medium,769
CUST-001723,Mclaughlin and Sons,Mid-Market,Media,Active,False,444880.72,65.0,4,50.0,75.0,14.45,3.59,133855190.0,1787835.0,1.3356,52.67,234324.45,High,770
CUST-000491,"Fuller, Ingram and Moss",Enterprise,Insurance,Active,False,950531.49,30.0,10,70.0,10.0,43.77,3.98,277184152.0,3545514.0,1.2791,24.56,233433.78,Low,771
CUST-000767,Johnson LLC,Mid-Market,Healthcare,Active,False,421086.06,65.0,3,0.0,0.0,33.12,2.58,100516409.0,1387505.0,1.3804,55.26,232695.33,High,772
CUST-001780,"Andrews, Romero and Sullivan",Mid-Market,Technology,Active,False,775120.45,55.0,1,100.0,0.0,14.11,4.54,134496257.0,1647569.0,1.225,29.95,232148.46,Medium,773
CUST-000019,"Adams, Zuniga and Wong",Mid-Market,Transportation,Active,False,579513.0,65.0,4,75.0,0.0,23.34,3.86,155579830.0,1976485.0,1.2704,40.04,232041.63,Medium,774
CUST-002139,Wolf Ltd,Mid-Market,Media,Active,False,609160.22,30.0,1,0.0,0.0,145.67,2.88,160840050.0,2030819.0,1.2626,37.53,228588.99,Medium,775
CUST-000556,Moore Group,Enterprise,Media,Active,True,1488706.96,0.0,10,40.0,10.0,32.21,3.43,398785296.0,4542783.0,1.1392,15.28,227449.27,Low,776
CUST-002387,Mitchell-Jackson,Mid-Market,Insurance,Active,False,465948.04,55.0,8,12.5,12.5,57.94,3.04,111906522.0,1412523.0,1.2622,48.77,227263.68,Medium,777
CUST-000682,"Robinson, Shields and Brown",Mid-Market,Education,Active,False,505484.65,65.0,2,50.0,0.0,79.3,4.17,115878959.0,1352862.0,1.1675,44.83,226633.83,Medium,778
CUST-002381,"Wilson, Harris and Ward",Enterprise,Insurance,Active,False,738213.69,30.0,13,38.46,7.69,33.1,3.56,211781836.0,2775857.0,1.3107,30.7,226619.45,Medium,779
CUST-001099,Hull Ltd,Mid-Market,Telecommunications,Active,False,500678.75,65.0,4,50.0,0.0,68.62,3.71,132475525.0,1780786.0,1.3442,45.19,226249.09,Medium,780
CUST-001932,Smith and Sons,Enterprise,Media,Active,False,1204253.83,0.0,7,28.57,14.29,18.28,3.36,203349083.0,3051188.0,1.5005,18.72,225378.78,Low,781
CUST-000786,Vargas PLC,Mid-Market,Manufacturing,Active,False,590357.54,55.0,5,60.0,0.0,49.33,3.72,119403165.0,1592360.0,1.3336,38.17,225322.94,Medium,782
CUST-001353,Gomez-Parrish,Mid-Market,Manufacturing,Active,True,405358.55,65.0,2,0.0,0.0,83.68,2.99,109170236.0,1527610.0,1.3993,55.3,224157.54,High,783
CUST-000079,Jones Inc,Mid-Market,Banking,Active,False,407742.13,65.0,1,0.0,0.0,28.76,2.97,103445615.0,1250396.0,1.2087,54.92,223921.76,High,784
CUST-000995,Mayo Ltd,Enterprise,Retail,Active,False,899152.36,0.0,9,0.0,22.22,70.14,2.93,125127527.0,1669269.0,1.3341,24.89,223801.99,Low,785
CUST-001120,"Nguyen, Hill and Douglas",Mid-Market,Telecommunications,Active,False,432541.59,65.0,3,33.33,33.33,96.16,3.04,98996926.0,1260371.0,1.2731,51.71,223680.02,High,786
CUST-001543,Howard-Taylor,Mid-Market,Transportation,Active,True,594473.0,30.0,5,20.0,40.0,37.92,3.3,120548491.0,1581069.0,1.3116,37.62,223659.32,Medium,787
CUST-002355,Henderson LLC,Enterprise,Media,Active,False,1037198.21,0.0,9,22.22,33.33,48.98,3.12,226159668.0,3010315.0,1.3311,21.55,223526.62,Low,788
CUST-000931,"Ward, Porter and Bradley",Mid-Market,Manufacturing,Active,False,591509.75,30.0,2,0.0,0.0,21.16,2.84,106480108.0,1452619.0,1.3642,37.73,223167.36,Medium,789
CUST-000506,Morrison-Short,Mid-Market,Manufacturing,Active,False,531478.75,65.0,3,66.67,0.0,26.9,3.97,134776341.0,1825026.0,1.3541,41.87,222556.17,Medium,790
CUST-001470,"Griffin, Miller and Austin",Mid-Market,Telecommunications,Active,True,686687.99,30.0,4,25.0,0.0,42.68,3.14,163271493.0,1916929.0,1.1741,32.35,222130.85,Medium,791
CUST-002362,"Mcdonald, Ware and Sharp",Mid-Market,Technology,Active,False,429669.48,65.0,6,16.67,0.0,43.98,2.4,77343651.0,957985.0,1.2386,51.64,221898.01,High,792
CUST-001005,"Bradford, Salinas and Kelly",Mid-Market,Manufacturing,Active,False,417782.75,65.0,5,20.0,20.0,54.68,2.8,75289739.0,960477.0,1.2757,53.05,221639.66,High,793
CUST-000606,Bush-Vaughn,Mid-Market,Manufacturing,Active,False,441357.85,65.0,4,25.0,0.0,59.54,3.33,108819060.0,1409667.0,1.2954,50.09,221079.88,High,794
CUST-001567,"Jones, Torres and Blackburn",Mid-Market,Professional Services,Active,False,634782.27,65.0,1,100.0,0.0,51.59,4.59,127529752.0,1436085.0,1.1261,34.75,220600.53,Medium,795
CUST-000314,Byrd-Le,Mid-Market,Manufacturing,Active,False,474073.99,65.0,8,50.0,12.5,49.82,3.72,110624591.0,1494437.0,1.3509,46.45,220215.98,Medium,796
CUST-001272,"Williams, Randolph and Gilbert",Mid-Market,Technology,Active,False,715155.05,30.0,6,33.33,0.0,43.63,3.47,163476523.0,1874460.0,1.1466,30.63,219027.53,Medium,797
CUST-000954,Barnes Inc,Mid-Market,Healthcare,Active,False,515748.44,35.0,5,0.0,20.0,77.88,2.84,100066631.0,1350594.0,1.3497,42.2,217642.69,Medium,798
CUST-000826,Bruce-Williamson,Mid-Market,Professional Services,Active,False,725725.31,35.0,2,50.0,0.0,45.92,3.73,159821669.0,1978228.0,1.2378,29.98,217540.11,Medium,799
CUST-000421,Marshall-Elliott,Mid-Market,Professional Services,Active,False,435001.61,65.0,4,25.0,0.0,44.11,3.43,73003812.0,876232.0,1.2003,49.9,217068.02,Medium,800
CUST-001974,Baird-Williams,Mid-Market,Telecommunications,Active,False,632602.1,35.0,7,42.86,28.57,59.65,3.88,124042695.0,1562708.0,1.2598,34.31,217016.32,Medium,801
CUST-000840,Miller Inc,Mid-Market,Technology,Active,False,362473.59,65.0,2,0.0,50.0,31.33,2.42,75674564.0,896770.0,1.185,59.87,217013.19,High,802
CUST-001279,"Moreno, Barajas and Colon",Mid-Market,Healthcare,Active,False,434058.39,65.0,4,25.0,0.0,37.83,3.46,117335505.0,1432578.0,1.2209,49.94,216776.79,Medium,803
CUST-001646,"Anderson, Delgado and Carpenter",Mid-Market,Manufacturing,Active,False,479479.95,65.0,4,50.0,0.0,43.13,3.74,104607587.0,1345309.0,1.2861,45.07,216111.71,Medium,804
CUST-000677,Mendez-Mayer,Mid-Market,Insurance,Active,False,407146.6,65.0,5,20.0,20.0,39.69,2.41,77126245.0,911393.0,1.1817,52.86,215231.45,High,805
CUST-000130,Cortez LLC,Mid-Market,Telecommunications,Active,True,712746.23,35.0,5,60.0,20.0,35.79,3.77,148481858.0,1997891.0,1.3455,30.19,215185.86,Medium,806
CUST-000528,Contreras-Mckinney,Enterprise,Telecommunications,Active,True,1343809.95,0.0,6,33.33,0.0,69.49,2.89,262380041.0,3373867.0,1.2859,15.91,213733.97,Low,807
CUST-000380,Boone LLC,Mid-Market,Energy,Active,True,375497.7,55.0,3,0.0,66.67,30.97,2.04,80094595.0,1062173.0,1.3261,56.82,213353.9,High,808
CUST-002093,Clark Inc,Mid-Market,Insurance,Active,True,473535.9,65.0,4,50.0,0.0,46.27,3.62,119437731.0,1495354.0,1.252,45.0,213110.05,Medium,809
CUST-000820,Goodwin-Stokes,Mid-Market,Energy,Active,False,431540.09,65.0,5,40.0,20.0,39.62,3.37,100151772.0,1422540.0,1.4204,49.34,212925.2,Medium,810
CUST-000137,"Lewis, Kennedy and Santana",Mid-Market,Media,Active,True,570113.55,35.0,4,25.0,25.0,30.68,2.7,131561633.0,1507464.0,1.1458,37.29,212604.73,Medium,811
CUST-002340,Horton and Sons,Mid-Market,Manufacturing,Active,True,469948.67,65.0,6,50.0,0.0,48.86,3.39,111649916.0,1415778.0,1.2681,45.04,211646.56,Medium,812
CUST-000759,Miller-Montgomery,Mid-Market,Banking,Active,True,494267.88,65.0,4,75.0,25.0,47.78,4.24,101327009.0,1399685.0,1.3814,42.76,211362.33,Medium,813
CUST-000076,"Daniels, Adkins and Brown",Mid-Market,Education,Active,False,493472.91,30.0,2,0.0,50.0,92.21,2.73,112293356.0,1578752.0,1.4059,42.81,211264.81,Medium,814
CUST-002491,"Bernard, Flores and Fleming",Mid-Market,Education,Active,False,380407.32,65.0,2,0.0,0.0,38.58,3.24,61180518.0,907949.0,1.484,55.47,211004.71,High,815
CUST-000283,"Pollard, Simpson and Johnson",Mid-Market,Transportation,Active,True,562042.58,30.0,4,25.0,50.0,39.23,2.89,129344432.0,1516452.0,1.1724,37.34,209893.83,Medium,816
CUST-001507,"Aguirre, Cohen and Mitchell",Mid-Market,Technology,Active,True,434426.73,65.0,6,33.33,0.0,45.38,3.45,118252568.0,1458268.0,1.2332,48.3,209826.79,Medium,817
CUST-000107,"Wright, Garcia and Deleon",Mid-Market,Insurance,Active,True,666001.67,30.0,8,37.5,12.5,61.63,3.26,130975649.0,1625652.0,1.2412,31.23,208008.13,Medium,818
CUST-001988,Schmidt-Phillips,Mid-Market,Professional Services,Active,False,593799.65,65.0,1,100.0,0.0,18.62,4.46,121489536.0,1531796.0,1.2608,35.02,207958.68,Medium,819
CUST-001576,"Ramos, Gomez and Edwards",Mid-Market,Banking,Active,False,380348.02,70.0,3,33.33,33.33,54.28,3.15,69088236.0,928928.0,1.3446,54.36,206741.11,High,820
CUST-001731,Robles-Brewer,Mid-Market,Transportation,Active,True,382464.55,70.0,6,16.67,0.0,55.72,2.65,71262737.0,846069.0,1.1873,54.04,206688.33,High,821
CUST-002159,Watkins-Lozano,Mid-Market,Technology,Active,False,403986.16,65.0,5,20.0,0.0,24.66,2.69,93682659.0,1236753.0,1.3202,51.14,206599.75,High,822
CUST-001773,"Miranda, Ruiz and Meza",Mid-Market,Education,Active,False,546168.08,30.0,2,50.0,100.0,39.89,3.19,108830631.0,1505546.0,1.3834,37.77,206270.04,Medium,823
CUST-000367,"Le, Lewis and Hayes",Mid-Market,Media,Active,False,515384.91,35.0,1,0.0,0.0,37.31,2.53,143043110.0,1739486.0,1.2161,39.93,205804.09,Medium,824
CUST-000184,"Higgins, Strickland and Martin",Mid-Market,Banking,Active,True,453858.97,65.0,2,50.0,0.0,19.19,3.95,82804890.0,1131746.0,1.3668,45.23,205296.41,Medium,825
CUST-002322,Palmer PLC,Mid-Market,Manufacturing,Active,False,589482.44,65.0,0,100.0,0.0,0.0,0.0,105573538.0,1193178.0,1.1302,34.76,204906.3,Medium,826
CUST-002143,Beard-Wilson,Mid-Market,Telecommunications,Active,False,648373.92,30.0,5,40.0,20.0,27.1,3.33,150259340.0,1948772.0,1.2969,31.59,204846.47,Medium,827
CUST-000198,"Adams, Christian and Rivas",Mid-Market,Professional Services,Active,False,409471.01,65.0,4,25.0,0.0,73.32,2.96,89052754.0,1031310.0,1.1581,49.82,203982.81,Medium,828
CUST-002328,Miller Ltd,Mid-Market,Insurance,Active,False,421782.84,65.0,3,33.33,0.0,16.71,2.77,100850253.0,1273776.0,1.263,48.36,203971.68,Medium,829
CUST-002479,Miller-Fields,Mid-Market,Technology,Active,False,607766.33,35.0,3,33.33,0.0,95.63,3.57,169598408.0,2310231.0,1.3622,33.56,203952.33,Medium,830
CUST-001563,Hebert-Collier,Mid-Market,Insurance,Active,False,453941.39,65.0,2,50.0,0.0,38.27,4.08,103785864.0,1227604.0,1.1828,44.87,203663.75,Medium,831
CUST-000957,Haynes-Watson,Mid-Market,Transportation,Active,True,406197.23,65.0,4,25.0,0.0,72.97,2.66,96333524.0,1228038.0,1.2748,50.05,203299.91,High,832
CUST-000041,Ryan PLC,Mid-Market,Energy,Active,False,589168.52,30.0,6,33.33,33.33,79.28,3.34,112806127.0,1506918.0,1.3358,34.34,202310.82,Medium,833
CUST-000099,Williams-Cook,Mid-Market,Healthcare,Active,False,365611.35,65.0,3,0.0,0.0,69.38,2.82,95867702.0,1257949.0,1.3122,55.12,201540.86,High,834
CUST-002441,Smith-Kelley,Mid-Market,Telecommunications,Active,False,584424.56,30.0,3,33.33,33.33,62.42,2.78,148508591.0,2083704.0,1.4031,34.47,201467.74,Medium,835
CUST-001019,Conner-Yu,Mid-Market,Media,Active,True,543587.09,55.0,3,66.67,0.0,32.22,4.14,116513754.0,1667589.0,1.4312,37.03,201285.64,Medium,836
CUST-001787,Stephens-Young,Mid-Market,Professional Services,Active,False,463812.21,35.0,3,0.0,33.33,53.55,2.63,90755497.0,1158738.0,1.2768,43.39,201233.61,Medium,837
CUST-000873,Kramer-Shannon,Mid-Market,Banking,Active,False,719907.11,30.0,4,50.0,0.0,70.47,3.53,142629368.0,2060072.0,1.4444,27.89,200772.78,Medium,838
CUST-001060,"Contreras, Miller and Cooper",Mid-Market,Banking,Active,True,528603.72,30.0,8,12.5,25.0,65.95,2.8,126936929.0,1831648.0,1.443,37.89,200266.37,Medium,839
CUST-000338,Bass PLC,Mid-Market,Insurance,Active,True,386815.63,55.0,6,0.0,16.67,97.67,2.84,132982584.0,1709743.0,1.2857,51.74,200130.85,High,840
CUST-000602,Payne-Lowe,Mid-Market,Telecommunications,Active,False,409549.02,65.0,8,37.5,12.5,40.97,2.89,108868676.0,1377124.0,1.2649,48.78,199777.52,Medium,841
CUST-001380,"Moreno, Perez and Lang",Mid-Market,Technology,Active,False,647809.31,30.0,6,33.33,0.0,28.73,3.24,154434364.0,1921759.0,1.2444,30.82,199668.46,Medium,842
CUST-001319,"Rios, Garcia and Harvey",Mid-Market,Education,Active,False,384961.72,65.0,3,33.33,33.33,27.64,2.98,82075189.0,1107043.0,1.3488,51.86,199657.69,High,843
CUST-000447,"Henderson, Cox and Cox",Mid-Market,Healthcare,Active,True,443519.62,65.0,7,57.14,14.29,22.7,3.4,97801620.0,1134154.0,1.1596,44.82,198782.37,Medium,844
CUST-001738,Morgan Group,Mid-Market,Transportation,Active,False,379419.65,65.0,4,25.0,25.0,38.99,2.65,116905019.0,1389717.0,1.1888,52.38,198730.58,High,845
CUST-001370,Jackson-Jennings,Mid-Market,Energy,Active,False,563752.32,65.0,2,100.0,0.0,31.89,4.43,123979464.0,1649704.0,1.3306,35.16,198222.38,Medium,846
CUST-000062,Powell LLC,Mid-Market,Technology,Active,False,563850.41,35.0,4,25.0,0.0,72.21,3.33,119247996.0,1582966.0,1.3275,35.15,198221.13,Medium,847
CUST-001448,"Hensley, Lopez and Baker",Mid-Market,Retail,Active,True,563351.31,30.0,4,25.0,25.0,39.75,2.85,91291662.0,1080576.0,1.1837,34.87,196425.42,Medium,848
CUST-000438,"Williams, Mccoy and Cook",Mid-Market,Media,Active,False,552102.15,30.0,5,20.0,20.0,33.86,2.74,102282012.0,1311660.0,1.2824,35.56,196353.98,Medium,849
CUST-002342,Santos Group,Mid-Market,Banking,Active,False,434952.62,65.0,2,50.0,0.0,23.17,3.37,105758464.0,1343090.0,1.27,45.04,195902.31,Medium,850
CUST-000853,Martin-Taylor,Mid-Market,Professional Services,Active,False,520649.8,30.0,2,0.0,0.0,72.35,3.35,126507374.0,1580992.0,1.2497,37.5,195240.79,Medium,851
CUST-001980,Holland Inc,Mid-Market,Insurance,Active,False,558033.44,65.0,2,100.0,0.0,5.78,4.82,107367372.0,1274147.0,1.1867,34.87,194605.42,Medium,852
CUST-000328,Rodriguez-Hall,Mid-Market,Manufacturing,Active,False,517974.43,30.0,1,0.0,0.0,116.61,3.25,93008300.0,1172962.0,1.2611,37.52,194355.78,Medium,853
CUST-002144,Edwards-Bennett,Mid-Market,Technology,Active,False,430034.36,65.0,6,50.0,0.0,48.04,3.31,103291048.0,1242479.0,1.2029,44.91,193110.29,Medium,854
CUST-002152,Jensen-Gomez,Mid-Market,Professional Services,Active,False,592677.67,30.0,4,25.0,0.0,40.11,3.47,145845301.0,1864177.0,1.2782,32.56,192954.37,Medium,855
CUST-002016,"Wilkinson, Wallace and Torres",Mid-Market,Banking,Active,False,384275.47,65.0,6,33.33,16.67,44.49,3.16,97438663.0,1256997.0,1.29,50.08,192445.46,High,856
CUST-001978,"Mullins, Steele and Russell",Mid-Market,Energy,Active,False,333174.13,65.0,11,9.09,45.45,68.01,2.63,80973809.0,1021069.0,1.261,57.75,192405.55,High,857
CUST-002423,Coleman and Sons,Mid-Market,Telecommunications,Active,True,532108.72,35.0,5,20.0,0.0,18.09,2.68,93324511.0,1228423.0,1.3163,36.13,192264.63,Medium,858
CUST-000017,James Group,Mid-Market,Manufacturing,Active,False,506736.16,30.0,1,0.0,0.0,147.87,3.73,127666140.0,1853754.0,1.452,37.9,192073.6,Medium,859
CUST-002439,Zuniga LLC,Enterprise,Education,Active,False,644394.87,30.0,4,50.0,25.0,11.99,3.49,201140485.0,2313206.0,1.15,29.8,192030.25,Medium,860
CUST-000128,Diaz Inc,Mid-Market,Healthcare,Active,False,424381.74,65.0,4,50.0,0.0,62.67,3.96,113097726.0,1467578.0,1.2976,45.1,191375.96,Medium,861
CUST-002311,Hunt-Burns,Mid-Market,Telecommunications,Active,False,588583.91,40.0,5,60.0,20.0,38.48,4.02,151631039.0,1860481.0,1.227,32.45,191018.77,Medium,862
CUST-000924,"Yang, Wilson and Zimmerman",Mid-Market,Healthcare,Active,True,441280.04,35.0,3,0.0,33.33,75.71,3.04,67817512.0,797314.0,1.1757,43.18,190565.39,Medium,863
CUST-001645,Browning-Murphy,Mid-Market,Media,Active,False,506132.27,35.0,4,25.0,25.0,42.25,3.08,126059381.0,1593795.0,1.2643,37.53,189944.57,Medium,864
CUST-000523,Green LLC,Enterprise,Transportation,Active,True,645410.17,30.0,5,40.0,0.0,29.94,3.43,154461762.0,1828358.0,1.1837,29.37,189540.14,Medium,865
CUST-001015,"Stark, Schroeder and Mathis",Mid-Market,Media,Active,True,435701.3,65.0,6,66.67,16.67,19.61,3.81,91616931.0,1197672.0,1.3073,43.45,189302.87,Medium,866
CUST-000679,Wheeler Group,Mid-Market,Retail,Active,True,391692.45,65.0,3,33.33,0.0,54.12,3.14,77470757.0,940408.0,1.2139,48.26,189035.12,Medium,867
CUST-002392,"Norton, Cox and Johnson",Mid-Market,Banking,Active,False,390940.66,65.0,3,33.33,0.0,44.03,3.69,107449734.0,1333759.0,1.2413,48.32,188886.52,Medium,868
CUST-000600,Fox-Edwards,Mid-Market,Insurance,Active,True,443478.1,30.0,2,0.0,50.0,58.9,2.98,83802712.0,1014692.0,1.2108,42.42,188130.6,Medium,869
CUST-002200,Edwards LLC,Mid-Market,Transportation,Active,False,388078.09,65.0,3,66.67,66.67,46.49,3.72,92925763.0,1207570.0,1.2995,48.43,187955.27,Medium,870
CUST-001348,"Nguyen, Padilla and Boyd",Mid-Market,Insurance,Active,True,465943.47,35.0,2,0.0,0.0,92.91,2.24,83302702.0,1087478.0,1.3055,40.11,186894.15,Medium,871
CUST-000465,"Rosales, Mitchell and Hines",Mid-Market,Transportation,Active,False,495785.46,30.0,2,0.0,0.0,30.23,3.07,143968727.0,1930467.0,1.3409,37.68,186820.82,Medium,872
CUST-001393,Hinton-Lane,Mid-Market,Media,Active,False,413744.05,65.0,3,66.67,33.33,60.01,3.73,142944844.0,1886752.0,1.3199,45.14,186763.37,Medium,873
CUST-001107,"Chan, Lewis and Walker",Mid-Market,Retail,Active,False,560969.83,30.0,7,28.57,14.29,45.74,3.16,105627536.0,1354318.0,1.2822,33.28,186682.98,Medium,874
CUST-002291,Tate Ltd,Enterprise,Banking,Active,False,560204.73,30.0,7,28.57,14.29,40.39,2.93,176825726.0,2236969.0,1.2651,33.24,186236.84,Medium,875
CUST-001666,Jones Group,Mid-Market,Professional Services,Active,True,554422.81,35.0,3,33.33,0.0,77.28,3.44,120314005.0,1547882.0,1.2865,33.41,185212.72,Medium,876
CUST-000316,"Lucas, Parker and Alexander",Mid-Market,Technology,Active,False,532185.7,30.0,7,28.57,28.57,47.92,3.23,99250424.0,1305066.0,1.3149,34.77,185055.35,Medium,877
CUST-001041,"Jones, Mcmahon and Spence",Mid-Market,Healthcare,Active,True,553127.25,35.0,6,33.33,0.0,29.05,3.17,120446823.0,1528884.0,1.2693,33.37,184589.74,Medium,878
CUST-000339,Crosby-Ramirez,Mid-Market,Healthcare,Active,False,332406.58,65.0,6,16.67,33.33,52.14,3.44,86487394.0,1205827.0,1.3942,55.29,183782.43,High,879
CUST-000214,"Tapia, Vaughn and Lee",Mid-Market,Professional Services,Active,False,404956.08,65.0,3,66.67,33.33,58.28,3.74,117118771.0,1605982.0,1.3712,45.24,183212.19,Medium,880
CUST-002415,"Smith, Morgan and Young",Mid-Market,Telecommunications,Active,False,403776.28,65.0,4,50.0,0.0,21.62,3.35,104743261.0,1469202.0,1.4027,45.31,182932.21,Medium,881
CUST-000713,"Butler, Hernandez and Rivera",Mid-Market,Media,Active,True,477366.88,35.0,5,20.0,20.0,54.95,2.89,103975312.0,1452395.0,1.3969,38.29,182801.59,Medium,882
CUST-000311,"Beltran, Lozano and Mcgee",Mid-Market,Insurance,Active,True,451290.49,35.0,1,0.0,0.0,39.57,1.61,100435769.0,1485764.0,1.4793,40.46,182585.97,Medium,883
CUST-001961,Cortez-Chen,Enterprise,Insurance,Active,True,719680.24,30.0,9,66.67,11.11,36.45,3.87,168569086.0,2159885.0,1.2813,25.34,182369.77,Medium,884
CUST-002307,Holland-Best,Mid-Market,Manufacturing,Active,False,330098.16,65.0,3,0.0,0.0,102.0,2.21,82371737.0,1095045.0,1.3294,55.16,182078.14,High,885
CUST-000910,"Fisher, Payne and Thompson",Mid-Market,Energy,Active,False,405522.7,65.0,4,50.0,0.0,52.77,3.73,99718234.0,1189398.0,1.1928,44.89,182020.96,Medium,886
CUST-000165,Castaneda-Ashley,Mid-Market,Transportation,Active,False,492007.79,35.0,6,16.67,0.0,68.28,3.31,80890649.0,1112867.0,1.3758,36.92,181640.42,Medium,887
CUST-001752,Reeves-Boyd,Mid-Market,Healthcare,Active,False,452901.77,35.0,3,0.0,0.0,49.74,2.33,91949039.0,1137395.0,1.237,39.97,181042.81,Medium,888
CUST-002140,"Saunders, Sparks and Harris",Mid-Market,Technology,Active,False,480307.47,30.0,5,0.0,0.0,52.32,2.7,107214079.0,1420146.0,1.3246,37.65,180831.82,Medium,889
CUST-000553,May-Turner,Mid-Market,Transportation,Active,False,479432.17,35.0,4,25.0,25.0,29.0,3.23,108542686.0,1437884.0,1.3247,37.65,180503.5,Medium,890
CUST-000645,Sullivan PLC,Mid-Market,Banking,Active,False,574634.66,35.0,8,50.0,12.5,42.35,3.71,103170431.0,1320277.0,1.2797,31.31,179914.72,Medium,891
CUST-001755,Garcia Ltd,Mid-Market,Healthcare,Active,False,389274.22,55.0,8,25.0,12.5,60.69,2.78,93663906.0,1147888.0,1.2255,46.2,179848.89,Medium,892
CUST-001405,Bowman Group,Mid-Market,Banking,Active,False,351438.51,65.0,5,40.0,40.0,29.88,3.59,78796214.0,1053724.0,1.3373,51.17,179847.09,High,893
CUST-002132,Tate Inc,Mid-Market,Technology,Active,False,505315.68,30.0,5,20.0,20.0,45.7,3.04,113840573.0,1472359.0,1.2934,35.59,179825.19,Medium,894
CUST-002418,Mitchell-Glover,Mid-Market,Manufacturing,Active,False,448634.74,30.0,4,0.0,25.0,29.71,2.92,77663390.0,992278.0,1.2777,40.06,179702.13,Medium,895
CUST-001206,"Brown, Schneider and Moore",Mid-Market,Banking,Active,False,485912.82,35.0,3,33.33,33.33,59.66,3.33,112529186.0,1558774.0,1.3852,36.94,179482.11,Medium,896
CUST-000255,Roberts-Landry,Mid-Market,Insurance,Active,False,381842.19,65.0,6,50.0,16.67,33.74,3.07,87042795.0,1101590.0,1.2656,46.7,178311.95,Medium,897
CUST-000440,King-York,Mid-Market,Retail,Active,True,473938.58,30.0,2,0.0,0.0,49.22,3.43,102111065.0,1337301.0,1.3097,37.62,178292.41,Medium,898
CUST-000934,Williams Inc,Mid-Market,Banking,Active,False,642521.51,30.0,4,50.0,0.0,57.86,3.61,139294841.0,1904392.0,1.3672,27.73,178199.05,Medium,899
CUST-000615,Gilbert PLC,Mid-Market,Technology,Active,True,486663.1,35.0,3,33.33,33.33,29.57,3.34,92371797.0,1106749.0,1.1981,36.56,177938.43,Medium,900
CUST-001282,"Blackwell, James and Hogan",Mid-Market,Telecommunications,Active,False,374843.88,55.0,7,14.29,0.0,33.83,2.7,99061200.0,1393735.0,1.4069,47.46,177888.7,Medium,901
CUST-001733,"Huang, Ford and Olsen",Mid-Market,Healthcare,Active,False,492565.63,30.0,6,16.67,16.67,64.25,3.34,125540828.0,1631406.0,1.2995,35.93,176990.35,Medium,902
CUST-001352,Kaufman-Walker,Mid-Market,Telecommunications,Active,False,423208.04,65.0,3,66.67,0.0,38.65,4.12,120092294.0,1562960.0,1.3015,41.77,176772.3,Medium,903
CUST-001108,Byrd LLC,Mid-Market,Media,Active,True,340551.51,65.0,6,16.67,0.0,19.66,2.96,86784166.0,1128631.0,1.3005,51.77,176295.59,High,904
CUST-000346,Zhang PLC,Mid-Market,Media,Active,False,364314.39,55.0,5,20.0,20.0,56.9,3.12,106060577.0,1530697.0,1.4432,48.39,176278.83,Medium,905
CUST-000102,"Patterson, Smith and Jones",Mid-Market,Education,Active,False,352725.55,65.0,6,33.33,16.67,71.19,3.62,65174865.0,797090.0,1.223,49.95,176172.32,Medium,906
CUST-002067,"Castillo, Graham and Scott",Mid-Market,Media,Active,False,582333.53,30.0,4,50.0,25.0,42.14,3.42,144245759.0,1948877.0,1.3511,30.2,175877.32,Medium,907
CUST-000838,"Wagner, Simpson and Cohen",Mid-Market,Healthcare,Active,False,361451.3,65.0,3,33.33,0.0,44.78,3.53,94720080.0,1169329.0,1.2345,48.3,174589.49,Medium,908
CUST-000559,Gross-Valencia,Mid-Market,Healthcare,Active,True,402458.02,35.0,3,0.0,33.33,31.02,2.92,91404320.0,1119881.0,1.2252,43.28,174198.81,Medium,909
CUST-000352,Guerrero Inc,Mid-Market,Retail,Active,False,581086.08,35.0,4,50.0,0.0,34.21,3.13,108559395.0,1309014.0,1.2058,29.91,173812.2,Medium,910
CUST-001574,Pierce PLC,Mid-Market,Telecommunications,Active,False,313990.74,65.0,2,0.0,0.0,90.66,3.7,70288330.0,1001336.0,1.4246,55.35,173791.44,High,911
CUST-000374,"Watson, Anderson and Brown",Mid-Market,Manufacturing,Active,False,496178.51,35.0,4,25.0,0.0,78.53,3.25,138480503.0,1747291.0,1.2618,35.02,173779.18,Medium,912
CUST-001073,Bartlett-Sloan,Mid-Market,Telecommunications,Active,True,431761.71,55.0,4,50.0,0.0,36.37,3.86,106860075.0,1386812.0,1.2978,40.1,173117.3,Medium,913
CUST-000221,Garcia-Smith,Mid-Market,Media,Active,False,312168.39,65.0,2,0.0,0.0,48.62,3.12,84822682.0,1240372.0,1.4623,55.42,173018.15,High,914
CUST-001169,"Jennings, Smith and Fisher",Mid-Market,Healthcare,Active,False,624274.01,30.0,6,50.0,0.0,20.38,3.32,156437561.0,2069914.0,1.3232,27.65,172588.75,Medium,915
CUST-001467,Ray Ltd,Mid-Market,Technology,Active,False,492033.86,65.0,2,100.0,0.0,47.48,4.64,109272541.0,1394687.0,1.2763,35.05,172471.04,Medium,916
CUST-000629,"Morrison, Hebert and Rogers",Mid-Market,Banking,Active,False,404627.89,40.0,4,0.0,0.0,27.42,2.88,105355250.0,1339303.0,1.2712,42.54,172138.62,Medium,917
CUST-000580,"Morales, Williams and Williams",Mid-Market,Professional Services,Active,False,506214.73,30.0,3,33.33,33.33,61.76,3.52,110854849.0,1281651.0,1.1562,33.98,172006.56,Medium,918
CUST-002003,"Bryan, Lam and Hayes",Mid-Market,Energy,Active,False,312096.59,65.0,1,0.0,0.0,31.92,3.12,85755698.0,1091706.0,1.273,55.05,171796.95,High,919
CUST-002368,Leon Group,Mid-Market,Media,Active,False,550543.83,30.0,3,33.33,0.0,49.1,3.22,105096614.0,1417360.0,1.3486,31.03,170836.97,Medium,920
CUST-001799,Hudson-Gentry,Mid-Market,Media,Active,True,485073.48,35.0,2,50.0,50.0,45.48,3.83,108166457.0,1448195.0,1.3389,35.18,170637.77,Medium,921
CUST-002325,Mack Inc,Mid-Market,Banking,Active,False,408382.17,65.0,3,66.67,0.0,19.56,4.25,95782799.0,1244138.0,1.2989,41.76,170558.77,Medium,922
CUST-001540,"Moody, Martinez and Hall",Mid-Market,Manufacturing,Active,False,298901.5,65.0,5,0.0,20.0,72.45,2.63,71644860.0,891051.0,1.2437,56.99,170336.23,High,923
CUST-001765,Williams-Johnson,Mid-Market,Media,Active,False,521838.59,30.0,6,33.33,16.67,43.16,3.38,121259124.0,1582833.0,1.3053,32.61,170175.02,Medium,924
CUST-001779,Campbell LLC,Mid-Market,Professional Services,Active,False,340456.62,65.0,6,33.33,16.67,62.04,3.33,87716566.0,991242.0,1.1301,49.76,169411.56,Medium,925
CUST-001532,"Robinson, Rodriguez and Chen",Mid-Market,Technology,Active,False,493320.81,30.0,6,33.33,33.33,33.88,3.25,91517909.0,1189545.0,1.2998,34.27,169042.57,Medium,926
CUST-000353,Smith and Sons,Mid-Market,Technology,Active,True,320312.37,65.0,4,25.0,25.0,49.63,3.47,73977064.0,1024604.0,1.385,52.77,169029.03,High,927
CUST-000589,"Soto, Carlson and Baker",Mid-Market,Professional Services,Active,False,561120.95,35.0,4,50.0,0.0,36.85,3.65,187571461.0,2436637.0,1.299,30.1,168886.68,Medium,928
CUST-000668,Kane-Knox,Mid-Market,Education,Active,True,345420.53,65.0,3,33.33,0.0,30.56,3.51,81033386.0,1208067.0,1.4908,48.81,168616.98,Medium,929
CUST-001306,Taylor Group,Mid-Market,Media,Active,True,499735.54,30.0,5,40.0,40.0,11.8,3.79,136871462.0,1822471.0,1.3315,33.66,168226.18,Medium,930
CUST-000563,Dougherty-Lin,Mid-Market,Insurance,Active,False,445051.84,30.0,3,0.0,0.0,56.97,2.94,103006127.0,1272726.0,1.2356,37.47,166766.11,Medium,931
CUST-001140,Taylor and Sons,Mid-Market,Professional Services,Active,False,540963.21,30.0,3,33.33,0.0,33.43,3.55,127284563.0,1566446.0,1.2307,30.79,166587.79,Medium,932
CUST-000972,Foster-Williams,Mid-Market,Insurance,Active,False,548650.2,30.0,8,37.5,0.0,39.34,3.58,149961882.0,2068745.0,1.3795,30.26,166016.22,Medium,933
CUST-001544,Washington Group,Mid-Market,Retail,Active,False,439954.22,35.0,4,25.0,25.0,38.19,3.01,105857220.0,1404578.0,1.3269,37.65,165659.14,Medium,934
CUST-000776,"Weber, Wheeler and Gonzalez",Mid-Market,Education,Active,True,459401.52,30.0,6,16.67,16.67,44.07,3.51,99302784.0,1332688.0,1.342,36.02,165464.59,Medium,935
CUST-001969,Atkins-Robinson,Mid-Market,Healthcare,Active,False,299390.3,65.0,4,0.0,0.0,57.82,2.1,58926602.0,799834.0,1.3573,55.21,165307.39,High,936
CUST-001072,Flowers LLC,Mid-Market,Professional Services,Active,True,349574.57,65.0,5,40.0,0.0,43.37,3.37,113663480.0,1479779.0,1.3019,47.1,164662.87,Medium,937
CUST-001185,"Edwards, Rodgers and Davis",Mid-Market,Energy,Active,False,378078.43,65.0,6,66.67,16.67,26.73,4.23,112458612.0,1501689.0,1.3353,43.5,164479.18,Medium,938
CUST-001241,"Tanner, Hunt and Cameron",Mid-Market,Healthcare,Active,False,261751.98,65.0,4,0.0,75.0,72.64,2.02,76679169.0,1069250.0,1.3944,62.79,164351.17,High,939
CUST-000696,Rivera Inc,Mid-Market,Manufacturing,Active,False,408060.29,55.0,2,50.0,0.0,30.73,3.02,117003453.0,1612485.0,1.3782,40.26,164269.99,Medium,940
CUST-001369,Hanson PLC,Mid-Market,Manufacturing,Active,True,299571.06,65.0,1,0.0,0.0,35.52,2.74,100688798.0,1098818.0,1.0913,54.68,163813.25,High,941
CUST-000658,Chavez PLC,Mid-Market,Retail,Active,False,503320.28,30.0,4,25.0,0.0,31.71,3.22,98761019.0,1208102.0,1.2233,32.45,163309.89,Medium,942
CUST-000188,Vargas Ltd,Mid-Market,Technology,Active,False,431642.61,30.0,2,0.0,0.0,70.05,2.94,84792176.0,1132614.0,1.3358,37.67,162606.27,Medium,943
CUST-000791,"Porter, Schultz and Allen",Mid-Market,Manufacturing,Active,False,539327.69,30.0,4,50.0,25.0,74.96,4.08,133544656.0,1757294.0,1.3159,30.13,162508.98,Medium,944
CUST-001640,Raymond LLC,Mid-Market,Professional Services,Active,False,540417.21,35.0,6,50.0,0.0,39.66,3.55,130244702.0,1658384.0,1.2733,30.05,162376.82,Medium,945
CUST-000093,"Garcia, Humphrey and Baker",Mid-Market,Healthcare,Active,False,335135.75,65.0,3,33.33,0.0,85.43,3.07,130063073.0,1663781.0,1.2792,48.39,162178.07,Medium,946
CUST-000569,Levy-Lewis,Mid-Market,Professional Services,Active,False,387551.09,55.0,7,42.86,0.0,43.54,3.6,74465013.0,1072694.0,1.4405,41.81,162033.72,Medium,947
CUST-001104,"Arnold, Cooper and Monroe",Mid-Market,Media,Active,False,402389.67,35.0,1,0.0,0.0,8.19,3.49,115917613.0,1570870.0,1.3552,40.21,161802.18,Medium,948
CUST-000514,Cisneros and Sons,Mid-Market,Telecommunications,Active,False,376912.87,65.0,5,60.0,0.0,48.96,3.35,73942337.0,872627.0,1.1801,42.86,161545.95,Medium,949
CUST-000871,Adams-Clayton,Mid-Market,Retail,Active,False,394976.72,30.0,3,0.0,33.33,30.76,2.05,92045422.0,1112979.0,1.2092,40.75,160959.57,Medium,950
CUST-001283,Cruz PLC,Mid-Market,Banking,Active,True,445685.32,35.0,5,40.0,40.0,39.4,3.13,87427452.0,1119993.0,1.2811,36.06,160723.52,Medium,951
CUST-001823,House-Johnston,Mid-Market,Insurance,Active,False,391113.08,30.0,3,0.0,33.33,58.2,2.56,105154651.0,1412887.0,1.3436,41.02,160436.89,Medium,952
CUST-001100,Hill Group,Mid-Market,Media,Active,False,402157.66,35.0,1,0.0,0.0,123.03,1.78,82450683.0,977417.0,1.1855,39.87,160343.93,Medium,953
CUST-001715,"Clark, Brown and Duncan",Mid-Market,Telecommunications,Active,False,278366.13,65.0,4,0.0,25.0,94.28,2.45,87885399.0,1092105.0,1.2426,57.49,160019.59,High,954
CUST-001299,"Wilson, Smith and Cortez",Enterprise,Transportation,Active,True,1282168.68,0.0,2,50.0,0.0,15.03,3.21,335444578.0,4124386.0,1.2295,12.46,159746.12,Low,955
CUST-001578,"Jordan, Swanson and Franklin",Mid-Market,Healthcare,Active,True,296217.59,65.0,6,16.67,16.67,64.5,3.15,62171648.0,876666.0,1.4101,53.65,158931.05,High,956
CUST-002430,Dawson-Anderson,Mid-Market,Banking,Active,False,328287.19,65.0,3,33.33,0.0,28.26,3.7,88395475.0,1079092.0,1.2208,48.27,158480.13,Medium,957
CUST-000061,"Brown, Valdez and Lucas",Mid-Market,Media,Active,False,473831.55,35.0,3,33.33,0.0,26.58,3.36,122115021.0,1568833.0,1.2847,33.4,158272.85,Medium,958
CUST-000424,Hernandez-Jones,Mid-Market,Transportation,Active,False,309073.45,65.0,5,40.0,40.0,47.71,3.55,56653121.0,730975.0,1.2903,51.08,157876.35,High,959
CUST-002028,Watson PLC,Mid-Market,Transportation,Active,True,486724.28,30.0,4,50.0,50.0,28.71,3.67,96058963.0,1151122.0,1.1983,32.4,157682.6,Medium,960
CUST-001428,"Goodman, Peterson and Spencer",Mid-Market,Transportation,Active,False,338289.44,35.0,3,0.0,66.67,97.83,2.19,60617305.0,715085.0,1.1797,46.53,157392.58,Medium,961
CUST-002147,Jordan-Edwards,Mid-Market,Energy,Active,True,482444.97,35.0,4,50.0,25.0,27.55,3.66,83351814.0,1092938.0,1.3112,32.62,157385.46,Medium,962
CUST-002158,Wright Ltd,Mid-Market,Transportation,Active,False,412620.63,30.0,1,0.0,0.0,7.53,3.35,102123490.0,1436575.0,1.4067,37.81,156025.92,Medium,963
CUST-001905,"Lee, Dominguez and Mosley",Mid-Market,Energy,Active,True,561296.08,30.0,2,50.0,0.0,46.78,3.23,135511061.0,1870141.0,1.3801,27.76,155816.52,Medium,964
CUST-002447,"Nguyen, Marsh and Beck",Mid-Market,Education,Active,False,363478.52,30.0,2,0.0,50.0,64.05,2.65,82302500.0,1178618.0,1.4321,42.86,155801.84,Medium,965
CUST-001290,Hancock Group,Mid-Market,Technology,Active,False,307475.36,65.0,4,25.0,0.0,26.74,3.26,80975314.0,1182867.0,1.4608,50.42,155033.84,High,966
CUST-000540,Humphrey PLC,Mid-Market,Banking,Active,True,563784.29,30.0,5,60.0,20.0,22.92,3.9,95903472.0,1198029.0,1.2492,27.5,155031.69,Medium,967
CUST-000117,Ross LLC,Mid-Market,Education,Active,False,441834.65,65.0,0,100.0,0.0,0.0,0.0,102957239.0,1270549.0,1.2341,34.97,154501.23,Medium,968
CUST-002115,"Roberts, Bowen and Miller",Mid-Market,Insurance,Active,True,411085.6,30.0,2,0.0,0.0,49.34,2.08,85947750.0,1062740.0,1.2365,37.47,154046.07,Medium,969
CUST-001863,Scott PLC,Mid-Market,Retail,Active,False,439310.33,65.0,0,100.0,0.0,0.0,0.0,108845282.0,1341557.0,1.2325,34.97,153605.17,Medium,970
CUST-001175,Decker-Dudley,Mid-Market,Retail,Active,False,510215.28,30.0,4,50.0,25.0,57.3,3.49,123942175.0,1612667.0,1.3011,30.1,153586.48,Medium,971
CUST-001242,"Valencia, Joseph and Walls",Mid-Market,Education,Active,True,326184.38,55.0,7,28.57,28.57,29.43,3.18,68958610.0,824180.0,1.1952,47.03,153415.01,Medium,972
CUST-000199,Ramirez Group,Mid-Market,Retail,Active,False,450731.36,30.0,6,16.67,0.0,53.06,2.7,70467012.0,774571.0,1.0992,33.87,152640.44,Medium,973
CUST-001034,"Barnes, Jackson and Gutierrez",Mid-Market,Manufacturing,Active,False,492420.5,30.0,3,33.33,0.0,26.0,3.15,104385400.0,1388387.0,1.3301,30.99,152618.1,Medium,974
CUST-002050,Lara-Roberts,Mid-Market,Technology,Active,False,354492.29,65.0,5,60.0,0.0,45.69,3.89,94100342.0,1151402.0,1.2236,42.95,152244.44,Medium,975
CUST-001638,"Hill, Brown and Scott",Mid-Market,Professional Services,Active,False,365516.6,65.0,3,66.67,0.0,59.11,3.64,124104386.0,1511139.0,1.2176,41.6,152061.99,Medium,976
CUST-001561,Diaz PLC,Enterprise,Retail,Active,True,723297.46,20.0,8,62.5,12.5,26.55,3.77,119608279.0,1316889.0,1.101,20.95,151545.31,Low,977
CUST-000415,Dixon Inc,Mid-Market,Insurance,Active,False,341914.2,35.0,5,0.0,40.0,52.2,2.84,80385312.0,1126930.0,1.4019,44.3,151481.05,Medium,978
CUST-001999,Flores LLC,Mid-Market,Professional Services,Active,False,315241.92,55.0,4,25.0,25.0,28.35,3.65,74319336.0,1011374.0,1.3608,47.72,150438.8,Medium,979
CUST-000425,Welch-Hogan,Mid-Market,Retail,Active,False,425852.11,35.0,4,25.0,0.0,49.7,3.08,100505034.0,1420230.0,1.4131,35.33,150437.31,Medium,980
CUST-001149,Powell-Sanford,Mid-Market,Banking,Active,False,460927.3,35.0,4,50.0,25.0,41.7,3.83,130088063.0,1675212.0,1.2878,32.58,150149.39,Medium,981
CUST-000930,"Proctor, Burton and Crawford",Mid-Market,Telecommunications,Active,False,333002.48,35.0,2,0.0,50.0,63.7,2.87,83744486.0,1069166.0,1.2767,45.05,150028.94,Medium,982
CUST-002078,Davis-Carpenter,Mid-Market,Healthcare,Active,True,365421.01,30.0,3,0.0,33.33,71.93,2.28,80504284.0,1005718.0,1.2493,40.83,149208.26,Medium,983
CUST-001665,Newton and Sons,Mid-Market,Manufacturing,Active,False,458933.55,30.0,4,25.0,0.0,71.67,3.17,137027940.0,1688407.0,1.2322,32.46,148989.68,Medium,984
CUST-001035,Bell-Bennett,Mid-Market,Professional Services,Active,False,541561.89,30.0,4,50.0,0.0,38.38,4.05,151397232.0,1881110.0,1.2425,27.48,148848.28,Medium,985
CUST-001760,Hill Inc,Mid-Market,Energy,Active,True,417817.05,30.0,5,20.0,20.0,43.68,3.17,114435636.0,1484154.0,1.2969,35.59,148717.24,Medium,986
CUST-001132,Arroyo LLC,Mid-Market,Professional Services,Active,False,328799.75,65.0,2,50.0,0.0,49.19,3.39,81328037.0,1069579.0,1.3151,45.13,148388.26,Medium,987
CUST-001167,Wallace-Martinez,Mid-Market,Media,Active,False,294295.72,55.0,1,0.0,0.0,8.94,1.84,43578374.0,627977.0,1.441,50.38,148272.24,High,988
CUST-000327,Richards-Carson,Mid-Market,Healthcare,Active,True,418437.39,30.0,8,25.0,25.0,47.26,3.26,84017248.0,1199618.0,1.4278,35.36,147941.25,Medium,989
CUST-000280,"Reyes, Chase and Jenkins",Mid-Market,Telecommunications,Active,False,419720.25,30.0,4,25.0,25.0,57.41,3.1,99449805.0,1352400.0,1.3599,35.22,147824.48,Medium,990
CUST-002327,Hartman Group,Mid-Market,Retail,Active,False,403154.94,30.0,7,14.29,14.29,52.17,3.0,82151405.0,1247120.0,1.5181,36.61,147585.26,Medium,991
CUST-000222,Harrison-Alexander,Mid-Market,Media,Active,False,428017.67,35.0,9,33.33,11.11,55.3,3.48,94907155.0,1122114.0,1.1823,34.31,146849.01,Medium,992
CUST-001801,"Haas, Cooper and Davis",Mid-Market,Media,Active,True,277194.42,65.0,5,20.0,20.0,31.31,2.53,51364740.0,635873.0,1.238,52.98,146846.27,High,993
CUST-001737,Montes LLC,Mid-Market,Retail,Active,False,388847.17,30.0,3,0.0,0.0,33.45,2.95,104684692.0,1392713.0,1.3304,37.66,146442.86,Medium,994
CUST-000543,Torres and Sons,Mid-Market,Professional Services,Active,True,243232.78,65.0,2,0.0,50.0,52.68,1.64,62241200.0,767319.0,1.2328,59.97,145856.07,High,995
CUST-000171,Meadows PLC,Mid-Market,Transportation,Active,True,448170.74,35.0,4,50.0,25.0,51.17,3.58,97962571.0,1235535.0,1.2612,32.52,145756.16,Medium,996
CUST-002413,Williams Ltd,Mid-Market,Media,Active,True,485941.69,35.0,4,50.0,0.0,35.78,3.58,120322531.0,1437968.0,1.1951,29.89,145248.89,Medium,997
CUST-000303,Santana-Byrd,Mid-Market,Manufacturing,Active,False,363441.02,35.0,4,0.0,0.0,66.03,2.49,66043278.0,812336.0,1.23,39.96,145231.07,Medium,998
CUST-001670,"Crosby, Armstrong and Herrera",Mid-Market,Education,Active,False,288236.07,65.0,6,33.33,16.67,46.34,2.87,62295009.0,895153.0,1.437,50.37,145195.79,High,999
CUST-001291,Harris Ltd,Mid-Market,Professional Services,Active,False,382380.62,30.0,2,0.0,0.0,36.24,3.19,91521367.0,1351455.0,1.4767,37.95,145126.1,Medium,1000
CUST-001791,Parker Group,Mid-Market,Transportation,Active,False,290960.29,65.0,7,28.57,0.0,50.92,3.04,63810523.0,971026.0,1.5217,49.83,144983.13,Medium,1001
CUST-001408,"Hale, Gilbert and Craig",Mid-Market,Manufacturing,Active,False,308078.93,65.0,5,40.0,0.0,62.45,3.25,57176224.0,719208.0,1.2579,47.02,144845.65,Medium,1002
CUST-000152,"Simmons, Meadows and Griffin",Mid-Market,Healthcare,Active,False,391052.74,35.0,3,33.33,33.33,66.17,2.61,122731315.0,1757665.0,1.4321,37.03,144810.41,Medium,1003
CUST-000822,Diaz and Sons,Mid-Market,Insurance,Active,True,426838.05,35.0,5,40.0,20.0,48.76,3.79,89192131.0,1046787.0,1.1736,33.85,144473.0,Medium,1004
CUST-000705,Sanders and Sons,Mid-Market,Energy,Active,True,536897.7,35.0,3,66.67,0.0,28.02,4.18,111470688.0,1507107.0,1.352,26.87,144268.22,Medium,1005
CUST-001497,Diaz-Green,Mid-Market,Manufacturing,Active,False,278061.59,65.0,3,33.33,33.33,45.61,3.58,86051623.0,1143429.0,1.3288,51.82,144103.22,High,1006
CUST-000771,Armstrong and Sons,Mid-Market,Manufacturing,Active,False,381027.89,30.0,6,16.67,33.33,34.11,3.33,81283930.0,1136576.0,1.3983,37.8,144015.43,Medium,1007
CUST-001061,"Gutierrez, Avila and Perez",Mid-Market,Professional Services,Active,False,385612.84,35.0,7,28.57,28.57,65.88,2.82,97533926.0,1298318.0,1.3311,37.31,143853.44,Medium,1008
CUST-001127,"Reeves, Parks and Little",Mid-Market,Transportation,Active,True,292540.63,65.0,5,40.0,20.0,54.65,3.35,100156595.0,1334704.0,1.3326,49.17,143828.29,Medium,1009
CUST-000908,"Wheeler, Rice and Levine",Mid-Market,Media,Active,False,360853.61,30.0,4,0.0,25.0,65.28,2.22,106103018.0,1248765.0,1.1769,39.85,143814.14,Medium,1010
CUST-000270,Baird-Sanchez,Mid-Market,Banking,Active,False,359758.34,35.0,3,33.33,66.67,44.32,3.06,74855172.0,915369.0,1.2229,39.95,143708.01,Medium,1011
CUST-002106,Jackson-Webster,Mid-Market,Insurance,Active,True,354763.92,65.0,4,75.0,0.0,24.88,4.23,67242000.0,903826.0,1.3441,40.19,142573.51,Medium,1012
CUST-001914,"Contreras, Ellis and Gregory",Mid-Market,Manufacturing,Active,False,432331.68,30.0,2,50.0,50.0,23.8,4.16,91772331.0,1303813.0,1.4207,32.84,141983.81,Medium,1013
CUST-000139,"Harvey, Davis and Crane",Mid-Market,Energy,Active,False,469295.41,20.0,4,25.0,25.0,62.47,3.39,97810286.0,1347143.0,1.3773,30.25,141983.47,Medium,1014
CUST-001320,Stewart Group,Mid-Market,Insurance,Active,False,471548.91,35.0,4,50.0,0.0,38.05,3.47,117713386.0,1512196.0,1.2846,30.07,141791.38,Medium,1015
CUST-001441,"Ramirez, Walker and Ray",Mid-Market,Transportation,Active,False,405368.79,35.0,6,33.33,16.67,42.87,3.38,103154814.0,1256227.0,1.2178,34.94,141618.08,Medium,1016
CUST-000584,"Kirby, Wheeler and Romero",Mid-Market,Healthcare,Active,False,368868.76,35.0,6,16.67,16.67,75.18,2.54,80923171.0,1011409.0,1.2498,38.33,141398.5,Medium,1017
CUST-001894,Graves Group,Mid-Market,Technology,Active,False,436063.67,30.0,6,33.33,16.67,44.8,3.47,88650842.0,1071294.0,1.2084,32.42,141358.25,Medium,1018
CUST-000575,"Lee, Tran and Jones",Mid-Market,Professional Services,Active,False,464639.42,35.0,4,50.0,0.0,69.58,3.44,108778957.0,1556170.0,1.4306,30.36,141069.92,Medium,1019
CUST-000868,"Stanton, Reid and Terry",Mid-Market,Technology,Active,False,416364.32,30.0,5,20.0,0.0,47.63,2.93,98011298.0,1390186.0,1.4184,33.84,140884.31,Medium,1020
CUST-002182,Ray and Sons,Mid-Market,Education,Active,False,373637.32,30.0,3,0.0,0.0,63.09,2.61,88948384.0,1192772.0,1.341,37.68,140793.8,Medium,1021
CUST-002369,Young-Hawkins,Mid-Market,Technology,Active,True,349858.79,35.0,2,0.0,0.0,11.61,2.59,104819631.0,1418291.0,1.3531,40.21,140664.77,Medium,1022
CUST-001922,Wilson PLC,Mid-Market,Media,Active,False,289552.26,65.0,6,33.33,0.0,41.18,3.4,58771209.0,766493.0,1.3042,48.44,140264.12,Medium,1023
CUST-001130,"White, Davis and Anderson",Mid-Market,Media,Active,False,251283.48,65.0,2,0.0,0.0,123.78,1.69,44864855.0,660996.0,1.4733,55.45,139328.17,High,1024
CUST-000979,Aguilar LLC,Mid-Market,Education,Active,False,390293.68,30.0,5,20.0,20.0,48.24,3.02,126937524.0,1687616.0,1.3295,35.66,139174.71,Medium,1025
CUST-000319,Buchanan LLC,Mid-Market,Telecommunications,Active,True,424684.11,30.0,8,37.5,25.0,36.4,3.11,95102007.0,1271312.0,1.3368,32.67,138759.48,Medium,1026
CUST-000131,"Parker, Ortiz and Powell",Mid-Market,Technology,Active,True,389976.99,30.0,4,25.0,25.0,76.77,3.83,87321773.0,1177176.0,1.3481,35.2,137257.0,Medium,1027
CUST-001011,Davis and Sons,Mid-Market,Telecommunications,Active,False,359622.46,55.0,4,75.0,25.0,23.67,4.17,66178070.0,1044162.0,1.5778,38.16,137216.16,Medium,1028
CUST-002243,Smith Inc,Mid-Market,Insurance,Active,False,240771.65,65.0,5,0.0,20.0,55.38,2.36,69219003.0,806225.0,1.1647,56.83,136829.3,High,1029
CUST-000763,Smith LLC,Enterprise,Education,Active,False,608044.82,20.0,15,53.33,6.67,42.08,3.56,145492263.0,1789417.0,1.2299,22.46,136565.71,Low,1030
CUST-000016,Galloway-Wyatt,Mid-Market,Energy,Active,False,393799.19,30.0,7,14.29,0.0,60.02,2.84,112048111.0,1415988.0,1.2637,34.67,136531.44,Medium,1031
CUST-002045,"Harding, Kerr and Ward",Mid-Market,Healthcare,Active,False,399542.78,30.0,3,33.33,33.33,43.83,3.42,60942224.0,744548.0,1.2217,34.11,136284.53,Medium,1032
CUST-000409,Jackson-Meza,Mid-Market,Insurance,Active,False,419118.45,30.0,4,25.0,0.0,57.43,2.69,108896662.0,1370173.0,1.2582,32.52,136282.5,Medium,1033
CUST-001165,"Vang, Stanley and Valdez",Mid-Market,Healthcare,Active,False,279752.55,65.0,6,33.33,0.0,41.14,3.17,76872355.0,1090047.0,1.418,48.67,136153.68,Medium,1034
CUST-001434,Perez and Sons,Mid-Market,Retail,Active,True,456220.57,30.0,4,50.0,25.0,17.87,3.45,111696298.0,1295994.0,1.1603,29.82,136047.56,Medium,1035
CUST-001880,Hammond-Schwartz,Mid-Market,Professional Services,Active,False,346885.51,35.0,8,12.5,12.5,36.37,3.11,47204458.0,697018.0,1.4766,39.2,135990.18,Medium,1036
CUST-000980,Johnson Inc,Mid-Market,Education,Active,False,493887.58,30.0,4,50.0,0.0,22.32,3.45,116478621.0,1449616.0,1.2445,27.49,135765.09,Medium,1037
CUST-002398,"Whitney, Lloyd and Liu",Mid-Market,Banking,Active,False,413180.99,30.0,4,25.0,0.0,48.22,2.8,93314753.0,1331491.0,1.4269,32.85,135745.5,Medium,1038
CUST-000683,"Holder, Young and Hendricks",Mid-Market,Manufacturing,Active,False,356810.69,30.0,5,20.0,40.0,30.45,2.87,86891147.0,1315552.0,1.514,38.03,135688.13,Medium,1039
CUST-001267,Lopez and Sons,Mid-Market,Telecommunications,Active,False,490243.09,30.0,2,50.0,0.0,17.07,3.92,106323511.0,1412243.0,1.3283,27.66,135584.09,Medium,1040
CUST-000568,Landry PLC,Mid-Market,Telecommunications,Active,False,336194.29,35.0,2,0.0,0.0,61.47,2.33,66983462.0,893151.0,1.3334,40.17,135038.42,Medium,1041
CUST-000755,"Sanders, Ayala and Johnson",Mid-Market,Retail,Active,False,438526.35,30.0,3,33.33,0.0,49.96,2.98,98807359.0,1211882.0,1.2265,30.79,135006.27,Medium,1042
CUST-001090,Mccann-Ramos,Mid-Market,Transportation,Active,False,391561.82,30.0,6,16.67,0.0,68.37,3.29,129313450.0,1799315.0,1.3914,34.45,134891.25,Medium,1043
CUST-002446,"Murray, Cole and Cole",Mid-Market,Manufacturing,Active,False,353875.9,30.0,4,0.0,0.0,100.77,2.58,62299727.0,841519.0,1.3508,37.7,133416.58,Medium,1044
CUST-001832,"Osborne, Harrison and Hunt",Mid-Market,Banking,Active,False,268339.16,65.0,7,28.57,0.0,56.66,3.14,45885770.0,652547.0,1.4221,49.63,133176.56,Medium,1045
CUST-000177,Curry Inc,Mid-Market,Professional Services,Active,True,258439.22,65.0,3,33.33,33.33,46.92,3.01,64841861.0,754215.0,1.1632,51.49,133078.08,High,1046
CUST-002131,Archer-Dixon,Mid-Market,Telecommunications,Active,False,519608.83,30.0,5,60.0,0.0,42.73,3.59,153951840.0,1991080.0,1.2933,25.59,132950.37,Medium,1047
CUST-000903,Abbott Ltd,Mid-Market,Professional Services,Active,False,478196.78,30.0,2,50.0,0.0,50.42,3.12,94404163.0,1302308.0,1.3795,27.76,132742.67,Medium,1048
CUST-000388,Davis PLC,Mid-Market,Education,Active,False,388412.91,35.0,5,40.0,20.0,53.42,3.72,86038757.0,1141539.0,1.3268,34.15,132656.78,Medium,1049
CUST-000192,"Wood, Hunter and Peterson",Mid-Market,Telecommunications,Active,False,252219.43,65.0,4,25.0,25.0,19.44,3.35,65774079.0,838194.0,1.2744,52.55,132538.05,High,1050
CUST-001769,Edwards-Roth,Mid-Market,Technology,Active,False,387018.33,30.0,6,16.67,0.0,62.44,2.69,98725529.0,1263843.0,1.2802,34.23,132464.7,Medium,1051
CUST-001685,Higgins Inc,Mid-Market,Media,Active,False,453897.08,30.0,6,50.0,16.67,26.6,3.27,117326181.0,1378965.0,1.1753,29.02,131708.76,Medium,1052
CUST-000746,White LLC,Mid-Market,Telecommunications,Active,False,475065.59,30.0,5,60.0,20.0,56.57,3.72,128505153.0,1736854.0,1.3516,27.7,131608.21,Medium,1053
CUST-001092,"Davis, Alexander and Mcintyre",Mid-Market,Manufacturing,Active,False,315806.72,30.0,5,0.0,40.0,48.35,2.84,58224404.0,745038.0,1.2796,41.56,131246.73,Medium,1054
CUST-000182,"Gould, Marshall and Scott",Mid-Market,Technology,Active,False,474433.42,30.0,2,50.0,0.0,75.79,3.52,111222818.0,1461404.0,1.3139,27.63,131075.92,Medium,1055
CUST-000661,Foster Inc,Mid-Market,Technology,Active,True,473624.93,30.0,3,66.67,33.33,54.86,4.33,109913461.0,1463042.0,1.3311,27.66,131014.94,Medium,1056
CUST-002349,Mccoy Ltd,Mid-Market,Professional Services,Active,False,383997.55,35.0,5,40.0,20.0,64.96,3.16,110775903.0,1411270.0,1.274,34.05,130743.38,Medium,1057
CUST-000550,Miller Ltd,Mid-Market,Education,Active,False,390897.44,35.0,3,33.33,0.0,53.91,3.02,114624587.0,1465786.0,1.2788,33.39,130524.08,Medium,1058
CUST-002283,Alexander Ltd,Mid-Market,Retail,Active,False,290774.29,65.0,2,50.0,0.0,69.87,3.88,66043733.0,762524.0,1.1546,44.81,130293.48,Medium,1059
CUST-002242,Duffy-Wilkerson,Mid-Market,Banking,Active,False,335483.53,35.0,7,14.29,14.29,75.02,2.93,63789495.0,877765.0,1.376,38.82,130246.44,Medium,1060
CUST-002056,Davis-Ortiz,Mid-Market,Insurance,Active,False,505444.85,35.0,7,71.43,0.0,38.16,4.16,104527619.0,1332639.0,1.2749,25.76,130223.4,Medium,1061
CUST-001728,Peterson-Ramsey,Mid-Market,Telecommunications,Active,True,343507.86,30.0,3,0.0,0.0,70.35,2.21,101851043.0,1462860.0,1.4363,37.87,130095.18,Medium,1062
CUST-002215,Vega-Richmond,Mid-Market,Energy,Active,False,321029.09,30.0,7,0.0,28.57,51.25,2.51,84215887.0,1112965.0,1.3216,40.5,130017.64,Medium,1063
CUST-000077,"Woods, Calhoun and Schmidt",Mid-Market,Technology,Active,False,284183.4,55.0,7,28.57,14.29,54.48,3.2,134099749.0,1667582.0,1.2435,45.7,129875.69,Medium,1064
CUST-000376,"Pugh, Henderson and Moon",Mid-Market,Telecommunications,Active,False,308037.18,30.0,5,0.0,40.0,48.79,2.56,88095686.0,1305969.0,1.4824,41.96,129267.46,Medium,1065
CUST-001162,"Wagner, Martinez and Dawson",Mid-Market,Retail,Active,False,268734.77,65.0,3,33.33,0.0,40.52,3.26,59780399.0,669179.0,1.1194,48.07,129186.51,Medium,1066
CUST-001310,Medina-Arroyo,Mid-Market,Healthcare,Active,False,317190.07,30.0,3,0.0,33.33,104.12,3.24,58671599.0,675563.0,1.1514,40.64,128893.98,Medium,1067
CUST-001103,Thompson-Harrell,Mid-Market,Technology,Active,True,307170.18,65.0,3,66.67,0.0,27.48,3.51,79720193.0,1059660.0,1.3292,41.83,128474.28,Medium,1068
CUST-000869,Flynn Group,Mid-Market,Manufacturing,Active,True,343598.98,30.0,3,0.0,0.0,89.24,3.22,85025829.0,1013061.0,1.1915,37.38,128447.43,Medium,1069
CUST-000381,"Richardson, Farmer and Andrews",Mid-Market,Education,Active,True,255960.01,35.0,1,0.0,100.0,28.35,1.55,52007557.0,690494.0,1.3277,50.16,128377.67,High,1070
CUST-000674,"Gray, Hall and Murray",Mid-Market,Education,Active,False,357295.35,35.0,5,20.0,0.0,50.98,2.59,74986709.0,901642.0,1.2024,35.9,128286.2,Medium,1071
CUST-000112,"Shields, Cochran and Adams",Mid-Market,Energy,Active,False,282559.45,65.0,4,50.0,0.0,23.9,3.39,98279167.0,1416422.0,1.4412,45.38,128232.39,Medium,1072
CUST-002146,"Dalton, Turner and Mccarthy",Mid-Market,Telecommunications,Active,False,339745.18,30.0,3,0.0,0.0,29.42,2.61,101695454.0,1372875.0,1.35,37.7,128083.84,Medium,1073
CUST-001693,"Mack, Griffin and Sims",Mid-Market,Transportation,Active,False,230190.68,65.0,5,20.0,40.0,37.55,2.95,47268592.0,674205.0,1.4263,55.35,127416.65,High,1074
CUST-000877,Harris-Barker,Mid-Market,Education,Active,False,406686.47,30.0,8,37.5,12.5,40.84,3.15,126859243.0,1616300.0,1.2741,31.3,127285.46,Medium,1075
CUST-001886,Bishop and Sons,Mid-Market,Manufacturing,Active,False,427075.6,30.0,5,40.0,0.0,32.73,2.95,94062815.0,1318079.0,1.4013,29.8,127279.42,Medium,1076
CUST-000990,Holland Group,Mid-Market,Healthcare,Active,False,363175.87,35.0,4,25.0,0.0,55.17,3.19,102861976.0,1308944.0,1.2725,35.05,127275.16,Medium,1077
CUST-001538,Parks LLC,Mid-Market,Education,Active,False,435577.59,30.0,6,50.0,16.67,29.86,3.71,105310492.0,1303134.0,1.2374,29.14,126933.88,Medium,1078
CUST-000072,House-Glover,Mid-Market,Telecommunications,Active,True,230120.98,65.0,4,0.0,0.0,81.01,2.62,41599936.0,545111.0,1.3104,55.12,126844.36,High,1079
CUST-000025,"Walter, Edwards and Rios",Mid-Market,Banking,Active,True,231397.41,65.0,1,0.0,0.0,34.83,2.47,64727047.0,749252.0,1.1576,54.82,126840.75,High,1080
CUST-001221,Moran-Cox,Mid-Market,Technology,Active,True,483046.58,30.0,7,57.14,0.0,65.66,3.8,77913976.0,1046430.0,1.3431,26.26,126836.17,Medium,1081
CUST-000609,Huang-Foster,Mid-Market,Media,Active,False,230788.97,65.0,4,25.0,50.0,25.65,3.57,52793370.0,608328.0,1.1523,54.8,126482.88,High,1082
CUST-000312,Parsons-Hall,Mid-Market,Technology,Active,True,279930.48,65.0,4,50.0,0.0,18.59,3.75,42276017.0,517853.0,1.2249,44.95,125828.38,Medium,1083
CUST-001146,Johnston and Sons,Mid-Market,Banking,Active,True,359703.15,35.0,2,50.0,50.0,92.72,3.26,87112067.0,1080086.0,1.2399,34.98,125823.31,Medium,1084
CUST-000153,Manning Group,Mid-Market,Manufacturing,Active,True,293718.53,65.0,5,80.0,40.0,27.93,4.02,107095177.0,1226120.0,1.1449,42.79,125681.5,Medium,1085
CUST-001309,"Thomas, Williams and Armstrong",Mid-Market,Energy,Active,False,385005.2,30.0,4,25.0,0.0,80.95,3.19,113933456.0,1479114.0,1.2982,32.6,125498.04,Medium,1086
CUST-002195,Lucas-Johnson,Mid-Market,Telecommunications,Active,True,359021.49,35.0,8,37.5,25.0,68.48,2.82,68871943.0,824698.0,1.1974,34.89,125280.1,Medium,1087
CUST-001009,"Thomas, Vaughan and Copeland",Mid-Market,Telecommunications,Active,False,455225.21,30.0,4,50.0,0.0,44.4,3.41,134601796.0,1677963.0,1.2466,27.49,125156.09,Medium,1088
CUST-001086,Mccall-Prince,Mid-Market,Technology,Active,True,354423.34,65.0,2,100.0,0.0,25.86,4.23,80585631.0,1128015.0,1.3998,35.3,125109.82,Medium,1089
CUST-002084,"Norris, Cisneros and Mathis",Mid-Market,Education,Active,False,524777.54,30.0,5,80.0,20.0,41.11,4.08,151497304.0,2144527.0,1.4156,23.83,125060.31,Low,1090
CUST-002163,"Robertson, Fisher and Smith",Mid-Market,Banking,Active,False,276292.2,65.0,2,50.0,0.0,15.99,3.95,46670890.0,613382.0,1.3143,45.13,124686.64,Medium,1091
CUST-000143,Gibson Ltd,Mid-Market,Media,Active,False,278086.3,65.0,4,50.0,0.0,50.17,3.18,66887555.0,766759.0,1.1463,44.79,124562.31,Medium,1092
CUST-000727,"Durham, Hopkins and Smith",Mid-Market,Telecommunications,Active,False,483735.47,30.0,6,66.67,16.67,38.59,3.78,88938465.0,1069138.0,1.2021,25.74,124501.67,Medium,1093
CUST-001474,Miller LLC,Mid-Market,Transportation,Active,False,266097.28,65.0,6,50.0,16.67,48.45,3.43,65245901.0,838152.0,1.2846,46.74,124362.9,Medium,1094
CUST-000031,Burton Ltd,Mid-Market,Healthcare,Active,True,376597.42,30.0,4,25.0,0.0,41.93,2.86,71887445.0,1058729.0,1.4728,32.95,124071.97,Medium,1095
CUST-001288,Jackson PLC,Mid-Market,Retail,Active,False,352703.16,35.0,4,25.0,0.0,23.91,2.85,97104280.0,1225224.0,1.2618,35.02,123529.07,Medium,1096
CUST-001029,Fields Inc,Mid-Market,Energy,Active,True,307480.23,35.0,4,25.0,50.0,78.8,3.38,44237753.0,589414.0,1.3324,40.16,123498.68,Medium,1097
CUST-001231,Ellis-Lawrence,Mid-Market,Transportation,Active,False,263150.05,65.0,6,50.0,16.67,59.2,3.46,57376137.0,756105.0,1.3178,46.8,123160.21,Medium,1098
CUST-000857,"Adams, Hodge and Duke",Mid-Market,Insurance,Active,False,489952.44,30.0,4,75.0,25.0,36.92,4.37,111735260.0,1424472.0,1.2749,25.05,122731.75,Medium,1099
CUST-001315,"Phelps, York and Randolph",Mid-Market,Retail,Active,False,505734.82,30.0,3,66.67,0.0,28.55,4.2,105623693.0,1361052.0,1.2886,24.24,122609.53,Low,1100
CUST-002120,Crosby-Richardson,Mid-Market,Telecommunications,Active,False,380622.19,35.0,5,40.0,0.0,42.41,3.48,88520194.0,1145144.0,1.2937,32.09,122131.41,Medium,1101
CUST-001804,Wood PLC,Mid-Market,Energy,Active,False,360687.09,30.0,8,25.0,12.5,44.42,3.12,78692866.0,987532.0,1.2549,33.76,121767.38,Medium,1102
CUST-000616,Sanchez Ltd,Mid-Market,Energy,Active,False,606705.69,35.0,1,100.0,0.0,3.17,4.57,102126787.0,1294342.0,1.2674,20.03,121552.12,Low,1103
CUST-000211,"Pierce, Bell and Chavez",Mid-Market,Manufacturing,Active,True,241668.16,65.0,8,37.5,25.0,31.66,3.35,83551769.0,1163708.0,1.3928,50.29,121524.28,High,1104
CUST-002042,Johnson PLC,Mid-Market,Professional Services,Active,True,269384.61,65.0,4,50.0,0.0,25.15,3.65,67950470.0,843150.0,1.2408,44.98,121173.67,Medium,1105
CUST-000151,Salazar-Ball,Mid-Market,Transportation,Active,False,452710.44,20.0,5,40.0,20.0,42.98,2.91,87751069.0,1201284.0,1.369,26.74,121045.43,Medium,1106
CUST-000337,"Newton, Moore and Perry",Mid-Market,Technology,Active,False,404181.6,30.0,4,50.0,25.0,39.29,3.87,103620174.0,1264858.0,1.2207,29.94,121017.37,Medium,1107
CUST-000992,Ramirez and Sons,Mid-Market,Energy,Active,True,310032.45,30.0,6,16.67,50.0,32.77,2.48,79474927.0,922789.0,1.1611,38.99,120878.18,Medium,1108
CUST-002316,Rhodes-Holland,Mid-Market,Transportation,Active,False,326100.95,35.0,6,16.67,0.0,84.56,2.96,140270417.0,2020445.0,1.4404,37.05,120812.09,Medium,1109
CUST-000714,Hudson-Sanchez,Mid-Market,Banking,Active,False,322510.66,30.0,9,11.11,22.22,50.34,2.83,85920751.0,1041866.0,1.2126,37.43,120700.19,Medium,1110
CUST-000626,Osborn Group,Mid-Market,Insurance,Active,False,686054.38,30.0,2,100.0,0.0,18.11,4.87,111429801.0,1442196.0,1.2943,17.59,120666.87,Low,1111
CUST-000856,Werner-Carter,Mid-Market,Media,Active,True,204867.1,65.0,3,0.0,33.33,35.1,2.39,53866771.0,760809.0,1.4124,58.66,120171.18,High,1112
CUST-000502,Paul-Kline,Mid-Market,Education,Active,True,395422.32,35.0,2,50.0,0.0,25.39,3.4,68118484.0,982086.0,1.4417,30.38,120143.0,Medium,1113
CUST-000860,"Martinez, Cline and Wright",Mid-Market,Manufacturing,Active,False,224904.14,65.0,6,16.67,16.67,56.95,2.65,43100561.0,551530.0,1.2796,53.39,120082.18,High,1114
CUST-001245,"Hester, Thompson and Daniels",Mid-Market,Manufacturing,Active,True,349691.88,30.0,3,33.33,33.33,24.77,3.1,89989585.0,1185373.0,1.3172,34.3,119948.28,Medium,1115
CUST-000205,Miller Ltd,Mid-Market,Transportation,Active,False,682439.76,30.0,1,100.0,0.0,67.72,4.55,131188722.0,1686972.0,1.2859,17.57,119917.12,Low,1116
CUST-002373,"Perez, Hoffman and Tucker",Mid-Market,Insurance,Active,True,331106.36,30.0,6,16.67,16.67,32.94,2.83,80261804.0,1135302.0,1.4145,36.16,119735.78,Medium,1117
CUST-001184,Phelps LLC,Mid-Market,Retail,Active,True,421944.14,35.0,7,57.14,0.0,26.76,3.54,146912262.0,1683780.0,1.1461,28.36,119678.78,Medium,1118
CUST-000442,Rangel LLC,Mid-Market,Insurance,Active,True,332091.04,35.0,5,20.0,0.0,41.63,2.52,72726227.0,918127.0,1.2624,36.02,119635.42,Medium,1119
CUST-002324,"Carroll, King and Scott",Mid-Market,Manufacturing,Active,False,226108.7,65.0,4,25.0,25.0,42.1,3.03,70531979.0,994322.0,1.4097,52.82,119429.47,High,1120
CUST-000101,Figueroa PLC,Mid-Market,Media,Active,True,230826.58,65.0,6,33.33,33.33,43.06,3.41,51909865.0,630042.0,1.2137,51.59,119092.93,High,1121
CUST-000976,Martinez Inc,Mid-Market,Telecommunications,Active,False,325585.98,35.0,6,16.67,0.0,55.08,2.85,86782150.0,964831.0,1.1118,36.39,118481.51,Medium,1122
CUST-001371,Carlson-Jones,Mid-Market,Energy,Active,False,330736.65,35.0,6,33.33,16.67,29.08,2.94,90379023.0,1366344.0,1.5118,35.52,117489.52,Medium,1123
CUST-000119,May-Ross,Mid-Market,Healthcare,Active,False,377930.06,30.0,6,33.33,0.0,26.99,3.38,97281065.0,1317099.0,1.3539,31.04,117313.86,Medium,1124
CUST-001123,Guerrero-Becker,Mid-Market,Retail,Active,False,379158.22,30.0,6,33.33,0.0,36.63,3.26,91152383.0,1167334.0,1.2806,30.89,117139.47,Medium,1125
CUST-002124,Neal-Madden,Mid-Market,Energy,Active,True,217390.75,65.0,6,16.67,16.67,88.26,2.96,54292329.0,815122.0,1.5014,53.84,117034.59,High,1126
CUST-000535,Salazar Inc,Mid-Market,Energy,Active,True,352078.84,30.0,7,28.57,14.29,71.44,3.22,72888480.0,895188.0,1.2282,33.17,116786.69,Medium,1127
CUST-001504,Wright-Espinoza,Mid-Market,Banking,Active,False,232203.16,55.0,2,0.0,0.0,36.21,3.3,75599832.0,1017534.0,1.3459,50.19,116547.17,High,1128
CUST-000997,Durham-Shaw,Mid-Market,Education,Active,False,342057.57,30.0,5,40.0,40.0,62.41,3.33,76771394.0,1175797.0,1.5316,34.06,116515.45,Medium,1129
CUST-001694,Roach and Sons,Mid-Market,Education,Active,True,259006.79,35.0,2,0.0,50.0,31.65,2.71,55906746.0,694078.0,1.2415,44.98,116508.98,Medium,1130
CUST-000106,Nolan and Sons,Mid-Market,Insurance,Active,False,248258.22,65.0,7,42.86,0.0,48.21,3.61,65733115.0,974092.0,1.4819,46.89,116414.11,Medium,1131
CUST-001956,Kane-Bennett,Mid-Market,Telecommunications,Active,True,438183.9,35.0,3,66.67,0.0,52.65,3.61,121353246.0,1413307.0,1.1646,26.5,116100.82,Medium,1132
CUST-001350,"Hudson, Bennett and Gray",Mid-Market,Technology,Active,True,368923.57,30.0,3,33.33,0.0,75.75,3.17,103594869.0,1618232.0,1.5621,31.46,116054.09,Medium,1133
CUST-001044,"Martin, Preston and Moore",Mid-Market,Transportation,Active,False,338961.22,30.0,6,16.67,0.0,57.26,3.03,72031421.0,890365.0,1.2361,34.14,115717.37,Medium,1134
CUST-001277,Walker-Lewis,Mid-Market,Energy,Active,True,354271.82,30.0,4,25.0,0.0,48.77,3.08,85591394.0,1138529.0,1.3302,32.66,115706.53,Medium,1135
CUST-001160,Perez Ltd,Mid-Market,Banking,Active,True,323545.75,20.0,3,0.0,33.33,96.95,2.65,72938964.0,790909.0,1.0843,35.5,114865.28,Medium,1136
CUST-002417,"Wade, Richard and Hall",Mid-Market,Technology,Active,False,369892.79,30.0,3,33.33,0.0,32.64,3.71,90877955.0,1223348.0,1.3461,31.03,114761.54,Medium,1137
CUST-000702,Giles Ltd,Mid-Market,Education,Active,False,287256.68,35.0,2,0.0,0.0,10.93,2.98,74830854.0,903091.0,1.2068,39.91,114654.73,Medium,1138
CUST-000212,King-Martinez,Mid-Market,Manufacturing,Active,False,304431.39,30.0,3,33.33,66.67,43.83,3.64,73149426.0,963165.0,1.3167,37.63,114567.94,Medium,1139
CUST-001624,"Webb, Blair and Thomas",Mid-Market,Telecommunications,Active,False,243971.92,65.0,5,40.0,0.0,42.4,3.7,72659391.0,876729.0,1.2066,46.91,114455.17,Medium,1140
CUST-002117,"Fitzgerald, Mcdaniel and Randall",Mid-Market,Healthcare,Active,False,468055.21,30.0,3,66.67,0.0,39.04,3.78,106061998.0,1397767.0,1.3179,24.3,113748.75,Low,1141
CUST-000914,Hunter-Fuller,Mid-Market,Media,Active,False,207172.03,65.0,3,0.0,0.0,81.87,2.24,39215435.0,470127.0,1.1988,54.9,113732.6,High,1142
CUST-001252,Adams and Sons,Mid-Market,Banking,Active,False,335306.22,30.0,5,40.0,40.0,30.17,3.31,84124173.0,1170239.0,1.3911,33.78,113273.72,Medium,1143
CUST-002436,Torres-Brooks,Mid-Market,Retail,Active,False,323444.49,35.0,6,33.33,16.67,54.01,3.2,68149599.0,849205.0,1.2461,34.99,113180.27,Medium,1144
CUST-002088,Collins-Cox,Mid-Market,Banking,Active,True,348304.53,30.0,4,50.0,50.0,15.22,3.43,79470790.0,989114.0,1.2446,32.49,113161.54,Medium,1145
CUST-000292,Young Ltd,Mid-Market,Transportation,Active,True,302698.63,35.0,4,25.0,25.0,56.58,3.47,62261535.0,709660.0,1.1398,37.28,112844.87,Medium,1146
CUST-002359,Barber-Harrison,Mid-Market,Manufacturing,Active,True,264575.14,30.0,4,0.0,50.0,44.97,2.81,61030480.0,808878.0,1.3254,42.65,112843.24,Medium,1147
CUST-000116,Walker Ltd,Mid-Market,Telecommunications,Active,False,500562.82,30.0,4,75.0,0.0,19.42,3.9,106858297.0,1319003.0,1.2343,22.47,112469.94,Low,1148
CUST-001584,Foley Inc,Mid-Market,Banking,Active,False,556432.11,35.0,1,100.0,0.0,49.44,4.42,143843581.0,1870204.0,1.3002,20.1,111844.69,Low,1149
CUST-001558,Washington Inc,Mid-Market,Transportation,Active,False,425464.46,30.0,7,57.14,0.0,31.1,3.82,103007534.0,1318002.0,1.2795,26.13,111175.86,Medium,1150
CUST-001695,Dean LLC,Mid-Market,Professional Services,Active,False,221959.28,35.0,1,0.0,100.0,91.26,2.9,59301529.0,758058.0,1.2783,50.06,111105.32,High,1151
CUST-001921,"Jackson, Garza and Meyers",Mid-Market,Healthcare,Active,True,400178.25,30.0,2,50.0,0.0,33.13,3.97,136709622.0,1865185.0,1.3643,27.73,110964.15,Medium,1152
CUST-002075,Duran PLC,Mid-Market,Transportation,Active,True,356704.89,30.0,3,33.33,0.0,30.62,3.6,87578463.0,1172899.0,1.3393,31.01,110620.76,Medium,1153
CUST-000808,Bailey LLC,Mid-Market,Professional Services,Active,False,248494.07,65.0,2,50.0,0.0,26.02,3.03,62237133.0,605234.0,0.9725,44.44,110443.01,Medium,1154
CUST-001137,"Carpenter, Oliver and Kennedy",Mid-Market,Professional Services,Active,False,292434.49,30.0,4,0.0,0.0,48.68,2.72,79094631.0,1093246.0,1.3822,37.76,110436.13,Medium,1155
CUST-001962,Harris-Martinez,Mid-Market,Education,Active,False,370363.51,30.0,5,40.0,0.0,21.52,3.1,108087980.0,1496663.0,1.3847,29.77,110254.78,Medium,1156
CUST-002136,Jimenez Inc,Mid-Market,Technology,Active,True,244195.31,65.0,4,50.0,0.0,32.67,3.53,55597591.0,720412.0,1.2958,45.09,110111.38,Medium,1157
CUST-002172,Davies-Morales,Mid-Market,Telecommunications,Active,False,313887.58,35.0,8,25.0,0.0,72.71,2.68,69003543.0,841169.0,1.219,34.94,109666.19,Medium,1158
CUST-001347,Keith-Williams,Mid-Market,Technology,Active,False,351214.38,30.0,3,33.33,0.0,67.22,3.78,93861495.0,1349964.0,1.4383,31.21,109613.43,Medium,1159
CUST-001526,"Vang, Gonzalez and Moss",Mid-Market,Technology,Active,False,414182.33,35.0,3,66.67,0.0,54.2,3.96,70868784.0,797580.0,1.1254,26.42,109416.74,Medium,1160
CUST-001256,Cervantes-Garcia,Mid-Market,Technology,Active,False,455786.29,35.0,5,80.0,0.0,20.36,4.17,96745019.0,1205057.0,1.2456,23.99,109348.61,Low,1161
CUST-000794,Ferguson-Mclean,Mid-Market,Energy,Active,True,310714.38,35.0,8,37.5,25.0,60.78,3.33,77630112.0,1023673.0,1.3187,35.14,109176.67,Medium,1162
CUST-001797,"Carter, Gilbert and West",Mid-Market,Retail,Active,True,363201.17,35.0,2,50.0,0.0,55.98,3.47,71418942.0,884247.0,1.2381,29.98,108874.0,Medium,1163
CUST-001555,Rodriguez-Mills,Mid-Market,Energy,Active,True,332015.4,20.0,6,16.67,33.33,47.67,2.83,85213975.0,1188271.0,1.3945,32.79,108864.23,Medium,1164
CUST-002401,Smith-Ramirez,Mid-Market,Transportation,Active,False,335137.6,20.0,1,0.0,0.0,28.76,2.42,89590347.0,1105916.0,1.2344,32.47,108815.25,Medium,1165
CUST-001796,Guerrero Group,Mid-Market,Insurance,Active,False,390095.96,30.0,2,50.0,0.0,26.39,3.7,112340998.0,1556688.0,1.3857,27.77,108334.96,Medium,1166
CUST-001697,"Aguirre, Franklin and Snyder",Mid-Market,Transportation,Active,False,479154.78,30.0,4,75.0,0.0,43.72,4.16,122525529.0,1583477.0,1.2924,22.58,108215.81,Low,1167
CUST-000387,"Morales, Thomas and Schultz",Mid-Market,Transportation,Active,True,341652.48,30.0,5,40.0,20.0,36.79,3.68,88325447.0,1176672.0,1.3322,31.66,108182.21,Medium,1168
CUST-000601,Stevens PLC,Mid-Market,Retail,Active,False,364660.94,30.0,5,60.0,40.0,56.96,3.74,81833927.0,1031226.0,1.2601,29.52,107648.97,Medium,1169
CUST-002218,"Johnson, Stevenson and Lindsey",Mid-Market,Banking,Active,False,355120.2,35.0,3,66.67,33.33,25.28,3.71,82204220.0,1130955.0,1.3758,30.25,107429.45,Medium,1170
CUST-001668,Patterson Inc,Mid-Market,Retail,Active,False,187293.67,65.0,5,0.0,20.0,31.64,2.95,36948961.0,482174.0,1.305,57.11,106963.31,High,1171
CUST-002463,Scott-Wilson,Mid-Market,Energy,Active,False,318095.12,35.0,3,33.33,0.0,53.5,3.11,53734667.0,743442.0,1.3835,33.6,106881.29,Medium,1172
CUST-000825,"Price, Long and Wilson",Mid-Market,Healthcare,Active,False,384957.18,30.0,2,50.0,0.0,50.39,3.59,77968835.0,1046129.0,1.3417,27.68,106569.44,Medium,1173
CUST-001597,"Reyes, Torres and Williams",Mid-Market,Education,Active,False,487878.64,30.0,5,80.0,0.0,29.85,4.1,93340695.0,1231811.0,1.3197,21.64,105573.95,Low,1174
CUST-000384,"Gallegos, Adams and White",Mid-Market,Healthcare,Active,False,279339.52,30.0,2,0.0,0.0,42.05,1.95,66335395.0,924413.0,1.3935,37.79,105554.27,Medium,1175
CUST-001729,"Choi, Collier and Lee",Mid-Market,Technology,Active,False,333616.78,35.0,6,50.0,16.67,20.88,3.63,61762274.0,763567.0,1.2363,31.64,105553.9,Medium,1176
CUST-001776,"Stark, Rivera and Valencia",Mid-Market,Retail,Active,False,293433.08,20.0,3,0.0,33.33,99.62,2.46,63288190.0,791854.0,1.2512,35.84,105153.82,Medium,1177
CUST-000842,Medina and Sons,Mid-Market,Professional Services,Active,True,380192.59,30.0,2,50.0,0.0,19.75,3.4,76599194.0,1002127.0,1.3083,27.62,104996.07,Medium,1178
CUST-000734,Chung-Stevens,Mid-Market,Insurance,Active,False,266700.45,30.0,8,12.5,37.5,55.79,3.06,52197740.0,775747.0,1.4862,39.22,104606.16,Medium,1179
CUST-002224,Turner-Mayer,Mid-Market,Telecommunications,Active,True,277138.6,30.0,5,20.0,40.0,29.57,3.66,73968216.0,923391.0,1.2484,37.5,103917.9,Medium,1180
CUST-002107,Beltran Inc,Mid-Market,Transportation,Active,False,376285.63,30.0,2,50.0,0.0,34.13,3.75,101023951.0,1291024.0,1.2779,27.56,103688.81,Medium,1181
CUST-000460,"Valentine, Joyce and Murray",Mid-Market,Healthcare,Active,True,287019.63,30.0,6,16.67,16.67,84.67,2.93,55371442.0,701435.0,1.2668,35.87,102945.03,Medium,1182
CUST-000636,Thompson Ltd,Mid-Market,Manufacturing,Active,False,315866.99,30.0,4,25.0,0.0,69.08,2.89,77344162.0,980210.0,1.2673,32.53,102766.29,Medium,1183
CUST-002292,Clay Inc,Mid-Market,Professional Services,Active,False,307502.99,30.0,7,28.57,14.29,69.76,3.2,89370323.0,1188747.0,1.3301,33.37,102627.76,Medium,1184
CUST-001006,Thompson PLC,Mid-Market,Professional Services,Active,False,246522.39,65.0,3,66.67,0.0,40.75,3.86,68036430.0,834841.0,1.227,41.62,102604.51,Medium,1185
CUST-001960,Hughes and Sons,Mid-Market,Banking,Active,False,191929.02,65.0,5,20.0,20.0,87.68,3.54,48320601.0,707637.0,1.4645,53.43,102545.61,High,1186
CUST-000142,Riggs PLC,Mid-Market,Transportation,Active,True,304313.0,35.0,3,33.33,0.0,68.04,3.19,56408051.0,755475.0,1.3393,33.51,101981.19,Medium,1187
CUST-000952,Blake Group,Mid-Market,Insurance,Active,False,267528.59,35.0,5,20.0,20.0,33.98,2.77,70470519.0,902510.0,1.2807,38.06,101825.08,Medium,1188
CUST-001566,"Brown, Jensen and Rice",Mid-Market,Retail,Active,True,296754.98,35.0,5,40.0,20.0,28.08,3.06,87566934.0,1207087.0,1.3785,34.26,101659.2,Medium,1189
CUST-000854,Li Inc,Mid-Market,Telecommunications,Active,False,290308.26,35.0,4,50.0,50.0,19.5,3.57,67868423.0,847651.0,1.249,35.0,101601.87,Medium,1190
CUST-001307,"Phillips, Walters and Evans",Mid-Market,Energy,Active,True,578987.89,30.0,1,100.0,0.0,10.83,4.52,138136481.0,1734033.0,1.2553,17.51,101384.3,Low,1191
CUST-000872,Kelley-Anderson,Mid-Market,Insurance,Active,True,360207.02,30.0,2,50.0,0.0,70.72,3.73,90631674.0,1376249.0,1.5185,28.04,100991.3,Medium,1192
CUST-002171,Mitchell Inc,Mid-Market,Energy,Active,False,574846.73,30.0,0,100.0,0.0,0.0,0.0,150760757.0,1932133.0,1.2816,17.56,100961.35,Low,1193
CUST-001115,Byrd-Holloway,Mid-Market,Manufacturing,Active,False,452206.88,20.0,6,50.0,0.0,45.82,3.67,94336088.0,1076761.0,1.1414,22.28,100764.44,Low,1194
CUST-002000,"Frazier, Ramirez and Brown",Mid-Market,Banking,Active,False,305463.61,20.0,2,0.0,0.0,18.74,2.2,63862323.0,942543.0,1.4759,32.95,100655.75,Medium,1195
CUST-000940,Shaw Inc,Mid-Market,Media,Active,False,262593.91,35.0,6,16.67,16.67,36.22,2.35,61643757.0,743785.0,1.2066,38.25,100432.99,Medium,1196
CUST-001068,Thompson-Joyce,Mid-Market,Education,Active,False,308994.4,20.0,5,0.0,0.0,77.94,2.7,60469017.0,756385.0,1.2509,32.5,100428.52,Medium,1197
CUST-002484,"Roberts, Stanton and Smith",Mid-Market,Education,Active,False,305320.39,35.0,4,50.0,25.0,61.17,3.37,74516421.0,957551.0,1.285,32.57,99442.97,Medium,1198
CUST-001953,Burgess LLC,Mid-Market,Media,Active,False,413187.46,35.0,5,80.0,0.0,39.3,4.31,66750299.0,821429.0,1.2306,23.96,99004.67,Low,1199
CUST-000850,Gonzales Inc,Mid-Market,Banking,Active,False,333864.01,35.0,2,50.0,0.0,51.72,3.43,70637749.0,754033.0,1.0675,29.63,98940.36,Medium,1200
CUST-001223,Smith LLC,Mid-Market,Insurance,Active,True,294607.7,35.0,3,33.33,0.0,28.95,3.59,67084066.0,868602.0,1.2948,33.42,98466.51,Medium,1201
CUST-000761,Moore-Dawson,Mid-Market,Technology,Active,True,269106.62,55.0,3,66.67,0.0,44.27,4.11,58633253.0,681331.0,1.162,36.49,98198.92,Medium,1202
CUST-001982,Warner PLC,Mid-Market,Media,Active,False,279541.21,65.0,3,100.0,0.0,51.38,4.38,63537467.0,832832.0,1.3108,35.12,98179.19,Medium,1203
CUST-001515,Martinez-Gonzales,Mid-Market,Insurance,Active,True,261483.44,30.0,4,0.0,0.0,86.41,2.36,46900763.0,582274.0,1.2415,37.48,98011.85,Medium,1204
CUST-000048,"Martin, Rose and Obrien",Mid-Market,Professional Services,Active,True,254013.99,35.0,5,20.0,20.0,72.06,2.92,84112399.0,1293600.0,1.5379,38.58,97988.14,Medium,1205
CUST-001785,Peterson Ltd,Mid-Market,Banking,Active,True,302222.15,0.0,1,0.0,100.0,129.77,1.63,51436133.0,620529.0,1.2064,32.41,97958.7,Medium,1206
CUST-001689,Tate LLC,Mid-Market,Retail,Active,False,297727.73,20.0,4,0.0,0.0,52.17,3.44,65768948.0,923104.0,1.4036,32.81,97675.87,Medium,1207
CUST-001553,Warren Group,Mid-Market,Media,Active,False,215230.74,65.0,8,50.0,0.0,38.2,3.49,56011410.0,782369.0,1.3968,45.29,97485.76,Medium,1208
CUST-000961,Green-Edwards,Mid-Market,Energy,Active,True,246143.88,30.0,4,0.0,25.0,78.95,2.79,61061567.0,641095.0,1.0499,39.6,97472.56,Medium,1209
CUST-002495,Smith-Holt,Mid-Market,Manufacturing,Active,True,401608.89,20.0,7,42.86,0.0,29.94,3.15,85404893.0,1201627.0,1.407,24.24,97360.14,Low,1210
CUST-002466,Parker Group,Mid-Market,Insurance,Active,False,259367.17,30.0,4,0.0,0.0,75.77,2.55,53125275.0,670670.0,1.2624,37.52,97327.17,Medium,1211
CUST-001585,"Short, Ellison and Dixon",Mid-Market,Media,Active,True,236163.57,30.0,3,0.0,33.33,41.36,2.88,52317636.0,750295.0,1.4341,41.2,97303.08,Medium,1212
CUST-001891,Waters-Smith,Mid-Market,Insurance,Active,False,324702.05,35.0,3,66.67,33.33,25.55,3.61,100817843.0,1173571.0,1.1641,29.83,96852.46,Medium,1213
CUST-000242,Larson-Holloway,Mid-Market,Transportation,Active,False,269141.23,30.0,6,16.67,16.67,66.97,3.33,52044790.0,652526.0,1.2538,35.84,96462.61,Medium,1214
CUST-001186,Smith and Sons,Mid-Market,Education,Active,False,483209.19,0.0,4,25.0,25.0,26.25,2.99,96758088.0,1188103.0,1.2279,19.96,96428.36,Low,1215
CUST-000477,Scott and Sons,Mid-Market,Technology,Active,True,324819.81,30.0,5,40.0,0.0,69.11,3.67,103463346.0,1322503.0,1.2782,29.56,96005.26,Medium,1216
CUST-000817,Foster-Mclaughlin,Mid-Market,Professional Services,Active,True,260576.58,35.0,6,16.67,0.0,67.14,2.98,61098597.0,773304.0,1.2657,36.7,95626.39,Medium,1217
CUST-000736,Sutton-Abbott,Mid-Market,Energy,Active,False,269523.89,30.0,5,20.0,20.0,47.41,3.12,64265565.0,758478.0,1.1802,35.36,95304.86,Medium,1218
CUST-000710,Edwards-Williams,Mid-Market,Insurance,Active,False,308433.06,30.0,3,33.33,0.0,48.37,3.27,82548634.0,1035790.0,1.2548,30.84,95129.58,Medium,1219
CUST-000596,Shaw-Carr,Mid-Market,Energy,Active,False,555187.46,30.0,1,100.0,0.0,32.84,4.73,110240732.0,1166823.0,1.0584,17.12,95030.68,Low,1220
CUST-001879,"Mayer, Fowler and Livingston",Mid-Market,Transportation,Active,False,536941.51,30.0,0,100.0,0.0,0.0,0.0,105734125.0,1417276.0,1.3404,17.68,94935.71,Low,1221
CUST-001875,Gates and Sons,Mid-Market,Healthcare,Active,False,345568.48,30.0,2,50.0,0.0,29.04,3.83,71764651.0,845551.0,1.1782,27.36,94535.29,Medium,1222
CUST-002231,Hunter-Bell,Mid-Market,Transportation,Active,False,343022.21,30.0,4,50.0,0.0,69.75,3.47,93561720.0,1178870.0,1.26,27.52,94399.66,Medium,1223
CUST-000021,Gray-Mayo,Mid-Market,Manufacturing,Active,False,313499.89,55.0,0,100.0,0.0,0.0,0.0,63474936.0,819413.0,1.2909,30.08,94306.56,Medium,1224
CUST-000356,Strickland-Palmer,Mid-Market,Transportation,Active,False,256557.07,55.0,6,66.67,0.0,34.83,4.11,52596019.0,675031.0,1.2834,36.73,94242.44,Medium,1225
CUST-000725,Wagner LLC,Mid-Market,Education,Active,True,291046.52,30.0,2,50.0,50.0,61.71,3.52,67759041.0,803551.0,1.1859,32.37,94216.97,Medium,1226
CUST-000018,"Flowers, Martin and Kelly",Mid-Market,Professional Services,Active,True,171365.11,65.0,4,25.0,50.0,68.19,3.46,46009362.0,568393.0,1.2354,54.97,94200.72,High,1227
CUST-001828,Marshall-Miller,Mid-Market,Media,Active,True,224417.56,65.0,3,66.67,0.0,24.37,3.95,50630923.0,679945.0,1.3429,41.85,93924.48,Medium,1228
CUST-000194,Reid-Poole,Mid-Market,Transportation,Active,False,260282.18,30.0,7,14.29,14.29,66.57,2.73,59310048.0,700966.0,1.1819,35.94,93532.83,Medium,1229
CUST-000639,Holden Group,Mid-Market,Banking,Active,True,289497.11,0.0,1,0.0,100.0,25.5,2.86,62012706.0,702093.0,1.1322,32.26,93404.37,Medium,1230
CUST-000122,Johnson-Carlson,Mid-Market,Technology,Active,False,250108.56,30.0,2,0.0,0.0,25.77,2.4,62215307.0,725585.0,1.1662,37.33,93371.77,Medium,1231
CUST-001923,"Walker, Brock and Simmons",Mid-Market,Banking,Active,True,266689.9,55.0,4,75.0,0.0,32.96,4.25,75500831.0,868735.0,1.1506,34.8,92811.44,Medium,1232
CUST-001833,Berry-Rivera,Mid-Market,Transportation,Active,False,217512.09,20.0,1,0.0,100.0,48.85,2.84,76216553.0,1004682.0,1.3182,42.64,92739.3,Medium,1233
CUST-002055,Jones-Choi,Mid-Market,Retail,Active,False,462618.55,35.0,1,100.0,0.0,4.55,4.05,98414253.0,1246182.0,1.2663,20.03,92674.17,Low,1234
CUST-001367,"Haney, Dillon and Jackson",Mid-Market,Professional Services,Active,False,286838.51,35.0,5,40.0,0.0,43.36,3.37,82929287.0,1162364.0,1.4016,32.3,92658.21,Medium,1235
CUST-001767,White-Carlson,Mid-Market,Education,Active,False,461390.91,35.0,0,100.0,0.0,0.0,0.0,100277149.0,1288287.0,1.2847,20.07,92598.63,Low,1236
CUST-002203,Hahn-Ramsey,Mid-Market,Telecommunications,Active,False,337260.28,20.0,6,33.33,16.67,47.22,3.13,76364631.0,927724.0,1.2149,27.43,92509.56,Medium,1237
CUST-001547,"Mcdonald, Dillon and George",Mid-Market,Insurance,Active,False,288834.87,35.0,5,40.0,0.0,31.96,3.86,68630968.0,838033.0,1.2211,31.94,92260.05,Medium,1238
CUST-001218,"Powers, Clements and Cox",Mid-Market,Banking,Active,True,170807.3,65.0,4,25.0,25.0,61.72,2.87,36046633.0,575547.0,1.5967,53.19,90858.12,High,1239
CUST-000701,Turner-Stout,Mid-Market,Transportation,Active,False,226189.26,35.0,3,0.0,0.0,61.53,2.18,60083534.0,782607.0,1.3025,40.11,90713.35,Medium,1240
CUST-000709,"Harrison, Franco and Rocha",Mid-Market,Energy,Active,False,199590.02,65.0,5,60.0,20.0,33.4,3.7,49351113.0,727055.0,1.4732,45.45,90706.6,Medium,1241
CUST-001324,Joseph Ltd,Mid-Market,Education,Active,False,513726.98,30.0,2,100.0,0.0,19.1,4.3,92567454.0,1182433.0,1.2774,17.55,90183.48,Low,1242
CUST-001128,Knox-Powers,Mid-Market,Education,Active,False,308369.01,30.0,5,40.0,0.0,77.16,3.29,78766968.0,872396.0,1.1076,29.22,90090.41,Medium,1243
CUST-002119,Lopez-Jones,Mid-Market,Media,Active,False,223150.63,35.0,7,14.29,28.57,55.28,3.43,39151504.0,480515.0,1.2273,39.95,89159.04,Medium,1244
CUST-001651,"Fry, Wilson and Stewart",Mid-Market,Telecommunications,Active,True,203098.76,65.0,8,62.5,12.5,32.65,3.66,56953673.0,747677.0,1.3128,43.88,89110.72,Medium,1245
CUST-002421,Gibson-Thomas,Mid-Market,Technology,Active,False,238574.46,30.0,6,0.0,0.0,62.43,2.25,65695028.0,762104.0,1.1601,37.32,89036.29,Medium,1246
CUST-001251,Thomas-Santiago,Mid-Market,Technology,Active,False,286913.91,30.0,3,33.33,0.0,42.84,3.67,85699894.0,1137122.0,1.3269,30.99,88906.2,Medium,1247
CUST-000123,Chandler-Edwards,Mid-Market,Education,Active,False,247370.86,35.0,5,20.0,0.0,65.82,2.29,60788434.0,740866.0,1.2188,35.94,88898.96,Medium,1248
CUST-002114,Simpson LLC,Mid-Market,Professional Services,Active,False,443096.51,35.0,2,100.0,0.0,33.68,4.45,73429811.0,936796.0,1.2758,20.05,88847.68,Low,1249
CUST-001418,"Jones, Phillips and Arroyo",Mid-Market,Transportation,Active,False,505819.03,30.0,3,100.0,0.0,27.14,4.65,116810309.0,1462951.0,1.2524,17.5,88542.77,Low,1250
CUST-001150,Smith-Ferguson,Mid-Market,Insurance,Active,False,161649.64,65.0,6,16.67,33.33,37.17,3.2,27441736.0,270095.0,0.9842,54.47,88048.13,High,1251
CUST-001707,"Guerrero, Graves and Armstrong",Mid-Market,Professional Services,Active,False,283915.34,30.0,3,33.33,0.0,29.48,2.91,52164378.0,682367.0,1.3081,30.95,87870.52,Medium,1252
CUST-002220,King Group,Mid-Market,Healthcare,Active,True,235262.87,30.0,2,0.0,0.0,31.29,2.39,32575648.0,378784.0,1.1628,37.33,87813.2,Medium,1253
CUST-001420,"Wright, Ramos and Bennett",Mid-Market,Telecommunications,Active,False,234698.7,30.0,7,14.29,28.57,42.14,3.23,58523703.0,697536.0,1.1919,37.38,87739.23,Medium,1254
CUST-002023,Mcpherson Ltd,Mid-Market,Banking,Active,False,255967.7,30.0,6,33.33,33.33,21.31,3.18,46293121.0,597968.0,1.2917,34.25,87669.11,Medium,1255
CUST-000243,Gonzales-Harrison,Mid-Market,Retail,Active,False,360291.07,20.0,10,50.0,20.0,53.04,3.36,59906126.0,681352.0,1.1374,24.27,87459.69,Low,1256
CUST-000399,"Brown, Harris and Dougherty",Mid-Market,Telecommunications,Active,False,312868.99,30.0,4,50.0,0.0,45.82,3.38,75368902.0,1098356.0,1.4573,27.91,87336.17,Medium,1257
CUST-001093,Figueroa-Malone,Mid-Market,Energy,Active,False,293709.69,35.0,4,50.0,0.0,15.56,3.83,61964252.0,686595.0,1.1081,29.72,87279.07,Medium,1258
CUST-002210,Robinson-Rodriguez,Mid-Market,Education,Active,False,315501.72,30.0,4,50.0,0.0,37.8,3.94,87618594.0,1162812.0,1.3271,27.65,87249.66,Medium,1259
CUST-000373,Reynolds Ltd,Mid-Market,Media,Active,False,313612.03,30.0,4,50.0,0.0,23.87,3.58,53192776.0,740628.0,1.3923,27.78,87136.14,Medium,1260
CUST-000004,Davis and Sons,Mid-Market,Professional Services,Active,False,289523.18,30.0,4,50.0,25.0,44.58,3.43,81779859.0,1018920.0,1.2459,29.99,86833.39,Medium,1261
CUST-001887,"Vasquez, Thomas and Mack",Mid-Market,Transportation,Active,False,157208.58,65.0,1,0.0,0.0,87.06,3.37,71014916.0,955465.0,1.3454,55.19,86764.81,High,1262
CUST-002187,Hernandez-Hernandez,Mid-Market,Retail,Active,False,162511.7,55.0,3,0.0,33.33,66.27,2.77,38979290.0,476700.0,1.223,53.28,86585.01,High,1263
CUST-002112,"Perez, Rodriguez and Rollins",Mid-Market,Telecommunications,Active,False,175290.29,65.0,7,28.57,0.0,36.55,3.21,66028494.0,858319.0,1.2999,49.39,86568.09,Medium,1264
CUST-001469,Nunez-Freeman,Mid-Market,Manufacturing,Active,False,252398.18,35.0,5,40.0,20.0,46.33,3.37,47876857.0,666288.0,1.3917,34.28,86530.53,Medium,1265
CUST-001772,"Mcdonald, Bryant and Cohen",Mid-Market,Banking,Active,True,271181.73,30.0,5,40.0,20.0,50.03,3.2,57543304.0,815122.0,1.4165,31.83,86325.48,Medium,1266
CUST-001775,Durham-Myers,Mid-Market,Healthcare,Active,False,311523.87,30.0,5,60.0,20.0,75.64,3.82,68109727.0,862036.0,1.2657,27.53,85766.62,Medium,1267
CUST-002448,Hughes-Mccullough,Mid-Market,Manufacturing,Active,False,203613.18,35.0,5,0.0,20.0,48.33,2.64,83802901.0,1097278.0,1.3094,42.12,85759.25,Medium,1268
CUST-001862,"Garrison, Rogers and Adams",Mid-Market,Energy,Active,False,290194.33,30.0,5,40.0,0.0,32.21,3.09,56123837.0,683249.0,1.2174,29.43,85418.09,Medium,1269
CUST-001600,Maddox-Mullins,Mid-Market,Manufacturing,Active,False,304544.03,30.0,2,50.0,0.0,30.56,3.61,51972361.0,749504.0,1.4421,27.88,84919.79,Medium,1270
CUST-001116,Silva-Smith,Mid-Market,Transportation,Active,False,224633.4,30.0,3,0.0,0.0,88.04,3.31,51992220.0,634802.0,1.221,37.44,84107.04,Medium,1271
CUST-002219,Vazquez Ltd,Mid-Market,Professional Services,Active,True,410878.15,35.0,1,100.0,0.0,15.41,4.48,56611919.0,821625.0,1.4513,20.4,83830.06,Low,1272
CUST-001858,Roberts Group,Mid-Market,Energy,Active,False,263127.13,30.0,7,28.57,0.0,37.83,2.84,77118433.0,945441.0,1.226,31.74,83510.33,Medium,1273
CUST-000932,Moore-Ayala,Mid-Market,Energy,Active,False,234656.58,30.0,5,20.0,20.0,30.01,2.74,67694543.0,867734.0,1.2818,35.56,83452.5,Medium,1274
CUST-001056,Watson Group,Mid-Market,Manufacturing,Active,False,254202.96,30.0,2,50.0,50.0,16.15,3.6,68289221.0,949095.0,1.3898,32.78,83326.8,Medium,1275
CUST-000046,Spence PLC,Mid-Market,Banking,Active,False,280380.4,30.0,5,40.0,0.0,28.31,3.44,52932922.0,703164.0,1.3284,29.66,83151.89,Medium,1276
CUST-002183,"Hayden, Harmon and Mcdonald",Mid-Market,Media,Active,False,234893.08,65.0,1,100.0,0.0,23.76,4.0,52522533.0,727027.0,1.3842,35.27,82843.12,Medium,1277
CUST-001253,Vega-Thomas,Mid-Market,Media,Active,True,278047.92,30.0,4,50.0,25.0,60.87,3.38,64758477.0,738444.0,1.1403,29.78,82804.37,Medium,1278
CUST-000879,Baxter LLC,Mid-Market,Transportation,Active,False,539262.7,25.0,3,100.0,0.0,46.32,4.47,116802224.0,1623664.0,1.3901,15.28,82400.38,Low,1279
CUST-001794,"Brown, Robinson and Taylor",Mid-Market,Professional Services,Active,False,242357.34,30.0,5,20.0,0.0,55.16,3.1,54381054.0,806078.0,1.4823,33.96,82315.59,Medium,1280
CUST-002164,Chapman-Odom,Mid-Market,Healthcare,Active,False,149093.52,65.0,1,0.0,0.0,6.18,3.08,34183058.0,433391.0,1.2679,55.04,82054.67,High,1281
CUST-000350,"Smith, Garrison and Thomas",Mid-Market,Energy,Active,True,295226.96,30.0,2,50.0,0.0,20.04,3.66,51862881.0,718515.0,1.3854,27.77,81986.96,Medium,1282
CUST-001238,"Moon, Farmer and Hill",Mid-Market,Insurance,Active,False,295502.79,30.0,2,50.0,0.0,65.19,4.01,84387366.0,1142316.0,1.3537,27.71,81875.89,Medium,1283
CUST-000628,Mcdowell-Smith,Mid-Market,Energy,Active,False,263403.33,35.0,7,42.86,0.0,43.08,3.45,69463100.0,745535.0,1.0733,31.08,81852.94,Medium,1284
CUST-001699,Ortiz-Miller,Mid-Market,Transportation,Active,True,227081.98,35.0,7,28.57,14.29,33.98,3.12,59470705.0,819791.0,1.3785,35.97,81684.21,Medium,1285
CUST-000096,Harris-Walters,Mid-Market,Energy,Active,False,218487.45,30.0,1,0.0,0.0,103.59,2.01,55618843.0,630469.0,1.1336,37.27,81423.95,Medium,1286
CUST-001647,"Mcbride, Huffman and Parker",Mid-Market,Energy,Active,False,215644.49,30.0,1,0.0,0.0,141.46,2.17,54300897.0,739893.0,1.3626,37.73,81352.23,Medium,1287
CUST-002480,Patton and Sons,Mid-Market,Retail,Active,True,332470.46,30.0,3,66.67,0.0,19.22,3.59,66241742.0,921928.0,1.3918,24.45,81289.67,Low,1288
CUST-002345,Martin and Sons,Mid-Market,Media,Active,False,217364.96,35.0,4,25.0,25.0,40.04,3.56,47252849.0,553707.0,1.1718,37.34,81171.88,Medium,1289
CUST-000689,David-Powers,Mid-Market,Media,Active,False,313291.36,20.0,3,33.33,0.0,42.22,3.27,91778442.0,1169868.0,1.2747,25.88,81088.15,Medium,1290
CUST-000277,Cook-Hines,Mid-Market,Transportation,Active,False,137207.95,65.0,3,0.0,33.33,55.09,2.07,27125525.0,380667.0,1.4034,58.64,80458.8,High,1291
CUST-000396,Reed Inc,Mid-Market,Telecommunications,Active,False,246250.6,30.0,4,50.0,50.0,26.51,3.6,63300797.0,842282.0,1.3306,32.66,80428.41,Medium,1292
CUST-000595,Hernandez-Vaughn,Mid-Market,Energy,Active,False,269458.14,35.0,6,50.0,0.0,52.46,3.59,53602304.0,583359.0,1.0883,29.68,79966.07,Medium,1293
CUST-001535,Perkins Ltd,Mid-Market,Transportation,Active,False,263450.36,30.0,4,50.0,25.0,13.45,3.39,55775398.0,795592.0,1.4264,30.35,79964.67,Medium,1294
CUST-001717,"Peck, Andersen and Mitchell",Mid-Market,Media,Active,False,450911.4,30.0,1,100.0,0.0,17.84,4.05,110971784.0,1475292.0,1.3294,17.66,79625.81,Low,1295
CUST-001892,Hernandez-Bowman,Mid-Market,Telecommunications,Active,False,226927.23,35.0,4,25.0,0.0,38.34,3.24,52462193.0,638008.0,1.2161,34.93,79270.81,Medium,1296
CUST-000660,Chambers-Parker,Mid-Market,Retail,Active,False,248752.5,35.0,5,40.0,0.0,51.4,3.38,69648278.0,807408.0,1.1593,31.82,79149.39,Medium,1297
CUST-002247,Burke-Hernandez,Mid-Market,Transportation,Active,True,184463.87,35.0,4,0.0,25.0,46.51,1.91,52876488.0,756889.0,1.4314,42.86,79066.48,Medium,1298
CUST-001443,Ayers-Johnson,Mid-Market,Retail,Active,False,213449.49,35.0,6,33.33,33.33,31.73,3.49,50800372.0,719089.0,1.4155,37.0,78971.41,Medium,1299
CUST-001359,Cortez-Olson,Mid-Market,Transportation,Active,True,152182.52,65.0,5,20.0,0.0,31.06,2.94,31636507.0,483966.0,1.5298,51.56,78464.61,High,1300
CUST-001545,"Phillips, Terry and Lopez",Mid-Market,Professional Services,Active,False,241594.48,30.0,4,25.0,0.0,41.85,2.69,102848984.0,1182762.0,1.15,32.3,78035.01,Medium,1301
CUST-000001,"Rodriguez, Figueroa and Sanchez",Mid-Market,Healthcare,Active,False,232520.94,30.0,5,20.0,0.0,83.41,2.62,87839689.0,1095864.0,1.2476,33.5,77883.23,Medium,1302
CUST-000750,"Allen, Davenport and Price",Mid-Market,Energy,Active,False,129771.42,65.0,2,0.0,50.0,28.73,2.17,31341044.0,386799.0,1.2342,59.97,77821.74,High,1303
CUST-000279,Pollard and Sons,Mid-Market,Energy,Active,False,256801.97,35.0,2,50.0,0.0,75.9,3.54,82501580.0,1088465.0,1.3193,30.14,77396.65,Medium,1304
CUST-000511,Mendez-Graham,Mid-Market,Media,Active,False,257066.44,35.0,2,50.0,0.0,14.0,3.73,84931644.0,1061872.0,1.2503,30.0,77121.3,Medium,1305
CUST-000659,Bryant-Brown,SMB,Technology,Active,True,122825.24,60.0,1,0.0,100.0,47.28,3.0,27612627.0,371602.0,1.3458,62.69,77001.03,High,1306
CUST-000275,Monroe-Carpenter,Mid-Market,Education,Active,False,218894.87,30.0,4,25.0,25.0,78.07,3.06,46911662.0,585179.0,1.2474,34.99,76601.85,Medium,1307
CUST-001472,Davidson LLC,Mid-Market,Healthcare,Active,False,310009.87,20.0,5,40.0,0.0,54.05,3.53,51398466.0,692727.0,1.3478,24.7,76558.54,Low,1308
CUST-000113,"Rodriguez, Brennan and Garrison",Mid-Market,Manufacturing,Active,False,180379.23,30.0,4,0.0,50.0,65.98,2.39,43120581.0,518931.0,1.2034,42.41,76493.21,Medium,1309
CUST-000175,Ramirez-Bean,Mid-Market,Insurance,Active,False,169884.43,30.0,4,0.0,75.0,41.5,3.04,35532539.0,432957.0,1.2185,44.94,76340.9,Medium,1310
CUST-001826,Nixon-Miller,Mid-Market,Energy,Active,False,204435.24,30.0,4,0.0,0.0,77.82,2.11,44446101.0,508025.0,1.143,37.29,76225.78,Medium,1311
CUST-002379,"Casey, Meza and Colon",Mid-Market,Technology,Active,False,377051.14,35.0,1,100.0,0.0,6.41,4.72,78057875.0,1052513.0,1.3484,20.2,76152.08,Low,1312
CUST-002490,"Lutz, Johns and Clark",Mid-Market,Transportation,Active,False,306655.49,20.0,8,50.0,25.0,49.88,3.9,59217375.0,687841.0,1.1616,24.82,76121.42,Low,1313
CUST-001016,Yu-Brooks,Mid-Market,Transportation,Active,False,218280.54,35.0,2,50.0,50.0,28.51,3.62,47557608.0,545832.0,1.1477,34.8,75951.71,Medium,1314
CUST-002072,Ward-Fields,Mid-Market,Banking,Active,False,252842.31,30.0,5,40.0,0.0,34.46,3.71,79614773.0,1114575.0,1.4,29.8,75346.81,Medium,1315
CUST-002036,Morgan-Rodriguez,Mid-Market,Banking,Active,True,165882.73,65.0,4,50.0,0.0,49.0,3.32,33231296.0,465199.0,1.3999,45.3,75144.49,Medium,1316
CUST-001613,"Rios, Carrillo and Jackson",Mid-Market,Banking,Active,False,250568.84,30.0,8,50.0,25.0,28.18,3.82,50022196.0,612906.0,1.2253,29.95,75046.71,Medium,1317
CUST-002008,Hill Ltd,Mid-Market,Education,Active,False,356678.3,30.0,3,100.0,33.33,16.65,4.83,104091239.0,1373498.0,1.3195,20.97,74803.86,Low,1318
CUST-001301,Haynes Inc,Mid-Market,Professional Services,Active,False,149791.12,65.0,2,50.0,50.0,71.92,4.04,38664388.0,431256.0,1.1154,49.73,74492.27,Medium,1319
CUST-000451,"Wise, Conley and Stephenson",Mid-Market,Energy,Active,False,218518.83,30.0,5,20.0,0.0,41.39,3.31,43635417.0,629580.0,1.4428,33.89,74046.5,Medium,1320
CUST-000673,Nunez-Stephens,Mid-Market,Healthcare,Active,True,163531.07,65.0,4,50.0,0.0,64.83,3.74,40869374.0,567637.0,1.3889,45.28,74043.29,Medium,1321
CUST-001355,Shaw and Sons,Mid-Market,Manufacturing,Active,True,245900.7,35.0,4,50.0,0.0,39.56,3.82,57559355.0,687099.0,1.1937,29.89,73493.44,Medium,1322
CUST-001477,Nelson-Wallace,Mid-Market,Insurance,Active,False,185004.59,35.0,2,0.0,0.0,70.56,2.55,49435561.0,541660.0,1.0957,39.69,73430.87,Medium,1323
CUST-002142,"Payne, Cisneros and Johnson",Mid-Market,Media,Active,False,242391.94,55.0,1,100.0,0.0,23.45,4.25,38991127.0,501403.0,1.2859,30.07,72891.82,Medium,1324
CUST-000968,Baker-Wilson,Mid-Market,Technology,Active,True,266212.62,30.0,2,50.0,0.0,57.68,3.2,56156114.0,656572.0,1.1692,27.34,72778.22,Medium,1325
CUST-000605,"Evans, David and Hendrix",Mid-Market,Education,Active,False,265537.56,30.0,9,55.56,11.11,45.94,3.66,74580793.0,862869.0,1.157,27.31,72528.71,Medium,1326
CUST-001195,"Gregory, White and James",Mid-Market,Media,Active,True,190218.84,30.0,2,0.0,0.0,74.21,2.15,45688636.0,704725.0,1.5425,38.08,72444.66,Medium,1327
CUST-000268,Jimenez Ltd,Mid-Market,Retail,Active,False,207326.56,30.0,4,25.0,25.0,34.56,2.6,55530181.0,672980.0,1.2119,34.92,72406.39,Medium,1328
CUST-001085,Vaughn-Williams,Mid-Market,Healthcare,Active,False,259300.07,30.0,5,60.0,20.0,45.88,3.3,51282994.0,739676.0,1.4423,27.88,72305.0,Medium,1329
CUST-000944,Murphy-Tran,Mid-Market,Professional Services,Active,False,191865.69,30.0,1,0.0,0.0,118.37,1.68,63429191.0,777987.0,1.2265,37.45,71859.63,Medium,1330
CUST-001530,"Pineda, Meyer and King",Mid-Market,Banking,Active,False,258153.11,30.0,6,50.0,0.0,48.12,3.07,56620298.0,787780.0,1.3913,27.78,71721.84,Medium,1331
CUST-000090,Moore-Bass,Mid-Market,Healthcare,Active,True,275886.66,20.0,3,33.33,0.0,23.04,3.46,53801321.0,699132.0,1.2995,25.93,71543.68,Medium,1332
CUST-000505,Acosta Inc,Mid-Market,Transportation,Active,True,206389.43,30.0,3,33.33,33.33,39.89,2.87,52687523.0,672987.0,1.2773,34.22,70629.15,Medium,1333
CUST-001586,"Howe, Moore and Johnson",Mid-Market,Insurance,Active,False,208806.42,30.0,5,20.0,0.0,45.24,2.61,66579940.0,917945.0,1.3787,33.76,70487.66,Medium,1334
CUST-000548,"Moore, Hopkins and Le",Mid-Market,Professional Services,Active,True,165301.87,30.0,2,0.0,50.0,137.71,2.63,46170628.0,565810.0,1.2255,42.45,70172.22,Medium,1335
CUST-002113,Owens PLC,Mid-Market,Media,Active,False,206536.52,30.0,5,20.0,0.0,84.64,3.27,40622148.0,596260.0,1.4678,33.94,70089.49,Medium,1336
CUST-000219,Williams-Brown,Mid-Market,Retail,Active,True,253458.55,30.0,2,50.0,0.0,30.93,3.39,62198647.0,822122.0,1.3218,27.64,70064.91,Medium,1337
CUST-001181,"Jones, Cummings and Conway",Mid-Market,Energy,Active,False,254706.93,30.0,2,50.0,0.0,104.27,3.42,59255728.0,740264.0,1.2493,27.5,70040.69,Medium,1338
CUST-001551,"Vincent, Parsons and Allen",Mid-Market,Professional Services,Active,True,255559.27,30.0,2,50.0,0.0,72.82,4.31,49273735.0,580279.0,1.1777,27.36,69909.08,Medium,1339
CUST-000889,"Anderson, Jones and Reyes",Mid-Market,Transportation,Active,False,204781.25,30.0,3,33.33,33.33,43.9,3.16,46990314.0,516677.0,1.0995,33.87,69350.7,Medium,1340
CUST-000404,Jones-Hensley,Mid-Market,Transportation,Active,False,258699.15,35.0,3,66.67,0.0,38.75,3.46,57088108.0,685622.0,1.201,26.57,68732.86,Medium,1341
CUST-000296,Williams Inc,Mid-Market,Professional Services,Active,False,248059.82,20.0,4,25.0,0.0,67.3,2.83,56410676.0,745031.0,1.3207,27.64,68567.34,Medium,1342
CUST-001850,Mullins-Gutierrez,Mid-Market,Banking,Active,False,340567.19,0.0,4,25.0,25.0,98.62,3.18,75532373.0,934297.0,1.2369,19.97,68024.54,Low,1343
CUST-002234,"Ramos, Davidson and Smith",Mid-Market,Telecommunications,Active,False,261456.65,30.0,5,60.0,0.0,37.36,3.95,49687155.0,685048.0,1.3787,25.76,67344.55,Medium,1344
CUST-001018,Daugherty Ltd,Mid-Market,Media,Active,False,339027.22,35.0,3,100.0,0.0,33.41,4.53,70982135.0,829437.0,1.1685,19.84,67252.93,Low,1345
CUST-000788,Benton Group,Mid-Market,Retail,Active,False,240845.57,30.0,8,50.0,0.0,38.54,3.51,49088683.0,658784.0,1.342,27.68,66675.82,Medium,1346
CUST-001937,Bishop Inc,Mid-Market,Manufacturing,Active,True,260690.0,30.0,6,66.67,16.67,47.27,3.7,63896763.0,708372.0,1.1086,25.55,66607.79,Medium,1347
CUST-000996,Castillo-Harrington,Mid-Market,Energy,Active,True,247676.05,35.0,3,66.67,0.0,23.81,3.59,84085561.0,1130451.0,1.3444,26.86,66514.59,Medium,1348
CUST-002273,Porter LLC,Mid-Market,Healthcare,Active,False,176571.81,30.0,5,0.0,0.0,43.07,2.52,54734680.0,703696.0,1.2856,37.57,66340.32,Medium,1349
CUST-000865,Robertson-Ramirez,Mid-Market,Technology,Active,False,453559.17,0.0,5,40.0,0.0,25.21,3.5,139330716.0,1788528.0,1.2837,14.57,66071.39,Low,1350
CUST-000509,Jackson-Wallace,Mid-Market,Insurance,Active,False,187201.25,65.0,2,100.0,0.0,18.33,4.77,46659088.0,593201.0,1.2714,35.04,65600.38,Medium,1351
CUST-001771,Bradley-Davis,Mid-Market,Media,Active,False,367650.13,30.0,1,100.0,0.0,22.69,4.08,99437429.0,1366239.0,1.374,17.75,65250.31,Low,1352
CUST-001655,Hernandez-Lopez,Mid-Market,Professional Services,Active,False,213298.57,30.0,3,33.33,0.0,56.36,2.88,48495517.0,530285.0,1.0935,30.52,65099.32,Medium,1353
CUST-002251,Reeves and Sons,Mid-Market,Transportation,Active,False,310581.53,30.0,3,100.0,33.33,17.56,4.58,69917701.0,883820.0,1.2641,20.86,64791.98,Low,1354
CUST-002317,"Moore, Simpson and Soto",Mid-Market,Technology,Active,False,141124.66,55.0,6,33.33,16.67,30.67,3.22,43076502.0,613424.0,1.424,45.35,63997.31,Medium,1355
CUST-000720,"Bernard, Warren and Combs",Mid-Market,Telecommunications,Active,False,172981.82,35.0,7,28.57,28.57,29.28,2.82,37017778.0,433538.0,1.1712,36.99,63977.64,Medium,1356
CUST-001855,Turner-Reese,SMB,Education,Active,False,115984.19,65.0,1,0.0,0.0,77.0,1.72,28885262.0,352303.0,1.2197,54.94,63720.93,High,1357
CUST-000953,"Acosta, Garcia and Moreno",SMB,Media,Active,True,127355.99,55.0,1,0.0,0.0,30.36,2.71,27327041.0,318038.0,1.1638,49.83,63458.49,Medium,1358
CUST-001112,Marquez-Fletcher,Mid-Market,Technology,Active,False,168451.52,30.0,3,0.0,0.0,39.47,2.98,48763435.0,646331.0,1.3254,37.65,63423.49,Medium,1359
CUST-002354,Hall-Brown,Mid-Market,Banking,Active,False,228123.81,30.0,2,50.0,0.0,102.55,3.45,57475614.0,800772.0,1.3932,27.79,63387.57,Medium,1360
CUST-000218,Erickson and Sons,SMB,Professional Services,Active,False,114468.64,65.0,1,0.0,0.0,36.75,2.35,34667353.0,472192.0,1.3621,55.22,63214.31,High,1361
CUST-001118,"Lynch, Evans and Rodriguez",Mid-Market,Retail,Active,True,221472.34,30.0,8,50.0,12.5,23.95,3.7,57326997.0,643454.0,1.1224,28.49,63108.22,Medium,1362
CUST-001377,Winters PLC,SMB,Professional Services,Active,False,125846.42,65.0,2,50.0,50.0,62.93,2.99,33110231.0,382347.0,1.1548,49.81,62683.52,Medium,1363
CUST-002148,Freeman-Rodriguez,Mid-Market,Retail,Active,False,151863.3,65.0,3,66.67,0.0,23.13,3.79,37705248.0,385987.0,1.0237,41.21,62589.03,Medium,1364
CUST-002496,"Nielsen, Lynch and Smith",Mid-Market,Technology,Active,False,202397.15,30.0,6,33.33,0.0,40.58,3.36,44205679.0,565551.0,1.2794,30.89,62524.65,Medium,1365
CUST-002086,Moon-Wilson,Mid-Market,Education,Active,False,305618.4,35.0,1,100.0,0.0,13.24,4.11,66246306.0,952980.0,1.4385,20.38,62276.11,Low,1366
CUST-002116,Wilson-Campbell,Mid-Market,Manufacturing,Active,True,248858.06,30.0,7,71.43,14.29,53.58,3.99,65750930.0,862918.0,1.3124,24.77,61636.33,Low,1367
CUST-002289,Fox PLC,Mid-Market,Manufacturing,Active,False,251514.75,30.0,6,66.67,0.0,30.98,4.04,66223892.0,900921.0,1.3604,24.39,61338.16,Low,1368
CUST-002123,Wilson Group,Mid-Market,Energy,Active,False,163864.95,35.0,4,25.0,25.0,50.61,2.95,40131112.0,482867.0,1.2032,37.41,61296.06,Medium,1369
CUST-001595,Kane and Sons,Mid-Market,Telecommunications,Active,False,201828.32,30.0,4,50.0,25.0,60.46,3.9,54214930.0,630637.0,1.1632,29.83,60198.19,Medium,1370
CUST-000390,Moore-Collins,Mid-Market,Banking,Active,False,182856.99,30.0,6,33.33,16.67,47.86,3.44,45067960.0,632198.0,1.4028,32.81,59987.21,Medium,1371
CUST-002365,Howell LLC,Mid-Market,Manufacturing,Active,False,157917.54,30.0,3,0.0,0.0,60.71,3.05,35639450.0,503895.0,1.4139,37.83,59736.63,Medium,1372
CUST-002101,Johnson-Thomas,Mid-Market,Transportation,Active,True,178748.08,30.0,6,33.33,33.33,48.07,3.41,40186888.0,332521.0,0.8274,33.32,59561.61,Medium,1373
CUST-001867,"Kaiser, Edwards and Smith",Mid-Market,Retail,Active,False,217664.8,30.0,2,50.0,0.0,29.77,3.23,50752499.0,566216.0,1.1156,27.23,59272.92,Medium,1374
CUST-001323,Jackson-Edwards,Mid-Market,Manufacturing,Active,False,290979.92,0.0,4,25.0,25.0,51.87,3.33,81758593.0,1162147.0,1.4214,20.34,59193.68,Low,1375
CUST-001873,"Shannon, Robinson and Greene",SMB,Professional Services,Active,True,107130.72,65.0,1,0.0,0.0,140.88,3.32,27340621.0,364245.0,1.3322,55.16,59098.12,High,1376
CUST-002068,"Alvarez, Benson and Wilson",Mid-Market,Professional Services,Active,False,137923.49,40.0,1,0.0,0.0,10.87,2.87,34899284.0,395696.0,1.1338,42.27,58297.01,Medium,1377
CUST-002404,"Ramos, Reed and Cain",Mid-Market,Energy,Active,False,230101.98,30.0,4,75.0,25.0,59.0,3.87,63208628.0,894607.0,1.4153,25.33,58286.32,Medium,1378
CUST-002400,"Spencer, Torres and Newton",Mid-Market,Retail,Active,False,112868.18,65.0,5,40.0,40.0,46.99,3.59,25623255.0,382599.0,1.4932,51.49,58111.7,High,1379
CUST-002274,"Ward, Jordan and Orr",Mid-Market,Insurance,Active,False,220016.53,35.0,3,66.67,0.0,57.29,3.51,58033500.0,640255.0,1.1033,26.37,58025.33,Medium,1380
CUST-000063,Wright and Sons,Mid-Market,Education,Active,False,233557.9,35.0,2,100.0,50.0,25.6,4.19,55993728.0,641102.0,1.145,24.79,57898.78,Low,1381
CUST-000405,Graham Group,Mid-Market,Professional Services,Active,False,306700.02,0.0,6,33.33,33.33,34.05,3.35,72251123.0,782131.0,1.0825,18.83,57756.83,Low,1382
CUST-000345,"Harper, Smith and Buchanan",SMB,Education,Active,True,114191.26,55.0,1,0.0,0.0,9.67,1.5,32351193.0,440349.0,1.3612,50.22,57349.48,High,1383
CUST-001845,Hopkins LLC,Mid-Market,Manufacturing,Active,False,193735.3,30.0,5,40.0,0.0,35.35,3.54,43989232.0,542584.0,1.2334,29.47,57087.78,Medium,1384
CUST-000784,Bennett-Velasquez,Mid-Market,Telecommunications,Active,False,184900.87,30.0,6,33.33,0.0,51.17,2.96,73537471.0,930622.0,1.2655,30.86,57068.45,Medium,1385
CUST-000144,"Lee, Horton and Snyder",Mid-Market,Media,Active,True,244611.43,30.0,7,71.43,0.0,55.04,4.0,50116892.0,548863.0,1.0952,22.9,56027.31,Low,1386
CUST-002190,Colon-Lucas,Mid-Market,Telecommunications,Active,True,167761.94,35.0,7,42.86,14.29,56.45,3.56,50432424.0,732991.0,1.4534,33.26,55804.28,Medium,1387
CUST-000370,Edwards-Scott,Mid-Market,Banking,Active,False,216080.81,20.0,3,33.33,0.0,53.27,3.16,43063195.0,534373.0,1.2409,25.82,55781.57,Medium,1388
CUST-000108,Dickson-Brady,Mid-Market,Healthcare,Active,False,114445.11,30.0,1,0.0,100.0,116.94,2.99,29537011.0,437661.0,1.4817,47.96,54891.85,Medium,1389
CUST-000531,Hicks-Martinez,Mid-Market,Insurance,Active,False,142217.81,30.0,8,12.5,25.0,54.28,2.91,36581608.0,619003.0,1.6921,38.38,54589.21,Medium,1390
CUST-000439,Davis-Gregory,Mid-Market,Telecommunications,Active,True,145176.71,30.0,5,0.0,0.0,44.6,2.92,35173068.0,447531.0,1.2724,37.54,54506.21,Medium,1391
CUST-000939,"Flores, Mckenzie and Duncan",Mid-Market,Healthcare,Active,False,195918.14,30.0,2,50.0,0.0,58.2,3.25,41416949.0,576723.0,1.3925,27.78,54435.78,Medium,1392
CUST-001026,"Walker, Cunningham and Zuniga",Mid-Market,Technology,Active,False,306402.94,30.0,2,100.0,0.0,14.09,4.44,61933172.0,842905.0,1.361,17.72,54300.67,Low,1393
CUST-000653,"Cox, Stark and Rodriguez",SMB,Education,Active,True,97394.41,65.0,1,0.0,0.0,89.35,1.5,27231925.0,370384.0,1.3601,55.22,53781.41,High,1394
CUST-001498,Smith-Mills,SMB,Energy,Active,False,106558.82,55.0,2,0.0,0.0,68.06,3.2,31981502.0,450702.0,1.4093,50.32,53618.82,High,1395
CUST-000289,"Miller, Murphy and Craig",Mid-Market,Manufacturing,Active,False,203010.3,30.0,5,60.0,0.0,64.04,3.52,50160236.0,784966.0,1.5649,26.13,53046.25,Medium,1396
CUST-000617,"Perez, Hall and Garcia",Mid-Market,Energy,Active,False,298511.05,30.0,1,100.0,0.0,23.04,4.71,77166523.0,1039885.0,1.3476,17.7,52822.04,Low,1397
CUST-001147,Glover-Chan,Mid-Market,Transportation,Active,True,190152.37,30.0,6,50.0,0.0,42.0,3.6,47149606.0,647640.0,1.3736,27.75,52761.9,Medium,1398
CUST-001051,"Greene, Gonzalez and Johnson",Mid-Market,Banking,Active,False,148181.96,65.0,1,100.0,0.0,11.21,4.11,37756999.0,561617.0,1.4875,35.47,52567.41,Medium,1399
CUST-000400,Duran LLC,Mid-Market,Retail,Active,True,201192.17,20.0,9,44.44,22.22,56.21,3.56,38556154.0,533498.0,1.3837,26.1,52512.6,Medium,1400
CUST-001616,Gonzalez LLC,SMB,Healthcare,Active,False,95231.15,65.0,1,0.0,0.0,32.45,1.72,28317408.0,365596.0,1.2911,55.08,52455.34,High,1401
CUST-000948,Oconnor PLC,Mid-Market,Telecommunications,Active,False,276514.8,0.0,7,28.57,14.29,21.14,3.19,45199133.0,719005.0,1.5907,18.9,52249.64,Low,1402
CUST-002416,"Zhang, Cunningham and Kline",Mid-Market,Telecommunications,Active,False,273290.0,0.0,6,16.67,0.0,40.15,2.66,74195317.0,877177.0,1.1823,19.03,52010.3,Low,1403
CUST-002150,Alvarez-Dickerson,Mid-Market,Technology,Active,False,232291.77,30.0,4,75.0,0.0,31.07,3.6,47295885.0,546833.0,1.1562,22.31,51829.85,Low,1404
CUST-000469,Brown-Shaw,Mid-Market,Transportation,Active,False,186083.32,30.0,5,60.0,20.0,34.47,3.83,40762463.0,560721.0,1.3756,27.75,51640.29,Medium,1405
CUST-001742,Crawford and Sons,Mid-Market,Technology,Active,False,105995.29,65.0,3,33.33,0.0,96.22,3.19,40296361.0,570724.0,1.4163,48.67,51583.63,Medium,1406
CUST-000258,"Bryan, Smith and Booth",Mid-Market,Insurance,Active,False,227316.56,20.0,2,50.0,0.0,39.76,3.29,71987097.0,951622.0,1.3219,22.64,51473.26,Low,1407
CUST-001271,Williams LLC,Mid-Market,Telecommunications,Active,False,289396.63,0.0,4,25.0,0.0,53.18,3.38,49969920.0,680288.0,1.3614,17.72,51289.16,Low,1408
CUST-002073,Williams-Carter,Mid-Market,Retail,Active,False,126721.74,30.0,4,0.0,25.0,56.44,2.66,39080832.0,573853.0,1.4684,40.44,51242.15,Medium,1409
CUST-000512,"Whitney, Gould and Jones",Mid-Market,Manufacturing,Active,False,127690.85,35.0,4,25.0,50.0,16.97,3.02,29602202.0,385378.0,1.3019,40.1,51208.77,Medium,1410
CUST-001089,"Cohen, Compton and Perez",Mid-Market,Telecommunications,Active,False,398899.61,20.0,2,100.0,0.0,35.05,4.41,85176518.0,1183301.0,1.3892,12.78,50973.26,Low,1411
CUST-000536,Parker Ltd,SMB,Professional Services,Active,False,92680.9,65.0,1,0.0,0.0,130.28,2.5,22801898.0,266448.0,1.1685,54.84,50823.49,High,1412
CUST-002002,Harrison PLC,Mid-Market,Telecommunications,Active,True,176414.44,20.0,5,20.0,0.0,39.21,2.96,32500307.0,447825.0,1.3779,28.76,50729.42,Medium,1413
CUST-002353,"Garza, Carr and Gregory",Mid-Market,Energy,Active,False,403677.75,0.0,5,60.0,20.0,63.57,3.45,74266234.0,948843.0,1.2776,12.56,50682.74,Low,1414
CUST-000179,"Williams, Johnson and Wright",Mid-Market,Banking,Active,True,285937.06,30.0,3,100.0,0.0,44.76,4.3,95800208.0,1236235.0,1.2904,17.58,50270.2,Low,1415
CUST-001967,"Whitehead, Lane and Tran",Mid-Market,Telecommunications,Active,False,90530.62,65.0,3,0.0,0.0,93.34,2.78,35991305.0,507227.0,1.4093,55.32,50080.28,High,1416
CUST-000905,Adkins LLC,Mid-Market,Education,Active,False,131395.84,35.0,6,16.67,16.67,53.18,3.27,45858911.0,510573.0,1.1134,38.06,50009.32,Medium,1417
CUST-000557,Marshall-Peterson,Mid-Market,Healthcare,Active,True,140643.11,30.0,5,20.0,20.0,58.01,2.87,43062047.0,513604.0,1.1927,35.39,49767.15,Medium,1418
CUST-000993,Gonzalez-Wilkerson,SMB,Energy,Active,False,109419.35,65.0,2,50.0,0.0,51.66,3.59,25889997.0,364861.0,1.4093,45.32,49587.26,Medium,1419
CUST-001177,Kelley and Sons,SMB,Transportation,Active,False,89583.87,65.0,1,0.0,0.0,14.59,2.85,28362033.0,374647.0,1.3209,55.14,49398.24,High,1420
CUST-000371,Mcdaniel Group,Mid-Market,Healthcare,Active,False,160015.55,30.0,3,33.33,0.0,61.3,2.91,41103118.0,517783.0,1.2597,30.85,49369.23,Medium,1421
CUST-002194,Washington-Esparza,Mid-Market,Professional Services,Active,True,130703.87,30.0,2,0.0,0.0,79.5,2.19,41406855.0,571872.0,1.3811,37.76,49356.67,Medium,1422
CUST-002348,"Gallegos, Myers and Cook",Mid-Market,Education,Active,False,175045.94,20.0,5,20.0,0.0,44.54,3.13,26244428.0,271159.0,1.0332,28.07,49129.11,Medium,1423
CUST-001411,Gomez-Foster,Mid-Market,Banking,Active,False,163751.99,35.0,5,60.0,20.0,47.49,3.79,35540092.0,440545.0,1.2396,29.98,49091.44,Medium,1424
CUST-000245,"Fernandez, Kim and George",Mid-Market,Retail,Active,False,149988.8,30.0,4,50.0,50.0,33.39,3.57,34545721.0,458948.0,1.3285,32.66,48981.91,Medium,1425
CUST-000885,Lewis Inc,SMB,Media,Active,False,88855.13,65.0,2,0.0,0.0,47.48,2.72,24481436.0,316869.0,1.2943,55.09,48949.09,High,1426
CUST-001959,Reilly Group,Mid-Market,Telecommunications,Active,False,137678.73,30.0,4,25.0,25.0,94.53,3.02,54054938.0,702912.0,1.3004,35.1,48326.24,Medium,1427
CUST-000578,Brooks-Hatfield,Mid-Market,Manufacturing,Active,True,220251.49,0.0,1,0.0,0.0,92.35,3.27,55262270.0,532763.0,0.9641,21.93,48297.02,Low,1428
CUST-000818,Cole Group,Mid-Market,Media,Active,False,316028.53,25.0,2,100.0,0.0,25.71,4.42,62922062.0,874265.0,1.3894,15.28,48285.63,Low,1429
CUST-002006,Miller and Sons,Mid-Market,Transportation,Active,True,339424.56,0.0,7,42.86,0.0,44.28,3.42,62069756.0,855624.0,1.3785,14.19,48149.23,Low,1430
CUST-001094,Nicholson-Robertson,Mid-Market,Manufacturing,Active,False,233634.9,20.0,5,60.0,0.0,46.35,3.94,43025850.0,551761.0,1.2824,20.56,48046.52,Low,1431
CUST-000805,"Hernandez, Cuevas and Webb",SMB,Media,Active,False,79970.81,65.0,2,0.0,50.0,59.89,2.43,18608884.0,235158.0,1.2637,60.03,48004.38,High,1432
CUST-001033,Williams Group,SMB,Insurance,Active,False,126919.9,30.0,1,0.0,0.0,12.42,2.86,33860169.0,443464.0,1.3097,37.62,47746.49,Medium,1433
CUST-000273,Morgan-French,Mid-Market,Media,Active,False,144283.0,30.0,4,50.0,50.0,14.82,3.67,40990278.0,622111.0,1.5177,33.04,47664.48,Medium,1434
CUST-000023,Perez Inc,Mid-Market,Media,Active,True,378365.52,0.0,2,50.0,0.0,72.86,3.35,61027309.0,778603.0,1.2758,12.55,47491.13,Low,1435
CUST-001698,Chapman Group,SMB,Media,Active,False,93292.88,55.0,1,0.0,0.0,81.61,2.46,26526493.0,355740.0,1.3411,50.18,46816.37,High,1436
CUST-000233,"Clark, Guerrero and Moore",Mid-Market,Insurance,Active,False,124423.9,30.0,5,20.0,40.0,39.33,3.14,31685899.0,394156.0,1.2439,37.49,46643.9,Medium,1437
CUST-000707,"Howard, Green and Hunt",Mid-Market,Banking,Active,False,114116.95,30.0,3,0.0,33.33,52.12,2.95,29393448.0,340970.0,1.16,40.65,46392.39,Medium,1438
CUST-002035,"Estrada, Marsh and Chandler",Mid-Market,Technology,Active,False,246350.7,0.0,3,33.33,33.33,63.99,2.82,55445306.0,583947.0,1.0532,18.77,46247.55,Low,1439
CUST-000812,"Wilson, Sweeney and Wong",SMB,Energy,Active,False,78907.17,65.0,3,0.0,33.33,15.42,2.72,21234451.0,287504.0,1.354,58.54,46193.23,High,1440
CUST-000620,Russell Group,Mid-Market,Technology,Active,True,158605.49,30.0,7,57.14,28.57,62.67,3.93,32134921.0,395206.0,1.2298,28.89,45818.33,Medium,1441
CUST-001219,Velasquez Group,SMB,Energy,Active,False,82664.88,55.0,2,0.0,50.0,76.99,2.67,24241364.0,329462.0,1.3591,55.22,45646.04,High,1442
CUST-002121,Lutz Group,Mid-Market,Manufacturing,Active,False,210734.99,20.0,7,57.14,0.0,27.19,3.52,44354030.0,630875.0,1.4224,21.42,45131.33,Low,1443
CUST-001510,Walsh PLC,Mid-Market,Manufacturing,Active,True,255256.58,30.0,2,100.0,0.0,10.48,4.41,78642242.0,1035895.0,1.3172,17.63,45013.09,Low,1444
CUST-000619,Smith PLC,Mid-Market,Telecommunications,Active,False,147234.46,30.0,7,42.86,14.29,15.59,3.78,41695010.0,553154.0,1.3267,30.51,44921.94,Medium,1445
CUST-001121,"Evans, Hernandez and Cannon",SMB,Insurance,Active,False,99496.95,65.0,2,50.0,0.0,44.11,3.55,29848273.0,393687.0,1.319,45.14,44910.86,Medium,1446
CUST-001964,Ellis-Jackson,SMB,Manufacturing,Active,False,89297.93,35.0,1,0.0,100.0,46.94,2.46,22432550.0,274302.0,1.2228,49.95,44600.36,Medium,1447
CUST-001546,Stephens LLC,SMB,Insurance,Active,False,79995.1,55.0,2,0.0,50.0,76.94,2.43,31550911.0,436709.0,1.3841,55.27,44211.92,High,1448
CUST-001617,Todd Inc,SMB,Professional Services,Active,False,109950.87,35.0,2,0.0,0.0,64.75,2.0,28008848.0,357434.0,1.2761,40.05,44037.85,Medium,1449
CUST-002053,Thomas LLC,Mid-Market,Manufacturing,Active,False,146913.68,20.0,4,25.0,25.0,28.49,2.47,38823421.0,480263.0,1.237,29.97,44036.04,Medium,1450
CUST-001266,Cole-Lucero,Mid-Market,Telecommunications,Active,False,225486.12,35.0,4,100.0,0.0,23.64,4.2,54047756.0,538307.0,0.996,19.49,43951.68,Low,1451
CUST-001331,"Jones, Smith and Hunter",Mid-Market,Energy,Active,False,178565.83,20.0,5,40.0,0.0,28.51,3.47,47857110.0,552153.0,1.1538,24.31,43404.9,Low,1452
CUST-000430,Ford-Spencer,Mid-Market,Energy,Active,True,102308.92,30.0,4,0.0,50.0,67.53,2.82,31304980.0,371049.0,1.1853,42.37,43348.84,Medium,1453
CUST-001599,Williams Ltd,SMB,Healthcare,Active,False,71602.49,55.0,1,0.0,100.0,39.76,2.24,32377765.0,407540.0,1.2587,60.02,42973.96,High,1454
CUST-002270,Gordon LLC,Mid-Market,Technology,Active,False,247012.27,30.0,1,100.0,0.0,15.29,4.74,51025583.0,560581.0,1.0986,17.2,42479.33,Low,1455
CUST-002216,Cox Ltd,Mid-Market,Media,Active,False,139006.78,35.0,4,50.0,0.0,18.9,3.7,35370349.0,540309.0,1.5276,30.56,42473.73,Medium,1456
CUST-001298,Hamilton-Smith,Mid-Market,Professional Services,Active,False,382352.81,0.0,6,66.67,16.67,32.15,3.76,79203033.0,1091727.0,1.3784,11.09,42403.36,Low,1457
CUST-002126,Morgan PLC,Mid-Market,Transportation,Active,True,171451.32,30.0,3,66.67,0.0,65.22,3.58,54139050.0,825328.0,1.5245,24.72,42375.2,Low,1458
CUST-000362,Lam LLC,Mid-Market,Professional Services,Active,False,132968.63,20.0,8,12.5,12.5,66.06,3.1,26184256.0,402143.0,1.5358,31.82,42312.8,Medium,1459
CUST-000599,Hoffman Ltd,SMB,Transportation,Active,False,76911.67,65.0,1,0.0,0.0,98.69,3.61,23329278.0,284277.0,1.2185,54.94,42253.03,High,1460
CUST-001414,"Herman, Bailey and Richmond",SMB,Media,Active,False,119278.89,65.0,0,100.0,0.0,0.0,0.0,28762223.0,415576.0,1.4449,35.39,42212.48,Medium,1461
CUST-001748,Peterson Group,SMB,Insurance,Active,False,100580.92,65.0,3,66.67,0.0,46.37,4.14,22035286.0,295533.0,1.3412,41.85,42092.14,Medium,1462
CUST-001708,"Thompson, Gibson and Riley",SMB,Retail,Active,False,99162.55,30.0,2,0.0,50.0,96.59,3.41,22753451.0,255969.0,1.125,42.25,41896.11,Medium,1463
CUST-001039,Lynn-Jones,Mid-Market,Healthcare,Active,True,332179.69,0.0,3,66.67,33.33,63.84,3.81,55196855.0,706881.0,1.2807,12.56,41726.12,Low,1464
CUST-001491,Mcdonald-Pitts,SMB,Insurance,Active,False,91525.73,35.0,2,0.0,50.0,76.46,2.91,21365295.0,317107.0,1.4842,45.47,41615.31,Medium,1465
CUST-000848,"Greer, Potter and Evans",Mid-Market,Insurance,Active,True,123610.88,35.0,6,33.33,0.0,24.29,3.22,37976078.0,524209.0,1.3804,33.59,41525.92,Medium,1466
CUST-000959,Jones-Bradley,SMB,Telecommunications,Active,False,74992.08,65.0,3,0.0,0.0,59.3,3.28,26629344.0,347452.0,1.3048,55.11,41327.79,High,1467
CUST-000332,"Turner, Ortiz and Taylor",Mid-Market,Media,Active,False,152920.74,30.0,3,66.67,33.33,7.92,3.99,34687527.0,329588.0,0.9502,26.9,41136.18,Medium,1468
CUST-002246,Williams PLC,SMB,Transportation,Active,False,135569.06,35.0,4,50.0,0.0,56.01,3.82,37228289.0,517559.0,1.3902,30.28,41050.94,Medium,1469
CUST-002407,"Higgins, Hobbs and Meyer",Mid-Market,Energy,Active,False,114810.05,30.0,6,16.67,16.67,82.4,2.58,29022000.0,349818.0,1.2054,35.74,41037.75,Medium,1470
CUST-001856,"Hall, Vega and Price",SMB,Healthcare,Active,True,109233.42,30.0,1,0.0,0.0,9.38,3.02,29069355.0,371581.0,1.2783,37.56,41024.26,Medium,1471
CUST-001696,Ellis Group,SMB,Telecommunications,Active,True,73836.84,65.0,1,0.0,0.0,31.28,3.41,19743458.0,247940.0,1.2558,55.01,40618.84,High,1472
CUST-000583,Martin-Ewing,SMB,Transportation,Active,False,73617.39,65.0,2,0.0,0.0,43.65,2.33,21514675.0,279384.0,1.2986,55.1,40561.08,High,1473
CUST-001889,Baldwin-Garcia,Mid-Market,Professional Services,Active,False,230165.05,30.0,2,100.0,0.0,57.71,4.41,89888785.0,1176322.0,1.3086,17.62,40548.83,Low,1474
CUST-000238,"Hall, Baker and Moody",Mid-Market,Telecommunications,Active,False,139047.72,30.0,7,42.86,0.0,31.76,3.79,45956932.0,587237.0,1.2778,28.98,40301.83,Medium,1475
CUST-000608,"Hill, Martinez and Rhodes",Mid-Market,Energy,Active,True,237201.88,30.0,0,100.0,0.0,0.0,0.0,50342873.0,492443.0,0.9782,16.96,40220.8,Low,1476
CUST-001926,Duran PLC,Mid-Market,Retail,Active,False,139361.82,20.0,12,25.0,16.67,47.44,3.22,41921677.0,459641.0,1.0964,28.86,40219.16,Medium,1477
CUST-001782,Patel-Morales,Mid-Market,Education,Active,False,116450.4,30.0,7,28.57,28.57,36.46,3.05,32162907.0,364042.0,1.1319,34.41,40066.62,Medium,1478
CUST-000571,"Khan, Pena and Ruiz",SMB,Manufacturing,Active,False,72027.82,65.0,1,0.0,0.0,10.78,2.52,17894863.0,239330.0,1.3374,55.17,39741.24,High,1479
CUST-001471,Welch-Thomas,Mid-Market,Insurance,Active,False,157216.06,30.0,5,60.0,0.0,55.24,3.82,33470479.0,349174.0,1.0432,25.09,39439.94,Medium,1480
CUST-000284,"Sanford, Rivera and Garcia",SMB,Insurance,Active,False,70686.68,65.0,2,0.0,0.0,60.5,2.35,15050546.0,227500.0,1.5116,55.52,39247.47,High,1481
CUST-000412,Graham Group,Mid-Market,Manufacturing,Active,True,172219.99,0.0,5,20.0,40.0,19.17,3.31,55113030.0,670817.0,1.2172,22.43,38636.4,Low,1482
CUST-001979,Anderson LLC,SMB,Retail,Active,False,67248.37,70.0,1,0.0,0.0,10.12,2.94,18166876.0,214102.0,1.1785,57.36,38571.69,High,1483
CUST-000395,"Ramos, Nelson and Fischer",Mid-Market,Insurance,Active,False,117495.27,30.0,4,25.0,0.0,52.27,2.9,35226989.0,480578.0,1.3642,32.73,38454.4,Medium,1484
CUST-001790,Peters-Short,Mid-Market,Retail,Active,False,157205.82,30.0,3,66.67,0.0,7.86,4.29,34612886.0,465563.0,1.3451,24.36,38290.28,Low,1485
CUST-000011,Blair PLC,SMB,Banking,Active,False,65675.97,65.0,3,0.0,33.33,63.2,2.38,16364726.0,184275.0,1.1261,58.09,38148.17,High,1486
CUST-000026,Wilkerson-Day,Mid-Market,Banking,Active,True,136058.13,30.0,5,60.0,20.0,31.53,4.01,32773251.0,490021.0,1.4952,27.99,38083.18,Medium,1487
CUST-000672,Avila LLC,SMB,Retail,Active,False,122813.51,30.0,6,50.0,33.33,58.17,3.25,27900208.0,373065.0,1.3371,31.01,38081.54,Medium,1488
CUST-000704,Dominguez Ltd,SMB,Education,Active,False,70720.29,55.0,3,0.0,33.33,32.76,2.21,12526192.0,171143.0,1.3663,53.57,37881.96,High,1489
CUST-001766,"Williams, Reyes and Miller",Mid-Market,Transportation,Active,False,133510.5,30.0,2,50.0,0.0,88.83,3.58,43489691.0,676410.0,1.5553,28.11,37530.69,Medium,1490
CUST-002308,Martinez Group,SMB,Manufacturing,Active,False,99132.6,30.0,1,0.0,0.0,11.76,3.7,21091154.0,284438.0,1.3486,37.7,37370.24,Medium,1491
CUST-000325,"Diaz, Gibbs and Smith",Mid-Market,Healthcare,Active,False,215035.66,30.0,1,100.0,0.0,3.98,4.39,48064044.0,570486.0,1.1869,17.37,37359.99,Low,1492
CUST-001356,Martin-Jones,SMB,Insurance,Active,False,67945.98,65.0,1,0.0,0.0,120.47,1.57,16444666.0,195832.0,1.1909,54.88,37289.91,High,1493
CUST-001481,"King, Manning and Brady",SMB,Telecommunications,Active,False,64681.23,70.0,1,0.0,0.0,106.57,2.52,14777196.0,181328.0,1.2271,57.45,37162.06,High,1494
CUST-000843,Cunningham-Barton,Mid-Market,Manufacturing,Active,False,162400.61,20.0,4,50.0,0.0,31.2,3.06,40175282.0,535759.0,1.3336,22.67,36811.52,Low,1495
CUST-000154,Green-Wright,SMB,Telecommunications,Active,True,104687.7,65.0,0,100.0,0.0,0.0,0.0,27031207.0,323078.0,1.1952,34.89,36525.97,Medium,1496
CUST-000981,Orr Group,SMB,Media,Active,False,80661.93,55.0,2,50.0,50.0,29.78,3.66,23029307.0,282513.0,1.2268,44.95,36260.37,Medium,1497
CUST-000618,Love-Garcia,SMB,Retail,Active,False,66265.75,65.0,1,0.0,0.0,137.3,3.48,20931365.0,221368.0,1.0576,54.62,36191.16,High,1498
CUST-000836,"Brown, Howard and Smith",SMB,Banking,Active,False,71768.26,65.0,4,25.0,0.0,63.91,2.74,21535528.0,291627.0,1.3542,50.21,36033.65,High,1499
CUST-000333,Torres Group,SMB,Energy,Active,False,59741.26,65.0,2,0.0,50.0,28.66,2.35,16307879.0,223391.0,1.3698,60.24,35987.94,High,1500
CUST-002361,"Morgan, Guzman and Kirby",SMB,Technology,Active,False,101267.74,65.0,1,100.0,0.0,52.3,4.48,29007195.0,385357.0,1.3285,35.16,35602.67,Medium,1501
CUST-001947,Clark-King,SMB,Banking,Active,False,88359.81,35.0,2,50.0,100.0,18.73,3.91,21862197.0,282730.0,1.2932,40.09,35420.33,Medium,1502
CUST-001193,"Brown, Dunlap and Moore",Mid-Market,Media,Active,False,223583.87,0.0,3,33.33,0.0,45.72,3.35,36130661.0,443667.0,1.228,15.79,35302.19,Low,1503
CUST-001308,"Wong, Bernard and Smith",SMB,Banking,Active,True,99940.86,65.0,0,100.0,0.0,0.0,0.0,25223093.0,351036.0,1.3917,35.28,35262.58,Medium,1504
CUST-002108,Knapp Ltd,SMB,Technology,Active,True,73353.3,30.0,1,0.0,100.0,80.47,1.93,24845016.0,340970.0,1.3724,47.74,35022.37,Medium,1505
CUST-001189,White-Morales,SMB,Healthcare,Active,False,63345.18,65.0,1,0.0,0.0,145.43,2.0,22730400.0,269528.0,1.1858,54.87,34758.46,High,1506
CUST-001106,Johnson-Williams,SMB,Retail,Active,False,90983.05,30.0,1,0.0,0.0,4.56,2.55,21767221.0,345849.0,1.5889,38.18,34735.24,Medium,1507
CUST-002189,Walters Group,Mid-Market,Professional Services,Active,False,203321.95,0.0,4,25.0,0.0,51.75,3.53,43598051.0,443723.0,1.0178,17.04,34636.95,Low,1508
CUST-001436,Lowe Ltd,SMB,Technology,Active,False,62624.83,65.0,3,0.0,0.0,57.12,2.94,18413045.0,247485.0,1.3441,55.19,34561.48,High,1509
CUST-002456,Shaw-Smith,Mid-Market,Banking,Active,True,230981.77,0.0,8,37.5,0.0,67.05,3.38,90726300.0,1100673.0,1.2132,14.93,34477.17,Low,1510
CUST-000641,Young-Molina,SMB,Media,Active,False,57385.48,65.0,2,0.0,50.0,34.53,2.16,22874495.0,277781.0,1.2144,59.93,34390.4,High,1511
CUST-002478,Torres Group,SMB,Professional Services,Active,False,98504.36,65.0,1,100.0,0.0,7.77,4.76,24349983.0,277088.0,1.1379,34.78,34255.76,Medium,1512
CUST-002310,"Munoz, Howard and Davis",Mid-Market,Technology,Active,False,79497.06,55.0,3,33.33,0.0,52.48,3.22,29743700.0,303436.0,1.0202,42.87,34083.31,Medium,1513
CUST-000870,Donaldson and Sons,SMB,Professional Services,Active,False,90404.13,30.0,2,0.0,0.0,27.7,2.13,22887739.0,299922.0,1.3104,37.62,34010.77,Medium,1514
CUST-001157,"Morgan, Barron and Cowan",Mid-Market,Technology,Active,True,131901.9,20.0,3,33.33,0.0,55.68,3.86,31814888.0,388633.0,1.2215,25.78,33999.59,Medium,1515
CUST-001276,"Moore, Daniels and Powell",SMB,Technology,Active,False,91041.97,30.0,1,0.0,0.0,46.67,3.21,25018651.0,288624.0,1.1536,37.31,33965.27,Medium,1516
CUST-000326,"Martinez, Richardson and Curry",SMB,Manufacturing,Active,False,89512.2,30.0,1,0.0,0.0,113.68,2.14,31657353.0,432362.0,1.3658,37.73,33774.31,Medium,1517
CUST-002444,Harrington-Alvarez,Mid-Market,Retail,Active,True,123543.24,30.0,9,55.56,11.11,50.37,4.07,34512849.0,400309.0,1.1599,27.32,33751.73,Medium,1518
CUST-000947,Vargas-Snyder,SMB,Energy,Active,False,89053.2,30.0,1,0.0,0.0,73.59,3.77,24766007.0,335629.0,1.3552,37.71,33582.32,Medium,1519
CUST-000549,"Morgan, Bradshaw and Williams",Mid-Market,Energy,Active,False,128453.79,30.0,8,62.5,12.5,37.93,3.6,44050363.0,484834.0,1.1006,25.95,33335.39,Medium,1520
CUST-000282,Hughes-Alvarado,SMB,Professional Services,Active,False,93995.88,35.0,2,50.0,50.0,30.31,3.27,30880913.0,438382.0,1.4196,35.34,33217.37,Medium,1521
CUST-001784,Dickson Group,SMB,Professional Services,Active,False,60026.05,65.0,1,0.0,0.0,27.02,3.75,12179524.0,167377.0,1.3742,55.25,33163.49,High,1522
CUST-002499,"Miller, Mcdowell and Curtis",SMB,Telecommunications,Active,True,101767.01,0.0,1,0.0,100.0,40.86,3.54,29659084.0,382802.0,1.2907,32.58,33157.06,Medium,1523
CUST-000880,Pena LLC,SMB,Retail,Active,False,88390.09,30.0,1,0.0,0.0,86.17,2.47,24093601.0,296646.0,1.2312,37.46,33113.09,Medium,1524
CUST-000633,Simon Ltd,SMB,Professional Services,Active,False,81902.2,35.0,3,0.0,0.0,53.57,3.0,26938891.0,371105.0,1.3776,40.26,32969.86,Medium,1525
CUST-001229,"Morgan, Sherman and Williams",SMB,Professional Services,Active,False,50780.4,65.0,1,0.0,100.0,40.27,3.16,15179577.0,180922.0,1.1919,64.88,32948.23,High,1526
CUST-001631,"Hughes, Whitney and Romero",SMB,Banking,Active,False,77517.73,55.0,4,50.0,25.0,61.37,3.76,21865053.0,271355.0,1.241,42.48,32931.15,Medium,1527
CUST-001577,Kirk-Gutierrez,Mid-Market,Energy,Active,False,148009.76,20.0,3,66.67,33.33,72.83,3.57,41043513.0,452690.0,1.103,22.21,32866.9,Low,1528
CUST-001642,"Taylor, Blair and Meyer",SMB,Transportation,Active,False,86597.7,30.0,1,0.0,0.0,76.61,2.5,18534306.0,252784.0,1.3639,37.73,32671.36,Medium,1529
CUST-002004,Marsh-Dougherty,SMB,Banking,Active,False,88453.82,55.0,3,66.67,0.0,50.98,3.46,19688900.0,271502.0,1.379,36.92,32661.21,Medium,1530
CUST-001476,Page-Jacobs,SMB,Healthcare,Active,False,63427.16,65.0,3,33.33,33.33,18.71,3.33,17409154.0,196091.0,1.1264,51.42,32613.87,High,1531
CUST-000276,"Burns, Hernandez and Ryan",SMB,Energy,Active,False,99830.35,30.0,2,50.0,50.0,50.25,4.25,26231492.0,347438.0,1.3245,32.65,32593.63,Medium,1532
CUST-001575,Sandoval-Ferguson,SMB,Professional Services,Active,True,62545.26,65.0,3,33.33,33.33,65.91,3.61,16355780.0,214585.0,1.312,51.79,32392.59,High,1533
CUST-002420,"Wright, Murphy and Aguilar",SMB,Manufacturing,Active,False,86511.67,30.0,1,0.0,0.0,28.77,2.67,18394838.0,220556.0,1.199,37.4,32353.65,Medium,1534
CUST-001749,"Russo, Collins and Murphy",SMB,Technology,Active,False,84702.03,30.0,2,0.0,0.0,14.15,2.33,22368780.0,323029.0,1.4441,37.89,32092.09,Medium,1535
CUST-001762,"Flores, Thomas and Bush",Mid-Market,Banking,Active,False,183674.73,30.0,2,100.0,0.0,12.12,4.38,37206309.0,441497.0,1.1866,17.37,31910.25,Low,1536
CUST-001145,"Brown, Hayes and Clark",SMB,Manufacturing,Active,False,106151.5,55.0,0,100.0,0.0,0.0,0.0,27895280.0,340382.0,1.2202,29.94,31782.21,Medium,1537
CUST-000621,Santos-Avila,SMB,Energy,Active,False,57340.58,65.0,1,0.0,0.0,129.02,2.02,13189267.0,184877.0,1.4017,55.3,31711.32,High,1538
CUST-000105,Nolan-Flynn,SMB,Manufacturing,Active,False,57355.33,65.0,1,0.0,0.0,15.11,1.75,21963718.0,297241.0,1.3533,55.21,31663.96,High,1539
CUST-001888,Mendez Inc,SMB,Insurance,Active,False,70099.42,35.0,2,0.0,50.0,36.66,2.78,17405227.0,215733.0,1.2395,44.98,31529.98,Medium,1540
CUST-002076,Stephens LLC,Mid-Market,Telecommunications,Active,False,139231.76,0.0,2,0.0,0.0,132.03,2.89,41394717.0,543228.0,1.3123,22.62,31500.66,Low,1541
CUST-002029,Ferguson Inc,SMB,Energy,Active,False,83798.27,30.0,1,0.0,0.0,31.76,1.75,17429433.0,224770.0,1.2896,37.58,31490.72,Medium,1542
CUST-000678,Allen Inc,SMB,Manufacturing,Active,False,83317.74,30.0,1,0.0,0.0,43.68,2.45,19941425.0,274302.0,1.3755,37.75,31453.34,Medium,1543
CUST-002326,Yang Group,SMB,Telecommunications,Active,False,73907.53,30.0,2,0.0,50.0,45.82,2.17,16517102.0,193060.0,1.1688,42.34,31290.75,Medium,1544
CUST-002293,Maldonado-Becker,SMB,Banking,Active,False,77424.68,35.0,1,0.0,0.0,139.59,1.83,19579889.0,280259.0,1.4314,40.36,31250.71,Medium,1545
CUST-001522,Daniels and Sons,SMB,Professional Services,Active,False,47623.95,65.0,1,0.0,100.0,150.28,2.69,11652634.0,171780.0,1.4742,65.45,31169.09,High,1546
CUST-000526,Hayes Ltd,SMB,Manufacturing,Active,False,82595.09,30.0,2,0.0,0.0,30.57,1.55,18414403.0,251755.0,1.3672,37.73,31166.7,Medium,1547
CUST-002488,"Hart, Turner and Foster",Mid-Market,Banking,Active,False,121806.21,20.0,3,33.33,0.0,39.34,3.53,27887615.0,306719.0,1.0998,25.53,31100.79,Medium,1548
CUST-000927,Brady LLC,SMB,Transportation,Active,False,82347.26,30.0,1,0.0,0.0,47.02,2.44,27503903.0,364721.0,1.3261,37.65,31005.51,Medium,1549
CUST-000876,Alexander Inc,Mid-Market,Transportation,Active,True,122801.42,0.0,4,0.0,25.0,50.33,3.04,29392790.0,383264.0,1.3039,25.11,30832.83,Medium,1550
CUST-001152,"Lee, Rhodes and Sims",SMB,Technology,Active,True,60737.68,55.0,1,0.0,0.0,49.94,2.46,9282315.0,123102.0,1.3262,50.15,30461.4,High,1551
CUST-000472,Combs Ltd,Mid-Market,Media,Active,False,154345.67,0.0,5,20.0,20.0,15.64,3.41,38613967.0,332185.0,0.8603,19.72,30437.8,Low,1552
CUST-000533,Johnson-Spencer,SMB,Manufacturing,Active,True,60414.71,35.0,1,0.0,100.0,16.25,2.6,19275760.0,274421.0,1.4237,50.35,30417.19,High,1553
CUST-002461,Morgan and Sons,SMB,Professional Services,Active,False,71752.08,30.0,2,0.0,50.0,79.34,3.45,22349292.0,260491.0,1.1655,42.33,30373.44,Medium,1554
CUST-002192,Wilson and Sons,SMB,Education,Active,False,86143.96,65.0,0,100.0,0.0,0.0,0.0,24497529.0,312438.0,1.2754,35.05,30194.12,Medium,1555
CUST-001536,Barker-Moore,SMB,Manufacturing,Active,False,62515.67,65.0,3,33.33,0.0,56.09,3.52,24191545.0,292887.0,1.2107,48.25,30166.77,Medium,1556
CUST-000386,Kane PLC,Mid-Market,Telecommunications,Active,False,154586.44,0.0,3,33.33,33.33,68.2,3.56,42380086.0,602441.0,1.4215,19.51,30159.36,Low,1557
CUST-002352,Freeman Group,SMB,Insurance,Active,False,60442.46,65.0,2,50.0,50.0,55.95,3.21,16625728.0,198898.0,1.1963,49.89,30156.35,Medium,1558
CUST-000473,Moody-Taylor,SMB,Manufacturing,Active,False,54612.33,65.0,1,0.0,0.0,32.09,3.34,18871566.0,247898.0,1.3136,55.13,30106.25,High,1559
CUST-001178,"Fitzpatrick, Rivera and Smith",Mid-Market,Telecommunications,Active,False,91596.66,20.0,3,0.0,0.0,24.43,2.93,27080837.0,380317.0,1.4044,32.81,30051.72,Medium,1560
CUST-000493,Li-Thompson,SMB,Transportation,Active,True,92898.19,0.0,1,0.0,100.0,14.42,2.76,27067250.0,308308.0,1.139,32.28,29985.76,Medium,1561
CUST-000781,"Harris, Edwards and Oconnell",SMB,Media,Active,False,80460.91,30.0,1,0.0,0.0,10.79,3.1,25676357.0,290549.0,1.1316,37.26,29982.28,Medium,1562
CUST-001633,"Miller, Gonzalez and Rasmussen",SMB,Manufacturing,Active,False,85082.36,65.0,0,100.0,0.0,0.0,0.0,22012634.0,293342.0,1.3326,35.17,29919.39,Medium,1563
CUST-000597,Salas-Fitzgerald,SMB,Energy,Active,False,74656.06,35.0,2,0.0,0.0,26.26,3.28,23120657.0,279671.0,1.2096,39.92,29802.12,Medium,1564
CUST-000456,Diaz-Ball,SMB,Professional Services,Active,False,64932.47,65.0,4,50.0,0.0,56.54,3.45,16567530.0,258923.0,1.5628,45.63,29625.87,Medium,1565
CUST-000223,Sheppard LLC,SMB,Telecommunications,Active,False,73330.26,35.0,4,0.0,0.0,41.49,2.68,22602083.0,310779.0,1.375,40.25,29515.43,Medium,1566
CUST-000943,Cline-Ayala,SMB,Media,Active,False,61563.65,30.0,1,0.0,100.0,48.59,1.68,15108450.0,204092.0,1.3508,47.7,29366.9,Medium,1567
CUST-000103,"Mckee, Gardner and Davenport",Mid-Market,Retail,Active,False,120984.18,30.0,6,66.67,0.0,55.94,3.91,32183935.0,417347.0,1.2968,24.26,29350.98,Low,1568
CUST-001447,"Clark, Carpenter and Nguyen",SMB,Energy,Active,False,53177.07,65.0,2,0.0,0.0,21.95,2.69,18832058.0,238973.0,1.269,55.04,29267.56,High,1569
CUST-001820,Perez-Coleman,Mid-Market,Education,Active,False,113099.0,30.0,5,60.0,0.0,52.47,3.53,29323882.0,411355.0,1.4028,25.81,29185.87,Medium,1570
CUST-001899,Martinez-Nichols,Mid-Market,Healthcare,Active,False,90151.96,35.0,4,50.0,25.0,23.52,3.26,33738593.0,391573.0,1.1606,32.32,29138.21,Medium,1571
CUST-001684,Holt-Meadows,SMB,Telecommunications,Active,False,77656.11,30.0,1,0.0,0.0,6.74,3.71,20138118.0,252973.0,1.2562,37.51,29130.65,Medium,1572
CUST-000369,Perry-Davis,SMB,Education,Active,False,72690.05,55.0,2,50.0,0.0,8.77,4.17,20084064.0,239435.0,1.1922,39.88,28991.94,Medium,1573
CUST-002188,"Cannon, Richard and Jenkins",SMB,Insurance,Active,False,96278.46,55.0,0,100.0,0.0,0.0,0.0,27415514.0,327523.0,1.1947,29.89,28776.98,Medium,1574
CUST-001990,"Norton, French and Miller",SMB,Professional Services,Active,False,67311.44,30.0,2,0.0,50.0,72.85,2.61,20186579.0,262066.0,1.2982,42.6,28672.28,Medium,1575
CUST-001114,Stevens-Robinson,SMB,Technology,Active,False,52104.86,65.0,2,0.0,0.0,50.53,3.19,22912379.0,279923.0,1.2217,54.94,28628.19,High,1576
CUST-002022,Joseph LLC,SMB,Telecommunications,Active,False,70444.82,35.0,2,0.0,0.0,146.19,3.31,28442414.0,410928.0,1.4448,40.39,28452.34,Medium,1577
CUST-000074,"Stanley, Tucker and Lee",SMB,Technology,Active,False,51684.67,65.0,1,0.0,0.0,146.53,3.12,16894934.0,211561.0,1.2522,55.0,28428.86,High,1578
CUST-002486,"James, Bell and Chen",SMB,Transportation,Active,False,101983.67,30.0,2,50.0,0.0,13.34,3.35,22154216.0,294518.0,1.3294,27.66,28207.46,Medium,1579
CUST-001876,Douglas-Yoder,SMB,Insurance,Active,False,74964.05,30.0,1,0.0,0.0,6.69,2.38,19468246.0,244433.0,1.2555,37.51,28119.84,Medium,1580
CUST-000056,Jones-Young,SMB,Banking,Active,False,66096.3,30.0,2,0.0,50.0,112.36,3.02,15864240.0,197239.0,1.2433,42.49,28082.06,Medium,1581
CUST-000444,Collins Group,SMB,Banking,Active,False,79885.67,65.0,1,100.0,0.0,36.42,4.02,21242130.0,273154.0,1.2859,35.07,28017.35,Medium,1582
CUST-001354,Sparks-Eaton,Mid-Market,Retail,Active,False,100399.71,30.0,6,50.0,0.0,60.75,3.69,31640539.0,391608.0,1.2377,27.48,27585.18,Medium,1583
CUST-000454,White Ltd,SMB,Media,Active,False,68885.91,55.0,2,50.0,0.0,42.09,4.02,18217927.0,224056.0,1.2299,39.96,27526.62,Medium,1584
CUST-002335,Stevens-Sullivan,Mid-Market,Media,Active,True,214002.43,20.0,0,100.0,0.0,0.0,0.0,36526343.0,518049.0,1.4183,12.84,27470.59,Low,1585
CUST-001334,Arnold PLC,SMB,Professional Services,Active,False,60948.37,40.0,4,0.0,25.0,67.15,2.68,17971905.0,226737.0,1.2616,45.02,27440.93,Medium,1586
CUST-000260,Dean-Jimenez,SMB,Education,Active,False,40077.18,70.0,1,0.0,100.0,90.38,2.29,12373095.0,189455.0,1.5312,68.06,27277.48,High,1587
CUST-002198,"Thompson, Phelps and Stuart",SMB,Retail,Active,False,71975.14,30.0,1,0.0,0.0,117.71,3.56,24838856.0,357476.0,1.4392,37.88,27263.0,Medium,1588
CUST-000298,Schmidt PLC,SMB,Energy,Active,False,67959.9,35.0,1,0.0,0.0,8.24,2.94,19584880.0,250117.0,1.2771,40.05,27220.78,Medium,1589
CUST-000949,Hernandez Group,SMB,Banking,Active,False,72316.41,30.0,1,0.0,0.0,13.33,2.42,28593047.0,366681.0,1.2824,37.56,27165.53,Medium,1590
CUST-001594,Hobbs-Hamilton,SMB,Energy,Active,False,49387.43,65.0,1,0.0,0.0,11.27,3.55,16216172.0,198660.0,1.2251,54.95,27138.47,High,1591
CUST-002470,Scott-David,SMB,Retail,Active,False,77496.59,65.0,1,100.0,0.0,11.93,4.67,17138975.0,210623.0,1.2289,34.96,27091.12,Medium,1592
CUST-000193,Short-Garcia,SMB,Transportation,Active,False,59565.87,65.0,2,50.0,0.0,62.33,2.91,13576479.0,200585.0,1.4774,45.45,27075.6,Medium,1593
CUST-000058,"Johnston, Sanchez and Kennedy",SMB,Energy,Active,True,59879.46,65.0,2,50.0,0.0,75.19,3.34,14769580.0,199675.0,1.3519,45.2,27067.83,Medium,1594
CUST-000461,Strickland-Shaw,SMB,Telecommunications,Active,False,96469.3,30.0,2,50.0,0.0,43.7,4.01,31058881.0,467880.0,1.5064,28.01,27023.81,Medium,1595
CUST-001375,Valenzuela-Greene,SMB,Technology,Active,False,71864.57,30.0,4,0.0,0.0,44.71,2.57,20234851.0,246799.0,1.2197,37.44,26905.62,Medium,1596
CUST-002179,Perry LLC,SMB,Energy,Active,False,59415.64,35.0,2,0.0,50.0,51.46,2.8,21139664.0,287084.0,1.358,45.22,26865.42,Medium,1597
CUST-002249,Higgins Group,SMB,Technology,Active,False,77063.57,65.0,0,100.0,0.0,0.0,0.0,18239445.0,211232.0,1.1581,34.82,26830.62,Medium,1598
CUST-002351,"Lane, Simon and Duarte",SMB,Energy,Active,False,66882.11,35.0,1,0.0,0.0,48.92,1.79,20466530.0,263949.0,1.2897,40.08,26805.9,Medium,1599
CUST-000104,"Tran, Jordan and Williams",SMB,Technology,Active,True,75984.35,5.0,1,0.0,100.0,120.84,2.1,19093067.0,260813.0,1.366,35.23,26770.82,Medium,1600
CUST-001919,Jackson Inc,SMB,Technology,Active,False,48490.91,65.0,1,0.0,0.0,45.1,2.02,13061888.0,157129.0,1.203,54.91,26624.38,High,1601
CUST-001727,"Pierce, Wang and Wilson",SMB,Technology,Active,False,81316.5,30.0,2,50.0,50.0,26.65,3.5,19878915.0,265020.0,1.3332,32.67,26563.13,Medium,1602
CUST-002378,Villegas PLC,SMB,Manufacturing,Active,False,45996.87,70.0,1,0.0,0.0,43.09,3.52,9844219.0,128170.0,1.302,57.6,26496.02,High,1603
CUST-002154,Anderson LLC,Mid-Market,Banking,Active,False,78486.24,35.0,5,40.0,20.0,57.78,2.89,25500818.0,240604.0,0.9435,33.39,26204.22,Medium,1604
CUST-001859,Gregory-Nixon,SMB,Professional Services,Active,False,78112.81,35.0,3,33.33,0.0,105.5,3.41,20598053.0,275695.0,1.3385,33.51,26175.79,Medium,1605
CUST-001332,Hess PLC,SMB,Technology,Active,False,80875.46,20.0,2,0.0,0.0,32.39,3.45,19846176.0,221725.0,1.1172,32.23,26069.75,Medium,1606
CUST-000670,"Anderson, Dalton and Wilson",SMB,Media,Active,False,69034.94,30.0,2,0.0,0.0,70.75,2.7,17319953.0,218057.0,1.259,37.52,25900.52,Medium,1607
CUST-001813,Taylor Inc,SMB,Education,Active,False,68906.98,30.0,2,0.0,0.0,124.72,3.37,18394439.0,219996.0,1.196,37.39,25765.69,Medium,1608
CUST-001986,"Marshall, Schultz and Dalton",SMB,Healthcare,Active,False,83222.36,30.0,3,33.33,0.0,11.82,2.68,24615878.0,321972.0,1.308,30.95,25756.74,Medium,1609
CUST-000913,Lewis-Livingston,SMB,Energy,Active,False,68278.61,30.0,1,0.0,0.0,6.15,3.6,27083777.0,366835.0,1.3544,37.71,25747.11,Medium,1610
CUST-000206,Freeman-Chang,SMB,Banking,Active,False,46055.41,65.0,1,0.0,0.0,157.51,1.95,10777550.0,176960.0,1.6419,55.78,25691.49,High,1611
CUST-002214,Stewart Group,SMB,Education,Active,False,85075.59,55.0,1,100.0,0.0,13.02,4.77,18373740.0,239960.0,1.306,30.11,25617.95,Medium,1612
CUST-000251,Moon-White,SMB,Insurance,Active,False,63721.84,65.0,4,75.0,0.0,39.88,4.2,19122124.0,250614.0,1.3106,40.12,25565.96,Medium,1613
CUST-000800,Sheppard-Jordan,SMB,Healthcare,Active,False,59668.24,30.0,2,0.0,50.0,69.89,2.77,20674570.0,261744.0,1.266,42.53,25378.12,Medium,1614
CUST-002058,"Bradley, Melendez and Gonzalez",SMB,Banking,Active,False,56283.83,65.0,2,50.0,0.0,33.86,3.97,19471781.0,247058.0,1.2688,45.04,25348.89,Medium,1615
CUST-001745,Brooks Inc,SMB,Transportation,Active,False,63230.48,35.0,3,0.0,0.0,57.19,2.95,22820798.0,266784.0,1.169,39.84,25189.81,Medium,1616
CUST-001690,"Savage, Huffman and Martin",Mid-Market,Insurance,Active,False,236828.53,0.0,5,60.0,0.0,21.46,3.46,70874244.0,929005.0,1.3108,10.62,25154.88,Low,1617
CUST-000163,"Smith, Gilmore and Johnston",SMB,Insurance,Active,False,71296.28,65.0,1,100.0,0.0,2.83,4.73,18576817.0,257348.0,1.3853,35.27,25146.65,Medium,1618
CUST-002245,Gonzalez-Haynes,SMB,Healthcare,Active,False,71486.66,35.0,2,50.0,50.0,32.4,3.66,19646788.0,255332.0,1.2996,35.1,25091.26,Medium,1619
CUST-000816,Lopez Ltd,SMB,Retail,Active,False,66930.7,30.0,1,0.0,0.0,28.02,2.89,25005757.0,310527.0,1.2418,37.48,25088.07,Medium,1620
CUST-001757,Flores and Sons,SMB,Banking,Active,False,67064.21,30.0,1,0.0,0.0,116.8,3.0,22149792.0,262444.0,1.1849,37.37,25061.71,Medium,1621
CUST-001541,"Kramer, Sherman and Trujillo",SMB,Energy,Active,False,49582.02,35.0,2,0.0,100.0,24.27,2.28,17534909.0,264901.0,1.5107,50.52,25049.54,High,1622
CUST-002173,Weber Inc,SMB,Manufacturing,Active,True,58275.81,30.0,2,0.0,50.0,39.82,2.52,19649287.0,286951.0,1.4604,42.92,25012.4,Medium,1623
CUST-001454,Olsen Ltd,SMB,Manufacturing,Active,False,62341.57,35.0,1,0.0,0.0,118.41,2.99,24655232.0,321678.0,1.3047,40.11,25004.84,Medium,1624
CUST-000740,Miller Group,SMB,Retail,Active,False,71567.68,65.0,0,100.0,0.0,0.0,0.0,18240698.0,203455.0,1.1154,34.73,24856.01,Medium,1625
CUST-000418,Thomas and Sons,SMB,Healthcare,Active,False,62298.66,35.0,3,0.0,0.0,63.62,2.24,21653933.0,257285.0,1.1882,39.88,24842.42,Medium,1626
CUST-002180,"Robertson, Powers and Kelley",SMB,Telecommunications,Active,False,70540.99,65.0,0,100.0,0.0,0.0,0.0,18104170.0,238035.0,1.3148,35.13,24780.78,Medium,1627
CUST-001966,Clarke Ltd,SMB,Technology,Active,False,61653.0,35.0,2,0.0,0.0,79.85,2.26,16095800.0,203609.0,1.265,40.03,24679.67,Medium,1628
CUST-000726,Williamson Ltd,SMB,Manufacturing,Active,False,65253.77,30.0,3,0.0,0.0,55.17,2.55,24630578.0,346920.0,1.4085,37.82,24677.01,Medium,1629
CUST-002109,Richardson-Lawrence,SMB,Professional Services,Active,False,65604.88,30.0,2,0.0,0.0,39.62,1.98,22924972.0,292362.0,1.2753,37.55,24635.03,Medium,1630
CUST-000603,"Becker, Lara and Baker",SMB,Technology,Active,False,44538.44,65.0,1,0.0,0.0,33.79,3.72,13937238.0,177100.0,1.2707,55.04,24514.58,High,1631
CUST-000485,"Butler, Beck and Miller",SMB,Banking,Active,False,59211.8,30.0,5,0.0,40.0,35.56,2.65,16647638.0,191653.0,1.1512,41.3,24455.93,Medium,1632
CUST-001138,Mason Ltd,SMB,Banking,Active,False,43863.47,65.0,1,0.0,0.0,41.72,2.23,12959044.0,198919.0,1.535,55.57,24374.91,High,1633
CUST-001902,Diaz LLC,SMB,Healthcare,Active,False,44215.46,65.0,2,0.0,0.0,77.93,1.87,14967561.0,194922.0,1.3023,55.1,24364.75,High,1634
CUST-001403,Arias-Morales,SMB,Banking,Active,True,114043.79,30.0,3,100.0,33.33,36.89,4.34,29630524.0,423094.0,1.4279,21.19,24164.89,Low,1635
CUST-001730,Nielsen-Mendoza,SMB,Technology,Active,False,68262.87,65.0,3,100.0,0.0,31.74,4.81,17304756.0,237146.0,1.3704,35.24,24056.39,Medium,1636
CUST-000901,Wright PLC,SMB,Banking,Active,False,43448.74,65.0,2,0.0,0.0,75.28,2.43,10461451.0,141785.0,1.3553,55.21,23988.32,High,1637
CUST-001478,Adkins-Meyer,SMB,Insurance,Active,False,64411.05,30.0,1,0.0,0.0,41.79,2.17,18205222.0,203245.0,1.1164,37.23,23982.05,Medium,1638
CUST-000737,"Frey, Santos and Johnson",SMB,Insurance,Active,False,40866.97,65.0,3,0.0,33.33,39.23,2.54,17605294.0,243761.0,1.3846,58.6,23949.07,High,1639
CUST-001007,Drake-Wolfe,SMB,Education,Active,False,76827.36,30.0,3,33.33,0.0,51.62,2.78,24313891.0,344736.0,1.4179,31.17,23946.35,Medium,1640
CUST-002167,"Leonard, Rogers and Shaw",SMB,Education,Active,False,45198.47,55.0,4,0.0,25.0,98.56,2.42,17042704.0,249375.0,1.4632,52.93,23921.96,High,1641
CUST-000711,Figueroa Inc,SMB,Healthcare,Active,False,45989.49,65.0,3,33.33,33.33,47.58,3.53,15136135.0,214186.0,1.4151,52.0,23913.06,High,1642
CUST-002487,"Pittman, Campbell and Martin",SMB,Manufacturing,Active,False,86539.2,30.0,2,50.0,0.0,24.23,3.68,21519022.0,279909.0,1.3008,27.6,23886.12,Medium,1643
CUST-001822,Joseph LLC,SMB,Media,Active,False,76991.12,30.0,3,33.33,0.0,29.66,3.0,24393376.0,314706.0,1.2901,30.91,23800.72,Medium,1644
CUST-000732,"Hernandez, Lee and Fox",SMB,Education,Active,False,57554.35,30.0,3,0.0,33.33,78.5,2.56,16898462.0,240296.0,1.422,41.18,23699.35,Medium,1645
CUST-002095,Smith Group,SMB,Media,Active,False,49287.25,30.0,1,0.0,100.0,27.17,1.86,14832720.0,214648.0,1.4471,47.89,23605.76,Medium,1646
CUST-001678,"Ellison, Vaughn and Mckee",Mid-Market,Retail,Active,False,135687.46,30.0,2,100.0,0.0,12.98,4.43,31773854.0,377202.0,1.1871,17.37,23574.74,Low,1647
CUST-000508,Parker-Morrison,Mid-Market,Banking,Active,False,206543.03,0.0,7,57.14,0.0,59.79,3.71,51533195.0,726985.0,1.4107,11.39,23531.14,Low,1648
CUST-001531,"Evans, Ward and Williams",SMB,Transportation,Active,False,62698.44,30.0,3,0.0,0.0,47.98,3.06,23543786.0,286755.0,1.218,37.44,23471.74,Medium,1649
CUST-001623,Payne LLC,SMB,Professional Services,Active,False,77268.54,35.0,2,50.0,0.0,45.8,3.79,21591899.0,290311.0,1.3445,30.19,23326.66,Medium,1650
CUST-000476,Gilbert-Bullock,SMB,Technology,Active,False,48764.27,70.0,2,50.0,0.0,27.5,3.42,18231878.0,256921.0,1.4092,47.82,23318.28,Medium,1651
CUST-001691,White Ltd,SMB,Manufacturing,Active,False,66486.67,65.0,0,100.0,0.0,0.0,0.0,15475040.0,197386.0,1.2755,35.05,23304.26,Medium,1652
CUST-001893,Ortega LLC,Mid-Market,Transportation,Active,False,130940.4,30.0,1,100.0,0.0,7.65,4.48,45713073.0,639184.0,1.3983,17.8,23302.81,Low,1653
CUST-001946,Brown LLC,SMB,Technology,Active,False,133120.77,30.0,1,100.0,0.0,32.24,4.18,36440873.0,453950.0,1.2457,17.49,23284.73,Low,1654
CUST-000443,"Hale, Myers and Larson",SMB,Healthcare,Active,True,51640.77,55.0,2,50.0,50.0,50.33,3.32,15151661.0,187075.0,1.2347,44.97,23222.53,Medium,1655
CUST-001656,Lopez PLC,SMB,Energy,Active,False,54334.79,30.0,2,0.0,50.0,73.74,3.24,18590607.0,230643.0,1.2406,42.48,23082.12,Medium,1656
CUST-000904,Harris-Lawson,SMB,Banking,Active,False,60833.79,30.0,1,0.0,0.0,30.66,2.48,26016494.0,379379.0,1.4582,37.92,23066.01,Medium,1657
CUST-001095,Jones Ltd,SMB,Manufacturing,Active,False,76970.9,55.0,0,100.0,0.0,0.0,0.0,24126830.0,295295.0,1.2239,29.95,23051.13,Medium,1658
CUST-000712,Tran-Silva,SMB,Transportation,Active,False,77192.94,20.0,4,25.0,25.0,32.94,2.89,22785406.0,263655.0,1.1571,29.81,23014.49,Medium,1659
CUST-000213,Stewart Ltd,SMB,Media,Active,False,57499.31,55.0,2,50.0,0.0,62.3,3.77,13849990.0,173971.0,1.2561,40.01,23006.75,Medium,1660
CUST-002001,Chavez-Mason,SMB,Retail,Active,False,41671.97,65.0,1,0.0,0.0,78.3,2.32,19822754.0,256879.0,1.2959,55.09,22957.82,High,1661
CUST-000890,"Shaffer, Garcia and Richardson",SMB,Education,Active,False,70510.04,0.0,1,0.0,100.0,120.13,3.27,20050359.0,253617.0,1.2649,32.53,22936.78,Medium,1662
CUST-002208,Murphy-Silva,SMB,Telecommunications,Active,False,45777.8,55.0,1,0.0,0.0,12.74,3.16,23747640.0,294070.0,1.2383,49.98,22878.2,Medium,1663
CUST-000331,Reid Group,SMB,Retail,Active,False,82092.36,30.0,2,50.0,0.0,27.04,3.02,21210483.0,278208.0,1.3117,27.62,22676.62,Medium,1664
CUST-000835,Edwards Group,SMB,Professional Services,Active,True,60418.39,30.0,1,0.0,0.0,48.77,1.87,22274791.0,273119.0,1.2261,37.45,22628.06,Medium,1665
CUST-001664,Schaefer Group,Mid-Market,Media,Active,True,126795.88,30.0,0,100.0,0.0,0.0,0.0,36600823.0,517629.0,1.4143,17.83,22605.82,Low,1666
CUST-001201,"Saunders, Ray and Cunningham",Mid-Market,Media,Active,True,101041.97,0.0,5,20.0,40.0,72.28,3.31,40480125.0,475286.0,1.1741,22.35,22581.11,Low,1667
CUST-000592,"Harvey, Randall and Hernandez",SMB,Banking,Active,False,83556.2,35.0,3,66.67,0.0,23.59,3.76,23904944.0,306432.0,1.2819,26.73,22334.92,Medium,1668
CUST-001676,Wilkerson-Ayala,SMB,Energy,Active,False,46774.82,30.0,1,0.0,100.0,47.69,3.01,14769314.0,195342.0,1.3226,47.65,22285.98,Medium,1669
CUST-001063,Sheppard-Mcdaniel,SMB,Banking,Active,False,55216.75,35.0,2,0.0,0.0,62.43,2.65,15372357.0,219289.0,1.4265,40.35,22281.63,Medium,1670
CUST-000635,Gibbs-Bradley,SMB,Healthcare,Active,False,59079.2,30.0,1,0.0,0.0,131.3,2.13,16117080.0,213185.0,1.3227,37.65,22240.63,Medium,1671
CUST-001736,"Rivera, Hendricks and Flynn",SMB,Education,Active,False,73089.22,35.0,1,100.0,100.0,39.28,4.65,20445159.0,298375.0,1.4594,30.42,22232.85,Medium,1672
CUST-000819,Smith-Lewis,SMB,Insurance,Active,False,40339.6,55.0,2,0.0,50.0,102.87,2.97,12905263.0,157171.0,1.2179,54.94,22160.87,High,1673
CUST-000574,Williams-Williams,SMB,Banking,Active,False,52030.54,30.0,2,0.0,50.0,29.09,2.79,13691538.0,170527.0,1.2455,42.49,22108.29,Medium,1674
CUST-002149,"Henry, Spencer and Ryan",SMB,Healthcare,Active,False,58976.19,30.0,1,0.0,0.0,30.68,3.22,13229146.0,162554.0,1.2288,37.46,22091.01,Medium,1675
CUST-000917,Miller-Mccall,SMB,Education,Active,False,48896.43,65.0,2,50.0,0.0,52.33,3.03,11858434.0,151102.0,1.2742,45.05,22027.07,Medium,1676
CUST-002497,Chambers Group,SMB,Energy,Active,True,110027.12,35.0,2,100.0,0.0,65.36,4.48,25937044.0,312690.0,1.2056,19.91,21907.66,Low,1677
CUST-000537,"Mendoza, Jenkins and Ortiz",SMB,Media,Active,True,39131.49,65.0,2,0.0,0.0,69.96,2.23,12548088.0,211792.0,1.6878,55.88,21864.99,High,1678
CUST-000724,Mann Inc,SMB,Professional Services,Active,True,58300.12,30.0,1,0.0,0.0,73.85,3.06,9987040.0,123396.0,1.2356,37.47,21845.71,Medium,1679
CUST-000622,Morris-Brewer,SMB,Technology,Active,False,36233.55,65.0,2,0.0,50.0,54.2,3.35,10366811.0,139944.0,1.3499,60.2,21812.54,High,1680
CUST-000167,"Hurst, Freeman and Nelson",SMB,Media,Active,True,78769.8,30.0,2,50.0,0.0,22.95,4.14,20880979.0,277942.0,1.3311,27.66,21789.42,Medium,1681
CUST-000803,Griffin Group,Mid-Market,Energy,Active,False,137238.64,0.0,8,37.5,12.5,54.49,3.46,43077216.0,457828.0,1.0628,15.88,21787.48,Low,1682
CUST-000716,Levy-May,SMB,Insurance,Active,False,121175.04,30.0,0,100.0,0.0,0.0,0.0,31653286.0,455840.0,1.4401,17.88,21666.35,Low,1683
CUST-001789,Wilson-Carlson,SMB,Energy,Active,False,61925.33,65.0,2,100.0,0.0,38.79,4.9,21834841.0,267449.0,1.2249,34.95,21642.75,Medium,1684
CUST-000982,Davis LLC,SMB,Telecommunications,Active,True,57726.85,30.0,1,0.0,0.0,75.86,1.83,14343161.0,174678.0,1.2178,37.44,21610.45,Medium,1685
CUST-001022,Gray Ltd,SMB,Technology,Active,True,39242.28,65.0,1,0.0,0.0,113.11,3.32,11332223.0,144193.0,1.2724,55.04,21600.85,High,1686
CUST-002174,"Richard, Davis and Rogers",SMB,Technology,Active,False,42709.96,55.0,1,0.0,0.0,99.86,2.31,12949272.0,193137.0,1.4915,50.48,21561.26,High,1687
CUST-001412,"Gonzalez, Smith and Padilla",SMB,Telecommunications,Active,True,38979.13,65.0,2,0.0,0.0,60.57,2.22,13265392.0,178332.0,1.3443,55.19,21512.07,High,1688
CUST-000278,Gibson-Morris,SMB,Healthcare,Active,False,57465.65,70.0,0,100.0,0.0,0.0,0.0,14009002.0,169533.0,1.2102,37.42,21503.84,Medium,1689
CUST-001628,Jones Ltd,SMB,Transportation,Active,False,57139.49,30.0,1,0.0,0.0,89.16,2.22,22143716.0,273119.0,1.2334,37.47,21408.33,Medium,1690
CUST-001681,"Payne, Long and Morris",SMB,Manufacturing,Active,True,122180.76,30.0,0,100.0,0.0,0.0,0.0,29131606.0,341404.0,1.1719,17.34,21190.88,Low,1691
CUST-000040,"Romero, Gonzalez and Brooks",SMB,Telecommunications,Active,False,60371.77,5.0,2,0.0,100.0,25.56,2.55,14941024.0,191583.0,1.2823,35.06,21169.07,Medium,1692
CUST-002275,Austin-Juarez,SMB,Banking,Active,False,76736.57,30.0,2,50.0,0.0,15.43,3.53,25302382.0,314937.0,1.2447,27.49,21094.41,Medium,1693
CUST-000984,Jackson PLC,SMB,Transportation,Active,False,49354.97,30.0,2,0.0,50.0,37.78,2.94,24963288.0,336931.0,1.3497,42.7,21074.28,Medium,1694
CUST-000551,"Baker, Clark and Armstrong",SMB,Energy,Active,False,55434.79,30.0,1,0.0,0.0,38.03,2.48,13154225.0,183281.0,1.3933,37.79,20946.95,Medium,1695
CUST-000837,Lee Group,SMB,Retail,Active,False,84656.78,30.0,3,66.67,0.0,33.13,3.85,23746002.0,358589.0,1.5101,24.69,20899.11,Low,1696
CUST-001502,Harper-Robles,SMB,Media,Active,False,52437.33,35.0,1,0.0,0.0,30.64,2.71,22257403.0,248857.0,1.1181,39.74,20836.59,Medium,1697
CUST-001950,Washington Inc,SMB,Insurance,Active,False,59510.26,65.0,1,100.0,0.0,66.91,4.25,18442536.0,230391.0,1.2492,35.0,20827.68,Medium,1698
CUST-001067,"Byrd, Oliver and Martinez",SMB,Banking,Active,False,59395.63,65.0,0,100.0,0.0,0.0,0.0,11779992.0,150521.0,1.2778,35.06,20821.46,Medium,1699
CUST-002250,Wilcox-Snyder,SMB,Media,Active,False,51661.54,35.0,2,0.0,0.0,23.43,3.3,24930997.0,338849.0,1.3591,40.22,20777.39,Medium,1700
CUST-000883,Barber-Fischer,SMB,Retail,Active,True,55402.16,30.0,1,0.0,0.0,35.39,3.17,13348566.0,162043.0,1.2139,37.43,20735.85,Medium,1701
CUST-001358,"Love, Wilson and Hall",SMB,Technology,Active,False,59556.89,65.0,1,100.0,0.0,23.54,4.37,14696997.0,167979.0,1.1429,34.79,20717.4,Medium,1702
CUST-000239,"Guerrero, Peck and Coleman",SMB,Manufacturing,Active,False,62914.71,20.0,1,0.0,0.0,16.02,1.67,23597546.0,342692.0,1.4522,32.9,20701.75,Medium,1703
CUST-000033,"Ferrell, Rice and Maddox",SMB,Banking,Active,False,58860.08,65.0,0,100.0,0.0,0.0,0.0,17515841.0,232477.0,1.3272,35.15,20691.95,Medium,1704
CUST-001878,King Group,SMB,Transportation,Active,False,37504.99,65.0,2,0.0,0.0,110.07,2.64,14600894.0,191583.0,1.3121,55.12,20674.35,High,1705
CUST-001215,Gutierrez-Hawkins,SMB,Telecommunications,Active,True,64837.07,20.0,1,0.0,0.0,35.71,2.47,13297886.0,123760.0,0.9307,31.86,20657.96,Medium,1706
CUST-001053,Anthony-Parker,SMB,Education,Active,True,90537.81,0.0,1,0.0,0.0,44.64,3.03,16985654.0,236460.0,1.3921,22.78,20628.34,Low,1707
CUST-001444,Long-Parks,SMB,Retail,Active,False,101536.89,35.0,0,100.0,0.0,0.0,0.0,22886416.0,320096.0,1.3986,20.3,20609.2,Low,1708
CUST-000085,"Evans, Stewart and Walton",SMB,Transportation,Active,False,92699.84,0.0,1,0.0,0.0,143.45,3.48,24249862.0,270109.0,1.1139,22.23,20605.06,Low,1709
CUST-000760,Marquez Inc,SMB,Telecommunications,Active,False,51627.77,35.0,1,0.0,0.0,13.88,3.21,21216832.0,250670.0,1.1815,39.86,20580.34,Medium,1710
CUST-000862,Burns-Ray,SMB,Transportation,Active,False,74818.83,30.0,5,60.0,20.0,23.9,3.89,25293576.0,314650.0,1.244,27.49,20566.19,Medium,1711
CUST-001065,Miller-Orr,SMB,Banking,Active,True,43421.38,30.0,1,0.0,100.0,93.14,2.06,7334712.0,78218.0,1.0664,47.13,20465.72,Medium,1712
CUST-002065,"Sanchez, Wilson and Ramirez",SMB,Healthcare,Active,True,62564.64,30.0,2,50.0,50.0,106.94,3.95,16137870.0,218463.0,1.3537,32.71,20463.3,Medium,1713
CUST-002135,Garcia Inc,SMB,Technology,Active,False,66114.05,30.0,3,33.33,0.0,21.37,2.73,18810246.0,235235.0,1.2506,30.83,20385.92,Medium,1714
CUST-002358,"Reed, Terry and Smith",SMB,Media,Active,False,54101.01,30.0,1,0.0,0.0,103.04,3.45,16795296.0,209741.0,1.2488,37.5,20286.59,Medium,1715
CUST-001844,Kent Ltd,SMB,Transportation,Active,False,54040.83,30.0,2,0.0,0.0,40.07,3.35,18351732.0,230496.0,1.256,37.51,20271.79,Medium,1716
CUST-001591,"Warner, Weiss and Davis",SMB,Professional Services,Active,True,50186.11,35.0,1,0.0,0.0,129.42,1.7,11234335.0,156555.0,1.3935,40.29,20218.52,Medium,1717
CUST-000799,"Terrell, Byrd and Ross",SMB,Education,Active,False,88793.63,0.0,1,0.0,0.0,34.36,3.58,24962553.0,341180.0,1.3668,22.73,20185.93,Low,1718
CUST-001155,"Torres, Brown and Williams",SMB,Telecommunications,Active,False,53676.5,30.0,1,0.0,0.0,4.14,2.1,10809897.0,140063.0,1.2957,37.59,20177.74,Medium,1719
CUST-000020,"Reid, Ferguson and Sanchez",SMB,Energy,Active,False,47010.24,40.0,2,0.0,0.0,67.23,3.02,12656196.0,169358.0,1.3381,42.68,20062.22,Medium,1720
CUST-000141,Hernandez Inc,SMB,Healthcare,Active,False,57363.14,65.0,0,100.0,0.0,0.0,0.0,18252759.0,225554.0,1.2357,34.97,20060.72,Medium,1721
CUST-000322,Brock-Mcdonald,SMB,Healthcare,Active,False,72785.52,30.0,2,50.0,0.0,20.8,3.6,31295516.0,398650.0,1.2738,27.55,20050.7,Medium,1722
CUST-000693,"Thomas, Ford and Brown",SMB,Technology,Active,True,56921.12,65.0,0,100.0,0.0,0.0,0.0,15187298.0,195048.0,1.2843,35.07,19961.42,Medium,1723
CUST-001440,"Melton, Henry and Joyce",SMB,Energy,Active,False,99129.07,35.0,1,100.0,0.0,16.06,4.67,22284255.0,288316.0,1.2938,20.09,19912.67,Low,1724
CUST-000308,Armstrong-Andrews,SMB,Professional Services,Active,False,57407.73,30.0,3,33.33,33.33,47.21,2.79,16105950.0,226996.0,1.4094,34.49,19797.31,Medium,1725
CUST-001692,Barnes LLC,SMB,Transportation,Active,False,35968.12,65.0,1,0.0,0.0,142.7,2.19,16558920.0,201684.0,1.218,54.94,19759.43,High,1726
CUST-000881,Watson Ltd,SMB,Energy,Active,False,71819.71,30.0,2,50.0,0.0,71.95,3.61,27722793.0,346269.0,1.249,27.5,19749.04,Medium,1727
CUST-000067,Williams PLC,SMB,Insurance,Active,False,39092.42,55.0,1,0.0,0.0,37.8,3.42,12361636.0,185178.0,1.498,50.5,19740.11,High,1728
CUST-001413,Dunn Ltd,SMB,Banking,Active,True,43487.18,65.0,2,50.0,0.0,79.17,3.65,13270670.0,170114.0,1.2819,45.06,19596.96,Medium,1729
CUST-001608,"Gilbert, Fitzgerald and Sanchez",SMB,Insurance,Active,True,51504.77,30.0,1,0.0,0.0,48.46,3.62,13267198.0,199297.0,1.5022,38.0,19574.06,Medium,1730
CUST-001459,"Holmes, Le and Floyd",SMB,Healthcare,Active,False,56096.42,65.0,0,100.0,0.0,0.0,0.0,21613865.0,256389.0,1.1862,34.87,19562.2,Medium,1731
CUST-000197,Marshall-Petersen,SMB,Transportation,Active,False,35340.79,65.0,1,0.0,0.0,108.03,2.83,11098738.0,154945.0,1.3961,55.29,19540.67,High,1732
CUST-002410,"Vargas, Allen and Schroeder",SMB,Technology,Active,False,45219.23,65.0,5,60.0,0.0,77.98,3.63,19487671.0,263543.0,1.3524,43.2,19536.84,Medium,1733
CUST-000110,Johnson-Doyle,SMB,Retail,Active,False,35176.68,65.0,1,0.0,0.0,147.23,2.77,19253444.0,276381.0,1.4355,55.37,19477.67,High,1734
CUST-001465,Cooper-Jenkins,SMB,Media,Active,False,48305.31,55.0,2,50.0,0.0,53.59,4.16,13562171.0,182273.0,1.344,40.19,19412.92,Medium,1735
CUST-002128,"Porter, Hubbard and Miranda",SMB,Energy,Active,False,111088.81,30.0,1,100.0,0.0,6.38,4.67,28075180.0,344834.0,1.2283,17.46,19392.22,Low,1736
CUST-000225,Jones-Soto,SMB,Telecommunications,Active,False,38804.22,35.0,1,0.0,100.0,98.41,2.34,15746031.0,188363.0,1.1963,49.89,19360.4,Medium,1737
CUST-002014,"Newman, Jenkins and Cooper",SMB,Healthcare,Active,True,109757.73,30.0,0,100.0,0.0,0.0,0.0,26612789.0,350056.0,1.3154,17.63,19351.09,Low,1738
CUST-000091,"Turner, Riggs and Roman",SMB,Technology,Active,False,40734.11,30.0,1,0.0,100.0,39.93,2.34,16772791.0,201544.0,1.2016,47.4,19309.28,Medium,1739
CUST-001264,"Mckinney, Richardson and Chapman",SMB,Banking,Active,False,51483.65,30.0,2,0.0,0.0,55.98,3.38,17343578.0,215964.0,1.2452,37.49,19301.44,Medium,1740
CUST-000749,Hickman-Evans,SMB,Technology,Active,False,63434.41,55.0,1,100.0,0.0,21.62,4.5,13616316.0,186711.0,1.3712,30.24,19184.13,Medium,1741
CUST-001825,Bush-Wilson,SMB,Banking,Active,False,63820.21,55.0,0,100.0,0.0,0.0,0.0,18244905.0,226191.0,1.2397,29.98,19132.98,Medium,1742
CUST-001968,Miller PLC,SMB,Healthcare,Active,False,52073.44,35.0,3,33.33,33.33,42.77,3.96,22913541.0,289450.0,1.2632,36.69,19107.37,Medium,1743
CUST-001200,Smith-Oneill,SMB,Manufacturing,Active,False,50420.55,30.0,1,0.0,0.0,42.24,2.59,12955642.0,181111.0,1.3979,37.8,19056.88,Medium,1744
CUST-002341,Clark Ltd,SMB,Professional Services,Active,False,43747.09,35.0,3,0.0,33.33,40.13,2.49,12563803.0,156919.0,1.249,43.33,18956.18,Medium,1745
CUST-002462,Johnson-Rice,SMB,Retail,Active,False,54334.49,25.0,1,0.0,0.0,101.81,3.43,20850032.0,243621.0,1.1684,34.84,18928.45,Medium,1746
CUST-000801,Garcia and Sons,SMB,Healthcare,Active,False,108514.77,30.0,0,100.0,0.0,0.0,0.0,31078908.0,373709.0,1.2025,17.4,18886.89,Low,1747
CUST-000911,Best-Townsend,SMB,Transportation,Active,False,37554.91,65.0,4,25.0,0.0,23.77,3.23,16515233.0,227479.0,1.3774,50.25,18873.14,High,1748
CUST-001274,Bowers LLC,SMB,Energy,Active,False,43588.17,55.0,3,33.33,0.0,30.09,3.11,20532589.0,249298.0,1.2142,43.26,18856.96,Medium,1749
CUST-001810,Wells and Sons,SMB,Retail,Active,False,53754.05,65.0,0,100.0,0.0,0.0,0.0,16411073.0,211393.0,1.2881,35.08,18854.89,Medium,1750
CUST-002374,Glover-Hammond,SMB,Telecommunications,Active,False,93176.93,35.0,1,100.0,0.0,5.43,4.24,27353704.0,366093.0,1.3384,20.18,18800.06,Low,1751
CUST-000005,"Guzman, Hoffman and Baldwin",SMB,Insurance,Active,True,34203.05,65.0,1,0.0,0.0,103.22,1.92,7336441.0,90118.0,1.2284,54.96,18796.88,High,1752
CUST-001042,Wheeler-Austin,SMB,Technology,Active,False,53218.44,65.0,1,100.0,0.0,15.03,4.05,19987975.0,265468.0,1.3281,35.16,18709.62,Medium,1753
CUST-001556,Williams and Sons,SMB,Media,Active,False,49784.51,30.0,1,0.0,0.0,26.23,1.82,9706466.0,125265.0,1.2905,37.58,18709.55,Medium,1754
CUST-000542,"Bartlett, Brown and Martinez",SMB,Manufacturing,Active,False,81689.0,0.0,2,0.0,0.0,32.07,2.56,19972904.0,283080.0,1.4173,22.83,18653.39,Low,1755
CUST-001603,Duncan-Williams,SMB,Energy,Active,False,49060.72,30.0,1,0.0,0.0,30.52,2.89,11907315.0,176988.0,1.4864,37.97,18629.71,Medium,1756
CUST-000334,Davis PLC,SMB,Insurance,Active,False,49459.97,30.0,2,0.0,0.0,27.52,3.1,12798415.0,170436.0,1.3317,37.66,18628.3,Medium,1757
CUST-001237,"Andrade, Gordon and Cruz",SMB,Transportation,Active,False,53570.05,65.0,1,100.0,0.0,65.55,4.77,16216473.0,183666.0,1.1326,34.77,18623.72,Medium,1758
CUST-000254,"Garcia, Martin and Jenkins",SMB,Transportation,Active,True,41493.17,25.0,1,0.0,100.0,103.58,1.5,9749481.0,114366.0,1.173,44.85,18608.07,Medium,1759
CUST-001909,Burns Inc,SMB,Professional Services,Active,False,59404.99,30.0,3,33.33,0.0,21.66,2.65,23622123.0,349195.0,1.4783,31.29,18587.73,Medium,1760
CUST-000783,Faulkner-Casey,SMB,Technology,Active,False,48792.12,30.0,1,0.0,0.0,41.62,2.76,15144815.0,229754.0,1.517,38.03,18557.64,Medium,1761
CUST-000391,Frank-Bradley,SMB,Manufacturing,Active,False,52757.44,65.0,0,100.0,0.0,0.0,0.0,14626451.0,194796.0,1.3318,35.16,18551.42,Medium,1762
CUST-001473,Welch-Duncan,SMB,Professional Services,Active,False,46384.19,35.0,1,0.0,0.0,137.33,1.53,19365451.0,238868.0,1.2335,39.97,18538.35,Medium,1763
CUST-000884,Rios-Padilla,SMB,Retail,Active,False,90878.95,35.0,0,100.0,0.0,0.0,0.0,25248874.0,353388.0,1.3996,20.3,18447.73,Low,1764
CUST-001917,"Smith, Meadows and Montgomery",SMB,Healthcare,Active,False,81621.53,0.0,1,0.0,0.0,26.17,3.73,22521079.0,292915.0,1.3006,22.6,18447.49,Low,1765
CUST-000015,Williams and Sons,Mid-Market,Insurance,Active,False,129029.25,0.0,5,40.0,0.0,51.77,3.44,32119234.0,358981.0,1.1177,14.24,18367.7,Low,1766
CUST-002256,Johnson LLC,SMB,Professional Services,Active,False,51942.22,65.0,0,100.0,0.0,0.0,0.0,18677344.0,257838.0,1.3805,35.26,18315.33,Medium,1767
CUST-000359,"Turner, Schneider and Johnson",SMB,Energy,Active,False,36467.51,35.0,1,0.0,100.0,10.8,2.66,9902200.0,125748.0,1.2699,50.04,18248.27,High,1768
CUST-001744,Warren and Sons,SMB,Energy,Active,False,48894.13,30.0,3,0.0,0.0,70.2,3.14,10420613.0,119987.0,1.1514,37.3,18238.92,Medium,1769
CUST-000088,Anderson-Bailey,SMB,Technology,Active,False,45480.38,35.0,1,0.0,0.0,37.85,3.49,12021268.0,155148.0,1.2906,40.08,18229.09,Medium,1770
CUST-000014,"Mcclure, Ward and Lee",SMB,Technology,Active,False,45472.78,35.0,1,0.0,0.0,34.37,2.23,12472110.0,154833.0,1.2414,39.98,18181.32,Medium,1771
CUST-000347,Jones PLC,SMB,Manufacturing,Active,False,58499.7,30.0,3,33.33,0.0,57.22,3.65,12137538.0,166131.0,1.3687,31.07,18176.33,Medium,1772
CUST-001239,Waller-Chavez,SMB,Insurance,Active,False,58083.04,30.0,3,33.33,0.0,35.51,2.89,26952100.0,389144.0,1.4438,31.22,18134.11,Medium,1773
CUST-002049,"Miller, Luna and Wallace",SMB,Manufacturing,Active,False,47935.5,30.0,1,0.0,0.0,137.06,2.76,19633733.0,261296.0,1.3309,37.66,18053.33,Medium,1774
CUST-000546,"Huber, Hill and Weber",SMB,Manufacturing,Active,False,47926.8,30.0,1,0.0,0.0,41.18,2.99,13966099.0,186256.0,1.3336,37.67,18052.71,Medium,1775
CUST-002191,Mcdaniel-Young,SMB,Media,Active,False,51549.39,65.0,0,100.0,0.0,0.0,0.0,16745974.0,198387.0,1.1847,34.87,17974.95,Medium,1776
CUST-000208,Davis and Sons,SMB,Professional Services,Active,False,64353.86,30.0,2,50.0,0.0,10.73,3.88,21785484.0,314538.0,1.4438,27.89,17946.74,Medium,1777
CUST-000413,"Miller, Harrell and Reese",SMB,Insurance,Active,False,74333.17,30.0,3,66.67,0.0,21.96,3.91,16504915.0,202391.0,1.2262,24.12,17928.54,Low,1778
CUST-000562,Wright-Davis,Mid-Market,Media,Active,False,135717.49,0.0,2,50.0,0.0,84.49,4.11,35620956.0,565649.0,1.588,13.18,17882.05,Low,1779
CUST-000215,"Washington, Hardy and Bray",SMB,Retail,Active,False,78360.49,30.0,4,75.0,0.0,42.06,4.06,21523607.0,291578.0,1.3547,22.71,17795.18,Low,1780
CUST-001456,Gonzalez-Marsh,SMB,Professional Services,Active,False,44635.63,35.0,2,0.0,0.0,26.16,2.72,19896709.0,232666.0,1.1694,39.84,17782.27,Medium,1781
CUST-001234,"Webb, Romero and Morse",SMB,Professional Services,Active,False,64602.63,30.0,2,50.0,0.0,39.92,3.31,21713034.0,273791.0,1.261,27.52,17779.87,Medium,1782
CUST-000416,"Hicks, Bullock and Bailey",SMB,Technology,Active,True,32152.0,65.0,1,0.0,0.0,11.0,2.79,10454717.0,144172.0,1.379,55.26,17766.56,High,1783
CUST-000301,"Thomas, Murray and King",SMB,Healthcare,Active,False,47753.48,30.0,1,0.0,0.0,94.84,2.42,17563707.0,191415.0,1.0898,37.18,17754.58,Medium,1784
CUST-001936,"Nelson, Cole and Allen",SMB,Manufacturing,Active,False,47090.99,30.0,1,0.0,0.0,110.72,3.26,17224459.0,231042.0,1.3414,37.68,17745.17,Medium,1785
CUST-001725,"Shaffer, Lewis and Davidson",SMB,Insurance,Active,False,43942.62,35.0,1,0.0,0.0,47.73,3.38,8468621.0,121121.0,1.4302,40.36,17735.45,Medium,1786
CUST-000811,"Chavez, Jones and Williams",SMB,Professional Services,Active,False,50382.35,65.0,1,100.0,0.0,7.63,4.06,17979346.0,237020.0,1.3183,35.14,17702.64,Medium,1787
CUST-002290,Butler Inc,SMB,Technology,Active,False,65555.59,35.0,3,66.67,0.0,4.57,3.84,16083592.0,223545.0,1.3899,26.95,17664.91,Medium,1788
CUST-001660,Shaw PLC,SMB,Transportation,Active,False,97941.67,30.0,0,100.0,0.0,0.0,0.0,21850584.0,328468.0,1.5032,18.01,17635.86,Low,1789
CUST-002048,Bell-Madden,SMB,Healthcare,Active,False,64240.78,30.0,2,50.0,0.0,21.09,3.81,17313548.0,201558.0,1.1642,27.33,17555.93,Medium,1790
CUST-000126,Smith-Frost,SMB,Manufacturing,Active,False,47273.27,30.0,1,0.0,0.0,31.92,2.49,14608657.0,153797.0,1.0528,37.11,17541.01,Medium,1791
CUST-001626,"Williams, Jackson and Campbell",SMB,Education,Active,True,69582.42,30.0,4,75.0,25.0,11.13,4.36,21646632.0,291697.0,1.3475,25.2,17531.35,Medium,1792
CUST-000898,Goodwin PLC,SMB,Media,Active,False,49836.59,30.0,4,25.0,25.0,47.59,2.62,17036579.0,226408.0,1.329,35.16,17521.5,Medium,1793
CUST-000663,"Brown, Mcknight and Michael",SMB,Technology,Active,False,47419.41,35.0,3,33.33,33.33,20.15,2.8,18633111.0,250033.0,1.3419,36.85,17474.25,Medium,1794
CUST-002133,King Group,SMB,Media,Active,True,43160.27,35.0,1,0.0,0.0,9.63,3.41,13913046.0,205065.0,1.4739,40.45,17457.38,Medium,1795
CUST-000452,Stanley PLC,SMB,Energy,Active,False,63663.53,30.0,2,50.0,0.0,21.21,3.81,16840922.0,202482.0,1.2023,27.4,17446.76,Medium,1796
CUST-002156,"Peterson, Davis and Reed",SMB,Transportation,Active,False,58091.77,35.0,2,50.0,0.0,74.09,3.77,16326219.0,199066.0,1.2193,29.94,17391.87,Medium,1797
CUST-000408,Roberts-Sullivan,SMB,Professional Services,Active,False,31714.72,65.0,1,0.0,0.0,40.1,1.81,8203615.0,91161.0,1.1112,54.72,17355.07,High,1798
CUST-002364,"Delgado, Ward and Kennedy",SMB,Transportation,Active,False,49276.07,65.0,2,100.0,0.0,26.06,4.75,14359009.0,191884.0,1.3363,35.17,17331.71,Medium,1799
CUST-002031,Gould LLC,SMB,Technology,Active,True,36344.32,30.0,1,0.0,100.0,103.42,3.22,13436059.0,168903.0,1.2571,47.51,17268.7,Medium,1800
CUST-000646,"Carrillo, Vaughn and Fowler",SMB,Telecommunications,Active,False,45501.61,30.0,1,0.0,0.0,39.96,3.73,11975971.0,168112.0,1.4037,37.81,17203.02,Medium,1801
CUST-001718,"Abbott, Green and Andrews",SMB,Professional Services,Active,False,45073.29,35.0,4,25.0,25.0,66.33,2.95,10278737.0,158473.0,1.5418,38.08,17165.49,Medium,1802
CUST-001963,"Carroll, Ramirez and Rodriguez",SMB,Education,Active,False,52485.4,30.0,4,50.0,50.0,55.04,3.87,14932827.0,191142.0,1.28,32.56,17089.26,Medium,1803
CUST-001125,Sullivan-Doyle,SMB,Energy,Active,False,51885.19,20.0,1,0.0,0.0,4.99,1.55,13278384.0,181937.0,1.3702,32.74,16987.39,Medium,1804
CUST-000489,King-Smith,SMB,Education,Active,False,55955.59,35.0,2,50.0,0.0,29.62,3.45,19817224.0,272741.0,1.3763,30.25,16928.0,Medium,1805
CUST-002230,Holloway Ltd,SMB,Banking,Active,False,45049.71,30.0,1,0.0,0.0,87.39,2.14,15379049.0,196777.0,1.2795,37.56,16920.23,Medium,1806
CUST-001433,Moss LLC,SMB,Professional Services,Active,False,47959.81,25.0,1,0.0,0.0,13.66,2.21,16086091.0,221809.0,1.3789,35.26,16909.56,Medium,1807
CUST-001194,Pruitt-Webb,SMB,Technology,Active,False,74113.68,40.0,1,100.0,0.0,32.78,4.23,22541498.0,301469.0,1.3374,22.67,16805.12,Low,1808
CUST-002034,Kemp-Montes,SMB,Insurance,Active,True,27659.5,65.0,2,0.0,50.0,29.24,3.36,10275860.0,137676.0,1.3398,60.18,16645.38,High,1809
CUST-000975,"Adkins, Wright and Murray",SMB,Education,Active,False,54896.97,55.0,0,100.0,0.0,0.0,0.0,19628637.0,265223.0,1.3512,30.2,16580.21,Medium,1810
CUST-002258,Aguilar-Holland,SMB,Transportation,Active,False,36775.97,65.0,2,50.0,0.0,56.53,3.69,16764972.0,216111.0,1.2891,45.08,16577.92,Medium,1811
CUST-002238,Hayes-Russo,SMB,Media,Active,False,44094.2,30.0,1,0.0,0.0,136.75,1.55,13317465.0,169554.0,1.2732,37.55,16555.76,Medium,1812
CUST-000955,Dawson Inc,SMB,Technology,Active,True,46341.42,65.0,0,100.0,0.0,0.0,0.0,13093619.0,209069.0,1.5967,35.69,16540.85,Medium,1813
CUST-002111,Zavala-Coleman,Mid-Market,Media,Active,False,178233.91,0.0,6,83.33,33.33,28.46,4.06,69631856.0,901488.0,1.2946,9.26,16497.27,Low,1814
CUST-001734,"Brown, Meyer and Cunningham",SMB,Technology,Active,False,59790.15,30.0,2,50.0,0.0,38.79,3.9,17530093.0,223867.0,1.277,27.55,16474.63,Medium,1815
CUST-001939,"Serrano, Turner and Barnes",SMB,Transportation,Active,True,38576.1,30.0,2,0.0,50.0,145.16,2.2,14726173.0,197631.0,1.342,42.68,16465.85,Medium,1816
CUST-001807,Young Ltd,SMB,Education,Active,False,43641.07,30.0,1,0.0,0.0,138.5,2.53,14767837.0,200144.0,1.3553,37.71,16457.28,Medium,1817
CUST-001460,King-Garrison,SMB,Transportation,Active,False,44079.91,30.0,2,0.0,0.0,56.38,2.37,13569640.0,152068.0,1.1206,37.24,16415.93,Medium,1818
CUST-001852,"Jackson, Lane and Wilkinson",SMB,Insurance,Active,True,54613.89,30.0,4,50.0,25.0,50.82,3.76,19345193.0,246568.0,1.2746,30.05,16411.0,Medium,1819
CUST-000204,"Beard, Peters and Black",SMB,Manufacturing,Active,True,38572.04,30.0,2,0.0,50.0,51.75,2.24,13292496.0,162337.0,1.2213,42.44,16370.95,Medium,1820
CUST-002005,Lopez Group,SMB,Banking,Active,False,43707.49,35.0,4,25.0,25.0,69.82,3.58,13301204.0,159362.0,1.1981,37.4,16344.94,Medium,1821
CUST-001480,Martinez and Sons,SMB,Retail,Active,False,46477.58,65.0,0,100.0,0.0,0.0,0.0,13364001.0,175014.0,1.3096,35.12,16322.55,Medium,1822
CUST-002344,Hernandez-Henderson,SMB,Banking,Active,False,54387.43,35.0,2,50.0,0.0,29.65,4.08,13812358.0,164556.0,1.1914,29.88,16252.45,Medium,1823
CUST-000028,"Hoffman, Baker and Richards",SMB,Education,Active,False,34007.81,30.0,1,0.0,100.0,85.23,3.28,14260708.0,184401.0,1.2931,47.59,16183.0,Medium,1824
CUST-001701,"Grant, Bryan and Williams",SMB,Professional Services,Active,True,58621.85,30.0,2,50.0,0.0,45.77,3.33,17401734.0,226387.0,1.3009,27.6,16180.74,Medium,1825
CUST-001168,Wells-Hernandez,SMB,Banking,Active,False,45774.63,65.0,1,100.0,0.0,17.62,4.46,15668527.0,217686.0,1.3893,35.28,16148.67,Medium,1826
CUST-000699,"Morrison, Russo and Lopez",SMB,Healthcare,Active,False,91218.92,30.0,1,100.0,0.0,20.7,4.03,19549362.0,257558.0,1.3175,17.63,16086.41,Low,1827
CUST-002213,Ferguson-Lyons,SMB,Healthcare,Active,False,28869.59,65.0,3,0.0,0.0,28.86,2.79,10064684.0,157703.0,1.5669,55.63,16061.25,High,1828
CUST-002318,"Miller, Mcdonald and Miller",SMB,Telecommunications,Active,False,58406.67,30.0,2,50.0,0.0,25.08,3.63,18310439.0,221522.0,1.2098,27.42,16014.89,Medium,1829
CUST-000324,"Ramsey, Whitney and Coffey",SMB,Manufacturing,Active,False,49112.98,30.0,2,50.0,50.0,80.06,3.4,12883472.0,167034.0,1.2965,32.59,16007.39,Medium,1830
CUST-001643,"Salazar, Garrett and Perez",SMB,Retail,Active,False,28915.73,65.0,2,0.0,0.0,69.57,3.22,9055473.0,115227.0,1.2725,55.04,15916.64,High,1831
CUST-001648,"Roach, Browning and Jordan",SMB,Telecommunications,Active,False,52527.42,55.0,0,100.0,0.0,0.0,0.0,11583761.0,161119.0,1.3909,30.28,15906.25,Medium,1832
CUST-000630,Hays-Daniels,SMB,Healthcare,Active,False,52514.52,35.0,4,50.0,0.0,36.45,3.61,18244716.0,248647.0,1.3628,30.23,15872.87,Medium,1833
CUST-001549,Weaver-Gibson,SMB,Retail,Active,False,89066.38,30.0,1,100.0,0.0,34.75,4.26,37400853.0,526974.0,1.409,17.82,15869.83,Low,1834
CUST-002099,Webster Inc,SMB,Energy,Active,False,91356.61,30.0,0,100.0,0.0,0.0,0.0,21572663.0,252231.0,1.1692,17.34,15839.8,Low,1835
CUST-001330,"Gonzalez, Gross and Sims",SMB,Energy,Active,False,42186.19,30.0,1,0.0,0.0,136.82,3.05,12842151.0,161959.0,1.2612,37.52,15829.23,Medium,1836
CUST-000379,Moore Group,SMB,Technology,Active,False,89543.51,30.0,0,100.0,0.0,0.0,0.0,20640956.0,275170.0,1.3331,17.67,15818.98,Low,1837
CUST-001590,"Nguyen, Olson and Freeman",SMB,Healthcare,Active,False,48528.28,30.0,2,50.0,50.0,38.62,4.08,25151147.0,318871.0,1.2678,32.54,15788.99,Medium,1838
CUST-001406,Harris Ltd,SMB,Retail,Active,True,41626.43,30.0,1,0.0,0.0,16.95,2.17,11305147.0,163317.0,1.4446,37.89,15771.94,Medium,1839
CUST-000411,Kim Inc,SMB,Manufacturing,Active,False,39910.53,35.0,1,0.0,0.0,137.07,2.07,9482389.0,91154.0,0.9613,39.42,15733.77,Medium,1840
CUST-000007,Blake and Sons,SMB,Telecommunications,Active,False,31424.29,35.0,1,0.0,100.0,138.67,3.19,6993728.0,89166.0,1.2749,50.05,15727.82,High,1841
CUST-000318,Burgess-Thompson,SMB,Energy,Active,False,41728.65,35.0,4,25.0,25.0,46.49,3.0,17419892.0,224735.0,1.2901,37.58,15681.71,Medium,1842
CUST-000178,Walker-Jones,SMB,Banking,Active,False,77136.78,35.0,1,100.0,0.0,11.4,4.87,20527745.0,279951.0,1.3638,20.23,15602.87,Low,1843
CUST-002125,"Schaefer, Levine and Brown",SMB,Energy,Active,False,41806.32,30.0,2,0.0,0.0,22.87,1.83,14743988.0,167300.0,1.1347,37.27,15580.96,Medium,1844
CUST-001389,Pearson-King,SMB,Retail,Active,False,51492.06,30.0,4,50.0,25.0,22.3,3.35,13842136.0,181097.0,1.3083,30.12,15507.66,Medium,1845
CUST-000264,"Lloyd, Mckinney and Collins",SMB,Telecommunications,Active,False,30758.0,65.0,2,50.0,50.0,71.14,3.83,7981855.0,104027.0,1.3033,50.11,15411.78,High,1846
CUST-002304,Allen Group,SMB,Retail,Active,False,41148.0,30.0,1,0.0,0.0,74.61,2.64,9843344.0,112924.0,1.1472,37.29,15345.91,Medium,1847
CUST-001792,George Ltd,SMB,Telecommunications,Active,True,43454.26,65.0,0,100.0,0.0,0.0,0.0,11282992.0,157262.0,1.3938,35.29,15333.96,Medium,1848
CUST-001209,Rivera LLC,SMB,Media,Active,False,87635.3,30.0,0,100.0,0.0,0.0,0.0,26619369.0,328734.0,1.2349,17.47,15309.79,Low,1849
CUST-001326,"Quinn, Humphrey and Ford",SMB,Insurance,Active,False,75295.03,35.0,1,100.0,0.0,12.86,4.9,21862834.0,306397.0,1.4015,20.3,15287.08,Low,1850
CUST-000685,Young-Walter,SMB,Healthcare,Active,False,40877.92,30.0,3,0.0,0.0,64.2,3.5,18420731.0,217413.0,1.1803,37.36,15272.21,Medium,1851
CUST-001379,"Reynolds, Fisher and Golden",SMB,Technology,Active,False,44362.16,65.0,0,100.0,0.0,0.0,0.0,9284170.0,87157.0,0.9388,34.38,15250.62,Medium,1852
CUST-000782,Carter-Neal,SMB,Banking,Active,False,35809.77,30.0,2,0.0,50.0,31.75,2.49,8506036.0,109977.0,1.2929,42.59,15249.9,Medium,1853
CUST-001292,"Rowe, Lucas and Case",SMB,Professional Services,Active,False,35702.9,30.0,2,0.0,50.0,55.09,2.58,12865433.0,169582.0,1.3181,42.64,15222.37,Medium,1854
CUST-001713,Neal LLC,SMB,Transportation,Active,False,55425.74,30.0,4,50.0,0.0,47.51,3.0,13425678.0,163345.0,1.2167,27.43,15205.12,Medium,1855
CUST-001857,Thomas-Berg,SMB,Manufacturing,Active,True,85792.23,30.0,1,100.0,0.0,7.99,4.06,19682215.0,264831.0,1.3455,17.69,15177.56,Low,1856
CUST-001333,Hammond-Lewis,SMB,Healthcare,Active,False,46675.18,20.0,2,0.0,0.0,40.73,2.84,14554820.0,165949.0,1.1402,32.28,15066.9,Medium,1857
CUST-000936,Mora-White,SMB,Retail,Active,False,74333.7,35.0,0,100.0,0.0,0.0,0.0,31283259.0,428645.0,1.3702,20.24,15045.45,Low,1858
CUST-001077,"Matthews, Harrington and Rodriguez",SMB,Manufacturing,Active,False,42052.14,30.0,4,25.0,25.0,14.34,3.38,17869810.0,273840.0,1.5324,35.56,14955.77,Medium,1859
CUST-000899,"Cruz, Richmond and Edwards",SMB,Media,Active,False,39756.99,30.0,1,0.0,0.0,14.51,2.38,18251009.0,238252.0,1.3054,37.61,14952.94,Medium,1860
CUST-002383,"Harrell, Moore and Cox",SMB,Telecommunications,Active,False,74080.21,35.0,0,100.0,0.0,0.0,0.0,21712236.0,287525.0,1.3243,20.15,14926.06,Low,1861
CUST-001565,"Paul, Zamora and Short",SMB,Healthcare,Active,False,42549.45,65.0,0,100.0,0.0,0.0,0.0,14121618.0,180915.0,1.2811,35.06,14918.79,Medium,1862
CUST-002309,Fitzgerald-Dorsey,SMB,Retail,Active,False,42286.21,30.0,4,25.0,25.0,29.18,3.15,13547541.0,186592.0,1.3773,35.25,14907.84,Medium,1863
CUST-001706,Martin LLC,SMB,Retail,Active,False,84017.34,30.0,0,100.0,0.0,0.0,0.0,18650282.0,250593.0,1.3436,17.69,14860.39,Low,1864
CUST-001609,Adams Group,SMB,Transportation,Active,False,31210.55,30.0,2,0.0,100.0,82.66,2.46,10487057.0,128744.0,1.2276,47.46,14811.06,Medium,1865
CUST-000059,Lee-Davis,SMB,Telecommunications,Active,False,46487.66,30.0,5,40.0,20.0,55.65,3.49,20458193.0,284340.0,1.3899,31.78,14773.65,Medium,1866
CUST-000320,"Shaw, Nelson and Martin",SMB,Transportation,Active,True,39881.49,30.0,1,0.0,0.0,31.98,1.78,8669066.0,86695.0,1.0001,37.0,14756.19,Medium,1867
CUST-000813,"Marsh, Spears and Yang",SMB,Transportation,Active,True,39475.83,30.0,2,0.0,0.0,68.04,2.05,8524404.0,100422.0,1.1781,37.36,14746.63,Medium,1868
CUST-001806,Rodriguez-Campbell,SMB,Energy,Active,False,65245.01,0.0,2,0.0,0.0,19.4,3.76,17064068.0,218218.0,1.2788,22.56,14717.73,Low,1869
CUST-001227,Lopez Group,SMB,Media,Active,False,84062.55,30.0,0,100.0,0.0,0.0,0.0,23357082.0,285824.0,1.2237,17.45,14666.75,Low,1870
CUST-000991,Andrade-Mendoza,SMB,Media,Active,False,52989.8,0.0,2,0.0,50.0,53.56,2.61,15508318.0,206017.0,1.3284,27.66,14655.31,Medium,1871
CUST-001560,"Burns, Hanson and Garza",SMB,Insurance,Active,False,52865.11,30.0,2,50.0,0.0,50.95,3.32,14620809.0,184772.0,1.2638,27.53,14552.45,Medium,1872
CUST-000738,Gray-Tran,SMB,Transportation,Active,False,40676.43,65.0,0,100.0,0.0,0.0,0.0,19560226.0,284802.0,1.456,35.41,14404.36,Medium,1873
CUST-001625,"Barnett, Bennett and Escobar",SMB,Telecommunications,Active,True,38670.12,30.0,1,0.0,0.0,39.23,2.15,16963450.0,184492.0,1.0876,37.18,14375.68,Medium,1874
CUST-001557,Russo and Sons,SMB,Insurance,Active,False,38191.58,30.0,1,0.0,0.0,4.62,1.96,8423478.0,108577.0,1.289,37.58,14351.62,Medium,1875
CUST-001203,"Davis, Stanley and Wright",SMB,Technology,Active,True,58906.11,30.0,3,66.67,0.0,31.66,4.33,18328800.0,238553.0,1.3015,24.27,14296.34,Low,1876
CUST-001468,"Ryan, Krause and Mitchell",SMB,Healthcare,Active,False,47086.43,35.0,2,50.0,0.0,28.78,4.25,17902402.0,252952.0,1.413,30.33,14279.38,Medium,1877
CUST-002298,"Smith, Booker and Douglas",SMB,Banking,Active,False,40406.13,65.0,2,100.0,0.0,32.02,4.73,9757629.0,137340.0,1.4075,35.32,14269.44,Medium,1878
CUST-000951,"Franco, Wiley and Tapia",SMB,Media,Active,False,37858.14,30.0,1,0.0,0.0,12.68,2.89,13140134.0,174727.0,1.3297,37.66,14257.16,Medium,1879
CUST-001032,"Jones, Scott and Rodriguez",SMB,Education,Active,False,28341.68,65.0,6,33.33,16.67,84.22,3.52,8828358.0,122612.0,1.3888,50.28,14249.54,High,1880
CUST-001318,"Carpenter, Lynn and Howard",SMB,Technology,Active,False,29589.45,30.0,1,0.0,100.0,72.34,2.58,9945208.0,156394.0,1.5726,48.15,14245.87,Medium,1881
CUST-000357,Hayes and Sons,SMB,Technology,Active,False,35604.24,35.0,1,0.0,0.0,132.31,2.7,14483245.0,181251.0,1.2515,40.0,14242.73,Medium,1882
CUST-000827,"Mccarthy, Evans and Mendez",SMB,Manufacturing,Active,False,70116.99,35.0,0,100.0,0.0,0.0,0.0,17146598.0,239421.0,1.3963,20.29,14228.59,Low,1883
CUST-001672,Bryant-Rich,SMB,Education,Active,False,43615.48,0.0,1,0.0,100.0,4.59,3.2,16865009.0,220430.0,1.307,32.61,14224.78,Medium,1884
CUST-002237,"Hines, Bradford and Jennings",SMB,Banking,Active,False,70498.33,35.0,1,100.0,0.0,61.54,4.75,16340415.0,209748.0,1.2836,20.07,14147.06,Low,1885
CUST-000246,Navarro-Munoz,SMB,Technology,Active,False,42795.83,35.0,3,33.33,0.0,25.23,3.35,14407456.0,157318.0,1.0919,33.02,14129.97,Medium,1886
CUST-001013,"Harris, Anderson and Love",SMB,Telecommunications,Active,False,79931.05,30.0,2,100.0,0.0,49.37,4.39,25392122.0,334061.0,1.3156,17.63,14092.82,Low,1887
CUST-001970,Hood-Ramirez,SMB,Media,Active,False,40084.24,65.0,1,100.0,0.0,13.95,4.27,16543282.0,199969.0,1.2088,34.92,13996.42,Medium,1888
CUST-001818,Hanson-Gibson,SMB,Education,Active,False,40008.17,65.0,0,100.0,0.0,0.0,0.0,12967248.0,159677.0,1.2314,34.96,13987.97,Medium,1889
CUST-000900,Wright Ltd,SMB,Healthcare,Active,False,61592.94,0.0,1,0.0,0.0,106.67,2.45,19232717.0,258412.0,1.3436,22.69,13973.72,Low,1890
CUST-001366,"Nicholson, Valentine and Robinson",SMB,Retail,Active,False,36742.92,30.0,1,0.0,0.0,72.25,3.36,11269699.0,165914.0,1.4722,37.94,13941.89,Medium,1891
CUST-000272,"Suarez, Shields and Hill",SMB,Media,Active,False,37354.16,30.0,2,0.0,0.0,74.6,3.08,11607722.0,134246.0,1.1565,37.31,13937.98,Medium,1892
CUST-001182,"Hall, Hinton and Phillips",SMB,Media,Active,False,36623.16,30.0,2,0.0,0.0,36.71,3.22,9056278.0,134253.0,1.4824,37.96,13903.93,Medium,1893
CUST-001714,Rose-Warren,SMB,Media,Active,False,61675.04,40.0,0,100.0,0.0,0.0,0.0,14669690.0,184730.0,1.2593,22.52,13888.31,Low,1894
CUST-001777,Chavez-Johnson,SMB,Energy,Active,False,42354.67,30.0,2,50.0,50.0,43.55,3.37,9398592.0,127638.0,1.3581,32.72,13856.8,Medium,1895
CUST-000467,Davis-Lozano,SMB,Media,Active,False,38477.9,40.0,3,33.33,0.0,62.75,3.04,9393146.0,124068.0,1.3208,35.98,13842.43,Medium,1896
CUST-000398,"Estrada, Williams and Foster",SMB,Manufacturing,Active,False,39302.77,65.0,1,100.0,0.0,58.19,4.56,13083931.0,175168.0,1.3388,35.18,13825.77,Medium,1897
CUST-000935,Williams LLC,SMB,Healthcare,Active,False,77347.29,30.0,1,100.0,0.0,3.7,4.31,25142341.0,360143.0,1.4324,17.86,13817.96,Low,1898
CUST-000293,Bright-Francis,SMB,Retail,Active,False,49170.55,30.0,2,50.0,0.0,43.99,3.45,15621396.0,239981.0,1.5362,28.07,13803.39,Medium,1899
CUST-001637,Garrett-Young,SMB,Professional Services,Active,False,42178.15,30.0,2,50.0,50.0,85.29,4.09,20488559.0,271236.0,1.3238,32.65,13770.19,Medium,1900
CUST-000717,Murray-Oconnor,SMB,Transportation,Active,False,36145.81,30.0,2,0.0,0.0,120.34,3.21,10233671.0,144515.0,1.4122,37.82,13671.9,Medium,1901
CUST-001312,"Cooper, Gutierrez and Brewer",SMB,Manufacturing,Active,False,78442.03,30.0,1,100.0,0.0,4.99,4.18,21426027.0,256221.0,1.1958,17.39,13642.39,Low,1902
CUST-001602,Hernandez-Rogers,SMB,Education,Active,False,49914.14,30.0,2,50.0,0.0,45.65,3.72,18597460.0,214193.0,1.1517,27.3,13628.29,Medium,1903
CUST-000029,"Ross, Robinson and Bright",SMB,Education,Active,False,27369.45,65.0,4,25.0,0.0,35.56,3.27,14790181.0,162225.0,1.0968,49.69,13600.89,Medium,1904
CUST-001080,"Chan, Floyd and Dillon",SMB,Energy,Active,False,34759.54,20.0,5,0.0,60.0,31.24,2.72,11537050.0,176792.0,1.5324,39.06,13578.73,Medium,1905
CUST-000933,"Craig, Wilson and Yang",SMB,Transportation,Active,False,76235.81,30.0,1,100.0,0.0,11.21,4.85,31858610.0,440874.0,1.3838,17.77,13545.34,Low,1906
CUST-000833,"Ellison, Arias and Thompson",SMB,Professional Services,Active,False,35902.23,30.0,1,0.0,0.0,37.67,2.98,8602559.0,112238.0,1.3047,37.61,13502.62,Medium,1907
CUST-000692,Atkinson LLC,SMB,Education,Active,False,58722.29,40.0,0,100.0,0.0,0.0,0.0,15200654.0,227521.0,1.4968,22.99,13502.35,Low,1908
CUST-000313,Robinson-Lee,SMB,Healthcare,Active,True,33987.16,65.0,2,100.0,50.0,22.99,4.58,12094600.0,131012.0,1.0832,39.67,13481.5,Medium,1909
CUST-001487,Perez-Rojas,SMB,Banking,Active,False,24474.55,65.0,2,0.0,0.0,61.83,2.35,10075170.0,129262.0,1.283,55.07,13477.14,High,1910
CUST-000503,Morgan-Lopez,SMB,Insurance,Active,False,44419.72,55.0,0,100.0,0.0,0.0,0.0,17073903.0,235172.0,1.3774,30.25,13439.08,Medium,1911
CUST-002015,"Buchanan, Tucker and Wade",SMB,Education,Active,False,48753.18,30.0,2,50.0,0.0,14.94,3.43,15261197.0,191247.0,1.2532,27.51,13410.2,Medium,1912
CUST-001079,"Chang, Ayers and Buckley",SMB,Telecommunications,Active,False,26558.77,55.0,1,0.0,0.0,100.12,2.1,6596940.0,97461.0,1.4774,50.45,13400.16,High,1913
CUST-001204,Alvarado-Davidson,SMB,Technology,Active,False,41045.22,20.0,2,0.0,0.0,7.02,2.21,18518724.0,241136.0,1.3021,32.6,13382.48,Medium,1914
CUST-002409,"Peterson, Reid and Johnson",SMB,Education,Active,False,35502.69,30.0,1,0.0,0.0,12.38,1.63,8830528.0,113505.0,1.2854,37.57,13338.62,Medium,1915
CUST-000256,"Johnson, Miller and King",SMB,Retail,Active,False,74267.79,30.0,0,100.0,0.0,0.0,0.0,25190193.0,362411.0,1.4387,17.88,13277.15,Low,1916
CUST-001407,"Mitchell, Johnson and Greene",SMB,Education,Active,False,44431.54,55.0,0,100.0,0.0,0.0,0.0,13104294.0,153797.0,1.1736,29.85,13261.6,Medium,1917
CUST-001259,"Roberts, Beck and House",SMB,Retail,Active,False,58146.09,20.0,2,50.0,0.0,64.51,3.79,13283158.0,183029.0,1.3779,22.76,13231.61,Low,1918
CUST-001632,"Garcia, Stewart and Delacruz",SMB,Manufacturing,Active,False,35134.42,30.0,1,0.0,0.0,33.24,3.32,17286962.0,226618.0,1.3109,37.62,13218.21,Medium,1919
CUST-001143,Maxwell Group,SMB,Manufacturing,Active,False,35374.2,20.0,2,0.0,50.0,43.26,2.81,11916023.0,137543.0,1.1543,37.31,13197.6,Medium,1920
CUST-001325,Hill-Ward,SMB,Healthcare,Active,False,65648.92,35.0,1,100.0,0.0,62.35,4.47,18811814.0,240702.0,1.2795,20.06,13168.55,Low,1921
CUST-001838,Berry Ltd,SMB,Banking,Active,True,33990.11,30.0,2,0.0,0.0,44.26,2.28,4786887.0,86051.0,1.7976,38.6,13118.58,Medium,1922
CUST-001216,Petersen PLC,SMB,Education,Active,False,74608.9,30.0,0,100.0,0.0,0.0,0.0,21570885.0,277886.0,1.2882,17.58,13113.63,Low,1923
CUST-001296,Andrews and Sons,SMB,Transportation,Active,True,74620.21,30.0,0,100.0,0.0,0.0,0.0,19952422.0,251853.0,1.2623,17.52,13076.85,Low,1924
CUST-000244,Lyons-Bender,SMB,Education,Active,False,46990.61,30.0,2,50.0,0.0,18.78,4.19,14195062.0,195503.0,1.3773,27.75,13042.02,Medium,1925
CUST-001302,Reilly-Rodriguez,SMB,Media,Active,False,74631.92,30.0,2,100.0,0.0,15.44,4.59,24499755.0,302680.0,1.2354,17.47,13038.85,Low,1926
CUST-001254,Vaughn LLC,SMB,Technology,Active,False,33941.39,30.0,1,0.0,0.0,123.92,3.16,10474646.0,175686.0,1.6772,38.35,13018.05,Medium,1927
CUST-000806,Perry-Nixon,SMB,Education,Active,False,34615.73,30.0,1,0.0,0.0,134.45,3.14,13048182.0,168168.0,1.2888,37.58,13007.78,Medium,1928
CUST-001076,"Ellis, Marks and Buchanan",SMB,Technology,Active,False,44259.62,0.0,3,0.0,66.67,98.08,2.41,14153909.0,187852.0,1.3272,29.32,12977.4,Medium,1929
CUST-000577,"Becker, Wilson and Hester",SMB,Technology,Active,False,34629.85,30.0,1,0.0,0.0,29.18,2.28,18260396.0,223811.0,1.2257,37.45,12969.34,Medium,1930
CUST-001722,Johnson Ltd,SMB,Healthcare,Active,False,36806.22,65.0,3,100.0,0.0,37.25,4.61,15001973.0,188937.0,1.2594,35.02,12889.11,Medium,1931
CUST-001102,Watson PLC,SMB,Telecommunications,Active,False,25810.73,35.0,1,0.0,100.0,99.46,1.84,5561353.0,58702.0,1.0555,49.61,12804.98,Medium,1932
CUST-000625,Butler and Sons,Mid-Market,Transportation,Active,True,164798.21,0.0,2,100.0,50.0,18.42,4.49,41274646.0,570654.0,1.3826,7.77,12796.84,Low,1933
CUST-000656,Wilson-Harris,SMB,Transportation,Active,True,33924.98,30.0,1,0.0,0.0,8.21,2.71,9377767.0,126728.0,1.3514,37.7,12790.64,Medium,1934
CUST-000274,Hoover-Campbell,SMB,Telecommunications,Active,False,74517.34,30.0,0,100.0,0.0,0.0,0.0,18062779.0,186347.0,1.0317,17.06,12715.14,Low,1935
CUST-000888,Mcneil Group,SMB,Banking,Active,False,70498.3,30.0,1,100.0,0.0,19.7,4.19,16116800.0,243299.0,1.5096,18.02,12703.23,Low,1936
CUST-000529,"Daniels, Vance and York",SMB,Healthcare,Active,False,73428.12,30.0,1,100.0,0.0,41.03,4.4,20291852.0,231042.0,1.1386,17.28,12686.32,Low,1937
CUST-000162,Stein-Silva,SMB,Media,Active,False,35699.2,65.0,0,100.0,0.0,0.0,0.0,12207230.0,179368.0,1.4694,35.44,12651.34,Medium,1938
CUST-002024,"Conway, Bauer and Martin",SMB,Energy,Active,False,71129.85,30.0,2,100.0,0.0,35.12,4.71,17943219.0,247597.0,1.3799,17.76,12632.51,Low,1939
CUST-001446,"Holmes, Stewart and Smith",SMB,Insurance,Active,False,31764.14,55.0,2,50.0,0.0,25.12,3.68,8052681.0,90524.0,1.1241,39.75,12625.7,Medium,1940
CUST-002454,Friedman PLC,SMB,Insurance,Active,False,31390.41,35.0,1,0.0,0.0,28.68,1.77,9903187.0,128898.0,1.3016,40.1,12588.55,Medium,1941
CUST-002339,Smith Inc,SMB,Professional Services,Active,False,33580.71,30.0,1,0.0,0.0,12.79,2.33,8871940.0,102417.0,1.1544,37.31,12528.55,Medium,1942
CUST-000083,Donovan-Harris,SMB,Media,Active,False,71167.82,30.0,2,100.0,0.0,61.61,4.37,22622628.0,294049.0,1.2998,17.6,12525.25,Low,1943
CUST-000402,Thompson-James,SMB,Transportation,Active,False,70979.23,30.0,0,100.0,0.0,0.0,0.0,23146753.0,306096.0,1.3224,17.64,12524.16,Low,1944
CUST-000344,Davis-Lewis,SMB,Telecommunications,Active,False,45582.82,0.0,2,0.0,50.0,18.44,2.94,10472154.0,122066.0,1.1656,27.33,12458.35,Medium,1945
CUST-000686,"Boyd, Gutierrez and Hill",SMB,Retail,Active,False,37023.62,35.0,3,33.33,0.0,19.46,2.75,17539823.0,235088.0,1.3403,33.51,12408.08,Medium,1946
CUST-000741,"Mueller, Knight and Hodge",SMB,Manufacturing,Active,False,37924.94,20.0,2,0.0,0.0,89.26,2.04,8108485.0,108479.0,1.3378,32.68,12392.24,Medium,1947
CUST-002280,White Group,SMB,Education,Active,False,41048.93,35.0,4,50.0,0.0,50.85,3.99,10887660.0,146363.0,1.3443,30.19,12392.1,Medium,1948
CUST-002473,Avery-Adams,SMB,Professional Services,Active,False,32755.08,30.0,1,0.0,0.0,110.84,2.3,13500900.0,189343.0,1.4024,37.8,12383.02,Medium,1949
CUST-001910,"Schneider, Porter and Hanna",SMB,Education,Active,False,27328.33,65.0,2,50.0,0.0,15.38,3.16,12148290.0,162351.0,1.3364,45.17,12344.98,Medium,1950
CUST-000999,"Robinson, Huang and Osborne",SMB,Transportation,Active,False,26103.14,30.0,1,0.0,100.0,117.01,2.31,10206777.0,114429.0,1.1211,47.24,12331.7,Medium,1951
CUST-000807,Guerra Ltd,SMB,Energy,Active,True,69740.94,30.0,0,100.0,0.0,0.0,0.0,21716289.0,284914.0,1.312,17.62,12291.12,Low,1952
CUST-001109,"Ortiz, Smith and Deleon",SMB,Manufacturing,Active,False,32795.11,30.0,1,0.0,0.0,26.53,2.45,15726116.0,187565.0,1.1927,37.39,12260.58,Medium,1953
CUST-001058,Marshall-Perez,SMB,Education,Active,False,47529.47,0.0,3,0.0,33.33,73.93,2.97,21625940.0,251181.0,1.1615,25.66,12194.3,Medium,1954
CUST-002469,Garcia-Thomas,SMB,Energy,Active,True,40387.39,55.0,0,100.0,0.0,0.0,0.0,18006233.0,242249.0,1.3454,30.19,12193.25,Medium,1955
CUST-001971,"Patterson, Salas and Wright",SMB,Technology,Active,False,71165.49,30.0,0,100.0,0.0,0.0,0.0,24340820.0,258321.0,1.0613,17.12,12185.33,Low,1956
CUST-002498,"Woodard, Warner and Farmer",SMB,Transportation,Active,False,44346.77,30.0,2,50.0,0.0,32.71,4.12,13512989.0,166957.0,1.2355,27.47,12182.53,Medium,1957
CUST-002063,"Kennedy, Valdez and Stafford",SMB,Technology,Active,True,37068.47,20.0,2,0.0,0.0,72.35,2.41,12384162.0,173390.0,1.4001,32.8,12158.53,Medium,1958
CUST-000519,Hines-Berry,SMB,Transportation,Active,False,36842.46,20.0,1,0.0,0.0,4.24,3.25,12105940.0,173817.0,1.4358,32.87,12110.71,Medium,1959
CUST-000504,"Jimenez, Glass and Stone",SMB,Healthcare,Active,False,32507.99,30.0,2,0.0,0.0,111.93,2.71,8832677.0,96369.0,1.0911,37.18,12087.15,Medium,1960
CUST-001593,Deleon LLC,SMB,Technology,Active,False,69164.96,30.0,1,100.0,0.0,21.95,4.31,21441952.0,261646.0,1.2203,17.44,12062.72,Low,1961
CUST-000964,Taylor PLC,SMB,Telecommunications,Active,False,67566.89,30.0,0,100.0,0.0,0.0,0.0,21228963.0,298011.0,1.4038,17.81,12032.03,Low,1962
CUST-001483,Brown Group,SMB,Insurance,Active,False,29240.06,30.0,3,0.0,33.33,34.49,2.47,17158757.0,229915.0,1.3399,41.01,11992.28,Medium,1963
CUST-002380,Romero and Sons,SMB,Professional Services,Active,False,34180.42,65.0,0,100.0,0.0,0.0,0.0,11750578.0,142912.0,1.2162,34.93,11940.05,Medium,1964
CUST-001437,Austin-Duran,SMB,Manufacturing,Active,False,43575.34,30.0,2,50.0,0.0,3.64,3.78,19055575.0,227577.0,1.1943,27.39,11934.66,Medium,1965
CUST-000858,"Ochoa, Taylor and Brady",SMB,Media,Active,False,29715.62,35.0,2,0.0,0.0,116.64,2.57,5772466.0,74991.0,1.2991,40.1,11915.44,Medium,1966
CUST-000887,"Wallace, Smith and Cooper",SMB,Media,Active,False,34038.6,65.0,0,100.0,0.0,0.0,0.0,8040774.0,95249.0,1.1846,34.87,11868.97,Medium,1967
CUST-000742,Jacobson Inc,SMB,Professional Services,Active,True,31334.74,30.0,1,0.0,0.0,8.98,2.38,13105575.0,186928.0,1.4263,37.85,11861.03,Medium,1968
CUST-000003,"Mcclain, Miller and Henderson",SMB,Energy,Active,False,22001.76,55.0,3,0.0,33.33,53.18,2.49,6574274.0,99911.0,1.5197,53.87,11852.96,High,1969
CUST-000060,Gomez-Jenkins,SMB,Manufacturing,Active,False,45156.59,30.0,5,60.0,0.0,37.2,3.89,12159966.0,194404.0,1.5987,26.2,11829.87,Medium,1970
CUST-000336,"Avery, Horton and Fernandez",SMB,Professional Services,Active,False,67033.64,30.0,0,100.0,0.0,0.0,0.0,23594186.0,301791.0,1.2791,17.56,11769.89,Low,1971
CUST-002046,Baldwin Group,SMB,Insurance,Active,True,36456.96,20.0,1,0.0,0.0,133.33,1.98,9703666.0,107254.0,1.1053,32.21,11743.0,Medium,1972
CUST-002433,"Wood, Crane and Guzman",SMB,Banking,Active,False,29306.13,35.0,1,0.0,0.0,141.33,3.35,12281052.0,157815.0,1.285,40.07,11742.98,Medium,1973
CUST-000921,"Ashley, Allen and Sanchez",SMB,Banking,Active,False,59611.29,35.0,1,100.0,0.0,44.83,4.86,19788181.0,217175.0,1.0975,19.69,11740.44,Low,1974
CUST-002262,Fitzgerald-Scott,SMB,Healthcare,Active,False,39652.74,30.0,6,50.0,16.67,49.21,3.66,18298994.0,255416.0,1.3958,29.46,11681.0,Medium,1975
CUST-001421,Carrillo-Todd,SMB,Banking,Active,False,67546.39,30.0,0,100.0,0.0,0.0,0.0,24664444.0,279132.0,1.1317,17.26,11660.83,Low,1976
CUST-002166,Stokes Inc,SMB,Technology,Active,False,35556.0,20.0,1,0.0,0.0,107.33,2.21,12305825.0,166159.0,1.3502,32.7,11626.99,Medium,1977
CUST-000875,Smith-Noble,SMB,Banking,Active,False,35101.22,20.0,1,0.0,0.0,107.81,2.9,7054621.0,106197.0,1.5054,33.01,11587.16,Medium,1978
CUST-002453,Schneider Inc,SMB,Education,Active,False,33085.36,35.0,2,50.0,50.0,47.8,3.31,7205555.0,87521.0,1.2146,34.93,11556.47,Medium,1979
CUST-002085,"Arnold, Avila and Wilson",SMB,Energy,Active,False,33441.07,65.0,1,100.0,0.0,36.19,4.55,18038580.0,181972.0,1.0088,34.52,11543.05,Medium,1980
CUST-002474,Marshall-Russell,SMB,Banking,Active,False,60493.08,0.0,3,33.33,33.33,79.24,3.96,18354210.0,221165.0,1.205,19.08,11540.04,Low,1981
CUST-001163,Brooks Ltd,SMB,Telecommunications,Active,False,64217.21,30.0,1,100.0,0.0,5.12,4.48,14730730.0,216671.0,1.4709,17.94,11521.69,Low,1982
CUST-002330,"Cole, Morton and Peterson",SMB,Banking,Active,False,65694.02,30.0,1,100.0,0.0,52.01,4.27,26305461.0,332892.0,1.2655,17.53,11516.8,Low,1983
CUST-002196,Nelson Inc,SMB,Professional Services,Active,False,58589.25,35.0,1,100.0,0.0,15.78,4.35,18114901.0,195006.0,1.0765,19.65,11514.54,Low,1984
CUST-000520,"Richardson, Edwards and Ramirez",SMB,Telecommunications,Active,True,42367.35,30.0,2,50.0,0.0,70.47,3.19,10449250.0,113155.0,1.0829,27.17,11509.43,Medium,1985
CUST-000482,Carlson-Smith,SMB,Professional Services,Active,False,50597.4,40.0,1,100.0,0.0,55.84,4.52,18607127.0,255269.0,1.3719,22.74,11507.76,Low,1986
CUST-000994,"Wright, Mcknight and Stephens",SMB,Energy,Active,False,45923.56,5.0,1,0.0,0.0,85.66,1.78,9931614.0,124922.0,1.2578,25.02,11488.07,Medium,1987
CUST-001753,Collins Inc,SMB,Retail,Active,True,56886.39,35.0,0,100.0,0.0,0.0,0.0,16003631.0,204743.0,1.2794,20.06,11410.67,Low,1988
CUST-000406,Atkins PLC,SMB,Insurance,Active,False,41214.52,30.0,3,66.67,33.33,33.63,3.78,17328080.0,230286.0,1.329,27.66,11399.09,Medium,1989
CUST-001037,"Perez, Hayes and Lloyd",SMB,Professional Services,Active,False,41423.61,30.0,2,50.0,0.0,45.49,3.07,14916125.0,186424.0,1.2498,27.5,11391.34,Medium,1990
CUST-001848,Cooper Inc,SMB,Energy,Active,False,30173.91,30.0,3,33.33,66.67,56.66,3.12,10162726.0,134260.0,1.3211,37.64,11358.12,Medium,1991
CUST-000604,Lee-Wright,SMB,Technology,Active,False,40749.78,0.0,2,0.0,50.0,30.79,2.19,10070816.0,142051.0,1.4105,27.82,11337.01,Medium,1992
CUST-000161,Brown-Wall,SMB,Manufacturing,Active,False,25638.61,65.0,2,50.0,0.0,29.76,3.21,7137151.0,57694.0,0.8084,44.12,11310.91,Medium,1993
CUST-001505,"Price, Gray and Baker",SMB,Manufacturing,Active,False,65705.34,30.0,0,100.0,0.0,0.0,0.0,17164546.0,188097.0,1.0958,17.19,11295.86,Low,1994
CUST-000071,Gray Group,SMB,Energy,Active,False,55787.02,35.0,0,100.0,0.0,0.0,0.0,24662351.0,324849.0,1.3172,20.13,11232.37,Low,1995
CUST-001435,"Kelly, Maxwell and Wilson",SMB,Telecommunications,Active,False,57310.46,35.0,0,100.0,0.0,0.0,0.0,14616896.0,153363.0,1.0492,19.6,11231.95,Low,1996
CUST-001258,"Price, Dixon and Robles",SMB,Insurance,Active,False,29320.89,30.0,1,0.0,0.0,108.75,3.28,11531072.0,182119.0,1.5794,38.16,11188.49,Medium,1997
CUST-000841,Carter LLC,SMB,Media,Active,False,63217.87,30.0,3,100.0,0.0,24.82,4.52,17549420.0,232330.0,1.3239,17.65,11156.51,Low,1998
CUST-001171,"Obrien, Taylor and Rivas",SMB,Healthcare,Active,True,50672.55,0.0,3,0.0,0.0,59.08,2.37,14535612.0,146524.0,1.008,22.02,11156.1,Low,1999
CUST-002285,Martinez Inc,SMB,Retail,Active,False,62719.17,30.0,0,100.0,0.0,0.0,0.0,21110768.0,282891.0,1.34,17.68,11088.79,Low,2000
CUST-001793,"Wise, Gray and Snyder",SMB,Insurance,Active,False,29556.61,30.0,3,0.0,0.0,110.16,3.3,10180184.0,127267.0,1.2501,37.5,11083.81,Medium,2001
CUST-002427,"Henderson, Alexander and Galvan",SMB,Transportation,Active,False,41043.17,35.0,3,66.67,0.0,13.59,3.84,8533210.0,120792.0,1.4156,27.0,11080.74,Medium,2002
CUST-001445,Bryant Inc,SMB,Banking,Active,False,63270.07,30.0,1,100.0,0.0,18.9,4.73,20493403.0,256431.0,1.2513,17.5,11073.89,Low,2003
CUST-000203,Peterson-Beard,SMB,Professional Services,Active,False,31095.8,65.0,2,100.0,0.0,26.78,4.55,15033284.0,230916.0,1.536,35.57,11061.42,Medium,2004
CUST-001719,"Gomez, Anderson and Hart",SMB,Insurance,Active,False,28971.56,20.0,2,0.0,50.0,130.94,2.53,10543890.0,150682.0,1.4291,37.86,10968.11,Medium,2005
CUST-002102,"Mcmahon, Rush and Bailey",SMB,Manufacturing,Active,False,29238.02,30.0,1,0.0,0.0,30.68,1.61,8944838.0,106407.0,1.1896,37.38,10928.93,Medium,2006
CUST-001509,White LLC,SMB,Healthcare,Active,False,39422.85,30.0,2,50.0,0.0,52.97,3.09,18696496.0,253400.0,1.3553,27.71,10924.34,Medium,2007
CUST-000897,Miller Inc,SMB,Telecommunications,Active,False,33416.56,20.0,1,0.0,0.0,28.33,3.46,11746364.0,148099.0,1.2608,32.52,10867.6,Medium,2008
CUST-002272,"Hamilton, Green and Edwards",SMB,Healthcare,Active,False,47430.53,0.0,1,0.0,0.0,80.16,2.14,16174641.0,219051.0,1.3543,22.71,10770.8,Low,2009
CUST-002138,Hernandez-Howell,SMB,Energy,Active,False,30466.66,65.0,0,100.0,0.0,0.0,0.0,11101335.0,154686.0,1.3934,35.29,10750.71,Medium,2010
CUST-001513,Booker Inc,SMB,Education,Active,False,62141.07,30.0,0,100.0,0.0,0.0,0.0,25880568.0,297339.0,1.1489,17.3,10749.02,Low,2011
CUST-000181,Wells Inc,SMB,Media,Active,False,41013.34,0.0,3,0.0,33.33,89.64,3.18,14146006.0,203168.0,1.4362,26.21,10747.86,Medium,2012
CUST-000355,"Fisher, Wilson and Brown",SMB,Telecommunications,Active,True,60520.84,30.0,1,100.0,0.0,18.0,4.65,19163522.0,258916.0,1.3511,17.7,10713.51,Low,2013
CUST-000407,Berry-Mckinney,SMB,Retail,Active,False,32794.85,20.0,1,0.0,0.0,140.06,2.81,9141895.0,116459.0,1.2739,32.55,10674.01,Medium,2014
CUST-001336,Vance PLC,SMB,Telecommunications,Active,False,48110.41,0.0,1,0.0,0.0,32.49,2.62,12725790.0,138215.0,1.0861,22.17,10667.14,Low,2015
CUST-000539,Owens-Holmes,SMB,Banking,Active,True,38108.87,30.0,3,66.67,33.33,34.93,3.98,12022234.0,166635.0,1.3861,27.77,10583.64,Medium,2016
CUST-002346,"Park, Maynard and Ruiz",SMB,Healthcare,Active,True,26139.58,35.0,1,0.0,0.0,48.73,2.5,7290346.0,105994.0,1.4539,40.41,10562.43,Medium,2017
CUST-000173,White-Green,SMB,Insurance,Active,False,51423.94,35.0,1,100.0,0.0,23.88,4.78,13996437.0,205205.0,1.4661,20.43,10507.07,Low,2018
CUST-001711,Chang PLC,SMB,Media,Active,False,26238.02,35.0,2,0.0,0.0,78.87,2.63,12293239.0,155645.0,1.2661,40.03,10503.66,Medium,2019
CUST-001262,Harris-Melton,SMB,Insurance,Active,False,45364.51,0.0,1,0.0,0.0,14.08,1.78,11095882.0,172018.0,1.5503,23.1,10479.46,Low,2020
CUST-001170,Bates LLC,SMB,Telecommunications,Active,False,37892.42,0.0,2,0.0,50.0,74.04,2.32,13671343.0,166677.0,1.2192,27.44,10397.05,Medium,2021
CUST-000532,Conner and Sons,SMB,Education,Active,True,57712.38,30.0,0,100.0,0.0,0.0,0.0,14391692.0,211505.0,1.4696,17.94,10353.18,Low,2022
CUST-000147,Robinson-Brock,SMB,Energy,Active,False,29249.47,65.0,1,100.0,0.0,43.42,4.11,9397213.0,136024.0,1.4475,35.39,10352.85,Medium,2023
CUST-001795,"Berger, Fields and Smith",SMB,Telecommunications,Active,False,25910.01,35.0,2,0.0,0.0,32.85,3.24,9492644.0,115976.0,1.2217,39.94,10349.36,Medium,2024
CUST-001205,Combs PLC,SMB,Media,Active,False,46270.05,0.0,2,0.0,0.0,32.14,2.43,18732826.0,221396.0,1.1819,22.36,10347.71,Low,2025
CUST-002169,Harris-Reid,SMB,Banking,Active,False,37410.26,30.0,2,50.0,0.0,71.17,3.38,14536837.0,192395.0,1.3235,27.65,10342.81,Medium,2026
CUST-000054,"Robinson, Jones and Welch",SMB,Healthcare,Active,False,58481.0,30.0,0,100.0,0.0,0.0,0.0,15348634.0,202643.0,1.3203,17.64,10316.36,Low,2027
CUST-002445,"Bass, Anderson and Taylor",SMB,Banking,Active,False,57683.97,30.0,0,100.0,0.0,0.0,0.0,18528734.0,260498.0,1.4059,17.81,10274.57,Low,2028
CUST-000265,Tran Inc,SMB,Media,Active,False,41380.53,5.0,5,20.0,40.0,79.7,2.65,13830579.0,159684.0,1.1546,24.81,10266.16,Low,2029
CUST-001311,Clark-Figueroa,SMB,Energy,Active,False,18473.41,65.0,1,0.0,0.0,129.26,3.66,9774807.0,125860.0,1.2876,55.08,10174.27,High,2030
CUST-000462,Burch-Montoya,SMB,Insurance,Active,False,34120.18,55.0,1,100.0,0.0,5.47,4.22,13448722.0,155911.0,1.1593,29.82,10174.16,Medium,2031
CUST-000729,Nichols-Mitchell,SMB,Telecommunications,Active,False,55657.98,30.0,1,100.0,0.0,7.57,4.54,15529374.0,249109.0,1.6041,18.21,10134.33,Low,2032
CUST-001489,Johnson Ltd,SMB,Professional Services,Active,False,58043.14,30.0,0,100.0,0.0,0.0,0.0,23427208.0,286769.0,1.2241,17.45,10127.47,Low,2033
CUST-001002,Garcia Ltd,SMB,Transportation,Active,False,26630.3,30.0,1,0.0,0.0,144.69,2.84,7759780.0,116445.0,1.5006,38.0,10119.85,Medium,2034
CUST-000042,George Group,SMB,Healthcare,Active,False,49357.91,35.0,1,100.0,0.0,53.19,4.85,11571777.0,169848.0,1.4678,20.44,10086.56,Low,2035
CUST-001870,Bell-Hardy,SMB,Insurance,Active,False,56232.43,30.0,0,100.0,0.0,0.0,0.0,22427916.0,319907.0,1.4264,17.85,10039.04,Low,2036
CUST-000864,Schultz Inc,SMB,Education,Active,False,32823.15,35.0,2,50.0,0.0,65.36,3.78,9928793.0,151970.0,1.5306,30.56,10031.15,Medium,2037
CUST-001928,Thomas-Perry,SMB,Insurance,Active,False,45104.16,0.0,1,0.0,0.0,25.16,3.24,10779090.0,117012.0,1.0855,22.17,10000.08,Low,2038
CUST-001396,"Avery, Garcia and Romero",SMB,Energy,Active,False,24806.27,65.0,2,100.0,50.0,38.93,4.19,15053969.0,208488.0,1.3849,40.27,9989.45,Medium,2039
CUST-002452,"Hogan, Zimmerman and Hoffman",SMB,Insurance,Active,False,32320.85,55.0,0,100.0,0.0,0.0,0.0,11719015.0,193998.0,1.6554,30.81,9958.32,Medium,2040
CUST-000758,Lopez-Willis,SMB,Media,Active,True,33409.66,35.0,2,50.0,0.0,43.54,3.68,8461572.0,88452.0,1.0453,29.59,9886.14,Medium,2041
CUST-000802,"Burgess, Grant and Watts",SMB,Insurance,Active,True,30130.68,20.0,2,0.0,0.0,37.32,3.61,9300669.0,127106.0,1.3666,32.73,9862.76,Medium,2042
CUST-001929,"Wood, Martin and Sanchez",SMB,Transportation,Active,False,25868.81,30.0,2,0.0,0.0,9.34,2.66,8326668.0,129570.0,1.5561,38.11,9859.16,Medium,2043
CUST-000158,"Miller, Hernandez and Reyes",SMB,Education,Active,False,50233.08,35.0,2,100.0,0.0,10.61,4.49,14032375.0,146930.0,1.0471,19.59,9842.75,Low,2044
CUST-001028,Reed LLC,SMB,Professional Services,Active,True,17785.95,65.0,1,0.0,0.0,35.25,1.67,5116461.0,72072.0,1.4086,55.32,9838.7,High,2045
CUST-001508,"Patel, Adams and Lopez",SMB,Media,Active,False,48997.37,35.0,0,100.0,0.0,0.0,0.0,18212530.0,233275.0,1.2808,20.06,9829.7,Low,2046
CUST-001261,"Edwards, Arnold and Smith",SMB,Manufacturing,Active,False,35538.98,30.0,2,50.0,0.0,20.67,4.26,8928766.0,114954.0,1.2875,27.57,9799.84,Medium,2047
CUST-000534,Mcdonald-Bird,SMB,Insurance,Active,False,55200.79,30.0,2,100.0,0.0,10.49,4.41,14597380.0,197540.0,1.3533,17.71,9774.14,Low,2048
CUST-002396,Keller Ltd,SMB,Banking,Active,False,25969.63,30.0,1,0.0,0.0,8.08,2.11,9481297.0,122724.0,1.2944,37.59,9761.66,Medium,2049
CUST-001601,"Wagner, Walker and Roberts",SMB,Manufacturing,Active,False,25846.29,30.0,1,0.0,0.0,119.53,1.6,8443113.0,110691.0,1.311,37.62,9723.9,Medium,2050
CUST-000419,Morrison Ltd,SMB,Transportation,Active,False,25562.54,30.0,2,0.0,0.0,75.7,2.48,9108925.0,136892.0,1.5028,38.01,9715.21,Medium,2051
CUST-002306,Price Group,SMB,Manufacturing,Active,True,54817.18,30.0,0,100.0,0.0,0.0,0.0,19794159.0,262556.0,1.3264,17.65,9676.8,Low,2052
CUST-000291,Brennan-Johnson,SMB,Retail,Active,False,25775.67,30.0,3,0.0,0.0,47.75,3.02,11988543.0,150815.0,1.258,37.52,9670.0,Medium,2053
CUST-000047,Anderson Group,SMB,Manufacturing,Active,False,77570.51,0.0,2,50.0,0.0,60.35,3.89,19755890.0,243355.0,1.2318,12.46,9668.09,Low,2054
CUST-000286,Bowen Group,SMB,Insurance,Active,True,35125.66,30.0,3,66.67,33.33,31.4,3.94,10326673.0,126469.0,1.2247,27.45,9641.77,Medium,2055
CUST-001027,Rivera Inc,SMB,Healthcare,Active,False,54875.09,30.0,0,100.0,0.0,0.0,0.0,15449518.0,197722.0,1.2798,17.56,9635.84,Low,2056
CUST-001511,Nelson-Dean,SMB,Professional Services,Active,False,55300.76,30.0,0,100.0,0.0,0.0,0.0,14863219.0,177254.0,1.1926,17.39,9614.11,Low,2057
CUST-000754,Peterson PLC,SMB,Transportation,Active,True,53403.14,30.0,0,100.0,0.0,0.0,0.0,15012466.0,220801.0,1.4708,17.94,9581.36,Low,2058
CUST-001499,Cooper Group,SMB,Transportation,Active,True,54359.99,30.0,1,100.0,0.0,23.34,4.56,19585160.0,255073.0,1.3024,17.6,9569.94,Low,2059
CUST-001300,Avila PLC,SMB,Transportation,Active,True,42318.19,0.0,4,0.0,0.0,55.26,2.86,10701348.0,138488.0,1.2941,22.59,9558.93,Low,2060
CUST-000859,Sellers-Riddle,SMB,Transportation,Active,False,74423.39,20.0,0,100.0,0.0,0.0,0.0,17635233.0,249270.0,1.4135,12.83,9546.25,Low,2061
CUST-000366,"Wilson, Pena and Rich",SMB,Energy,Active,False,54570.22,30.0,0,100.0,0.0,0.0,0.0,16021705.0,198191.0,1.237,17.47,9535.62,Low,2062
CUST-001592,"Evans, Cross and Johnston",SMB,Technology,Active,False,42231.18,0.0,2,0.0,0.0,116.55,3.08,14430325.0,185717.0,1.287,22.57,9533.26,Low,2063
CUST-000340,"Wood, Ramos and Sampson",SMB,Energy,Active,False,34208.52,30.0,2,50.0,0.0,15.57,3.75,10277316.0,141526.0,1.3771,27.75,9494.28,Medium,2064
CUST-000960,Bates-Anderson,SMB,Media,Active,True,31334.72,5.0,2,0.0,50.0,122.73,2.6,12786893.0,176316.0,1.3789,30.26,9481.18,Medium,2065
CUST-001814,"Smith, Griffith and Tucker",SMB,Banking,Active,True,54863.71,30.0,0,100.0,0.0,0.0,0.0,14175406.0,159691.0,1.1265,17.25,9465.67,Low,2066
CUST-002295,Hood and Sons,SMB,Retail,Active,False,31517.41,35.0,2,50.0,0.0,37.95,3.37,11409349.0,144410.0,1.2657,30.03,9465.13,Medium,2067
CUST-000582,"Barry, Taylor and Velazquez",SMB,Transportation,Active,False,54999.98,30.0,0,100.0,0.0,0.0,0.0,14745353.0,159845.0,1.084,17.17,9442.44,Low,2068
CUST-002337,"Li, Jensen and Vazquez",SMB,Energy,Active,True,22038.27,30.0,2,0.0,50.0,59.16,3.26,4141746.0,52766.0,1.274,42.55,9376.84,Medium,2069
CUST-000522,Holmes-Mcintyre,SMB,Retail,Active,False,52005.92,30.0,0,100.0,0.0,0.0,0.0,15162399.0,227479.0,1.5003,18.0,9361.36,Low,2070
CUST-002437,Tucker-Moody,SMB,Energy,Active,False,40489.93,0.0,1,0.0,0.0,149.91,2.86,8616671.0,133294.0,1.5469,23.09,9350.69,Low,2071
CUST-001048,Williams PLC,SMB,Education,Active,False,53340.31,30.0,0,100.0,0.0,0.0,0.0,20060488.0,252455.0,1.2585,17.52,9343.59,Low,2072
CUST-001131,Hardy-Hansen,SMB,Transportation,Active,False,21847.0,40.0,2,0.0,0.0,22.03,3.25,8909453.0,121555.0,1.3643,42.73,9334.93,Medium,2073
CUST-001635,"Torres, Burns and Garner",SMB,Energy,Active,False,46287.61,35.0,1,100.0,0.0,14.02,4.55,22711444.0,301168.0,1.3261,20.15,9327.94,Low,2074
CUST-001424,Reyes and Sons,SMB,Media,Active,False,53592.61,30.0,0,100.0,0.0,0.0,0.0,17536757.0,209608.0,1.1952,17.39,9320.02,Low,2075
CUST-001226,"Newton, Ortiz and King",SMB,Banking,Active,False,72172.14,20.0,1,100.0,0.0,50.26,4.91,20206144.0,280350.0,1.3874,12.77,9219.92,Low,2076
CUST-002176,Simmons-Reed,SMB,Insurance,Active,False,52816.87,30.0,0,100.0,0.0,0.0,0.0,14729911.0,176533.0,1.1985,17.4,9188.52,Low,2077
CUST-001281,"Austin, Oliver and Haley",SMB,Professional Services,Active,False,50805.12,30.0,2,100.0,0.0,13.53,4.63,17403064.0,263690.0,1.5152,18.03,9160.36,Low,2078
CUST-001537,Wright Group,SMB,Education,Active,True,41022.02,0.0,1,0.0,0.0,96.92,1.72,10229415.0,118860.0,1.1619,22.32,9157.71,Low,2079
CUST-000459,Mckee-Lee,SMB,Education,Active,False,19427.48,30.0,1,0.0,100.0,135.5,3.04,5315569.0,52080.0,0.9798,46.96,9123.05,Medium,2080
CUST-001587,Moore-Baker,SMB,Healthcare,Active,False,27792.05,60.0,0,100.0,0.0,0.0,0.0,13369909.0,176701.0,1.3216,32.64,9072.23,Medium,2081
CUST-000965,Moore and Sons,SMB,Education,Active,True,30234.69,30.0,4,50.0,25.0,17.17,3.37,11457488.0,140679.0,1.2278,29.96,9057.0,Medium,2082
CUST-000942,Finley Inc,SMB,Retail,Active,False,16598.57,65.0,2,0.0,0.0,114.47,1.67,5222798.0,52094.0,0.9974,54.49,9045.37,High,2083
CUST-000474,Lowery-Kennedy,SMB,Energy,Active,False,50403.37,30.0,0,100.0,0.0,0.0,0.0,17705646.0,256473.0,1.4485,17.9,9020.73,Low,2084
CUST-000753,Davis and Sons,SMB,Media,Active,False,29952.44,55.0,0,100.0,0.0,0.0,0.0,10424057.0,125881.0,1.2076,29.92,8960.33,Medium,2085
CUST-001391,"Sanders, Harris and Arnold",SMB,Transportation,Active,False,51234.0,30.0,0,100.0,0.0,0.0,0.0,15588874.0,192465.0,1.2346,17.47,8950.2,Low,2086
CUST-000832,Lopez-Reid,SMB,Education,Active,True,39065.75,20.0,2,50.0,0.0,28.27,3.48,10861242.0,157486.0,1.45,22.9,8946.04,Low,2087
CUST-002081,Mccall-Martin,SMB,Insurance,Active,False,51301.9,30.0,0,100.0,0.0,0.0,0.0,19992546.0,236747.0,1.1842,17.37,8910.29,Low,2088
CUST-002431,"Palmer, Rice and Benson",SMB,Insurance,Active,False,39335.73,0.0,1,0.0,0.0,25.1,1.73,10218173.0,132965.0,1.3013,22.6,8890.87,Low,2089
CUST-001570,Hudson and Sons,SMB,Education,Active,False,23807.58,30.0,1,0.0,0.0,134.52,3.29,11887491.0,139034.0,1.1696,37.34,8889.55,Medium,2090
CUST-001464,"Cook, Ward and Castro",SMB,Technology,Active,False,50102.95,30.0,0,100.0,0.0,0.0,0.0,16084768.0,211260.0,1.3134,17.63,8831.56,Low,2091
CUST-000317,"Diaz, Anderson and Browning",SMB,Energy,Active,False,44529.02,35.0,2,100.0,0.0,37.58,4.26,13805379.0,159145.0,1.1528,19.81,8819.22,Low,2092
CUST-001743,Hayes-Sampson,SMB,Media,Active,False,49860.29,30.0,2,100.0,0.0,37.73,4.22,13061895.0,174930.0,1.3392,17.68,8814.54,Low,2093
CUST-001618,Singh and Sons,SMB,Telecommunications,Active,False,48424.31,30.0,1,100.0,0.0,3.24,4.17,13752025.0,210672.0,1.5319,18.06,8747.3,Low,2094
CUST-001141,Ortiz-Hudson,SMB,Professional Services,Active,False,44032.34,35.0,1,100.0,0.0,42.51,4.72,15419649.0,180740.0,1.1721,19.84,8737.9,Low,2095
CUST-001285,Robertson-Hicks,SMB,Professional Services,Active,False,43946.36,35.0,0,100.0,0.0,0.0,0.0,14189427.0,168462.0,1.1872,19.87,8734.11,Low,2096
CUST-000497,Blackwell LLC,SMB,Professional Services,Active,False,48693.28,30.0,0,100.0,0.0,0.0,0.0,14234906.0,203623.0,1.4304,17.86,8697.06,Low,2097
CUST-002424,Lewis-Miller,SMB,Healthcare,Active,False,38716.82,0.0,1,0.0,0.0,34.28,2.36,11875346.0,143962.0,1.2123,22.42,8682.07,Low,2098
CUST-001827,"Simon, Terrell and Terrell",SMB,Telecommunications,Active,False,25850.01,0.0,1,0.0,100.0,28.74,3.33,6194272.0,108591.0,1.7531,33.51,8661.35,Medium,2099
CUST-002386,Sanchez Group,SMB,Transportation,Active,False,66897.38,20.0,1,100.0,0.0,2.28,4.34,24038770.0,346850.0,1.4429,12.89,8620.23,Low,2100
CUST-001735,"Stewart, Herrera and Clark",SMB,Banking,Active,False,15378.02,65.0,1,0.0,0.0,35.85,2.22,4691211.0,79940.0,1.704,55.91,8597.55,High,2101
CUST-001486,Miller Group,SMB,Technology,Active,False,25753.56,30.0,2,50.0,50.0,14.63,3.08,8735097.0,136080.0,1.5579,33.12,8528.47,Medium,2102
CUST-001057,Lopez-Williams,SMB,Retail,Active,False,47867.75,30.0,1,100.0,0.0,66.04,4.98,16271752.0,226261.0,1.3905,17.78,8511.38,Low,2103
CUST-001059,Elliott-Hernandez,SMB,Professional Services,Active,False,31089.42,30.0,2,50.0,0.0,66.71,3.23,12523140.0,144732.0,1.1557,27.31,8490.97,Medium,2104
CUST-000281,Garner-Thornton,SMB,Transportation,Active,False,48008.7,30.0,0,100.0,0.0,0.0,0.0,15259034.0,204176.0,1.3381,17.68,8486.08,Low,2105
CUST-001627,"Williamson, Brown and Pena",SMB,Retail,Active,False,16907.09,35.0,1,0.0,100.0,31.98,3.21,7347095.0,98245.0,1.3372,50.17,8483.03,High,2106
CUST-001904,"Harris, Spencer and Ponce",SMB,Media,Active,False,42000.74,35.0,1,100.0,0.0,51.6,4.98,17353280.0,222684.0,1.2832,20.07,8428.07,Low,2107
CUST-000681,Morales and Sons,SMB,Education,Active,False,22617.37,30.0,1,0.0,0.0,102.31,3.27,4477732.0,42441.0,0.9478,36.9,8344.83,Medium,2108
CUST-000057,"Washington, Ryan and Cummings",SMB,Insurance,Active,False,20979.43,35.0,3,33.33,66.67,74.04,3.49,5338984.0,60683.0,1.1366,39.77,8344.19,Medium,2109
CUST-002185,Michael-Barber,SMB,Banking,Active,False,41677.61,35.0,0,100.0,0.0,0.0,0.0,13283844.0,163345.0,1.2297,19.96,8318.56,Low,2110
CUST-000500,Kelly-Norman,SMB,Professional Services,Active,True,24680.07,20.0,1,0.0,0.0,132.66,3.32,2777719.0,50925.0,1.8333,33.67,8308.96,Medium,2111
CUST-002098,Williams-Turner,SMB,Energy,Active,True,46907.6,30.0,0,100.0,0.0,0.0,0.0,15535429.0,207270.0,1.3342,17.67,8287.8,Low,2112
CUST-000097,Wagner-King,SMB,Healthcare,Active,False,20154.13,65.0,3,66.67,0.0,56.53,3.77,3699962.0,34321.0,0.9276,41.02,8267.6,Medium,2113
CUST-001677,Murray-Henderson,SMB,Transportation,Active,False,21812.98,30.0,1,0.0,0.0,150.07,3.52,5482666.0,77098.0,1.4062,37.81,8248.02,Medium,2114
CUST-000261,Wolf-Harris,SMB,Healthcare,Active,False,41699.88,35.0,0,100.0,0.0,0.0,0.0,12944253.0,146223.0,1.1296,19.76,8239.59,Low,2115
CUST-000109,Hancock and Sons,SMB,Transportation,Active,False,65694.22,20.0,2,100.0,0.0,34.71,4.35,16494282.0,209097.0,1.2677,12.54,8235.03,Low,2116
CUST-001449,Ruiz-Austin,SMB,Transportation,Active,False,20018.15,30.0,3,0.0,33.33,67.89,2.71,8797411.0,122542.0,1.3929,41.12,8231.3,Medium,2117
CUST-001957,Jones PLC,SMB,Energy,Active,False,21923.74,30.0,1,0.0,0.0,28.11,3.55,4488778.0,54579.0,1.2159,37.43,8206.45,Medium,2118
CUST-000690,"Flores, Butler and Hernandez",SMB,Retail,Active,False,46737.79,30.0,0,100.0,0.0,0.0,0.0,16353099.0,209160.0,1.279,17.56,8206.24,Low,2119
CUST-001198,Clay Group,SMB,Media,Active,False,23518.78,30.0,3,33.33,33.33,31.21,2.54,7758982.0,107933.0,1.3911,34.45,8101.94,Medium,2120
CUST-000634,Higgins-Smith,SMB,Manufacturing,Active,False,21374.39,30.0,1,0.0,0.0,5.91,2.35,9184077.0,127554.0,1.3889,37.78,8074.76,Medium,2121
CUST-001260,Butler-French,SMB,Education,Active,False,45041.11,30.0,0,100.0,0.0,0.0,0.0,17741192.0,258447.0,1.4568,17.91,8068.45,Low,2122
CUST-000644,"Young, Contreras and Marshall",SMB,Insurance,Active,True,16950.62,30.0,1,0.0,100.0,45.72,2.34,4311307.0,48888.0,1.1339,47.27,8012.2,Medium,2123
CUST-000594,Smith LLC,SMB,Transportation,Active,False,35628.21,0.0,1,0.0,0.0,109.76,2.97,11718770.0,135597.0,1.1571,22.31,7950.14,Low,2124
CUST-000013,Arnold Ltd,SMB,Retail,Active,False,35045.02,0.0,2,0.0,0.0,81.34,2.45,12982291.0,174223.0,1.342,22.68,7949.62,Low,2125
CUST-002134,Fuller and Sons,SMB,Media,Active,False,45765.62,30.0,0,100.0,0.0,0.0,0.0,16296350.0,184611.0,1.1328,17.27,7901.74,Low,2126
CUST-000772,"James, Taylor and Turner",SMB,Energy,Active,False,38898.32,35.0,0,100.0,0.0,0.0,0.0,13236307.0,182819.0,1.3812,20.26,7881.73,Low,2127
CUST-002206,"Herring, Huynh and King",SMB,Healthcare,Active,False,28502.48,30.0,3,66.67,33.33,28.79,4.11,8287510.0,107366.0,1.2955,27.59,7864.13,Medium,2128
CUST-002367,Moore Group,SMB,Telecommunications,Active,False,25730.92,30.0,3,33.33,0.0,57.77,2.98,9417933.0,97860.0,1.0391,30.41,7825.16,Medium,2129
CUST-001316,"Murray, Dunn and Roberts",SMB,Insurance,Active,False,17588.65,65.0,2,50.0,0.0,61.44,3.58,4481603.0,43799.0,0.9773,44.45,7818.97,Medium,2130
CUST-001327,Hampton-Tucker,SMB,Energy,Active,True,52483.46,5.0,2,50.0,0.0,41.28,3.49,12251659.0,146160.0,1.193,14.89,7812.67,Low,2131
CUST-000012,Dudley Group,SMB,Professional Services,Active,False,44855.86,30.0,0,100.0,0.0,0.0,0.0,14814443.0,177086.0,1.1954,17.39,7800.76,Low,2132
CUST-002476,Adams PLC,SMB,Retail,Active,False,34580.08,0.0,3,0.0,0.0,23.88,2.13,12739307.0,162610.0,1.2764,22.55,7798.81,Low,2133
CUST-002443,Berry-Knight,SMB,Retail,Active,False,31026.88,5.0,1,0.0,0.0,42.69,2.35,9497313.0,124712.0,1.3131,25.13,7795.89,Medium,2134
CUST-001410,Miller LLC,SMB,Professional Services,Active,False,20549.03,30.0,2,0.0,0.0,63.98,1.76,4033659.0,58639.0,1.4537,37.91,7789.62,Medium,2135
CUST-000785,Diaz-Frederick,SMB,Media,Active,False,44144.19,30.0,0,100.0,0.0,0.0,0.0,18140794.0,239022.0,1.3176,17.64,7784.91,Low,2136
CUST-002130,Kelly-Estrada,SMB,Technology,Active,False,22191.28,65.0,0,100.0,0.0,0.0,0.0,8562736.0,109410.0,1.2777,35.06,7779.26,Medium,2137
CUST-000849,Cole LLC,SMB,Energy,Active,False,34959.53,0.0,2,0.0,0.0,35.54,2.47,6325865.0,68817.0,1.0879,22.18,7752.53,Low,2138
CUST-001111,"Owen, Walker and Franklin",SMB,Telecommunications,Active,True,59516.68,0.0,2,50.0,0.0,23.09,3.54,19559806.0,282891.0,1.4463,12.89,7673.23,Low,2139
CUST-001402,Lynch Ltd,SMB,Education,Active,False,28188.51,30.0,2,50.0,0.0,53.79,3.81,12281437.0,133917.0,1.0904,27.18,7661.86,Medium,2140
CUST-002451,Mann PLC,SMB,Retail,Active,True,23437.34,30.0,4,25.0,0.0,68.26,2.76,4990552.0,66283.0,1.3282,32.66,7653.78,Medium,2141
CUST-002278,Peters Ltd,SMB,Professional Services,Active,False,13794.96,65.0,3,0.0,0.0,26.26,2.88,5943511.0,84553.0,1.4226,55.35,7634.85,High,2142
CUST-000829,Allen Inc,SMB,Professional Services,Active,False,43003.25,30.0,0,100.0,0.0,0.0,0.0,17460541.0,235935.0,1.3512,17.7,7612.65,Low,2143
CUST-002020,Hernandez LLC,SMB,Telecommunications,Active,True,43336.26,30.0,0,100.0,0.0,0.0,0.0,8382976.0,107415.0,1.2813,17.56,7611.01,Low,2144
CUST-000030,"Snyder, Campos and Callahan",SMB,Healthcare,Active,False,43924.36,30.0,0,100.0,0.0,0.0,0.0,14085197.0,157332.0,1.117,17.23,7569.93,Low,2145
CUST-001669,"Moss, James and Edwards",SMB,Retail,Active,False,19976.08,30.0,1,0.0,0.0,15.67,2.53,5063485.0,70644.0,1.3952,37.79,7549.03,Medium,2146
CUST-000642,Turner-Sharp,SMB,Banking,Active,False,42379.58,30.0,0,100.0,0.0,0.0,0.0,17941140.0,251972.0,1.4044,17.81,7547.33,Low,2147
CUST-001831,Austin-Berger,SMB,Energy,Active,False,24961.51,35.0,2,50.0,0.0,45.93,3.74,8823696.0,111671.0,1.2656,30.03,7496.23,Medium,2148
CUST-000774,Fisher-Washington,SMB,Banking,Active,False,41888.04,30.0,0,100.0,0.0,0.0,0.0,18397190.0,263865.0,1.4343,17.87,7484.78,Low,2149
CUST-001485,Garcia PLC,SMB,Banking,Active,False,58928.22,20.0,0,100.0,0.0,0.0,0.0,18147682.0,245028.0,1.3502,12.7,7484.11,Low,2150
CUST-001641,Hernandez Group,SMB,Energy,Active,False,47428.0,0.0,3,33.33,0.0,20.85,3.1,15824060.0,192528.0,1.2167,15.77,7477.83,Low,2151
CUST-001604,Baker-Ross,SMB,Retail,Active,False,33600.8,0.0,1,0.0,0.0,30.76,1.75,10767610.0,120848.0,1.1223,22.24,7474.38,Low,2152
CUST-002458,Sanchez Ltd,SMB,Education,Active,False,61179.44,20.0,0,100.0,0.0,0.0,0.0,18421746.0,198240.0,1.0761,12.15,7434.67,Low,2153
CUST-000662,"Robinson, Jones and Henderson",SMB,Healthcare,Active,False,39519.03,5.0,3,33.33,0.0,32.96,2.86,10395308.0,154168.0,1.4831,18.8,7429.36,Low,2154
CUST-000310,Smith-Grimes,SMB,Professional Services,Active,False,18637.88,35.0,1,0.0,0.0,29.37,1.77,4674075.0,54145.0,1.1584,39.82,7421.01,Medium,2155
CUST-001345,Williams and Sons,SMB,Retail,Active,False,19494.02,30.0,1,0.0,0.0,149.48,3.24,9214828.0,140833.0,1.5283,38.06,7418.77,Medium,2156
CUST-001802,Carr PLC,SMB,Insurance,Active,False,49180.02,5.0,1,100.0,100.0,20.84,4.58,11044733.0,141512.0,1.2813,15.06,7407.75,Low,2157
CUST-001897,Fernandez Inc,SMB,Education,Active,False,13430.13,65.0,2,0.0,0.0,29.97,2.37,5696390.0,73409.0,1.2887,55.08,7396.96,High,2158
CUST-002428,Dennis-Butler,SMB,Transportation,Active,False,19523.37,30.0,1,0.0,0.0,7.48,3.22,9426088.0,124250.0,1.3182,37.64,7347.87,Medium,2159
CUST-001754,"Charles, Wiggins and Cook",SMB,Retail,Active,False,20988.27,65.0,0,100.0,0.0,0.0,0.0,8794625.0,110229.0,1.2534,35.01,7347.31,Medium,2160
CUST-001425,"Haynes, Mcbride and Gutierrez",SMB,Manufacturing,Active,False,35687.29,35.0,0,100.0,0.0,0.0,0.0,7023387.0,107709.0,1.5336,20.57,7339.86,Low,2161
CUST-000253,Bailey-Cook,SMB,Media,Active,True,42247.84,30.0,0,100.0,0.0,0.0,0.0,18397113.0,216888.0,1.1789,17.36,7333.32,Low,2162
CUST-001746,Gentry Group,SMB,Healthcare,Active,False,41359.44,30.0,0,100.0,0.0,0.0,0.0,9036006.0,118776.0,1.3145,17.63,7291.23,Low,2163
CUST-001800,Sellers-Zuniga,SMB,Insurance,Active,False,14581.26,35.0,1,0.0,100.0,43.91,1.86,3020892.0,36435.0,1.2061,49.91,7277.83,Medium,2164
CUST-001135,Green-Carter,SMB,Healthcare,Active,False,41225.95,30.0,3,100.0,0.0,24.26,4.54,15553510.0,189567.0,1.2188,17.44,7188.82,Low,2165
CUST-000787,Maldonado PLC,SMB,Retail,Active,False,27182.95,20.0,3,33.33,0.0,78.31,3.72,14793814.0,230090.0,1.5553,26.44,7188.25,Medium,2166
CUST-002010,"Crane, Johnson and Butler",SMB,Education,Active,False,18264.39,35.0,2,0.0,0.0,62.45,2.12,7586782.0,69279.0,0.9132,39.33,7182.71,Medium,2167
CUST-000588,Robles-Swanson,SMB,Healthcare,Active,False,20432.93,65.0,0,100.0,0.0,0.0,0.0,10281922.0,134561.0,1.3087,35.12,7175.52,Medium,2168
CUST-001720,"Daniel, Jimenez and Morton",SMB,Education,Active,False,40586.83,0.0,4,25.0,0.0,39.72,2.65,9383136.0,122885.0,1.3096,17.62,7151.1,Low,2169
CUST-002100,"Harris, Santana and Lopez",SMB,Healthcare,Active,False,20624.23,65.0,0,100.0,0.0,0.0,0.0,5920236.0,62825.0,1.0612,34.62,7140.6,Medium,2170
CUST-002145,Johnson-Thompson,SMB,Healthcare,Active,False,20433.88,65.0,0,100.0,0.0,0.0,0.0,4738930.0,54516.0,1.1504,34.8,7111.15,Medium,2171
CUST-001683,"Huang, Khan and Davis",SMB,Transportation,Active,False,23057.09,30.0,3,66.67,66.67,11.37,4.12,7931812.0,96131.0,1.212,30.76,7091.73,Medium,2172
CUST-001224,"Brandt, Carter and Boyd",SMB,Energy,Active,False,40212.91,30.0,1,100.0,0.0,12.39,4.44,15556513.0,204512.0,1.3146,17.63,7089.25,Low,2173
CUST-001284,"Campbell, Pruitt and Short",SMB,Transportation,Active,False,40138.73,30.0,0,100.0,0.0,0.0,0.0,9231474.0,121135.0,1.3122,17.62,7074.21,Low,2174
CUST-000095,Campbell-Clark,SMB,Manufacturing,Active,False,17795.33,35.0,1,0.0,0.0,33.13,2.7,6035876.0,67074.0,1.1113,39.72,7068.75,Medium,2175
CUST-001438,"Rubio, Charles and Watson",SMB,Insurance,Active,False,16384.62,30.0,2,0.0,50.0,69.5,3.35,4541243.0,61964.0,1.3645,42.73,7000.98,Medium,2176
CUST-001000,Stokes Group,SMB,Manufacturing,Active,False,18482.24,30.0,2,0.0,0.0,17.18,3.39,4923093.0,70007.0,1.422,37.84,6994.42,Medium,2177
CUST-001133,"Davis, Kelly and Garner",SMB,Retail,Active,False,21038.3,35.0,3,33.33,0.0,17.23,3.38,9743923.0,113302.0,1.1628,33.16,6976.07,Medium,2178
CUST-000434,"Miller, Lucas and Williams",SMB,Telecommunications,Active,True,21617.0,20.0,1,0.0,0.0,11.7,3.13,3890243.0,43561.0,1.1198,32.24,6969.21,Medium,2179
CUST-000342,"Winters, Newman and Brown",SMB,Technology,Active,False,30675.51,0.0,2,0.0,0.0,106.57,3.18,9734046.0,131432.0,1.3502,22.7,6963.48,Low,2180
CUST-002043,Rhodes-Rosario,SMB,Retail,Active,False,23211.57,35.0,2,50.0,0.0,25.51,3.97,6732467.0,82670.0,1.2279,29.96,6953.23,Medium,2181
CUST-001049,"Larsen, Hernandez and Ward",SMB,Energy,Active,True,41152.29,30.0,1,100.0,0.0,30.43,4.18,9380700.0,85967.0,0.9164,16.83,6927.1,Low,2182
CUST-000455,"Lamb, Martin and Kim",SMB,Media,Active,False,38846.26,0.0,2,50.0,50.0,13.29,4.1,13264986.0,180691.0,1.3622,17.72,6885.24,Low,2183
CUST-001031,Baker and Sons,SMB,Transportation,Active,False,38963.27,30.0,1,100.0,0.0,66.96,4.98,8416023.0,107807.0,1.281,17.56,6842.71,Low,2184
CUST-000470,Hughes Inc,SMB,Manufacturing,Active,False,38807.71,30.0,0,100.0,0.0,0.0,0.0,10561348.0,135590.0,1.2838,17.57,6817.61,Low,2185
CUST-000593,"Allen, Armstrong and Graves",SMB,Insurance,Active,False,18105.81,30.0,2,0.0,0.0,69.13,2.85,3762899.0,45507.0,1.2094,37.42,6774.96,Medium,2186
CUST-000607,Stewart-Bailey,SMB,Banking,Active,True,29134.68,0.0,2,0.0,0.0,100.24,3.01,5907468.0,94661.0,1.6024,23.2,6760.64,Low,2187
CUST-001533,Smith-Bauer,SMB,Transportation,Active,False,39276.49,30.0,1,100.0,0.0,5.57,4.96,8989183.0,95991.0,1.0679,17.14,6730.3,Low,2188
CUST-000694,Faulkner-Grant,SMB,Banking,Active,False,33777.73,35.0,0,100.0,0.0,0.0,0.0,10800888.0,127463.0,1.1801,19.86,6708.34,Low,2189
CUST-001851,Young-Alexander,SMB,Energy,Active,False,27664.75,30.0,3,66.67,0.0,63.88,3.88,12554381.0,156324.0,1.2452,24.16,6682.98,Low,2190
CUST-001004,Gallagher and Sons,SMB,Professional Services,Active,False,38717.16,30.0,1,100.0,0.0,5.31,4.69,19226816.0,216510.0,1.1261,17.25,6679.55,Low,2191
CUST-001159,Martin Group,SMB,Insurance,Active,False,36866.41,0.0,2,50.0,50.0,29.84,3.99,11156404.0,163107.0,1.462,17.92,6607.94,Low,2192
CUST-000834,Burns and Sons,SMB,Education,Active,False,52438.02,20.0,1,100.0,0.0,21.57,4.2,16258165.0,208558.0,1.2828,12.57,6589.14,Low,2193
CUST-000441,"Marks, Cook and Aguilar",SMB,Insurance,Active,False,17401.9,30.0,1,0.0,0.0,10.95,3.74,2944872.0,41643.0,1.4141,37.83,6582.82,Medium,2194
CUST-001453,Krause Ltd,SMB,Telecommunications,Active,False,18773.66,65.0,0,100.0,0.0,0.0,0.0,3627659.0,44317.0,1.2216,34.94,6560.13,Medium,2195
CUST-002083,Pope PLC,SMB,Media,Active,False,13788.34,30.0,1,0.0,100.0,146.98,2.52,4440793.0,54789.0,1.2338,47.47,6544.98,Medium,2196
CUST-000129,"Mccall, Hanson and Alvarado",SMB,Education,Active,True,32579.18,35.0,0,100.0,0.0,0.0,0.0,8852389.0,111986.0,1.265,20.03,6525.63,Low,2197
CUST-001920,Hoover-Davis,SMB,Telecommunications,Active,False,32293.21,35.0,0,100.0,0.0,0.0,0.0,8658748.0,110103.0,1.2716,20.04,6472.58,Low,2198
CUST-000100,Walsh LLC,SMB,Banking,Active,True,31756.55,35.0,1,100.0,0.0,22.37,4.32,12008514.0,168882.0,1.4064,20.31,6450.61,Low,2199
CUST-001839,Lamb-Weber,SMB,Technology,Active,False,40519.94,0.0,3,33.33,0.0,53.83,2.95,10360021.0,129017.0,1.2453,15.82,6411.88,Low,2200
CUST-000691,White-Medina,SMB,Insurance,Active,False,12646.78,55.0,3,0.0,0.0,35.01,2.61,4889003.0,77595.0,1.5871,50.67,6408.66,High,2201
CUST-002062,Baker Ltd,SMB,Professional Services,Active,False,36449.68,30.0,0,100.0,0.0,0.0,0.0,9726143.0,116620.0,1.199,17.4,6341.54,Low,2202
CUST-001842,Anderson-Campbell,SMB,Education,Active,False,31823.48,35.0,1,100.0,0.0,23.61,4.8,11441556.0,137725.0,1.2037,19.91,6335.24,Low,2203
CUST-001439,Vasquez-Galloway,SMB,Education,Active,False,36009.88,30.0,0,100.0,0.0,0.0,0.0,8495900.0,108759.0,1.2801,17.56,6323.43,Low,2204
CUST-001688,"Salazar, Moore and Pierce",SMB,Media,Active,False,36159.52,0.0,2,50.0,50.0,4.94,2.94,16267657.0,200172.0,1.2305,17.46,6313.81,Low,2205
CUST-001621,Cole-Johnson,SMB,Media,Active,False,16846.58,70.0,0,100.0,0.0,0.0,0.0,9090522.0,107527.0,1.1828,37.37,6294.84,Medium,2206
CUST-002371,Rhodes-Thompson,SMB,Manufacturing,Active,False,17955.89,65.0,0,100.0,0.0,0.0,0.0,11878783.0,141267.0,1.1892,34.88,6262.74,Medium,2207
CUST-001991,Fitzgerald-Brown,SMB,Technology,Active,False,28300.0,0.0,4,0.0,0.0,46.75,2.73,7630959.0,81004.0,1.0615,22.12,6260.82,Low,2208
CUST-001798,Maldonado LLC,SMB,Insurance,Active,False,16747.3,30.0,1,0.0,0.0,43.75,2.11,8733228.0,98168.0,1.1241,37.25,6238.06,Medium,2209
CUST-001003,Adams Ltd,SMB,Insurance,Active,False,12344.97,35.0,1,0.0,100.0,39.88,1.55,3571120.0,49182.0,1.3772,50.25,6203.89,High,2210
CUST-001122,Trujillo PLC,SMB,Insurance,Active,False,22344.4,30.0,2,50.0,0.0,49.53,3.16,4937058.0,65527.0,1.3272,27.65,6179.23,Medium,2211
CUST-001686,Wilson Group,SMB,Energy,Active,False,35486.14,30.0,0,100.0,0.0,0.0,0.0,8681449.0,91539.0,1.0544,17.11,6071.27,Low,2212
CUST-001654,"Peck, Shannon and Mahoney",SMB,Media,Active,True,25053.61,30.0,3,66.67,0.0,9.96,3.97,4058859.0,49532.0,1.2203,24.11,6039.76,Low,2213
CUST-000463,"Taylor, Wright and Davidson",SMB,Telecommunications,Active,False,34181.87,30.0,2,100.0,0.0,29.35,4.23,20281114.0,261660.0,1.2902,17.58,6009.29,Low,2214
CUST-000217,Perez-White,SMB,Telecommunications,Active,False,33885.7,30.0,0,100.0,0.0,0.0,0.0,16886821.0,229180.0,1.3572,17.71,6002.62,Low,2215
CUST-001119,Rogers LLC,SMB,Energy,Active,False,33901.87,30.0,0,100.0,0.0,0.0,0.0,10306198.0,131040.0,1.2715,17.54,5947.38,Low,2216
CUST-000361,Henry Group,SMB,Technology,Active,False,15652.27,30.0,1,0.0,0.0,73.28,3.0,4406794.0,64631.0,1.4666,37.93,5937.41,Medium,2217
CUST-001657,"Adams, Bradley and Hall",SMB,Telecommunications,Active,False,33157.23,30.0,1,100.0,0.0,23.13,4.1,14365141.0,206136.0,1.435,17.87,5925.18,Low,2218
CUST-001861,Blanchard-Reynolds,SMB,Telecommunications,Active,False,16245.47,20.0,3,0.0,33.33,106.15,2.35,4998847.0,77854.0,1.5574,36.45,5921.18,Medium,2219
CUST-000032,Carlson-Cruz,SMB,Banking,Active,False,19632.53,55.0,1,100.0,0.0,59.38,4.63,4212075.0,54005.0,1.2821,30.06,5902.38,Medium,2220
CUST-000809,Mueller-Boyd,SMB,Energy,Active,False,15587.83,30.0,2,0.0,0.0,83.25,2.16,8124354.0,105301.0,1.2961,37.59,5859.81,Medium,2221
CUST-001492,Dunn-Taylor,SMB,Insurance,Active,False,32703.23,30.0,0,100.0,0.0,0.0,0.0,12812100.0,185045.0,1.4443,17.89,5850.15,Low,2222
CUST-001948,"Trujillo, Chang and Williams",SMB,Education,Active,True,11743.64,35.0,1,0.0,100.0,14.64,3.34,5867505.0,67179.0,1.1449,49.79,5847.14,Medium,2223
CUST-001885,Jones-Krause,SMB,Banking,Active,False,33451.9,30.0,0,100.0,0.0,0.0,0.0,8191211.0,100814.0,1.2308,17.46,5841.21,Low,2224
CUST-002312,Alvarez-Hart,SMB,Banking,Active,True,28603.17,35.0,0,100.0,0.0,0.0,0.0,11296047.0,164325.0,1.4547,20.41,5837.74,Low,2225
CUST-000756,Bowers-Hayes,SMB,Retail,Active,False,32755.06,30.0,0,100.0,0.0,0.0,0.0,8029784.0,112595.0,1.4022,17.8,5831.85,Low,2226
CUST-000429,Gilbert PLC,SMB,Media,Active,False,16445.17,65.0,1,100.0,0.0,5.27,4.83,4054379.0,59115.0,1.4581,35.42,5824.24,Medium,2227
CUST-000545,"Jacobson, Singleton and King",SMB,Transportation,Active,False,13590.87,20.0,1,0.0,100.0,140.04,3.07,4762086.0,66360.0,1.3935,42.79,5815.13,Medium,2228
CUST-001144,Welch-Thompson,SMB,Transportation,Active,False,25974.85,30.0,2,100.0,50.0,3.5,4.72,10260684.0,112847.0,1.0998,22.2,5766.31,Low,2229
CUST-001898,Finley-Meyers,SMB,Energy,Active,False,14917.15,30.0,2,0.0,0.0,75.84,2.78,4382511.0,78022.0,1.7803,38.56,5752.14,Medium,2230
CUST-000125,Scott Ltd,SMB,Retail,Active,False,18755.59,55.0,0,100.0,0.0,0.0,0.0,7936761.0,124397.0,1.5674,30.63,5745.72,Medium,2231
CUST-000148,"Holmes, Williams and Wright",SMB,Professional Services,Active,False,32196.99,30.0,0,100.0,0.0,0.0,0.0,11999659.0,168350.0,1.403,17.81,5732.97,Low,2232
CUST-000544,Donovan-Perez,SMB,Transportation,Active,False,25087.93,30.0,2,100.0,50.0,35.9,4.29,16445933.0,233023.0,1.4169,22.83,5728.53,Low,2233
CUST-001249,Rich-Henderson,SMB,Technology,Active,False,45924.26,20.0,0,100.0,0.0,0.0,0.0,21092785.0,259679.0,1.2311,12.46,5723.2,Low,2234
CUST-000916,"Herrera, Jensen and Ramirez",SMB,Retail,Active,False,45001.24,20.0,0,100.0,0.0,0.0,0.0,13334503.0,179151.0,1.3435,12.69,5709.32,Low,2235
CUST-001516,Hall and Sons,SMB,Healthcare,Active,False,20121.31,30.0,2,50.0,0.0,33.05,3.69,4511969.0,73794.0,1.6355,28.27,5688.5,Medium,2236
CUST-000237,Warner-Gibson,SMB,Telecommunications,Active,False,32679.27,30.0,1,100.0,0.0,20.62,4.47,8964298.0,102830.0,1.1471,17.29,5651.62,Low,2237
CUST-002426,Wiggins-Silva,SMB,Energy,Active,False,13456.69,30.0,2,0.0,50.0,34.41,2.5,4312791.0,40005.0,0.9276,41.86,5632.32,Medium,2238
CUST-001542,Quinn-Smith,SMB,Insurance,Active,True,31521.8,30.0,1,100.0,0.0,58.37,4.95,5174729.0,71421.0,1.3802,17.76,5598.39,Low,2239
CUST-001881,"Carrillo, Morris and Martin",SMB,Technology,Active,True,31987.75,30.0,0,100.0,0.0,0.0,0.0,14646961.0,177485.0,1.2118,17.42,5573.39,Low,2240
CUST-001397,Owen-Mendez,SMB,Professional Services,Active,False,13909.8,35.0,1,0.0,0.0,36.44,2.0,3897754.0,48286.0,1.2388,39.98,5560.81,Medium,2241
CUST-001883,Price-Ferrell,SMB,Technology,Active,False,37131.35,0.0,5,40.0,0.0,58.42,3.72,8751589.0,125874.0,1.4383,14.88,5523.88,Low,2242
CUST-000037,Smith-Bowen,SMB,Insurance,Active,True,14820.78,30.0,1,0.0,0.0,43.18,2.59,9887031.0,103103.0,1.0428,37.09,5496.38,Medium,2243
CUST-001126,"Erickson, Armstrong and Lee",SMB,Insurance,Active,False,15428.45,65.0,1,100.0,0.0,20.51,4.75,9376815.0,141694.0,1.5111,35.52,5480.53,Medium,2244
CUST-001788,"Caldwell, Stevenson and Joseph",SMB,Banking,Active,False,30852.76,30.0,0,100.0,0.0,0.0,0.0,16080232.0,222166.0,1.3816,17.76,5480.44,Low,2245
CUST-000354,"Morris, Thompson and Williams",SMB,Media,Active,False,33398.99,0.0,3,33.33,0.0,68.5,3.11,8118957.0,124551.0,1.5341,16.4,5477.93,Low,2246
CUST-001494,"Fields, Elliott and Mills",SMB,Insurance,Active,True,12829.99,30.0,2,0.0,50.0,75.29,2.68,5289109.0,71015.0,1.3427,42.69,5476.52,Medium,2247
CUST-000521,Johnson and Sons,SMB,Telecommunications,Active,False,43303.96,20.0,0,100.0,0.0,0.0,0.0,13391147.0,176260.0,1.3162,12.63,5470.37,Low,2248
CUST-000798,"Ortega, Jackson and Salazar",SMB,Manufacturing,Active,True,19893.93,30.0,2,50.0,0.0,13.92,4.06,5813654.0,72331.0,1.2442,27.49,5468.51,Medium,2249
CUST-001652,Acosta LLC,SMB,Banking,Active,False,43168.0,0.0,2,50.0,0.0,54.83,3.48,10706227.0,140070.0,1.3083,12.62,5446.34,Low,2250
CUST-000541,"Matthews, Saunders and Anderson",SMB,Professional Services,Active,False,15582.5,30.0,4,25.0,25.0,65.51,2.82,5220117.0,59626.0,1.1422,34.78,5420.29,Medium,2251
CUST-001124,"Johnson, Jimenez and Phillips",SMB,Manufacturing,Active,True,26528.82,35.0,0,100.0,0.0,0.0,0.0,4838190.0,69496.0,1.4364,20.37,5404.67,Low,2252
CUST-001579,"Gardner, Brooks and Pierce",SMB,Banking,Active,True,30004.64,30.0,0,100.0,0.0,0.0,0.0,9207723.0,137907.0,1.4977,18.0,5399.47,Low,2253
CUST-000118,Rasmussen LLC,SMB,Insurance,Active,False,30638.87,30.0,1,100.0,0.0,57.18,4.01,11623892.0,140273.0,1.2068,17.41,5335.31,Low,2254
CUST-002334,Smith Ltd,SMB,Banking,Active,False,31167.7,30.0,0,100.0,0.0,0.0,0.0,9051728.0,95592.0,1.0561,17.11,5333.46,Low,2255
CUST-001263,Greer-Pruitt,SMB,Education,Active,False,23960.81,0.0,2,0.0,0.0,55.33,2.26,5546548.0,55335.0,0.9976,22.0,5270.25,Low,2256
CUST-002168,"Morgan, Mendez and Cox",SMB,Retail,Active,False,25910.48,30.0,4,100.0,25.0,36.58,4.51,7538601.0,99169.0,1.3155,20.13,5216.03,Low,2257
CUST-000554,Ballard Ltd,SMB,Insurance,Active,False,22287.74,0.0,2,0.0,0.0,54.73,2.71,5991307.0,93779.0,1.5653,23.13,5155.27,Low,2258
CUST-002018,Mccormick and Sons,SMB,Retail,Active,False,15875.07,30.0,4,25.0,0.0,46.66,3.03,9225363.0,113575.0,1.2311,32.46,5153.4,Medium,2259
CUST-000566,"Edwards, Hines and Jimenez",SMB,Professional Services,Active,False,22912.81,20.0,2,50.0,0.0,22.79,3.62,9611175.0,117299.0,1.2204,22.44,5141.84,Low,2260
CUST-001808,"Long, Flores and Reyes",SMB,Manufacturing,Active,False,22300.07,0.0,1,0.0,0.0,8.2,2.15,5178530.0,71575.0,1.3821,22.76,5076.45,Low,2261
CUST-000124,"Joyce, Wilson and Lam",SMB,Education,Active,False,40875.61,20.0,0,100.0,0.0,0.0,0.0,8609090.0,100142.0,1.1632,12.33,5038.5,Low,2262
CUST-001230,"Monroe, Chapman and Barton",SMB,Education,Active,False,11723.22,30.0,2,0.0,50.0,35.93,3.33,4395062.0,63868.0,1.4532,42.91,5030.01,Medium,2263
CUST-001349,Davenport-Baker,SMB,Media,Active,False,22923.44,20.0,2,50.0,0.0,15.47,2.9,7545748.0,72205.0,0.9569,21.91,5023.4,Low,2264
CUST-000906,"Brown, Hurst and Blevins",SMB,Transportation,Active,False,39467.48,20.0,0,100.0,0.0,0.0,0.0,14637966.0,196021.0,1.3391,12.68,5003.79,Low,2265
CUST-001512,Flores and Sons,SMB,Professional Services,Active,False,13907.57,65.0,0,100.0,0.0,0.0,0.0,5269845.0,87220.0,1.6551,35.81,4980.32,Medium,2266
CUST-000481,Brown-Copeland,SMB,Banking,Active,False,17856.71,30.0,2,50.0,0.0,104.43,3.17,4469584.0,61775.0,1.3821,27.76,4957.78,Medium,2267
CUST-002040,Brown-Davidson,SMB,Professional Services,Active,False,15887.25,30.0,3,33.33,0.0,66.29,3.64,4798367.0,68712.0,1.432,31.2,4956.39,Medium,2268
CUST-002457,"Mayer, White and Smith",SMB,Transportation,Active,False,18283.74,30.0,3,66.67,33.33,25.37,3.62,4463438.0,46935.0,1.0515,27.1,4955.46,Medium,2269
CUST-002217,Underwood-Smith,SMB,Insurance,Active,False,17903.09,30.0,2,50.0,0.0,40.27,3.02,4325216.0,55300.0,1.2785,27.56,4933.57,Medium,2270
CUST-000669,Miller-Brandt,SMB,Manufacturing,Active,False,37884.04,20.0,0,100.0,0.0,0.0,0.0,13740888.0,206346.0,1.5017,13.0,4926.21,Low,2271
CUST-001390,"Henderson, Diaz and Hill",SMB,Transportation,Active,False,27851.91,30.0,0,100.0,0.0,0.0,0.0,9290085.0,117019.0,1.2596,17.52,4879.44,Low,2272
CUST-002069,"Quinn, Smith and Green",SMB,Media,Active,False,27133.1,30.0,1,100.0,0.0,32.5,4.16,13791645.0,198856.0,1.4419,17.88,4852.41,Low,2273
CUST-001008,"Johnson, Haynes and Meza",SMB,Telecommunications,Active,False,27550.77,30.0,0,100.0,0.0,0.0,0.0,14660254.0,190463.0,1.2992,17.6,4848.48,Low,2274
CUST-000458,Young-Allen,SMB,Professional Services,Active,False,14523.9,30.0,2,50.0,50.0,28.15,4.05,5501083.0,79849.0,1.4515,32.9,4778.8,Medium,2275
CUST-001383,Kent Inc,SMB,Retail,Active,False,26974.21,30.0,0,100.0,0.0,0.0,0.0,9955267.0,134085.0,1.3469,17.69,4772.75,Low,2276
CUST-001273,"Turner, Tyler and Pierce",SMB,Energy,Active,False,12689.72,20.0,2,0.0,50.0,35.79,2.32,2515541.0,30499.0,1.2124,37.42,4749.11,Medium,2277
CUST-001363,"Thomas, Jackson and Nielsen",SMB,Media,Active,False,20883.35,0.0,1,0.0,0.0,33.24,1.95,8663963.0,106218.0,1.226,22.45,4688.72,Low,2278
CUST-002184,"Patel, Mendez and Hammond",SMB,Insurance,Active,False,18768.72,5.0,2,0.0,0.0,58.21,3.07,8594761.0,106449.0,1.2385,24.98,4687.88,Low,2279
CUST-000297,Howard-Jordan,SMB,Education,Active,False,26446.32,30.0,0,100.0,0.0,0.0,0.0,15493338.0,209496.0,1.3522,17.7,4682.15,Low,2280
CUST-001907,Moss-Taylor,SMB,Insurance,Active,False,23254.68,35.0,0,100.0,0.0,0.0,0.0,8727278.0,113106.0,1.296,20.09,4672.33,Low,2281
CUST-001430,Shannon LLC,SMB,Healthcare,Active,False,13632.83,30.0,3,33.33,33.33,53.45,3.62,4654916.0,54607.0,1.1731,34.01,4636.92,Medium,2282
CUST-000655,Murphy PLC,SMB,Healthcare,Active,False,16634.3,30.0,1,100.0,100.0,11.33,4.59,4690847.0,66255.0,1.4124,27.82,4628.47,Medium,2283
CUST-000719,White-Preston,SMB,Telecommunications,Active,False,37768.71,20.0,0,100.0,0.0,0.0,0.0,11981249.0,134260.0,1.1206,12.24,4623.33,Low,2284
CUST-001047,"Fernandez, Guerrero and Evans",SMB,Healthcare,Active,True,20117.73,0.0,1,0.0,0.0,96.56,3.24,4577531.0,65639.0,1.4339,22.87,4600.5,Low,2285
CUST-001070,Henderson Ltd,SMB,Media,Active,False,16999.6,30.0,4,50.0,0.0,57.63,3.41,4934062.0,48146.0,0.9758,26.95,4581.66,Medium,2286
CUST-000150,"Schmidt, Hansen and Stewart",SMB,Insurance,Active,True,19048.83,30.0,3,66.67,0.0,52.06,3.56,3404212.0,40187.0,1.1805,24.03,4576.99,Low,2287
CUST-001244,"Reed, Chambers and Zavala",SMB,Manufacturing,Active,False,22396.95,35.0,0,100.0,0.0,0.0,0.0,7981043.0,109907.0,1.3771,20.25,4536.32,Low,2288
CUST-002202,Powers-Blackwell,SMB,Manufacturing,Active,True,12243.96,30.0,2,0.0,0.0,73.52,3.08,4088147.0,37975.0,0.9289,36.86,4512.86,Medium,2289
CUST-002211,Booker Group,SMB,Insurance,Active,False,14389.02,30.0,3,33.33,0.0,28.44,3.23,4828754.0,66003.0,1.3669,31.07,4470.25,Medium,2290
CUST-002411,"Henderson, Wagner and Dennis",SMB,Education,Active,False,35113.3,0.0,3,66.67,33.33,30.21,4.03,8958488.0,120162.0,1.3413,12.68,4453.29,Low,2291
CUST-000086,Smith PLC,SMB,Manufacturing,Active,False,19913.24,0.0,3,0.0,0.0,75.41,2.27,8190238.0,94976.0,1.1596,22.32,4444.49,Low,2292
CUST-000567,"Owens, Koch and Jimenez",SMB,Retail,Active,False,35353.06,20.0,2,100.0,0.0,12.34,4.27,6887580.0,85939.0,1.2477,12.5,4417.53,Low,2293
CUST-001582,Larson-Holmes,SMB,Telecommunications,Active,False,14322.32,30.0,3,33.33,0.0,9.88,3.42,4112920.0,46214.0,1.1236,30.58,4379.85,Medium,2294
CUST-002061,"Singh, Walker and Moody",SMB,Education,Active,True,19526.4,0.0,1,0.0,0.0,111.73,3.76,10271086.0,122661.0,1.1942,22.39,4371.66,Low,2295
CUST-002432,Kennedy-Francis,SMB,Healthcare,Active,False,14393.11,55.0,0,100.0,0.0,0.0,0.0,4135936.0,56245.0,1.3599,30.22,4349.57,Medium,2296
CUST-000002,Doyle Ltd,SMB,Healthcare,Active,True,25279.5,30.0,0,100.0,0.0,0.0,0.0,9748984.0,106428.0,1.0917,17.18,4343.87,Low,2297
CUST-001901,Chen Ltd,SMB,Manufacturing,Active,True,11482.62,30.0,1,0.0,0.0,40.13,2.3,4919194.0,57190.0,1.1626,37.33,4285.91,Medium,2298
CUST-001101,"Sanders, Leblanc and Maldonado",SMB,Technology,Active,False,18589.85,0.0,1,0.0,0.0,12.31,3.33,7872298.0,116151.0,1.4754,22.95,4266.53,Low,2299
CUST-000133,"Bentley, Byrd and Orr",SMB,Education,Active,False,11767.89,35.0,3,33.33,33.33,64.95,2.84,3667699.0,37072.0,1.0108,36.19,4258.59,Medium,2300
CUST-002468,Reeves LLC,SMB,Education,Active,False,10609.27,35.0,1,0.0,0.0,10.27,2.76,4642568.0,58660.0,1.2635,40.03,4246.58,Medium,2301
CUST-001747,"Johnson, Webb and Porter",SMB,Manufacturing,Active,False,19068.56,0.0,1,0.0,0.0,24.03,3.8,4546164.0,48790.0,1.0732,22.15,4223.0,Low,2302
CUST-000229,Rowe Group,SMB,Transportation,Active,False,15139.92,30.0,2,50.0,0.0,60.38,3.79,9047941.0,123508.0,1.365,27.73,4198.31,Medium,2303
CUST-000973,Green-Ewing,SMB,Banking,Active,True,15035.97,30.0,2,50.0,0.0,29.64,3.07,5820493.0,82747.0,1.4216,27.84,4186.51,Medium,2304
CUST-000073,Henderson-Bernard,SMB,Healthcare,Active,False,12904.2,20.0,1,0.0,0.0,10.85,3.78,9860627.0,118244.0,1.1992,32.4,4180.74,Medium,2305
CUST-001394,"Sanders, Taylor and Shields",SMB,Telecommunications,Active,False,32372.6,0.0,2,50.0,0.0,73.43,4.33,11344599.0,162785.0,1.4349,12.87,4166.3,Low,2306
CUST-001756,"Edwards, Lane and Collins",SMB,Education,Active,False,15084.37,0.0,2,0.0,50.0,115.69,3.58,6655138.0,85050.0,1.278,27.56,4156.64,Medium,2307
CUST-000530,"Mckinney, Graves and Thompson",SMB,Banking,Active,False,22662.96,30.0,0,100.0,0.0,0.0,0.0,5340258.0,87059.0,1.6302,18.26,4138.37,Low,2308
CUST-001503,"Brooks, Jenkins and Castro",SMB,Manufacturing,Active,False,33327.75,20.0,0,100.0,0.0,0.0,0.0,17655050.0,212226.0,1.2021,12.4,4134.02,Low,2309
CUST-002239,Green Ltd,SMB,Insurance,Active,False,23549.46,30.0,1,100.0,0.0,64.89,4.74,9506112.0,121121.0,1.2741,17.55,4132.52,Low,2310
CUST-000950,Hall LLC,SMB,Insurance,Active,False,22568.05,0.0,2,50.0,50.0,34.38,3.39,10272269.0,164010.0,1.5966,18.19,4105.86,Low,2311
CUST-000038,"Baker, Mason and White",SMB,Banking,Active,False,17804.68,0.0,2,0.0,0.0,25.7,2.38,3897579.0,56371.0,1.4463,22.89,4075.96,Low,2312
CUST-002091,"Olsen, Walker and Vincent",SMB,Transportation,Active,False,18150.01,0.0,1,0.0,0.0,92.34,1.89,4266458.0,50036.0,1.1728,22.35,4055.72,Low,2313
CUST-000527,Osborn-Cochran,SMB,Media,Active,False,14878.29,30.0,2,50.0,0.0,61.49,4.17,4982782.0,52724.0,1.0581,27.12,4034.43,Medium,2314
CUST-001739,"Ferguson, Martin and Obrien",SMB,Media,Active,False,10807.1,30.0,2,0.0,0.0,39.65,2.27,4462661.0,50603.0,1.1339,37.27,4027.57,Medium,2315
CUST-001341,Knight PLC,SMB,Professional Services,Active,True,23015.43,0.0,2,50.0,50.0,14.09,4.1,7784609.0,97153.0,1.248,17.5,4026.79,Low,2316
CUST-001841,York LLC,SMB,Professional Services,Active,False,17862.43,0.0,1,0.0,0.0,5.41,3.42,3563280.0,43386.0,1.2176,22.44,4007.47,Low,2317
CUST-002395,Hamilton Group,SMB,Energy,Active,False,22947.59,30.0,0,100.0,0.0,0.0,0.0,10988768.0,133665.0,1.2164,17.43,4000.4,Low,2318
CUST-000815,Hall-Sullivan,Mid-Market,Telecommunications,Active,False,146532.44,0.0,4,100.0,0.0,39.5,4.27,34873608.0,474432.0,1.3604,2.72,3986.95,Low,2319
CUST-000335,Price LLC,SMB,Telecommunications,Active,False,17884.09,0.0,1,0.0,0.0,12.12,3.43,5320546.0,60620.0,1.1394,22.28,3984.35,Low,2320
CUST-000180,Howell and Sons,SMB,Manufacturing,Active,False,22373.5,30.0,0,100.0,0.0,0.0,0.0,9738554.0,134687.0,1.383,17.77,3974.89,Low,2321
CUST-001213,West-Wilson,SMB,Banking,Active,False,9935.3,35.0,1,0.0,0.0,77.7,3.23,4845001.0,58450.0,1.2064,39.91,3965.46,Medium,2322
CUST-000263,Martinez-Dudley,SMB,Manufacturing,Active,False,11486.85,20.0,2,50.0,100.0,82.29,3.59,3129924.0,58695.0,1.8753,33.75,3876.88,Medium,2323
CUST-000966,Owens-Russell,SMB,Technology,Active,False,42979.04,0.0,3,66.67,0.0,87.61,4.33,11946347.0,140504.0,1.1761,9.02,3876.24,Low,2324
CUST-001837,Soto PLC,SMB,Healthcare,Active,False,10361.31,30.0,1,0.0,0.0,24.87,1.9,4903710.0,58849.0,1.2001,37.4,3875.15,Medium,2325
CUST-001938,"White, Porter and Clements",SMB,Banking,Active,False,21939.47,30.0,1,100.0,0.0,56.82,4.78,4629205.0,55069.0,1.1896,17.38,3812.9,Low,2326
CUST-002303,"Crane, James and Ross",SMB,Transportation,Active,False,29463.39,20.0,0,100.0,0.0,0.0,0.0,6993217.0,94024.0,1.3445,12.69,3738.61,Low,2327
CUST-001924,"Gregory, Nguyen and Daugherty",SMB,Insurance,Active,False,18364.78,35.0,0,100.0,0.0,0.0,0.0,9466485.0,134127.0,1.4169,20.33,3734.24,Low,2328
CUST-000065,Baxter Inc,SMB,Media,Active,False,13212.64,30.0,1,100.0,100.0,38.05,4.16,5235671.0,80703.0,1.5414,28.08,3710.48,Medium,2329
CUST-002193,Sanchez LLC,SMB,Manufacturing,Active,True,21485.88,30.0,2,100.0,0.0,44.44,4.5,5647348.0,62797.0,1.112,17.22,3700.72,Low,2330
CUST-000383,"Austin, Day and Johnson",SMB,Education,Active,False,20377.79,0.0,2,50.0,50.0,38.42,3.1,5020652.0,71960.0,1.4333,17.87,3640.81,Low,2331
CUST-001020,"Stewart, Mann and Hoffman",SMB,Technology,Active,False,27655.44,20.0,0,100.0,0.0,0.0,0.0,8291934.0,128730.0,1.5525,13.1,3624.23,Low,2332
CUST-002199,Casey-Brown,SMB,Professional Services,Active,False,16301.09,0.0,1,0.0,0.0,36.35,3.53,4096547.0,38542.0,0.9408,21.88,3566.95,Low,2333
CUST-002477,"Garcia, Hines and Pearson",SMB,Professional Services,Active,False,20198.43,30.0,1,100.0,0.0,62.94,4.18,9905294.0,119931.0,1.2108,17.42,3518.88,Low,2334
CUST-001619,"Mcintosh, Melton and Wilkins",Mid-Market,Retail,Active,True,118427.79,0.0,3,100.0,0.0,28.97,4.6,41980673.0,616294.0,1.468,2.94,3477.14,Low,2335
CUST-001496,Ballard Group,SMB,Technology,Active,False,11530.17,35.0,2,50.0,0.0,4.44,3.21,2846277.0,36316.0,1.2759,30.05,3465.03,Medium,2336
CUST-002284,"Washington, Vasquez and Singleton",SMB,Retail,Active,False,19998.9,30.0,0,100.0,0.0,0.0,0.0,5295591.0,59633.0,1.1261,17.25,3450.25,Low,2337
CUST-002160,Melton Inc,SMB,Telecommunications,Active,False,12116.02,30.0,4,50.0,0.0,56.2,3.63,5288703.0,82964.0,1.5687,28.14,3409.13,Medium,2338
CUST-001286,Williams-Villanueva,SMB,Professional Services,Active,False,15201.23,20.0,2,50.0,0.0,38.29,3.86,4121397.0,49784.0,1.2079,22.42,3407.49,Low,2339
CUST-002223,Smith-Yu,SMB,Energy,Active,False,19213.43,30.0,1,100.0,0.0,19.12,4.58,4393690.0,58009.0,1.3203,17.64,3389.36,Low,2340
CUST-001952,Watkins-Nguyen,SMB,Insurance,Active,False,14852.88,0.0,1,0.0,0.0,9.01,3.48,6871480.0,84924.0,1.2359,22.47,3337.71,Low,2341
CUST-001955,Garcia Ltd,SMB,Technology,Active,False,25983.68,0.0,2,50.0,0.0,50.44,4.36,12759152.0,179284.0,1.4051,12.81,3328.58,Low,2342
CUST-000479,Young-Martinez,SMB,Insurance,Active,False,19134.78,30.0,1,100.0,0.0,3.99,4.95,5910443.0,64813.0,1.0966,17.19,3289.88,Low,2343
CUST-000450,Jones Inc,SMB,Retail,Active,False,8696.34,30.0,3,0.0,0.0,47.74,2.74,4504290.0,61824.0,1.3726,37.75,3282.44,Medium,2344
CUST-002276,Black-Graham,SMB,Education,Active,False,28013.84,5.0,3,66.67,0.0,32.18,3.52,7111986.0,90475.0,1.2721,11.71,3280.69,Low,2345
CUST-002186,Boyd LLC,SMB,Technology,Active,False,18263.55,30.0,0,100.0,0.0,0.0,0.0,3900456.0,57561.0,1.4758,17.95,3278.58,Low,2346
CUST-000372,Davis Inc,SMB,Healthcare,Active,False,18280.33,30.0,0,100.0,0.0,0.0,0.0,4918438.0,71148.0,1.4466,17.89,3270.92,Low,2347
CUST-000241,Jones and Sons,SMB,Healthcare,Active,False,11126.72,35.0,2,50.0,0.0,21.85,3.12,6683054.0,59878.0,0.896,29.29,3259.23,Medium,2348
CUST-002320,"Leach, Skinner and Mills",SMB,Banking,Active,False,26581.13,20.0,0,100.0,0.0,0.0,0.0,9216368.0,91196.0,0.9895,11.98,3184.15,Low,2349
CUST-002271,Anderson-Stewart,SMB,Healthcare,Active,False,24040.4,20.0,0,100.0,0.0,0.0,0.0,15292452.0,247716.0,1.6199,13.24,3182.88,Low,2350
CUST-002319,Evans-Joyce,SMB,Banking,Active,True,24218.76,20.0,0,100.0,0.0,0.0,0.0,7156499.0,109067.0,1.524,13.05,3160.08,Low,2351
CUST-002225,Evans and Sons,SMB,Professional Services,Active,False,14113.32,30.0,2,100.0,50.0,21.11,4.74,3284204.0,37639.0,1.1461,22.29,3146.16,Low,2352
CUST-001342,"Brennan, Thomas and Dennis",SMB,Telecommunications,Active,False,13373.77,0.0,3,0.0,0.0,36.7,2.52,7170065.0,106050.0,1.4791,22.96,3070.37,Low,2353
CUST-001134,Fisher-Eaton,SMB,Transportation,Active,False,17233.06,30.0,1,100.0,0.0,10.95,4.28,9474087.0,131845.0,1.3916,17.78,3064.6,Low,2354
CUST-001338,Sanders PLC,SMB,Insurance,Active,False,16881.28,30.0,2,100.0,0.0,27.81,4.24,5317046.0,78463.0,1.4757,17.95,3030.42,Low,2355
CUST-002489,Rivas Ltd,SMB,Media,Active,False,11042.53,30.0,1,100.0,100.0,14.64,4.72,3587752.0,40929.0,1.1408,27.28,3012.58,Medium,2356
CUST-000687,"Fry, Hobbs and Buck",SMB,Media,Active,False,13107.19,0.0,1,0.0,0.0,5.07,2.05,5275459.0,76839.0,1.4565,22.91,3003.26,Low,2357
CUST-000269,Hicks-Hill,SMB,Media,Active,False,9315.44,20.0,1,0.0,0.0,36.29,3.68,3752434.0,39641.0,1.0564,32.11,2991.45,Medium,2358
CUST-002013,Brown and Sons,SMB,Media,Active,False,16865.06,30.0,2,100.0,0.0,10.87,4.33,5050640.0,60312.0,1.1941,17.39,2932.55,Low,2359
CUST-000232,"Choi, Garcia and Farmer",SMB,Professional Services,Active,False,15887.32,0.0,4,25.0,0.0,62.42,3.33,4675363.0,78624.0,1.6817,18.36,2917.44,Low,2360
CUST-000762,"Moore, Price and Ward",SMB,Healthcare,Active,False,15759.51,30.0,1,100.0,0.0,21.17,4.97,4388664.0,66689.0,1.5196,18.04,2842.88,Low,2361
CUST-000329,Harvey PLC,SMB,Energy,Active,False,12376.15,0.0,2,0.0,0.0,72.34,2.89,6867707.0,98238.0,1.4304,22.86,2829.3,Low,2362
CUST-000183,Jackson-Lawson,SMB,Transportation,Active,True,16268.02,30.0,0,100.0,0.0,0.0,0.0,4213895.0,50141.0,1.1899,17.38,2827.35,Low,2363
CUST-001303,"Turner, Miller and Hubbard",SMB,Professional Services,Active,False,16078.2,30.0,0,100.0,0.0,0.0,0.0,5066243.0,63455.0,1.2525,17.51,2814.49,Low,2364
CUST-002347,Richards-Harris,SMB,Technology,Active,False,15890.43,0.0,4,25.0,0.0,56.56,3.21,6114059.0,82145.0,1.3435,17.69,2810.55,Low,2365
CUST-000202,White-Lewis,SMB,Transportation,Active,False,17158.45,30.0,1,100.0,0.0,13.75,4.52,3590013.0,23233.0,0.6472,16.29,2795.85,Low,2366
CUST-002465,White Inc,SMB,Media,Active,False,8768.88,30.0,2,50.0,50.0,7.77,3.72,5465971.0,50778.0,0.929,31.86,2793.59,Medium,2367
CUST-002350,Petty-Allison,SMB,Education,Active,True,12148.25,0.0,1,0.0,0.0,45.44,2.92,8453263.0,124194.0,1.4692,22.94,2786.61,Low,2368
CUST-002333,Ferguson-Smith,SMB,Media,Active,False,15396.25,30.0,1,100.0,0.0,15.76,4.04,4656470.0,71274.0,1.5306,18.06,2780.76,Low,2369
CUST-002287,Brady LLC,SMB,Transportation,Active,False,28735.01,0.0,3,66.67,0.0,47.68,3.99,7462819.0,112308.0,1.5049,9.68,2780.53,Low,2370
CUST-000495,Brown Group,SMB,Education,Active,False,15961.98,30.0,0,100.0,0.0,0.0,0.0,4383624.0,50540.0,1.1529,17.31,2762.36,Low,2371
CUST-000466,Cole-Palmer,SMB,Banking,Active,True,15904.67,30.0,1,100.0,0.0,20.72,4.16,5358297.0,61894.0,1.1551,17.31,2753.13,Low,2372
CUST-002269,Carpenter LLC,SMB,Professional Services,Active,False,21739.43,0.0,2,50.0,0.0,107.44,3.58,3920518.0,50484.0,1.2877,12.58,2733.81,Low,2373
CUST-001758,Hill-Flores,SMB,Professional Services,Active,False,21202.68,0.0,2,50.0,0.0,39.83,3.91,4410455.0,62125.0,1.4086,12.82,2717.58,Low,2374
CUST-000572,"Smith, Rodriguez and Anderson",SMB,Education,Active,True,52912.13,5.0,1,100.0,0.0,60.98,4.05,15907171.0,208334.0,1.3097,5.12,2708.77,Low,2375
CUST-001630,Lin-Smith,SMB,Media,Active,False,15381.5,30.0,0,100.0,0.0,0.0,0.0,3648547.0,47173.0,1.2929,17.59,2704.97,Low,2376
CUST-001280,"Smith, Caldwell and Griffin",SMB,Media,Active,True,16831.35,0.0,3,33.33,0.0,38.39,3.86,4184950.0,54684.0,1.3067,15.95,2684.04,Low,2377
CUST-001944,Jennings Group,SMB,Media,Active,True,11812.22,0.0,1,0.0,0.0,132.26,1.97,7884303.0,106918.0,1.3561,22.71,2682.81,Low,2378
CUST-000643,Green LLC,SMB,Healthcare,Active,False,15280.32,30.0,1,100.0,0.0,4.36,4.16,4338271.0,51807.0,1.1942,17.39,2657.0,Low,2379
CUST-000044,Allen-Allen,SMB,Retail,Active,True,11726.26,0.0,2,0.0,0.0,67.82,1.91,2727172.0,35658.0,1.3075,22.62,2651.9,Low,2380
CUST-002248,Jackson-Bradley,SMB,Professional Services,Active,False,14582.07,0.0,6,33.33,16.67,52.5,3.58,9207884.0,142884.0,1.5518,18.1,2639.87,Low,2381
CUST-000006,"Gardner, Robinson and Lawrence",SMB,Insurance,Active,False,52326.5,5.0,1,100.0,0.0,55.02,4.3,26694584.0,337267.0,1.2634,5.03,2630.38,Low,2382
CUST-001998,"Pitts, Warner and Mullins",SMB,Professional Services,Active,False,7975.44,20.0,1,0.0,0.0,26.63,1.91,3594871.0,49287.0,1.371,32.74,2611.32,Medium,2383
CUST-000560,Anderson-Wood,SMB,Technology,Active,False,12522.11,35.0,1,100.0,0.0,37.58,4.84,5143705.0,84714.0,1.6469,20.79,2603.83,Low,2384
CUST-000552,"Fowler, Jimenez and Burton",SMB,Media,Active,True,12460.28,35.0,0,100.0,0.0,0.0,0.0,5740798.0,85960.0,1.4974,20.49,2553.7,Low,2385
CUST-001649,Douglas PLC,SMB,Professional Services,Active,False,7768.72,20.0,4,0.0,0.0,63.34,2.59,4501182.0,63483.0,1.4104,32.82,2549.75,Medium,2386
CUST-002282,Carney Group,SMB,Healthcare,Active,False,9339.13,30.0,2,50.0,0.0,29.63,3.51,5241222.0,60158.0,1.1478,27.3,2549.17,Medium,2387
CUST-000518,"Hernandez, Cole and Watson",SMB,Transportation,Active,False,15826.09,0.0,3,33.33,0.0,70.4,3.23,3509296.0,44849.0,1.278,15.89,2514.66,Low,2388
CUST-001521,Brown Group,SMB,Retail,Active,False,13919.75,30.0,0,100.0,0.0,0.0,0.0,4997853.0,68194.0,1.3645,17.73,2467.82,Low,2389
CUST-001868,Decker Inc,SMB,Healthcare,Active,False,14312.07,30.0,1,100.0,0.0,66.79,4.11,4638116.0,48279.0,1.0409,17.08,2444.76,Low,2390
CUST-001527,Boyd and Sons,SMB,Retail,Active,False,12010.41,35.0,0,100.0,0.0,0.0,0.0,3791165.0,53221.0,1.4038,20.31,2439.03,Low,2391
CUST-000651,Gill Ltd,SMB,Transportation,Active,False,10366.91,0.0,1,0.0,0.0,46.37,3.18,7037618.0,108794.0,1.5459,23.09,2393.9,Low,2392
CUST-000478,"Bentley, Lynch and Henderson",SMB,Manufacturing,Active,True,10226.36,0.0,2,0.0,0.0,63.36,3.12,5377099.0,89348.0,1.6616,23.32,2385.12,Low,2393
CUST-000878,Khan LLC,SMB,Media,Active,True,10463.76,0.0,1,0.0,0.0,141.11,2.65,5401340.0,73696.0,1.3644,22.73,2378.29,Low,2394
CUST-000235,Ortiz Ltd,SMB,Manufacturing,Active,False,13610.52,0.0,2,50.0,50.0,17.48,3.92,6012874.0,66255.0,1.1019,17.2,2341.52,Low,2395
CUST-001903,Randall LLC,SMB,Healthcare,Active,False,8450.79,30.0,4,50.0,0.0,25.33,3.76,5133856.0,54271.0,1.0571,27.11,2291.37,Medium,2396
CUST-001017,"Foster, Garcia and Turner",SMB,Insurance,Active,False,9827.07,0.0,1,0.0,0.0,110.36,1.66,4771431.0,54215.0,1.1362,22.27,2188.73,Low,2397
CUST-002141,"Jimenez, Wagner and Daniels",SMB,Professional Services,Active,False,12157.2,30.0,0,100.0,0.0,0.0,0.0,4967018.0,66416.0,1.3371,17.67,2148.7,Low,2398
CUST-001724,"Duarte, Gutierrez and Cook",SMB,Energy,Active,False,86587.87,0.0,0,100.0,0.0,0.0,0.0,24639650.0,300790.0,1.2208,2.44,2114.05,Low,2399
CUST-001211,"Gray, Montoya and Miller",SMB,Insurance,Active,False,16190.62,0.0,2,50.0,0.0,7.1,3.52,6629910.0,98959.0,1.4926,12.99,2102.39,Low,2400
CUST-000377,Schmitt PLC,SMB,Education,Active,False,11397.02,30.0,0,100.0,0.0,0.0,0.0,4950407.0,81046.0,1.6372,18.27,2082.73,Low,2401
CUST-000632,"Mcdonald, Lee and Rodriguez",SMB,Banking,Active,False,12067.41,30.0,0,100.0,0.0,0.0,0.0,2994915.0,31241.0,1.0431,17.09,2061.87,Low,2402
CUST-001783,Allen-Sanchez,SMB,Education,Active,False,10337.81,35.0,0,100.0,0.0,0.0,0.0,4029711.0,45073.0,1.1185,19.74,2040.38,Low,2403
CUST-000733,Adams-Sanders,SMB,Retail,Active,False,12778.57,0.0,3,33.33,0.0,65.4,3.25,5916694.0,74032.0,1.2512,15.84,2023.59,Low,2404
CUST-000496,Carter Inc,SMB,Manufacturing,Active,False,11518.02,30.0,0,100.0,0.0,0.0,0.0,3366643.0,41440.0,1.2309,17.46,2011.25,Low,2405
CUST-000613,"Scott, Mendoza and Harris",SMB,Telecommunications,Active,False,6163.63,20.0,1,0.0,0.0,27.77,1.85,4381713.0,51758.0,1.1812,32.36,1994.7,Medium,2406
CUST-002405,"Sullivan, Gonzalez and Turner",SMB,Energy,Active,False,17598.97,0.0,5,60.0,0.0,25.69,3.68,3903039.0,62839.0,1.61,11.22,1974.61,Low,2407
CUST-001811,"Cruz, Middleton and Larsen",SMB,Media,Active,False,11180.01,30.0,0,100.0,0.0,0.0,0.0,6411090.0,78281.0,1.221,17.44,1950.02,Low,2408
CUST-000036,Rodriguez-Graham,SMB,Education,Active,True,9835.16,35.0,1,100.0,0.0,62.62,4.18,4589963.0,52024.0,1.1334,19.77,1944.1,Low,2409
CUST-002155,Pacheco-Silva,SMB,Manufacturing,Active,False,63805.22,0.0,1,100.0,0.0,12.53,4.45,15860978.0,240212.0,1.5145,3.03,1932.64,Low,2410
CUST-002459,"Wallace, Roman and Lawson",SMB,Professional Services,Active,False,10801.24,30.0,0,100.0,0.0,0.0,0.0,4296782.0,53088.0,1.2355,17.47,1887.09,Low,2411
CUST-002244,"Holland, Sims and Meadows",SMB,Telecommunications,Active,True,10252.79,0.0,2,50.0,50.0,58.33,3.67,4861367.0,61096.0,1.2568,17.51,1795.63,Low,2412
CUST-001314,Lee-White,SMB,Transportation,Active,False,65258.31,0.0,0,100.0,0.0,0.0,0.0,23937564.0,320782.0,1.3401,2.68,1749.02,Low,2413
CUST-001023,"Phillips, Thompson and Smith",SMB,Insurance,Active,False,6840.67,20.0,3,33.33,0.0,58.06,3.79,5562046.0,57085.0,1.0263,25.39,1736.57,Medium,2414
CUST-001010,Weaver-Thompson,SMB,Transportation,Active,True,56622.01,0.0,1,100.0,0.0,11.66,4.27,14806792.0,221774.0,1.4978,3.0,1696.15,Low,2415
CUST-002375,"Adams, Hernandez and Vaughn",SMB,Insurance,Active,False,9889.0,30.0,0,100.0,0.0,0.0,0.0,5546562.0,59661.0,1.0756,17.15,1696.09,Low,2416
CUST-001562,"Jones, Conrad and Clark",SMB,Professional Services,Active,True,13140.94,0.0,2,50.0,0.0,59.26,3.36,4897494.0,58205.0,1.1885,12.38,1626.44,Low,2417
CUST-000986,Reyes Group,SMB,Media,Active,False,12454.34,0.0,2,50.0,0.0,24.25,3.67,7136577.0,106050.0,1.486,12.97,1615.58,Low,2418
CUST-002103,Wyatt Ltd,SMB,Energy,Active,False,33340.07,5.0,0,100.0,0.0,0.0,0.0,9689162.0,113246.0,1.1688,4.84,1612.85,Low,2419
CUST-001653,Ali-Turner,SMB,Healthcare,Active,False,32120.82,5.0,0,100.0,0.0,0.0,0.0,14483987.0,179291.0,1.2379,4.98,1598.24,Low,2420
CUST-001506,Garrett-Black,SMB,Technology,Active,False,33774.38,5.0,0,100.0,0.0,0.0,0.0,9222241.0,97405.0,1.0562,4.61,1557.81,Low,2421
CUST-001243,"Robinson, Clark and Klein",SMB,Media,Active,False,8637.42,30.0,0,100.0,0.0,0.0,0.0,5516574.0,81102.0,1.4702,17.94,1549.58,Low,2422
CUST-000844,Dunn-Wilson,SMB,Media,Active,True,58265.45,0.0,2,100.0,0.0,21.53,4.46,16458568.0,215348.0,1.3084,2.62,1524.72,Low,2423
CUST-000423,"Downs, Morris and Maddox",SMB,Banking,Active,False,8713.64,0.0,5,40.0,20.0,69.15,3.4,4451692.0,77315.0,1.7368,17.47,1522.58,Low,2424
CUST-001457,"Hernandez, Shaffer and Thompson",SMB,Energy,Active,False,60606.86,0.0,0,100.0,0.0,0.0,0.0,16825823.0,207193.0,1.2314,2.46,1492.62,Low,2425
CUST-001716,"Rice, Miller and Ramsey",SMB,Manufacturing,Active,False,8275.02,30.0,0,100.0,0.0,0.0,0.0,4843825.0,71393.0,1.4739,17.95,1485.18,Low,2426
CUST-001493,"Ryan, Garza and Bryant",SMB,Telecommunications,Active,False,8656.03,30.0,1,100.0,0.0,4.91,4.51,5010243.0,43162.0,0.8615,16.72,1447.54,Low,2427
CUST-001985,Clarke LLC,SMB,Education,Active,False,8771.77,0.0,3,33.33,0.0,59.43,3.82,3389519.0,48650.0,1.4353,16.2,1421.37,Low,2428
CUST-000937,Tran Ltd,SMB,Energy,Active,False,11511.66,20.0,0,100.0,0.0,0.0,0.0,4406437.0,47915.0,1.0874,12.17,1401.52,Low,2429
CUST-000810,Alvarez-Kim,SMB,Banking,Active,True,56372.25,0.0,0,100.0,0.0,0.0,0.0,11008116.0,135562.0,1.2315,2.46,1388.42,Low,2430
CUST-001398,"Mann, Martin and Oconnell",SMB,Telecommunications,Active,False,65888.51,0.0,1,100.0,0.0,1.87,4.34,18083730.0,185787.0,1.0274,2.05,1353.84,Low,2431
CUST-001202,"Marks, Stone and Watts",SMB,Manufacturing,Active,False,48704.31,0.0,0,100.0,0.0,0.0,0.0,10036782.0,134974.0,1.3448,2.69,1309.94,Low,2432
CUST-000300,Harvey-Allen,SMB,Media,Active,False,7712.12,30.0,1,100.0,0.0,7.08,4.67,5191774.0,49777.0,0.9588,16.92,1304.7,Low,2433
CUST-002092,Watts LLC,SMB,Manufacturing,Active,False,8568.78,0.0,4,50.0,25.0,36.41,3.43,3837932.0,49868.0,1.2993,15.1,1293.77,Low,2434
CUST-000190,"Burke, Martinez and Riggs",SMB,Technology,Active,False,47473.05,0.0,0,100.0,0.0,0.0,0.0,11489128.0,156324.0,1.3606,2.72,1291.86,Low,2435
CUST-001423,Olson LLC,SMB,Insurance,Active,False,48323.03,0.0,0,100.0,0.0,0.0,0.0,11231724.0,147952.0,1.3173,2.63,1273.09,Low,2436
CUST-001819,Arnold-Cole,SMB,Insurance,Active,False,52557.97,0.0,0,100.0,0.0,0.0,0.0,9422742.0,113547.0,1.205,2.41,1266.68,Low,2437
CUST-000433,Hayes LLC,SMB,Healthcare,Active,False,53638.99,0.0,0,100.0,0.0,0.0,0.0,18513579.0,211197.0,1.1408,2.28,1223.79,Low,2438
CUST-000168,Johnson-Rogers,SMB,Energy,Active,False,15035.12,0.0,4,75.0,0.0,11.69,4.07,4708809.0,72184.0,1.533,8.07,1212.72,Low,2439
CUST-001659,Miller-Chan,SMB,Manufacturing,Active,True,41895.72,0.0,3,100.0,0.0,48.09,4.61,10828825.0,155575.0,1.4367,2.87,1203.81,Low,2440
CUST-001136,Ruiz Ltd,SMB,Media,Active,False,7245.39,0.0,3,33.33,0.0,68.64,3.27,4957946.0,74942.0,1.5116,16.36,1185.09,Low,2441
CUST-000008,"Henderson, Ramirez and Lewis",SMB,Healthcare,Active,False,37505.89,0.0,1,100.0,0.0,17.08,4.86,9591736.0,147413.0,1.5369,3.07,1152.84,Low,2442
CUST-002094,Vazquez-Bowers,SMB,Transportation,Active,False,44228.98,0.0,1,100.0,0.0,14.78,4.33,11499397.0,148617.0,1.2924,2.58,1143.22,Low,2443
CUST-002449,Weaver-Rubio,SMB,Retail,Active,False,35390.64,0.0,2,100.0,0.0,20.46,4.41,8509389.0,134638.0,1.5822,3.16,1119.92,Low,2444
CUST-002044,"Foster, Henry and Morrison",SMB,Energy,Active,False,37641.58,0.0,2,100.0,0.0,15.44,4.04,10588277.0,157402.0,1.4866,2.97,1119.14,Low,2445
CUST-000706,"Morris, Campbell and Owens",SMB,Retail,Active,False,38375.23,0.0,1,100.0,0.0,5.18,4.94,11712225.0,167482.0,1.43,2.86,1097.51,Low,2446
CUST-002442,Harrell Group,SMB,Insurance,Active,False,48014.45,0.0,0,100.0,0.0,0.0,0.0,10163790.0,107149.0,1.0542,2.11,1012.36,Low,2447
CUST-001235,Holt and Sons,SMB,Banking,Active,False,22076.37,5.0,0,100.0,0.0,0.0,0.0,6680674.0,67025.0,1.0033,4.51,994.88,Low,2448
CUST-000987,Gomez and Sons,SMB,Technology,Active,False,36649.18,0.0,0,100.0,0.0,0.0,0.0,12260528.0,165564.0,1.3504,2.7,989.81,Low,2449
CUST-001378,Prince Ltd,SMB,Media,Active,False,36948.61,0.0,0,100.0,0.0,0.0,0.0,13388060.0,176848.0,1.3209,2.64,976.14,Low,2450
CUST-000796,"Woodard, Herrera and Little",SMB,Telecommunications,Active,False,11603.97,0.0,3,66.67,0.0,56.42,3.48,5339404.0,45710.0,0.8561,8.38,972.28,Low,2451
CUST-001949,"Williams, Medina and Moore",SMB,Professional Services,Active,False,36255.89,0.0,0,100.0,0.0,0.0,0.0,6807514.0,90153.0,1.3243,2.65,960.29,Low,2452
CUST-000189,Garcia LLC,SMB,Retail,Active,True,37875.69,0.0,0,100.0,0.0,0.0,0.0,13348384.0,165270.0,1.2381,2.48,937.9,Low,2453
CUST-000262,"Anderson, Roberts and Gilmore",SMB,Transportation,Active,False,36076.72,0.0,0,100.0,0.0,0.0,0.0,8610336.0,110803.0,1.2869,2.57,928.51,Low,2454
CUST-000176,King-Miller,SMB,Technology,Active,False,29401.88,0.0,0,100.0,0.0,0.0,0.0,11592182.0,179578.0,1.5491,3.1,910.95,Low,2455
CUST-000731,Rodriguez Inc,SMB,Retail,Active,False,17326.34,5.0,0,100.0,0.0,0.0,0.0,4016621.0,54488.0,1.3566,5.21,903.24,Low,2456
CUST-000294,Good-Hodges,SMB,Manufacturing,Active,False,34088.24,0.0,4,100.0,0.0,40.3,4.33,12735338.0,166803.0,1.3098,2.62,892.95,Low,2457
CUST-002440,Lewis-Fuentes,SMB,Telecommunications,Active,True,35044.88,0.0,0,100.0,0.0,0.0,0.0,13179033.0,167279.0,1.2693,2.54,889.64,Low,2458
CUST-001700,"Smith, Khan and Ramirez",SMB,Professional Services,Active,False,35242.18,0.0,0,100.0,0.0,0.0,0.0,11793915.0,147266.0,1.2487,2.5,880.11,Low,2459
CUST-001896,Graham-Anthony,SMB,Media,Active,False,33887.01,0.0,1,100.0,0.0,6.72,4.43,8257536.0,101682.0,1.2314,2.46,834.56,Low,2460
CUST-001927,Rogers Inc,SMB,Insurance,Active,False,31783.94,0.0,0,100.0,0.0,0.0,0.0,6636028.0,84861.0,1.2788,2.56,812.9,Low,2461
CUST-001462,Brown LLC,SMB,Media,Active,False,6267.26,0.0,2,50.0,0.0,15.63,3.19,3715565.0,46389.0,1.2485,12.5,783.22,Low,2462
CUST-001384,George-Stephens,SMB,Transportation,Active,False,27352.22,0.0,0,100.0,0.0,0.0,0.0,7851151.0,112203.0,1.4291,2.86,781.8,Low,2463
CUST-000919,"Walters, Davenport and Becker",SMB,Telecommunications,Active,False,30445.83,0.0,2,100.0,0.0,60.16,4.79,14090797.0,172298.0,1.2228,2.45,744.56,Low,2464
CUST-001071,Harris-Carson,SMB,Insurance,Active,False,26000.44,0.0,1,100.0,0.0,12.13,4.33,7187950.0,102774.0,1.4298,2.86,743.51,Low,2465
CUST-000970,"Terry, Williams and Huff",SMB,Professional Services,Active,False,31729.45,0.0,1,100.0,0.0,41.63,4.5,10717259.0,122787.0,1.1457,2.29,727.04,Low,2466
CUST-001317,King and Sons,SMB,Telecommunications,Active,False,28178.32,0.0,0,100.0,0.0,0.0,0.0,6704866.0,78540.0,1.1714,2.34,660.15,Low,2467
CUST-002209,Shaffer-Manning,SMB,Media,Active,False,29921.64,0.0,0,100.0,0.0,0.0,0.0,11121915.0,122017.0,1.0971,2.19,656.53,Low,2468
CUST-001329,Wilkinson and Sons,SMB,Banking,Active,False,23982.05,0.0,0,100.0,0.0,0.0,0.0,10883236.0,143745.0,1.3208,2.64,633.51,Low,2469
CUST-000236,"Harrison, Johnson and Roberts",SMB,Retail,Active,False,11850.96,5.0,0,100.0,0.0,0.0,0.0,5934481.0,81347.0,1.3708,5.24,621.17,Low,2470
CUST-001187,"Holland, Murphy and Kline",SMB,Insurance,Active,False,21539.57,0.0,1,100.0,0.0,69.59,4.53,9557961.0,132580.0,1.3871,2.77,597.56,Low,2471
CUST-000471,Walker-Flores,SMB,Technology,Active,False,24615.68,0.0,0,100.0,0.0,0.0,0.0,8069810.0,96495.0,1.1958,2.39,588.69,Low,2472
CUST-000134,"Carroll, Sullivan and Bass",SMB,Healthcare,Active,False,17698.9,0.0,0,100.0,0.0,0.0,0.0,5510295.0,86247.0,1.5652,3.13,554.05,Low,2473
CUST-001786,"Reynolds, Baird and Bradley",SMB,Retail,Active,False,20027.55,0.0,1,100.0,0.0,33.14,4.51,8549086.0,116858.0,1.3669,2.73,547.52,Low,2474
CUST-000228,"Duran, Obrien and Gibbs",SMB,Banking,Active,False,16914.24,0.0,0,100.0,0.0,0.0,0.0,5458621.0,86674.0,1.5878,3.18,537.14,Low,2475
CUST-000718,Jackson-Cortez,SMB,Telecommunications,Active,False,18623.79,0.0,0,100.0,0.0,0.0,0.0,5819660.0,82558.0,1.4186,2.84,528.4,Low,2476
CUST-001984,Sawyer Group,SMB,Retail,Active,False,17644.85,0.0,1,100.0,0.0,49.94,4.54,11452812.0,171395.0,1.4965,2.99,528.12,Low,2477
CUST-000315,"Becker, Taylor and Davis",SMB,Professional Services,Active,True,20935.69,0.0,0,100.0,0.0,0.0,0.0,8778959.0,100478.0,1.1445,2.29,479.23,Low,2478
CUST-001996,Zavala and Sons,SMB,Education,Active,False,23288.61,0.0,0,100.0,0.0,0.0,0.0,7351120.0,73822.0,1.0042,2.01,467.74,Low,2479
CUST-000432,"Lopez, Jacobs and Mason",SMB,Manufacturing,Active,False,17265.55,0.0,1,100.0,0.0,19.33,4.65,6380101.0,85575.0,1.3413,2.68,463.16,Low,2480
CUST-001431,Valentine Ltd,SMB,Education,Active,False,19413.96,0.0,2,100.0,0.0,35.81,4.48,4869795.0,57211.0,1.1748,2.35,456.16,Low,2481
CUST-001764,Austin-Morgan,SMB,Manufacturing,Active,False,18361.38,0.0,0,100.0,0.0,0.0,0.0,3225803.0,39690.0,1.2304,2.46,451.83,Low,2482
CUST-001500,"Smith, Weeks and Arroyo",SMB,Media,Active,False,14137.63,0.0,1,100.0,0.0,11.44,4.25,4933509.0,76510.0,1.5508,3.1,438.5,Low,2483
CUST-002104,"Allen, Hudson and Garcia",SMB,Education,Active,False,15523.17,0.0,0,100.0,0.0,0.0,0.0,5879986.0,82845.0,1.4089,2.82,437.42,Low,2484
CUST-002051,"Waller, Coleman and Mosley",SMB,Healthcare,Active,False,16777.14,0.0,2,100.0,0.0,35.36,4.18,4691204.0,60529.0,1.2903,2.58,432.94,Low,2485
CUST-002054,Mcneil-Fox,SMB,Telecommunications,Active,False,11129.55,0.0,0,100.0,0.0,0.0,0.0,3774316.0,69937.0,1.853,3.71,412.45,Low,2486
CUST-002388,Watson-Fischer,SMB,Manufacturing,Active,False,20914.11,0.0,3,100.0,0.0,18.22,4.3,6872810.0,67613.0,0.9838,1.97,411.5,Low,2487
CUST-000664,Andersen Group,SMB,Transportation,Active,False,16721.45,0.0,0,100.0,0.0,0.0,0.0,3741108.0,44723.0,1.1954,2.39,399.79,Low,2488
CUST-000778,Cook-Oliver,SMB,Energy,Active,True,18439.28,0.0,0,100.0,0.0,0.0,0.0,3563273.0,37975.0,1.0657,2.13,393.03,Low,2489
CUST-001417,Thompson-Hunter,SMB,Retail,Active,True,16620.53,0.0,0,100.0,0.0,0.0,0.0,4197340.0,46732.0,1.1134,2.23,370.1,Low,2490
CUST-002315,Davis-Palmer,SMB,Technology,Active,False,12731.58,0.0,0,100.0,0.0,0.0,0.0,6680030.0,95074.0,1.4233,2.85,362.41,Low,2491
CUST-001364,"Mullen, Greene and Elliott",SMB,Healthcare,Active,True,14917.58,0.0,1,100.0,0.0,18.79,4.56,7413994.0,89404.0,1.2059,2.41,359.78,Low,2492
CUST-002265,Barajas-Crosby,SMB,Insurance,Active,False,6593.6,5.0,0,100.0,0.0,0.0,0.0,3576307.0,47796.0,1.3365,5.17,341.08,Low,2493
CUST-002483,"Hayes, Smith and Marshall",SMB,Banking,Active,True,10926.13,0.0,1,100.0,0.0,43.0,4.56,5017089.0,76762.0,1.53,3.06,334.34,Low,2494
CUST-000080,"Hensley, Powell and David",SMB,Technology,Active,False,7785.74,0.0,0,100.0,0.0,0.0,0.0,3515057.0,63532.0,1.8074,3.61,281.44,Low,2495
CUST-001313,"Thomas, White and Jensen",SMB,Technology,Active,False,8688.44,0.0,0,100.0,0.0,0.0,0.0,5171852.0,71029.0,1.3734,2.75,238.65,Low,2496
CUST-000517,Reyes-Bradley,SMB,Telecommunications,Active,False,12160.08,0.0,0,100.0,0.0,0.0,0.0,3826067.0,37044.0,0.9682,1.94,235.47,Low,2497
CUST-001514,Compton LLC,SMB,Education,Active,False,8021.03,0.0,1,100.0,0.0,22.44,4.79,3798046.0,48447.0,1.2756,2.55,204.63,Low,2498
CUST-000234,Arnold and Sons,SMB,Professional Services,Active,False,6481.26,0.0,0,100.0,0.0,0.0,0.0,4529301.0,63609.0,1.4044,2.81,182.04,Low,2499
CUST-001997,"Wilson, Mendoza and Crosby",SMB,Insurance,Active,False,9357.48,0.0,1,100.0,0.0,20.2,4.12,5451824.0,52773.0,0.968,1.94,181.16,Low,2500
