customer_id,customer_name,customer_segment,industry,customer_status,is_ai_customer,trailing_revenue_usd,trailing_gross_profit_usd,trailing_transactions,trailing_support_tickets,trailing_sla_breach_rate_pct,trailing_request_failure_rate_pct,historical_subscription_count,subscriptions_in_force_at_cutoff,contract_value_in_force_at_cutoff,historical_auto_renew_pct,customer_tenure_days_at_cutoff,log_customer_tenure_days,churn_probability,churn_probability_pct,predicted_churn,risk_band,expected_contract_value_at_risk_usd,risk_rank,scoring_cutoff,model_training_cutoff
CUST-000468,Wilkerson-Arias,Strategic,Healthcare,Active,True,6834058.32,4276075.61,71.0,8.0,87.5,1.204542967100052,9,2,2463304.92,66.66666666666666,1939,7.570443252057374,0.9984168224269515,99.84,1,Critical,2459405.07,1,2026-09-30,2024-12-31
CUST-001704,"Lane, Morrison and Rivera",Strategic,Transportation,Active,True,10804767.79,6708698.48,100.0,5.0,100.0,1.3280496989644615,9,6,8051829.43,66.66666666666666,731,6.595780513961311,0.9976069573761008,99.76,1,Critical,8032561.06,2,2026-09-30,2024-12-31
CUST-001057,Lopez-Williams,SMB,Retail,Active,False,33620.1,20939.05,29.0,1.0,0.0,1.1454595638973226,3,1,20704.07,100.0,488,6.192362489474872,0.9954043534166455,99.54,1,Critical,20608.92,3,2026-09-30,2024-12-31
CUST-002360,Hall-Robinson,Strategic,Healthcare,Active,True,7798782.18,5029402.44,72.0,7.0,85.71428571428571,1.345382430815229,6,1,1235298.27,66.66666666666666,380,5.942799375126701,0.9938700016072741,99.39,1,Critical,1227725.89,4,2026-09-30,2024-12-31
CUST-000828,Powers LLC,Strategic,Telecommunications,Active,False,7537035.33,4553083.51,90.0,6.0,66.66666666666666,1.2890395437346074,8,2,2245214.12,87.5,418,6.037870919922137,0.9925783859721374,99.26,1,Critical,2228551.01,5,2026-09-30,2024-12-31
CUST-001419,"Frye, Walter and Li",Strategic,Transportation,Active,False,8314217.45,5309564.34,88.0,0.0,0.0,1.31978116699606,8,4,4389443.35,75.0,445,6.100318952020064,0.9894685005982381,98.95,1,Critical,4343215.93,6,2026-09-30,2024-12-31
CUST-001415,Perez-Mccarty,Strategic,Insurance,Active,True,7008556.68,4319091.67,83.0,4.0,75.0,1.3588969425098467,9,3,2877602.45,77.77777777777779,1454,7.282761179605593,0.9861199414565249,98.61,1,Critical,2837661.16,7,2026-09-30,2024-12-31
CUST-001528,Price-Ali,Strategic,Manufacturing,Active,True,9392395.41,5933307.43,93.0,4.0,75.0,1.209167334663088,9,6,6537082.89,88.88888888888889,1765,7.476472381163905,0.9857059079584173,98.57,1,Critical,6443641.23,8,2026-09-30,2024-12-31
CUST-002450,Fitzgerald-Brewer,Strategic,Retail,Active,True,9087562.47,5649005.11,104.0,4.0,75.0,1.2670221924037537,9,7,6852774.11,100.0,449,6.1092475827643655,0.976306490504375,97.63,1,Critical,6690407.84,9,2026-09-30,2024-12-31
CUST-001852,"Jackson, Lane and Wilkinson",SMB,Insurance,Active,True,21683.41,13723.56,15.0,2.0,50.0,1.2112819254299088,3,1,17566.83,100.0,1642,7.404279118037268,0.9744528556067437,97.45,1,Critical,17118.05,10,2026-09-30,2024-12-31
CUST-001054,Ruiz-Jacobson,Mid-Market,Technology,Active,False,308520.84,194283.08,44.0,1.0,0.0,1.1364226052134754,5,1,96031.53,60.0,1027,6.93537044601511,0.9742123949891317,97.42,1,Critical,93555.11,11,2026-09-30,2024-12-31
CUST-000863,Burton-Brooks,Mid-Market,Insurance,Active,True,170755.91,112649.81,34.0,1.0,0.0,1.517623190747962,5,1,59872.36,60.0,781,6.661854740545311,0.9715606709471838,97.16,1,Critical,58169.63,12,2026-09-30,2024-12-31
CUST-001168,Wells-Hernandez,SMB,Banking,Active,False,17612.56,11042.31,16.0,1.0,0.0,1.3427341199120626,3,1,11978.11,66.66666666666666,1168,7.063903961472068,0.9715427203192645,97.15,1,Critical,11637.25,13,2026-09-30,2024-12-31
CUST-001227,Lopez Group,SMB,Media,Active,False,41710.06,25170.76,30.0,0.0,0.0,1.2803102451031176,3,1,14138.48,100.0,767,6.643789733147672,0.9705512896579805,97.06,1,Critical,13722.12,14,2026-09-30,2024-12-31
CUST-000215,"Washington, Hardy and Bray",SMB,Retail,Active,False,19796.14,12576.41,13.0,1.0,0.0,1.6383323227774729,2,1,17641.02,100.0,1047,6.954638864880987,0.9703307873279785,97.03,1,Critical,17117.62,15,2026-09-30,2024-12-31
CUST-000227,Miller-Wright,Strategic,Retail,Active,True,5091811.15,3177324.2,64.0,5.0,80.0,1.33750049154198,6,2,1388170.64,66.66666666666666,437,6.082218910376446,0.9685087765151625,96.85,1,Critical,1344455.45,16,2026-09-30,2024-12-31
CUST-000880,Pena LLC,SMB,Retail,Active,False,24719.31,16032.4,19.0,0.0,0.0,1.445184557159954,3,1,12248.87,100.0,884,6.785587645007929,0.9669127485045098,96.69,1,Critical,11843.59,17,2026-09-30,2024-12-31
CUST-000159,Mccarthy Inc,Strategic,Retail,Active,False,4257996.14,2762306.54,50.0,4.0,75.0,1.2403588113691915,7,2,1728470.13,71.42857142857143,1600,7.3783837129967145,0.9665554323511765,96.66,1,Critical,1670662.19,18,2026-09-30,2024-12-31
CUST-001708,"Thompson, Gibson and Riley",SMB,Retail,Active,False,17353.43,11082.37,12.0,0.0,0.0,0.8467782125786,3,1,16594.67,100.0,1922,7.56164174558878,0.9625388408966006,96.25,1,Critical,15973.01,19,2026-09-30,2024-12-31
CUST-001549,Weaver-Gibson,SMB,Retail,Active,False,23223.69,14506.61,28.0,0.0,0.0,1.423278890000533,3,1,6916.1,100.0,1720,7.450660796211539,0.9617672990330081,96.18,1,Critical,6651.68,20,2026-09-30,2024-12-31
CUST-002285,Martinez Inc,SMB,Retail,Active,False,26955.22,16535.01,22.0,0.0,0.0,1.25386431166731,3,2,28870.95,100.0,1007,6.915723448631314,0.9584617409101094,95.85,1,Critical,27671.7,21,2026-09-30,2024-12-31
CUST-001726,"Campbell, Tyler and Parker",Mid-Market,Retail,Active,False,332698.49,209195.97,59.0,2.0,50.0,1.409361315650826,5,2,134266.73,60.0,750,6.621405651764134,0.9558863712363175,95.59,1,Critical,128343.74,22,2026-09-30,2024-12-31
CUST-001842,Anderson-Campbell,SMB,Education,Active,False,21471.44,14595.78,20.0,1.0,0.0,1.1053210896187566,2,1,7668.93,100.0,1362,7.217443431696533,0.9555949076433379,95.56,1,Critical,7328.39,23,2026-09-30,2024-12-31
CUST-000330,Herman-Walker,Strategic,Insurance,Active,True,11169191.67,7127512.43,106.0,6.0,66.66666666666666,1.2998857806929216,9,8,9554819.7,88.88888888888889,380,5.942799375126701,0.9546840865013074,95.47,1,Critical,9121834.32,24,2026-09-30,2024-12-31
CUST-002323,Gutierrez-Marshall,Strategic,Healthcare,Active,True,6590802.62,4167807.03,71.0,5.0,60.0,1.4286796697234352,9,3,2937198.7,66.66666666666666,2052,7.627057417018934,0.9540889214992827,95.41,1,Critical,2802348.74,25,2026-09-30,2024-12-31
CUST-001614,Jensen-Branch,Strategic,Transportation,Active,True,8313914.12,5246718.22,89.0,3.0,0.0,1.3181163934706543,9,5,5603749.13,88.88888888888889,922,6.827629234502852,0.9521069362464518,95.21,1,Critical,5335368.42,26,2026-09-30,2024-12-31
CUST-000679,Wheeler Group,Mid-Market,Retail,Active,True,362480.35,229632.0,60.0,2.0,50.0,1.1923758036207353,5,3,176041.64,80.0,381,5.945420608606575,0.950684073688721,95.07,1,Critical,167359.98,27,2026-09-30,2024-12-31
CUST-001972,Riley-Snow,Strategic,Media,Active,False,6366044.95,4105672.61,70.0,6.0,66.66666666666666,1.3120831192509246,8,5,5311983.74,62.5,1308,7.1770187659099,0.9499731053119772,95.0,1,Critical,5046241.69,28,2026-09-30,2024-12-31
CUST-002066,George LLC,Strategic,Technology,Active,False,7012451.22,4471603.18,95.0,3.0,100.0,1.1371590392399729,8,6,4934400.49,62.5,388,5.963579343618446,0.9495087231907536,94.95,1,Critical,4685256.31,29,2026-09-30,2024-12-31
CUST-002330,"Cole, Morton and Peterson",SMB,Banking,Active,False,20038.21,12174.88,18.0,0.0,0.0,1.3204470429145287,3,1,14175.71,100.0,1636,7.400620577371135,0.9489028728460611,94.89,1,Critical,13451.37,30,2026-09-30,2024-12-31
CUST-001478,Adkins-Meyer,SMB,Insurance,Active,False,27358.87,16963.63,22.0,0.0,0.0,0.9449831863667081,2,1,9024.05,100.0,803,6.6895992691789665,0.9484877512397237,94.85,1,Critical,8559.2,31,2026-09-30,2024-12-31
CUST-000686,"Boyd, Gutierrez and Hill",SMB,Retail,Active,False,21180.05,13882.91,25.0,1.0,0.0,1.394699615301933,3,2,19533.62,66.66666666666666,1587,7.370230641807081,0.9477190642831442,94.77,1,Critical,18512.38,32,2026-09-30,2024-12-31
CUST-001118,"Lynch, Evans and Rodriguez",Mid-Market,Retail,Active,True,141577.88,89205.46,28.0,2.0,0.0,1.0512235244334927,3,1,47924.75,100.0,1009,6.917705609835305,0.9455726783140914,94.56,1,Critical,45316.33,33,2026-09-30,2024-12-31
CUST-001389,Pearson-King,SMB,Retail,Active,False,22689.38,14852.72,20.0,3.0,33.33333333333333,1.2592755569095142,2,1,8579.2,100.0,860,6.7580945044277305,0.945474472767487,94.55,1,Critical,8111.41,34,2026-09-30,2024-12-31
CUST-001706,Martin LLC,SMB,Retail,Active,False,17458.71,10994.9,14.0,0.0,0.0,1.2809157641880378,3,1,13961.51,100.0,1260,7.13966033596492,0.9433080721464767,94.33,1,Critical,13170.01,35,2026-09-30,2024-12-31
CUST-000816,Lopez Ltd,SMB,Retail,Active,False,20743.86,12708.37,22.0,0.0,0.0,1.296889896607709,3,1,11591.58,100.0,1154,7.051855622955894,0.943147696298946,94.31,1,Critical,10932.57,36,2026-09-30,2024-12-31
CUST-000911,Best-Townsend,SMB,Transportation,Active,False,8971.46,5841.0,12.0,3.0,100.0,1.0218943990528784,3,1,8597.16,66.66666666666666,1866,7.532088143541722,0.9431012089794545,94.31,1,Critical,8107.99,37,2026-09-30,2024-12-31
CUST-001406,Harris Ltd,SMB,Retail,Active,True,24717.66,15786.74,18.0,0.0,0.0,1.3553512502273535,2,1,18143.14,100.0,560,6.329720905522696,0.9428256445457719,94.28,1,Critical,17105.82,38,2026-09-30,2024-12-31
CUST-001593,Deleon LLC,SMB,Technology,Active,False,29935.96,19043.86,24.0,1.0,0.0,1.1920361116435891,3,2,28975.92,100.0,2060,7.630946580890459,0.9423269561033748,94.23,1,Critical,27304.79,39,2026-09-30,2024-12-31
CUST-000291,Brennan-Johnson,SMB,Retail,Active,False,11742.94,7814.92,16.0,2.0,100.0,1.415789368802698,2,1,7502.41,100.0,627,6.4425401664681985,0.9416094829329097,94.16,1,Critical,7064.34,40,2026-09-30,2024-12-31
CUST-001997,"Wilson, Mendoza and Crosby",SMB,Insurance,Active,False,7959.49,4889.86,12.0,1.0,0.0,0.8627048748445656,1,1,7745.89,100.0,571,6.349138991379798,0.9404631528716068,94.05,1,Critical,7284.72,41,2026-09-30,2024-12-31
CUST-000690,"Flores, Butler and Hernandez",SMB,Retail,Active,False,18082.67,11892.32,10.0,0.0,0.0,1.3717266482597854,3,1,20501.65,100.0,2053,7.627544390488503,0.9398320878106301,93.98,1,Critical,19268.11,42,2026-09-30,2024-12-31
CUST-001302,Reilly-Rodriguez,SMB,Media,Active,False,31132.13,19745.53,24.0,1.0,0.0,1.2621910261550557,3,2,30128.79,100.0,1487,7.305188215393037,0.9398097122693124,93.98,1,Critical,28315.33,43,2026-09-30,2024-12-31
CUST-000436,Cox LLC,Strategic,Retail,Active,True,5710047.05,3525778.86,57.0,6.0,66.66666666666666,1.3233206954224788,6,4,4809685.62,66.66666666666666,1976,7.589335823170617,0.9380235921231774,93.8,1,Critical,4511598.58,44,2026-09-30,2024-12-31
CUST-000044,Allen-Allen,SMB,Retail,Active,True,11726.26,6795.22,10.0,0.0,0.0,1.3075082906395343,1,1,13179.62,100.0,300,5.707110264748875,0.9374036863926287,93.74,1,Critical,12354.62,45,2026-09-30,2024-12-31
CUST-001203,"Davis, Stanley and Wright",SMB,Technology,Active,True,11323.19,6840.36,12.0,2.0,50.0,1.4461150477652445,2,1,10694.99,100.0,1429,7.265429723253953,0.9368526442012053,93.69,1,Critical,10019.63,46,2026-09-30,2024-12-31
CUST-000153,Manning Group,Mid-Market,Manufacturing,Active,True,49489.58,32783.29,12.0,1.0,0.0,0.9685950752534392,4,1,47099.75,75.0,2022,7.612336837167746,0.9365454708474089,93.65,1,Critical,44111.06,47,2026-09-30,2024-12-31
CUST-001676,Wilkerson-Ayala,SMB,Energy,Active,False,25549.61,16002.31,24.0,0.0,0.0,1.209482299300357,3,1,13272.02,100.0,565,6.338594078203183,0.9360482385115905,93.6,1,Critical,12423.25,48,2026-09-30,2024-12-31
CUST-001984,Sawyer Group,SMB,Retail,Active,False,6938.47,4146.67,12.0,1.0,0.0,1.5904010030259086,1,1,6755.38,100.0,1292,7.164720378771857,0.9355809104522007,93.56,1,Critical,6320.2,49,2026-09-30,2024-12-31
CUST-001531,"Evans, Ward and Williams",SMB,Transportation,Active,False,23686.35,14646.94,23.0,0.0,0.0,1.1980808379628558,3,1,15254.11,100.0,1070,6.976348070447749,0.934001316864879,93.4,1,Critical,14247.36,50,2026-09-30,2024-12-31
CUST-001958,Brown-Graham,Strategic,Technology,Active,True,5917136.43,3736393.77,64.0,1.0,0.0,1.3419898657744118,7,2,1588175.26,100.0,1965,7.583756300707112,0.9333204754623835,93.33,1,Critical,1482276.49,51,2026-09-30,2024-12-31
CUST-001030,"Santiago, Daniel and Rogers",Strategic,Transportation,Active,False,6123446.31,3861961.66,68.0,6.0,66.66666666666666,1.3755428963431306,8,3,3606555.41,87.5,857,6.754604099487962,0.9331644360871614,93.32,1,Critical,3365509.25,52,2026-09-30,2024-12-31
CUST-001464,"Cook, Ward and Castro",SMB,Technology,Active,False,40780.04,25451.61,33.0,0.0,0.0,1.3289938955435332,3,1,15443.2,100.0,446,6.102558594613569,0.9329450064560211,93.29,1,Critical,14407.66,53,2026-09-30,2024-12-31
CUST-002198,"Thompson, Phelps and Stuart",SMB,Retail,Active,False,17839.92,11709.68,19.0,0.0,0.0,1.3877721008007005,3,1,8038.7,100.0,1857,7.527255919373784,0.9308233748947775,93.08,1,Critical,7482.61,54,2026-09-30,2024-12-31
CUST-002449,Weaver-Rubio,SMB,Retail,Active,False,19851.88,12959.65,12.0,1.0,0.0,1.618344552016958,1,1,18874.02,100.0,657,6.489204931325317,0.930650711138538,93.07,1,Critical,17565.12,55,2026-09-30,2024-12-31
CUST-000457,Bishop-Goodwin,Enterprise,Retail,Active,True,1407547.56,908334.14,60.0,2.0,0.0,1.389525300820607,5,2,548435.63,100.0,380,5.942799375126701,0.930526975764542,93.05,1,Critical,510334.15,56,2026-09-30,2024-12-31
CUST-002344,Hernandez-Henderson,SMB,Banking,Active,False,50151.01,30959.51,36.0,0.0,0.0,1.2577622883037476,3,1,16811.06,66.66666666666666,365,5.902633333401366,0.9297745595015515,92.98,1,Critical,15630.5,57,2026-09-30,2024-12-31
CUST-001002,Garcia Ltd,SMB,Transportation,Active,False,25349.74,15861.62,23.0,0.0,0.0,1.3763954766465616,2,1,16595.01,100.0,1738,7.461065514354283,0.9288129511007857,92.88,1,Critical,15413.66,58,2026-09-30,2024-12-31
CUST-001970,Hood-Ramirez,SMB,Media,Active,False,36849.31,23152.32,36.0,0.0,0.0,1.2010576170727314,3,2,16631.3,66.66666666666666,393,5.976350909297934,0.9284486338433405,92.84,1,Critical,15441.31,59,2026-09-30,2024-12-31
CUST-000010,Abbott-Munoz,Mid-Market,Education,Active,False,221661.8,142922.31,44.0,0.0,0.0,1.3027652736773023,5,1,36525.15,80.0,1764,7.475905969367397,0.9267939587229602,92.68,1,Critical,33851.29,60,2026-09-30,2024-12-31
CUST-000837,Lee Group,SMB,Retail,Active,False,32918.27,20904.38,22.0,2.0,0.0,1.221977553690805,3,1,16937.56,100.0,1935,7.568379267836522,0.926178325381407,92.62,1,Critical,15687.2,61,2026-09-30,2024-12-31
CUST-001507,"Aguirre, Cohen and Mitchell",Mid-Market,Technology,Active,True,209303.06,136997.26,44.0,1.0,0.0,1.2332455310852914,5,2,90304.48,60.0,770,6.647688373563329,0.9250630061363824,92.51,1,Critical,83537.33,62,2026-09-30,2024-12-31
CUST-001812,Roberts Ltd,Strategic,Manufacturing,Active,False,4278575.85,2704211.89,60.0,7.0,42.857142857142854,1.4046604250638381,5,1,1193381.35,60.0,390,5.968707559985366,0.9249776226653007,92.5,1,Critical,1103851.04,63,2026-09-30,2024-12-31
CUST-000404,Jones-Hensley,Mid-Market,Transportation,Active,False,99639.61,60209.68,20.0,2.0,0.0,1.4564057907913355,4,1,58352.58,75.0,1035,6.943122422819428,0.9242849717646471,92.43,1,Critical,53934.41,64,2026-09-30,2024-12-31
CUST-001182,"Hall, Hinton and Phillips",SMB,Media,Active,False,27102.7,17107.45,21.0,2.0,100.0,1.352225527684083,2,1,17556.15,100.0,479,6.173786103901937,0.9239952470246353,92.4,1,Critical,16221.8,65,2026-09-30,2024-12-31
CUST-001264,"Mckinney, Richardson and Chapman",SMB,Banking,Active,False,36871.5,23692.95,30.0,1.0,100.0,1.2310706218872145,3,1,7434.42,100.0,482,6.180016653652572,0.9224384893827958,92.24,1,Critical,6857.8,66,2026-09-30,2024-12-31
CUST-002298,"Smith, Booker and Douglas",SMB,Banking,Active,False,22380.2,14192.73,16.0,1.0,0.0,1.4313609009639885,2,1,14777.97,50.0,1407,7.249925536717988,0.9223071511603378,92.23,1,Critical,13629.83,67,2026-09-30,2024-12-31
CUST-000383,"Austin, Day and Johnson",SMB,Education,Active,False,18814.94,11644.96,12.0,1.0,0.0,1.4848256982058723,1,1,17855.68,100.0,378,5.937536205082426,0.9211329911057872,92.11,1,Critical,16447.46,68,2026-09-30,2024-12-31
CUST-001037,"Perez, Hayes and Lloyd",SMB,Professional Services,Active,False,10640.14,6754.16,12.0,1.0,0.0,1.568052990255398,2,1,10174.53,100.0,1764,7.475905969367397,0.9198247495050577,91.98,1,Critical,9358.78,69,2026-09-30,2024-12-31
CUST-000256,"Johnson, Miller and King",SMB,Retail,Active,False,40504.85,25335.51,36.0,0.0,0.0,1.5514181484381435,3,2,21236.03,100.0,856,6.75343791859778,0.9186289024065014,91.86,1,Critical,19508.03,70,2026-09-30,2024-12-31
CUST-001777,Chavez-Johnson,SMB,Energy,Active,False,33380.27,21221.67,22.0,0.0,0.0,1.2172879578346225,2,1,18431.98,100.0,1266,7.144407180321139,0.9173371586847551,91.73,1,Critical,16908.34,71,2026-09-30,2024-12-31
CUST-002107,Beltran Inc,Mid-Market,Transportation,Active,False,163770.52,102760.43,28.0,1.0,0.0,1.4213804760970872,4,1,73178.7,100.0,1252,7.133295954896068,0.9172800611418813,91.73,1,Critical,67125.36,72,2026-09-30,2024-12-31
CUST-002134,Fuller and Sons,SMB,Media,Active,False,16454.84,10725.16,18.0,0.0,0.0,1.1810189083597002,3,1,8825.84,100.0,1157,7.05444965813294,0.9171924162300519,91.72,1,Critical,8094.99,73,2026-09-30,2024-12-31
CUST-000583,Martin-Ewing,SMB,Transportation,Active,False,26496.36,17134.67,20.0,0.0,0.0,1.1676939624571852,3,1,16142.85,66.66666666666666,949,6.856461984594587,0.9166487290907798,91.66,1,Critical,14797.32,74,2026-09-30,2024-12-31
CUST-002275,Austin-Juarez,SMB,Banking,Active,False,26919.7,17619.56,24.0,0.0,0.0,1.2288379699317984,3,1,7664.2,100.0,1900,7.550135342488429,0.9155467276445548,91.55,1,Critical,7016.93,75,2026-09-30,2024-12-31
CUST-001109,"Ortiz, Smith and Deleon",SMB,Manufacturing,Active,False,16380.26,9788.96,22.0,0.0,0.0,1.0043647260645807,2,1,7982.65,100.0,1332,7.195187320178709,0.9147400844963379,91.47,1,Critical,7302.05,76,2026-09-30,2024-12-31
CUST-000331,Reid Group,SMB,Retail,Active,False,43242.98,27304.95,27.0,0.0,0.0,1.2313575331527478,3,2,38445.28,100.0,650,6.478509642208569,0.9143305716680326,91.43,1,Critical,35151.69,77,2026-09-30,2024-12-31
CUST-001786,"Reynolds, Baird and Bradley",SMB,Retail,Active,False,11269.46,7811.21,12.0,1.0,0.0,0.8461120922542185,1,1,11029.05,100.0,632,6.450470422144176,0.9133314356784425,91.33,1,Critical,10073.18,78,2026-09-30,2024-12-31
CUST-000675,Hill Ltd,Strategic,Banking,Active,True,10232912.2,6587406.51,108.0,3.0,100.0,1.3183406891580907,9,9,9740743.8,66.66666666666666,349,5.857933154483459,0.913327188201722,91.33,1,Critical,8896486.15,79,2026-09-30,2024-12-31
CUST-001814,"Smith, Griffith and Tucker",SMB,Banking,Active,True,16359.57,10930.4,12.0,0.0,0.0,1.2571650496608962,3,1,14382.06,100.0,1271,7.148345743900068,0.9126442161621809,91.26,1,Critical,13125.7,80,2026-09-30,2024-12-31
CUST-002098,Williams-Turner,SMB,Energy,Active,True,15589.42,9943.38,12.0,0.0,0.0,1.2040109004867612,2,1,14600.3,100.0,1205,7.095064377287131,0.912327650713428,91.23,1,Critical,13320.26,81,2026-09-30,2024-12-31
CUST-000242,Larson-Holloway,Mid-Market,Transportation,Active,False,215817.16,136731.61,32.0,2.0,50.0,1.2528620567883169,3,1,75005.96,100.0,439,6.0867747269123065,0.9122974302924627,91.23,1,Critical,68427.74,82,2026-09-30,2024-12-31
CUST-001939,"Serrano, Turner and Barnes",SMB,Transportation,Active,True,33048.3,20698.87,35.0,0.0,0.0,1.301758096511082,3,2,14358.93,100.0,408,6.013715156042802,0.9121645164725098,91.22,1,Critical,13097.71,83,2026-09-30,2024-12-31
CUST-000118,Rasmussen LLC,SMB,Insurance,Active,False,23083.34,14496.49,21.0,0.0,0.0,1.0800449208640701,2,1,11020.71,100.0,1436,7.270312886079025,0.9118035519949219,91.18,1,Critical,10048.72,84,2026-09-30,2024-12-31
CUST-001270,Rivera Ltd,Mid-Market,Healthcare,Active,False,299619.88,187525.45,48.0,0.0,0.0,1.4462394382376877,5,1,77606.45,80.0,746,6.616065185132817,0.9115866572915315,91.16,1,Critical,70745.0,85,2026-09-30,2024-12-31
CUST-002498,"Woodard, Warner and Farmer",SMB,Transportation,Active,False,15161.74,10189.34,14.0,0.0,0.0,1.2742160573598025,2,1,11217.89,100.0,697,6.548219102762372,0.9112535245631034,91.13,1,Critical,10222.34,86,2026-09-30,2024-12-31
CUST-002050,Lara-Roberts,Mid-Market,Technology,Active,False,235994.33,145302.78,45.0,1.0,0.0,1.0794114898464107,5,2,136801.26,60.0,522,6.259581464064923,0.9105606254592645,91.06,1,Critical,124565.84,87,2026-09-30,2024-12-31
CUST-000272,"Suarez, Shields and Hill",SMB,Media,Active,False,24369.18,15137.19,20.0,0.0,0.0,1.171067257406202,2,1,9768.92,100.0,509,6.234410725718371,0.9105130559182256,91.05,1,Critical,8894.73,88,2026-09-30,2024-12-31
CUST-000883,Barber-Fischer,SMB,Retail,Active,True,33367.32,21980.03,24.0,0.0,0.0,1.1917015208281365,3,2,30536.42,100.0,2084,7.642524134232902,0.9091442918877427,90.91,1,Critical,27762.01,89,2026-09-30,2024-12-31
CUST-001135,Green-Carter,SMB,Healthcare,Active,False,26651.18,16123.38,19.0,1.0,0.0,1.3608475721486937,2,1,20365.51,100.0,1399,7.24422751560335,0.9088582179356524,90.89,1,Critical,18509.36,90,2026-09-30,2024-12-31
CUST-001631,"Hughes, Whitney and Romero",SMB,Banking,Active,False,43359.81,26775.96,33.0,3.0,66.66666666666666,1.2488187740365748,3,1,7863.21,66.66666666666666,1805,7.498869733976931,0.9088264388569248,90.88,1,Critical,7146.29,91,2026-09-30,2024-12-31
CUST-000379,Moore Group,SMB,Technology,Active,False,32726.98,21309.77,20.0,0.0,0.0,1.0752933259526987,3,1,19647.99,100.0,1052,6.959398512133975,0.9076458059798901,90.76,1,Critical,17833.42,92,2026-09-30,2024-12-31
CUST-002511,"Gardner, Robinson and Lawrence",SMB,Insurance,Active,False,9897.37,6050.0,10.0,0.0,0.0,1.1361550814406973,3,1,11155.73,100.0,1000,6.90875477931522,0.9074888574391357,90.75,1,Critical,10123.7,93,2026-09-30,2024-12-31
CUST-002536,"Gardner, Robinson and Lawrence",SMB,Insurance,Active,False,9897.37,6050.0,10.0,0.0,0.0,1.1361550814406973,3,1,11155.73,100.0,1000,6.90875477931522,0.9074888574391357,90.75,1,Critical,10123.7,94,2026-09-30,2024-12-31
CUST-001609,Adams Group,SMB,Transportation,Active,False,26839.57,17845.49,23.0,0.0,0.0,1.2067335241291455,2,1,7716.29,100.0,414,6.028278520230698,0.9071806296293441,90.72,1,Critical,7000.07,95,2026-09-30,2024-12-31
CUST-001358,"Love, Wilson and Hall",SMB,Technology,Active,False,49121.64,31343.53,34.0,0.0,0.0,1.0927371911434378,3,1,14812.88,66.66666666666666,902,6.805722553416985,0.9069553465412629,90.7,1,Critical,13434.62,96,2026-09-30,2024-12-31
CUST-001136,Ruiz Ltd,SMB,Media,Active,False,7245.39,4549.22,12.0,0.0,0.0,1.5115533731105584,1,1,6879.83,100.0,2094,7.647308832356238,0.9064911571030884,90.65,1,Critical,6236.51,97,2026-09-30,2024-12-31
CUST-001021,"Buchanan, Walker and Chapman",Strategic,Healthcare,Active,True,8452088.36,5330093.11,90.0,6.0,50.0,1.3193779668506571,8,6,6661872.68,75.0,815,6.704414354964107,0.9062256449467438,90.62,1,Critical,6037159.87,98,2026-09-30,2024-12-31
CUST-001095,Jones Ltd,SMB,Manufacturing,Active,False,32516.26,21242.38,25.0,0.0,0.0,1.0521858245448652,3,1,8989.64,66.66666666666666,991,6.899723107284872,0.9055063847503181,90.55,1,Critical,8140.18,99,2026-09-30,2024-12-31
CUST-001765,Williams-Johnson,Mid-Market,Media,Active,False,145602.9,91626.59,26.0,1.0,0.0,1.1818222985852775,3,1,50049.91,100.0,1242,7.1252830915107115,0.9031354705397652,90.31,1,Critical,45201.85,100,2026-09-30,2024-12-31
CUST-000167,"Hurst, Freeman and Nelson",SMB,Media,Active,True,37692.35,25217.32,24.0,1.0,0.0,1.3239015915123358,3,2,35392.49,100.0,1535,7.336936913707618,0.902960668653994,90.3,1,Critical,31958.03,101,2026-09-30,2024-12-31
CUST-000083,Donovan-Harris,SMB,Media,Active,False,41838.22,26358.77,32.0,2.0,0.0,1.2800462761508458,3,2,26482.18,100.0,1864,7.5310163320779155,0.9023869005830094,90.24,1,Critical,23897.17,102,2026-09-30,2024-12-31
CUST-000567,"Owens, Koch and Jimenez",SMB,Retail,Active,False,17563.17,10641.22,12.0,1.0,0.0,1.4961199526502698,1,1,16761.98,100.0,721,6.582025138892826,0.9018008506851665,90.18,1,Critical,15115.97,103,2026-09-30,2024-12-31
CUST-001391,"Sanders, Harris and Arnold",SMB,Transportation,Active,False,8199.24,5183.8,10.0,0.0,0.0,1.3820994355839995,3,1,9324.33,100.0,1076,6.981934677156389,0.901461875789532,90.15,1,Critical,8405.53,104,2026-09-30,2024-12-31
CUST-002169,Harris-Reid,SMB,Banking,Active,False,21871.32,13785.8,21.0,0.0,0.0,1.3615417033548702,2,1,13803.13,100.0,1338,7.199678345691172,0.9009704487925404,90.1,1,Critical,12436.21,105,2026-09-30,2024-12-31
CUST-001064,Armstrong-Young,Mid-Market,Transportation,Active,False,206090.02,127923.37,31.0,0.0,0.0,1.2337369713564024,5,1,84329.12,80.0,1206,7.095893221097532,0.9006685828587758,90.07,1,Critical,75952.59,106,2026-09-30,2024-12-31
CUST-000933,"Craig, Wilson and Yang",SMB,Transportation,Active,False,16830.82,10485.2,21.0,0.0,0.0,1.4822396157786097,3,1,7201.93,100.0,1984,7.59337419312129,0.8988659545755249,89.89,1,Critical,6473.57,107,2026-09-30,2024-12-31
CUST-001048,Williams PLC,SMB,Education,Active,False,14368.85,9291.6,12.0,0.0,0.0,1.2045775692130558,3,1,13599.51,100.0,1487,7.305188215393037,0.898841350105825,89.88,1,Critical,12223.8,108,2026-09-30,2024-12-31
CUST-002358,"Reed, Terry and Smith",SMB,Media,Active,False,24451.84,15412.15,21.0,0.0,0.0,1.3218428701134675,3,1,10155.57,100.0,794,6.678342114654332,0.8988297881595623,89.88,1,Critical,9128.13,109,2026-09-30,2024-12-31
CUST-000253,Bailey-Cook,SMB,Media,Active,True,9819.67,5979.85,12.0,0.0,0.0,1.505467398639617,3,1,9658.82,100.0,785,6.666956792429207,0.8976218455047328,89.76,1,Critical,8669.97,110,2026-09-30,2024-12-31
CUST-000171,Meadows PLC,Mid-Market,Transportation,Active,True,184692.98,120432.35,31.0,2.0,50.0,1.3008261966426322,4,2,133805.75,75.0,1786,7.488293515159428,0.8969162124315967,89.69,1,Critical,120012.55,111,2026-09-30,2024-12-31
CUST-001462,Brown LLC,SMB,Media,Active,False,6267.26,3804.58,10.0,0.0,0.0,1.2485046015881838,1,1,6960.94,100.0,1937,7.569411792450712,0.8968576227593671,89.69,1,Critical,6242.97,112,2026-09-30,2024-12-31
CUST-002309,Fitzgerald-Dorsey,SMB,Retail,Active,False,36116.28,22626.54,35.0,1.0,100.0,1.3414230224925476,3,2,22729.05,100.0,416,6.0330862217988015,0.8967791049271597,89.68,1,Critical,20382.94,113,2026-09-30,2024-12-31
CUST-002321,Carroll-Arnold,Mid-Market,Retail,Active,False,307126.99,197593.5,53.0,1.0,0.0,1.3382427019117753,5,4,281954.82,80.0,699,6.551080335043404,0.8964229730367899,89.64,1,Critical,252750.78,114,2026-09-30,2024-12-31
CUST-000060,Gomez-Jenkins,SMB,Manufacturing,Active,False,30240.41,18761.58,23.0,2.0,50.0,1.4730601260616185,3,1,20759.57,100.0,671,6.51025834052315,0.8960108887483447,89.6,1,Critical,18600.8,115,2026-09-30,2024-12-31
CUST-001010,Weaver-Thompson,SMB,Transportation,Active,True,34221.22,21063.86,24.0,1.0,0.0,1.3957252408544132,2,2,33024.62,100.0,584,6.371611847231857,0.8959664914083856,89.6,1,Critical,29588.95,116,2026-09-30,2024-12-31
CUST-000871,Adams-Clayton,Mid-Market,Retail,Active,False,104602.27,68438.79,24.0,0.0,0.0,0.9647663653082599,4,2,97785.19,100.0,1710,7.444833273892193,0.8952293697427639,89.52,1,Critical,87540.17,117,2026-09-30,2024-12-31
CUST-000733,Adams-Sanders,SMB,Retail,Active,False,10323.89,7126.69,12.0,1.0,100.0,1.2177065762455574,1,1,9512.84,100.0,1291,7.163946684342547,0.8940612729718647,89.41,1,Critical,8505.06,118,2026-09-30,2024-12-31
CUST-001263,Greer-Pruitt,SMB,Education,Active,False,19370.86,12475.07,12.0,0.0,0.0,1.031108135939222,1,1,18498.23,100.0,1120,7.02197642307216,0.8938950446587257,89.39,1,Critical,16535.48,119,2026-09-30,2024-12-31
CUST-001209,Rivera LLC,SMB,Media,Active,False,25775.65,15965.53,20.0,0.0,0.0,1.1354849300392678,3,1,14084.8,100.0,1731,7.4570320891223805,0.8937720162406244,89.38,1,Critical,12588.6,120,2026-09-30,2024-12-31
CUST-001393,Hinton-Lane,Mid-Market,Media,Active,False,86371.55,55791.01,25.0,0.0,0.0,1.410873871657952,5,1,30500.77,80.0,1867,7.532623618788788,0.8932324246362318,89.32,1,Critical,27244.28,121,2026-09-30,2024-12-31
CUST-002329,Edwards-Ramsey,Strategic,Transportation,Active,True,5930433.88,3788889.76,76.0,5.0,60.0,1.2961232075110005,9,4,3934785.74,100.0,806,6.693323668269949,0.8930095224079596,89.3,1,Critical,3513801.13,122,2026-09-30,2024-12-31
CUST-001424,Reyes and Sons,SMB,Media,Active,False,14011.47,8743.82,12.0,0.0,0.0,1.2129465038951655,2,1,13635.4,100.0,1525,7.330405211844402,0.8912576433443863,89.13,1,Critical,12152.65,123,2026-09-30,2024-12-31
CUST-001564,Owen-Brown,Strategic,Manufacturing,Active,True,3333333.54,2085690.16,56.0,8.0,75.0,1.2133453067510784,6,5,3383627.4,50.0,1698,7.4377951216719325,0.8907626942148864,89.08,1,Critical,3014009.06,124,2026-09-30,2024-12-31
CUST-000857,"Adams, Hodge and Duke",Mid-Market,Insurance,Active,False,205310.07,133299.75,37.0,2.0,50.0,1.1435416441242898,4,1,61311.55,100.0,792,6.675823221634848,0.8897469908863471,88.97,1,Critical,54551.77,125,2026-09-30,2024-12-31
CUST-000592,"Harvey, Randall and Hernandez",SMB,Banking,Active,False,45347.38,28416.43,34.0,1.0,0.0,1.1969292847799307,3,2,30917.25,66.66666666666666,1003,6.911747300251674,0.8893433701401174,88.93,1,Critical,27496.05,126,2026-09-30,2024-12-31
CUST-002338,"Leonard, Ballard and Miller",Mid-Market,Education,Active,True,157813.63,105098.9,23.0,1.0,0.0,1.4386425932494071,5,1,92488.43,60.0,1013,6.921658184151129,0.8892575540136729,88.93,1,Critical,82246.04,127,2026-09-30,2024-12-31
CUST-001366,"Nicholson, Valentine and Robinson",SMB,Retail,Active,False,12800.93,8078.6,12.0,0.0,0.0,1.3083096125279048,2,1,12233.43,100.0,2091,7.645875825184813,0.888548454805609,88.85,1,Critical,10870.0,128,2026-09-30,2024-12-31
CUST-001038,Phillips LLC,Strategic,Professional Services,Active,True,9266643.79,5828849.08,88.0,5.0,80.0,1.3213238464683692,9,5,5717872.96,88.88888888888889,1368,7.221835825288449,0.8884478923934364,88.84,1,Critical,5080032.18,129,2026-09-30,2024-12-31
CUST-001883,Price-Ferrell,SMB,Technology,Active,False,20187.91,13976.31,12.0,0.0,0.0,1.689250616909823,1,1,19687.17,100.0,662,6.4967749901858625,0.8873975229437947,88.74,1,Critical,17470.35,130,2026-09-30,2024-12-31
CUST-002209,Shaffer-Manning,SMB,Media,Active,False,13298.07,8606.78,12.0,0.0,0.0,0.9884417532874513,1,1,12143.62,100.0,844,6.739336627357174,0.8859261030291211,88.59,1,Critical,10758.35,131,2026-09-30,2024-12-31
CUST-001681,"Payne, Long and Morris",SMB,Manufacturing,Active,True,41246.36,27330.46,27.0,0.0,0.0,1.1658010528450624,3,2,34401.84,100.0,2087,7.643961949002529,0.8851697039708812,88.52,1,Critical,30451.47,132,2026-09-30,2024-12-31
CUST-000626,Osborn Group,Mid-Market,Insurance,Active,False,181054.09,113605.39,22.0,1.0,0.0,1.3031235675463297,5,1,93595.87,100.0,1828,7.511524648390866,0.8839920703923256,88.4,1,Critical,82738.01,133,2026-09-30,2024-12-31
CUST-002173,Weber Inc,SMB,Manufacturing,Active,True,38076.25,23670.1,30.0,1.0,100.0,1.4719444315239467,3,2,33090.29,100.0,1312,7.180069874302796,0.8839174938090483,88.39,1,Critical,29249.09,134,2026-09-30,2024-12-31
CUST-002156,"Peterson, Davis and Reed",SMB,Transportation,Active,False,14972.14,9257.1,12.0,0.0,0.0,1.5094254396530957,3,1,14474.48,100.0,1767,7.477604243197589,0.883340621938525,88.33,1,Critical,12785.9,135,2026-09-30,2024-12-31
CUST-001184,Phelps LLC,Mid-Market,Retail,Active,True,206051.11,134030.41,53.0,1.0,0.0,1.1449953961395742,5,3,115847.26,80.0,1925,7.563200592358071,0.8827329532677819,88.27,1,Critical,102262.19,136,2026-09-30,2024-12-31
CUST-001570,Hudson and Sons,SMB,Education,Active,False,17025.94,10901.95,24.0,0.0,0.0,1.1434227064972693,2,1,7096.3,100.0,1857,7.527255919373784,0.8815289932627107,88.15,1,Critical,6255.59,137,2026-09-30,2024-12-31
CUST-000205,Miller Ltd,Mid-Market,Transportation,Active,False,223055.31,132071.35,34.0,0.0,0.0,1.4042715863826347,5,1,82159.05,100.0,1327,7.191429330036379,0.8809914279810684,88.1,1,Critical,72381.42,138,2026-09-30,2024-12-31
CUST-001123,Guerrero-Becker,Mid-Market,Retail,Active,False,119849.14,74772.13,16.0,2.0,50.0,1.1857872771196325,3,1,95032.92,100.0,1432,7.267525427828172,0.8808465544222477,88.08,1,Critical,83709.42,139,2026-09-30,2024-12-31
CUST-000544,Donovan-Perez,SMB,Transportation,Active,False,7483.6,4914.27,12.0,0.0,0.0,1.6252499068788056,2,1,7061.86,100.0,933,6.839476438228843,0.8795593603384494,87.96,1,Critical,6211.33,140,2026-09-30,2024-12-31
CUST-001853,May Inc,Strategic,Energy,Active,False,8999221.36,5788824.54,96.0,5.0,100.0,1.2106407369301881,8,8,8503725.48,100.0,345,5.846438775057725,0.8793886435003007,87.94,1,Critical,7478079.61,141,2026-09-30,2024-12-31
CUST-001971,"Patterson, Salas and Wright",SMB,Technology,Active,False,39991.79,24876.36,36.0,0.0,0.0,1.1754961103088462,3,1,9491.8,100.0,748,6.618738983517219,0.876889261993695,87.69,1,Critical,8323.26,142,2026-09-30,2024-12-31
CUST-000699,"Morrison, Russo and Lopez",SMB,Healthcare,Active,False,33711.38,20469.93,22.0,1.0,0.0,1.2410942390026583,3,2,34891.43,100.0,1288,7.161622002939187,0.8762979162438191,87.63,1,Critical,30575.29,143,2026-09-30,2024-12-31
CUST-002443,Berry-Knight,SMB,Retail,Active,False,14777.31,9517.98,12.0,0.0,0.0,1.125863402230756,1,1,14553.64,100.0,2011,7.60688453121963,0.8762843267077076,87.63,1,Critical,12753.13,144,2026-09-30,2024-12-31
CUST-002262,Fitzgerald-Scott,SMB,Healthcare,Active,False,23356.29,14513.4,26.0,3.0,33.33333333333333,1.484422325226622,3,2,20452.67,100.0,779,6.659293919683638,0.8762027951556048,87.62,1,Critical,17920.69,145,2026-09-30,2024-12-31
CUST-001045,Rivera and Sons,Strategic,Banking,Active,True,8617933.67,5579980.94,88.0,3.0,100.0,1.32082321282156,8,8,8694270.67,87.5,331,5.805134968916488,0.8756515465463386,87.57,1,Critical,7613151.56,146,2026-09-30,2024-12-31
CUST-000916,"Herrera, Jensen and Ramirez",SMB,Retail,Active,False,16165.9,10504.24,12.0,0.0,0.0,1.5385159173929652,1,1,14422.53,100.0,1082,6.9874902470009905,0.8739850026276953,87.4,1,Critical,12605.07,147,2026-09-30,2024-12-31
CUST-001571,"Curry, Perry and Garcia",Mid-Market,Manufacturing,Active,True,291328.96,180556.58,43.0,0.0,0.0,1.3748985095483301,5,2,164777.19,80.0,1505,7.317212408359839,0.8727519296147453,87.28,1,Critical,143809.61,148,2026-09-30,2024-12-31
CUST-000142,Riggs PLC,Mid-Market,Transportation,Active,True,259191.06,163395.92,34.0,0.0,0.0,1.3490842790878286,3,1,85633.49,66.66666666666666,399,5.991464547107982,0.8709668416738694,87.1,1,Critical,74583.93,149,2026-09-30,2024-12-31
CUST-002231,Hunter-Bell,Mid-Market,Transportation,Active,False,74103.55,42935.59,13.0,1.0,0.0,1.43078075879906,5,1,69540.1,100.0,1336,7.198183577101943,0.8707725157141074,87.08,1,Critical,60553.61,150,2026-09-30,2024-12-31
CUST-001840,Washington-Martinez,Strategic,Energy,Active,False,7427135.41,4614531.94,91.0,3.0,100.0,1.2120702977020277,8,7,6173744.63,62.5,615,6.423246963533519,0.8693008132051986,86.93,1,Critical,5366841.23,151,2026-09-30,2024-12-31
CUST-000244,Lyons-Bender,SMB,Education,Active,False,31230.9,20824.43,22.0,0.0,0.0,1.3272304902065752,3,1,19374.23,100.0,1614,7.387090235656757,0.8679440564458878,86.79,1,Critical,16815.75,152,2026-09-30,2024-12-31
CUST-000490,Cooper Ltd,Mid-Market,Retail,Active,True,195872.65,122177.85,35.0,1.0,0.0,1.2554441977827604,5,2,104539.06,80.0,1792,7.491645473605133,0.8670654969359972,86.71,1,Critical,90642.21,153,2026-09-30,2024-12-31
CUST-002062,Baker Ltd,SMB,Professional Services,Active,False,18038.07,11503.29,17.0,0.0,0.0,1.0515310436535947,2,1,9510.7,100.0,601,6.400257445308821,0.8658480023130046,86.58,1,Critical,8234.82,154,2026-09-30,2024-12-31
CUST-000454,White Ltd,SMB,Media,Active,False,14396.7,8848.95,12.0,0.0,0.0,1.1673534636492484,3,1,13598.18,66.66666666666666,1445,7.27655640271871,0.8657929160637601,86.58,1,Critical,11773.21,155,2026-09-30,2024-12-31
CUST-001604,Baker-Ross,SMB,Retail,Active,False,15410.5,9566.44,12.0,0.0,0.0,1.251305792080324,1,1,14484.83,100.0,1085,6.990256500493881,0.8657251955810354,86.57,1,Critical,12539.88,156,2026-09-30,2024-12-31
CUST-000774,Fisher-Washington,SMB,Banking,Active,False,15748.92,9555.85,18.0,0.0,0.0,1.4741447593515216,3,1,10412.81,100.0,640,6.46302945692067,0.865174602063899,86.52,1,Critical,9008.9,157,2026-09-30,2024-12-31
CUST-000400,Duran LLC,Mid-Market,Retail,Active,True,201192.17,127639.63,36.0,5.0,40.0,1.383690914814792,3,3,186772.04,100.0,342,5.8377304471659395,0.8647702215844866,86.48,1,Critical,161514.9,158,2026-09-30,2024-12-31
CUST-000536,Parker Ltd,SMB,Professional Services,Active,False,36219.84,23489.4,26.0,0.0,0.0,1.1682492639460293,3,1,13897.1,66.66666666666666,1673,7.422971251049421,0.8647032417706045,86.47,1,Critical,12016.87,159,2026-09-30,2024-12-31
CUST-002436,Torres-Brooks,Mid-Market,Retail,Active,False,298368.52,189460.01,48.0,1.0,100.0,1.2154528998928769,4,2,155381.15,75.0,389,5.966146739123692,0.8639099372506264,86.39,1,Critical,134235.32,160,2026-09-30,2024-12-31
CUST-002226,Welch-Suarez,Strategic,Energy,Active,True,6461173.62,3896798.2,74.0,2.0,0.0,1.2827374849556594,7,3,3259717.56,100.0,1770,7.479299637782834,0.8636988223447405,86.37,1,Critical,2815414.22,161,2026-09-30,2024-12-31
CUST-002099,Webster Inc,SMB,Energy,Active,False,47603.79,30142.67,33.0,0.0,0.0,0.9988754460583057,3,2,27627.06,100.0,1277,7.15305163493748,0.8632981696449095,86.33,1,Critical,23850.39,162,2026-09-30,2024-12-31
CUST-002246,Williams PLC,SMB,Transportation,Active,False,38976.56,24823.68,29.0,1.0,0.0,1.4169595712119465,3,2,27886.71,66.66666666666666,1886,7.54274354536855,0.8632727608480683,86.33,1,Critical,24073.84,163,2026-09-30,2024-12-31
CUST-002230,Holloway Ltd,SMB,Banking,Active,False,10768.1,7253.69,12.0,1.0,100.0,1.349648926240586,2,1,10239.12,100.0,2013,7.607878073278507,0.8628743450946217,86.29,1,Critical,8835.07,164,2026-09-30,2024-12-31
CUST-001688,"Salazar, Moore and Pierce",SMB,Media,Active,False,25218.41,15815.89,23.0,1.0,0.0,1.311879196174009,2,2,26195.52,100.0,1911,7.555905093611346,0.8625367991581544,86.25,1,Critical,22594.6,165,2026-09-30,2024-12-31
CUST-000209,Holt-Torres,Enterprise,Retail,Active,True,809799.43,518990.52,38.0,2.0,50.0,1.1463319164744807,5,1,335684.32,100.0,1327,7.191429330036379,0.8624454148339589,86.24,1,Critical,289509.4,166,2026-09-30,2024-12-31
CUST-000522,Holmes-Mcintyre,SMB,Retail,Active,False,35492.23,21996.32,28.0,0.0,0.0,1.5115262321144673,3,1,11648.54,100.0,514,6.244166900663736,0.8618634654725645,86.19,1,Critical,10039.45,167,2026-09-30,2024-12-31
CUST-000286,Bowen Group,SMB,Insurance,Active,True,23854.53,15183.3,21.0,2.0,0.0,1.3853484859749123,2,1,17266.42,100.0,524,6.263398262591624,0.8613184448625683,86.13,1,Critical,14871.89,168,2026-09-30,2024-12-31
CUST-000199,Ramirez Group,Mid-Market,Retail,Active,False,210308.55,135989.95,28.0,2.0,50.0,1.075684161870262,3,2,172388.21,100.0,1072,6.9782137426306985,0.8608693418586649,86.09,1,Critical,148403.72,169,2026-09-30,2024-12-31
CUST-001560,"Burns, Hanson and Garza",SMB,Insurance,Active,False,35540.0,22439.49,22.0,1.0,100.0,1.0867632013157733,3,1,16919.05,100.0,736,6.602587892189336,0.8608380453514395,86.08,1,Critical,14564.56,170,2026-09-30,2024-12-31
CUST-001851,Young-Alexander,SMB,Energy,Active,False,8782.82,5974.89,12.0,0.0,0.0,1.1397262672542097,2,1,8151.12,100.0,2003,7.602900462204755,0.8607892982480696,86.08,1,Critical,7016.4,171,2026-09-30,2024-12-31
CUST-001632,"Garcia, Stewart and Delacruz",SMB,Manufacturing,Active,False,8957.29,5491.62,12.0,0.0,0.0,1.28880126443886,3,1,8683.3,100.0,1387,7.23561914106675,0.8595948130511636,85.96,1,Critical,7464.12,172,2026-09-30,2024-12-31
CUST-000009,Garcia-James,Mid-Market,Healthcare,Active,True,189072.31,124246.82,32.0,0.0,0.0,1.3247619274166051,5,1,74452.28,60.0,1371,7.22402480828583,0.8592999185955089,85.93,1,Critical,63976.84,173,2026-09-30,2024-12-31
CUST-000526,Hayes Ltd,SMB,Manufacturing,Active,False,36645.76,24090.62,24.0,1.0,100.0,1.4891255486755617,3,1,16087.48,100.0,893,6.795705775173514,0.8584963754369497,85.85,1,Critical,13811.04,174,2026-09-30,2024-12-31
CUST-000178,Walker-Jones,SMB,Banking,Active,False,17239.52,9875.96,12.0,1.0,0.0,1.5865745143060357,3,1,16865.98,66.66666666666666,1380,7.2305631534092925,0.8573943056738358,85.74,1,Critical,14460.8,175,2026-09-30,2024-12-31
CUST-001090,Mccann-Ramos,Mid-Market,Transportation,Active,False,190401.34,121049.23,48.0,0.0,0.0,1.4278394323499919,5,2,110920.61,100.0,746,6.616065185132817,0.8566053848166933,85.66,1,Critical,95015.19,176,2026-09-30,2024-12-31
CUST-000345,"Harper, Smith and Buchanan",SMB,Education,Active,True,22196.9,12889.93,12.0,0.0,0.0,1.0471172451250916,3,1,22358.19,66.66666666666666,1539,7.3395376954076745,0.8562099737725946,85.62,1,Critical,19143.31,177,2026-09-30,2024-12-31
CUST-000830,Brooks and Sons,Mid-Market,Retail,Active,False,203318.83,125985.56,32.0,5.0,40.0,1.2270488844864005,5,1,62323.22,80.0,1126,7.027314514039777,0.8560724679298992,85.61,1,Critical,53353.19,178,2026-09-30,2024-12-31
CUST-001859,Gregory-Nixon,SMB,Professional Services,Active,False,41125.78,27095.42,24.0,2.0,50.0,1.3128975201048119,3,1,18446.86,66.66666666666666,912,6.816735880594968,0.8557476996792643,85.57,1,Critical,15785.86,179,2026-09-30,2024-12-31
CUST-001075,Arnold-Gates,Mid-Market,Transportation,Active,False,88215.03,52991.44,18.0,1.0,100.0,1.116433870692826,5,1,51005.56,60.0,1922,7.56164174558878,0.8546750107123836,85.47,1,Critical,43593.18,180,2026-09-30,2024-12-31
CUST-000947,Vargas-Snyder,SMB,Energy,Active,False,37977.47,23842.59,26.0,1.0,100.0,1.374792564392196,3,1,17344.28,100.0,1941,7.571473648851271,0.8544258866203055,85.44,1,Critical,14819.4,181,2026-09-30,2024-12-31
CUST-001879,"Mayer, Fowler and Livingston",Mid-Market,Transportation,Active,False,145042.43,93490.94,19.0,0.0,0.0,1.7301994070061038,5,1,83543.52,100.0,1623,7.392647520721623,0.8526518743603184,85.27,1,Critical,71233.54,182,2026-09-30,2024-12-31
CUST-002283,Alexander Ltd,Mid-Market,Retail,Active,False,127450.61,83235.33,21.0,1.0,0.0,1.0673014346773295,2,1,65827.03,50.0,832,6.725033642166843,0.8523827338984862,85.24,1,Critical,56109.82,183,2026-09-30,2024-12-31
CUST-002487,"Pittman, Campbell and Martin",SMB,Manufacturing,Active,False,28859.08,18670.52,16.0,1.0,0.0,1.39572942400005,3,1,20852.06,100.0,1914,7.557472901614746,0.8510506288792279,85.11,1,Critical,17746.16,184,2026-09-30,2024-12-31
CUST-002503,"Mcclain, Miller and Henderson",SMB,Energy,Active,False,27665.7,17686.15,23.0,2.0,100.0,0.966752322356135,3,1,8657.35,100.0,662,6.4967749901858625,0.8497008243760218,84.97,1,Critical,7356.16,185,2026-09-30,2024-12-31
CUST-001950,Washington Inc,SMB,Insurance,Active,False,38033.64,24548.46,31.0,0.0,0.0,1.200281881718635,3,2,26544.27,33.33333333333333,540,6.293419278846481,0.8495579030461669,84.96,1,Critical,22550.89,186,2026-09-30,2024-12-31
CUST-000322,Brock-Mcdonald,SMB,Healthcare,Active,False,17736.25,11266.35,17.0,2.0,50.0,0.9849186618287267,3,1,14174.53,100.0,2067,7.63433723562832,0.8492766799932011,84.93,1,Critical,12038.1,187,2026-09-30,2024-12-31
CUST-001698,Chapman Group,SMB,Media,Active,False,26873.9,16623.64,19.0,0.0,0.0,1.279473844440111,3,1,14460.4,66.66666666666666,1981,7.591861714889934,0.8491905032746092,84.92,1,Critical,12279.63,188,2026-09-30,2024-12-31
CUST-001678,"Ellison, Vaughn and Mckee",Mid-Market,Retail,Active,False,55225.14,34319.8,12.0,1.0,0.0,1.2297429715077222,2,1,51447.83,100.0,1759,7.473069088032197,0.8491495471686815,84.91,1,Critical,43686.9,189,2026-09-30,2024-12-31
CUST-002434,Rodriguez-Wood,Strategic,Insurance,Active,False,7007931.01,4472409.59,72.0,3.0,66.66666666666666,1.358995250835269,8,6,6603782.44,87.5,781,6.661854740545311,0.8488252160015232,84.88,1,Critical,5605457.06,190,2026-09-30,2024-12-31
CUST-002509,Davis and Sons,Mid-Market,Professional Services,Active,False,140970.09,89090.69,36.0,2.0,0.0,1.5840070015674106,3,1,47753.4,100.0,1772,7.480428306074208,0.8481980518811612,84.82,1,Critical,40504.34,191,2026-09-30,2024-12-31
CUST-002534,Davis and Sons,Mid-Market,Professional Services,Active,False,140970.09,89090.69,36.0,2.0,0.0,1.5840070015674106,3,1,47753.4,100.0,1772,7.480428306074208,0.8481980518811612,84.82,1,Critical,40504.34,192,2026-09-30,2024-12-31
CUST-000873,Kramer-Shannon,Mid-Market,Banking,Active,False,282517.53,183334.77,45.0,3.0,33.33333333333333,1.4985017081733643,5,2,167643.23,100.0,2065,7.633369649679584,0.8480829602401405,84.81,1,Critical,142175.37,193,2026-09-30,2024-12-31
CUST-002214,Stewart Group,SMB,Education,Active,False,40935.96,25690.8,23.0,1.0,0.0,1.3603433600992338,2,1,20386.14,50.0,1644,7.405495663199472,0.8480660485320145,84.81,1,Critical,17288.79,194,2026-09-30,2024-12-31
CUST-001545,"Phillips, Terry and Lopez",Mid-Market,Professional Services,Active,False,103888.68,68846.81,32.0,0.0,0.0,1.1049839836852031,3,1,40021.69,100.0,821,6.71174039505618,0.8474995096269912,84.75,1,Critical,33918.36,195,2026-09-30,2024-12-31
CUST-000630,Hays-Daniels,SMB,Healthcare,Active,False,19490.88,12083.73,19.0,2.0,50.0,1.604911093989213,2,1,9977.93,100.0,1220,7.107425474110705,0.8470212020290727,84.7,1,Critical,8451.52,196,2026-09-30,2024-12-31
CUST-002087,Mclean Group,Strategic,Insurance,Active,True,7226108.36,4579501.2,83.0,8.0,75.0,1.2611366815834504,8,7,6972883.1,87.5,985,6.893656354602635,0.8467623400277499,84.68,1,Critical,5904374.81,197,2026-09-30,2024-12-31
CUST-001856,"Hall, Vega and Price",SMB,Healthcare,Active,True,33582.79,21856.43,28.0,0.0,0.0,1.2152299022840356,3,1,9987.05,100.0,1806,7.499423290592229,0.8462623155314533,84.63,1,Critical,8451.66,198,2026-09-30,2024-12-31
CUST-000687,"Fry, Hobbs and Buck",SMB,Media,Active,False,9894.75,6834.73,12.0,0.0,0.0,1.4346463115098576,1,1,9566.05,100.0,1040,6.947937068614969,0.8460115835757083,84.6,1,Critical,8092.99,199,2026-09-30,2024-12-31
CUST-000407,Berry-Mckinney,SMB,Retail,Active,False,16623.34,10142.73,12.0,0.0,0.0,1.1868794409477599,1,1,15732.1,100.0,712,6.569481420414296,0.8457060951564515,84.57,1,Critical,13304.73,200,2026-09-30,2024-12-31
CUST-000387,"Morales, Thomas and Schultz",Mid-Market,Transportation,Active,True,295347.56,191357.24,58.0,3.0,66.66666666666666,1.401064719288138,5,2,96029.43,100.0,399,5.991464547107982,0.8445801446649998,84.46,1,Critical,81104.55,201,2026-09-30,2024-12-31
CUST-001200,Smith-Oneill,SMB,Manufacturing,Active,False,23273.99,14539.9,15.0,1.0,100.0,1.1335243120119003,3,1,17739.3,100.0,790,6.673297967767654,0.844541002649698,84.45,1,Critical,14981.57,202,2026-09-30,2024-12-31
CUST-001553,Warren Group,Mid-Market,Media,Active,False,138222.42,85712.22,24.0,3.0,33.33333333333333,1.5593269558321747,3,1,51324.9,66.66666666666666,753,6.625392368007956,0.8444015878314749,84.44,1,Critical,43338.83,203,2026-09-30,2024-12-31
CUST-000706,"Morris, Campbell and Owens",SMB,Retail,Active,False,14924.59,9381.41,12.0,0.0,0.0,1.387795623439754,1,1,14138.58,100.0,963,6.871091294610546,0.844319475863611,84.43,1,Critical,11937.48,204,2026-09-30,2024-12-31
CUST-000870,Donaldson and Sons,SMB,Professional Services,Active,False,39506.44,26333.77,24.0,0.0,0.0,1.2431361836788986,3,2,37222.03,100.0,1486,7.304515946460155,0.8437572200686391,84.38,1,Critical,31406.36,205,2026-09-30,2024-12-31
CUST-001063,Sheppard-Mcdaniel,SMB,Banking,Active,False,43190.29,26815.93,32.0,0.0,0.0,1.3826164157060454,3,1,20748.91,66.66666666666666,427,6.059123195581797,0.8437472705058758,84.37,1,Critical,17506.84,206,2026-09-30,2024-12-31
CUST-001616,Gonzalez LLC,SMB,Healthcare,Active,False,27187.75,17358.27,23.0,0.0,0.0,1.1797591655629946,3,1,11151.67,66.66666666666666,1498,7.312553498102598,0.8436495493701707,84.36,1,Critical,9408.1,207,2026-09-30,2024-12-31
CUST-002362,"Mcdonald, Ware and Sharp",Mid-Market,Technology,Active,False,197623.91,128455.24,23.0,1.0,0.0,1.1360485134605551,4,1,95861.97,75.0,1162,7.0587581525186645,0.8429963508478148,84.3,1,Critical,80811.29,208,2026-09-30,2024-12-31
CUST-000618,Love-Garcia,SMB,Retail,Active,False,12738.41,7742.71,12.0,0.0,0.0,1.0960513118302275,2,1,12224.34,50.0,1665,7.418180822726788,0.8423870271036314,84.24,1,Critical,10297.63,209,2026-09-30,2024-12-31
CUST-000110,Johnson-Doyle,SMB,Retail,Active,False,15640.03,10098.2,15.0,0.0,0.0,1.3810535196510116,2,1,12968.32,50.0,1554,7.349230824613334,0.8422036090062285,84.22,1,Critical,10921.97,210,2026-09-30,2024-12-31
CUST-000800,Sheppard-Jordan,SMB,Healthcare,Active,False,7810.58,5146.63,12.0,0.0,0.0,1.1884998974464158,3,1,7493.13,100.0,2022,7.612336837167746,0.8420672864265941,84.21,1,Critical,6309.72,211,2026-09-30,2024-12-31
CUST-001539,"Brown, Kelly and Moore",Strategic,Media,Active,True,6625370.5,4239251.6,64.0,1.0,0.0,1.1742846102299431,8,5,5808119.35,87.5,1811,7.502186486602924,0.841579338809999,84.16,1,Critical,4887993.24,212,2026-09-30,2024-12-31
CUST-001107,"Chan, Lewis and Walker",Mid-Market,Retail,Active,False,328367.66,205167.94,48.0,2.0,100.0,1.1528524772314233,5,3,236629.28,100.0,570,6.3473892096560105,0.8412188441120406,84.12,1,Critical,199057.01,213,2026-09-30,2024-12-31
CUST-001384,George-Stephens,SMB,Transportation,Active,False,15283.31,9320.52,12.0,0.0,0.0,1.2021389049832594,1,1,14096.0,100.0,1551,7.347299700743164,0.8410374311412767,84.1,1,Critical,11855.26,214,2026-09-30,2024-12-31
CUST-001584,Foley Inc,Mid-Market,Banking,Active,False,171324.1,111931.55,34.0,0.0,0.0,1.0907987559736023,4,1,49407.21,75.0,1587,7.370230641807081,0.8409200774668315,84.09,1,Critical,41547.51,215,2026-09-30,2024-12-31
CUST-000806,Perry-Nixon,SMB,Education,Active,False,22042.4,14361.31,23.0,0.0,0.0,1.246009606976099,2,1,12661.03,100.0,1445,7.27655640271871,0.8403675996599947,84.04,1,Critical,10639.92,216,2026-09-30,2024-12-31
CUST-000899,"Cruz, Richmond and Edwards",SMB,Media,Active,False,18793.29,11853.18,24.0,0.0,0.0,1.4018611588381076,3,2,18603.34,100.0,1655,7.412160334945205,0.8402861332198763,84.03,1,Critical,15632.13,217,2026-09-30,2024-12-31
CUST-001065,Miller-Orr,SMB,Banking,Active,True,10494.4,6538.34,11.0,0.0,0.0,1.031490476450363,2,1,10735.63,100.0,1234,7.118826249062078,0.8402774710462189,84.03,1,Critical,9020.91,218,2026-09-30,2024-12-31
CUST-001470,"Griffin, Miller and Austin",Mid-Market,Telecommunications,Active,True,164055.54,103640.86,30.0,2.0,50.0,0.9973403031964032,5,1,71295.48,100.0,1396,7.242082359256962,0.8393713460948711,83.94,1,Critical,59843.38,219,2026-09-30,2024-12-31
CUST-002478,Torres Group,SMB,Professional Services,Active,False,52618.34,33593.64,33.0,0.0,0.0,1.1624805391340323,3,1,14378.44,66.66666666666666,760,6.634633357861686,0.8383018311803329,83.83,1,Critical,12053.47,220,2026-09-30,2024-12-31
CUST-001928,Thomas-Perry,SMB,Insurance,Active,False,38342.3,24236.16,24.0,0.0,0.0,1.0414794993295386,2,2,36087.28,100.0,1756,7.471363088187097,0.8382991167161945,83.83,1,Critical,30251.93,221,2026-09-30,2024-12-31
CUST-001701,"Grant, Bryan and Williams",SMB,Professional Services,Active,True,25953.25,15575.93,22.0,0.0,0.0,1.206115583634072,2,1,15169.36,100.0,793,6.677083461247136,0.8376277047837658,83.76,1,Critical,12706.28,222,2026-09-30,2024-12-31
CUST-001390,"Henderson, Diaz and Hill",SMB,Transportation,Active,False,22500.53,13452.09,24.0,0.0,0.0,1.350349749837586,2,1,10001.4,100.0,1791,7.491087593534876,0.8375491918218688,83.75,1,Critical,8376.66,223,2026-09-30,2024-12-31
CUST-000664,Andersen Group,SMB,Transportation,Active,False,16721.45,10701.2,10.0,0.0,0.0,1.1954479795825195,1,1,18662.67,100.0,919,6.824373670043086,0.8362446729487399,83.62,1,Critical,15606.56,224,2026-09-30,2024-12-31
CUST-000788,Benton Group,Mid-Market,Retail,Active,False,206010.8,131288.22,33.0,1.0,0.0,1.3966269254549852,3,2,131037.55,100.0,444,6.09807428216624,0.8359358416800615,83.59,1,Critical,109538.98,225,2026-09-30,2024-12-31
CUST-002080,Watson-Washington,Mid-Market,Banking,Active,False,226183.01,136665.37,34.0,0.0,0.0,1.2751070973867078,5,1,88341.69,60.0,1707,7.443078374348516,0.8359095842615502,83.59,1,Critical,73845.67,226,2026-09-30,2024-12-31
CUST-000236,"Harrison, Johnson and Roberts",SMB,Retail,Active,False,7534.85,4981.83,12.0,0.0,0.0,1.5694026884535177,1,1,7275.23,100.0,2035,7.618742377670413,0.8358989665623183,83.59,1,Critical,6081.36,227,2026-09-30,2024-12-31
CUST-002075,Duran PLC,Mid-Market,Transportation,Active,True,122707.88,76633.15,22.0,2.0,50.0,1.2366704400847937,3,1,67059.24,100.0,971,6.879355804460439,0.8355216168203118,83.55,1,Critical,56029.44,228,2026-09-30,2024-12-31
CUST-001208,Walton LLC,Mid-Market,Transportation,Active,False,77927.93,49089.03,19.0,0.0,0.0,1.3369433137697089,5,1,50658.28,60.0,1509,7.31986492980897,0.8352998095777971,83.53,1,Critical,42314.85,229,2026-09-30,2024-12-31
CUST-001177,Kelley and Sons,SMB,Transportation,Active,False,29459.37,18599.49,24.0,1.0,100.0,1.1441724407345673,3,1,16559.23,33.33333333333333,1219,7.106606137727303,0.8351976653762289,83.52,1,Critical,13830.23,230,2026-09-30,2024-12-31
CUST-001460,King-Garrison,SMB,Transportation,Active,False,41247.84,25575.09,36.0,2.0,100.0,1.1752239722603883,3,2,25144.56,100.0,372,5.921578419643816,0.8344345713518103,83.44,1,Critical,20981.49,231,2026-09-30,2024-12-31
CUST-001450,White-Coleman,Strategic,Media,Active,True,4633375.66,2825290.37,53.0,1.0,0.0,1.1859583159619256,5,2,1806253.9,40.0,2065,7.633369649679584,0.8332794074724396,83.33,1,Critical,1505114.18,232,2026-09-30,2024-12-31
CUST-001963,"Carroll, Ramirez and Rodriguez",SMB,Education,Active,False,25105.71,15656.66,18.0,1.0,0.0,1.3082158266981008,2,1,17140.96,100.0,1785,7.487733761436444,0.8332120675029193,83.32,1,Critical,14282.05,233,2026-09-30,2024-12-31
CUST-002315,Davis-Palmer,SMB,Technology,Active,False,10233.04,7054.03,12.0,0.0,0.0,1.1557719470531307,1,1,9325.62,100.0,1967,7.584773077612199,0.8320912654438524,83.21,1,Critical,7759.77,234,2026-09-30,2024-12-31
CUST-000949,Hernandez Group,SMB,Banking,Active,False,19168.89,12440.81,20.0,0.0,0.0,1.2707831299285708,2,1,6892.68,100.0,1804,7.498315870766981,0.831629249273574,83.16,1,Critical,5732.15,235,2026-09-30,2024-12-31
CUST-001855,Turner-Reese,SMB,Education,Active,False,56464.71,36937.35,35.0,0.0,0.0,1.1079909123409948,3,2,34605.79,66.66666666666666,1901,7.550661243105336,0.831579728524825,83.16,1,Critical,28777.47,236,2026-09-30,2024-12-31
CUST-001729,"Choi, Collier and Lee",Mid-Market,Technology,Active,False,89195.23,58886.56,12.0,1.0,0.0,1.2524040483881382,3,1,87049.49,66.66666666666666,730,6.594413459749778,0.8312251836697967,83.12,1,Critical,72357.73,237,2026-09-30,2024-12-31
CUST-000950,Hall LLC,SMB,Insurance,Active,False,9996.79,5966.0,12.0,1.0,0.0,1.4427530730071463,1,1,9161.84,100.0,1765,7.476472381163905,0.8309043934836245,83.09,1,Critical,7612.61,238,2026-09-30,2024-12-31
CUST-002461,Morgan and Sons,SMB,Professional Services,Active,False,24402.07,15531.08,17.0,0.0,0.0,1.2696446822581615,2,1,17260.21,100.0,1892,7.545918151209323,0.8308926548041944,83.09,1,Critical,14341.38,239,2026-09-30,2024-12-31
CUST-000590,"Patton, Parsons and Lane",Mid-Market,Retail,Active,True,114146.23,71975.6,14.0,0.0,0.0,1.2239264612735592,4,1,89027.05,75.0,1987,7.59488438721652,0.8298223489606765,82.98,1,Critical,73876.64,240,2026-09-30,2024-12-31
CUST-000006,"Gardner, Robinson and Lawrence",SMB,Insurance,Active,False,19332.74,12217.22,24.0,0.0,0.0,1.3060197549873604,2,2,18400.98,100.0,1000,6.90875477931522,0.8295262685958931,82.95,1,Critical,15264.1,241,2026-09-30,2024-12-31
CUST-000269,Hicks-Hill,SMB,Media,Active,False,9315.44,5965.05,10.0,0.0,0.0,1.0564076543384906,1,1,10637.28,100.0,1486,7.304515946460155,0.8292118762625361,82.92,1,Critical,8820.56,242,2026-09-30,2024-12-31
CUST-001402,Lynch Ltd,SMB,Education,Active,False,10451.83,6739.79,13.0,0.0,0.0,1.005584377767987,2,1,9265.86,100.0,1947,7.5745584842024805,0.8282721440169809,82.83,1,Critical,7674.65,243,2026-09-30,2024-12-31
CUST-000365,"Phillips, Wagner and Jordan",Strategic,Telecommunications,Active,True,8072040.69,5201048.67,84.0,3.0,33.33333333333333,1.2086550029281757,9,5,5180246.69,88.88888888888889,557,6.324358962381311,0.8274606749480041,82.75,1,Critical,4286450.42,244,2026-09-30,2024-12-31
CUST-002497,Chambers Group,SMB,Energy,Active,True,37896.41,23772.34,21.0,0.0,0.0,1.1383290406481026,3,1,20567.02,66.66666666666666,1522,7.328437352895162,0.8274597999201868,82.75,1,Critical,17018.38,245,2026-09-30,2024-12-31
CUST-000451,"Wise, Conley and Stephenson",Mid-Market,Energy,Active,False,75922.25,48890.28,12.0,3.0,66.66666666666666,1.2100929723190066,2,1,74005.6,100.0,1255,7.135687347028144,0.8269065120344647,82.69,1,Critical,61195.71,246,2026-09-30,2024-12-31
CUST-001508,"Patel, Adams and Lopez",SMB,Media,Active,False,14645.83,9717.03,18.0,0.0,0.0,1.2978245543169498,3,1,6779.29,66.66666666666666,1014,6.922643891475888,0.8266238607153927,82.66,1,Critical,5603.92,247,2026-09-30,2024-12-31
CUST-001529,Moore-Chandler,Enterprise,Manufacturing,Active,True,1159295.77,742437.88,44.0,2.0,100.0,1.200416643633818,7,1,237428.67,100.0,1653,7.4109518755836366,0.8262388739962886,82.62,1,Critical,196172.8,248,2026-09-30,2024-12-31
CUST-000261,Wolf-Harris,SMB,Healthcare,Active,False,18645.32,11876.58,12.0,0.0,0.0,0.8201323185086415,2,1,18177.38,100.0,1605,7.381501894506707,0.8262308376937517,82.62,1,Critical,15018.71,249,2026-09-30,2024-12-31
CUST-000731,Rodriguez Inc,SMB,Retail,Active,False,17326.34,10886.96,12.0,0.0,0.0,1.3565631410083252,1,1,16540.24,100.0,942,6.849066282633458,0.8260803025190976,82.61,1,Critical,13663.57,250,2026-09-30,2024-12-31
CUST-002049,"Miller, Luna and Wallace",SMB,Manufacturing,Active,False,22051.81,14112.28,23.0,0.0,0.0,1.23923142844256,2,1,9195.39,100.0,766,6.642486801367256,0.8256676086302255,82.57,1,Critical,7592.34,251,2026-09-30,2024-12-31
CUST-001556,Williams and Sons,SMB,Media,Active,False,27282.75,17369.6,16.0,0.0,0.0,1.1950322490743321,2,1,20146.98,100.0,626,6.440946540632921,0.8246566627093354,82.47,1,Critical,16614.34,252,2026-09-30,2024-12-31
CUST-000739,Walsh Ltd,Strategic,Education,Active,False,6341521.86,3939039.13,68.0,6.0,100.0,1.2945597759152079,6,4,4371262.29,83.33333333333334,454,6.12029741895095,0.8240324750136854,82.4,1,Critical,3602062.08,253,2026-09-30,2024-12-31
CUST-002132,Tate Inc,Mid-Market,Technology,Active,False,168066.63,106744.54,21.0,1.0,0.0,1.3455565541172243,5,1,92442.77,100.0,1747,7.466227556215481,0.8239763341795752,82.4,1,Critical,76170.65,254,2026-09-30,2024-12-31
CUST-001199,Brown Ltd,Strategic,Energy,Active,False,6727629.57,4252350.17,76.0,8.0,75.0,1.3338803855402133,8,5,5229912.89,100.0,1968,7.585281078639126,0.82339089695796,82.34,1,Critical,4306262.67,255,2026-09-30,2024-12-31
CUST-002420,"Wright, Murphy and Aguilar",SMB,Manufacturing,Active,False,35324.65,22318.53,21.0,0.0,0.0,1.4527260576065735,2,1,19099.65,100.0,846,6.741700694652055,0.8233003890795557,82.33,1,Critical,15724.75,256,2026-09-30,2024-12-31
CUST-001326,"Quinn, Humphrey and Ford",SMB,Insurance,Active,False,39018.78,25295.32,31.0,0.0,0.0,1.1325334825033169,3,2,31805.63,66.66666666666666,799,6.684611727667927,0.8232132723596827,82.32,1,Critical,26182.82,257,2026-09-30,2024-12-31
CUST-001498,Smith-Mills,SMB,Energy,Active,False,28433.28,17069.45,22.0,2.0,100.0,1.249660556256297,3,1,14014.75,66.66666666666666,1376,7.227662498728654,0.8228226699745397,82.28,1,Critical,11531.65,258,2026-09-30,2024-12-31
CUST-000796,"Woodard, Herrera and Little",SMB,Telecommunications,Active,False,8837.54,5652.2,12.0,1.0,0.0,0.8276918300100649,1,1,8167.11,100.0,461,6.135564891081739,0.8222536708090826,82.23,1,Critical,6715.44,259,2026-09-30,2024-12-31
CUST-001641,Hernandez Group,SMB,Energy,Active,False,43782.82,27931.12,36.0,1.0,0.0,1.237254582604645,3,3,42506.5,100.0,375,5.929589143389895,0.8217478062447092,82.17,1,Critical,34929.62,260,2026-09-30,2024-12-31
CUST-001700,"Smith, Khan and Ramirez",SMB,Professional Services,Active,False,14075.03,8921.72,12.0,0.0,0.0,0.9272170836513846,1,1,13321.13,100.0,1785,7.487733761436444,0.8211492075838055,82.11,1,Critical,10938.64,261,2026-09-30,2024-12-31
CUST-000158,"Miller, Hernandez and Reyes",SMB,Education,Active,False,43036.89,27002.03,36.0,1.0,0.0,1.0073290456382535,3,3,40840.02,66.66666666666666,411,6.021023349349527,0.8208104868405028,82.08,1,Critical,33521.92,262,2026-09-30,2024-12-31
CUST-001364,"Mullen, Greene and Elliott",SMB,Healthcare,Active,True,9438.39,6019.72,12.0,0.0,0.0,1.2374009474648733,1,1,8940.59,100.0,678,6.520621127558696,0.8207818856928664,82.08,1,Critical,7338.27,263,2026-09-30,2024-12-31
CUST-002092,Watts LLC,SMB,Manufacturing,Active,False,8568.78,5026.81,12.0,3.0,33.33333333333333,1.299345585070293,1,1,8129.56,100.0,1173,7.068172000388042,0.820524784614975,82.05,1,Critical,6670.51,264,2026-09-30,2024-12-31
CUST-000620,Russell Group,Mid-Market,Technology,Active,True,151539.67,92636.56,22.0,3.0,66.66666666666666,1.2080480612396998,2,1,71722.07,100.0,392,5.973809611869261,0.8200368181327435,82.0,1,Critical,58814.74,265,2026-09-30,2024-12-31
CUST-002378,Villegas PLC,SMB,Manufacturing,Active,False,18687.69,12247.84,12.0,0.0,0.0,1.2964771572602525,2,1,17539.39,50.0,872,6.771935555839602,0.8191968934605444,81.92,1,Critical,14368.21,266,2026-09-30,2024-12-31
CUST-002505,"Guzman, Hoffman and Baldwin",SMB,Insurance,Active,True,29153.54,19006.66,20.0,0.0,0.0,1.6237617875778834,3,1,20234.62,100.0,1320,7.186144304522325,0.8186157998900336,81.86,1,Critical,16564.38,267,2026-09-30,2024-12-31
CUST-001312,"Cooper, Gutierrez and Brewer",SMB,Manufacturing,Active,False,25571.31,15451.78,16.0,0.0,0.0,1.141367260610388,2,1,20489.14,100.0,972,6.880384082186005,0.8161279137308788,81.61,1,Critical,16721.76,268,2026-09-30,2024-12-31
CUST-001280,"Smith, Caldwell and Griffin",SMB,Media,Active,True,16831.35,9723.12,12.0,0.0,0.0,1.3066822781634189,1,1,16243.66,100.0,582,6.368187186350492,0.8159334662254124,81.59,1,Critical,13253.75,269,2026-09-30,2024-12-31
CUST-002521,Galloway-Wyatt,Mid-Market,Energy,Active,False,273658.7,173268.94,47.0,3.0,0.0,1.2861461853103324,5,2,131733.61,80.0,1140,7.039660349862076,0.8155579095761759,81.56,1,Critical,107436.39,270,2026-09-30,2024-12-31
CUST-002546,Galloway-Wyatt,Mid-Market,Energy,Active,False,273658.7,173268.94,47.0,3.0,0.0,1.2861461853103324,5,2,131733.61,80.0,1140,7.039660349862076,0.8155579095761759,81.56,1,Critical,107436.39,271,2026-09-30,2024-12-31
CUST-001297,Russell-Hayes,Strategic,Banking,Active,False,5155637.51,3179977.02,58.0,7.0,57.14285714285714,1.3644010849588197,8,4,4192102.18,75.0,1597,7.37650812632622,0.815275386946715,81.53,1,Critical,3417717.73,272,2026-09-30,2024-12-31
CUST-000534,Mcdonald-Bird,SMB,Insurance,Active,False,27875.26,17820.15,22.0,0.0,0.0,1.2914177027619789,3,2,27325.64,100.0,833,6.726233402358747,0.8135665100098042,81.36,1,Critical,22231.23,273,2026-09-30,2024-12-31
CUST-001246,"Morris, Wilson and Bell",Mid-Market,Professional Services,Active,True,168828.48,103169.71,31.0,4.0,75.0,1.3900025016196385,5,2,117368.44,60.0,1819,7.506591780070841,0.8135599133792084,81.36,1,Critical,95486.26,274,2026-09-30,2024-12-31
CUST-000455,"Lamb, Martin and Kim",SMB,Media,Active,False,26214.42,16055.92,24.0,0.0,0.0,1.316124038693727,2,2,25506.01,100.0,528,6.270988431858299,0.8128515065163353,81.29,1,Critical,20732.6,275,2026-09-30,2024-12-31
CUST-002476,Adams PLC,SMB,Retail,Active,False,34580.08,21462.13,33.0,0.0,0.0,1.2764430592653115,3,3,35009.37,100.0,313,5.749392985908253,0.8122084334628769,81.22,1,Critical,28434.91,276,2026-09-30,2024-12-31
CUST-000425,Welch-Hogan,Mid-Market,Retail,Active,False,171011.88,109121.52,30.0,2.0,50.0,1.3987535717386064,4,2,120627.12,75.0,938,6.844815479208263,0.8122078285592845,81.22,1,Critical,97974.29,277,2026-09-30,2024-12-31
CUST-001744,Warren and Sons,SMB,Energy,Active,False,21550.98,14211.69,12.0,0.0,0.0,1.0491636167129277,2,1,20718.73,100.0,2050,7.62608275807238,0.812122223129487,81.21,1,Critical,16826.14,278,2026-09-30,2024-12-31
CUST-000642,Turner-Sharp,SMB,Banking,Active,False,19343.64,12106.02,23.0,0.0,0.0,1.3698278986307908,2,1,12572.52,100.0,1199,7.090076835776092,0.8120686372891797,81.21,1,Critical,10209.75,279,2026-09-30,2024-12-31
CUST-000137,"Lewis, Kennedy and Santana",Mid-Market,Media,Active,True,181493.24,116792.23,30.0,0.0,0.0,0.9918041423225168,5,2,150448.37,60.0,1937,7.569411792450712,0.8116242027525983,81.16,1,Critical,122107.54,280,2026-09-30,2024-12-31
CUST-002293,Maldonado-Becker,SMB,Banking,Active,False,37708.92,23635.64,28.0,0.0,0.0,1.3385803755901768,3,1,9042.17,100.0,1606,7.382124365737512,0.8113211486056118,81.13,1,Critical,7336.1,281,2026-09-30,2024-12-31
CUST-000071,Gray Group,SMB,Energy,Active,False,21361.56,13530.91,20.0,0.0,0.0,1.5042786551454463,3,1,12105.23,66.66666666666666,1531,7.3343293503005365,0.8110969147157365,81.11,1,Critical,9818.51,282,2026-09-30,2024-12-31
CUST-002128,"Porter, Hubbard and Miranda",SMB,Energy,Active,False,47541.4,28659.68,34.0,0.0,0.0,1.3483858397804664,3,2,26749.62,100.0,975,6.883462586413092,0.8104799927498628,81.05,1,Critical,21680.03,283,2026-09-30,2024-12-31
CUST-000781,"Harris, Edwards and Oconnell",SMB,Media,Active,False,23226.08,14830.19,18.0,1.0,100.0,1.3066500822752218,3,1,16785.83,100.0,1516,7.324489979348532,0.8103180787916925,81.03,1,Critical,13601.86,284,2026-09-30,2024-12-31
CUST-000975,"Adkins, Wright and Murray",SMB,Education,Active,False,32331.91,20539.36,24.0,0.0,0.0,1.3381825600239061,2,1,11185.7,50.0,1034,6.942156705699469,0.8098309847077756,80.98,1,Critical,9058.53,285,2026-09-30,2024-12-31
CUST-001594,Hobbs-Hamilton,SMB,Energy,Active,False,17333.33,11316.74,12.0,0.0,0.0,1.1469575274279398,3,1,16398.32,66.66666666666666,1216,7.104144092987527,0.8089890393555648,80.9,1,Critical,13266.06,286,2026-09-30,2024-12-31
CUST-000832,Lopez-Reid,SMB,Education,Active,True,39065.75,25285.26,30.0,0.0,0.0,1.4499815030362089,3,3,44052.32,100.0,286,5.659482215759621,0.8086753191910024,80.87,1,Critical,35624.02,287,2026-09-30,2024-12-31
CUST-001276,"Moore, Daniels and Powell",SMB,Technology,Active,False,43521.82,25968.73,33.0,0.0,0.0,1.1307669585253746,3,2,28861.83,100.0,1430,7.266128779556451,0.8083761029844394,80.84,1,Critical,23331.21,288,2026-09-30,2024-12-31
CUST-002094,Vazquez-Bowers,SMB,Transportation,Active,False,35460.54,22542.67,24.0,0.0,0.0,1.2871396696835016,2,2,33821.05,100.0,446,6.102558594613569,0.808099462287396,80.81,1,Critical,27330.77,289,2026-09-30,2024-12-31
CUST-002237,"Hines, Bradford and Jennings",SMB,Banking,Active,False,35359.63,22234.74,24.0,1.0,0.0,1.3042491952535513,3,2,34287.57,66.66666666666666,1265,7.143617602704121,0.8069927954172526,80.7,1,Critical,27669.82,290,2026-09-30,2024-12-31
CUST-000920,Collins Group,Enterprise,Retail,Active,True,963389.23,604345.74,46.0,3.0,100.0,1.4813827447115526,6,2,503456.39,66.66666666666666,937,6.843749949006225,0.806814939515042,80.68,1,Critical,406196.14,291,2026-09-30,2024-12-31
CUST-000002,Doyle Ltd,SMB,Healthcare,Active,True,8300.88,5272.7,12.0,0.0,0.0,1.0187754181005082,2,1,7815.86,100.0,1907,7.553810852008231,0.8064953090017675,80.65,1,Critical,6303.45,292,2026-09-30,2024-12-31
CUST-001262,Harris-Melton,SMB,Insurance,Active,False,19312.91,12204.36,12.0,0.0,0.0,1.3105240226789387,1,1,17996.93,100.0,1498,7.312553498102598,0.8057445455424123,80.57,1,Critical,14500.93,293,2026-09-30,2024-12-31
CUST-000529,"Daniels, Vance and York",SMB,Healthcare,Active,False,31455.75,19274.38,23.0,0.0,0.0,1.1943473964436333,2,1,15229.92,100.0,1830,7.5126175446745105,0.8055245550983994,80.55,1,Critical,12268.07,294,2026-09-30,2024-12-31
CUST-000262,"Anderson, Roberts and Gilmore",SMB,Transportation,Active,False,34532.33,22599.49,22.0,0.0,0.0,1.3572809011312128,2,2,36692.25,100.0,372,5.921578419643816,0.805389042592762,80.54,1,Critical,29551.54,295,2026-09-30,2024-12-31
CUST-000581,"Cook, Wells and Bryant",Strategic,Retail,Active,True,3541968.81,2218177.64,41.0,4.0,100.0,1.1851437627284533,5,3,2796007.35,80.0,1064,6.970730078143525,0.8052792873092532,80.53,1,Critical,2251566.81,296,2026-09-30,2024-12-31
CUST-001513,Booker Inc,SMB,Education,Active,False,33525.53,20903.86,33.0,0.0,0.0,1.1575756305903449,3,2,24384.85,100.0,824,6.715383386334681,0.8046879557593996,80.47,1,Critical,19622.2,297,2026-09-30,2024-12-31
CUST-002016,"Wilkinson, Wallace and Torres",Mid-Market,Banking,Active,False,192327.02,120443.46,33.0,2.0,0.0,1.2651541392448908,4,2,115648.2,75.0,735,6.601230118728877,0.8041169634985004,80.41,1,Critical,92994.68,298,2026-09-30,2024-12-31
CUST-001758,Hill-Flores,SMB,Professional Services,Active,False,21202.68,13432.74,12.0,2.0,50.0,1.4085848285494353,1,1,20022.97,100.0,349,5.857933154483459,0.8035229792436231,80.35,1,Critical,16088.92,299,2026-09-30,2024-12-31
CUST-001378,Prince Ltd,SMB,Media,Active,False,21878.5,13761.62,24.0,0.0,0.0,1.0674490851384437,2,2,21255.07,100.0,691,6.539585955617669,0.8017455204664613,80.17,1,Critical,17041.16,300,2026-09-30,2024-12-31
CUST-001416,Spears-Andrews,Enterprise,Technology,Active,False,1015788.03,637054.06,42.0,3.0,100.0,1.3410012031407539,5,1,289418.81,60.0,1454,7.282761179605593,0.8014214456994965,80.14,1,Critical,231946.44,301,2026-09-30,2024-12-31
CUST-000340,"Wood, Ramos and Sampson",SMB,Energy,Active,False,12345.39,8179.94,12.0,2.0,50.0,1.2622060302719482,2,1,11561.95,100.0,1524,7.329749689041512,0.8012145421526148,80.12,1,Critical,9263.6,302,2026-09-30,2024-12-31
CUST-000482,Carlson-Smith,SMB,Professional Services,Active,False,22887.71,14577.06,24.0,1.0,0.0,1.2188892232489523,3,2,21675.21,66.66666666666666,1789,7.489970898834801,0.8011058486534752,80.11,1,Critical,17364.14,303,2026-09-30,2024-12-31
CUST-001620,Cooper Inc,Mid-Market,Manufacturing,Active,True,222183.49,139563.05,35.0,0.0,0.0,1.3574663496998614,5,2,124199.01,80.0,1565,7.356279876550748,0.8002373020839805,80.02,1,Critical,99388.68,304,2026-09-30,2024-12-31
CUST-002063,"Kennedy, Valdez and Stafford",SMB,Technology,Active,True,12966.0,8503.67,12.0,0.0,0.0,1.571593778763777,1,1,11933.53,100.0,1080,6.985641817639208,0.7997781815332979,79.98,1,Critical,9544.18,305,2026-09-30,2024-12-31
CUST-001431,Valentine Ltd,SMB,Education,Active,False,16657.73,10666.78,12.0,0.0,0.0,1.1809299191374663,1,1,15930.99,100.0,423,6.049733455231958,0.7995625875359899,79.96,1,Critical,12737.82,306,2026-09-30,2024-12-31
CUST-000308,Armstrong-Andrews,SMB,Professional Services,Active,False,20448.09,13492.83,15.0,0.0,0.0,1.4579485968980408,2,1,14774.69,100.0,1838,7.516977224604321,0.7986962601576675,79.87,1,Critical,11800.49,307,2026-09-30,2024-12-31
CUST-001737,Montes LLC,Mid-Market,Retail,Active,False,130893.24,80233.45,24.0,2.0,100.0,1.3398626390409638,4,2,124353.87,100.0,2073,7.637234388789473,0.7986622017848902,79.87,1,Critical,99316.74,308,2026-09-30,2024-12-31
CUST-002272,"Hamilton, Green and Edwards",SMB,Healthcare,Active,False,28778.61,17445.6,24.0,0.0,0.0,1.211328164210286,2,2,27472.28,100.0,1089,6.993932975223189,0.798627266345843,79.86,1,Critical,21940.11,309,2026-09-30,2024-12-31
CUST-000255,Roberts-Landry,Mid-Market,Insurance,Active,False,240382.01,152393.16,42.0,0.0,0.0,1.1680879254652545,5,1,76439.67,60.0,1170,7.065613363597717,0.7982463628553366,79.82,1,Critical,61017.69,310,2026-09-30,2024-12-31
CUST-000413,"Miller, Harrell and Reese",SMB,Insurance,Active,False,32989.86,20522.18,19.0,1.0,100.0,1.092115093125591,3,1,20465.35,100.0,882,6.78332520060396,0.7974316612519134,79.74,1,Critical,16319.72,311,2026-09-30,2024-12-31
CUST-000447,"Henderson, Cox and Cox",Mid-Market,Healthcare,Active,True,114997.08,74165.16,18.0,0.0,0.0,1.0498200645191351,3,1,64455.5,66.66666666666666,1966,7.584264818389059,0.7972140338660945,79.72,1,Critical,51384.83,312,2026-09-30,2024-12-31
CUST-002483,"Hayes, Smith and Marshall",SMB,Banking,Active,True,9458.7,5798.14,12.0,0.0,0.0,1.5243218647489072,1,1,9134.44,100.0,1728,7.455298485683291,0.7968521218898365,79.69,1,Critical,7278.8,313,2026-09-30,2024-12-31
CUST-000587,Whitney PLC,Enterprise,Insurance,Active,True,893795.43,568752.81,49.0,3.0,66.66666666666666,1.357813181139067,6,1,138795.13,83.33333333333334,1930,7.565793282428515,0.7965749415633337,79.66,1,Critical,110560.72,314,2026-09-30,2024-12-31
CUST-001409,Allen-Smith,Strategic,Media,Active,False,5450619.18,3370957.52,56.0,6.0,66.66666666666666,1.4464715820580571,8,4,4296043.58,75.0,1278,7.153833801578843,0.7963611894971914,79.64,1,Critical,3421202.38,315,2026-09-30,2024-12-31
CUST-000659,Bryant-Brown,SMB,Technology,Active,True,38488.34,24425.49,26.0,0.0,0.0,1.3232831307363935,3,2,33140.73,66.66666666666666,1022,6.930494765951626,0.7961185524756991,79.61,1,Critical,26383.95,316,2026-09-30,2024-12-31
CUST-000724,Mann Inc,SMB,Professional Services,Active,True,49684.9,31674.43,23.0,0.0,0.0,1.2145718432997714,2,1,20543.77,100.0,415,6.030685260261263,0.7954240861948522,79.54,1,Critical,16341.01,317,2026-09-30,2024-12-31
CUST-001133,"Davis, Kelly and Garner",SMB,Retail,Active,False,17915.89,11504.17,23.0,0.0,0.0,1.1541669826344125,2,1,9523.41,100.0,398,5.988961416889864,0.795008466752126,79.5,1,Critical,7571.19,318,2026-09-30,2024-12-31
CUST-001727,"Pierce, Wang and Wilson",SMB,Technology,Active,False,27604.72,17391.68,19.0,1.0,0.0,1.512555848258418,2,1,17599.12,100.0,1682,7.428333194190806,0.7943713797321849,79.44,1,Critical,13980.24,319,2026-09-30,2024-12-31
CUST-001013,"Harris, Anderson and Love",SMB,Telecommunications,Active,False,39806.66,24136.48,34.0,0.0,0.0,1.1396930734553463,3,2,20728.02,100.0,805,6.692083742506628,0.7932064012041187,79.32,1,Critical,16441.6,320,2026-09-30,2024-12-31
CUST-000391,Frank-Bradley,SMB,Manufacturing,Active,False,32343.32,20357.89,27.0,0.0,0.0,1.401583785021165,3,1,15243.35,66.66666666666666,657,6.489204931325317,0.7929087118754088,79.29,1,Critical,12086.59,321,2026-09-30,2024-12-31
CUST-001444,Long-Parks,SMB,Retail,Active,False,58741.34,37390.82,35.0,0.0,0.0,1.321939706839463,3,2,37929.04,66.66666666666666,980,6.8885724595653635,0.7927210076563993,79.27,1,Critical,30067.15,322,2026-09-30,2024-12-31
CUST-000755,"Sanders, Ayala and Johnson",Mid-Market,Retail,Active,False,133597.46,85852.62,23.0,0.0,0.0,1.168763077281576,3,1,64304.21,100.0,1218,7.105786129481271,0.7926999391642225,79.27,1,Critical,50973.94,323,2026-09-30,2024-12-31
CUST-001327,Hampton-Tucker,SMB,Energy,Active,True,33081.79,20745.19,24.0,1.0,0.0,1.2154229770353933,2,2,31755.43,100.0,1513,7.322510433997394,0.7923562519251319,79.24,1,Critical,25161.61,324,2026-09-30,2024-12-31
CUST-000420,Thompson Ltd,Mid-Market,Technology,Active,True,228982.81,144090.65,45.0,2.0,50.0,1.4262599119649797,5,2,108343.91,80.0,1922,7.56164174558878,0.792215612370457,79.22,1,Critical,85831.74,325,2026-09-30,2024-12-31
CUST-000094,Newton and Sons,Mid-Market,Professional Services,Active,False,302292.18,193472.21,58.0,0.0,0.0,1.1812893919273295,5,3,182143.22,80.0,776,6.655440350367647,0.7919434457400384,79.19,1,Critical,144247.13,326,2026-09-30,2024-12-31
CUST-000047,Anderson Group,SMB,Manufacturing,Active,False,35392.44,22839.67,24.0,1.0,0.0,1.2251550884175735,2,2,33432.25,100.0,794,6.678342114654332,0.7915377516802419,79.15,1,Critical,26462.89,327,2026-09-30,2024-12-31
CUST-001300,Avila PLC,SMB,Transportation,Active,True,36580.53,22904.51,23.0,0.0,0.0,1.2882077646555388,2,2,36255.72,100.0,785,6.666956792429207,0.7910345693128643,79.1,1,Critical,28679.53,328,2026-09-30,2024-12-31
CUST-001813,Taylor Inc,SMB,Education,Active,False,25249.41,15889.19,19.0,0.0,0.0,1.3001406333135372,2,1,13120.32,100.0,1453,7.282073658093465,0.7909359236899157,79.09,1,Critical,10377.33,329,2026-09-30,2024-12-31
CUST-001417,Thompson-Hunter,SMB,Retail,Active,True,13282.81,8742.66,12.0,0.0,0.0,1.1775200366918275,1,1,12738.0,100.0,445,6.100318952020064,0.7900537434216038,79.01,1,Critical,10063.7,330,2026-09-30,2024-12-31
CUST-002276,Black-Graham,SMB,Education,Active,False,28013.84,17394.41,20.0,1.0,0.0,1.2721481735200266,2,2,31539.14,100.0,276,5.6240175061873385,0.7898410665910561,78.98,1,Critical,24910.91,331,2026-09-30,2024-12-31
CUST-002493,"Chavez, Sanchez and Bird",Mid-Market,Healthcare,Active,False,193514.78,127349.84,35.0,1.0,100.0,1.3470236724347577,5,1,70653.72,80.0,1832,7.513709247839705,0.7898395837563181,78.98,1,Critical,55805.1,332,2026-09-30,2024-12-31
CUST-001033,Williams Group,SMB,Insurance,Active,False,44879.94,28407.5,33.0,0.0,0.0,1.3349357399948198,3,2,26956.94,100.0,1565,7.356279876550748,0.789561706683261,78.96,1,Critical,21284.17,333,2026-09-30,2024-12-31
CUST-000791,"Porter, Schultz and Allen",Mid-Market,Manufacturing,Active,False,109332.24,67951.8,22.0,1.0,0.0,1.1925955151770984,5,1,55922.57,100.0,1468,7.292337176173877,0.7893433231786692,78.93,1,Critical,44142.11,334,2026-09-30,2024-12-31
CUST-002081,Mccall-Martin,SMB,Insurance,Active,False,34610.98,22048.68,30.0,0.0,0.0,1.115532085072398,3,1,8278.41,100.0,705,6.559615237493242,0.7892888992026125,78.93,1,Critical,6534.06,335,2026-09-30,2024-12-31
CUST-000085,"Evans, Stewart and Walton",SMB,Transportation,Active,False,50432.48,33411.36,34.0,0.0,0.0,1.217133689572273,3,3,50766.05,100.0,919,6.824373670043086,0.7884981746328681,78.85,1,Critical,40028.94,336,2026-09-30,2024-12-31
CUST-001290,Hancock Group,Mid-Market,Technology,Active,False,179716.81,111442.96,33.0,1.0,100.0,1.5072560659686878,4,1,60012.49,50.0,547,6.306275286948016,0.7883738147096505,78.84,1,Critical,47312.28,337,2026-09-30,2024-12-31
CUST-000570,Williams-Campbell,Enterprise,Retail,Active,True,824193.24,524363.7,24.0,4.0,50.0,1.224633122671172,7,2,803321.45,85.71428571428571,1318,7.1846291527173145,0.7883350003438419,78.83,1,Critical,633286.42,338,2026-09-30,2024-12-31
CUST-001757,Flores and Sons,SMB,Banking,Active,False,30841.09,19179.44,28.0,0.0,0.0,1.0506789366779774,3,2,25576.04,100.0,956,6.863803391452954,0.7882492424951368,78.82,1,Critical,20160.29,339,2026-09-30,2024-12-31
CUST-001101,"Sanders, Leblanc and Maldonado",SMB,Technology,Active,False,10490.34,6688.83,12.0,0.0,0.0,1.2073412972108037,1,1,10108.74,100.0,636,6.456769655572163,0.7877176953274859,78.77,1,Critical,7962.83,340,2026-09-30,2024-12-31
CUST-000294,Good-Hodges,SMB,Manufacturing,Active,False,21493.66,13683.02,24.0,1.0,0.0,1.3564724782277837,2,2,20230.78,100.0,555,6.320768294250582,0.7874034936734691,78.74,1,Critical,15929.79,341,2026-09-30,2024-12-31
CUST-001052,Little Inc,Mid-Market,Education,Active,False,170179.7,105665.1,22.0,2.0,0.0,1.4774870505458673,5,1,90926.39,80.0,1781,7.485491608030754,0.78735791310923,78.74,1,Critical,71591.61,342,2026-09-30,2024-12-31
CUST-001259,"Roberts, Beck and House",SMB,Retail,Active,False,20178.2,12448.12,12.0,0.0,0.0,1.82104281551983,1,1,18396.38,100.0,1749,7.4673710669175595,0.7862147369831571,78.62,1,Critical,14463.51,343,2026-09-30,2024-12-31
CUST-001770,"Chang, Lamb and Miller",Mid-Market,Media,Active,True,307637.03,194402.44,45.0,1.0,0.0,1.363993466768919,4,2,143788.87,50.0,850,6.7464121285733745,0.7860771505809009,78.61,1,Critical,113029.15,344,2026-09-30,2024-12-31
CUST-001876,Douglas-Yoder,SMB,Insurance,Active,False,27724.79,18680.12,16.0,0.0,0.0,1.0907723669670606,2,1,20198.85,100.0,1381,7.231287004327616,0.7860204270105239,78.6,1,Critical,15876.71,345,2026-09-30,2024-12-31
CUST-001004,Gallagher and Sons,SMB,Professional Services,Active,False,17302.18,10779.41,20.0,0.0,0.0,1.0578608309541848,3,1,11089.26,100.0,929,6.835184586147301,0.7855813338565647,78.56,1,Critical,8711.52,346,2026-09-30,2024-12-31
CUST-001565,"Paul, Zamora and Short",SMB,Healthcare,Active,False,11601.02,7423.57,12.0,0.0,0.0,1.1463831332210195,3,1,11002.3,66.66666666666666,1016,6.92461239604856,0.7853644748147416,78.54,1,Critical,8640.82,347,2026-09-30,2024-12-31
CUST-001272,"Williams, Randolph and Gilbert",Mid-Market,Technology,Active,False,136075.0,87604.78,28.0,2.0,100.0,1.2019567506647573,5,1,35811.07,100.0,1385,7.234177179749849,0.7850531504106649,78.51,1,Critical,28113.59,348,2026-09-30,2024-12-31
CUST-000181,Wells Inc,SMB,Media,Active,False,25626.63,15896.67,24.0,0.0,0.0,1.2434347483363022,2,2,25243.58,100.0,553,6.317164686747284,0.7849372373423723,78.49,1,Critical,19814.63,349,2026-09-30,2024-12-31
CUST-001592,"Evans, Cross and Johnston",SMB,Technology,Active,False,36168.73,23159.74,36.0,0.0,0.0,1.318261178350546,3,3,33830.79,100.0,894,6.796823718274855,0.7846860004785567,78.47,1,Critical,26546.55,350,2026-09-30,2024-12-31
CUST-001248,"Butler, Adkins and Skinner",Enterprise,Technology,Active,False,411642.94,267746.6,33.0,5.0,100.0,1.1076697809231162,5,2,255102.95,40.0,1334,7.19668657083435,0.7842759011798551,78.43,1,Critical,200071.1,351,2026-09-30,2024-12-31
CUST-000890,"Shaffer, Garcia and Richardson",SMB,Education,Active,False,30831.47,18584.13,24.0,0.0,0.0,1.283450702845783,2,2,29283.32,100.0,835,6.728628613084702,0.7840590596050695,78.41,1,Critical,22959.85,352,2026-09-30,2024-12-31
CUST-000295,"Brennan, Wallace and Benson",Mid-Market,Professional Services,Active,True,135176.29,85697.17,26.0,1.0,100.0,1.4204609880388526,5,1,79101.59,60.0,1362,7.217443431696533,0.7837440213042605,78.37,1,Critical,61995.4,353,2026-09-30,2024-12-31
CUST-000134,"Carroll, Sullivan and Bass",SMB,Healthcare,Active,False,11292.56,7466.5,12.0,0.0,0.0,1.5151242185670277,1,1,10587.87,100.0,1510,7.32052696227274,0.7827049618400248,78.27,1,Critical,8287.18,354,2026-09-30,2024-12-31
CUST-001171,"Obrien, Taylor and Rivas",SMB,Healthcare,Active,True,30831.53,19478.85,24.0,0.0,0.0,0.9114762324347022,2,2,29467.19,100.0,1197,7.088408778675395,0.7822161178554943,78.22,1,Critical,23049.71,355,2026-09-30,2024-12-31
CUST-000901,Wright PLC,SMB,Banking,Active,False,19581.83,12520.82,12.0,0.0,0.0,1.5459017949346323,2,1,18886.51,50.0,924,6.829793737512425,0.7808664979600353,78.09,1,Critical,14747.84,356,2026-09-30,2024-12-31
CUST-001281,"Austin, Oliver and Haley",SMB,Professional Services,Active,False,28433.63,17661.02,20.0,0.0,0.0,1.6534201618212674,3,1,13477.14,100.0,917,6.822197390620491,0.7805794596215758,78.06,1,Critical,10519.98,357,2026-09-30,2024-12-31
CUST-001896,Graham-Anthony,SMB,Media,Active,False,20259.51,12756.66,12.0,0.0,0.0,1.2595804812960638,1,1,19070.18,100.0,1458,7.285506548522785,0.7805728226448272,78.06,1,Critical,14885.66,358,2026-09-30,2024-12-31
CUST-002412,Green-Romero,Strategic,Education,Active,False,6272951.47,3951621.54,68.0,5.0,40.0,1.2462914653709138,7,5,4993001.52,85.71428571428571,739,6.606650186198215,0.7804321801400452,78.04,1,Critical,3896699.06,359,2026-09-30,2024-12-31
CUST-002379,"Casey, Meza and Colon",Mid-Market,Technology,Active,False,197674.98,121360.46,31.0,0.0,0.0,1.3143031716226665,4,1,83206.43,75.0,612,6.418364935936212,0.7790383931225354,77.9,1,Critical,64821.0,360,2026-09-30,2024-12-31
CUST-000475,Blake Group,Strategic,Transportation,Active,False,7923940.44,4900816.6,81.0,2.0,50.0,1.4057106574531568,8,5,5336799.61,87.5,1215,7.103322062526113,0.7789946743604238,77.9,1,Critical,4157338.47,361,2026-09-30,2024-12-31
CUST-002069,"Quinn, Smith and Green",SMB,Media,Active,False,10550.98,6410.9,16.0,0.0,0.0,1.3449866416213956,2,1,6687.58,100.0,1742,7.463363045520021,0.7783560425871356,77.84,1,Critical,5205.32,362,2026-09-30,2024-12-31
CUST-000968,Baker-Wilson,Mid-Market,Technology,Active,True,107951.38,70631.01,19.0,0.0,0.0,0.9695932138478204,2,1,69136.83,100.0,1805,7.498869733976931,0.7781591521000832,77.82,1,Critical,53799.46,363,2026-09-30,2024-12-31
CUST-001944,Jennings Group,SMB,Media,Active,True,7573.54,4639.62,12.0,0.0,0.0,1.3397253393754531,1,1,6981.74,100.0,1808,7.500529485395295,0.7769324304010853,77.69,1,Critical,5424.34,364,2026-09-30,2024-12-31
CUST-000189,Garcia LLC,SMB,Retail,Active,True,26703.12,16954.7,24.0,0.0,0.0,1.290069839382928,2,2,24855.94,100.0,1433,7.2682230211595655,0.7764437614041996,77.64,1,Critical,19299.24,365,2026-09-30,2024-12-31
CUST-000054,"Robinson, Jones and Welch",SMB,Healthcare,Active,False,34147.91,20485.8,24.0,0.0,0.0,1.2421199266494047,3,2,32342.78,100.0,747,6.617402977974478,0.7758886899233901,77.59,1,Critical,25094.4,366,2026-09-30,2024-12-31
CUST-002082,Moore and Sons,Strategic,Technology,Active,False,4946766.7,2989375.14,56.0,3.0,0.0,1.2332927500889383,8,2,1885377.69,75.0,744,6.61338421837956,0.775858018906272,77.59,1,Critical,1462785.4,367,2026-09-30,2024-12-31
CUST-001383,Kent Inc,SMB,Retail,Active,False,14965.36,9502.79,12.0,0.0,0.0,1.294763415270569,2,1,14865.21,100.0,1189,7.081708586105575,0.7753465586354142,77.53,1,Critical,11525.69,368,2026-09-30,2024-12-31
CUST-000964,Taylor PLC,SMB,Telecommunications,Active,False,30040.42,19356.34,24.0,0.0,0.0,1.3946263618323085,3,1,13582.9,100.0,1083,6.988413181999592,0.7748453816991491,77.48,1,Critical,10524.65,369,2026-09-30,2024-12-31
CUST-000804,Barton-Chapman,Strategic,Insurance,Active,False,6629437.95,4083504.8,55.0,5.0,80.0,1.3195563644360835,5,5,6774099.09,100.0,313,5.749392985908253,0.7741442353163425,77.41,1,Critical,5244129.76,370,2026-09-30,2024-12-31
CUST-002308,Martinez Group,SMB,Manufacturing,Active,False,26673.15,17070.1,16.0,0.0,0.0,1.5746212278647203,3,1,18942.12,100.0,1793,7.492203042618741,0.7739491934361484,77.39,1,Critical,14660.24,371,2026-09-30,2024-12-31
CUST-002388,Watson-Fischer,SMB,Manufacturing,Active,False,12646.44,7566.02,12.0,3.0,0.0,1.2183090676519228,1,1,11922.86,100.0,1470,7.293697720601438,0.7736186322892292,77.36,1,Critical,9223.75,372,2026-09-30,2024-12-31
CUST-002078,Davis-Carpenter,Mid-Market,Healthcare,Active,True,148268.0,96469.16,26.0,0.0,0.0,1.2526562172419917,4,1,53365.34,100.0,677,6.519147287940395,0.7731749134122727,77.32,1,Critical,41260.74,373,2026-09-30,2024-12-31
CUST-001810,Wells and Sons,SMB,Retail,Active,False,37256.18,22179.95,32.0,0.0,0.0,1.267159877794526,3,2,29242.28,66.66666666666666,489,6.194405391104672,0.7730136079960784,77.3,1,Critical,22604.68,374,2026-09-30,2024-12-31
CUST-000141,Hernandez Inc,SMB,Healthcare,Active,False,16822.0,10874.74,14.0,0.0,0.0,0.8785630613041782,2,1,13142.56,50.0,1880,7.53955882930103,0.7728514830815462,77.29,1,Critical,10157.25,375,2026-09-30,2024-12-31
CUST-001128,Knox-Powers,Mid-Market,Education,Active,False,65921.06,45120.41,12.0,1.0,0.0,0.8625839783593994,2,1,62849.38,100.0,1265,7.143617602704121,0.7728379112434264,77.28,1,Critical,48572.38,376,2026-09-30,2024-12-31
CUST-001949,"Williams, Medina and Moore",SMB,Professional Services,Active,False,20748.3,13785.41,12.0,0.0,0.0,1.2903741970878002,1,1,19777.99,100.0,634,6.453624998892692,0.7727947754582649,77.28,1,Critical,15284.33,377,2026-09-30,2024-12-31
CUST-001822,Joseph LLC,SMB,Media,Active,False,25365.97,16408.06,18.0,0.0,0.0,1.462382489957968,2,1,19312.96,100.0,1427,7.2640301428995295,0.7725110061172854,77.25,1,Critical,14919.47,378,2026-09-30,2024-12-31
CUST-001007,Drake-Wolfe,SMB,Education,Active,False,22038.01,14152.21,24.0,0.0,0.0,1.632807422719779,3,2,21124.29,100.0,1536,7.337587743538596,0.7722659705622121,77.23,1,Critical,16313.57,379,2026-09-30,2024-12-31
CUST-001849,Larson and Sons,Enterprise,Education,Active,False,1291076.24,824124.52,65.0,5.0,100.0,1.348324159853741,7,3,619199.01,71.42857142857143,2037,7.61972421378267,0.7713971930897051,77.14,1,Critical,477648.38,380,2026-09-30,2024-12-31
CUST-000936,Mora-White,SMB,Retail,Active,False,17751.3,10255.89,24.0,0.0,0.0,1.38935320982235,3,2,16912.61,66.66666666666666,1250,7.1316985104669115,0.7712970154854835,77.13,1,Critical,13044.65,381,2026-09-30,2024-12-31
CUST-002306,Price Group,SMB,Manufacturing,Active,True,26596.62,15685.14,24.0,0.0,0.0,1.361714065672761,2,1,17911.31,100.0,743,6.612041034833092,0.7708610927284931,77.09,1,Critical,13807.13,382,2026-09-30,2024-12-31
CUST-001216,Petersen PLC,SMB,Education,Active,False,38436.43,23961.28,28.0,0.0,0.0,1.150138081719766,3,2,31224.26,100.0,637,6.45833828334479,0.7705994268936763,77.06,1,Critical,24061.4,383,2026-09-30,2024-12-31
CUST-000927,Brady LLC,SMB,Transportation,Active,False,21086.22,12791.92,24.0,0.0,0.0,1.2929950961005443,3,2,19948.58,100.0,1420,7.259116128097101,0.7705222957812756,77.05,1,Critical,15370.83,384,2026-09-30,2024-12-31
CUST-001336,Vance PLC,SMB,Telecommunications,Active,False,33155.98,21096.3,24.0,0.0,0.0,1.002600333433051,2,1,18705.39,100.0,1487,7.305188215393037,0.7702354820489927,77.02,1,Critical,14407.56,385,2026-09-30,2024-12-31
CUST-000994,"Wright, Mcknight and Stephens",SMB,Energy,Active,False,20314.17,13247.91,12.0,0.0,0.0,1.2050856826976228,1,1,19898.83,100.0,819,6.709304340258298,0.7694768003773251,76.95,1,Critical,15311.69,386,2026-09-30,2024-12-31
CUST-000222,Harrison-Alexander,Mid-Market,Media,Active,False,225779.17,142470.16,36.0,4.0,75.0,1.340474729114866,3,2,121387.38,66.66666666666666,2095,7.647786045440933,0.7693672392245682,76.94,1,Critical,93391.47,387,2026-09-30,2024-12-31
CUST-000039,Harrell LLC,Mid-Market,Healthcare,Active,False,114341.71,69590.41,22.0,0.0,0.0,1.1049486526035976,5,1,43119.17,40.0,1564,7.355641102974253,0.7691971072061323,76.92,1,Critical,33167.14,388,2026-09-30,2024-12-31
CUST-000958,"Miller, Davis and Anderson",Enterprise,Retail,Active,False,854469.0,540748.52,34.0,0.0,0.0,1.2202385176685944,6,2,512441.18,66.66666666666666,1689,7.432483807917119,0.768802812034419,76.88,1,Critical,393966.22,389,2026-09-30,2024-12-31
CUST-001599,Williams Ltd,SMB,Healthcare,Active,False,14141.04,8734.97,20.0,0.0,0.0,1.1647720411775808,3,1,7103.24,66.66666666666666,1923,7.562161631225652,0.7685040132955747,76.85,1,Critical,5458.87,390,2026-09-30,2024-12-31
CUST-002519,"Mcclure, Ward and Lee",SMB,Technology,Active,False,11163.34,6579.49,12.0,0.0,0.0,1.0515247108307046,1,1,10611.88,100.0,903,6.806829360392176,0.7671877492850012,76.72,1,Critical,8141.3,391,2026-09-30,2024-12-31
CUST-002544,"Mcclure, Ward and Lee",SMB,Technology,Active,False,11163.34,6579.49,12.0,0.0,0.0,1.0515247108307046,1,1,10611.88,100.0,903,6.806829360392176,0.7671877492850012,76.72,1,Critical,8141.3,392,2026-09-30,2024-12-31
CUST-001238,"Moon, Farmer and Hill",Mid-Market,Insurance,Active,False,71542.21,43556.05,18.0,0.0,0.0,1.3898089036862622,4,1,49914.47,100.0,2086,7.643482907077201,0.765959895841228,76.6,1,Critical,38232.48,393,2026-09-30,2024-12-31
CUST-000688,"Shelton, Peters and Williams",Enterprise,Retail,Active,True,704872.85,429631.84,35.0,4.0,75.0,1.3617590693058592,6,2,516744.72,83.33333333333334,1958,7.580189417944541,0.7656973136587266,76.57,1,Critical,395670.04,394,2026-09-30,2024-12-31
CUST-000754,Peterson PLC,SMB,Transportation,Active,True,18172.81,10915.73,12.0,0.0,0.0,1.7966255814302061,2,1,16670.15,100.0,990,6.898714534329988,0.7656437710630258,76.56,1,Critical,12763.4,395,2026-09-30,2024-12-31
CUST-002109,Richardson-Lawrence,SMB,Professional Services,Active,False,19608.02,12407.41,19.0,0.0,0.0,1.2105669739353917,3,1,11548.21,100.0,1638,7.40184157874383,0.7655453060900451,76.55,1,Critical,8840.68,396,2026-09-30,2024-12-31
CUST-001356,Martin-Jones,SMB,Insurance,Active,False,24253.47,14801.87,18.0,0.0,0.0,1.316402194575299,3,1,13761.47,66.66666666666666,1475,7.297091005160418,0.7654508287682369,76.55,1,Critical,10533.73,397,2026-09-30,2024-12-31
CUST-001277,Walker-Lewis,Mid-Market,Energy,Active,True,86017.68,53877.76,19.0,2.0,100.0,1.2572171347416274,3,1,55221.78,100.0,1820,7.507141079727608,0.7652123185027503,76.52,1,Critical,42256.39,398,2026-09-30,2024-12-31
CUST-001489,Johnson Ltd,SMB,Professional Services,Active,False,10001.49,6244.01,12.0,0.0,0.0,0.9973209335806317,3,1,9881.76,100.0,1248,7.130098510125578,0.7650364487164126,76.5,1,Critical,7559.91,399,2026-09-30,2024-12-31
CUST-002327,Hartman Group,Mid-Market,Retail,Active,False,146745.85,95763.12,24.0,0.0,0.0,1.5187153716295576,3,2,139064.09,100.0,1644,7.405495663199472,0.7646706803803736,76.47,1,Critical,106338.23,400,2026-09-30,2024-12-31
CUST-000805,"Hernandez, Cuevas and Webb",SMB,Media,Active,False,20558.39,12998.13,12.0,1.0,100.0,1.2368573405657741,3,1,19616.99,66.66666666666666,2052,7.627057417018934,0.763431620368877,76.34,1,Critical,14976.23,401,2026-09-30,2024-12-31
CUST-002084,"Norris, Cisneros and Mathis",Mid-Market,Education,Active,False,126781.13,78506.31,32.0,2.0,0.0,1.4578634924564433,5,2,90198.06,100.0,2034,7.618251097876695,0.7625150194308505,76.25,1,Critical,68777.38,402,2026-09-30,2024-12-31
CUST-001514,Compton LLC,SMB,Education,Active,False,8021.03,5095.04,11.0,1.0,0.0,1.2755769677355147,1,1,8147.8,100.0,1418,7.257707677160043,0.7620707484581217,76.21,1,Critical,6209.2,403,2026-09-30,2024-12-31
CUST-001491,Mcdonald-Pitts,SMB,Insurance,Active,False,36099.69,21707.34,24.0,0.0,0.0,1.5488077123849084,3,1,16306.66,66.66666666666666,786,6.668228248417403,0.7599235881322599,75.99,1,Critical,12391.82,404,2026-09-30,2024-12-31
CUST-000937,Tran Ltd,SMB,Energy,Active,False,11511.66,7546.19,11.0,0.0,0.0,1.0873864757399232,1,1,11664.62,100.0,322,5.777652323222656,0.7595842357186231,75.96,1,Critical,8860.26,405,2026-09-30,2024-12-31
CUST-000801,Garcia and Sons,SMB,Healthcare,Active,False,39970.83,26198.37,27.0,0.0,0.0,1.0653276682732735,3,2,35315.03,100.0,1783,7.486613313139955,0.758624656105156,75.86,1,Critical,26790.85,406,2026-09-30,2024-12-31
CUST-000783,Faulkner-Casey,SMB,Technology,Active,False,35047.74,22909.21,31.0,0.0,0.0,1.4985783381260693,3,2,23259.01,100.0,545,6.302618975744905,0.7581388730050992,75.81,1,Critical,17633.56,407,2026-09-30,2024-12-31
CUST-000257,Cordova Group,Strategic,Energy,Active,False,8587261.99,5393524.27,88.0,2.0,50.0,1.4213658942686769,8,7,7966867.04,75.0,1044,6.951772164398911,0.757938802603715,75.79,1,Critical,6038397.66,408,2026-09-30,2024-12-31
CUST-002162,Murray Group,Enterprise,Retail,Active,True,1358553.66,873048.81,54.0,1.0,100.0,1.262903037077432,6,2,700717.88,83.33333333333334,791,6.674561391814426,0.7574022558412506,75.74,1,Critical,530725.3,409,2026-09-30,2024-12-31
CUST-001121,"Evans, Hernandez and Cannon",SMB,Insurance,Active,False,13595.27,8239.78,15.0,0.0,0.0,1.4147924235281066,3,1,9020.8,66.66666666666666,1572,7.360739903058278,0.756219426683541,75.62,1,Critical,6821.7,410,2026-09-30,2024-12-31
CUST-002065,"Sanchez, Wilson and Ramirez",SMB,Healthcare,Active,True,37467.65,23759.63,24.0,0.0,0.0,1.3919939112185624,3,2,35767.14,100.0,1542,7.341483852363161,0.7558085235263846,75.58,1,Critical,27033.11,411,2026-09-30,2024-12-31
CUST-001749,"Russo, Collins and Murphy",SMB,Technology,Active,False,41114.07,26988.74,30.0,0.0,0.0,1.2866312311991375,3,2,30626.9,100.0,1891,7.545389749611823,0.7556662200840311,75.57,1,Critical,23143.71,412,2026-09-30,2024-12-31
CUST-001363,"Thomas, Jackson and Nielsen",SMB,Media,Active,False,11498.72,7304.75,12.0,1.0,100.0,1.1117630752821621,1,1,10804.53,100.0,1757,7.471932078245122,0.7555564985958969,75.56,1,Critical,8163.43,413,2026-09-30,2024-12-31
CUST-001307,"Phillips, Walters and Evans",Mid-Market,Energy,Active,True,194201.05,116105.07,28.0,0.0,0.0,1.159341409629768,5,1,105758.02,100.0,1843,7.519692404116539,0.7553804060152531,75.54,1,Critical,79887.54,414,2026-09-30,2024-12-31
CUST-000086,Smith PLC,SMB,Manufacturing,Active,False,11879.3,8048.07,12.0,0.0,0.0,0.9764626728438962,1,1,11334.95,100.0,671,6.51025834052315,0.7553426291485766,75.53,1,Critical,8561.77,415,2026-09-30,2024-12-31
CUST-001192,Wilson Ltd,Enterprise,Retail,Active,True,1033108.87,637973.82,43.0,0.0,0.0,1.290337947304787,6,2,466360.77,66.66666666666666,1049,6.956545443151569,0.7549430246004959,75.49,1,Critical,352075.81,416,2026-09-30,2024-12-31
CUST-002153,Flores-Johnson,Strategic,Retail,Active,False,3850164.13,2457390.83,41.0,10.0,40.0,1.4463681104166615,8,2,2166816.79,75.0,1432,7.267525427828172,0.7544535124413457,75.45,1,Critical,1634762.54,417,2026-09-30,2024-12-31
CUST-001239,Waller-Chavez,SMB,Insurance,Active,False,17989.19,11574.42,21.0,1.0,100.0,1.2434652787244422,2,1,9932.75,100.0,1841,7.518607216815252,0.7538771074425156,75.39,1,Critical,7488.07,418,2026-09-30,2024-12-31
CUST-000374,"Watson, Anderson and Brown",Mid-Market,Manufacturing,Active,False,168217.56,105081.4,38.0,0.0,0.0,1.1657600695055692,5,2,97511.98,80.0,1677,7.425357887027151,0.7537019305907515,75.37,1,Critical,73494.97,419,2026-09-30,2024-12-31
CUST-002218,"Johnson, Stevenson and Lindsey",Mid-Market,Banking,Active,False,224129.23,145565.19,36.0,1.0,0.0,1.3091028782794694,4,3,211455.97,75.0,1688,7.4318919168078,0.7536501138137093,75.37,1,Critical,159363.82,420,2026-09-30,2024-12-31
CUST-001991,Fitzgerald-Brown,SMB,Technology,Active,False,20314.69,13460.06,12.0,1.0,100.0,0.9749770345512834,1,1,19868.81,100.0,493,6.202535517187923,0.7531797144878319,75.32,1,Critical,14964.78,421,2026-09-30,2024-12-31
CUST-001748,Peterson Group,SMB,Insurance,Active,False,33055.1,20155.97,19.0,0.0,0.0,1.410911927583357,3,1,19802.51,33.33333333333333,2015,7.60887062919126,0.7517152580973832,75.17,1,Critical,14885.85,422,2026-09-30,2024-12-31
CUST-001017,"Foster, Garcia and Turner",SMB,Insurance,Active,False,9827.07,6038.88,12.0,0.0,0.0,1.1362419366433256,1,1,9316.26,100.0,919,6.824373670043086,0.7513374020942134,75.13,1,Critical,6999.65,423,2026-09-30,2024-12-31
CUST-000392,Ware and Sons,Strategic,Insurance,Active,False,7344979.81,4604578.97,85.0,4.0,50.0,1.2678029461593991,8,7,6973987.19,100.0,707,6.56244409369372,0.7504150341514289,75.04,1,Critical,5233384.84,424,2026-09-30,2024-12-31
CUST-000741,"Mueller, Knight and Hodge",SMB,Manufacturing,Active,False,37924.94,24374.54,22.0,0.0,0.0,1.3378454791493108,2,2,38716.41,100.0,319,5.768320995793772,0.7498413079269456,74.98,0,High,29031.16,425,2026-09-30,2024-12-31
CUST-000179,"Williams, Johnson and Wright",Mid-Market,Banking,Active,True,122625.74,79162.69,32.0,0.0,0.0,1.169260976317464,3,1,39093.1,100.0,802,6.688354713946762,0.7493726951203954,74.94,0,High,29295.3,426,2026-09-30,2024-12-31
CUST-001734,"Brown, Meyer and Cunningham",SMB,Technology,Active,False,14075.24,8041.62,12.0,1.0,0.0,1.561425057000119,2,1,13061.63,100.0,1403,7.247080584585756,0.7467588687882115,74.68,0,High,9753.89,427,2026-09-30,2024-12-31
CUST-002341,Clark Ltd,SMB,Professional Services,Active,False,16939.15,10498.23,16.0,1.0,100.0,1.3757940354221905,3,1,11719.9,100.0,674,6.51471269087253,0.7462040526718452,74.62,0,High,8745.44,428,2026-09-30,2024-12-31
CUST-001964,Ellis-Jackson,SMB,Manufacturing,Active,False,37354.64,23408.74,30.0,0.0,0.0,1.219531518572331,3,2,26427.99,66.66666666666666,1303,7.1731917424865985,0.7461056239894999,74.61,0,High,19718.07,429,2026-09-30,2024-12-31
CUST-001485,Garcia PLC,SMB,Banking,Active,False,27389.06,16797.7,24.0,0.0,0.0,1.4652902592007246,2,2,25902.98,100.0,1077,6.982862751468942,0.7454075275883729,74.54,0,High,19308.28,430,2026-09-30,2024-12-31
CUST-001644,Berry Group,Enterprise,Education,Active,True,1329480.56,830972.45,53.0,1.0,0.0,1.137047788719325,7,2,483038.88,71.42857142857143,1961,7.581719640125308,0.7451026671595276,74.51,0,High,359913.56,431,2026-09-30,2024-12-31
CUST-000041,Ryan PLC,Mid-Market,Energy,Active,False,239568.23,150337.54,41.0,1.0,0.0,1.3698000052792827,5,2,103801.03,100.0,1948,7.575071699507561,0.7446429201423448,74.46,0,High,77294.7,432,2026-09-30,2024-12-31
CUST-001982,Warner PLC,Mid-Market,Media,Active,False,104857.65,65688.46,18.0,1.0,0.0,1.2788495398657447,3,1,69149.34,33.33333333333333,901,6.804614520062624,0.7424211748276804,74.24,0,High,51337.93,433,2026-09-30,2024-12-31
CUST-001308,"Wong, Bernard and Smith",SMB,Banking,Active,True,19967.51,12956.18,12.0,0.0,0.0,1.2805156408087797,3,1,18732.64,66.66666666666666,1483,7.302496423727326,0.7414660069581318,74.15,0,High,13889.62,434,2026-09-30,2024-12-31
CUST-000991,Andrade-Mendoza,SMB,Media,Active,False,27412.62,16828.28,24.0,0.0,0.0,1.4578503514070118,2,2,26170.05,100.0,1636,7.400620577371135,0.7404622650933292,74.05,0,High,19377.93,435,2026-09-30,2024-12-31
CUST-000834,Burns and Sons,SMB,Education,Active,False,47271.68,29712.75,36.0,0.0,0.0,1.271191634897091,3,3,44937.47,100.0,419,6.040254711277414,0.7396401460177117,73.96,0,High,33237.56,436,2026-09-30,2024-12-31
CUST-000166,Medina-Navarro,Enterprise,Professional Services,Active,False,859958.51,569547.18,36.0,5.0,60.0,1.255838965484647,5,2,494672.36,40.0,1094,6.9985096422506015,0.7391959807376989,73.92,0,High,365659.82,437,2026-09-30,2024-12-31
CUST-000265,Tran Inc,SMB,Media,Active,False,24866.57,16185.5,23.0,0.0,0.0,1.2067913729488802,2,2,24580.6,100.0,1526,7.3310603052186325,0.7381990523845157,73.82,0,High,18145.38,438,2026-09-30,2024-12-31
CUST-001647,"Mcbride, Huffman and Parker",Mid-Market,Energy,Active,False,72123.98,47172.27,12.0,0.0,0.0,1.30101036689321,3,1,67318.05,100.0,1367,7.221105098182496,0.7381019385223312,73.81,0,High,49687.58,439,2026-09-30,2024-12-31
CUST-001685,Higgins Inc,Mid-Market,Media,Active,False,178542.39,117553.05,36.0,2.0,0.0,1.1294405394254108,5,3,166430.12,100.0,1940,7.57095858316901,0.7378244568946508,73.78,0,High,122796.21,440,2026-09-30,2024-12-31
CUST-001985,Clarke LLC,SMB,Education,Active,False,8771.77,5294.92,12.0,2.0,50.0,1.4353068975273484,1,1,8611.38,100.0,461,6.135564891081739,0.7373130669869118,73.73,0,High,6349.28,441,2026-09-30,2024-12-31
CUST-000126,Smith-Frost,SMB,Manufacturing,Active,False,18106.39,11528.44,13.0,0.0,0.0,1.4072494669509594,2,1,16460.17,100.0,2093,7.646831391430482,0.7370417036861887,73.7,0,High,12131.83,442,2026-09-30,2024-12-31
CUST-001703,Thomas Inc,Enterprise,Media,Active,False,778442.32,478346.67,31.0,3.0,66.66666666666666,1.1494121851885082,6,1,148452.95,100.0,1752,7.469083884921234,0.7368405587246935,73.68,0,High,109386.15,443,2026-09-30,2024-12-31
CUST-000672,Avila LLC,SMB,Retail,Active,False,42153.89,26435.66,28.0,2.0,0.0,1.482553239924964,3,2,33554.09,100.0,1802,7.497207223203318,0.73680470241906,73.68,0,High,24722.81,444,2026-09-30,2024-12-31
CUST-001511,Nelson-Dean,SMB,Professional Services,Active,False,47796.65,30145.25,35.0,0.0,0.0,1.1681360674415262,3,2,33861.59,100.0,411,6.021023349349527,0.7367110700215239,73.67,0,High,24946.21,445,2026-09-30,2024-12-31
CUST-001332,Hess PLC,SMB,Technology,Active,False,33123.95,21267.0,24.0,0.0,0.0,1.2352529028443218,2,2,30893.18,100.0,1994,7.598399329323964,0.7367054263749083,73.67,0,High,22759.17,446,2026-09-30,2024-12-31
CUST-002339,Smith Inc,SMB,Professional Services,Active,False,26359.61,16289.35,22.0,0.0,0.0,1.157168964186428,2,1,20767.1,100.0,429,6.063785208687608,0.73564863648097,73.56,0,High,15277.29,447,2026-09-30,2024-12-31
CUST-000129,"Mccall, Hanson and Alvarado",SMB,Education,Active,True,23473.57,15209.18,16.0,0.0,0.0,1.1450318445710392,2,1,17137.92,50.0,573,6.352629396319567,0.7353677576521889,73.54,0,High,12602.67,448,2026-09-30,2024-12-31
CUST-000898,Goodwin PLC,SMB,Media,Active,False,22659.25,14981.03,19.0,2.0,100.0,1.3757356932966815,2,1,13720.01,100.0,1750,7.467942332285852,0.7350627460093927,73.51,0,High,10085.07,449,2026-09-30,2024-12-31
CUST-001329,Wilkinson and Sons,SMB,Banking,Active,False,19425.56,12394.64,22.0,0.0,0.0,1.2445094547253264,2,2,20601.0,100.0,571,6.349138991379798,0.7349579996311468,73.5,0,High,15140.87,450,2026-09-30,2024-12-31
CUST-002258,Aguilar-Holland,SMB,Transportation,Active,False,26477.71,16518.34,31.0,0.0,0.0,1.236634438881273,3,1,15350.21,66.66666666666666,735,6.601230118728877,0.7327090730404514,73.27,0,High,11247.24,451,2026-09-30,2024-12-31
CUST-002352,Freeman Group,SMB,Insurance,Active,False,26006.35,15909.09,20.0,0.0,0.0,1.1963563507910733,3,1,14391.19,33.33333333333333,616,6.424869023905388,0.7325631077544904,73.26,0,High,10542.45,452,2026-09-30,2024-12-31
CUST-002475,Johnson-Schultz,Strategic,Insurance,Active,False,4489939.45,2764654.34,70.0,4.0,50.0,1.272604357042266,6,4,3046585.02,66.66666666666666,777,6.656726524178391,0.7321076457234686,73.21,0,High,2230428.19,453,2026-09-30,2024-12-31
CUST-002502,Doyle Ltd,SMB,Healthcare,Active,True,27131.05,17324.91,25.0,0.0,0.0,1.3879684930321128,3,2,23712.02,100.0,1907,7.553810852008231,0.7314427495999871,73.14,0,High,17343.99,454,2026-09-30,2024-12-31
CUST-000836,"Brown, Howard and Smith",SMB,Banking,Active,False,18705.61,11664.66,21.0,2.0,50.0,1.4587808245587728,3,1,7496.9,66.66666666666666,2030,7.616283561580385,0.7313479653286007,73.13,0,High,5482.84,455,2026-09-30,2024-12-31
CUST-001059,Elliott-Hernandez,SMB,Professional Services,Active,False,7600.16,4810.75,12.0,0.0,0.0,1.0194316961234253,2,1,7143.73,100.0,1938,7.569927655242652,0.7312758782559606,73.13,0,High,5224.04,456,2026-09-30,2024-12-31
CUST-002421,Gibson-Thomas,Mid-Market,Technology,Active,False,180277.95,111829.0,31.0,0.0,0.0,1.2049566029267111,3,1,53312.18,100.0,482,6.180016653652572,0.7304867480174104,73.05,0,High,38943.84,457,2026-09-30,2024-12-31
CUST-000388,Davis PLC,Mid-Market,Education,Active,False,69362.1,44222.56,16.0,2.0,50.0,1.6426333627012082,5,1,46356.36,80.0,1920,7.560601162768557,0.7297818364647631,72.98,0,High,33830.03,458,2026-09-30,2024-12-31
CUST-000360,Boone-Simmons,Mid-Market,Technology,Active,False,214959.83,137443.02,30.0,0.0,0.0,1.45631163766477,3,1,95353.29,66.66666666666666,1957,7.579678823090456,0.7296441733212993,72.96,0,High,69573.97,459,2026-09-30,2024-12-31
CUST-000168,Johnson-Rogers,SMB,Energy,Active,False,10629.47,7354.69,12.0,2.0,50.0,1.5310487215691169,1,1,9962.42,100.0,1169,7.064759027791802,0.7290715574071152,72.91,0,High,7263.32,460,2026-09-30,2024-12-31
CUST-001260,Butler-French,SMB,Education,Active,False,16358.68,10452.99,17.0,0.0,0.0,1.5698992301995198,2,1,10220.79,100.0,1873,7.535830462798367,0.7289945192044306,72.9,0,High,7450.9,461,2026-09-30,2024-12-31
CUST-002116,Wilson-Campbell,Mid-Market,Manufacturing,Active,True,120673.6,76983.89,23.0,3.0,66.66666666666666,1.290563205764354,3,1,49616.31,100.0,810,6.698268054115413,0.7284997022473733,72.85,0,High,36145.47,462,2026-09-30,2024-12-31
CUST-001306,Taylor Group,Mid-Market,Media,Active,True,245727.54,154743.57,41.0,1.0,0.0,1.240002740048891,5,3,221802.41,100.0,1835,7.515344571180436,0.7284641774610482,72.85,0,High,161575.11,463,2026-09-30,2024-12-31
CUST-002245,Gonzalez-Haynes,SMB,Healthcare,Active,False,52551.26,33761.83,33.0,0.0,0.0,1.200395673952054,3,2,36456.75,66.66666666666666,472,6.159095388491933,0.7251534311299274,72.52,0,High,26436.74,464,2026-09-30,2024-12-31
CUST-000660,Chambers-Parker,Mid-Market,Retail,Active,False,175939.49,110562.56,36.0,2.0,50.0,1.161744437100499,3,3,162931.79,66.66666666666666,509,6.234410725718371,0.7250210503221433,72.5,0,High,118128.98,465,2026-09-30,2024-12-31
CUST-002411,"Henderson, Wagner and Dennis",SMB,Education,Active,False,35113.3,22172.47,23.0,0.0,0.0,1.341320097766498,2,2,35933.09,100.0,838,6.732210706467206,0.7249983425965807,72.5,0,High,26051.43,466,2026-09-30,2024-12-31
CUST-001919,Jackson Inc,SMB,Technology,Active,False,32117.65,20398.39,20.0,0.0,0.0,1.2698634199096444,3,1,17840.12,66.66666666666666,695,6.54534966033442,0.7249553853455423,72.5,0,High,12933.29,467,2026-09-30,2024-12-31
CUST-001436,Lowe Ltd,SMB,Technology,Active,False,24894.51,15908.42,16.0,1.0,100.0,1.3400312220472548,3,1,20331.7,66.66666666666666,698,6.54965074223381,0.7249022461203841,72.49,0,High,14738.49,468,2026-09-30,2024-12-31
CUST-001235,Holt and Sons,SMB,Banking,Active,False,15012.51,9937.8,12.0,0.0,0.0,0.9650167596529332,1,1,14230.2,100.0,541,6.295266001439646,0.7239709245990114,72.4,0,High,10302.25,469,2026-09-30,2024-12-31
CUST-001309,"Thomas, Williams and Armstrong",Mid-Market,Energy,Active,False,147820.78,91372.51,34.0,1.0,0.0,1.1658087414402232,4,2,98487.86,100.0,1458,7.285506548522785,0.7235521238898069,72.36,0,High,71261.1,470,2026-09-30,2024-12-31
CUST-001626,"Williams, Jackson and Campbell",SMB,Education,Active,True,16964.6,10694.05,16.0,0.0,0.0,1.4520957048937804,2,1,11695.68,100.0,1372,7.224753405767971,0.7219684987671634,72.2,0,High,8443.91,471,2026-09-30,2024-12-31
CUST-000362,Lam LLC,Mid-Market,Professional Services,Active,False,132968.63,88383.31,22.0,5.0,80.0,1.535819845329957,2,2,137342.52,100.0,317,5.762051382780177,0.7218711650778159,72.19,0,High,99143.6,472,2026-09-30,2024-12-31
CUST-001433,Moss LLC,SMB,Professional Services,Active,False,28255.63,17916.93,24.0,0.0,0.0,1.3614861477300209,2,2,25884.93,100.0,660,6.493753839851686,0.7211837060259946,72.12,0,High,18667.79,473,2026-09-30,2024-12-31
CUST-001503,"Brooks, Jenkins and Castro",SMB,Manufacturing,Active,False,17595.42,11467.12,24.0,0.0,0.0,1.1205261029881848,2,2,16797.5,100.0,693,6.542471960506805,0.720893647032471,72.09,0,High,12109.21,474,2026-09-30,2024-12-31
CUST-000571,"Khan, Pena and Ruiz",SMB,Manufacturing,Active,False,23151.41,14652.46,14.0,0.0,0.0,1.405239988387181,3,1,19582.13,66.66666666666666,699,6.551080335043404,0.7205262841865497,72.05,0,High,14109.44,475,2026-09-30,2024-12-31
CUST-000014,"Mcclure, Ward and Lee",SMB,Technology,Active,False,44167.68,27439.01,36.0,0.0,0.0,1.261434491172309,3,2,25076.79,66.66666666666666,903,6.806829360392176,0.7204871787549596,72.05,0,High,18067.51,476,2026-09-30,2024-12-31
CUST-002256,Johnson LLC,SMB,Professional Services,Active,False,23370.84,14775.36,20.0,0.0,0.0,1.2577849583251124,3,1,12657.73,66.66666666666666,1797,7.494430215031565,0.7189258393840938,71.89,0,High,9099.97,477,2026-09-30,2024-12-31
CUST-000173,White-Green,SMB,Insurance,Active,False,31686.66,18774.98,22.0,0.0,0.0,1.4564311213462395,2,1,14477.23,100.0,726,6.588926477533519,0.7187060680209159,71.87,0,High,10404.87,478,2026-09-30,2024-12-31
CUST-001806,Rodriguez-Campbell,SMB,Energy,Active,False,43432.67,27781.92,34.0,2.0,100.0,1.3901333035466015,3,3,42882.52,100.0,1445,7.27655640271871,0.7183696135252239,71.84,0,High,30805.5,479,2026-09-30,2024-12-31
CUST-002398,"Whitney, Lloyd and Liu",Mid-Market,Banking,Active,False,235566.15,149938.07,42.0,1.0,0.0,1.4264652169652483,4,3,186822.65,100.0,665,6.501289670540389,0.7172573095321978,71.73,0,High,133999.91,480,2026-09-30,2024-12-31
CUST-002474,Marshall-Russell,SMB,Banking,Active,False,29174.29,17833.35,24.0,0.0,0.0,1.1471130392686242,2,2,27147.85,100.0,1974,7.5883236773352225,0.717228115973882,71.72,0,High,19471.2,481,2026-09-30,2024-12-31
CUST-001532,"Robinson, Rodriguez and Chen",Mid-Market,Technology,Active,False,152766.26,97516.3,22.0,1.0,0.0,1.397297768860003,3,1,77410.94,100.0,1696,7.436617265234227,0.7171404055091211,71.71,0,High,55514.51,482,2026-09-30,2024-12-31
CUST-002244,"Holland, Sims and Meadows",SMB,Telecommunications,Active,True,8256.81,5135.25,12.0,0.0,0.0,1.2472462230545167,1,1,7667.44,100.0,441,6.091309882077698,0.716431911377817,71.64,0,High,5493.2,483,2026-09-30,2024-12-31
CUST-001843,Smith-Rodriguez,Strategic,Technology,Active,True,6228541.71,3986308.03,58.0,4.0,100.0,1.2812422268401502,5,4,5135288.13,80.0,453,6.118097198041348,0.7159587119242992,71.6,0,High,3676654.27,484,2026-09-30,2024-12-31
CUST-001151,"Watson, Smith and Morris",Strategic,Healthcare,Active,False,5044906.59,3286409.14,50.0,4.0,100.0,1.312146703361376,8,3,3268116.0,75.0,1587,7.370230641807081,0.7159485369209316,71.59,0,High,2339802.87,485,2026-09-30,2024-12-31
CUST-002185,Michael-Barber,SMB,Banking,Active,False,22938.94,15324.98,17.0,0.0,0.0,1.4091340620195418,2,1,18570.55,50.0,1129,7.029972911706386,0.7154124649121756,71.54,0,High,13285.6,486,2026-09-30,2024-12-31
CUST-000773,Thomas-Jackson,Strategic,Retail,Active,True,5746991.25,3481617.88,71.0,5.0,40.0,1.3330825411008016,9,5,4444690.87,88.88888888888889,2009,7.605890001053122,0.7151656702972136,71.52,0,High,3178690.33,487,2026-09-30,2024-12-31
CUST-002005,Lopez Group,SMB,Banking,Active,False,27187.21,17128.2,22.0,1.0,100.0,1.2145723471858205,3,1,16088.28,66.66666666666666,597,6.393590753950631,0.7147400546106586,71.47,0,High,11498.94,488,2026-09-30,2024-12-31
CUST-001041,"Jones, Mcmahon and Spence",Mid-Market,Healthcare,Active,True,194896.09,126343.18,30.0,1.0,100.0,1.1939346887384021,5,2,140734.5,80.0,1941,7.571473648851271,0.714706413809643,71.47,0,High,100583.85,489,2026-09-30,2024-12-31
CUST-000248,"Matthews, Smith and Hubbard",Enterprise,Retail,Active,False,592611.29,367204.46,30.0,3.0,100.0,1.2642268724893488,4,2,381733.68,100.0,1726,7.454141078146678,0.7146978254827258,71.47,0,High,272824.23,490,2026-09-30,2024-12-31
CUST-000981,Orr Group,SMB,Media,Active,False,33154.64,20667.36,24.0,1.0,0.0,1.3831397825381346,2,2,31323.26,50.0,1325,7.189922170745808,0.7144365111411102,71.44,0,High,22378.48,491,2026-09-30,2024-12-31
CUST-000818,Cole Group,Mid-Market,Media,Active,False,153848.93,94940.58,24.0,2.0,0.0,1.4274799448721491,2,2,147571.79,100.0,1278,7.153833801578843,0.7135625067951062,71.36,0,High,105301.7,492,2026-09-30,2024-12-31
CUST-001400,Frost-Graham,Enterprise,Healthcare,Active,False,900962.71,557373.06,38.0,3.0,33.33333333333333,1.3216563203477236,6,1,317773.99,83.33333333333334,1236,7.1204443723924875,0.7133730099060852,71.34,0,High,226691.39,493,2026-09-30,2024-12-31
CUST-002055,Jones-Choi,Mid-Market,Retail,Active,False,246628.34,155126.5,40.0,0.0,0.0,1.222965866432707,4,3,211775.07,75.0,866,6.7650389767805414,0.7133064248556376,71.33,0,High,151060.52,494,2026-09-30,2024-12-31
CUST-001506,Garrett-Black,SMB,Technology,Active,False,18440.1,11453.75,12.0,0.0,0.0,0.9130916991203327,1,1,18020.59,100.0,1070,6.976348070447749,0.7132951061596579,71.33,0,High,12854.0,495,2026-09-30,2024-12-31
CUST-000027,Baker and Sons,Enterprise,Transportation,Active,False,938411.39,582337.32,41.0,2.0,50.0,1.1780239934785541,6,2,345024.42,83.33333333333334,1528,7.332369205929062,0.7125341823904242,71.25,0,High,245841.69,496,2026-09-30,2024-12-31
CUST-000471,Walker-Flores,SMB,Technology,Active,False,24615.68,15493.93,20.0,0.0,0.0,1.1957530598613846,2,2,28458.75,100.0,287,5.662960480135946,0.7119577403661487,71.2,0,High,20261.43,497,2026-09-30,2024-12-31
CUST-000921,"Ashley, Allen and Sanchez",SMB,Banking,Active,False,39601.08,24439.91,36.0,1.0,0.0,1.1012078172139448,3,3,38555.21,66.66666666666666,522,6.259581464064923,0.711474835844233,71.15,0,High,27431.06,498,2026-09-30,2024-12-31
CUST-002079,Smith PLC,Mid-Market,Healthcare,Active,False,152189.32,96753.2,28.0,3.0,100.0,1.293762408939535,4,2,133412.77,50.0,1471,7.294377299288821,0.7112384401891819,71.12,0,High,94888.29,499,2026-09-30,2024-12-31
CUST-001435,"Kelly, Maxwell and Wilson",SMB,Telecommunications,Active,False,17793.59,10862.8,13.0,0.0,0.0,1.4322350001027293,3,1,15703.38,100.0,1971,7.586803535162581,0.7109086156644123,71.09,0,High,11163.67,500,2026-09-30,2024-12-31
CUST-000430,Ford-Spencer,Mid-Market,Energy,Active,True,90142.82,58126.97,21.0,2.0,100.0,1.1149916266590332,2,1,51000.06,100.0,451,6.113682179832232,0.7107846761454737,71.08,0,High,36250.06,501,2026-09-30,2024-12-31
CUST-002462,Johnson-Rice,SMB,Retail,Active,False,38790.47,23900.77,35.0,1.0,100.0,1.2307019470935658,3,3,38380.0,100.0,971,6.879355804460439,0.7094831823017976,70.95,0,High,27229.96,502,2026-09-30,2024-12-31
CUST-001960,Hughes and Sons,Mid-Market,Banking,Active,False,145879.52,88980.97,24.0,1.0,0.0,1.4209749718735458,2,1,55537.14,50.0,946,6.853299093186078,0.7094387323807669,70.94,0,High,39400.2,503,2026-09-30,2024-12-31
CUST-000519,Hines-Berry,SMB,Transportation,Active,False,36842.46,23212.98,33.0,1.0,100.0,1.4357992853095258,3,3,38577.54,100.0,322,5.777652323222656,0.7092782937262763,70.93,0,High,27362.21,504,2026-09-30,2024-12-31
CUST-000925,"Smith, Crawford and Reed",Strategic,Retail,Active,True,5660765.05,3537634.39,66.0,5.0,80.0,1.1884034326979247,7,3,3307636.26,71.42857142857143,993,6.901737206656574,0.7090294905154826,70.9,0,High,2345211.65,505,2026-09-30,2024-12-31
CUST-000100,Walsh LLC,SMB,Banking,Active,True,22556.9,14712.71,22.0,1.0,0.0,1.483679816150374,3,2,23267.28,66.66666666666666,2005,7.603897968521881,0.7089866312746362,70.9,0,High,16496.19,506,2026-09-30,2024-12-31
CUST-002091,"Olsen, Walker and Vincent",SMB,Transportation,Active,False,18150.01,10586.12,10.0,0.0,0.0,1.1727761060814381,1,1,19886.77,100.0,1001,6.90975328164481,0.708886005182693,70.89,0,High,14097.45,507,2026-09-30,2024-12-31
CUST-000239,"Guerrero, Peck and Coleman",SMB,Manufacturing,Active,False,40713.66,25613.02,36.0,0.0,0.0,1.376958132964364,3,3,38652.68,100.0,768,6.645090969505644,0.7074484219575213,70.74,0,High,27344.78,508,2026-09-30,2024-12-31
CUST-001457,"Hernandez, Shaffer and Thompson",SMB,Energy,Active,False,35326.07,21467.79,24.0,0.0,0.0,1.1942464587447625,2,2,33018.62,100.0,1603,7.38025578842646,0.7072829489125297,70.73,0,High,23353.51,509,2026-09-30,2024-12-31
CUST-000329,Harvey PLC,SMB,Energy,Active,False,8280.78,5065.01,12.0,0.0,0.0,1.4254653883585613,1,1,7942.56,100.0,623,6.436150368369428,0.705568517229681,70.56,0,High,5604.02,510,2026-09-30,2024-12-31
CUST-001747,"Johnson, Webb and Porter",SMB,Manufacturing,Active,False,19068.56,12452.06,11.0,0.0,0.0,1.0732124929940934,1,1,20055.03,100.0,1216,7.104144092987527,0.7055646144688488,70.56,0,High,14150.12,511,2026-09-30,2024-12-31
CUST-000401,Wilson-Jimenez,Strategic,Retail,Active,True,4410820.94,2789870.04,50.0,8.0,37.5,1.3653525560253221,5,4,4074977.72,100.0,688,6.535241271013659,0.7053227183882751,70.53,0,High,2874174.36,512,2026-09-30,2024-12-31
CUST-000336,"Avery, Horton and Fernandez",SMB,Professional Services,Active,False,26420.54,16799.57,26.0,0.0,0.0,1.242297667531617,3,2,23315.59,100.0,1600,7.3783837129967145,0.7046966748687443,70.47,0,High,16430.42,513,2026-09-30,2024-12-31
CUST-000284,"Sanford, Rivera and Garcia",SMB,Insurance,Active,False,9995.53,6450.17,11.0,0.0,0.0,1.5021078510057702,3,1,10803.68,66.66666666666666,1131,7.0317412587631285,0.70397013209885,70.4,0,High,7605.47,514,2026-09-30,2024-12-31
CUST-001187,"Holland, Murphy and Kline",SMB,Insurance,Active,False,9801.8,5918.04,12.0,0.0,0.0,1.4184315209572536,1,1,9588.3,100.0,777,6.656726524178391,0.7032192159599019,70.32,0,High,6742.68,515,2026-09-30,2024-12-31
CUST-001537,Wright Group,SMB,Education,Active,True,18513.48,11652.17,12.0,0.0,0.0,1.2739372860525142,1,1,17547.53,100.0,1020,6.928537818164665,0.7029458313082175,70.29,0,High,12334.96,516,2026-09-30,2024-12-31
CUST-001442,Fox Group,Enterprise,Insurance,Active,False,831307.72,512515.24,36.0,4.0,75.0,1.1990208956638153,6,2,566380.19,83.33333333333334,1450,7.280008252884188,0.7022779937788571,70.23,0,High,397756.34,517,2026-09-30,2024-12-31
CUST-001996,Zavala and Sons,SMB,Education,Active,False,23288.61,13728.88,22.0,0.0,0.0,1.0042279271730021,2,2,25536.84,100.0,314,5.752572638825633,0.7018111075209357,70.18,0,High,17922.04,518,2026-09-30,2024-12-31
CUST-000833,"Ellison, Arias and Thompson",SMB,Professional Services,Active,False,26680.04,17448.39,21.0,0.0,0.0,1.2395377245147765,2,1,12887.8,100.0,483,6.182084906716632,0.7015039182625765,70.15,0,High,9040.84,519,2026-09-30,2024-12-31
CUST-001055,Davis-Stephens,Mid-Market,Technology,Active,False,190689.63,122744.13,31.0,3.0,33.33333333333333,1.3111674613538664,5,2,157156.91,80.0,1053,6.960347729101308,0.701253838191997,70.13,0,High,110206.89,520,2026-09-30,2024-12-31
CUST-001085,Vaughn-Williams,Mid-Market,Healthcare,Active,False,92315.32,60989.01,12.0,1.0,0.0,1.3746873832033812,2,1,85329.05,100.0,2085,7.643003635560718,0.7011206888728683,70.11,0,High,59825.96,521,2026-09-30,2024-12-31
CUST-001027,Rivera Inc,SMB,Healthcare,Active,False,25726.98,15894.96,20.0,0.0,0.0,0.9972782785214587,2,1,18616.48,100.0,1175,7.069874128458572,0.7010332635565428,70.1,0,High,13050.77,522,2026-09-30,2024-12-31
CUST-001226,"Newton, Ortiz and King",SMB,Banking,Active,False,46779.82,28568.63,35.0,1.0,0.0,1.4782266858763127,3,3,44003.98,100.0,1451,7.280697195384741,0.7006548853737221,70.07,0,High,30831.6,523,2026-09-30,2024-12-31
CUST-000915,"Wang, Henderson and Morales",Enterprise,Retail,Active,True,849373.6,523667.1,34.0,2.0,0.0,1.3397699045454292,7,3,840766.27,100.0,1298,7.1693500166706,0.6998721044397799,69.99,0,High,588428.86,524,2026-09-30,2024-12-31
CUST-001349,Davenport-Baker,SMB,Media,Active,False,11822.7,7602.89,12.0,0.0,0.0,1.709784532694784,1,1,10958.79,100.0,1070,6.976348070447749,0.6996816160502666,69.97,0,High,7667.66,525,2026-09-30,2024-12-31
CUST-000058,"Johnston, Sanchez and Kennedy",SMB,Energy,Active,True,47615.89,31188.26,32.0,0.0,0.0,1.3796511811310974,3,1,31845.48,66.66666666666666,447,6.104793232414985,0.6995859685735848,69.96,0,High,22278.65,526,2026-09-30,2024-12-31
CUST-001802,Carr PLC,SMB,Insurance,Active,False,49180.02,30772.1,36.0,0.0,0.0,1.2812622994145717,3,3,45929.27,100.0,335,5.817111159963204,0.6995257560455092,69.95,0,High,32128.71,527,2026-09-30,2024-12-31
CUST-000636,Thompson Ltd,Mid-Market,Manufacturing,Active,False,82041.34,50377.28,12.0,1.0,0.0,1.0182688078731403,3,1,77602.41,100.0,1108,7.011213987350367,0.699261230121544,69.93,0,High,54264.36,528,2026-09-30,2024-12-31
CUST-000440,King-York,Mid-Market,Retail,Active,True,212964.68,135591.3,33.0,0.0,0.0,1.314181773330344,3,2,139850.03,100.0,1683,7.428927194802272,0.6989603390998067,69.9,0,High,97749.62,529,2026-09-30,2024-12-31
CUST-002320,"Leach, Skinner and Mills",SMB,Banking,Active,False,26581.13,17439.34,22.0,0.0,0.0,0.9895004192540923,2,2,27483.98,100.0,324,5.783825182329737,0.6989172028207226,69.89,0,High,19209.03,530,2026-09-30,2024-12-31
CUST-001071,Harris-Carson,SMB,Insurance,Active,False,17791.09,11105.26,12.0,0.0,0.0,1.555948652605409,1,1,16682.27,100.0,1129,7.029972911706386,0.6988189953678784,69.88,0,High,11657.89,531,2026-09-30,2024-12-31
CUST-001166,Williams Inc,Mid-Market,Healthcare,Active,False,261358.8,174850.28,41.0,1.0,0.0,1.233785914016597,5,3,214324.93,60.0,787,6.669498089857879,0.6986420900384861,69.86,0,High,149736.42,532,2026-09-30,2024-12-31
CUST-000742,Jacobson Inc,SMB,Professional Services,Active,True,10849.88,6843.56,12.0,0.0,0.0,1.1211036153759728,2,1,9880.74,100.0,1670,7.421177528595393,0.6983372447019385,69.83,0,High,6900.09,533,2026-09-30,2024-12-31
CUST-000462,Burch-Montoya,SMB,Insurance,Active,False,14801.26,9374.36,16.0,0.0,0.0,1.0304515341270037,2,1,9213.24,50.0,1808,7.500529485395295,0.6969660572722719,69.7,0,High,6421.32,534,2026-09-30,2024-12-31
CUST-002139,Wolf Ltd,Mid-Market,Media,Active,False,173378.27,106411.1,41.0,0.0,0.0,1.3687174622501561,5,2,81419.82,100.0,1193,7.085064293952548,0.6968693763935854,69.69,0,High,56738.98,535,2026-09-30,2024-12-31
CUST-000518,"Hernandez, Cole and Watson",SMB,Transportation,Active,False,15826.09,10669.43,11.0,0.0,0.0,1.2780056170810328,1,1,16642.67,100.0,324,5.783825182329737,0.6968588310270347,69.69,0,High,11597.59,536,2026-09-30,2024-12-31
CUST-000035,"Dyer, Potter and Mack",Mid-Market,Healthcare,Active,True,168301.82,101705.68,33.0,2.0,50.0,1.3210196626234627,5,2,89735.73,60.0,1491,7.307872780763706,0.6967272848992458,69.67,0,High,62521.33,537,2026-09-30,2024-12-31
CUST-001115,Byrd-Holloway,Mid-Market,Manufacturing,Active,False,292211.69,188742.58,48.0,1.0,0.0,1.15196604897508,4,4,276448.57,100.0,591,6.3835066348840055,0.6964148818157303,69.64,0,High,192522.9,538,2026-09-30,2024-12-31
CUST-000957,Haynes-Watson,Mid-Market,Transportation,Active,True,170495.5,108127.09,36.0,3.0,66.66666666666666,1.2963183060262022,4,3,162828.11,75.0,1481,7.301147805856032,0.6958445069261551,69.58,0,High,113303.05,539,2026-09-30,2024-12-31
CUST-000301,"Thomas, Murray and King",SMB,Healthcare,Active,False,11425.55,7320.33,14.0,1.0,100.0,1.1643684850093023,3,1,8613.67,100.0,705,6.559615237493242,0.6956327451206624,69.56,0,High,5991.95,540,2026-09-30,2024-12-31
CUST-001562,"Jones, Conrad and Clark",SMB,Professional Services,Active,True,13140.94,8244.75,12.0,0.0,0.0,1.1884649577926998,1,1,12588.86,100.0,364,5.8998973535824915,0.6952913067680411,69.53,0,High,8752.92,541,2026-09-30,2024-12-31
CUST-000493,Li-Thompson,SMB,Transportation,Active,True,48003.16,30110.53,36.0,0.0,0.0,1.3045574892177374,3,3,44949.33,100.0,852,6.748759547491679,0.6950069445790278,69.5,0,High,31240.1,542,2026-09-30,2024-12-31
CUST-002332,"Hendrix, Green and Nunez",Strategic,Energy,Active,False,5413624.04,3532120.19,50.0,3.0,66.66666666666666,1.0494720593986406,5,3,3748048.83,100.0,623,6.436150368369428,0.6943048052124903,69.43,0,High,2602288.31,543,2026-09-30,2024-12-31
CUST-000717,Murray-Oconnor,SMB,Transportation,Active,False,19300.5,11944.86,12.0,0.0,0.0,1.5457739641236012,2,1,19099.65,100.0,931,6.837332814685591,0.6942302691812692,69.42,0,High,13259.56,544,2026-09-30,2024-12-31
CUST-000604,Lee-Wright,SMB,Technology,Active,False,19343.63,12609.64,12.0,0.0,0.0,1.4708904755129266,1,1,18118.79,100.0,786,6.668228248417403,0.6933725247580537,69.34,0,High,12563.07,545,2026-09-30,2024-12-31
CUST-001927,Rogers Inc,SMB,Insurance,Active,False,31783.94,20758.61,20.0,0.0,0.0,1.2787920726072886,2,2,35411.47,100.0,279,5.634789603169249,0.6916311453170808,69.16,0,High,24491.68,546,2026-09-30,2024-12-31
CUST-000315,"Becker, Taylor and Davis",SMB,Professional Services,Active,True,11412.16,7376.15,12.0,0.0,0.0,0.9329745400752327,1,1,10689.01,100.0,887,6.78897174299217,0.6905401159654487,69.05,0,High,7381.19,547,2026-09-30,2024-12-31
CUST-002207,Young Inc,Enterprise,Media,Active,True,777384.04,496636.95,33.0,3.0,33.33333333333333,1.2291313171007412,7,2,518362.65,71.42857142857143,1396,7.242082359256962,0.6895218419842934,68.95,0,High,357422.37,548,2026-09-30,2024-12-31
CUST-002165,Hudson-Morris,Strategic,Insurance,Active,False,3279531.22,2155237.09,44.0,5.0,60.0,1.207158163687511,6,1,665342.96,100.0,788,6.670766320845874,0.6892521380803581,68.93,0,High,458589.06,549,2026-09-30,2024-12-31
CUST-001590,"Nguyen, Olson and Freeman",SMB,Healthcare,Active,False,17740.03,11010.38,24.0,0.0,0.0,1.2454226889126006,3,2,16899.43,100.0,1032,6.940222469119639,0.6888734354498123,68.89,0,High,11641.57,550,2026-09-30,2024-12-31
CUST-002144,Edwards-Bennett,Mid-Market,Technology,Active,False,140680.6,88886.67,29.0,1.0,0.0,1.0370814767227436,4,2,89805.76,50.0,1915,7.557994958530806,0.6883658366975751,68.84,0,High,61819.22,551,2026-09-30,2024-12-31
CUST-001224,"Brandt, Carter and Boyd",SMB,Energy,Active,False,17911.97,11216.87,21.0,0.0,0.0,1.3933252451321625,2,1,8561.73,100.0,1438,7.271703706887368,0.6880547668604052,68.81,0,High,5890.94,552,2026-09-30,2024-12-31
CUST-000461,Strickland-Shaw,SMB,Telecommunications,Active,False,16626.3,10278.83,15.0,0.0,0.0,1.618347502166006,3,1,11116.53,100.0,1831,7.513163545234075,0.6877480087465753,68.77,0,High,7645.37,553,2026-09-30,2024-12-31
CUST-000961,Green-Edwards,Mid-Market,Energy,Active,True,171945.57,102331.03,29.0,0.0,0.0,1.099405776430832,3,1,64985.85,100.0,554,6.318968113746434,0.6860079522679033,68.6,0,High,44580.81,554,2026-09-30,2024-12-31
CUST-000008,"Henderson, Ramirez and Lewis",SMB,Healthcare,Active,False,15939.82,9654.09,12.0,0.0,0.0,1.3002015388509431,1,1,15392.04,100.0,1935,7.568379267836522,0.6859890178581954,68.6,0,High,10558.77,555,2026-09-30,2024-12-31
CUST-001467,Ray Ltd,Mid-Market,Technology,Active,False,211247.21,129043.4,36.0,1.0,0.0,1.3064761053783933,5,3,198783.16,80.0,1673,7.422971251049421,0.6854505621311212,68.55,0,High,136256.03,556,2026-09-30,2024-12-31
CUST-001325,Hill-Ward,SMB,Healthcare,Active,False,44792.59,27934.05,35.0,1.0,0.0,1.3500172708936953,3,3,41951.56,66.66666666666666,627,6.4425401664681985,0.6848480269408894,68.48,0,High,28730.44,557,2026-09-30,2024-12-31
CUST-002029,Ferguson Inc,SMB,Energy,Active,False,35034.0,21964.33,19.0,0.0,0.0,1.3528537064159039,2,1,20926.5,100.0,1699,7.438383530044307,0.6843430029216078,68.43,0,High,14320.9,558,2026-09-30,2024-12-31
CUST-001258,"Price, Dixon and Robles",SMB,Insurance,Active,False,16606.14,10029.25,12.0,0.0,0.0,1.5260186624964744,2,1,15605.06,100.0,2095,7.647786045440933,0.6831163933755553,68.31,0,High,10660.07,559,2026-09-30,2024-12-31
CUST-000859,Sellers-Riddle,SMB,Transportation,Active,False,39489.38,25611.89,24.0,0.0,0.0,1.2625374671225769,2,2,37185.09,100.0,1943,7.572502985020384,0.6830928029229852,68.31,0,High,25400.87,560,2026-09-30,2024-12-31
CUST-001082,"Washington, Lynch and Johnson",Enterprise,Energy,Active,False,690260.52,430792.81,36.0,4.0,100.0,1.0639804912427673,5,1,311716.71,100.0,2013,7.607878073278507,0.6824597841877386,68.25,0,High,212734.12,561,2026-09-30,2024-12-31
CUST-001318,"Carpenter, Lynn and Howard",SMB,Technology,Active,False,11083.0,6203.48,14.0,0.0,0.0,1.563917696758017,2,1,7171.22,100.0,1643,7.404887575616125,0.6809472604521626,68.09,0,High,4883.22,562,2026-09-30,2024-12-31
CUST-000906,"Brown, Hurst and Blevins",SMB,Transportation,Active,False,21713.45,14368.36,24.0,0.0,0.0,1.3010631103032413,2,2,20528.98,100.0,657,6.489204931325317,0.6808973722827423,68.09,0,High,13978.13,563,2026-09-30,2024-12-31
CUST-001495,"Ferguson, Stout and Olson",Enterprise,Retail,Active,True,1394932.64,874462.59,49.0,2.0,100.0,1.2253312692342349,5,2,673196.94,100.0,1750,7.467942332285852,0.680756210565589,68.08,0,High,458283.0,564,2026-09-30,2024-12-31
CUST-000881,Watson Ltd,SMB,Energy,Active,False,13045.26,7983.37,12.0,2.0,50.0,1.489907998291208,3,1,12563.7,100.0,1341,7.201916317531627,0.6805629117448715,68.06,0,High,8550.39,565,2026-09-30,2024-12-31
CUST-002271,Anderson-Stewart,SMB,Healthcare,Active,False,8205.25,5143.87,12.0,0.0,0.0,1.6914486793102108,1,1,7911.48,100.0,1697,7.437206366871292,0.6799911114302088,68.0,0,High,5379.74,566,2026-09-30,2024-12-31
CUST-001659,Miller-Chan,SMB,Manufacturing,Active,True,17282.31,10744.99,12.0,0.0,0.0,1.6033254156769599,1,1,15997.56,100.0,1519,7.326465613840322,0.6798172188068021,67.98,0,High,10875.42,567,2026-09-30,2024-12-31
CUST-000577,"Becker, Wilson and Hester",SMB,Technology,Active,False,18766.31,11809.34,26.0,0.0,0.0,1.3736870467053595,3,2,16288.35,100.0,1854,7.5256399750415355,0.6797195058360053,67.97,0,High,11071.51,568,2026-09-30,2024-12-31
CUST-002115,"Roberts, Bowen and Miller",Mid-Market,Insurance,Active,True,118238.25,73992.26,20.0,0.0,0.0,1.343786872320595,3,1,61879.26,100.0,1408,7.25063551189868,0.6792416955471525,67.92,0,High,42030.97,569,2026-09-30,2024-12-31
CUST-000844,Dunn-Wilson,SMB,Media,Active,True,32211.28,21004.77,24.0,0.0,0.0,1.4317293830726008,2,2,31550.41,100.0,1870,7.534228326274089,0.67918829746121,67.92,0,High,21428.67,570,2026-09-30,2024-12-31
CUST-001454,Olsen Ltd,SMB,Manufacturing,Active,False,29157.39,18475.86,25.0,0.0,0.0,1.3469858646907646,3,2,27027.47,66.66666666666666,1059,6.966024187106113,0.679101286837619,67.91,0,High,18354.39,571,2026-09-30,2024-12-31
CUST-002501,"Rodriguez, Figueroa and Sanchez",Mid-Market,Healthcare,Active,False,160292.03,102342.28,27.0,0.0,0.0,1.376267159007669,4,1,40985.17,75.0,1597,7.37650812632622,0.6789684301877703,67.9,0,High,27827.64,572,2026-09-30,2024-12-31
CUST-000841,Carter LLC,SMB,Media,Active,False,37420.09,24540.19,28.0,0.0,0.0,1.4932633096456966,3,2,33063.61,100.0,610,6.415096959171596,0.678462625238366,67.85,0,High,22432.42,573,2026-09-30,2024-12-31
CUST-000919,"Walters, Davenport and Becker",SMB,Telecommunications,Active,False,21606.72,13566.14,24.0,1.0,0.0,1.2165980188582903,2,2,20778.63,100.0,487,6.1903154058531475,0.678327213199986,67.83,0,High,14094.71,574,2026-09-30,2024-12-31
CUST-000778,Cook-Oliver,SMB,Energy,Active,True,18439.28,11535.78,10.0,0.0,0.0,1.065733666772094,1,1,20402.37,100.0,292,5.680172609017068,0.6782464218360569,67.82,0,High,13837.83,575,2026-09-30,2024-12-31
CUST-002446,"Murray, Cole and Cole",Mid-Market,Manufacturing,Active,False,182776.51,112712.8,24.0,2.0,100.0,1.110921965832536,3,1,87565.94,100.0,1517,7.325148957955575,0.6782093665780079,67.82,0,High,59388.04,576,2026-09-30,2024-12-31
CUST-001131,Hardy-Hansen,SMB,Transportation,Active,False,17117.75,10900.27,24.0,0.0,0.0,1.3703267477614571,2,2,16442.75,50.0,1585,7.368970402194793,0.6778105629661766,67.78,0,High,11145.07,577,2026-09-30,2024-12-31
CUST-000148,"Holmes, Williams and Wright",SMB,Professional Services,Active,False,22786.37,14670.25,23.0,0.0,0.0,1.3977132833650614,2,1,9430.95,100.0,1494,7.3098814858247865,0.6774781727426222,67.75,0,High,6389.26,578,2026-09-30,2024-12-31
CUST-001481,"King, Manning and Brady",SMB,Telecommunications,Active,False,42641.31,26932.09,28.0,0.0,0.0,1.1748561662931276,3,1,20354.43,33.33333333333333,502,6.220590170099739,0.6770694995155547,67.71,0,High,13781.36,579,2026-09-30,2024-12-31
CUST-002052,Houston PLC,Enterprise,Manufacturing,Active,True,1262321.66,808327.07,54.0,3.0,33.33333333333333,1.4645489090638366,7,3,763946.65,71.42857142857143,884,6.785587645007929,0.6767365888896821,67.67,0,High,516990.65,580,2026-09-30,2024-12-31
CUST-001980,Holland Inc,Mid-Market,Insurance,Active,False,233329.9,144493.77,32.0,1.0,0.0,1.1382403867741449,3,2,179655.43,66.66666666666666,1588,7.370860166536716,0.6764486772282494,67.64,0,High,121527.68,581,2026-09-30,2024-12-31
CUST-000019,"Adams, Zuniga and Wong",Mid-Market,Transportation,Active,False,245160.83,153182.83,45.0,0.0,0.0,1.3285714867219174,5,2,126554.43,40.0,1487,7.305188215393037,0.6763626175556194,67.64,0,High,85596.69,582,2026-09-30,2024-12-31
CUST-002556,"Rodriguez, Figueroa and Sanchez",Mid-Market,Healthcare,Active,False,86705.82,54879.68,20.0,2.0,50.0,1.1501419471640306,2,1,52706.53,100.0,1597,7.37650812632622,0.6759795430375479,67.6,0,High,35628.54,583,2026-09-30,2024-12-31
CUST-001465,Cooper-Jenkins,SMB,Media,Active,False,9779.34,6164.68,10.0,0.0,0.0,1.498561403058371,3,1,11248.35,66.66666666666666,791,6.674561391814426,0.6759034918213455,67.59,0,High,7602.8,584,2026-09-30,2024-12-31
CUST-001205,Combs PLC,SMB,Media,Active,False,23733.6,13801.85,24.0,0.0,0.0,1.2397810011901516,2,2,22225.05,100.0,862,6.760414691083428,0.6742628182350677,67.43,0,High,14985.52,585,2026-09-30,2024-12-31
CUST-001530,"Pineda, Meyer and King",Mid-Market,Banking,Active,False,141802.13,86387.26,24.0,4.0,50.0,1.3764219664245247,2,1,69315.58,100.0,746,6.616065185132817,0.6742061239179679,67.42,0,High,46732.99,586,2026-09-30,2024-12-31
CUST-001979,Anderson LLC,SMB,Retail,Active,False,25409.55,14975.55,17.0,0.0,0.0,1.309923601268019,3,1,18942.54,66.66666666666666,1259,7.138866999945524,0.673655631942107,67.37,0,High,12760.75,587,2026-09-30,2024-12-31
CUST-002326,Yang Group,SMB,Telecommunications,Active,False,52385.58,34678.42,31.0,1.0,100.0,1.0827399981688863,3,1,19411.76,100.0,532,6.278521424165844,0.6734744912246065,67.35,0,High,13073.33,588,2026-09-30,2024-12-31
CUST-000120,"Rivera, Johnson and Wiley",Enterprise,Healthcare,Active,True,645700.68,401658.27,47.0,1.0,0.0,1.2707052423359515,6,2,278982.64,83.33333333333334,1993,7.597897950521784,0.6734430583238675,67.34,0,High,187878.92,589,2026-09-30,2024-12-31
CUST-002243,Smith Inc,Mid-Market,Insurance,Active,False,75420.1,46385.9,23.0,2.0,100.0,1.0653156606648921,4,1,31658.79,50.0,1818,7.506042178518122,0.6733592410531232,67.34,0,High,21317.74,590,2026-09-30,2024-12-31
CUST-000282,Hughes-Alvarado,SMB,Professional Services,Active,False,33024.9,21107.6,28.0,0.0,0.0,1.4133451766776506,3,2,27829.69,66.66666666666666,947,6.854354502255021,0.6729824584045943,67.3,0,High,18728.89,591,2026-09-30,2024-12-31
CUST-002473,Avery-Adams,SMB,Professional Services,Active,False,15679.83,9751.15,16.0,0.0,0.0,1.2531335615109394,2,1,11847.5,100.0,620,6.431331081933479,0.6720050891309393,67.2,0,High,7961.58,592,2026-09-30,2024-12-31
CUST-000729,Nichols-Mitchell,SMB,Telecommunications,Active,False,29863.91,18435.23,24.0,0.0,0.0,1.5109604592040675,3,2,28066.82,100.0,1414,7.254884810077338,0.6718845657863006,67.19,0,High,18857.66,593,2026-09-30,2024-12-31
CUST-001058,Marshall-Perez,SMB,Education,Active,False,30565.37,18726.7,36.0,0.0,0.0,1.1846714653551123,3,3,29066.95,100.0,616,6.424869023905388,0.671159409664147,67.12,0,High,19508.56,594,2026-09-30,2024-12-31
CUST-000390,Moore-Collins,Mid-Market,Banking,Active,False,145090.56,92197.01,34.0,1.0,0.0,1.3111881143799007,3,2,110695.04,100.0,449,6.1092475827643655,0.6711269204834498,67.11,0,High,74290.42,595,2026-09-30,2024-12-31
CUST-002252,Roberts-Snyder,Strategic,Manufacturing,Active,True,6133251.11,4015047.29,54.0,4.0,25.0,1.3698056761995163,6,2,2583780.58,66.66666666666666,569,6.345636360828596,0.6701990629737414,67.02,0,High,1731647.32,596,2026-09-30,2024-12-31
CUST-000317,"Diaz, Anderson and Browning",SMB,Energy,Active,False,27913.03,17507.75,24.0,1.0,0.0,1.1725281694408618,2,2,27222.05,50.0,553,6.317164686747284,0.6698832310731173,66.99,0,High,18235.59,597,2026-09-30,2024-12-31
CUST-002524,"Adams, Zuniga and Wong",Mid-Market,Transportation,Active,False,83663.43,52706.76,22.0,0.0,0.0,1.5474147311700583,5,1,34359.54,100.0,1487,7.305188215393037,0.6696773708887412,66.97,0,High,23009.81,598,2026-09-30,2024-12-31
CUST-002549,"Adams, Zuniga and Wong",Mid-Market,Transportation,Active,False,83663.43,52706.76,22.0,0.0,0.0,1.5474147311700583,5,1,34359.54,100.0,1487,7.305188215393037,0.6696773708887412,66.97,0,High,23009.81,599,2026-09-30,2024-12-31
CUST-000001,"Rodriguez, Figueroa and Sanchez",Mid-Market,Healthcare,Active,False,132613.62,83817.5,34.0,1.0,0.0,1.1552228486743483,5,3,130313.38,100.0,1597,7.37650812632622,0.6692453735268731,66.92,0,High,87211.63,600,2026-09-30,2024-12-31
CUST-000371,Mcdaniel Group,Mid-Market,Healthcare,Active,False,87886.85,57703.55,17.0,1.0,0.0,1.25182190335273,2,1,72737.24,100.0,582,6.368187186350492,0.66872914415345,66.87,0,High,48641.51,601,2026-09-30,2024-12-31
CUST-002026,"Martinez, Green and Lopez",Enterprise,Transportation,Active,True,1292516.19,807255.63,63.0,1.0,0.0,1.1385969952389192,7,4,967998.29,85.71428571428571,1641,7.403670290012373,0.6667154632775647,66.67,0,High,645379.43,602,2026-09-30,2024-12-31
CUST-002347,Richards-Harris,SMB,Technology,Active,False,13647.89,8685.78,12.0,2.0,50.0,1.3565657163289508,1,1,12831.34,100.0,424,6.052089168924417,0.6658236008473193,66.58,0,High,8543.41,603,2026-09-30,2024-12-31
CUST-001502,Harper-Robles,SMB,Media,Active,False,15610.71,9610.03,21.0,0.0,0.0,1.1909229678289959,3,1,8068.89,66.66666666666666,1172,7.067319848653476,0.665623795652387,66.56,0,High,5370.85,604,2026-09-30,2024-12-31
CUST-001962,Harris-Martinez,Mid-Market,Education,Active,False,106316.96,65714.62,24.0,4.0,75.0,1.1505733973408312,4,2,102435.63,100.0,1306,7.175489713624222,0.6652286464278182,66.52,0,High,68143.12,605,2026-09-30,2024-12-31
CUST-000235,Ortiz Ltd,SMB,Manufacturing,Active,False,10838.97,6883.08,12.0,0.0,0.0,1.0048682886864537,1,1,10352.24,100.0,1208,7.097548850614793,0.6650072087385542,66.5,0,High,6884.31,606,2026-09-30,2024-12-31
CUST-002424,Lewis-Miller,SMB,Healthcare,Active,False,15734.84,9655.58,12.0,0.0,0.0,1.0759574911885674,1,1,14823.24,100.0,892,6.794586580876499,0.664041265110958,66.4,0,High,9843.24,607,2026-09-30,2024-12-31
CUST-000193,Short-Garcia,SMB,Transportation,Active,False,29859.54,19847.09,18.0,0.0,0.0,1.6068549742310356,3,1,18309.5,66.66666666666666,1785,7.487733761436444,0.6636322256420073,66.36,0,High,12150.77,608,2026-09-30,2024-12-31
CUST-001353,Gomez-Parrish,Mid-Market,Manufacturing,Active,True,168976.45,105340.68,34.0,0.0,0.0,1.3905688822402356,5,2,133968.93,60.0,1873,7.535830462798367,0.662583663147737,66.26,0,High,88765.62,609,2026-09-30,2024-12-31
CUST-000285,Garcia-Lozano,Strategic,Education,Active,True,6604382.7,4030813.12,80.0,6.0,100.0,1.322787994526135,8,8,7472877.67,87.5,295,5.69035945432406,0.6624318141276433,66.24,0,High,4950271.91,610,2026-09-30,2024-12-31
CUST-000670,"Anderson, Dalton and Wilson",SMB,Media,Active,False,27754.23,17556.32,18.0,0.0,0.0,1.6105497160316502,2,1,17790.75,100.0,1691,7.433666540166168,0.660822484200417,66.08,0,High,11756.53,611,2026-09-30,2024-12-31
CUST-001866,Meyer Ltd,Enterprise,Retail,Active,False,1219151.65,756737.72,55.0,3.0,100.0,1.1669229239863002,7,3,674442.52,100.0,1493,7.309212365692763,0.6604984928695373,66.05,0,High,445468.27,612,2026-09-30,2024-12-31
CUST-002374,Glover-Hammond,SMB,Telecommunications,Active,False,55113.13,34812.47,35.0,0.0,0.0,1.3116569679695471,3,2,36492.04,66.66666666666666,845,6.740519359606223,0.6601555323454519,66.02,0,High,24090.42,613,2026-09-30,2024-12-31
CUST-002061,"Singh, Walker and Moody",SMB,Education,Active,True,9256.14,5921.02,12.0,0.0,0.0,1.0795721611544455,1,1,8637.13,100.0,1618,7.389563953677635,0.6601273477245543,66.01,0,High,5701.61,614,2026-09-30,2024-12-31
CUST-002048,Bell-Madden,SMB,Healthcare,Active,False,29605.28,19290.85,24.0,0.0,0.0,1.2085065905225374,3,2,27994.32,100.0,1771,7.4798641311650265,0.6598589655043484,65.99,0,High,18472.3,615,2026-09-30,2024-12-31
CUST-000092,"Smith, Montoya and Evans",Enterprise,Manufacturing,Active,False,1072536.31,655064.44,38.0,4.0,75.0,1.3280133330386708,7,2,683096.78,71.42857142857143,1372,7.224753405767971,0.6596745123786172,65.97,0,High,450621.54,616,2026-09-30,2024-12-31
CUST-000935,Williams LLC,SMB,Healthcare,Active,False,21420.05,13152.49,20.0,0.0,0.0,1.785626536833891,2,1,7738.1,100.0,1919,7.560080465021827,0.6592980570602998,65.93,0,High,5101.71,617,2026-09-30,2024-12-31
CUST-001870,Bell-Hardy,SMB,Insurance,Active,False,24782.92,15704.86,28.0,0.0,0.0,1.4790879478827361,3,2,17436.47,100.0,1773,7.480992162869525,0.6589933226321453,65.9,0,High,11490.52,618,2026-09-30,2024-12-31
CUST-000337,"Newton, Moore and Perry",Mid-Market,Technology,Active,False,209304.2,133239.33,37.0,1.0,0.0,1.2552146746036235,4,3,202229.95,100.0,1907,7.553810852008231,0.6585312660412018,65.85,0,High,133174.75,619,2026-09-30,2024-12-31
CUST-000024,Morales-Jones,Enterprise,Transportation,Active,False,1039595.63,674342.21,49.0,2.0,100.0,1.4730533122746372,7,2,615660.74,100.0,1281,7.156176637480615,0.6584768596547751,65.85,0,High,405398.35,620,2026-09-30,2024-12-31
CUST-000725,Wagner LLC,Mid-Market,Education,Active,True,80980.18,50345.95,14.0,1.0,0.0,1.359965723759582,2,1,56382.36,100.0,2021,7.611842399580417,0.6581875609630381,65.82,0,High,37110.17,621,2026-09-30,2024-12-31
CUST-001456,Gonzalez-Marsh,SMB,Professional Services,Active,False,20786.18,13408.92,21.0,0.0,0.0,1.194042341836693,2,1,9759.56,100.0,1036,6.9440872082295275,0.6563723072712132,65.64,0,High,6405.9,622,2026-09-30,2024-12-31
CUST-001658,Hall Inc,Mid-Market,Banking,Active,False,304735.41,197796.34,42.0,1.0,0.0,1.1915947086632963,5,3,253754.86,80.0,2025,7.613818684808629,0.6560817427514457,65.61,0,High,166483.93,623,2026-09-30,2024-12-31
CUST-000414,Cook and Sons,Strategic,Media,Active,True,6501126.2,4179532.98,84.0,5.0,60.0,1.260149530752578,7,6,5063802.64,85.71428571428571,380,5.942799375126701,0.6558452691845593,65.58,0,High,3321071.01,624,2026-09-30,2024-12-31
CUST-001942,"Robinson, Townsend and Hopkins",Mid-Market,Healthcare,Active,True,215251.26,132562.66,40.0,1.0,100.0,1.2421809400253587,5,2,144898.09,80.0,1317,7.183870715062453,0.654906932897164,65.49,0,High,94894.76,625,2026-09-30,2024-12-31
CUST-002325,Mack Inc,Mid-Market,Banking,Active,False,147445.76,91276.82,32.0,0.0,0.0,1.3457655009921912,5,2,95166.67,60.0,1402,7.246368080102461,0.6548831970182207,65.49,0,High,62323.05,626,2026-09-30,2024-12-31
CUST-000812,"Wilson, Sweeney and Wong",SMB,Energy,Active,False,42763.8,26767.45,35.0,2.0,100.0,1.247733364323754,3,2,33785.09,33.33333333333333,725,6.587550014824796,0.6534323564629883,65.34,0,High,22076.27,627,2026-09-30,2024-12-31
CUST-000900,Wright Ltd,SMB,Healthcare,Active,False,27985.39,16750.84,24.0,0.0,0.0,1.209601247991615,2,2,27492.25,100.0,1593,7.374001859350161,0.6529708510916998,65.3,0,High,17951.64,628,2026-09-30,2024-12-31
CUST-002371,Rhodes-Thompson,SMB,Manufacturing,Active,False,13192.59,7903.18,21.0,0.0,0.0,1.1409435174548783,2,1,6749.83,50.0,468,6.150602768446279,0.6528998549348733,65.29,0,High,4406.96,629,2026-09-30,2024-12-31
CUST-000822,Diaz and Sons,Mid-Market,Insurance,Active,True,136313.46,89517.67,25.0,1.0,100.0,1.084211640165518,4,1,31082.07,100.0,1267,7.145196134997171,0.6525771250180709,65.26,0,High,20283.45,630,2026-09-30,2024-12-31
CUST-001955,Garcia Ltd,SMB,Technology,Active,False,19790.94,11994.46,24.0,1.0,100.0,1.34945973957899,2,2,18905.42,100.0,1983,7.592870287844818,0.652296374751077,65.23,0,High,12331.94,631,2026-09-30,2024-12-31
CUST-002044,"Foster, Henry and Morrison",SMB,Energy,Active,False,17578.42,10936.68,12.0,0.0,0.0,1.4236361620289766,1,1,16478.97,100.0,2059,7.630461261783627,0.6521366122768228,65.21,0,High,10746.54,632,2026-09-30,2024-12-31
CUST-000348,Willis and Sons,Enterprise,Banking,Active,True,638084.36,405807.24,28.0,1.0,0.0,1.2559462910065549,5,1,289990.36,80.0,1911,7.555905093611346,0.6521061443233558,65.21,0,High,189104.5,633,2026-09-30,2024-12-31
CUST-001558,Washington Inc,Mid-Market,Transportation,Active,False,162681.46,102649.56,25.0,2.0,0.0,1.184860894472293,4,2,148162.66,100.0,1060,6.966967138613983,0.6518977391601224,65.19,0,High,96586.9,634,2026-09-30,2024-12-31
CUST-001362,"Vargas, Taylor and Hunt",Strategic,Insurance,Active,True,7676210.69,4775260.57,73.0,7.0,71.42857142857143,1.329578492004334,9,3,3369601.25,66.66666666666666,629,6.4457198193855785,0.6513586721567943,65.14,0,High,2194819.0,635,2026-09-30,2024-12-31
CUST-000220,Terry-Martinez,Mid-Market,Banking,Active,True,207844.18,133360.84,35.0,0.0,0.0,1.062383617189893,5,2,148035.07,80.0,1849,7.52294091807237,0.651289778536041,65.13,0,High,96413.73,636,2026-09-30,2024-12-31
CUST-002192,Wilson and Sons,SMB,Education,Active,False,20807.85,13361.45,17.0,0.0,0.0,1.3811089850220692,3,1,13174.58,33.33333333333333,1298,7.1693500166706,0.6505106844703247,65.05,0,High,8570.21,637,2026-09-30,2024-12-31
CUST-001990,"Norton, French and Miller",SMB,Professional Services,Active,False,15385.52,9261.12,14.0,0.0,0.0,1.2491267967590776,2,1,11270.83,100.0,2025,7.613818684808629,0.6494523862408893,64.95,0,High,7319.87,638,2026-09-30,2024-12-31
CUST-002011,"Weaver, Anderson and Reed",Enterprise,Professional Services,Active,True,1580556.69,1024388.83,42.0,4.0,100.0,1.3274519970924572,7,3,1316680.98,85.71428571428571,1808,7.500529485395295,0.6493324337299401,64.93,0,High,854963.67,639,2026-09-30,2024-12-31
CUST-001872,Brown PLC,Strategic,Technology,Active,True,6002711.42,3728770.68,65.0,3.0,66.66666666666666,1.093637437302001,8,5,5256338.03,75.0,1030,6.93828448401696,0.6486210080639762,64.86,0,High,3409371.27,640,2026-09-30,2024-12-31
CUST-001633,"Miller, Gonzalez and Rasmussen",SMB,Manufacturing,Active,False,31697.89,19498.83,24.0,0.0,0.0,1.4699542228788725,3,2,30257.24,66.66666666666666,1752,7.469083884921234,0.6484407650472062,64.84,0,High,19620.03,641,2026-09-30,2024-12-31
CUST-000980,Johnson Inc,Mid-Market,Education,Active,False,98138.39,60734.51,12.0,2.0,50.0,1.1565739225313694,5,1,94245.79,100.0,1136,7.036148493750536,0.6481464795975593,64.81,0,High,61085.08,642,2026-09-30,2024-12-31
CUST-000064,"West, Henderson and Ramirez",Mid-Market,Healthcare,Active,False,209599.37,133306.81,35.0,2.0,50.0,1.5323453508666633,4,2,113055.27,75.0,1907,7.553810852008231,0.6470888286565497,64.71,0,High,73156.8,643,2026-09-30,2024-12-31
CUST-001204,Alvarado-Davidson,SMB,Technology,Active,False,19638.69,12762.56,24.0,0.0,0.0,1.2972032472990356,2,2,18677.58,100.0,1958,7.580189417944541,0.6465294768382258,64.65,0,High,12075.61,644,2026-09-30,2024-12-31
CUST-000633,Simon Ltd,SMB,Professional Services,Active,False,16635.63,11066.97,19.0,1.0,100.0,1.6964401959051296,3,1,9074.36,100.0,1678,7.425953657077541,0.6464794472823904,64.65,0,High,5866.39,645,2026-09-30,2024-12-31
CUST-001288,Jackson PLC,Mid-Market,Retail,Active,False,294170.48,182571.02,58.0,1.0,100.0,1.222609019920292,5,4,247312.9,60.0,509,6.234410725718371,0.6462966092709769,64.63,0,High,159837.49,646,2026-09-30,2024-12-31
CUST-002058,"Bradley, Melendez and Gonzalez",SMB,Banking,Active,False,18693.8,11482.26,24.0,0.0,0.0,1.4078303399063739,3,2,17725.5,66.66666666666666,1899,7.549609165154532,0.6461587533955304,64.62,0,High,11453.49,647,2026-09-30,2024-12-31
CUST-001816,May Group,Enterprise,Technology,Active,True,877046.05,554883.8,39.0,1.0,0.0,1.1328014856588966,4,1,291217.13,50.0,479,6.173786103901937,0.6457186945601409,64.57,0,High,188044.35,648,2026-09-30,2024-12-31
CUST-000099,Williams-Cook,Mid-Market,Healthcare,Active,False,133526.2,86217.27,24.0,0.0,0.0,1.206476798993224,5,2,126628.96,60.0,1492,7.30854279753919,0.645672149500173,64.57,0,High,81760.79,649,2026-09-30,2024-12-31
CUST-000811,"Chavez, Jones and Williams",SMB,Professional Services,Active,False,21836.63,12772.81,24.0,1.0,0.0,1.2836405227871737,3,2,21184.24,33.33333333333333,809,6.697034247666484,0.6454418717747419,64.54,0,High,13673.2,650,2026-09-30,2024-12-31
CUST-001499,Cooper Group,SMB,Transportation,Active,True,17403.5,10910.03,14.0,0.0,0.0,1.667826638533678,3,1,13699.38,100.0,2072,7.636752112435779,0.644897638375114,64.49,0,High,8834.7,651,2026-09-30,2024-12-31
CUST-001807,Young Ltd,SMB,Education,Active,False,7839.66,4743.46,12.0,0.0,0.0,1.447192179996865,2,1,6971.99,100.0,1905,7.552762084214147,0.644662477187796,64.47,0,High,4494.58,652,2026-09-30,2024-12-31
CUST-000114,Gonzalez Group,Strategic,Transportation,Active,True,3464094.55,2167007.78,46.0,4.0,0.0,1.2828478547842317,6,2,2020425.24,66.66666666666666,2056,7.6290038896529575,0.6439967534679764,64.4,0,High,1301147.3,653,2026-09-30,2024-12-31
CUST-000109,Hancock and Sons,SMB,Transportation,Active,False,55071.08,36080.96,36.0,1.0,0.0,1.3390093332474517,3,3,51962.41,100.0,485,6.186208623900494,0.643810582625873,64.38,0,High,33453.95,654,2026-09-30,2024-12-31
CUST-000511,Mendez-Graham,Mid-Market,Media,Active,False,218340.13,136385.03,57.0,0.0,0.0,1.2554161925702347,5,4,186958.08,80.0,449,6.1092475827643655,0.6431311730779159,64.31,0,High,120238.57,655,2026-09-30,2024-12-31
CUST-001403,Arias-Morales,SMB,Banking,Active,True,41772.45,26772.31,29.0,0.0,0.0,1.6434454908515188,3,2,29694.21,100.0,1941,7.571473648851271,0.6427809983541227,64.28,0,High,19086.87,656,2026-09-30,2024-12-31
CUST-001947,Clark-King,SMB,Banking,Active,False,52993.71,33044.82,36.0,0.0,0.0,1.3021367063013773,3,3,50383.07,66.66666666666666,1289,7.162397497355718,0.6419244036567401,64.19,0,High,32342.12,657,2026-09-30,2024-12-31
CUST-002287,Brady LLC,SMB,Transportation,Active,False,28735.01,17759.34,20.0,2.0,0.0,1.5049004940358328,2,2,32920.83,100.0,288,5.666426688112432,0.6419229067677727,64.19,0,High,21132.63,658,2026-09-30,2024-12-31
CUST-001881,"Carrillo, Morris and Martin",SMB,Technology,Active,True,7969.06,4912.61,11.0,0.0,0.0,1.241390537028409,3,1,7860.69,100.0,1143,7.042286171939743,0.6419103625801682,64.19,0,High,5045.86,659,2026-09-30,2024-12-31
CUST-000878,Khan LLC,SMB,Media,Active,True,10463.76,6176.3,10.0,1.0,100.0,1.3644021668697028,1,1,12042.01,100.0,880,6.78105762593618,0.641890931780884,64.19,0,High,7729.66,660,2026-09-30,2024-12-31
CUST-000605,"Evans, David and Hendrix",Mid-Market,Education,Active,False,79856.82,48790.47,12.0,4.0,50.0,1.005085377611747,4,1,75915.7,100.0,1151,7.049254841255837,0.6411242762125465,64.11,0,High,48671.4,661,2026-09-30,2024-12-31
CUST-000785,Diaz-Frederick,SMB,Media,Active,False,11983.22,7280.45,16.0,0.0,0.0,1.4077331443533254,2,1,7583.28,100.0,1875,7.53689712956617,0.6408447067193624,64.08,0,High,4859.7,662,2026-09-30,2024-12-31
CUST-000319,Buchanan LLC,Mid-Market,Telecommunications,Active,True,148839.98,88908.43,26.0,1.0,0.0,1.3443769482855088,3,1,87085.63,100.0,1682,7.428333194190806,0.6406405627590835,64.06,0,High,55790.59,663,2026-09-30,2024-12-31
CUST-001623,Payne LLC,SMB,Professional Services,Active,False,15032.55,9765.92,12.0,0.0,0.0,1.361495861828979,3,1,13808.43,66.66666666666666,2049,7.6255950721324535,0.6389589435813848,63.9,0,High,8823.02,664,2026-09-30,2024-12-31
CUST-001736,"Rivera, Hendricks and Flynn",SMB,Education,Active,False,27427.68,16683.34,23.0,0.0,0.0,1.4144179666951786,3,2,27311.81,66.66666666666666,1881,7.540090320145325,0.6380525011959679,63.81,0,High,17426.37,665,2026-09-30,2024-12-31
CUST-000606,Bush-Vaughn,Mid-Market,Manufacturing,Active,False,108105.77,69591.52,25.0,2.0,50.0,1.5078677580408362,4,1,42934.76,75.0,1931,7.566311014772463,0.6379687323340999,63.8,0,High,27391.03,666,2026-09-30,2024-12-31
CUST-002034,Kemp-Montes,SMB,Insurance,Active,True,18023.17,11702.55,20.0,0.0,0.0,1.508610543079326,2,1,9413.79,50.0,2064,7.632885505395133,0.6379144067799507,63.79,0,High,6005.19,667,2026-09-30,2024-12-31
CUST-002513,"Henderson, Ramirez and Lewis",SMB,Healthcare,Active,False,10804.83,6531.31,12.0,0.0,0.0,1.2480566850035877,1,1,10703.82,100.0,1935,7.568379267836522,0.6376032700281733,63.76,0,High,6824.79,668,2026-09-30,2024-12-31
CUST-002538,"Henderson, Ramirez and Lewis",SMB,Healthcare,Active,False,10804.83,6531.31,12.0,0.0,0.0,1.2480566850035877,1,1,10703.82,100.0,1935,7.568379267836522,0.6376032700281733,63.76,0,High,6824.79,669,2026-09-30,2024-12-31
CUST-000023,Perez Inc,Mid-Market,Media,Active,True,183124.97,121248.74,24.0,0.0,0.0,1.3521750101908108,2,2,174515.13,100.0,1018,6.926577033222725,0.6374619450247327,63.75,0,High,111246.75,670,2026-09-30,2024-12-31
CUST-000509,Jackson-Wallace,Mid-Market,Insurance,Active,False,60492.53,38613.55,14.0,1.0,0.0,1.426410344989558,2,1,39390.72,50.0,697,6.548219102762372,0.6373342750921213,63.73,0,High,25105.06,671,2026-09-30,2024-12-31
CUST-000538,"Jones, Compton and Day",Enterprise,Manufacturing,Active,False,780193.8,479352.66,40.0,5.0,80.0,1.263500326023844,4,2,364345.57,75.0,1891,7.545389749611823,0.6367830560838839,63.68,0,High,232009.09,672,2026-09-30,2024-12-31
CUST-001138,Mason Ltd,SMB,Banking,Active,False,16802.55,10245.09,12.0,1.0,100.0,1.188568596679607,2,1,15856.79,50.0,995,6.903747257584598,0.6365861601982167,63.66,0,High,10094.21,673,2026-09-30,2024-12-31
CUST-000953,"Acosta, Garcia and Moreno",SMB,Media,Active,True,36993.34,22552.79,24.0,0.0,0.0,1.264196240405024,3,2,34032.66,66.66666666666666,1193,7.085064293952548,0.6362842862255843,63.63,0,High,21654.45,674,2026-09-30,2024-12-31
CUST-001526,"Vang, Gonzalez and Moss",Mid-Market,Technology,Active,False,239201.64,149096.43,36.0,1.0,0.0,1.0890643197905954,4,3,224392.22,75.0,1847,7.521859252201629,0.6355873740073497,63.56,0,High,142620.86,675,2026-09-30,2024-12-31
CUST-002135,Garcia Inc,SMB,Technology,Active,False,31425.33,21176.96,22.0,0.0,0.0,1.3396132124128255,3,1,16890.85,100.0,1467,7.291656209174461,0.6354966700200932,63.55,0,High,10734.08,676,2026-09-30,2024-12-31
CUST-002373,"Perez, Hoffman and Tucker",Mid-Market,Insurance,Active,True,114435.21,73074.79,12.0,2.0,50.0,1.6468261743772779,3,1,112344.68,100.0,1986,7.594381242551817,0.6341550981268212,63.42,0,High,71243.95,677,2026-09-30,2024-12-31
CUST-001597,"Reyes, Torres and Williams",Mid-Market,Education,Active,False,205316.31,132988.19,33.0,0.0,0.0,1.2661649687283556,4,2,126109.67,100.0,1003,6.911747300251674,0.6340812977974981,63.41,0,High,79963.78,678,2026-09-30,2024-12-31
CUST-001500,"Smith, Weeks and Arroyo",SMB,Media,Active,False,11398.96,7820.18,12.0,0.0,0.0,1.5001638488506703,1,1,10736.3,100.0,431,6.068425588244111,0.6336097681444836,63.36,0,High,6802.62,679,2026-09-30,2024-12-31
CUST-001108,Byrd LLC,Mid-Market,Media,Active,True,92254.12,57302.56,12.0,3.0,66.66666666666666,1.3890710734147265,3,1,84823.1,33.33333333333333,1342,7.202661196523238,0.6334669073268626,63.35,0,High,53732.63,680,2026-09-30,2024-12-31
CUST-000810,Alvarez-Kim,SMB,Banking,Active,True,22305.39,14394.14,12.0,0.0,0.0,1.0233091445983726,1,1,20789.92,100.0,1313,7.1808311990445555,0.6333975764143553,63.34,0,High,13168.28,681,2026-09-30,2024-12-31
CUST-001159,Martin Group,SMB,Insurance,Active,False,15893.55,10381.74,12.0,1.0,0.0,1.7632718847587388,1,1,15265.02,100.0,830,6.7226297948554485,0.6330958860743133,63.31,0,High,9664.22,682,2026-09-30,2024-12-31
CUST-000749,Hickman-Evans,SMB,Technology,Active,False,21193.86,11999.88,12.0,1.0,0.0,1.476498354415583,2,1,20271.7,50.0,1095,6.999422467507961,0.6330801435885941,63.31,0,High,12833.61,683,2026-09-30,2024-12-31
CUST-000198,"Adams, Christian and Rivas",Mid-Market,Professional Services,Active,False,313297.81,194526.92,51.0,2.0,100.0,1.2006393234496644,5,2,116452.64,80.0,477,6.169610732491456,0.6325276175022073,63.25,0,High,73659.51,684,2026-09-30,2024-12-31
CUST-001361,"Whitaker, Johnson and Williams",Mid-Market,Technology,Active,True,175256.38,107975.85,24.0,0.0,0.0,1.297626790872004,5,1,73907.74,80.0,1706,7.442492722794441,0.6320017317910654,63.2,0,High,46709.82,685,2026-09-30,2024-12-31
CUST-002074,"Mayer, Palmer and Miranda",Enterprise,Insurance,Active,True,733564.4,457210.06,49.0,3.0,66.66666666666666,1.2851551015139433,6,2,286153.45,100.0,1240,7.123672785204607,0.6316546491768945,63.17,0,High,180750.16,686,2026-09-30,2024-12-31
CUST-002014,"Newman, Jenkins and Cooper",SMB,Healthcare,Active,True,18656.06,12203.44,14.0,0.0,0.0,1.4511219206025419,3,1,15382.58,100.0,1408,7.25063551189868,0.6315986106313867,63.16,0,High,9715.62,687,2026-09-30,2024-12-31
CUST-000497,Blackwell LLC,SMB,Professional Services,Active,False,30696.27,19496.19,24.0,0.0,0.0,1.5016294191974482,3,2,28905.9,100.0,1265,7.143617602704121,0.6310632718476277,63.11,0,High,18241.45,688,2026-09-30,2024-12-31
CUST-000894,Bishop and Sons,Enterprise,Banking,Active,True,1593058.36,1029566.06,53.0,1.0,0.0,1.3865360760546521,7,4,1431238.22,71.42857142857143,1106,7.009408932708637,0.6310430932469686,63.1,0,High,903172.99,689,2026-09-30,2024-12-31
CUST-000433,Hayes LLC,SMB,Healthcare,Active,False,38316.54,24974.35,36.0,0.0,0.0,1.0690295873233027,3,3,35568.36,100.0,509,6.234410725718371,0.6309631067396111,63.1,0,High,22442.32,690,2026-09-30,2024-12-31
CUST-000143,Gibson Ltd,Mid-Market,Media,Active,False,177521.05,115440.17,30.0,2.0,50.0,1.254671940915554,3,2,139910.81,66.66666666666666,1998,7.6004023345004,0.6309617439028048,63.1,0,High,88278.37,691,2026-09-30,2024-12-31
CUST-000393,Webster Inc,Strategic,Retail,Active,True,5517106.42,3303284.05,65.0,4.0,50.0,1.3626754232959617,6,6,5793608.01,100.0,325,5.786897381366708,0.6304975772699585,63.05,0,High,3652855.81,692,2026-09-30,2024-12-31
CUST-001819,Arnold-Cole,SMB,Insurance,Active,False,19539.19,11653.09,12.0,0.0,0.0,1.1844167404510395,1,1,19249.73,100.0,1977,7.589841512182657,0.6302771299784912,63.03,0,High,12132.66,693,2026-09-30,2024-12-31
CUST-000875,Smith-Noble,SMB,Banking,Active,False,19151.57,10916.83,12.0,0.0,0.0,1.7188702770098117,1,1,18317.33,100.0,1951,7.5766097669730375,0.6290307971835863,62.9,0,High,11522.16,694,2026-09-30,2024-12-31
CUST-000434,"Miller, Lucas and Williams",SMB,Telecommunications,Active,True,21617.0,13549.25,12.0,0.0,0.0,1.1197501030141304,1,1,19920.8,100.0,989,6.897704943128636,0.6282119817103036,62.82,0,High,12514.49,695,2026-09-30,2024-12-31
CUST-002176,Simmons-Reed,SMB,Insurance,Active,False,18001.43,10637.09,12.0,0.0,0.0,1.3558506157487265,2,1,16922.55,100.0,1110,7.01301578963963,0.6281982866285981,62.82,0,High,10630.72,696,2026-09-30,2024-12-31
CUST-002171,Mitchell Inc,Mid-Market,Energy,Active,False,200835.74,131023.54,38.0,0.0,0.0,1.1840920061255553,5,2,140046.47,100.0,1211,7.10002716662926,0.6280349886547183,62.8,0,High,87954.08,697,2026-09-30,2024-12-31
CUST-001256,Cervantes-Garcia,Mid-Market,Technology,Active,False,274568.99,173972.2,44.0,4.0,25.0,1.196152667226262,4,3,210056.83,75.0,595,6.39024066706535,0.6279876130058034,62.8,0,High,131913.09,698,2026-09-30,2024-12-31
CUST-000364,"Kelley, Nguyen and Vang",Enterprise,Transportation,Active,False,1101915.69,696404.15,50.0,3.0,66.66666666666666,1.2632455641046252,7,3,691836.97,71.42857142857143,1758,7.472500744737558,0.6277477152914321,62.77,0,High,434299.08,699,2026-09-30,2024-12-31
CUST-002269,Carpenter LLC,SMB,Professional Services,Active,False,21739.43,13836.59,12.0,0.0,0.0,1.2876869842199423,1,1,20267.34,100.0,1876,7.537430036586509,0.627149126714796,62.71,0,High,12710.64,700,2026-09-30,2024-12-31
CUST-001314,Lee-White,SMB,Transportation,Active,False,41474.34,25770.61,36.0,0.0,0.0,1.3153229113679943,3,3,39428.37,100.0,671,6.51025834052315,0.6270677271887967,62.71,0,High,24724.26,701,2026-09-30,2024-12-31
CUST-001273,"Turner, Tyler and Pierce",SMB,Energy,Active,False,12689.72,8426.9,11.0,0.0,0.0,1.2124230930841517,1,1,12976.14,100.0,317,5.762051382780177,0.6270151515816456,62.7,0,High,8136.24,702,2026-09-30,2024-12-31
CUST-000217,Perez-White,SMB,Telecommunications,Active,False,11754.65,7139.9,16.0,0.0,0.0,1.3098866934651396,2,1,7514.54,100.0,2041,7.621684998724611,0.6267118921663145,62.67,0,High,4709.45,703,2026-09-30,2024-12-31
CUST-002305,Smith and Sons,Mid-Market,Banking,Active,False,122909.05,80685.81,27.0,2.0,0.0,1.3519832357575525,5,1,51918.04,80.0,1138,7.037905963447182,0.6265048955914944,62.65,0,High,32526.91,704,2026-09-30,2024-12-31
CUST-000059,Lee-Davis,SMB,Telecommunications,Active,False,11688.52,7029.54,18.0,0.0,0.0,1.2855791555593774,3,1,7863.27,100.0,822,6.71295620067707,0.6262754135103363,62.63,0,High,4924.57,705,2026-09-30,2024-12-31
CUST-001518,Collins-Lloyd,Enterprise,Professional Services,Active,True,1599136.4,1011680.0,78.0,1.0,0.0,1.2890691019906426,7,3,632958.97,100.0,452,6.115892125483034,0.6259438633980944,62.59,0,High,396196.78,706,2026-09-30,2024-12-31
CUST-001733,"Huang, Ford and Olsen",Mid-Market,Healthcare,Active,False,238502.28,153666.11,46.0,1.0,100.0,1.3655591909946574,4,2,158502.67,100.0,776,6.655440350367647,0.6256828791006528,62.57,0,High,99172.41,707,2026-09-30,2024-12-31
CUST-001867,"Kaiser, Edwards and Smith",Mid-Market,Retail,Active,False,67536.38,43532.06,11.0,1.0,100.0,1.341092179385522,3,1,69460.32,100.0,1065,6.97166860472579,0.625473499305735,62.55,0,High,43445.59,708,2026-09-30,2024-12-31
CUST-001293,"Parks, Johnson and Love",Mid-Market,Retail,Active,False,194501.51,117617.7,28.0,1.0,100.0,1.2135986754327093,3,1,82099.77,66.66666666666666,1502,7.315218389752975,0.6250700425485674,62.51,0,High,51318.11,709,2026-09-30,2024-12-31
CUST-000596,Shaw-Carr,Mid-Market,Energy,Active,False,252363.09,158126.6,39.0,0.0,0.0,1.036815647111292,4,2,140449.49,100.0,2076,7.638679823876112,0.6248088913559536,62.48,0,High,87754.09,710,2026-09-30,2024-12-31
CUST-001667,"Burns, Nguyen and Ellis",Mid-Market,Technology,Active,True,150655.74,94066.4,26.0,0.0,0.0,1.5397498805390255,5,1,67842.08,40.0,2048,7.6251071482389,0.6246957057620497,62.47,0,High,42380.66,711,2026-09-30,2024-12-31
CUST-000777,Taylor Inc,Enterprise,Education,Active,True,1827429.84,1167976.04,70.0,0.0,0.0,1.2701274568746181,7,3,888267.98,85.71428571428571,748,6.618738983517219,0.6243540271121197,62.44,0,High,554593.69,712,2026-09-30,2024-12-31
CUST-002103,Wyatt Ltd,SMB,Energy,Active,False,32370.14,20716.19,23.0,0.0,0.0,1.1858209411908696,2,2,32213.26,100.0,1868,7.533158807455563,0.6240879467248637,62.41,0,High,20103.91,713,2026-09-30,2024-12-31
CUST-001585,"Short, Ellison and Dixon",Mid-Market,Media,Active,True,130121.58,82381.5,21.0,1.0,100.0,1.4755868141545536,3,1,73951.79,100.0,1382,7.232010331664759,0.6238081487801227,62.38,0,High,46131.73,714,2026-09-30,2024-12-31
CUST-002138,Hernandez-Howell,SMB,Energy,Active,False,25567.02,16108.79,21.0,0.0,0.0,1.3871282207383375,2,1,12505.55,50.0,481,6.1779441140506,0.6238012579135338,62.38,0,High,7800.98,715,2026-09-30,2024-12-31
CUST-001998,"Pitts, Warner and Mullins",SMB,Professional Services,Active,False,7975.44,5333.75,10.0,0.0,0.0,1.371036679758467,1,1,9041.28,100.0,1996,7.599401333415815,0.6237419673647823,62.37,0,High,5639.43,716,2026-09-30,2024-12-31
CUST-000641,Young-Molina,SMB,Media,Active,False,21397.42,13627.36,24.0,0.0,0.0,1.2397024536471635,3,2,20114.23,66.66666666666666,1278,7.153833801578843,0.6233583364562001,62.34,0,High,12538.37,717,2026-09-30,2024-12-31
CUST-001295,Bauer PLC,Strategic,Banking,Active,False,4395458.02,2791320.38,48.0,6.0,66.66666666666666,1.155998822240298,6,3,3254241.91,66.66666666666666,1754,7.470224135899966,0.6233357278733332,62.33,0,High,2028485.25,718,2026-09-30,2024-12-31
CUST-001600,Maddox-Mullins,Mid-Market,Manufacturing,Active,False,109341.21,65349.09,15.0,1.0,0.0,1.4486707812572366,2,1,91867.93,100.0,1358,7.214504414151143,0.6229162909490742,62.29,0,High,57226.03,719,2026-09-30,2024-12-31
CUST-000902,"Griffith, Mitchell and Pugh",Strategic,Technology,Active,True,6123374.69,3866222.16,60.0,4.0,75.0,1.3486899249206359,6,5,5786946.25,66.66666666666666,1011,6.919683849847411,0.6225313136350491,62.25,0,High,3602555.25,720,2026-09-30,2024-12-31
CUST-001315,"Phelps, York and Randolph",Mid-Market,Retail,Active,False,137812.93,82290.25,19.0,0.0,0.0,1.518036090199242,5,1,84010.94,100.0,1239,7.122866658599083,0.622455114056049,62.25,0,High,52293.04,721,2026-09-30,2024-12-31
CUST-001699,Ortiz-Miller,Mid-Market,Transportation,Active,True,192295.32,122991.9,36.0,1.0,0.0,1.3922414481666978,3,3,179404.05,66.66666666666666,563,6.335054251498059,0.6222337252286718,62.22,0,High,111631.25,722,2026-09-30,2024-12-31
CUST-001642,"Taylor, Blair and Meyer",SMB,Transportation,Active,False,29004.1,19095.79,17.0,1.0,100.0,1.2276126717475628,3,1,19850.52,100.0,1648,7.407924322559599,0.6221213106051813,62.21,0,High,12349.43,723,2026-09-30,2024-12-31
CUST-002110,Nunez-Rodriguez,Strategic,Transportation,Active,False,5427386.98,3251660.04,66.0,6.0,33.33333333333333,1.2937010678561482,7,4,3494349.79,71.42857142857143,775,6.654152520183219,0.6218263214625602,62.18,0,High,2172878.68,724,2026-09-30,2024-12-31
CUST-001026,"Walker, Cunningham and Zuniga",Mid-Market,Technology,Active,False,109830.65,71240.31,16.0,1.0,0.0,1.4801650707204825,2,1,84906.28,100.0,1711,7.445417556701687,0.6218246668850962,62.18,0,High,52796.82,725,2026-09-30,2024-12-31
CUST-000423,"Downs, Morris and Maddox",SMB,Banking,Active,False,7534.74,4639.54,12.0,0.0,0.0,1.7466607704771646,1,1,7016.21,100.0,1857,7.527255919373784,0.621004197019996,62.1,0,High,4357.1,726,2026-09-30,2024-12-31
CUST-000928,"Tanner, Wise and Johnson",Strategic,Media,Active,True,6769170.44,4268158.81,69.0,7.0,71.42857142857143,1.4179865047912235,6,5,5282358.19,83.33333333333334,461,6.135564891081739,0.620701667465872,62.07,0,High,3278768.54,727,2026-09-30,2024-12-31
CUST-000182,"Gould, Marshall and Scott",Mid-Market,Technology,Active,False,178811.17,121076.97,24.0,2.0,50.0,1.2420353398860626,5,2,172738.66,100.0,1193,7.085064293952548,0.6205428730205665,62.05,0,High,107191.74,728,2026-09-30,2024-12-31
CUST-001322,"Hernandez, Knight and Aguirre",Enterprise,Manufacturing,Active,True,883937.35,563370.66,40.0,4.0,50.0,1.5164919502670566,5,1,221820.9,80.0,1837,7.516433302915632,0.618304865265899,61.83,0,High,137152.94,729,2026-09-30,2024-12-31
CUST-001653,Ali-Turner,SMB,Healthcare,Active,False,22176.3,13549.47,24.0,0.0,0.0,1.0925279483893773,2,2,21092.7,100.0,1259,7.138866999945524,0.6179513809226924,61.8,0,High,13034.26,730,2026-09-30,2024-12-31
CUST-002133,King Group,SMB,Media,Active,True,26373.05,16999.96,24.0,0.0,0.0,1.5127750079683941,2,2,24888.24,50.0,582,6.368187186350492,0.6179437626918318,61.79,0,High,15379.53,731,2026-09-30,2024-12-31
CUST-000122,Johnson-Carlson,Mid-Market,Technology,Active,False,128352.65,77879.32,23.0,1.0,100.0,1.2138876465223793,4,1,80487.22,100.0,967,6.875232087276577,0.6176121965171179,61.76,0,High,49709.89,732,2026-09-30,2024-12-31
CUST-001380,"Moreno, Perez and Lang",Mid-Market,Technology,Active,False,256107.0,161772.5,36.0,0.0,0.0,1.1818503646217535,5,3,237809.46,100.0,1325,7.189922170745808,0.6160749974465941,61.61,0,High,146508.46,733,2026-09-30,2024-12-31
CUST-000931,"Ward, Porter and Bradley",Mid-Market,Manufacturing,Active,False,386703.56,244356.66,55.0,2.0,100.0,1.2805953640046628,5,4,311824.54,100.0,527,6.269096283706261,0.6149230819833427,61.49,0,High,191748.11,734,2026-09-30,2024-12-31
CUST-000884,Rios-Padilla,SMB,Retail,Active,False,29534.82,17912.26,28.0,0.0,0.0,1.4069414887125815,3,2,20723.31,66.66666666666666,1676,7.424761761823209,0.6145063798203109,61.45,0,High,12734.61,735,2026-09-30,2024-12-31
CUST-002481,Fernandez-Jackson,Enterprise,Transportation,Active,True,1313447.06,822052.74,68.0,0.0,0.0,1.3880221232574967,7,3,674422.4,57.14285714285714,1857,7.527255919373784,0.6141833993504096,61.42,0,High,414219.04,736,2026-09-30,2024-12-31
CUST-001023,"Phillips, Thompson and Smith",SMB,Insurance,Active,False,6840.67,3915.15,11.0,3.0,66.66666666666666,1.026330958068308,1,1,6995.04,100.0,937,6.843749949006225,0.6139191483164441,61.39,0,High,4294.39,737,2026-09-30,2024-12-31
CUST-001249,Rich-Henderson,SMB,Technology,Active,False,21111.62,13743.61,24.0,0.0,0.0,1.0541393810256257,2,2,19647.29,100.0,1844,7.520234556474628,0.6134082975231018,61.34,0,High,12051.81,738,2026-09-30,2024-12-31
CUST-001763,Andrews-Jackson,Strategic,Technology,Active,False,4374861.14,2816515.8,50.0,3.0,66.66666666666666,1.297824991720135,6,3,2815125.54,66.66666666666666,1829,7.512071245835466,0.6129442175443057,61.29,0,High,1725514.92,739,2026-09-30,2024-12-31
CUST-000594,Smith LLC,SMB,Transportation,Active,False,30757.48,19439.87,24.0,1.0,100.0,1.1540213697208983,2,2,28737.78,100.0,415,6.030685260261263,0.6113913065907082,61.14,0,High,17570.03,740,2026-09-30,2024-12-31
CUST-000467,Davis-Lozano,SMB,Media,Active,False,34388.13,21834.05,24.0,1.0,100.0,1.3442972090906975,2,1,19674.3,50.0,442,6.093569770045136,0.6106425355281353,61.06,0,High,12013.96,741,2026-09-30,2024-12-31
CUST-001423,Olson LLC,SMB,Insurance,Active,False,36316.86,23069.39,24.0,0.0,0.0,1.2207000411851723,2,2,35410.65,100.0,465,6.144185634125646,0.6091384288074442,60.91,0,High,21569.99,742,2026-09-30,2024-12-31
CUST-000138,"Jackson, Miller and Robertson",Mid-Market,Transportation,Active,True,133625.05,84710.82,24.0,0.0,0.0,1.3160089609221575,3,1,51293.26,66.66666666666666,1154,7.051855622955894,0.6088041109020229,60.88,0,High,31227.55,743,2026-09-30,2024-12-31
CUST-001954,Maxwell LLC,Enterprise,Retail,Active,True,2109387.7,1368760.7,68.0,3.0,0.0,1.2869564287225344,7,5,1807088.82,57.14285714285714,2069,7.635303886259415,0.6084079264641811,60.84,0,High,1099447.16,744,2026-09-30,2024-12-31
CUST-000565,Li PLC,Strategic,Retail,Active,True,2168813.68,1297808.68,24.0,6.0,50.0,1.102809079928126,6,2,2052952.12,100.0,1825,7.509883061154913,0.6082874351993479,60.83,0,High,1248784.98,745,2026-09-30,2024-12-31
CUST-001839,Lamb-Weber,SMB,Technology,Active,False,16079.91,9867.27,12.0,1.0,100.0,1.0971113872524534,1,1,15480.86,100.0,1677,7.425357887027151,0.6080024524694765,60.8,0,High,9412.4,746,2026-09-30,2024-12-31
CUST-002496,"Nielsen, Lynch and Smith",Mid-Market,Technology,Active,False,78271.04,48171.13,12.0,0.0,0.0,1.1634900553746603,2,1,74445.55,100.0,1924,7.562681246721884,0.6079955328998888,60.8,0,High,45262.56,747,2026-09-30,2024-12-31
CUST-000204,"Beard, Peters and Black",SMB,Manufacturing,Active,True,15063.76,9251.53,10.0,1.0,100.0,1.188562412550981,3,1,16870.49,100.0,1382,7.232010331664759,0.607857464817785,60.79,0,High,10254.85,748,2026-09-30,2024-12-31
CUST-001544,Washington Group,Mid-Market,Retail,Active,False,201074.67,128258.35,36.0,1.0,0.0,1.453857868177221,3,3,191889.23,66.66666666666666,1084,6.98933526597456,0.6073281216696303,60.73,0,High,116539.73,749,2026-09-30,2024-12-31
CUST-001815,Proctor-Taylor,Strategic,Healthcare,Active,True,6867981.88,4283115.18,89.0,2.0,50.0,1.3301418743385647,9,6,4798519.3,77.77777777777779,656,6.48768401848461,0.6072332542349369,60.72,0,High,2913820.49,750,2026-09-30,2024-12-31
CUST-000943,Cline-Ayala,SMB,Media,Active,False,32740.77,21614.15,24.0,0.0,0.0,1.3578852672466772,3,2,31344.11,100.0,1962,7.5822291942764615,0.6070748065083343,60.71,0,High,19028.22,751,2026-09-30,2024-12-31
CUST-002456,Shaw-Smith,Mid-Market,Banking,Active,True,128891.05,83684.89,36.0,4.0,75.0,1.3324202830682903,3,3,122918.55,100.0,929,6.835184586147301,0.6070073242327972,60.7,0,High,74612.46,752,2026-09-30,2024-12-31
CUST-001217,"Walsh, Wu and Hart",Enterprise,Insurance,Active,False,1400091.76,860547.07,80.0,1.0,0.0,1.2800014491152063,7,5,1036779.22,85.71428571428571,855,6.752270376141742,0.6069960247016338,60.7,0,High,629320.87,753,2026-09-30,2024-12-31
CUST-000599,Hoffman Ltd,SMB,Transportation,Active,False,27822.5,17306.7,24.0,0.0,0.0,1.4346460796711844,3,2,26052.81,66.66666666666666,1727,7.454719949364001,0.6067716737025983,60.68,0,High,15808.11,754,2026-09-30,2024-12-31
CUST-000780,"Mccann, Taylor and Flores",Enterprise,Manufacturing,Active,False,869716.7,553994.39,42.0,2.0,0.0,1.1234107491537562,6,3,713406.96,50.0,863,6.761572768804055,0.6064364669671072,60.64,0,High,432636.0,755,2026-09-30,2024-12-31
CUST-000402,Thompson-James,SMB,Transportation,Active,False,26818.45,17131.46,24.0,0.0,0.0,1.4189162118265617,3,2,25270.5,100.0,1337,7.198931240688173,0.6059292596312641,60.59,0,High,15312.14,756,2026-09-30,2024-12-31
CUST-000607,Stewart-Bailey,SMB,Banking,Active,True,21789.52,13456.34,12.0,0.0,0.0,1.5740898786904194,1,1,20411.05,100.0,1944,7.573017256052546,0.6054385271457399,60.54,0,High,12357.64,757,2026-09-30,2024-12-31
CUST-000327,Richards-Carson,Mid-Market,Healthcare,Active,True,184235.65,115484.15,24.0,3.0,33.33333333333333,1.3705676884170843,3,2,173717.12,100.0,1423,7.261225091971921,0.6054244768494685,60.54,0,High,105172.6,758,2026-09-30,2024-12-31
CUST-001157,"Morgan, Barron and Cowan",Mid-Market,Technology,Active,True,131901.9,85155.01,24.0,0.0,0.0,1.2215444542819074,2,2,124049.96,100.0,358,5.883322388488279,0.6052088655551346,60.52,0,High,75076.14,759,2026-09-30,2024-12-31
CUST-000737,"Frey, Santos and Johnson",SMB,Insurance,Active,False,16148.91,10380.91,18.0,0.0,0.0,1.3213593342634782,3,1,11984.32,66.66666666666666,919,6.824373670043086,0.6045402749041975,60.45,0,High,7245.0,760,2026-09-30,2024-12-31
CUST-002008,Hill Ltd,Mid-Market,Education,Active,False,208365.84,135730.37,48.0,0.0,0.0,1.3651100207796898,5,3,138664.03,100.0,578,6.361302477572996,0.6040040787497906,60.4,0,High,83753.64,761,2026-09-30,2024-12-31
CUST-002070,"Brown, Flores and Johns",Strategic,Education,Active,True,8981588.65,5618215.81,94.0,0.0,0.0,1.3095239841109927,8,8,8542315.84,75.0,721,6.582025138892826,0.6038367910925583,60.38,0,High,5158164.59,762,2026-09-30,2024-12-31
CUST-001313,"Thomas, White and Jensen",SMB,Technology,Active,False,7422.52,5106.59,12.0,0.0,0.0,1.3641146271580145,1,1,6938.94,100.0,713,6.570882962339584,0.6031946162810687,60.32,0,High,4185.53,763,2026-09-30,2024-12-31
CUST-000580,"Morales, Williams and Williams",Mid-Market,Professional Services,Active,False,296083.61,184810.49,56.0,2.0,50.0,1.170818170735747,5,3,149803.76,100.0,1949,7.575584651557793,0.6023723577817697,60.24,0,High,90237.64,764,2026-09-30,2024-12-31
CUST-001103,Thompson-Harrell,Mid-Market,Technology,Active,True,41975.6,25487.18,12.0,2.0,0.0,1.3635766672600929,4,1,40079.57,50.0,1971,7.586803535162581,0.6019906664402409,60.2,0,High,24127.53,765,2026-09-30,2024-12-31
CUST-001788,"Caldwell, Stevenson and Joseph",SMB,Banking,Active,False,8739.43,5070.88,12.0,0.0,0.0,1.5269518824075912,2,1,8337.89,100.0,1632,7.398174092970465,0.6010847473697806,60.11,0,High,5011.78,766,2026-09-30,2024-12-31
CUST-000589,"Soto, Carlson and Baker",Mid-Market,Professional Services,Active,False,201706.28,123666.11,47.0,2.0,50.0,1.2833291982907895,5,2,94081.97,80.0,1951,7.5766097669730375,0.6010403280076303,60.1,0,High,56547.06,767,2026-09-30,2024-12-31
CUST-000418,Thomas and Sons,SMB,Healthcare,Active,False,24351.68,15600.18,24.0,0.0,0.0,0.9202594193512548,3,2,22882.18,66.66666666666666,1051,6.9584483932976555,0.6003849185247164,60.04,0,High,13738.12,768,2026-09-30,2024-12-31
CUST-000987,Gomez and Sons,SMB,Technology,Active,False,14452.35,9151.96,12.0,0.0,0.0,1.2552486187845304,1,1,13637.47,100.0,1450,7.280008252884188,0.5998453574327481,59.98,0,High,8180.37,769,2026-09-30,2024-12-31
CUST-000535,Salazar Inc,Mid-Market,Energy,Active,True,141120.38,93717.22,19.0,4.0,75.0,0.9762437998800978,3,1,84498.53,100.0,1560,7.353081920515432,0.5995817144820221,59.96,0,High,50663.77,770,2026-09-30,2024-12-31
CUST-000960,Bates-Anderson,SMB,Media,Active,True,27347.95,16587.89,24.0,1.0,100.0,1.384077864063386,2,2,25675.04,100.0,420,6.042632833682381,0.5994293338631012,59.94,0,High,15390.37,771,2026-09-30,2024-12-31
CUST-002150,Alvarez-Dickerson,Mid-Market,Technology,Active,False,134259.78,84832.3,23.0,2.0,50.0,1.1719973790468492,3,2,137909.79,100.0,1135,7.035268599281097,0.5986832044245529,59.87,0,High,82564.27,772,2026-09-30,2024-12-31
CUST-001321,Jensen-Torres,Strategic,Professional Services,Active,True,6668980.33,4237031.72,65.0,6.0,66.66666666666666,1.2243434251756882,6,3,2971171.5,66.66666666666666,448,6.1070228877422545,0.5980580007319373,59.81,0,High,1776932.89,773,2026-09-30,2024-12-31
CUST-000713,"Butler, Hernandez and Rivera",Mid-Market,Media,Active,True,110890.15,67748.83,24.0,0.0,0.0,1.1987401347293642,4,2,102308.76,75.0,1646,7.4067107301776405,0.5969433163497118,59.69,0,High,61072.53,774,2026-09-30,2024-12-31
CUST-001557,Russo and Sons,SMB,Insurance,Active,False,36607.1,22737.55,23.0,1.0,100.0,1.2561615237122217,2,1,18041.87,100.0,1292,7.164720378771857,0.5968893695120455,59.69,0,High,10769.0,775,2026-09-30,2024-12-31
CUST-000634,Higgins-Smith,SMB,Manufacturing,Active,False,12454.29,7362.16,12.0,0.0,0.0,1.4990090482712821,2,1,11900.58,100.0,1579,7.365180126021013,0.5968059382368529,59.68,0,High,7102.34,776,2026-09-30,2024-12-31
CUST-002248,Jackson-Bradley,SMB,Professional Services,Active,False,8912.99,5481.28,12.0,2.0,50.0,1.610082382548574,1,1,8498.39,100.0,917,6.822197390620491,0.5965604060998674,59.66,0,High,5069.8,777,2026-09-30,2024-12-31
CUST-000505,Acosta Inc,Mid-Market,Transportation,Active,True,147955.18,89209.48,30.0,2.0,50.0,1.3573512240691568,3,2,92292.43,100.0,500,6.2166061010848646,0.5959399403643667,59.59,0,High,55000.75,778,2026-09-30,2024-12-31
CUST-002254,"Lewis, Holloway and Acosta",Strategic,Technology,Active,False,4278210.89,2675758.29,46.0,4.0,75.0,1.3455523339070556,5,3,3138384.45,100.0,698,6.54965074223381,0.5958776238176474,59.59,0,High,1870093.07,779,2026-09-30,2024-12-31
CUST-002250,Wilcox-Snyder,SMB,Media,Active,False,16848.53,10540.11,24.0,1.0,100.0,1.3618698902667,3,2,15941.55,66.66666666666666,1256,7.136483208590247,0.5956270988062619,59.56,0,High,9495.22,780,2026-09-30,2024-12-31
CUST-001317,King and Sons,SMB,Telecommunications,Active,False,18871.49,11625.69,12.0,0.0,0.0,0.9898211993671832,1,1,17236.54,100.0,1355,7.212294468500341,0.5948011877488357,59.48,0,High,10252.31,781,2026-09-30,2024-12-31
CUST-000790,Fuentes Group,Strategic,Energy,Active,True,5890154.43,3655912.38,64.0,5.0,40.0,1.3585857533125636,6,5,5057498.8,50.0,1382,7.232010331664759,0.5942516273942664,59.43,0,High,3005426.89,782,2026-09-30,2024-12-31
CUST-000662,"Robinson, Jones and Henderson",SMB,Healthcare,Active,False,32719.36,21415.57,24.0,0.0,0.0,1.4430740695513846,2,2,30899.45,100.0,1560,7.353081920515432,0.5941007389939524,59.41,0,High,18357.39,783,2026-09-30,2024-12-31
CUST-002431,"Palmer, Rice and Benson",SMB,Insurance,Active,False,16185.89,9993.4,12.0,1.0,100.0,0.7898450416872005,1,1,15305.02,100.0,1169,7.064759027791802,0.5938837988434696,59.39,0,High,9089.4,784,2026-09-30,2024-12-31
CUST-002265,Barajas-Crosby,SMB,Insurance,Active,False,6593.6,3892.56,11.0,0.0,0.0,1.3364624457575929,1,1,6919.77,100.0,686,6.532334292222349,0.5935173942299989,59.35,0,High,4107.0,785,2026-09-30,2024-12-31
CUST-000542,"Bartlett, Brown and Martinez",SMB,Manufacturing,Active,False,39952.0,25541.66,24.0,0.0,0.0,1.296549295215578,2,2,37654.51,100.0,1164,7.060476365999801,0.592676584710494,59.27,0,High,22316.95,786,2026-09-30,2024-12-31
CUST-001475,Edwards Ltd,Mid-Market,Retail,Active,False,268275.54,167651.13,42.0,1.0,0.0,1.4111425410499046,5,3,210204.49,40.0,1586,7.369600720526409,0.5924016839744026,59.24,0,High,124525.49,787,2026-09-30,2024-12-31
CUST-002073,Williams-Carter,Mid-Market,Retail,Active,False,75800.36,46599.92,19.0,1.0,100.0,1.4115522786482833,2,1,41236.26,100.0,573,6.352629396319567,0.5923348512207272,59.23,0,High,24425.67,788,2026-09-30,2024-12-31
CUST-000254,"Garcia, Martin and Jenkins",SMB,Transportation,Active,True,41493.17,26678.55,30.0,0.0,0.0,1.1730470575818344,3,3,47423.77,100.0,278,5.631211781821365,0.5912881383796693,59.13,0,High,28041.11,789,2026-09-30,2024-12-31
CUST-001341,Knight PLC,SMB,Professional Services,Active,True,23015.43,14217.28,20.0,0.0,0.0,1.2480138694184897,2,2,26195.09,100.0,289,5.66988092298052,0.5911331899522664,59.11,0,High,15484.79,790,2026-09-30,2024-12-31
CUST-001145,"Brown, Hayes and Clark",SMB,Manufacturing,Active,False,33395.35,21231.62,24.0,0.0,0.0,1.2625254399478278,3,2,31274.06,66.66666666666666,1838,7.516977224604321,0.5907095789939667,59.07,0,High,18473.89,791,2026-09-30,2024-12-31
CUST-001053,Anthony-Parker,SMB,Education,Active,True,68042.3,40851.5,36.0,0.0,0.0,1.394959648562652,3,3,64822.22,100.0,457,6.126869184114185,0.5903735652643922,59.04,0,High,38269.33,792,2026-09-30,2024-12-31
CUST-001463,Combs-Davis,Strategic,Retail,Active,True,4614961.19,2967414.59,54.0,3.0,33.33333333333333,1.2755440100889126,6,4,3912839.32,83.33333333333334,1365,7.2196420401307355,0.590025406547039,59.0,0,High,2308674.61,793,2026-09-30,2024-12-31
CUST-002292,Clay Inc,Mid-Market,Professional Services,Active,False,74448.44,44096.82,19.0,0.0,0.0,1.198975925738648,4,1,53518.19,100.0,909,6.813444599510896,0.5898741415989758,58.99,0,High,31569.0,794,2026-09-30,2024-12-31
CUST-002127,Martinez-Massey,Mid-Market,Retail,Active,False,335189.13,215878.04,60.0,0.0,0.0,1.1762710817847741,5,5,309682.57,60.0,1812,7.502738210754851,0.5893581328729411,58.94,0,High,182513.94,795,2026-09-30,2024-12-31
CUST-000563,Dougherty-Lin,Mid-Market,Insurance,Active,False,184182.78,114437.45,34.0,2.0,100.0,1.1767594303314644,4,2,95758.18,100.0,1836,7.515889085215125,0.5889755918897219,58.9,0,High,56399.23,796,2026-09-30,2024-12-31
CUST-002199,Casey-Brown,SMB,Professional Services,Active,False,13885.32,9120.32,12.0,0.0,0.0,1.0798189042785753,1,1,13421.22,100.0,1417,7.257002707092073,0.5887265131590609,58.87,0,High,7901.43,797,2026-09-30,2024-12-31
CUST-002280,White Group,SMB,Education,Active,False,32211.44,20895.35,24.0,2.0,0.0,1.328407129641515,2,2,29734.14,50.0,556,6.322565239927284,0.5882464452338761,58.82,0,High,17491.0,798,2026-09-30,2024-12-31
CUST-000572,"Smith, Rodriguez and Anderson",SMB,Education,Active,True,47198.34,30149.48,36.0,0.0,0.0,1.3159015672152639,3,3,45316.83,100.0,431,6.068425588244111,0.5870231093318364,58.7,0,High,26602.03,799,2026-09-30,2024-12-31
CUST-001566,"Brown, Jensen and Rice",Mid-Market,Retail,Active,True,97334.97,57191.4,18.0,1.0,100.0,1.2988509417681662,4,1,63128.48,100.0,2030,7.616283561580385,0.5868758344235433,58.69,0,High,37048.58,800,2026-09-30,2024-12-31
CUST-001194,Pruitt-Webb,SMB,Technology,Active,False,27262.75,17855.43,24.0,0.0,0.0,1.1592382959430836,3,2,25483.32,66.66666666666666,1714,7.44716835960004,0.5865357532182992,58.65,0,High,14946.88,801,2026-09-30,2024-12-31
CUST-000485,"Butler, Beck and Miller",SMB,Banking,Active,False,36958.15,22453.7,28.0,0.0,0.0,1.1871796130079553,3,2,29762.42,100.0,636,6.456769655572163,0.5861007986732198,58.61,0,High,17443.78,802,2026-09-30,2024-12-31
CUST-002290,Butler Inc,SMB,Technology,Active,False,34828.39,21921.53,24.0,0.0,0.0,1.380925194420442,3,2,32269.16,66.66666666666666,1493,7.309212365692763,0.586020279683066,58.6,0,High,18910.38,803,2026-09-30,2024-12-31
CUST-002458,Sanchez Ltd,SMB,Education,Active,False,44806.16,27364.61,36.0,0.0,0.0,1.1252069923577384,3,3,41981.72,100.0,627,6.4425401664681985,0.58483290475341,58.48,0,High,24552.29,804,2026-09-30,2024-12-31
CUST-002442,Harrell Group,SMB,Insurance,Active,False,20905.21,12068.42,12.0,0.0,0.0,1.4287313559968267,1,1,19758.03,100.0,840,6.734591659972948,0.5843598299030854,58.44,0,High,11545.8,805,2026-09-30,2024-12-31
CUST-002517,Dudley Group,SMB,Professional Services,Active,False,29663.57,18564.86,18.0,0.0,0.0,1.2893984294046321,2,1,17866.37,100.0,937,6.843749949006225,0.5828711256474803,58.29,0,High,10413.79,806,2026-09-30,2024-12-31
CUST-002542,Dudley Group,SMB,Professional Services,Active,False,29663.57,18564.86,18.0,0.0,0.0,1.2893984294046321,2,1,17866.37,100.0,937,6.843749949006225,0.5828711256474803,58.29,0,High,10413.79,807,2026-09-30,2024-12-31
CUST-002259,Smith and Sons,Strategic,Technology,Active,True,5169231.11,3222892.39,57.0,2.0,50.0,1.219259444609726,8,4,4202107.75,75.0,2092,7.646353722445999,0.5821715439415479,58.22,0,High,2446347.56,808,2026-09-30,2024-12-31
CUST-000986,Reyes Group,SMB,Media,Active,False,9322.02,5811.49,12.0,1.0,100.0,1.3525696368097524,1,1,8851.5,100.0,1233,7.1180162044653335,0.5818317839348708,58.18,0,High,5150.08,809,2026-09-30,2024-12-31
CUST-000799,"Terrell, Byrd and Ross",SMB,Education,Active,False,50147.8,30790.04,36.0,0.0,0.0,1.3732306584305143,3,3,47223.66,100.0,1337,7.198931240688173,0.5818008130158685,58.18,0,High,27474.76,810,2026-09-30,2024-12-31
CUST-001414,"Herman, Bailey and Richmond",SMB,Media,Active,False,25135.44,16657.16,17.0,0.0,0.0,1.583348975785484,3,1,15765.8,0.0,1924,7.562681246721884,0.5816923863119916,58.17,0,High,9170.85,811,2026-09-30,2024-12-31
CUST-001016,Yu-Brooks,Mid-Market,Transportation,Active,False,205344.38,130098.49,35.0,0.0,0.0,1.0954457568136888,3,3,202132.91,66.66666666666666,1722,7.45182223652793,0.5807829091822354,58.08,0,High,117395.34,812,2026-09-30,2024-12-31
CUST-000759,Miller-Montgomery,Mid-Market,Banking,Active,True,229772.92,148376.31,36.0,0.0,0.0,1.4179773705255276,5,2,153748.5,80.0,691,6.539585955617669,0.5781918346830851,57.82,0,High,88896.13,813,2026-09-30,2024-12-31
CUST-002155,Pacheco-Silva,SMB,Manufacturing,Active,False,37563.12,23286.58,24.0,0.0,0.0,1.5465159548011775,2,2,36034.35,100.0,923,6.828712071641684,0.5780923243637981,57.81,0,High,20831.18,814,2026-09-30,2024-12-31
CUST-002051,"Waller, Coleman and Mosley",SMB,Healthcare,Active,False,16777.14,10935.38,11.0,0.0,0.0,1.2902657825155333,1,1,17284.03,100.0,308,5.733341276897746,0.5776118121044524,57.76,0,High,9983.46,815,2026-09-30,2024-12-31
CUST-001907,Moss-Taylor,SMB,Insurance,Active,False,21241.09,13292.83,23.0,0.0,0.0,1.2476109252334404,2,1,10733.35,50.0,1367,7.221105098182496,0.5771734228936422,57.72,0,High,6195.0,816,2026-09-30,2024-12-31
CUST-000273,Morgan-French,Mid-Market,Media,Active,False,75956.33,45278.54,16.0,0.0,0.0,1.6304220909898883,2,1,51129.65,100.0,622,6.434546518787453,0.5745555040314158,57.46,0,High,29376.82,817,2026-09-30,2024-12-31
CUST-002469,Garcia-Thomas,SMB,Energy,Active,True,15069.44,9763.69,16.0,0.0,0.0,1.130814022847341,2,1,11599.29,50.0,955,6.862757913051401,0.573796326166595,57.38,0,High,6655.63,818,2026-09-30,2024-12-31
CUST-001163,Brooks Ltd,SMB,Telecommunications,Active,False,39988.89,26253.14,24.0,0.0,0.0,1.49160598433754,2,1,18354.41,100.0,764,6.639875833826536,0.5736306507125803,57.36,0,High,10528.65,819,2026-09-30,2024-12-31
CUST-002017,Villanueva LLC,Strategic,Healthcare,Active,True,6521700.43,4156825.8,69.0,3.0,66.66666666666666,1.1902979869597463,9,4,4532720.78,88.88888888888889,1809,7.501082124259871,0.5728147963337492,57.28,0,High,2596409.53,820,2026-09-30,2024-12-31
CUST-002405,"Sullivan, Gonzalez and Turner",SMB,Energy,Active,False,17598.97,11848.71,10.0,0.0,0.0,1.6100018472784927,1,1,20202.1,100.0,1507,7.318539548567902,0.572481959795798,57.25,0,High,11565.34,821,2026-09-30,2024-12-31
CUST-001413,Dunn Ltd,SMB,Banking,Active,True,26584.87,17309.56,23.0,1.0,100.0,1.1166613686935198,3,2,25955.67,66.66666666666666,876,6.776506992372183,0.5724567526819601,57.25,0,High,14858.5,822,2026-09-30,2024-12-31
CUST-001913,Sullivan and Sons,Strategic,Technology,Active,False,6988401.18,4438888.28,68.0,3.0,66.66666666666666,1.2425721573932815,8,4,5067243.24,87.5,1093,6.9975959829819265,0.5722211682431698,57.22,0,High,2899583.85,823,2026-09-30,2024-12-31
CUST-001797,"Carter, Gilbert and West",Mid-Market,Retail,Active,True,224813.93,140337.37,32.0,0.0,0.0,1.188833266536097,4,2,176373.86,75.0,584,6.371611847231857,0.571426410400901,57.14,0,High,100784.68,824,2026-09-30,2024-12-31
CUST-000352,Guerrero Inc,Mid-Market,Retail,Active,False,352420.03,223459.95,57.0,3.0,33.33333333333333,1.131890781574449,5,5,355335.71,80.0,1751,7.468513271496337,0.5711870881671695,57.12,0,High,202963.17,825,2026-09-30,2024-12-31
CUST-001863,Scott PLC,Mid-Market,Retail,Active,False,158365.91,101456.11,33.0,0.0,0.0,1.2079988193857492,4,2,125601.52,75.0,1408,7.25063551189868,0.5706809441755111,57.07,0,High,71678.39,826,2026-09-30,2024-12-31
CUST-001020,"Stewart, Mann and Hoffman",SMB,Technology,Active,False,27655.44,17849.6,22.0,0.0,0.0,1.5524725594776805,2,2,28707.06,100.0,304,5.720311776607412,0.5704031584837708,57.04,0,High,16374.6,827,2026-09-30,2024-12-31
CUST-002021,Huber-Montgomery,Strategic,Transportation,Active,False,3378430.23,2058154.19,42.0,7.0,57.14285714285714,1.19467093467694,8,3,2950510.78,62.5,1458,7.285506548522785,0.5691830063246368,56.92,0,High,1679380.6,828,2026-09-30,2024-12-31
CUST-000726,Williamson Ltd,SMB,Manufacturing,Active,False,30151.23,18673.3,30.0,1.0,100.0,1.43544026933278,3,1,9524.39,100.0,1574,7.362010551259734,0.5691387268117625,56.91,0,High,5420.7,829,2026-09-30,2024-12-31
CUST-002384,Martinez and Sons,Enterprise,Insurance,Active,True,1202498.01,757105.79,46.0,2.0,0.0,1.4033916529995911,7,3,819457.5,85.71428571428571,983,6.891625897052253,0.5690136764255439,56.9,0,High,466282.52,830,2026-09-30,2024-12-31
CUST-000335,Price LLC,SMB,Telecommunications,Active,False,14404.44,9149.75,12.0,0.0,0.0,1.1521099971201436,1,1,13647.49,100.0,429,6.063785208687608,0.5685397828056933,56.85,0,High,7759.14,831,2026-09-30,2024-12-31
CUST-000318,Burgess-Thompson,SMB,Energy,Active,False,13160.4,7657.14,15.0,0.0,0.0,1.4970844074385519,2,1,9598.18,50.0,1980,7.591357046698551,0.5684642919677381,56.85,0,High,5456.22,832,2026-09-30,2024-12-31
CUST-002056,Davis-Ortiz,Mid-Market,Insurance,Active,False,166733.43,107116.96,29.0,2.0,0.0,1.2027649858966534,3,2,119876.44,66.66666666666666,1590,7.372118028337787,0.5681778585980243,56.82,0,High,68111.14,833,2026-09-30,2024-12-31
CUST-000896,"Hernandez, Jenkins and Parks",Strategic,Professional Services,Active,True,4792634.7,2906458.06,49.0,4.0,50.0,1.1143067251147158,6,3,2958519.73,83.33333333333334,2033,7.617759576608505,0.5674519520097294,56.75,0,High,1678817.8,834,2026-09-30,2024-12-31
CUST-001479,Gutierrez-White,Strategic,Media,Active,True,5034258.65,3064810.1,64.0,5.0,80.0,1.4737347049300769,8,3,2284129.23,50.0,1497,7.311886164077165,0.5669926399520278,56.7,0,High,1295084.46,835,2026-09-30,2024-12-31
CUST-001342,"Brennan, Thomas and Dennis",SMB,Telecommunications,Active,False,8459.79,5396.51,12.0,0.0,0.0,1.3503283518867533,1,1,8067.49,100.0,575,6.3561076606958915,0.5667590576747987,56.68,0,High,4572.32,836,2026-09-30,2024-12-31
CUST-001369,Hanson PLC,Mid-Market,Manufacturing,Active,True,58545.16,36303.31,15.0,0.0,0.0,1.4566559957008738,3,1,44379.55,66.66666666666666,1795,7.493317248862145,0.565989515518711,56.6,0,High,25118.36,837,2026-09-30,2024-12-31
CUST-000409,Jackson-Meza,Mid-Market,Insurance,Active,False,115635.37,73808.63,22.0,1.0,100.0,1.2341749247796565,3,1,49657.7,100.0,1921,7.561121589530238,0.5658148354823841,56.58,0,High,28097.06,838,2026-09-30,2024-12-31
CUST-002528,Perez Inc,Mid-Market,Media,Active,True,288176.95,172828.81,44.0,0.0,0.0,1.4289790821328638,4,3,219979.16,50.0,1018,6.926577033222725,0.5656299489451754,56.56,0,High,124426.8,839,2026-09-30,2024-12-31
CUST-002553,Perez Inc,Mid-Market,Media,Active,True,288176.95,172828.81,44.0,0.0,0.0,1.4289790821328638,4,3,219979.16,50.0,1018,6.926577033222725,0.5656299489451754,56.56,0,High,124426.8,840,2026-09-30,2024-12-31
CUST-000247,Davis Ltd,Strategic,Transportation,Active,True,4155677.35,2583393.23,47.0,2.0,50.0,1.220025746624455,5,3,2815471.52,100.0,1144,7.0431599159883405,0.565571683356221,56.56,0,High,1592350.97,841,2026-09-30,2024-12-31
CUST-001125,Sullivan-Doyle,SMB,Energy,Active,False,18243.09,11922.04,12.0,1.0,100.0,1.0741603219108176,1,1,16897.49,100.0,1089,6.993932975223189,0.5655160147215924,56.55,0,High,9555.8,842,2026-09-30,2024-12-31
CUST-002131,Archer-Dixon,Mid-Market,Telecommunications,Active,False,198288.77,125142.76,40.0,0.0,0.0,1.2934796607882204,5,2,144032.67,100.0,967,6.875232087276577,0.565304123175335,56.53,0,High,81422.26,843,2026-09-30,2024-12-31
CUST-000228,"Duran, Obrien and Gibbs",SMB,Banking,Active,False,16914.24,10867.25,20.0,0.0,0.0,1.5878369280446472,2,2,19385.06,100.0,284,5.652489180268651,0.5645845920861916,56.46,0,High,10944.51,844,2026-09-30,2024-12-31
CUST-000574,Williams-Williams,SMB,Banking,Active,False,36453.14,22716.95,23.0,1.0,100.0,1.3508872069721298,3,1,20559.56,100.0,968,6.876264611890766,0.5645192350770135,56.45,0,High,11606.27,845,2026-09-30,2024-12-31
CUST-001124,"Johnson, Jimenez and Phillips",SMB,Manufacturing,Active,True,20187.08,12562.9,12.0,0.0,0.0,1.1171196088759454,1,1,18967.92,0.0,1435,7.269616749608169,0.5645163111360348,56.45,0,High,10707.7,846,2026-09-30,2024-12-31
CUST-000474,Lowery-Kennedy,SMB,Energy,Active,False,22485.93,14318.91,24.0,0.0,0.0,1.7180905961217672,3,2,21577.39,100.0,1945,7.57353126274595,0.5644305221904463,56.44,0,High,12178.94,847,2026-09-30,2024-12-31
CUST-001657,"Adams, Bradley and Hall",SMB,Telecommunications,Active,False,11524.79,6976.7,12.0,1.0,0.0,1.8110219534055765,2,1,11167.84,100.0,1768,7.478169694159785,0.5644041625158294,56.44,0,High,6303.18,848,2026-09-30,2024-12-31
CUST-000984,Jackson PLC,SMB,Transportation,Active,False,21047.01,13216.06,27.0,1.0,100.0,1.4270550449222537,3,2,17299.97,100.0,1618,7.389563953677635,0.5638269108730645,56.38,0,High,9754.19,849,2026-09-30,2024-12-31
CUST-001930,"Williams, Garcia and Boone",Strategic,Healthcare,Active,True,3917694.39,2391311.82,43.0,6.0,83.33333333333334,1.3869072476210773,5,2,1414999.1,80.0,1406,7.249215057114389,0.5626725305547928,56.27,0,High,796181.12,850,2026-09-30,2024-12-31
CUST-000978,Parks-Pace,Enterprise,Retail,Active,True,489488.99,329200.19,18.0,1.0,0.0,1.1940533632429526,3,1,362904.37,100.0,2031,7.616775808698373,0.5623200082025865,56.23,0,High,204068.39,851,2026-09-30,2024-12-31
CUST-000016,Galloway-Wyatt,Mid-Market,Energy,Active,False,171372.75,111108.92,36.0,3.0,100.0,0.9981292456023277,4,3,159550.58,100.0,1140,7.039660349862076,0.5617267869099282,56.17,0,High,89623.83,852,2026-09-30,2024-12-31
CUST-000091,"Turner, Riggs and Roman",SMB,Technology,Active,False,22524.97,15053.09,22.0,0.0,0.0,1.2746670555069506,3,2,23944.65,100.0,730,6.594413459749778,0.561321997360661,56.13,0,High,13440.66,853,2026-09-30,2024-12-31
CUST-002201,Lester Group,Strategic,Banking,Active,False,3578601.04,2237265.54,52.0,3.0,66.66666666666666,1.3272636169890464,7,3,2548412.4,71.42857142857143,755,6.628041376179533,0.5595145667881307,55.95,0,High,1425873.86,854,2026-09-30,2024-12-31
CUST-002361,"Morgan, Guzman and Kirby",SMB,Technology,Active,False,46560.64,29309.94,31.0,0.0,0.0,1.2370507622152973,3,2,39153.16,33.33333333333333,1986,7.594381242551817,0.5594864860714197,55.95,0,High,21905.66,855,2026-09-30,2024-12-31
CUST-001443,Ayers-Johnson,Mid-Market,Retail,Active,False,213449.49,129566.39,36.0,0.0,0.0,1.4155191619462943,3,3,204416.05,66.66666666666666,343,5.840641657373398,0.5594773488795743,55.95,0,High,114366.15,856,2026-09-30,2024-12-31
CUST-002433,"Wood, Crane and Guzman",SMB,Banking,Active,False,9592.89,6611.74,12.0,0.0,0.0,1.3381051819319474,2,1,8995.03,50.0,1449,7.27931883541462,0.5588753390306027,55.89,0,High,5027.1,857,2026-09-30,2024-12-31
CUST-001968,Miller PLC,SMB,Healthcare,Active,False,23459.9,14832.41,26.0,1.0,0.0,1.3699012409759257,3,2,20916.73,66.66666666666666,934,6.840546529288687,0.5588549639430145,55.89,0,High,11689.42,858,2026-09-30,2024-12-31
CUST-000456,Diaz-Ball,SMB,Professional Services,Active,False,51704.44,32159.85,34.0,0.0,0.0,1.5163960320970493,3,2,30892.98,66.66666666666666,427,6.059123195581797,0.5587497409595522,55.87,0,High,17261.44,859,2026-09-30,2024-12-31
CUST-001764,Austin-Morgan,SMB,Manufacturing,Active,False,18361.38,11295.71,12.0,0.0,0.0,1.2303913165187086,1,1,17303.03,100.0,930,6.836259277277067,0.5575363224828576,55.75,0,High,9647.07,860,2026-09-30,2024-12-31
CUST-001251,Thomas-Santiago,Mid-Market,Technology,Active,False,153272.42,91954.13,34.0,1.0,100.0,1.140755879830144,4,2,116725.03,100.0,765,6.641182169740591,0.5558135768147526,55.58,0,High,64877.36,861,2026-09-30,2024-12-31
CUST-002274,"Ward, Jordan and Orr",Mid-Market,Insurance,Active,False,84695.38,51468.28,16.0,1.0,0.0,1.1174345239392283,4,1,60197.46,75.0,1950,7.576097340623111,0.5555430715134031,55.55,0,High,33442.28,862,2026-09-30,2024-12-31
CUST-001096,"Powell, Deleon and Warren",Mid-Market,Retail,Active,False,322996.4,204223.11,48.0,1.0,100.0,1.3824347464151914,5,4,305043.1,100.0,797,6.682108597449809,0.5549063108492989,55.49,0,High,169270.34,863,2026-09-30,2024-12-31
CUST-000428,Jones-Lin,Strategic,Professional Services,Active,True,4555463.85,2797801.21,49.0,4.0,75.0,1.3586485372735004,5,4,4443588.53,100.0,636,6.456769655572163,0.5546629036338073,55.47,0,High,2464693.72,864,2026-09-30,2024-12-31
CUST-000117,Ross LLC,Mid-Market,Education,Active,False,144141.75,92295.63,30.0,0.0,0.0,1.1562273177221023,5,2,102357.08,60.0,678,6.520621127558696,0.5544351397565132,55.44,0,High,56750.36,865,2026-09-30,2024-12-31
CUST-000268,Jimenez Ltd,Mid-Market,Retail,Active,False,37912.57,24528.82,13.0,1.0,100.0,1.3595489936097458,2,1,30321.92,100.0,1043,6.950814768442584,0.5533454481979774,55.33,0,High,16778.5,866,2026-09-30,2024-12-31
CUST-000682,"Robinson, Shields and Brown",Mid-Market,Education,Active,False,278152.41,172694.82,48.0,0.0,0.0,1.2536763414287564,5,3,187292.66,80.0,1387,7.23561914106675,0.5510528282569608,55.11,0,High,103208.15,867,2026-09-30,2024-12-31
CUST-000067,Williams PLC,SMB,Insurance,Active,False,39092.42,24941.38,36.0,0.0,0.0,1.498005603789013,3,3,36024.07,66.66666666666666,336,5.820082930352362,0.5508117056553017,55.08,0,High,19842.48,868,2026-09-30,2024-12-31
CUST-000043,Rodriguez LLC,Mid-Market,Transportation,Active,False,280571.85,175260.44,48.0,0.0,0.0,1.5301600110244047,5,3,217111.85,20.0,846,6.741700694652055,0.5507924120205011,55.08,0,High,119583.56,869,2026-09-30,2024-12-31
CUST-002490,"Lutz, Johns and Clark",Mid-Market,Transportation,Active,False,217329.7,132584.52,36.0,2.0,50.0,1.031555471131889,3,3,206322.38,100.0,591,6.3835066348840055,0.5504431903606224,55.04,0,High,113568.75,870,2026-09-30,2024-12-31
CUST-002220,King Group,Mid-Market,Healthcare,Active,True,154556.11,99492.15,18.0,1.0,100.0,1.1109846200889952,2,1,94719.07,100.0,1225,7.111512116496157,0.5495780591547267,54.96,0,High,52055.52,871,2026-09-30,2024-12-31
CUST-002089,Preston-Harper,Enterprise,Insurance,Active,True,540847.38,337882.68,21.0,1.0,0.0,1.170532929553968,4,1,275476.53,100.0,1258,7.138073034044347,0.548990935095747,54.9,0,High,151234.12,872,2026-09-30,2024-12-31
CUST-001072,Flowers LLC,Mid-Market,Professional Services,Active,True,88252.97,51230.85,19.0,2.0,50.0,1.1620631835359088,4,1,33024.79,75.0,1509,7.31986492980897,0.5489320391028449,54.89,0,High,18128.37,873,2026-09-30,2024-12-31
CUST-000851,Clark Ltd,Mid-Market,Insurance,Active,False,225947.8,142716.37,39.0,0.0,0.0,1.314581261682781,5,1,30840.98,80.0,2014,7.608374474380783,0.5481676510391363,54.82,0,High,16906.03,874,2026-09-30,2024-12-31
CUST-001077,"Matthews, Harrington and Rodriguez",SMB,Manufacturing,Active,False,15973.73,9903.95,24.0,2.0,100.0,1.412521457680867,3,2,14273.8,100.0,1364,7.21890970761906,0.5478685132073736,54.79,0,High,7820.17,875,2026-09-30,2024-12-31
CUST-002386,Sanchez Group,SMB,Transportation,Active,False,28661.34,18089.13,24.0,0.0,0.0,1.5254820043075485,2,2,27163.99,100.0,1047,6.954638864880987,0.5475222465545504,54.75,0,High,14872.89,876,2026-09-30,2024-12-31
CUST-001668,Patterson Inc,Mid-Market,Retail,Active,False,74507.32,46140.19,12.0,0.0,0.0,1.0166520030473292,2,1,69814.79,50.0,1418,7.257707677160043,0.5471295061205432,54.71,0,High,38197.73,877,2026-09-30,2024-12-31
CUST-000112,"Shields, Cochran and Adams",Mid-Market,Energy,Active,False,93117.25,58023.2,24.0,0.0,0.0,1.2738191429344894,4,2,87903.46,75.0,1074,6.980075940561763,0.5470400646879223,54.7,0,High,48086.71,878,2026-09-30,2024-12-31
CUST-001910,"Schneider, Porter and Hanna",SMB,Education,Active,False,10688.19,6594.23,12.0,0.0,0.0,1.2385366911974873,2,1,10307.92,50.0,1202,7.0925737159746784,0.5469313356418474,54.69,0,High,5637.72,879,2026-09-30,2024-12-31
CUST-001848,Cooper Inc,SMB,Energy,Active,False,27413.18,17208.84,22.0,2.0,50.0,1.3345706562052881,2,1,17122.12,100.0,1741,7.462789157412448,0.5461545524056705,54.62,0,High,9351.32,880,2026-09-30,2024-12-31
CUST-002377,Lloyd-Estes,Strategic,Banking,Active,True,5753829.36,3506400.61,47.0,3.0,100.0,1.4433458969687871,8,3,3329398.27,75.0,1804,7.498315870766981,0.5453082613860307,54.53,0,High,1815548.38,881,2026-09-30,2024-12-31
CUST-000982,Davis LLC,SMB,Telecommunications,Active,True,53606.53,32710.45,36.0,1.0,100.0,1.2243082637719238,3,2,30449.65,100.0,384,5.953243334287785,0.5453005304264611,54.53,0,High,16604.21,882,2026-09-30,2024-12-31
CUST-001140,Taylor and Sons,Mid-Market,Professional Services,Active,False,261392.88,156217.68,49.0,1.0,100.0,1.2095930396517833,5,2,123204.27,100.0,1645,7.406103381237015,0.5450165665149711,54.5,0,High,67148.37,883,2026-09-30,2024-12-31
CUST-000080,"Hensley, Powell and David",SMB,Technology,Active,False,7785.74,4764.96,10.0,0.0,0.0,1.8074244599731955,1,1,8845.98,100.0,297,5.697093486505405,0.5447647924781217,54.48,0,High,4818.98,884,2026-09-30,2024-12-31
CUST-002072,Ward-Fields,Mid-Market,Banking,Active,False,105706.39,64740.11,30.0,0.0,0.0,1.2423930533387952,5,2,85038.79,100.0,1762,7.47477218239787,0.544605091999936,54.46,0,High,46312.56,885,2026-09-30,2024-12-31
CUST-002385,Montes-Hammond,Enterprise,Media,Active,False,609558.74,375480.46,29.0,4.0,50.0,1.3487527541189663,6,1,138377.13,83.33333333333334,1938,7.569927655242652,0.5442891164777469,54.43,0,High,75317.17,886,2026-09-30,2024-12-31
CUST-000736,Sutton-Abbott,Mid-Market,Energy,Active,False,150162.52,95345.02,29.0,0.0,0.0,1.140539790956847,3,2,114376.2,100.0,592,6.385194398997726,0.5436896815073775,54.37,0,High,62185.16,887,2026-09-30,2024-12-31
CUST-002281,Martin-Mcdonald,Enterprise,Manufacturing,Active,False,1123344.17,691272.23,48.0,4.0,100.0,1.2796344742631016,7,2,605732.36,71.42857142857143,732,6.597145701886651,0.5435371019073333,54.35,0,High,329238.01,888,2026-09-30,2024-12-31
CUST-000903,Abbott Ltd,Mid-Market,Professional Services,Active,False,146843.18,91204.79,24.0,1.0,0.0,1.3525171717412288,3,2,136119.24,100.0,2073,7.637234388789473,0.5434105504464288,54.34,0,High,73968.63,889,2026-09-30,2024-12-31
CUST-001721,"Hall, Roberts and Lee",Mid-Market,Healthcare,Active,False,91193.64,56353.72,13.0,0.0,0.0,1.1739353895165137,4,1,79533.3,75.0,1129,7.029972911706386,0.542470720420015,54.25,0,High,43144.49,890,2026-09-30,2024-12-31
CUST-000274,Hoover-Campbell,SMB,Telecommunications,Active,False,19240.45,12442.95,12.0,0.0,0.0,1.0239473701662587,2,1,18262.85,100.0,1195,7.086737934510577,0.541566177402403,54.16,0,High,9890.54,891,2026-09-30,2024-12-31
CUST-002093,Clark Inc,Mid-Market,Insurance,Active,True,138759.95,90684.31,27.0,2.0,50.0,1.4702105332677786,5,1,58178.64,60.0,1781,7.485491608030754,0.5412274507693827,54.12,0,High,31487.88,892,2026-09-30,2024-12-31
CUST-001808,"Long, Flores and Reyes",SMB,Manufacturing,Active,False,17805.68,11301.35,12.0,0.0,0.0,1.393223118903855,1,1,16922.52,100.0,1662,7.416378479192928,0.5411916312694448,54.12,0,High,9158.33,893,2026-09-30,2024-12-31
CUST-001330,"Gonzalez, Gross and Sims",SMB,Energy,Active,False,36291.12,22491.18,35.0,1.0,100.0,1.2169215975932548,3,2,22897.23,100.0,412,6.023447592961033,0.5410213105523739,54.1,0,High,12387.89,894,2026-09-30,2024-12-31
CUST-002506,"Rodriguez, Figueroa and Sanchez",Mid-Market,Healthcare,Active,False,49307.12,30191.21,12.0,2.0,50.0,1.0698586891570736,3,1,46287.82,66.66666666666666,1597,7.37650812632622,0.5405195502046062,54.05,0,High,25019.47,895,2026-09-30,2024-12-31
CUST-002531,"Rodriguez, Figueroa and Sanchez",Mid-Market,Healthcare,Active,False,49307.12,30191.21,12.0,2.0,50.0,1.0698586891570736,3,1,46287.82,66.66666666666666,1597,7.37650812632622,0.5405195502046062,54.05,0,High,25019.47,896,2026-09-30,2024-12-31
CUST-001902,Diaz LLC,SMB,Healthcare,Active,False,23234.15,14706.88,19.0,0.0,0.0,1.3117088465808975,2,1,17696.87,50.0,2015,7.60887062919126,0.5404600442832841,54.05,0,High,9564.45,897,2026-09-30,2024-12-31
CUST-000934,Williams Inc,Mid-Market,Banking,Active,False,260736.83,161399.51,41.0,1.0,100.0,1.385725592839246,5,2,151859.07,100.0,1335,7.197435354096591,0.5397514954075042,53.98,0,High,81966.16,898,2026-09-30,2024-12-31
CUST-002130,Kelly-Estrada,SMB,Technology,Active,False,13213.02,8054.11,12.0,0.0,0.0,1.257793294813709,2,1,13145.55,50.0,1516,7.324489979348532,0.5394116164315634,53.94,0,High,7090.86,899,2026-09-30,2024-12-31
CUST-001522,Daniels and Sons,SMB,Professional Services,Active,False,25797.54,16527.34,17.0,0.0,0.0,1.437090899988736,2,1,18562.4,50.0,581,6.366470447731438,0.53881496002721,53.88,0,High,10001.7,900,2026-09-30,2024-12-31
CUST-000214,"Tapia, Vaughn and Lee",Mid-Market,Professional Services,Active,False,144426.3,90315.87,28.0,0.0,0.0,1.375998690618109,4,1,80739.62,75.0,1888,7.543802867501509,0.5387239587328047,53.87,0,High,43496.37,901,2026-09-30,2024-12-31
CUST-001546,Stephens LLC,SMB,Insurance,Active,False,24618.13,16292.11,24.0,1.0,100.0,1.704991882856693,3,2,22694.73,66.66666666666666,1034,6.942156705699469,0.5387104954008322,53.87,0,High,12225.89,902,2026-09-30,2024-12-31
CUST-001458,Taylor-Barry,Mid-Market,Technology,Active,False,253872.42,161508.18,41.0,1.0,100.0,1.343641277048541,5,2,157606.74,100.0,915,6.82001636467413,0.538599676285781,53.86,0,High,84886.94,903,2026-09-30,2024-12-31
CUST-000234,Arnold and Sons,SMB,Professional Services,Active,False,6481.26,4141.41,11.0,0.0,0.0,1.404388889146471,1,1,6620.96,100.0,1757,7.471932078245122,0.5381477955859276,53.81,0,High,3563.06,904,2026-09-30,2024-12-31
CUST-000651,Gill Ltd,SMB,Transportation,Active,False,7020.75,4342.87,12.0,0.0,0.0,1.6440953180082991,1,1,6618.28,100.0,1647,7.4073177104694174,0.5380233730681478,53.8,0,High,3560.79,905,2026-09-30,2024-12-31
CUST-000426,"Brown, Romero and Collins",Enterprise,Healthcare,Active,False,1032639.34,648923.81,55.0,0.0,0.0,1.2361613398011728,7,3,662759.77,85.71428571428571,1862,7.529943370601589,0.5378710641917548,53.79,0,High,356479.3,906,2026-09-30,2024-12-31
CUST-001169,"Jennings, Smith and Fisher",Mid-Market,Healthcare,Active,False,227044.07,144259.07,47.0,3.0,33.33333333333333,1.4345694859747726,5,3,164537.89,100.0,1662,7.416378479192928,0.5373656905024169,53.74,0,High,88417.02,907,2026-09-30,2024-12-31
CUST-002311,Hunt-Burns,Mid-Market,Telecommunications,Active,False,293234.97,180603.7,54.0,1.0,0.0,1.238796089825552,5,3,182909.03,80.0,833,6.726233402358747,0.536652704252767,53.67,0,High,98158.63,908,2026-09-30,2024-12-31
CUST-002381,"Wilson, Harris and Ward",Enterprise,Insurance,Active,False,400426.28,266589.14,19.0,5.0,80.0,1.1977654855894033,3,1,309027.25,100.0,866,6.7650389767805414,0.5362112232814924,53.62,0,High,165703.88,909,2026-09-30,2024-12-31
CUST-000105,Nolan-Flynn,SMB,Manufacturing,Active,False,22748.78,14287.72,24.0,0.0,0.0,1.2901060697559181,3,2,21891.57,66.66666666666666,1192,7.084226422097916,0.5357961578353768,53.58,0,High,11729.42,910,2026-09-30,2024-12-31
CUST-001561,Diaz PLC,Enterprise,Retail,Active,True,723297.46,461217.87,30.0,4.0,25.0,1.1010015452191233,3,3,836136.25,100.0,295,5.69035945432406,0.5351388210963683,53.51,0,High,447448.97,911,2026-09-30,2024-12-31
CUST-001577,Kirk-Gutierrez,Mid-Market,Energy,Active,False,148009.76,96076.26,30.0,1.0,0.0,1.1029513969722815,3,3,166545.82,100.0,281,5.641907070938114,0.5349906788924194,53.5,0,High,89100.46,912,2026-09-30,2024-12-31
CUST-002437,Tucker-Moody,SMB,Energy,Active,False,19326.92,11785.23,12.0,0.0,0.0,1.294459162917651,1,1,18713.86,100.0,1020,6.928537818164665,0.5348786184039902,53.49,0,High,10009.64,913,2026-09-30,2024-12-31
CUST-002525,"Reid, Ferguson and Sanchez",SMB,Energy,Active,False,34118.92,20790.61,24.0,0.0,0.0,1.296014221230764,2,2,32520.15,100.0,504,6.22455842927536,0.5344650109353708,53.45,0,High,17380.88,914,2026-09-30,2024-12-31
CUST-002550,"Reid, Ferguson and Sanchez",SMB,Energy,Active,False,34118.92,20790.61,24.0,0.0,0.0,1.296014221230764,2,2,32520.15,100.0,504,6.22455842927536,0.5344650109353708,53.45,0,High,17380.88,915,2026-09-30,2024-12-31
CUST-000820,Goodwin-Stokes,Mid-Market,Energy,Active,False,207928.05,129710.65,36.0,2.0,50.0,1.3584044749961732,5,3,194032.49,80.0,1398,7.243512974665482,0.5340103585248565,53.4,0,High,103615.36,916,2026-09-30,2024-12-31
CUST-001697,"Aguirre, Franklin and Snyder",Mid-Market,Transportation,Active,False,105258.37,66271.41,24.0,1.0,0.0,1.147709956062523,4,2,99843.43,100.0,2030,7.616283561580385,0.5337278651533945,53.37,0,High,53289.22,917,2026-09-30,2024-12-31
CUST-001624,"Webb, Blair and Thomas",Mid-Market,Telecommunications,Active,False,74464.15,47433.55,12.0,1.0,0.0,0.8186260197207574,4,1,68962.8,50.0,1234,7.118826249062078,0.5329833482289222,53.3,0,High,36756.02,918,2026-09-30,2024-12-31
CUST-000868,"Stanton, Reid and Terry",Mid-Market,Technology,Active,False,136466.62,87446.52,24.0,2.0,100.0,1.3038511432467288,4,2,126026.04,100.0,1478,7.2991214627108,0.5313012944753541,53.13,0,High,66957.8,919,2026-09-30,2024-12-31
CUST-002006,Miller and Sons,Mid-Market,Transportation,Active,True,234884.44,151602.73,36.0,3.0,33.33333333333333,1.531620675437783,3,3,222427.41,100.0,574,6.354370040797351,0.5311787481482837,53.12,0,High,118148.71,920,2026-09-30,2024-12-31
CUST-001285,Robertson-Hicks,SMB,Professional Services,Active,False,38660.87,23255.73,34.0,0.0,0.0,1.246425851573907,3,2,20485.01,66.66666666666666,403,6.0014148779611505,0.530883824570179,53.09,0,High,10875.16,921,2026-09-30,2024-12-31
CUST-000263,Martinez-Dudley,SMB,Manufacturing,Active,False,11486.85,7381.45,10.0,1.0,0.0,1.875285150693755,1,1,12805.73,100.0,291,5.676753802268282,0.5305722578865881,53.06,0,High,6794.37,922,2026-09-30,2024-12-31
CUST-000238,"Hall, Baker and Moody",Mid-Market,Telecommunications,Active,False,58913.84,39267.08,12.0,3.0,33.33333333333333,1.4483369108214794,2,1,56231.31,100.0,1339,7.200424892944957,0.5304709431867373,53.05,0,High,29829.08,923,2026-09-30,2024-12-31
CUST-002399,Barnes-Blackwell,Enterprise,Banking,Active,False,1063926.94,652008.3,50.0,3.0,66.66666666666666,1.393841140996218,6,2,455902.4,100.0,1798,7.4949862339505335,0.5303996727949903,53.04,0,High,241810.48,924,2026-09-30,2024-12-31
CUST-000712,Tran-Silva,SMB,Transportation,Active,False,33271.71,20861.74,24.0,2.0,50.0,1.2991084680526046,2,2,32107.77,100.0,1303,7.1731917424865985,0.5301721771325392,53.02,0,High,17022.65,925,2026-09-30,2024-12-31
CUST-001559,Duncan Group,Mid-Market,Media,Active,False,165976.33,101429.9,26.0,0.0,0.0,1.5917338644438548,5,2,149897.82,80.0,1386,7.234898420314831,0.5300629233865195,53.01,0,High,79455.28,926,2026-09-30,2024-12-31
CUST-001229,"Morgan, Sherman and Williams",SMB,Professional Services,Active,False,29737.76,18248.01,23.0,1.0,100.0,1.3459796867763452,3,1,18431.3,66.66666666666666,806,6.693323668269949,0.5287090274595877,52.87,0,High,9744.79,927,2026-09-30,2024-12-31
CUST-000130,Cortez LLC,Mid-Market,Telecommunications,Active,True,237577.45,148870.86,38.0,0.0,0.0,1.2906504387993187,5,2,143147.13,80.0,890,6.792344427470809,0.5283938584920045,52.84,0,High,75638.06,928,2026-09-30,2024-12-31
CUST-001377,Winters PLC,SMB,Professional Services,Active,False,39532.65,24760.47,28.0,0.0,0.0,1.1757764977091798,3,2,32936.27,33.33333333333333,1094,6.9985096422506015,0.5283385371082403,52.83,0,High,17401.5,929,2026-09-30,2024-12-31
CUST-002376,"Munoz, Garcia and Williams",Enterprise,Retail,Active,True,1199486.2,739528.54,58.0,3.0,66.66666666666666,1.3499336366899892,7,4,1001289.84,71.42857142857143,1263,7.142036574706803,0.5281567701862099,52.82,0,High,528838.01,930,2026-09-30,2024-12-31
CUST-001989,Wolfe-Salazar,Mid-Market,Banking,Active,False,273724.17,172801.24,39.0,3.0,33.33333333333333,1.3580862465051322,5,3,251844.06,80.0,820,6.710523109452428,0.5280452520247978,52.8,0,High,132985.06,931,2026-09-30,2024-12-31
CUST-001835,Jackson-Neal,Enterprise,Banking,Active,True,740374.82,484271.59,33.0,0.0,0.0,1.3365360986387087,6,1,227708.38,83.33333333333334,1892,7.545918151209323,0.5279060235357577,52.79,0,High,120208.63,932,2026-09-30,2024-12-31
CUST-000131,"Parker, Ortiz and Powell",Mid-Market,Technology,Active,True,110779.73,71076.71,24.0,3.0,66.66666666666666,1.2441100643717673,5,2,105414.23,100.0,1803,7.4977617006225685,0.5276961486374487,52.77,0,High,55626.68,933,2026-09-30,2024-12-31
CUST-001162,"Wagner, Martinez and Dawson",Mid-Market,Retail,Active,False,81225.64,52493.57,12.0,0.0,0.0,1.3432248582906936,2,1,80230.57,50.0,1601,7.379008127628304,0.5275426421875493,52.75,0,High,42325.05,934,2026-09-30,2024-12-31
CUST-000359,"Turner, Schneider and Johnson",SMB,Energy,Active,False,23135.51,14661.47,19.0,0.0,0.0,1.1733929677861699,2,1,15344.48,50.0,526,6.267200548541362,0.5272509527255561,52.73,0,High,8090.39,935,2026-09-30,2024-12-31
CUST-001451,Haynes-Watson,Enterprise,Transportation,Active,False,925792.85,593106.37,46.0,3.0,66.66666666666666,1.2959919488028508,7,2,496099.72,85.71428571428571,1894,7.546974117516527,0.5271578098801935,52.72,0,High,261522.84,936,2026-09-30,2024-12-31
CUST-001793,"Wise, Gray and Snyder",SMB,Insurance,Active,False,17118.27,10672.76,17.0,0.0,0.0,1.3748244935384968,2,1,10562.21,100.0,606,6.408528791059498,0.5264225256281921,52.64,0,High,5560.19,937,2026-09-30,2024-12-31
CUST-002228,Ruiz-Gutierrez,Enterprise,Media,Active,True,1196607.0,692025.69,38.0,1.0,100.0,1.1443046519869196,6,2,857652.71,50.0,1709,7.444248649496705,0.5263138386009725,52.63,0,High,451394.49,938,2026-09-30,2024-12-31
CUST-000478,"Bentley, Lynch and Henderson",SMB,Manufacturing,Active,True,10226.36,5807.99,11.0,2.0,100.0,1.6616394825536969,1,1,10312.62,100.0,1919,7.560080465021827,0.526140123826385,52.61,0,High,5425.88,939,2026-09-30,2024-12-31
CUST-000206,Freeman-Chang,SMB,Banking,Active,False,20981.56,13939.25,12.0,0.0,0.0,1.6864218335244443,2,1,19477.86,50.0,1357,7.213768308118642,0.5260106556885661,52.6,0,High,10245.56,940,2026-09-30,2024-12-31
CUST-000732,"Hernandez, Lee and Fox",SMB,Education,Active,False,40439.67,25837.35,29.0,0.0,0.0,1.5914127522942345,3,2,33826.19,100.0,1294,7.166265974133638,0.5252578985245192,52.53,0,High,17767.47,941,2026-09-30,2024-12-31
CUST-001952,Watkins-Nguyen,SMB,Insurance,Active,False,8978.44,5304.07,12.0,0.0,0.0,1.3033522400860917,1,1,8757.69,100.0,1721,7.451241684987676,0.5251405491756228,52.51,0,High,4599.02,942,2026-09-30,2024-12-31
CUST-001756,"Edwards, Lane and Collins",SMB,Education,Active,False,10903.53,6958.42,12.0,0.0,0.0,1.2921900464873248,1,1,10271.63,100.0,851,6.747586526829315,0.5249218452317173,52.49,0,High,5391.8,943,2026-09-30,2024-12-31
CUST-000545,"Jacobson, Singleton and King",SMB,Transportation,Active,False,13590.87,8298.71,11.0,0.0,0.0,1.3935069631249835,1,1,13962.38,100.0,332,5.808142489980444,0.5241946736931383,52.42,0,High,7319.01,944,2026-09-30,2024-12-31
CUST-000551,"Baker, Clark and Armstrong",SMB,Energy,Active,False,29427.2,18990.27,19.0,0.0,0.0,1.373762293652057,2,1,17095.7,100.0,1995,7.59890045687141,0.5240989258733008,52.41,0,High,8959.84,945,2026-09-30,2024-12-31
CUST-000208,Davis and Sons,SMB,Professional Services,Active,False,24670.17,14913.57,19.0,1.0,100.0,1.4450985268421017,2,1,16510.29,100.0,993,6.901737206656574,0.5238373841033309,52.38,0,High,8648.71,946,2026-09-30,2024-12-31
CUST-002184,"Patel, Mendez and Hammond",SMB,Insurance,Active,False,18768.72,12274.13,21.0,0.0,0.0,1.2385335671346764,2,2,21228.23,100.0,741,6.60934924316738,0.5237376084907542,52.37,0,High,11118.02,947,2026-09-30,2024-12-31
CUST-002349,Mccoy Ltd,Mid-Market,Professional Services,Active,False,162187.21,103982.09,34.0,2.0,50.0,1.3011739427589963,4,2,109951.27,75.0,1504,7.316548177182976,0.5232792855907158,52.33,0,High,57535.22,948,2026-09-30,2024-12-31
CUST-000201,"Barnett, Rogers and Snyder",Mid-Market,Retail,Active,False,204724.09,123680.39,48.0,2.0,100.0,1.3770682684468547,5,4,194421.55,60.0,850,6.7464121285733745,0.5232666318384435,52.33,0,High,101734.31,949,2026-09-30,2024-12-31
CUST-002423,Coleman and Sons,Mid-Market,Telecommunications,Active,True,382763.01,240019.29,56.0,3.0,100.0,1.3479945904161186,5,4,281919.93,80.0,539,6.29156913955832,0.5230895821025575,52.31,0,High,147469.38,950,2026-09-30,2024-12-31
CUST-001652,Acosta LLC,SMB,Banking,Active,False,33402.05,21159.73,24.0,1.0,100.0,1.2634154670877529,2,2,31884.24,100.0,1565,7.356279876550748,0.5226901769743767,52.27,0,High,16665.58,951,2026-09-30,2024-12-31
CUST-000600,Fox-Edwards,Mid-Market,Insurance,Active,True,198117.45,123100.81,25.0,0.0,0.0,1.1433047609089628,3,2,181923.06,100.0,723,6.584791392385716,0.5224472971242029,52.24,0,High,95045.21,952,2026-09-30,2024-12-31
CUST-001893,Ortega LLC,Mid-Market,Transportation,Active,False,59669.54,36664.83,15.0,0.0,0.0,1.8016697842563,2,1,46632.76,100.0,667,6.504288173536645,0.5222927155009263,52.23,0,High,24355.95,953,2026-09-30,2024-12-31
CUST-001527,Boyd and Sons,SMB,Retail,Active,False,10389.36,6990.39,12.0,0.0,0.0,1.5560918768064558,1,1,9661.03,0.0,695,6.54534966033442,0.5221169117195231,52.21,0,High,5044.19,954,2026-09-30,2024-12-31
CUST-000102,"Patterson, Smith and Jones",Mid-Market,Education,Active,False,134856.56,82641.95,20.0,3.0,66.66666666666666,1.2605796139449865,3,1,79646.93,66.66666666666666,1581,7.366445148327599,0.5215705728106044,52.16,0,High,41541.49,955,2026-09-30,2024-12-31
CUST-002196,Nelson Inc,SMB,Professional Services,Active,False,24835.74,16419.17,24.0,0.0,0.0,1.174716178360048,3,2,23415.78,33.33333333333333,760,6.634633357861686,0.5214481948518542,52.14,0,High,12210.12,956,2026-09-30,2024-12-31
CUST-000787,Maldonado PLC,SMB,Retail,Active,False,9384.68,5686.12,12.0,0.0,0.0,1.7002380428859594,1,1,9088.63,100.0,1374,7.226209010100671,0.5212777159210963,52.13,0,High,4737.7,957,2026-09-30,2024-12-31
CUST-002319,Evans-Joyce,SMB,Banking,Active,True,24218.76,15343.2,22.0,0.0,0.0,1.5240273211803705,2,2,24927.5,100.0,310,5.739792912179234,0.5208781180859894,52.09,0,High,12984.19,958,2026-09-30,2024-12-31
CUST-001440,"Melton, Henry and Joyce",SMB,Energy,Active,False,52962.97,34285.2,36.0,0.0,0.0,1.239961716743266,3,3,49589.28,66.66666666666666,2078,7.639642287858013,0.5208466422063172,52.08,0,High,25828.41,959,2026-09-30,2024-12-31
CUST-000013,Arnold Ltd,SMB,Retail,Active,False,13169.03,7993.98,12.0,1.0,100.0,1.277463890384189,1,1,12075.6,100.0,1556,7.350516171833998,0.5207441379892371,52.07,0,High,6288.3,960,2026-09-30,2024-12-31
CUST-002479,Miller-Fields,Mid-Market,Technology,Active,False,230016.59,145398.05,48.0,1.0,100.0,1.3731699045793748,5,3,163895.16,80.0,918,6.823286122355687,0.5204358685293001,52.04,0,High,85296.92,961,2026-09-30,2024-12-31
CUST-000926,"Logan, Le and Jackson",Enterprise,Retail,Active,False,926127.36,567775.75,50.0,0.0,0.0,1.384500056527732,5,3,630346.27,60.0,525,6.26530121273771,0.519927999356833,51.99,0,High,327734.68,962,2026-09-30,2024-12-31
CUST-001841,York LLC,SMB,Professional Services,Active,False,17862.43,9781.24,10.0,0.0,0.0,1.2175860443187176,1,1,20089.58,100.0,1365,7.2196420401307355,0.519833484057664,51.98,0,High,10443.24,963,2026-09-30,2024-12-31
CUST-001015,"Stark, Schroeder and Mathis",Mid-Market,Media,Active,True,159157.75,103296.89,23.0,2.0,50.0,1.0136244040951363,4,1,99088.58,25.0,1237,7.121252453244542,0.5196321275671685,51.96,0,High,51489.61,964,2026-09-30,2024-12-31
CUST-001188,"Adams, Quinn and Watson",Enterprise,Manufacturing,Active,False,1442278.99,936723.06,58.0,5.0,80.0,1.3949819161592234,7,5,1406455.8,100.0,1938,7.569927655242652,0.5193843785056004,51.94,0,High,730491.17,965,2026-09-30,2024-12-31
CUST-000793,Ewing-Mendoza,Enterprise,Transportation,Active,True,960414.68,574202.9,40.0,1.0,100.0,1.3657727394454533,5,2,544277.8,100.0,1406,7.249215057114389,0.5190829317369436,51.91,0,High,282525.32,966,2026-09-30,2024-12-31
CUST-000573,Luna-Gallagher,Enterprise,Energy,Active,False,1015930.46,656532.57,52.0,3.0,33.33333333333333,1.1281334451890872,7,2,393708.91,100.0,1612,7.385851078125209,0.51845525691498,51.85,0,High,204120.45,967,2026-09-30,2024-12-31
CUST-001173,Campbell Inc,Enterprise,Retail,Active,True,1465898.38,893912.93,51.0,2.0,50.0,1.3282285445771418,7,3,1039778.7,85.71428571428571,2054,7.628031126930335,0.5184308257652125,51.84,0,High,539053.33,968,2026-09-30,2024-12-31
CUST-001100,Hill Group,Mid-Market,Media,Active,False,372273.05,234936.94,60.0,0.0,0.0,1.1771501494565244,5,4,269631.01,80.0,369,5.91350300563827,0.5178009545385265,51.78,0,High,139615.19,969,2026-09-30,2024-12-31
CUST-002340,Horton and Sons,Mid-Market,Manufacturing,Active,True,115203.96,73582.53,21.0,2.0,100.0,1.3810107512300136,5,1,70270.09,60.0,1174,7.069023426578259,0.5176533225081955,51.77,0,High,36375.55,970,2026-09-30,2024-12-31
CUST-002302,Yates-Manning,Strategic,Energy,Active,True,5598762.29,3737696.91,64.0,6.0,66.66666666666666,1.3441925938904713,9,4,3934378.53,88.88888888888889,1863,7.530479995245536,0.5172841861563103,51.73,0,High,2035191.8,971,2026-09-30,2024-12-31
CUST-001114,Stevens-Robinson,SMB,Technology,Active,False,14187.95,8872.4,16.0,0.0,0.0,1.125412699172209,2,1,8719.78,50.0,1260,7.13966033596492,0.5169635961221787,51.7,0,High,4507.81,972,2026-09-30,2024-12-31
CUST-000696,Rivera Inc,Mid-Market,Manufacturing,Active,False,138004.13,85614.99,38.0,0.0,0.0,1.4369912766471233,5,3,118029.4,80.0,703,6.556778356158042,0.516302569603241,51.63,0,High,60938.88,973,2026-09-30,2024-12-31
CUST-001751,"Haney, Harris and Johnson",Strategic,Media,Active,True,4025081.63,2499055.95,46.0,4.0,50.0,1.2392786736820558,6,2,1688592.15,66.66666666666666,1478,7.2991214627108,0.5157042614438591,51.57,0,High,870814.17,974,2026-09-30,2024-12-31
CUST-001953,Burgess LLC,Mid-Market,Media,Active,False,148519.75,91332.56,19.0,0.0,0.0,1.0718150098758816,3,1,94095.45,66.66666666666666,1193,7.085064293952548,0.5150003907586523,51.5,0,High,48459.19,975,2026-09-30,2024-12-31
CUST-002504,Davis and Sons,Mid-Market,Professional Services,Active,False,228634.2,144268.95,42.0,0.0,0.0,1.2716385923681466,5,3,177664.16,100.0,1772,7.480428306074208,0.514993236854062,51.5,0,High,91495.84,976,2026-09-30,2024-12-31
CUST-002416,"Zhang, Cunningham and Kline",Mid-Market,Telecommunications,Active,False,113195.97,73543.96,24.0,1.0,0.0,1.3164129057659322,2,2,109921.94,100.0,1612,7.385851078125209,0.5137702866670288,51.38,0,High,56474.63,977,2026-09-30,2024-12-31
CUST-001196,Carr-Huffman,Mid-Market,Healthcare,Active,False,136649.65,93111.93,19.0,0.0,0.0,1.529398795241278,5,1,86599.05,60.0,1403,7.247080584585756,0.5126071500125399,51.26,0,High,44391.29,978,2026-09-30,2024-12-31
CUST-001255,Molina Inc,Enterprise,Manufacturing,Active,True,855107.99,510128.97,34.0,4.0,75.0,1.1476191074238842,7,2,576137.79,85.71428571428571,1224,7.110696122978827,0.5124921197727532,51.25,0,High,295266.08,979,2026-09-30,2024-12-31
CUST-000049,Hickman Ltd,Enterprise,Retail,Active,False,736622.33,472545.99,32.0,0.0,0.0,1.195545980548815,6,2,504150.53,83.33333333333334,1218,7.105786129481271,0.5119269792017892,51.19,0,High,258088.26,980,2026-09-30,2024-12-31
CUST-000029,"Ross, Robinson and Bright",SMB,Education,Active,False,10825.67,6871.49,12.0,1.0,100.0,0.9207112618344304,2,1,10706.98,0.0,1257,7.1372784372603855,0.511796836364438,51.18,0,High,5479.8,981,2026-09-30,2024-12-31
CUST-002097,"Palmer, Brown and Wilson",Mid-Market,Banking,Active,False,149062.98,89778.67,30.0,2.0,100.0,1.7197600110527682,5,1,48181.38,60.0,1218,7.105786129481271,0.5113330984443865,51.13,0,High,24636.73,982,2026-09-30,2024-12-31
CUST-001119,Rogers LLC,SMB,Energy,Active,False,27015.14,17366.3,22.0,0.0,0.0,1.2875910257183245,2,1,18119.74,100.0,446,6.102558594613569,0.5100146711575179,51.0,0,High,9241.33,983,2026-09-30,2024-12-31
CUST-000221,Garcia-Smith,Mid-Market,Media,Active,False,60302.04,37735.27,12.0,0.0,0.0,1.442773016285089,4,1,57055.54,75.0,1075,6.98100574072173,0.5098280684665458,50.98,0,High,29088.52,984,2026-09-30,2024-12-31
CUST-000910,"Fisher, Payne and Thompson",Mid-Market,Energy,Active,False,151368.96,99412.48,26.0,1.0,100.0,1.060110199682102,4,1,72403.8,75.0,771,6.648984550024776,0.5094908533866287,50.95,0,High,36889.07,985,2026-09-30,2024-12-31
CUST-000370,Edwards-Scott,Mid-Market,Banking,Active,False,127941.58,79291.14,24.0,2.0,50.0,1.1526210722318075,2,2,122800.48,100.0,1484,7.3031700512368,0.5083152946436135,50.83,0,High,62421.36,986,2026-09-30,2024-12-31
CUST-001510,Walsh PLC,Mid-Market,Manufacturing,Active,True,85544.07,54152.67,17.0,1.0,0.0,1.5081999805191253,3,1,63357.09,100.0,1892,7.545918151209323,0.5080395799912961,50.8,0,High,32187.91,987,2026-09-30,2024-12-31
CUST-000728,"Arnold, Smith and Moreno",Enterprise,Media,Active,False,1190668.56,744032.77,53.0,4.0,75.0,1.217068285245879,7,3,775020.74,85.71428571428571,1903,7.55171221535131,0.5077710250195568,50.78,0,High,393533.08,988,2026-09-30,2024-12-31
CUST-000869,Flynn Group,Mid-Market,Manufacturing,Active,True,166530.5,104084.6,29.0,0.0,0.0,1.3194899860797087,4,2,137306.0,100.0,1157,7.05444965813294,0.5053824974712773,50.54,0,High,69392.05,989,2026-09-30,2024-12-31
CUST-001995,Castro and Sons,Enterprise,Professional Services,Active,False,727229.27,458677.67,33.0,0.0,0.0,1.1337838273670218,6,1,344916.7,83.33333333333334,2079,7.640123172695364,0.5051566694322299,50.52,0,High,174236.97,990,2026-09-30,2024-12-31
CUST-001714,Rose-Warren,SMB,Media,Active,False,35186.22,22406.08,22.0,0.0,0.0,1.4145636777377208,3,2,37928.27,33.33333333333333,997,6.905753276311464,0.5044967976639669,50.45,0,High,19134.69,991,2026-09-30,2024-12-31
CUST-001769,Edwards-Roth,Mid-Market,Technology,Active,False,222292.56,137164.36,45.0,1.0,100.0,1.2193544503064646,5,3,171254.66,100.0,761,6.635946555686647,0.5041096634313756,50.41,0,High,86331.13,992,2026-09-30,2024-12-31
CUST-000025,"Walter, Edwards and Rios",Mid-Market,Banking,Active,True,118975.04,75783.17,23.0,0.0,0.0,1.0823961481800326,3,1,76050.68,66.66666666666666,1406,7.249215057114389,0.5035559657220422,50.36,0,High,38295.77,993,2026-09-30,2024-12-31
CUST-000055,Jones Inc,Enterprise,Technology,Active,True,1141056.89,725919.42,53.0,5.0,80.0,1.473077120701528,6,2,547461.25,100.0,1055,6.962243464266207,0.5035153137271522,50.35,0,High,275655.12,994,2026-09-30,2024-12-31
CUST-001333,Hammond-Lewis,SMB,Healthcare,Active,False,32229.33,20865.49,24.0,1.0,100.0,1.1976227201144616,2,2,30437.12,100.0,708,6.5638555265321274,0.5028790347797494,50.29,0,High,15306.19,995,2026-09-30,2024-12-31
CUST-001286,Williams-Villanueva,SMB,Professional Services,Active,False,15201.23,9456.63,12.0,0.0,0.0,1.2079399291065627,1,1,14507.26,100.0,362,5.8944028342648505,0.5020383339444782,50.2,0,High,7283.2,996,2026-09-30,2024-12-31
CUST-002288,"Macdonald, Willis and Silva",Strategic,Energy,Active,True,5981062.24,3823975.1,66.0,4.0,100.0,1.1895021480274495,8,5,5190808.26,87.5,881,6.782192056006791,0.5016336657309077,50.16,0,High,2603884.18,997,2026-09-30,2024-12-31
CUST-002438,Bowers Group,Enterprise,Technology,Active,False,1960876.53,1228342.99,82.0,3.0,66.66666666666666,1.31739596105003,7,6,1556920.76,71.42857142857143,441,6.091309882077698,0.5015248947947235,50.15,0,High,780834.52,998,2026-09-30,2024-12-31
CUST-000893,Jones PLC,Enterprise,Professional Services,Active,True,776585.56,494051.11,33.0,3.0,33.33333333333333,1.2502098991844774,5,1,163898.04,100.0,1613,7.3864708488298945,0.5012129095581588,50.12,0,High,82147.81,999,2026-09-30,2024-12-31
CUST-000586,Richardson Ltd,Enterprise,Education,Active,False,1114278.01,703526.53,40.0,0.0,0.0,1.2977637060049512,5,2,607780.43,100.0,1057,6.964135612418245,0.5012120738225191,50.12,0,High,304626.89,1000,2026-09-30,2024-12-31
CUST-001375,Valenzuela-Greene,SMB,Technology,Active,False,46308.07,28709.45,33.0,1.0,100.0,1.1299448989690875,3,2,37411.93,100.0,809,6.697034247666484,0.5000235284432893,50.0,0,High,18706.85,1001,2026-09-30,2024-12-31
CUST-001215,Gutierrez-Hawkins,SMB,Telecommunications,Active,True,23794.96,13965.77,12.0,0.0,0.0,0.9040524308262913,1,1,21669.36,100.0,1819,7.506591780070841,0.4998460143921962,49.98,0,High,10831.34,1002,2026-09-30,2024-12-31
CUST-001762,"Flores, Thomas and Bush",Mid-Market,Banking,Active,False,112657.08,70853.9,19.0,1.0,0.0,1.2677555778700051,2,1,65794.69,100.0,532,6.278521424165844,0.49912147157914694,49.91,0,High,32839.54,1003,2026-09-30,2024-12-31
CUST-002183,"Hayden, Harmon and Mcdonald",Mid-Market,Media,Active,False,107848.38,71509.85,16.0,0.0,0.0,1.4069625262210383,3,1,74510.95,0.0,1240,7.123672785204607,0.49907897934557716,49.91,0,High,37186.85,1004,2026-09-30,2024-12-31
CUST-000506,Morrison-Short,Mid-Market,Manufacturing,Active,False,162806.7,102260.32,30.0,3.0,33.33333333333333,1.5527226722548455,4,2,133556.35,75.0,1640,7.403061091090091,0.4987468258369023,49.87,0,High,66610.81,1005,2026-09-30,2024-12-31
CUST-001789,Wilson-Carlson,SMB,Energy,Active,False,30808.72,20467.78,28.0,2.0,0.0,1.1546583606993206,3,2,23873.75,66.66666666666666,622,6.434546518787453,0.4980426949961269,49.8,0,High,11890.15,1006,2026-09-30,2024-12-31
CUST-001691,White Ltd,SMB,Manufacturing,Active,False,30879.82,18980.52,22.0,0.0,0.0,1.3056705564046007,2,1,19732.44,50.0,1371,7.22402480828583,0.49735836914502135,49.74,0,High,9814.09,1007,2026-09-30,2024-12-31
CUST-000601,Stevens PLC,Mid-Market,Retail,Active,False,117284.47,73861.82,24.0,1.0,100.0,1.2649465012010914,3,2,110569.29,100.0,1367,7.221105098182496,0.49697378504368533,49.7,0,High,54950.04,1008,2026-09-30,2024-12-31
CUST-001988,Schmidt-Phillips,Mid-Market,Professional Services,Active,False,335116.36,213166.88,50.0,0.0,0.0,1.02360396886331,5,4,298360.84,80.0,1540,7.340186835320115,0.496626473554649,49.66,0,High,148173.89,1009,2026-09-30,2024-12-31
CUST-000549,"Morgan, Bradshaw and Williams",Mid-Market,Energy,Active,False,118014.96,72511.93,36.0,2.0,50.0,1.1287491974931674,3,1,30436.16,100.0,380,5.942799375126701,0.4948970739533859,49.49,0,High,15062.77,1010,2026-09-30,2024-12-31
CUST-001181,"Jones, Cummings and Conway",Mid-Market,Energy,Active,False,112222.7,74016.71,21.0,2.0,50.0,1.1976957149825327,4,1,50506.75,100.0,1333,7.195937226475569,0.49347472271291365,49.35,0,High,24923.8,1011,2026-09-30,2024-12-31
CUST-000421,Marshall-Elliott,Mid-Market,Professional Services,Active,False,168933.75,109936.95,24.0,1.0,100.0,1.268078815089136,3,1,80039.15,66.66666666666666,751,6.62273632394984,0.49331643136929626,49.33,0,High,39484.63,1012,2026-09-30,2024-12-31
CUST-002335,Stevens-Sullivan,Mid-Market,Media,Active,True,161372.3,104605.63,23.0,0.0,0.0,1.4833596443494128,2,2,161162.19,100.0,1518,7.325807502595773,0.4931329098005921,49.31,0,High,79474.38,1013,2026-09-30,2024-12-31
CUST-000622,Morris-Brewer,SMB,Technology,Active,False,27110.47,16625.69,18.0,1.0,100.0,1.4324238834835257,2,1,18733.0,50.0,1040,6.947937068614969,0.49272792411478755,49.27,0,High,9230.27,1014,2026-09-30,2024-12-31
CUST-000860,"Martinez, Cline and Wright",Mid-Market,Manufacturing,Active,False,98956.37,59384.63,14.0,1.0,0.0,1.1858187634870794,2,1,83408.69,50.0,1436,7.270312886079025,0.49257291084582416,49.26,0,High,41084.86,1015,2026-09-30,2024-12-31
CUST-000119,May-Ross,Mid-Market,Healthcare,Active,False,113188.34,72536.73,26.0,3.0,100.0,1.4502781211100986,4,2,86622.35,100.0,1987,7.59488438721652,0.4921442502743805,49.21,0,High,42630.69,1016,2026-09-30,2024-12-31
CUST-002350,Petty-Allison,SMB,Education,Active,True,7367.28,4482.63,12.0,1.0,100.0,1.5039041170689091,1,1,7030.58,100.0,1018,6.926577033222725,0.4918749541790759,49.19,0,High,3458.17,1017,2026-09-30,2024-12-31
CUST-002166,Stokes Inc,SMB,Technology,Active,False,35556.0,22356.92,33.0,0.0,0.0,1.350246732746484,3,3,36648.09,100.0,312,5.746203190540153,0.4913239387967072,49.13,0,High,18006.08,1018,2026-09-30,2024-12-31
CUST-000693,"Thomas, Ford and Brown",SMB,Technology,Active,True,38749.52,24564.97,32.0,0.0,0.0,1.428754918466364,3,2,26929.59,66.66666666666666,510,6.236369590203704,0.4911846287318079,49.12,0,High,13227.4,1019,2026-09-30,2024-12-31
CUST-001745,Brooks Inc,SMB,Transportation,Active,False,27355.6,17686.35,24.0,1.0,100.0,1.1117952091895364,2,2,26032.43,50.0,1489,7.306531398939505,0.49047929869956997,49.05,0,High,12768.37,1020,2026-09-30,2024-12-31
CUST-000304,Jones LLC,Enterprise,Technology,Active,False,1542335.33,972061.19,71.0,4.0,50.0,1.3210050694861823,7,5,1148432.71,71.42857142857143,2006,7.604396348796338,0.4898025996881687,48.98,0,High,562505.33,1021,2026-09-30,2024-12-31
CUST-000566,"Edwards, Hines and Jimenez",SMB,Professional Services,Active,False,12824.87,8420.3,12.0,1.0,100.0,0.9821286945487231,1,1,11942.09,100.0,641,6.464588303689961,0.48947404376369047,48.95,0,High,5845.34,1022,2026-09-30,2024-12-31
CUST-001202,"Marks, Stone and Watts",SMB,Manufacturing,Active,False,20762.62,13651.71,12.0,0.0,0.0,1.17635549903397,1,1,20007.23,100.0,1621,7.3914152346753585,0.48859593885009467,48.86,0,High,9775.45,1023,2026-09-30,2024-12-31
CUST-001587,Moore-Baker,SMB,Healthcare,Active,False,27792.05,18244.14,34.0,0.0,0.0,1.32163203205048,3,3,27139.87,33.33333333333333,340,5.831882477283517,0.48813497555944224,48.81,0,High,13247.92,1024,2026-09-30,2024-12-31
CUST-000802,"Burgess, Grant and Watts",SMB,Insurance,Active,True,30130.68,18004.28,22.0,0.0,0.0,1.366632873398677,2,2,30695.8,100.0,313,5.749392985908253,0.4870869255640653,48.71,0,High,14951.52,1025,2026-09-30,2024-12-31
CUST-001043,Bush-Reynolds,Enterprise,Professional Services,Active,True,1235085.06,785449.95,56.0,2.0,50.0,1.4506964147877797,6,3,888551.99,83.33333333333334,1156,7.053585727193677,0.4863185007801177,48.63,0,High,432119.27,1026,2026-09-30,2024-12-31
CUST-002111,Zavala-Coleman,Mid-Market,Media,Active,False,80450.16,49741.2,24.0,0.0,0.0,1.428167890731448,2,2,76961.53,100.0,1212,7.10085190894405,0.48599821488751127,48.6,0,High,37403.17,1027,2026-09-30,2024-12-31
CUST-000500,Kelly-Norman,SMB,Professional Services,Active,True,24680.07,15317.68,12.0,0.0,0.0,1.8333387934488694,1,1,23833.06,100.0,1360,7.215975002651466,0.4853050120096018,48.53,0,High,11566.3,1028,2026-09-30,2024-12-31
CUST-001274,Bowers LLC,SMB,Energy,Active,False,17493.01,10957.58,25.0,1.0,100.0,1.1983163781307633,3,2,15649.42,66.66666666666666,720,6.580639137284949,0.48487047618528395,48.49,0,High,7587.94,1029,2026-09-30,2024-12-31
CUST-001351,"Valdez, Houston and Black",Enterprise,Insurance,Active,True,1118556.23,688792.28,43.0,2.0,100.0,1.1421143662170448,7,1,244009.69,100.0,1690,7.43307534889858,0.48434894503909,48.43,0,High,118185.84,1030,2026-09-30,2024-12-31
CUST-002383,"Harrell, Moore and Cox",SMB,Telecommunications,Active,False,12078.86,7218.07,13.0,0.0,0.0,1.3388556709343133,3,1,10085.56,66.66666666666666,1455,7.283448228756631,0.4837244586386169,48.37,0,High,4878.63,1031,2026-09-30,2024-12-31
CUST-001543,Howard-Taylor,Mid-Market,Transportation,Active,True,240490.35,155677.64,36.0,1.0,100.0,1.1022536862037182,5,3,232131.46,100.0,901,6.804614520062624,0.48320208822376276,48.32,0,High,112166.41,1032,2026-09-30,2024-12-31
CUST-001673,Stone Group,Strategic,Education,Active,True,4861938.95,3084114.46,51.0,6.0,33.33333333333333,1.287533667594675,5,4,4436859.91,80.0,647,6.473890696352274,0.48285959792244804,48.29,0,High,2142380.39,1033,2026-09-30,2024-12-31
CUST-001012,"Robinson, Fox and Smith",Enterprise,Manufacturing,Active,True,995408.84,634312.31,45.0,0.0,0.0,1.4136959191533582,5,2,400014.87,100.0,1294,7.166265974133638,0.4828195664107112,48.28,0,High,193135.01,1034,2026-09-30,2024-12-31
CUST-002348,"Gallegos, Myers and Cook",Mid-Market,Education,Active,False,175045.94,109004.88,24.0,0.0,0.0,1.0332059818564154,2,2,168259.89,100.0,363,5.8971538676367405,0.4827626336311107,48.28,0,High,81229.59,1035,2026-09-30,2024-12-31
CUST-000046,Spence PLC,Mid-Market,Banking,Active,False,266179.38,168047.54,36.0,0.0,0.0,1.314284179560265,3,2,157033.11,100.0,366,5.905361848054571,0.4823075070938178,48.23,0,High,75738.25,1036,2026-09-30,2024-12-31
CUST-000520,"Richardson, Edwards and Ramirez",SMB,Telecommunications,Active,True,25051.72,15715.18,13.0,0.0,0.0,1.1511086912786141,2,1,22780.39,100.0,1688,7.4318919168078,0.48164580721847094,48.16,0,High,10972.08,1037,2026-09-30,2024-12-31
CUST-000395,"Ramos, Nelson and Fischer",Mid-Market,Insurance,Active,False,78508.03,50215.75,19.0,1.0,100.0,1.4017828009881905,2,1,41492.37,100.0,524,6.263398262591624,0.481413762585052,48.14,0,High,19975.0,1038,2026-09-30,2024-12-31
CUST-001591,"Warner, Weiss and Davis",SMB,Professional Services,Active,True,38124.67,22463.23,24.0,0.0,0.0,1.4041896548079567,2,2,35740.65,50.0,1617,7.388946097618437,0.48095958028550245,48.1,0,High,17189.81,1039,2026-09-30,2024-12-31
CUST-000692,Atkinson LLC,SMB,Education,Active,False,46353.65,28924.1,34.0,0.0,0.0,1.5044577634732739,3,3,45462.95,66.66666666666666,461,6.135564891081739,0.48028734813425533,48.03,0,High,21835.28,1040,2026-09-30,2024-12-31
CUST-000369,Perry-Davis,SMB,Education,Active,False,29910.02,20083.05,24.0,1.0,100.0,1.495312269723044,2,2,28463.5,50.0,1031,6.939253946041508,0.479486052835554,47.95,0,High,13647.85,1041,2026-09-30,2024-12-31
CUST-002485,Nelson-King,Enterprise,Healthcare,Active,True,660086.39,419438.81,30.0,4.0,50.0,1.3379293600069775,5,2,489413.55,80.0,927,6.833031732786201,0.4770696443923628,47.71,0,High,233484.35,1042,2026-09-30,2024-12-31
CUST-001352,Kaufman-Walker,Mid-Market,Telecommunications,Active,False,196834.83,125313.4,46.0,2.0,50.0,1.3156671495965273,4,3,126589.41,50.0,1644,7.405495663199472,0.4768091839010209,47.68,0,High,60358.99,1043,2026-09-30,2024-12-31
CUST-002158,Wright Ltd,Mid-Market,Transportation,Active,False,137126.15,85963.06,22.0,0.0,0.0,1.5431317171303214,5,2,143723.41,100.0,1143,7.042286171939743,0.47637395425258433,47.64,0,High,68466.09,1044,2026-09-30,2024-12-31
CUST-001887,"Vasquez, Thomas and Mack",Mid-Market,Transportation,Active,False,75889.01,46767.81,24.0,1.0,100.0,1.2286586144629212,2,1,33993.37,50.0,1036,6.9440872082295275,0.47634806745309044,47.63,0,High,16192.68,1045,2026-09-30,2024-12-31
CUST-001771,Bradley-Davis,Mid-Market,Media,Active,False,112608.2,67114.3,24.0,0.0,0.0,1.5142563096837167,4,2,108017.97,100.0,1433,7.2682230211595655,0.4761220030459801,47.61,0,High,51429.73,1046,2026-09-30,2024-12-31
CUST-000073,Henderson-Bernard,SMB,Healthcare,Active,False,7173.7,4448.61,12.0,0.0,0.0,1.2185163534129604,1,1,6795.07,100.0,652,6.481577129276431,0.47600203215514436,47.6,0,High,3234.47,1047,2026-09-30,2024-12-31
CUST-000533,Johnson-Spencer,SMB,Manufacturing,Active,True,28054.47,17137.02,23.0,0.0,0.0,1.3168818875378443,3,2,27198.82,66.66666666666666,1033,6.9411900550683745,0.47507655848665215,47.51,0,High,12921.52,1048,2026-09-30,2024-12-31
CUST-000753,Davis and Sons,SMB,Media,Active,False,25955.27,16023.34,22.0,0.0,0.0,1.2285628767153127,2,2,26721.11,50.0,1459,7.286191714702382,0.47452571532833665,47.45,0,High,12679.85,1049,2026-09-30,2024-12-31
CUST-000355,"Fisher, Wilson and Brown",SMB,Telecommunications,Active,True,41814.56,27005.24,31.0,0.0,0.0,1.364066972314395,3,2,29164.03,100.0,1288,7.161622002939187,0.47443886641428434,47.44,0,High,13836.55,1050,2026-09-30,2024-12-31
CUST-002295,Hood and Sons,SMB,Retail,Active,False,31517.41,20081.15,33.0,0.0,0.0,1.2657163874994095,3,3,31864.93,66.66666666666666,403,6.0014148779611505,0.47441068458484176,47.44,0,High,15117.06,1051,2026-09-30,2024-12-31
CUST-000521,Johnson and Sons,SMB,Telecommunications,Active,False,24933.19,15886.3,22.0,0.0,0.0,1.4606992445656546,2,2,25338.66,100.0,1100,7.00397413672268,0.47402495781291076,47.4,0,High,12011.16,1052,2026-09-30,2024-12-31
CUST-000305,"Evans, Hayden and Vaughn",Strategic,Banking,Active,False,2976396.08,1844413.36,44.0,2.0,100.0,1.5585015469358332,6,2,1627194.64,50.0,1132,7.0326242610280065,0.47385265961393397,47.39,0,High,771050.51,1053,2026-09-30,2024-12-31
CUST-000051,"Brooks, Lam and Hayes",Enterprise,Retail,Active,False,983706.39,615321.77,42.0,7.0,71.42857142857143,1.2531900160933922,4,3,770436.25,75.0,564,6.336825731146441,0.473591841000279,47.36,0,High,364872.32,1054,2026-09-30,2024-12-31
CUST-001473,Welch-Duncan,SMB,Professional Services,Active,False,21478.23,13276.93,28.0,0.0,0.0,1.2937993684920448,3,2,14383.14,66.66666666666666,608,6.411818267709897,0.47352735413156993,47.35,0,High,6810.81,1055,2026-09-30,2024-12-31
CUST-001550,"Hunter, Gross and Andrade",Enterprise,Manufacturing,Active,True,975600.98,591512.32,38.0,1.0,0.0,1.4165682970373117,5,2,630473.82,60.0,1115,7.017506142941256,0.4725306003179929,47.25,0,High,297918.17,1056,2026-09-30,2024-12-31
CUST-001386,Lane Inc,Enterprise,Retail,Active,True,1097689.64,718952.01,36.0,5.0,60.0,1.3918197127904035,3,3,1057008.79,100.0,1309,7.177782416195197,0.47150236240855037,47.15,0,High,498382.14,1057,2026-09-30,2024-12-31
CUST-000701,Turner-Stout,Mid-Market,Transportation,Active,False,149090.61,96089.31,31.0,0.0,0.0,1.404987196424603,3,2,114562.72,33.33333333333333,543,6.298949246855942,0.4713496172148933,47.13,0,High,53999.09,1058,2026-09-30,2024-12-31
CUST-001646,"Anderson, Delgado and Carpenter",Mid-Market,Manufacturing,Active,False,68392.98,45527.29,14.0,2.0,50.0,1.4156369072442527,5,1,51539.65,80.0,1730,7.456454555176209,0.4712870781523057,47.13,0,High,24289.97,1059,2026-09-30,2024-12-31
CUST-000232,"Choi, Garcia and Farmer",SMB,Professional Services,Active,False,13602.09,8708.28,12.0,2.0,100.0,1.787903887224212,1,1,12554.96,100.0,1929,7.5652752818989315,0.470604058086319,47.06,0,High,5908.42,1060,2026-09-30,2024-12-31
CUST-000443,"Hale, Myers and Larson",SMB,Healthcare,Active,True,28858.1,18984.69,24.0,0.0,0.0,1.1134251779993225,2,2,26982.44,50.0,642,6.466144724237619,0.47030056861975367,47.03,0,High,12689.86,1061,2026-09-30,2024-12-31
CUST-002172,Davies-Morales,Mid-Market,Telecommunications,Active,False,181528.14,115964.06,33.0,4.0,75.0,1.3001240652423827,3,2,141262.43,66.66666666666666,1325,7.189922170745808,0.46994681169342145,46.99,0,High,66385.83,1062,2026-09-30,2024-12-31
CUST-000405,Graham Group,Mid-Market,Professional Services,Active,False,129442.26,82124.75,24.0,1.0,0.0,1.192104068066097,2,2,124021.75,100.0,1234,7.118826249062078,0.46932726570837957,46.93,0,High,58206.79,1063,2026-09-30,2024-12-31
CUST-002022,Joseph LLC,SMB,Telecommunications,Active,False,20938.58,12693.5,15.0,0.0,0.0,1.6478513468868101,3,1,18652.92,100.0,1838,7.516977224604321,0.46869024060477066,46.87,0,Medium,8742.44,1064,2026-09-30,2024-12-31
CUST-001596,"Delgado, Guzman and Smith",Enterprise,Technology,Active,False,872502.88,543849.66,45.0,3.0,0.0,1.404016461084161,4,3,614476.34,100.0,826,6.717804695023691,0.46838747813946296,46.84,0,Medium,287813.02,1065,2026-09-30,2024-12-31
CUST-002191,Mcdaniel-Young,SMB,Media,Active,False,16294.1,9795.35,15.0,0.0,0.0,1.5328377533708366,2,1,11814.4,0.0,2019,7.61085279039525,0.4682769035299036,46.83,0,Medium,5532.41,1066,2026-09-30,2024-12-31
CUST-001441,"Ramirez, Walker and Ray",Mid-Market,Transportation,Active,False,207486.18,132681.61,38.0,2.0,100.0,1.1659075167515127,5,2,135357.69,80.0,1435,7.269616749608169,0.46826744332107,46.83,0,Medium,63383.6,1067,2026-09-30,2024-12-31
CUST-000212,King-Martinez,Mid-Market,Manufacturing,Active,False,101648.52,65215.59,15.0,1.0,0.0,1.3979212959293499,2,1,81472.7,100.0,1153,7.050989447068045,0.4676934959545639,46.77,0,Medium,38104.25,1068,2026-09-30,2024-12-31
CUST-001891,Waters-Smith,Mid-Market,Insurance,Active,False,152098.82,98607.33,36.0,0.0,0.0,1.2521593872103847,5,3,141796.04,60.0,1425,7.262628600974241,0.4671562519274706,46.72,0,Medium,66240.91,1069,2026-09-30,2024-12-31
CUST-000081,"Sanchez, Wheeler and Harvey",Enterprise,Banking,Active,True,1431018.91,901235.6,58.0,2.0,50.0,1.354263114299739,7,5,1395412.86,28.57142857142857,994,6.902742737158593,0.46714172629029266,46.71,0,Medium,651855.57,1070,2026-09-30,2024-12-31
CUST-000079,Jones Inc,Mid-Market,Banking,Active,False,98657.2,64856.76,26.0,0.0,0.0,1.5147911985147102,5,2,86607.6,60.0,1726,7.454141078146678,0.4670843078710076,46.71,0,Medium,40453.05,1071,2026-09-30,2024-12-31
CUST-001917,"Smith, Meadows and Montgomery",SMB,Healthcare,Active,False,50436.18,30889.49,36.0,0.0,0.0,1.2896336044637668,3,3,47552.08,100.0,598,6.395261598115449,0.4667174444052019,46.67,0,Medium,22193.39,1072,2026-09-30,2024-12-31
CUST-002161,Jackson-Ryan,Enterprise,Banking,Active,True,856661.77,525891.86,36.0,1.0,0.0,1.3081471411894618,6,2,483964.89,83.33333333333334,1333,7.195937226475569,0.46664809438981497,46.66,0,Medium,225841.29,1073,2026-09-30,2024-12-31
CUST-002447,"Nguyen, Marsh and Beck",Mid-Market,Education,Active,False,175115.02,110999.47,32.0,0.0,0.0,1.41674414657759,4,2,128035.24,100.0,631,6.448889394146858,0.4664260831028994,46.64,0,Medium,59718.98,1074,2026-09-30,2024-12-31
CUST-001603,Duncan-Williams,SMB,Energy,Active,False,20165.69,13613.34,12.0,0.0,0.0,1.7635120490236647,2,1,18756.11,100.0,849,6.745236349484363,0.46638216285623696,46.64,0,Medium,8747.52,1075,2026-09-30,2024-12-31
CUST-000658,Chavez PLC,Mid-Market,Retail,Active,False,85806.81,52751.77,12.0,1.0,100.0,1.3682690372222315,5,1,81464.29,100.0,1093,6.9975959829819265,0.4663281676761582,46.63,0,Medium,37989.09,1076,2026-09-30,2024-12-31
CUST-002301,Solis LLC,Mid-Market,Transportation,Active,False,213697.07,134755.39,36.0,0.0,0.0,1.3700467528814373,5,3,205591.3,80.0,1981,7.591861714889934,0.46627944080630906,46.63,0,Medium,95863.0,1077,2026-09-30,2024-12-31
CUST-001213,West-Wilson,SMB,Banking,Active,False,8023.09,5081.94,12.0,0.0,0.0,1.212350378486344,1,1,7615.5,0.0,1062,6.968850378341948,0.46607038549786567,46.61,0,Medium,3549.36,1078,2026-09-30,2024-12-31
CUST-000845,Adams PLC,Mid-Market,Professional Services,Active,False,154105.42,94252.18,21.0,0.0,0.0,1.3729099863572232,5,1,89316.97,100.0,1563,7.355001921105257,0.4655851073484541,46.56,0,Medium,41584.65,1079,2026-09-30,2024-12-31
CUST-000373,Reynolds Ltd,Mid-Market,Media,Active,False,201521.16,131913.12,29.0,0.0,0.0,1.4355384879513717,3,2,162380.05,100.0,588,6.3784261836515865,0.46474850563804126,46.47,0,Medium,75465.89,1080,2026-09-30,2024-12-31
CUST-002188,"Cannon, Richard and Jenkins",SMB,Insurance,Active,False,46446.12,30625.92,36.0,0.0,0.0,1.1560595164405365,3,3,43366.46,33.33333333333333,1892,7.545918151209323,0.4641126273052484,46.41,0,Medium,20126.92,1081,2026-09-30,2024-12-31
CUST-000827,"Mccarthy, Evans and Mendez",SMB,Manufacturing,Active,False,19299.92,11351.58,12.0,0.0,0.0,1.732050760249549,2,1,17511.62,50.0,1837,7.516433302915632,0.4632264284659685,46.32,0,Medium,8111.85,1082,2026-09-30,2024-12-31
CUST-000089,Suarez LLC,Mid-Market,Media,Active,False,259026.2,159666.37,41.0,0.0,0.0,1.1761931694532792,5,2,148328.84,60.0,1545,7.343426229147367,0.46287480532370484,46.29,0,Medium,68657.68,1083,2026-09-30,2024-12-31
CUST-000128,Diaz Inc,Mid-Market,Healthcare,Active,False,153445.19,93774.05,34.0,1.0,0.0,1.1382027602349192,4,2,113096.99,75.0,1439,7.272398392570047,0.46251782519190743,46.25,0,Medium,52309.37,1084,2026-09-30,2024-12-31
CUST-000026,Wilkerson-Day,Mid-Market,Banking,Active,True,84302.88,51381.03,12.0,1.0,100.0,1.3406948581884206,2,1,84058.84,100.0,806,6.693323668269949,0.46184364130999983,46.18,0,Medium,38822.04,1085,2026-09-30,2024-12-31
CUST-001254,Vaughn LLC,SMB,Technology,Active,False,13075.43,8718.2,12.0,1.0,100.0,1.5584334842144711,2,1,13006.16,100.0,1311,7.179307969504034,0.4614786568919836,46.15,0,Medium,6002.07,1086,2026-09-30,2024-12-31
CUST-000223,Sheppard LLC,SMB,Telecommunications,Active,False,25883.97,16674.72,24.0,3.0,100.0,1.4026066201121608,3,2,24501.49,66.66666666666666,1026,6.934397209928558,0.4607619320547225,46.08,0,Medium,11289.35,1087,2026-09-30,2024-12-31
CUST-001170,Bates LLC,SMB,Telecommunications,Active,False,25591.25,14937.61,24.0,0.0,0.0,1.267682967582883,2,2,24073.02,100.0,2085,7.643003635560718,0.460753733361784,46.08,0,Medium,11091.73,1088,2026-09-30,2024-12-31
CUST-002152,Jensen-Gomez,Mid-Market,Professional Services,Active,False,152416.56,94488.83,33.0,0.0,0.0,1.3358509980101292,5,2,95060.89,100.0,1343,7.203405521083095,0.4607149715180464,46.07,0,Medium,43795.98,1089,2026-09-30,2024-12-31
CUST-000944,Murphy-Tran,Mid-Market,Professional Services,Active,False,73894.14,48250.9,19.0,0.0,0.0,1.1374271110791159,2,1,31427.68,100.0,1124,7.025538314638521,0.4605773593461474,46.06,0,Medium,14474.88,1090,2026-09-30,2024-12-31
CUST-001713,Neal LLC,SMB,Transportation,Active,False,18686.62,11113.35,15.0,1.0,100.0,1.4219832945919104,3,1,12126.25,100.0,1384,7.233455418621439,0.4601324825372001,46.01,0,Medium,5579.68,1091,2026-09-30,2024-12-31
CUST-001555,Rodriguez-Mills,Mid-Market,Energy,Active,True,185680.61,117236.91,36.0,0.0,0.0,1.259070189311131,3,3,175310.59,100.0,652,6.481577129276431,0.459864037564059,45.99,0,Medium,80619.04,1092,2026-09-30,2024-12-31
CUST-002354,Hall-Brown,Mid-Market,Banking,Active,False,112426.67,72282.53,22.0,0.0,0.0,1.5054961178594095,3,2,115451.96,100.0,1726,7.454141078146678,0.45935618733303474,45.94,0,Medium,53033.57,1093,2026-09-30,2024-12-31
CUST-001796,Guerrero Group,Mid-Market,Insurance,Active,False,185048.16,115728.65,34.0,0.0,0.0,1.481621604919377,4,2,117172.8,100.0,997,6.905753276311464,0.4592205220846685,45.92,0,Medium,53808.15,1094,2026-09-30,2024-12-31
CUST-002317,"Moore, Simpson and Soto",Mid-Market,Technology,Active,False,60851.83,38279.82,17.0,0.0,0.0,1.3126924762352163,2,1,33811.59,50.0,1469,7.293017679772782,0.4590023461548185,45.9,0,Medium,15519.6,1095,2026-09-30,2024-12-31
CUST-000517,Reyes-Bradley,SMB,Telecommunications,Active,False,12160.08,7203.84,10.0,0.0,0.0,0.9682005045912682,1,1,14025.63,100.0,282,5.645446897643238,0.45898591817682044,45.9,0,Medium,6437.57,1096,2026-09-30,2024-12-31
CUST-001975,Quinn-Gordon,Enterprise,Insurance,Active,False,1271461.34,795568.64,60.0,1.0,0.0,1.2383085278620294,5,4,1052409.85,80.0,487,6.1903154058531475,0.4587895632587048,45.88,0,Medium,482834.66,1097,2026-09-30,2024-12-31
CUST-000907,Cruz-Allen,Enterprise,Technology,Active,False,740766.67,470030.38,30.0,2.0,0.0,1.058615706090564,7,2,513320.4,85.71428571428571,1491,7.307872780763706,0.4586796586722486,45.87,0,Medium,235449.63,1098,2026-09-30,2024-12-31
CUST-000289,"Miller, Murphy and Craig",Mid-Market,Manufacturing,Active,False,83729.36,54615.77,12.0,0.0,0.0,1.8354241060548306,2,1,79525.96,100.0,1412,7.253470382684528,0.4583316925840274,45.83,0,Medium,36449.27,1099,2026-09-30,2024-12-31
CUST-002410,"Vargas, Allen and Schroeder",SMB,Technology,Active,False,10669.56,7210.15,15.0,2.0,50.0,1.3673248866477392,2,1,6606.18,50.0,984,6.892641641172089,0.4583206133864159,45.83,0,Medium,3027.75,1100,2026-09-30,2024-12-31
CUST-000966,Owens-Russell,SMB,Technology,Active,False,42979.04,27161.02,34.0,2.0,50.0,1.1761252205381276,3,3,43431.2,100.0,347,5.8522024797744745,0.45784494403929843,45.78,0,Medium,19884.76,1101,2026-09-30,2024-12-31
CUST-001097,"Johnson, Lee and Whitaker",Mid-Market,Professional Services,Active,False,206933.15,125421.55,30.0,1.0,100.0,1.234576221816052,4,2,159434.86,75.0,1476,7.29776828253138,0.4575870556478066,45.76,0,Medium,72955.33,1102,2026-09-30,2024-12-31
CUST-000540,Humphrey PLC,Mid-Market,Banking,Active,True,371556.88,230600.52,55.0,1.0,100.0,1.2296223315107884,5,4,327796.93,100.0,546,6.304448802421981,0.457353091164079,45.74,0,Medium,149918.94,1103,2026-09-30,2024-12-31
CUST-000635,Gibbs-Bradley,SMB,Healthcare,Active,False,17572.64,11394.91,12.0,1.0,100.0,1.7149689827492143,2,1,16638.99,100.0,1285,7.1592919047975645,0.45665568124922873,45.67,0,Medium,7598.29,1104,2026-09-30,2024-12-31
CUST-000303,Santana-Byrd,Mid-Market,Manufacturing,Active,False,294756.27,178970.92,45.0,1.0,100.0,1.1741319818357263,4,2,143565.25,75.0,446,6.102558594613569,0.4558759979459291,45.59,0,Medium,65447.95,1105,2026-09-30,2024-12-31
CUST-000608,"Hill, Martinez and Rhodes",Mid-Market,Energy,Active,True,58539.85,36153.39,12.0,0.0,0.0,0.8944020345776271,2,1,54842.24,100.0,2023,7.6128310304073565,0.4554605468757308,45.55,0,Medium,24978.48,1106,2026-09-30,2024-12-31
CUST-000004,Davis and Sons,Mid-Market,Professional Services,Active,False,123935.06,78873.54,22.0,2.0,50.0,1.2702558808605515,4,1,65341.65,100.0,1772,7.480428306074208,0.4554065814276943,45.54,0,Medium,29757.02,1107,2026-09-30,2024-12-31
CUST-000298,Schmidt PLC,SMB,Energy,Active,False,45863.34,28501.41,36.0,0.0,0.0,1.427570012636154,3,3,43861.13,66.66666666666666,547,6.306275286948016,0.45499611877877705,45.5,0,Medium,19956.64,1108,2026-09-30,2024-12-31
CUST-000865,Robertson-Ramirez,Mid-Market,Technology,Active,False,279666.2,174231.26,60.0,1.0,0.0,1.3165203009579314,5,5,264134.9,100.0,737,6.6039438246004725,0.45472655607668805,45.47,0,Medium,120109.15,1109,2026-09-30,2024-12-31
CUST-001104,"Arnold, Cooper and Monroe",Mid-Market,Media,Active,False,205584.12,124320.72,46.0,1.0,100.0,1.4437823994904038,5,2,95534.25,80.0,1274,7.150701457592526,0.45461496883116037,45.46,0,Medium,43431.3,1110,2026-09-30,2024-12-31
CUST-000769,Smith-Gutierrez,Enterprise,Insurance,Active,False,712546.23,452289.26,33.0,3.0,0.0,1.3045702726768362,5,1,241392.59,100.0,1173,7.068172000388042,0.4540712628259071,45.41,0,Medium,109609.44,1111,2026-09-30,2024-12-31
CUST-000616,Sanchez Ltd,Mid-Market,Energy,Active,False,323515.67,206760.93,43.0,0.0,0.0,1.2347385331835465,4,3,268597.64,75.0,1642,7.404279118037268,0.45358207868084444,45.36,0,Medium,121831.08,1112,2026-09-30,2024-12-31
CUST-001922,Wilson PLC,Mid-Market,Media,Active,False,95906.89,58205.18,12.0,2.0,50.0,1.2552219904453419,2,1,88414.45,50.0,2057,7.629489916393995,0.45252276625337745,45.25,0,Medium,40009.55,1113,2026-09-30,2024-12-31
CUST-002233,"Johnson, Williams and May",Enterprise,Energy,Active,True,1038582.66,667321.17,42.0,3.0,100.0,1.195968243641744,7,3,853134.66,57.14285714285714,1086,6.99117688712121,0.45161515255951745,45.16,0,Medium,385288.54,1114,2026-09-30,2024-12-31
CUST-001767,White-Carlson,Mid-Market,Education,Active,False,178019.76,109176.27,29.0,0.0,0.0,1.4095617720552778,4,2,145500.01,100.0,1085,6.990256500493881,0.45154102382568423,45.15,0,Medium,65699.22,1115,2026-09-30,2024-12-31
CUST-000438,"Williams, Mccoy and Cook",Mid-Market,Media,Active,False,159190.91,100921.68,23.0,0.0,0.0,1.310151918410619,3,1,78420.28,100.0,1945,7.57353126274595,0.45119024377623956,45.12,0,Medium,35382.47,1116,2026-09-30,2024-12-31
CUST-001214,Mcgee-Smith,Mid-Market,Telecommunications,Active,False,155298.61,98148.87,20.0,0.0,0.0,1.1284828846112602,5,1,86430.55,80.0,1318,7.1846291527173145,0.45111780904205884,45.11,0,Medium,38990.36,1117,2026-09-30,2024-12-31
CUST-000970,"Terry, Williams and Huff",SMB,Professional Services,Active,False,27294.72,17694.26,23.0,0.0,0.0,1.0744454241415948,2,2,27200.91,100.0,1528,7.332369205929062,0.45062824794997625,45.06,0,Medium,12257.5,1118,2026-09-30,2024-12-31
CUST-001019,Conner-Yu,Mid-Market,Media,Active,True,301092.63,194756.92,48.0,0.0,0.0,1.4347073957139282,5,4,290438.36,60.0,691,6.539585955617669,0.4497067164439836,44.97,0,Medium,130612.08,1119,2026-09-30,2024-12-31
CUST-000292,Young Ltd,Mid-Market,Transportation,Active,True,302698.63,193747.45,48.0,1.0,100.0,1.1398048570437591,4,4,281554.81,75.0,345,5.846438775057725,0.44934689056624977,44.93,0,Medium,126515.78,1120,2026-09-30,2024-12-31
CUST-001619,"Mcintosh, Melton and Wilkins",Mid-Market,Retail,Active,True,101902.15,66283.75,24.0,2.0,0.0,1.454653164597224,2,2,96603.16,100.0,403,6.0014148779611505,0.44864316861949644,44.86,0,Medium,43340.35,1121,2026-09-30,2024-12-31
CUST-000243,Gonzales-Harrison,Mid-Market,Retail,Active,False,360291.07,227413.31,48.0,1.0,100.0,1.1373661518356237,4,4,344720.8,100.0,355,5.87493073085203,0.44853098488850635,44.85,0,Medium,154617.96,1122,2026-09-30,2024-12-31
CUST-002232,"Daniel, Kelley and Murphy",Strategic,Insurance,Active,True,7485507.82,4548190.63,71.0,8.0,37.5,1.3663995711891752,6,4,4626855.58,83.33333333333334,372,5.921578419643816,0.44836088254050116,44.84,0,Medium,2074501.05,1123,2026-09-30,2024-12-31
CUST-001820,Perez-Coleman,Mid-Market,Education,Active,False,58090.2,36420.99,11.0,2.0,50.0,1.2907494263543837,2,1,57287.52,100.0,1871,7.534762657037537,0.44788926995382455,44.79,0,Medium,25658.47,1124,2026-09-30,2024-12-31
CUST-000990,Holland Group,Mid-Market,Healthcare,Active,False,195344.83,123200.81,44.0,1.0,100.0,1.272212686964183,5,3,166296.64,80.0,1001,6.90975328164481,0.4477495328550874,44.77,0,Medium,74459.24,1125,2026-09-30,2024-12-31
CUST-001665,Newton and Sons,Mid-Market,Manufacturing,Active,False,203585.37,130432.14,48.0,2.0,100.0,1.2052530933690007,5,4,189789.82,100.0,950,6.85751406254539,0.4462782997919961,44.63,0,Medium,84699.08,1126,2026-09-30,2024-12-31
CUST-002125,"Schaefer, Levine and Brown",SMB,Energy,Active,False,14330.8,8902.47,13.0,1.0,100.0,1.2837789042320913,2,1,13108.72,100.0,1167,7.0630481633881725,0.44597493851721015,44.6,0,Medium,5846.16,1127,2026-09-30,2024-12-31
CUST-001426,Black-Smith,Strategic,Manufacturing,Active,True,9121717.26,5876516.93,108.0,6.0,83.33333333333334,1.2706895531100537,9,9,8553097.85,88.88888888888889,339,5.8289456176102075,0.4451096962960055,44.51,0,Medium,3807066.79,1128,2026-09-30,2024-12-31
CUST-002351,"Lane, Simon and Duarte",SMB,Energy,Active,False,40825.15,25795.53,36.0,0.0,0.0,1.4043806830602932,3,3,39463.67,66.66666666666666,590,6.3818160174060985,0.4449646002951902,44.5,0,Medium,17559.94,1129,2026-09-30,2024-12-31
CUST-000772,"James, Taylor and Turner",SMB,Energy,Active,False,13183.54,8341.41,10.0,0.0,0.0,1.6060192856837123,2,1,14754.64,50.0,1924,7.562681246721884,0.44478352375407404,44.48,0,Medium,6562.62,1130,2026-09-30,2024-12-31
CUST-001018,Daugherty Ltd,Mid-Market,Media,Active,False,339027.22,213493.2,60.0,2.0,0.0,1.1685151482129976,5,5,318902.12,40.0,364,5.8998973535824915,0.44394097804465255,44.39,0,Medium,141573.72,1131,2026-09-30,2024-12-31
CUST-001398,"Mann, Martin and Oconnell",SMB,Telecommunications,Active,False,31357.55,20510.56,24.0,0.0,0.0,0.9218472978008164,2,2,28993.48,100.0,2063,7.6324011266014535,0.44328861103605827,44.33,0,Medium,12852.48,1132,2026-09-30,2024-12-31
CUST-000396,Reed Inc,Mid-Market,Telecommunications,Active,False,122027.62,77845.59,22.0,1.0,0.0,1.2470907931062536,3,2,125895.09,100.0,1099,7.003065458786462,0.4426555900707832,44.27,0,Medium,55728.17,1133,2026-09-30,2024-12-31
CUST-000213,Stewart Ltd,SMB,Media,Active,False,52236.86,32122.81,36.0,1.0,100.0,1.284752711874366,3,3,49874.51,66.66666666666666,458,6.129050210060545,0.44256379370776483,44.26,0,Medium,22072.65,1134,2026-09-30,2024-12-31
CUST-001146,Johnston and Sons,Mid-Market,Banking,Active,True,118121.65,75136.93,26.0,0.0,0.0,1.2187157266832773,5,2,94038.06,80.0,710,6.566672429803241,0.4422666965731098,44.23,0,Medium,41589.9,1135,2026-09-30,2024-12-31
CUST-001347,Keith-Williams,Mid-Market,Technology,Active,False,123045.36,78526.52,22.0,0.0,0.0,1.551410518530599,3,1,65919.64,100.0,1929,7.5652752818989315,0.44198187756102586,44.2,0,Medium,29135.29,1136,2026-09-30,2024-12-31
CUST-001088,Ramirez-Vasquez,Enterprise,Banking,Active,False,1321234.27,846378.82,62.0,0.0,0.0,1.2164575887777112,7,5,1241471.42,71.42857142857143,1358,7.214504414151143,0.44174159228815263,44.17,0,Medium,548409.56,1137,2026-09-30,2024-12-31
CUST-001252,Adams and Sons,Mid-Market,Banking,Active,False,112708.4,71805.95,26.0,0.0,0.0,1.3408126095685926,4,2,96411.01,100.0,713,6.570882962339584,0.44108540561370446,44.11,0,Medium,42525.49,1138,2026-09-30,2024-12-31
CUST-000174,Lewis-Murphy,Enterprise,Manufacturing,Active,False,891302.63,574258.74,40.0,2.0,100.0,1.1045570382108587,5,2,490270.77,80.0,869,6.76849321164863,0.43968598834692457,43.97,0,Medium,215565.19,1139,2026-09-30,2024-12-31
CUST-002023,Mcpherson Ltd,Mid-Market,Banking,Active,False,165233.33,110949.21,21.0,3.0,66.66666666666666,1.4066463363163513,2,1,83840.88,100.0,1136,7.036148493750536,0.438134843085374,43.81,0,Medium,36733.61,1140,2026-09-30,2024-12-31
CUST-001154,Anderson-Reyes,Enterprise,Education,Active,False,839057.64,516714.45,43.0,3.0,100.0,1.5181408423373912,5,2,471884.36,80.0,830,6.7226297948554485,0.437899932308225,43.79,0,Medium,206638.13,1141,2026-09-30,2024-12-31
CUST-002316,Rhodes-Holland,Mid-Market,Transportation,Active,False,149662.15,91830.1,45.0,2.0,100.0,1.4937773678494495,4,3,109853.91,75.0,831,6.723832440821209,0.437137629243457,43.71,0,Medium,48021.28,1142,2026-09-30,2024-12-31
CUST-001943,Brown-Rodriguez,Enterprise,Telecommunications,Active,False,1030560.13,659468.18,45.0,1.0,0.0,1.153163323151574,4,1,362393.18,50.0,396,5.983936280687191,0.4367248678814198,43.67,0,Medium,158266.11,1143,2026-09-30,2024-12-31
CUST-001447,"Clark, Carpenter and Nguyen",SMB,Energy,Active,False,29933.9,19283.75,24.0,1.0,100.0,1.4389639799023424,3,2,28117.75,33.33333333333333,1226,7.112327444710911,0.4364960845292447,43.65,0,Medium,12273.29,1144,2026-09-30,2024-12-31
CUST-001692,Barnes LLC,SMB,Transportation,Active,False,9418.93,5917.05,12.0,1.0,100.0,1.4114574739616752,3,1,9067.61,66.66666666666666,1758,7.472500744737558,0.4364940189595029,43.65,0,Medium,3957.96,1145,2026-09-30,2024-12-31
CUST-002137,Reyes Ltd,Enterprise,Technology,Active,False,1113393.21,687571.87,54.0,1.0,0.0,1.413421733562809,6,3,612635.1,100.0,561,6.331501849893691,0.4363948000080953,43.64,0,Medium,267350.77,1146,2026-09-30,2024-12-31
CUST-002154,Anderson LLC,Mid-Market,Banking,Active,False,66245.4,41059.04,19.0,1.0,0.0,1.0388502572837344,2,1,42244.69,50.0,1756,7.471363088187097,0.4363047335983603,43.63,0,Medium,18431.56,1147,2026-09-30,2024-12-31
CUST-001141,Ortiz-Hudson,SMB,Professional Services,Active,False,34846.81,21362.26,34.0,0.0,0.0,1.1615010486333215,3,2,26652.46,66.66666666666666,443,6.095824562432225,0.4362979944626314,43.63,0,Medium,11628.41,1148,2026-09-30,2024-12-31
CUST-001672,Bryant-Rich,SMB,Education,Active,False,32415.77,18982.89,36.0,0.0,0.0,1.2680004536240932,3,3,31151.66,100.0,471,6.156978985585555,0.43475060278705974,43.48,0,Medium,13543.2,1149,2026-09-30,2024-12-31
CUST-000224,Wilson-Jones,Mid-Market,Education,Active,False,298385.34,191238.94,53.0,2.0,50.0,1.3059941290699346,5,4,246564.21,80.0,1299,7.170119543449628,0.4338150677814382,43.38,0,Medium,106963.27,1150,2026-09-30,2024-12-31
CUST-001637,Garrett-Young,SMB,Professional Services,Active,False,8779.54,5181.13,12.0,0.0,0.0,1.3711301440309,2,1,8194.91,100.0,1874,7.536363938404511,0.4328456509289071,43.28,0,Medium,3547.13,1151,2026-09-30,2024-12-31
CUST-001965,Robinson-Phillips,Mid-Market,Technology,Active,True,276198.13,171590.0,36.0,2.0,50.0,1.2769295721708565,5,2,179938.26,60.0,1157,7.05444965813294,0.43218025152657796,43.22,0,Medium,77765.76,1152,2026-09-30,2024-12-31
CUST-000191,Reed Group,Enterprise,Retail,Active,True,1669556.51,1034488.77,80.0,0.0,0.0,1.407974439772463,7,6,1359930.42,57.14285714285714,503,6.222576268071369,0.43053007537428356,43.05,0,Medium,585490.95,1153,2026-09-30,2024-12-31
CUST-002004,Marsh-Dougherty,SMB,Banking,Active,False,21596.17,13540.15,14.0,0.0,0.0,1.7629226162962592,2,1,16889.91,50.0,1012,6.920671504248683,0.4295161638009957,42.95,0,Medium,7254.49,1154,2026-09-30,2024-12-31
CUST-000290,"James, Stewart and Higgins",Mid-Market,Manufacturing,Active,False,214860.11,141028.32,34.0,0.0,0.0,1.2961986467967357,3,2,176352.94,66.66666666666666,1140,7.039660349862076,0.42854031495384326,42.85,0,Medium,75574.34,1155,2026-09-30,2024-12-31
CUST-002257,Williamson and Sons,Strategic,Manufacturing,Active,True,5344003.43,3262367.94,48.0,5.0,60.0,1.3607773129045315,6,2,2562471.58,83.33333333333334,705,6.559615237493242,0.4284874462754262,42.85,0,Medium,1097986.9,1156,2026-09-30,2024-12-31
CUST-001639,Zamora-Briggs,Enterprise,Retail,Active,False,739050.68,485628.84,32.0,3.0,66.66666666666666,1.3533905642430166,5,2,514796.68,80.0,1429,7.265429723253953,0.42825864424851284,42.83,0,Medium,220466.13,1157,2026-09-30,2024-12-31
CUST-001225,"Rodriguez, Prince and Vasquez",Strategic,Healthcare,Active,False,5527136.0,3441056.37,56.0,3.0,66.66666666666666,1.071595411784137,8,3,3142115.91,62.5,1851,7.524021415206125,0.42815065401835595,42.82,0,Medium,1345298.98,1158,2026-09-30,2024-12-31
CUST-002401,Smith-Ramirez,Mid-Market,Transportation,Active,False,227352.14,145874.44,45.0,0.0,0.0,1.1628897281431188,4,4,236110.7,100.0,708,6.5638555265321274,0.42782175802694705,42.78,0,Medium,101013.29,1159,2026-09-30,2024-12-31
CUST-002286,Oneill and Sons,Enterprise,Insurance,Active,True,311040.38,190451.38,18.0,5.0,60.0,1.3003681004868202,3,1,211633.01,33.33333333333333,1248,7.130098510125578,0.42754147365805556,42.75,0,Medium,90481.89,1160,2026-09-30,2024-12-31
CUST-000597,Salas-Fitzgerald,SMB,Energy,Active,False,24564.92,15674.54,15.0,1.0,100.0,1.0524969071826136,2,1,20136.24,50.0,998,6.906754778648554,0.42747505970125055,42.75,0,Medium,8607.74,1161,2026-09-30,2024-12-31
CUST-000554,Ballard Ltd,SMB,Insurance,Active,False,19123.07,12078.54,12.0,0.0,0.0,1.5918832144495232,1,1,17710.87,100.0,407,6.0112671744041615,0.42683378233723807,42.68,0,Medium,7559.6,1162,2026-09-30,2024-12-31
CUST-002086,Moon-Wilson,Mid-Market,Education,Active,False,216222.28,136040.25,36.0,1.0,0.0,1.4520429338989413,3,3,204645.13,66.66666666666666,696,6.546785410760524,0.42627637525049616,42.63,0,Medium,87235.38,1163,2026-09-30,2024-12-31
CUST-002312,Alvarez-Hart,SMB,Banking,Active,True,26239.08,16276.3,23.0,0.0,0.0,1.451782947838733,2,2,25498.75,50.0,456,6.124683390894205,0.4260956889585758,42.61,0,Medium,10864.91,1164,2026-09-30,2024-12-31
CUST-002064,White-Knox,Strategic,Insurance,Active,False,3223909.99,1983719.92,39.0,3.0,66.66666666666666,1.1171904868118436,7,1,494920.9,100.0,754,6.626717749249025,0.42583939221150824,42.58,0,Medium,210756.82,1165,2026-09-30,2024-12-31
CUST-000275,Monroe-Carpenter,Mid-Market,Education,Active,False,134491.04,85748.52,22.0,1.0,100.0,1.3024696519312058,2,1,62861.43,100.0,846,6.741700694652055,0.4257793682500789,42.58,0,Medium,26765.1,1166,2026-09-30,2024-12-31
CUST-001211,"Gray, Montoya and Miller",SMB,Insurance,Active,False,10936.32,6929.31,12.0,0.0,0.0,1.3935065356999752,1,1,10364.52,100.0,733,6.598509028614515,0.4257560868741244,42.58,0,Medium,4412.76,1167,2026-09-30,2024-12-31
CUST-001932,Smith and Sons,Enterprise,Media,Active,False,1114751.58,728707.29,36.0,1.0,0.0,1.4932677233598168,3,3,1055920.57,100.0,380,5.942799375126701,0.4253987519212428,42.54,0,Medium,449187.29,1168,2026-09-30,2024-12-31
CUST-001858,Roberts Group,Mid-Market,Energy,Active,False,78937.5,47820.93,21.0,2.0,100.0,1.1553678930667146,3,1,31866.6,100.0,1034,6.942156705699469,0.42508584665034316,42.51,0,Medium,13546.04,1169,2026-09-30,2024-12-31
CUST-000176,King-Miller,SMB,Technology,Active,False,23660.59,14621.95,24.0,0.0,0.0,1.516283722604974,2,2,22503.09,100.0,445,6.100318952020064,0.4246576174194088,42.47,0,Medium,9556.11,1170,2026-09-30,2024-12-31
CUST-000053,Chapman and Sons,Enterprise,Education,Active,True,1042685.37,670315.35,40.0,2.0,50.0,1.200072403070354,7,2,477203.25,85.71428571428571,2019,7.61085279039525,0.4246043534251617,42.46,0,Medium,202622.58,1171,2026-09-30,2024-12-31
CUST-002507,Doyle Ltd,SMB,Healthcare,Active,True,23804.85,14781.81,24.0,0.0,0.0,1.3716095911569937,3,2,21943.79,33.33333333333333,1907,7.553810852008231,0.4223750187816641,42.24,0,Medium,9268.51,1172,2026-09-30,2024-12-31
CUST-002532,Doyle Ltd,SMB,Healthcare,Active,True,23804.85,14781.81,24.0,0.0,0.0,1.3716095911569937,3,2,21943.79,33.33333333333333,1907,7.553810852008231,0.4223750187816641,42.24,0,Medium,9268.51,1173,2026-09-30,2024-12-31
CUST-000815,Hall-Sullivan,Mid-Market,Telecommunications,Active,False,146532.44,97439.9,24.0,2.0,0.0,1.3604327949089752,2,2,135795.06,100.0,336,5.820082930352362,0.42204381775625766,42.2,0,Medium,57311.47,1174,2026-09-30,2024-12-31
CUST-001605,Ayala-Anderson,Enterprise,Transportation,Active,True,998384.86,611126.45,28.0,3.0,66.66666666666666,1.289556856813727,5,2,895427.21,100.0,1864,7.5310163320779155,0.4218030406120512,42.18,0,Medium,377693.92,1175,2026-09-30,2024-12-31
CUST-001047,"Fernandez, Guerrero and Evans",SMB,Healthcare,Active,True,20117.73,12636.25,12.0,0.0,0.0,1.4339389509322822,1,1,19073.28,100.0,353,5.869296913133774,0.4215220565819732,42.15,0,Medium,8039.81,1176,2026-09-30,2024-12-31
CUST-001267,Lopez and Sons,Mid-Market,Telecommunications,Active,False,128351.2,79013.95,29.0,0.0,0.0,1.48968749440996,5,1,52623.39,100.0,1369,7.222566018822171,0.42140268333100717,42.14,0,Medium,22175.64,1177,2026-09-30,2024-12-31
CUST-001504,Wright-Espinoza,Mid-Market,Banking,Active,False,87516.59,54869.38,24.0,1.0,100.0,1.2693849407527353,3,2,82118.21,66.66666666666666,1606,7.382124365737512,0.4210133884790605,42.1,0,Medium,34572.87,1178,2026-09-30,2024-12-31
CUST-002353,"Garza, Carr and Gregory",Mid-Market,Energy,Active,False,173284.01,108217.15,24.0,2.0,0.0,1.221405861051736,2,2,166584.73,100.0,2001,7.601901959875166,0.4199295634754838,41.99,0,Medium,69953.85,1179,2026-09-30,2024-12-31
CUST-002187,Hernandez-Hernandez,Mid-Market,Retail,Active,False,108047.07,68934.89,22.0,2.0,100.0,1.1991421746462765,2,2,111557.65,50.0,848,6.744059186311348,0.41950684178958697,41.95,0,Medium,46799.2,1180,2026-09-30,2024-12-31
CUST-001718,"Abbott, Green and Andrews",SMB,Professional Services,Active,False,18038.81,10762.25,12.0,1.0,100.0,1.4234312517927346,2,1,16635.01,50.0,1438,7.271703706887368,0.41896879782092267,41.9,0,Medium,6969.55,1181,2026-09-30,2024-12-31
CUST-000711,Figueroa Inc,SMB,Healthcare,Active,False,26565.44,16828.91,24.0,1.0,100.0,1.365365324508759,3,2,25441.33,66.66666666666666,2034,7.618251097876695,0.41846169776404046,41.85,0,Medium,10646.22,1182,2026-09-30,2024-12-31
CUST-002071,Howard Inc,Strategic,Retail,Active,True,5040276.1,3093765.96,60.0,4.0,75.0,1.3720474340694278,6,6,5621729.13,83.33333333333334,286,5.659482215759621,0.41793492682645517,41.79,0,Medium,2349516.95,1183,2026-09-30,2024-12-31
CUST-001640,Raymond LLC,Mid-Market,Professional Services,Active,False,217870.68,138797.12,39.0,1.0,0.0,1.3005830665534406,5,3,194484.51,80.0,1947,7.5745584842024805,0.41771611025894323,41.77,0,Medium,81239.31,1184,2026-09-30,2024-12-31
CUST-000241,Jones and Sons,SMB,Healthcare,Active,False,7430.17,4633.32,12.0,0.0,0.0,0.8780925049520655,1,1,7065.82,0.0,1093,6.9975959829819265,0.417407456034101,41.74,0,Medium,2949.33,1185,2026-09-30,2024-12-31
CUST-001720,"Daniel, Jimenez and Morton",SMB,Education,Active,False,33967.77,21645.63,24.0,1.0,100.0,1.395120626828301,2,2,32426.29,100.0,2054,7.628031126930335,0.41598818937800447,41.6,0,Medium,13488.95,1186,2026-09-30,2024-12-31
CUST-001684,Holt-Meadows,SMB,Telecommunications,Active,False,29722.66,17940.63,22.0,1.0,100.0,1.3957611411072608,2,1,10940.51,100.0,1472,7.29505641646263,0.4159783700606143,41.6,0,Medium,4551.02,1187,2026-09-30,2024-12-31
CUST-001929,"Wood, Martin and Sanchez",SMB,Transportation,Active,False,13688.26,8959.23,15.0,1.0,100.0,1.7083843145437934,2,1,9479.45,100.0,1167,7.0630481633881725,0.41589958148238343,41.59,0,Medium,3942.5,1188,2026-09-30,2024-12-31
CUST-001724,"Duarte, Gutierrez and Cook",SMB,Energy,Active,False,50668.03,31271.96,36.0,0.0,0.0,1.1876746283020165,3,3,48939.31,100.0,670,6.508769136971682,0.4158791963340866,41.59,0,Medium,20352.84,1189,2026-09-30,2024-12-31
CUST-002413,Williams Ltd,Mid-Market,Media,Active,True,229459.57,145558.4,44.0,1.0,100.0,1.3026278564908824,5,3,193375.3,80.0,821,6.71174039505618,0.4144053435823229,41.44,0,Medium,80135.76,1190,2026-09-30,2024-12-31
CUST-000671,"Long, Anderson and Irwin",Strategic,Energy,Active,True,4352726.87,2684721.8,40.0,6.0,33.33333333333333,1.2738665266418727,5,3,3737469.32,80.0,720,6.580639137284949,0.4127730029725887,41.28,0,Medium,1542726.43,1191,2026-09-30,2024-12-31
CUST-001497,Diaz-Green,Mid-Market,Manufacturing,Active,False,105768.23,64948.86,24.0,2.0,50.0,1.1236393709595431,3,2,98680.69,66.66666666666666,1095,6.999422467507961,0.4122848043204428,41.23,0,Medium,40684.55,1192,2026-09-30,2024-12-31
CUST-002322,Palmer PLC,Mid-Market,Manufacturing,Active,False,104233.0,62248.5,13.0,0.0,0.0,1.075096224309925,4,1,94346.79,50.0,1256,7.136483208590247,0.41206190643791807,41.21,0,Medium,38876.72,1193,2026-09-30,2024-12-31
CUST-000977,Anderson Group,Strategic,Insurance,Active,False,6662474.11,4182885.82,70.0,3.0,33.33333333333333,1.3080668624165321,7,7,7543610.95,100.0,296,5.6937321388027,0.4117477965233391,41.17,0,Medium,3106065.19,1194,2026-09-30,2024-12-31
CUST-001324,Joseph Ltd,Mid-Market,Education,Active,False,195295.22,120886.76,24.0,0.0,0.0,1.0916544927944758,3,2,188666.2,100.0,1724,7.45298232946546,0.41134722411370606,41.13,0,Medium,77607.32,1195,2026-09-30,2024-12-31
CUST-001116,Silva-Smith,Mid-Market,Transportation,Active,False,175960.02,108881.35,33.0,1.0,100.0,1.215468034821861,3,2,146551.21,100.0,1845,7.520776415062797,0.41094199011849947,41.09,0,Medium,60224.05,1196,2026-09-30,2024-12-31
CUST-002077,"Marsh, Nelson and Wolfe",Mid-Market,Professional Services,Active,True,354640.25,220173.57,53.0,0.0,0.0,1.3904067995922456,5,4,294951.45,60.0,1379,7.22983877815125,0.4108670155897093,41.09,0,Medium,121185.82,1197,2026-09-30,2024-12-31
CUST-000714,Hudson-Sanchez,Mid-Market,Banking,Active,False,149773.02,96109.23,36.0,4.0,75.0,1.156506142944022,4,3,142875.56,100.0,790,6.673297967767654,0.40999737774137796,41.0,0,Medium,58578.6,1198,2026-09-30,2024-12-31
CUST-000897,Miller Inc,SMB,Telecommunications,Active,False,26706.65,16875.56,22.0,0.0,0.0,1.2904469972375954,2,2,27887.93,100.0,1748,7.466799475018602,0.4098407023352515,40.98,0,Medium,11429.61,1199,2026-09-30,2024-12-31
CUST-001448,"Hensley, Lopez and Baker",Mid-Market,Retail,Active,True,234917.59,150419.72,32.0,0.0,0.0,1.314725247569923,3,2,131839.9,100.0,880,6.78105762593618,0.40893188178628914,40.89,0,Medium,53913.54,1200,2026-09-30,2024-12-31
CUST-001880,Hammond-Schwartz,Mid-Market,Professional Services,Active,False,112062.8,72002.61,14.0,2.0,50.0,1.2694343604654497,2,1,96232.5,50.0,1954,7.578145472419466,0.4077605957555822,40.78,0,Medium,39239.82,1201,2026-09-30,2024-12-31
CUST-000924,"Yang, Wilson and Zimmerman",Mid-Market,Healthcare,Active,True,106639.15,70209.48,16.0,0.0,0.0,1.3502454643747017,3,1,63826.12,66.66666666666666,1721,7.451241684987676,0.4073761285432576,40.74,0,Medium,26001.24,1202,2026-09-30,2024-12-31
CUST-002200,Edwards LLC,Mid-Market,Transportation,Active,False,119397.73,74716.35,24.0,0.0,0.0,1.3467684870842842,5,2,113914.97,80.0,779,6.659293919683638,0.4073630380675964,40.74,0,Medium,46404.75,1203,2026-09-30,2024-12-31
CUST-001731,Robles-Brewer,Mid-Market,Transportation,Active,True,169700.0,110409.0,24.0,0.0,0.0,1.197440600338652,3,2,159684.03,66.66666666666666,1098,7.002155954403621,0.4066348916001645,40.66,0,Medium,64933.1,1204,2026-09-30,2024-12-31
CUST-001666,Jones Group,Mid-Market,Professional Services,Active,True,190965.09,121886.99,31.0,0.0,0.0,1.2744821052258506,3,2,118730.2,66.66666666666666,1081,6.9865664594064265,0.40560293717217866,40.56,0,Medium,48157.32,1205,2026-09-30,2024-12-31
CUST-000061,"Brown, Valdez and Lucas",Mid-Market,Media,Active,False,165173.11,103784.36,32.0,2.0,50.0,1.35770441909213,3,1,52182.84,66.66666666666666,1742,7.463363045520021,0.405289915677817,40.53,0,Medium,21149.18,1206,2026-09-30,2024-12-31
CUST-000246,Navarro-Munoz,SMB,Technology,Active,False,28802.49,19258.91,24.0,0.0,0.0,1.1121985447439253,2,2,27580.67,50.0,523,6.261491684321042,0.40352182044053164,40.35,0,Medium,11129.4,1207,2026-09-30,2024-12-31
CUST-000062,Powell LLC,Mid-Market,Technology,Active,False,298135.59,186798.95,53.0,1.0,0.0,1.2766571077290496,5,4,232857.62,80.0,1668,7.419979923661835,0.40349447477627487,40.35,0,Medium,93956.76,1208,2026-09-30,2024-12-31
CUST-000489,King-Smith,SMB,Education,Active,False,27455.04,16928.0,24.0,2.0,50.0,1.4179022356834252,2,2,25462.35,50.0,1034,6.942156705699469,0.4030260156359897,40.3,0,Medium,10261.99,1209,2026-09-30,2024-12-31
CUST-000640,Boyle-Smith,Enterprise,Healthcare,Active,True,1297137.71,826530.14,45.0,3.0,100.0,1.2810183010459106,4,3,967749.22,100.0,1560,7.353081920515432,0.4026489203711057,40.26,0,Medium,389663.18,1210,2026-09-30,2024-12-31
CUST-000624,"Rodgers, Jefferson and Johnson",Enterprise,Media,Active,True,686430.78,434693.85,34.0,1.0,100.0,1.0082153442756905,3,1,131811.89,100.0,1257,7.1372784372603855,0.4016566020696241,40.17,0,Medium,52943.12,1211,2026-09-30,2024-12-31
CUST-000260,Dean-Jimenez,SMB,Education,Active,False,19724.49,12226.93,18.0,0.0,0.0,1.5387571214254816,2,1,14020.52,50.0,1044,6.951772164398911,0.4014624724305684,40.15,0,Medium,5628.71,1212,2026-09-30,2024-12-31
CUST-001711,Chang PLC,SMB,Media,Active,False,17930.61,11160.76,24.0,1.0,100.0,1.2766145384979557,2,2,17443.85,50.0,1811,7.502186486602924,0.40104546737059976,40.1,0,Medium,6995.78,1213,2026-09-30,2024-12-31
CUST-002318,"Miller, Mcdonald and Miller",SMB,Telecommunications,Active,False,22026.94,14254.63,24.0,0.0,0.0,1.1390025856064725,3,2,21169.12,100.0,1831,7.513163545234075,0.40022252268110525,40.02,0,Medium,8472.36,1214,2026-09-30,2024-12-31
CUST-002189,Walters Group,Mid-Market,Professional Services,Active,False,155459.89,93971.71,24.0,0.0,0.0,1.0537478737221775,2,2,144877.76,100.0,473,6.161207321695077,0.3991452504928551,39.91,0,Medium,57827.27,1215,2026-09-30,2024-12-31
CUST-002046,Baldwin Group,SMB,Insurance,Active,True,20383.7,12438.0,12.0,1.0,100.0,1.096267293911011,1,1,18830.67,100.0,661,6.495265555937008,0.398801574708167,39.88,0,Medium,7509.7,1216,2026-09-30,2024-12-31
CUST-000789,"Clark, Salinas and Guerra",Strategic,Transportation,Active,True,5275634.46,3407773.01,48.0,9.0,66.66666666666666,1.36980187597874,9,3,4166523.93,66.66666666666666,1146,7.044905117129371,0.3979064341608618,39.79,0,Medium,1657886.68,1217,2026-09-30,2024-12-31
CUST-000487,"Hartman, Romero and Smith",Strategic,Insurance,Active,True,4769490.22,3067588.38,44.0,5.0,80.0,1.453992763318769,8,2,2465043.18,87.5,1231,7.116394144093465,0.39785570935344416,39.79,0,Medium,980731.5,1218,2026-09-30,2024-12-31
CUST-002104,"Allen, Hudson and Garcia",SMB,Education,Active,False,12555.11,7406.54,12.0,0.0,0.0,1.4603376149882508,1,1,11871.85,100.0,1599,7.3777589082278725,0.3974983973913162,39.75,0,Medium,4719.04,1219,2026-09-30,2024-12-31
CUST-001575,Sandoval-Ferguson,SMB,Professional Services,Active,True,28992.55,17810.52,21.0,0.0,0.0,1.207980946132892,2,1,14330.78,0.0,978,6.88653164253051,0.3971660073520142,39.72,0,Medium,5691.7,1220,2026-09-30,2024-12-31
CUST-000155,"Ramirez, Strickland and Washington",Enterprise,Insurance,Active,False,812500.67,516212.33,42.0,2.0,50.0,1.2475134682488203,5,2,427716.49,80.0,757,6.630683385642372,0.3970598877447889,39.71,0,Medium,169829.06,1221,2026-09-30,2024-12-31
CUST-000381,"Richardson, Farmer and Andrews",Mid-Market,Education,Active,True,236968.68,152027.4,36.0,0.0,0.0,1.306458056125837,3,2,146397.92,66.66666666666666,374,5.926926025970411,0.3968884946778162,39.69,0,Medium,58103.65,1222,2026-09-30,2024-12-31
CUST-001862,"Garrison, Rogers and Adams",Mid-Market,Energy,Active,False,92210.93,55452.61,15.0,1.0,100.0,1.330844898584657,2,1,63951.31,100.0,1560,7.353081920515432,0.39654004940755244,39.65,0,Medium,25359.26,1223,2026-09-30,2024-12-31
CUST-002264,Galvan-Ruiz,Enterprise,Energy,Active,False,839378.95,522383.45,33.0,4.0,75.0,1.0752421926030054,3,2,633106.31,100.0,1650,7.409136443920128,0.3958638737328355,39.59,0,Medium,250623.92,1224,2026-09-30,2024-12-31
CUST-001760,Hill Inc,Mid-Market,Energy,Active,True,249068.79,157953.02,54.0,0.0,0.0,1.2543760527005452,5,4,212082.38,100.0,567,6.342121418721152,0.3958321173123649,39.58,0,Medium,83949.02,1225,2026-09-30,2024-12-31
CUST-000077,"Woods, Calhoun and Schmidt",Mid-Market,Technology,Active,False,144230.72,89146.66,48.0,5.0,80.0,1.2614690956770747,4,4,137274.34,50.0,708,6.5638555265321274,0.3953204517152508,39.53,0,Medium,54267.35,1226,2026-09-30,2024-12-31
CUST-001098,Wright Group,Enterprise,Telecommunications,Active,True,1685392.37,1047094.78,61.0,2.0,0.0,1.418383620623693,7,4,1280836.36,85.71428571428571,1059,6.966024187106113,0.3933881308788264,39.34,0,Medium,503865.82,1227,2026-09-30,2024-12-31
CUST-000432,"Lopez, Jacobs and Mason",SMB,Manufacturing,Active,False,12260.0,7712.11,12.0,0.0,0.0,1.2615473116396259,1,1,11513.9,100.0,492,6.20050917404269,0.39216262906896204,39.22,0,Medium,4515.32,1228,2026-09-30,2024-12-31
CUST-000779,Alexander-Jordan,Enterprise,Banking,Active,True,762228.47,451570.25,37.0,2.0,50.0,1.5149784357685936,6,2,489581.64,83.33333333333334,1795,7.493317248862145,0.39163665511221774,39.16,0,Medium,191738.12,1229,2026-09-30,2024-12-31
CUST-001455,Brock-Peters,Enterprise,Technology,Active,False,976610.35,610138.61,47.0,2.0,0.0,1.3097874114112158,5,4,946970.47,100.0,2090,7.645397699428633,0.3909639164325138,39.1,0,Medium,370231.28,1230,2026-09-30,2024-12-31
CUST-000842,Medina and Sons,Mid-Market,Professional Services,Active,True,161241.3,103266.61,29.0,0.0,0.0,1.1050708717262985,3,2,109252.89,100.0,1501,7.31455283232408,0.3908597911675147,39.09,0,Medium,42702.56,1231,2026-09-30,2024-12-31
CUST-000849,Cole LLC,SMB,Energy,Active,False,22170.53,13324.05,12.0,0.0,0.0,0.8813764397535914,1,1,20393.19,100.0,558,6.326149473155099,0.3904838602823582,39.05,0,Medium,7963.21,1232,2026-09-30,2024-12-31
CUST-000042,George Group,SMB,Healthcare,Active,False,49357.91,30141.01,30.0,0.0,0.0,1.467778025795001,3,3,55284.59,66.66666666666666,298,5.700443573390687,0.39004234976350893,39.0,0,Medium,21563.33,1233,2026-09-30,2024-12-31
CUST-002019,Watson-Roberts,Mid-Market,Manufacturing,Active,False,197427.06,124256.59,26.0,0.0,0.0,1.2291491916650101,4,2,172235.77,75.0,1014,6.922643891475888,0.3896448847702966,38.96,0,Medium,67110.79,1234,2026-09-30,2024-12-31
CUST-001279,"Moreno, Barajas and Colon",Mid-Market,Healthcare,Active,False,193990.79,118627.68,38.0,2.0,100.0,1.1678888448517362,4,3,178058.14,50.0,1204,7.094234845924755,0.3891928722375553,38.92,0,Medium,69298.96,1235,2026-09-30,2024-12-31
CUST-001780,"Andrews, Romero and Sullivan",Mid-Market,Technology,Active,False,317029.89,200749.53,48.0,0.0,0.0,1.2387193909464154,5,4,298605.37,60.0,1197,7.088408778675395,0.38903349875115234,38.9,0,Medium,116167.49,1236,2026-09-30,2024-12-31
CUST-002000,"Frazier, Ramirez and Brown",Mid-Market,Banking,Active,False,305463.61,204557.33,48.0,0.0,0.0,1.475898394738945,4,4,289439.33,100.0,335,5.817111159963204,0.38872681641596085,38.87,0,Medium,112512.83,1237,2026-09-30,2024-12-31
CUST-000250,Ruiz Ltd,Strategic,Insurance,Active,False,5716821.33,3676764.51,60.0,4.0,75.0,1.1665466312847166,5,5,5486629.15,80.0,366,5.905361848054571,0.38812564934825666,38.81,0,Medium,2129501.5,1238,2026-09-30,2024-12-31
CUST-002419,"Armstrong, Taylor and Gray",Enterprise,Technology,Active,True,903594.98,577672.17,46.0,4.0,25.0,1.3803365666013412,6,2,452513.3,83.33333333333334,1026,6.934397209928558,0.3879216489675459,38.79,0,Medium,175539.71,1239,2026-09-30,2024-12-31
CUST-001039,Lynn-Jones,Mid-Market,Healthcare,Active,True,180077.16,113557.62,24.0,0.0,0.0,1.1987179658724871,2,2,170129.42,100.0,1907,7.553810852008231,0.3879009723240047,38.79,0,Medium,65993.37,1240,2026-09-30,2024-12-31
CUST-001127,"Reeves, Parks and Little",Mid-Market,Transportation,Active,True,126938.23,80251.67,35.0,1.0,100.0,1.3127695535874115,4,2,74583.52,75.0,898,6.80128303447162,0.3878868920881656,38.79,0,Medium,28929.97,1241,2026-09-30,2024-12-31
CUST-000107,"Wright, Garcia and Deleon",Mid-Market,Insurance,Active,True,315133.43,202501.23,48.0,4.0,75.0,1.2223703562953907,5,4,302872.59,100.0,968,6.876264611890766,0.3878256632456719,38.78,0,Medium,117461.76,1242,2026-09-30,2024-12-31
CUST-001635,"Torres, Burns and Garner",SMB,Energy,Active,False,20117.4,12426.79,27.0,0.0,0.0,1.4258114922934868,3,2,15803.82,66.66666666666666,993,6.901737206656574,0.38772694469650615,38.77,0,Medium,6127.57,1243,2026-09-30,2024-12-31
CUST-001625,"Barnett, Bennett and Escobar",SMB,Telecommunications,Active,True,33266.05,21015.27,35.0,1.0,100.0,1.1062285536502225,3,2,21525.19,100.0,409,6.016157159698354,0.3874429658515494,38.74,0,Medium,8339.78,1244,2026-09-30,2024-12-31
CUST-002108,Knapp Ltd,SMB,Technology,Active,True,14212.34,8926.96,14.0,1.0,100.0,1.555793199593709,3,1,10761.31,100.0,1442,7.274479558773871,0.38731572427833283,38.73,0,Medium,4168.02,1245,2026-09-30,2024-12-31
CUST-001904,"Harris, Spencer and Ponce",SMB,Media,Active,False,7872.43,4598.19,12.0,0.0,0.0,1.6940220616826638,2,1,7310.2,50.0,2056,7.6290038896529575,0.38655516890101355,38.66,0,Medium,2825.8,1246,2026-09-30,2024-12-31
CUST-000104,"Tran, Jordan and Williams",SMB,Technology,Active,True,55345.1,33055.51,35.0,0.0,0.0,1.2824619419493481,3,3,52627.64,100.0,533,6.280395838960195,0.38377164053939156,38.38,0,Medium,20197.0,1247,2026-09-30,2024-12-31
CUST-000669,Miller-Brandt,SMB,Manufacturing,Active,False,34603.37,21849.19,34.0,0.0,0.0,1.4848510956696517,3,3,34439.48,100.0,440,6.089044875446846,0.38269976553630775,38.27,0,Medium,13179.98,1248,2026-09-30,2024-12-31
CUST-001914,"Contreras, Ellis and Gregory",Mid-Market,Manufacturing,Active,False,252945.43,162362.31,43.0,0.0,0.0,1.605981837338873,4,3,208922.99,100.0,717,6.576469569048224,0.3826354743757924,38.26,0,Medium,79941.35,1249,2026-09-30,2024-12-31
CUST-002126,Morgan PLC,Mid-Market,Transportation,Active,True,47834.22,29587.72,12.0,1.0,100.0,1.5514332317653186,2,1,45727.27,100.0,1223,7.1098794630722715,0.38143206415399505,38.14,0,Medium,17441.85,1250,2026-09-30,2024-12-31
CUST-001050,Miller-Colon,Enterprise,Technology,Active,True,703730.92,460634.73,25.0,1.0,0.0,1.583561880454428,3,1,353916.46,100.0,869,6.76849321164863,0.38108351727192574,38.11,0,Medium,134871.73,1251,2026-09-30,2024-12-31
CUST-000125,Scott Ltd,SMB,Retail,Active,False,18755.59,11412.55,20.0,0.0,0.0,1.5673522234070043,2,2,21328.24,50.0,298,5.700443573390687,0.38075475355384664,38.08,0,Medium,8120.83,1252,2026-09-30,2024-12-31
CUST-002170,Pittman PLC,Enterprise,Manufacturing,Active,True,439178.12,272732.89,22.0,0.0,0.0,1.1065807429264318,3,1,259959.63,100.0,1430,7.266128779556451,0.3794339861088647,37.94,0,Medium,98637.52,1253,2026-09-30,2024-12-31
CUST-002007,Mullen-Jones,Enterprise,Transportation,Active,False,1635307.28,997968.61,60.0,1.0,0.0,1.3655523313416535,7,5,1565297.32,85.71428571428571,858,6.755768921984255,0.3790759521998554,37.91,0,Medium,593366.57,1254,2026-09-30,2024-12-31
CUST-001773,"Miranda, Ruiz and Meza",Mid-Market,Education,Active,False,161484.77,102789.52,24.0,1.0,0.0,1.5553576693244788,4,2,154585.03,100.0,1768,7.478169694159785,0.3788179357265068,37.88,0,Medium,58559.58,1255,2026-09-30,2024-12-31
CUST-000766,Hawkins-Hunt,Mid-Market,Energy,Active,False,225574.18,145196.16,36.0,1.0,100.0,1.2105468418039607,5,2,166366.12,60.0,1595,7.3752557780097545,0.3780429341181216,37.8,0,Medium,62893.54,1256,2026-09-30,2024-12-31
CUST-001541,"Kramer, Sherman and Trujillo",SMB,Energy,Active,False,35111.75,22670.89,36.0,1.0,100.0,1.5211152388184663,3,3,33795.85,66.66666666666666,536,6.285998094508865,0.377686817873109,37.77,0,Medium,12764.25,1257,2026-09-30,2024-12-31
CUST-001554,"Moore, Campbell and Ortiz",Strategic,Manufacturing,Active,False,3104895.53,2000564.01,40.0,1.0,100.0,1.2085134251570724,8,2,1717894.96,87.5,1160,7.057036981697891,0.37744649247738843,37.74,0,Medium,648413.43,1258,2026-09-30,2024-12-31
CUST-001937,Bishop Inc,Mid-Market,Manufacturing,Active,True,138069.21,87791.56,27.0,2.0,50.0,1.0312177486884588,3,1,45729.88,100.0,1916,7.558516743045645,0.3773515521311093,37.74,0,Medium,17256.24,1259,2026-09-30,2024-12-31
CUST-001888,Mendez Inc,SMB,Insurance,Active,False,32602.14,20546.08,24.0,1.0,100.0,1.2807444888173347,2,2,31814.65,50.0,920,6.825460036255307,0.3771855726854474,37.72,0,Medium,12000.03,1260,2026-09-30,2024-12-31
CUST-002515,Abbott-Munoz,Mid-Market,Education,Active,False,157681.8,101158.7,28.0,1.0,100.0,1.5965221287476727,4,2,125901.38,100.0,1764,7.475905969367397,0.37623099218910905,37.62,0,Medium,47368.0,1261,2026-09-30,2024-12-31
CUST-002540,Abbott-Munoz,Mid-Market,Education,Active,False,157681.8,101158.7,28.0,1.0,100.0,1.5965221287476727,4,2,125901.38,100.0,1764,7.475905969367397,0.37623099218910905,37.62,0,Medium,47368.0,1262,2026-09-30,2024-12-31
CUST-000491,"Fuller, Ingram and Moss",Enterprise,Insurance,Active,False,342234.04,218154.24,23.0,2.0,50.0,1.2164099322405093,4,1,181206.39,100.0,946,6.853299093186078,0.37492895345573923,37.49,0,Medium,67939.52,1263,2026-09-30,2024-12-31
CUST-000011,Blair PLC,SMB,Banking,Active,False,43906.88,27565.42,28.0,1.0,100.0,1.0991760178847243,3,1,20654.56,33.33333333333333,509,6.234410725718371,0.3747630177041996,37.48,0,Medium,7740.57,1264,2026-09-30,2024-12-31
CUST-001078,Hernandez PLC,Enterprise,Telecommunications,Active,True,822514.35,523054.62,29.0,2.0,100.0,1.412178836596326,3,1,278550.65,100.0,1968,7.585281078639126,0.3747060822280377,37.47,0,Medium,104374.62,1265,2026-09-30,2024-12-31
CUST-001959,Reilly Group,Mid-Market,Telecommunications,Active,False,45538.51,28806.46,12.0,0.0,0.0,1.2907660646172956,2,1,42827.71,100.0,1440,7.273092595999522,0.37391345583901453,37.39,0,Medium,16013.86,1266,2026-09-30,2024-12-31
CUST-002391,Hardin-Villanueva,Mid-Market,Insurance,Active,False,214527.58,136742.24,38.0,4.0,50.0,1.4030231455910016,5,1,85607.47,80.0,1004,6.912742820493176,0.3727953807553303,37.28,0,Medium,31914.07,1267,2026-09-30,2024-12-31
CUST-000939,"Flores, Mckenzie and Duncan",Mid-Market,Healthcare,Active,False,113939.39,69825.2,17.0,0.0,0.0,1.1831727895950284,2,1,83725.53,100.0,1818,7.506042178518122,0.37211501444323775,37.21,0,Medium,31155.53,1268,2026-09-30,2024-12-31
CUST-000627,Lopez-Curry,Enterprise,Retail,Active,False,1001738.46,645579.41,35.0,2.0,50.0,1.11307615317871,3,2,584214.11,66.66666666666666,406,6.008813185442595,0.37180523013500916,37.18,0,Medium,217213.86,1269,2026-09-30,2024-12-31
CUST-002067,"Castillo, Graham and Scott",Mid-Market,Media,Active,False,250274.07,156493.48,44.0,0.0,0.0,1.318467231730093,5,3,208959.73,100.0,1917,7.559038255443384,0.37153067692874747,37.15,0,Medium,77634.95,1270,2026-09-30,2024-12-31
CUST-002038,"Wilson, Johnson and Williamson",Enterprise,Retail,Active,True,1239694.78,777986.09,48.0,4.0,75.0,1.320123754197796,5,3,916569.78,80.0,1028,6.9363427358340495,0.3709626529034301,37.1,0,Medium,340013.16,1271,2026-09-30,2024-12-31
CUST-000172,"Alvarado, Miller and Patterson",Enterprise,Professional Services,Active,True,638719.91,392122.05,29.0,2.0,50.0,1.0170102634836702,3,1,148926.88,100.0,574,6.354370040797351,0.3706743610261167,37.07,0,Medium,55203.38,1272,2026-09-30,2024-12-31
CUST-001886,Bishop and Sons,Mid-Market,Manufacturing,Active,False,211582.98,137389.01,39.0,1.0,100.0,1.5260827921970916,4,2,123418.39,100.0,735,6.601230118728877,0.370610213855228,37.06,0,Medium,45740.12,1273,2026-09-30,2024-12-31
CUST-001161,Clark Inc,Enterprise,Transportation,Active,False,485376.26,325182.06,26.0,2.0,100.0,1.301803825812963,4,1,165191.82,100.0,1840,7.518064181233078,0.3700018604426571,37.0,0,Medium,61121.28,1274,2026-09-30,2024-12-31
CUST-002240,"Serrano, Marsh and Gonzalez",Mid-Market,Manufacturing,Active,True,200399.25,125405.95,31.0,2.0,100.0,1.3768466924048024,3,2,164742.87,66.66666666666666,1532,7.334981878871814,0.36973871729615243,36.97,0,Medium,60911.82,1275,2026-09-30,2024-12-31
CUST-001074,Miller PLC,Enterprise,Transportation,Active,False,1410826.74,907631.5,59.0,1.0,100.0,1.311020318272185,5,2,583528.88,100.0,392,5.973809611869261,0.36937302250621373,36.94,0,Medium,215539.83,1276,2026-09-30,2024-12-31
CUST-001934,Butler-Aguirre,Enterprise,Retail,Active,True,832466.37,531429.92,30.0,3.0,100.0,1.2396980777976472,3,2,594450.31,100.0,1442,7.274479558773871,0.3693510616331203,36.94,0,Medium,219560.85,1277,2026-09-30,2024-12-31
CUST-000017,James Group,Mid-Market,Manufacturing,Active,False,193334.53,124834.51,37.0,0.0,0.0,1.5215156193945905,4,3,173495.01,100.0,999,6.907755278982137,0.36848489369852616,36.85,0,Medium,63930.29,1278,2026-09-30,2024-12-31
CUST-001299,"Wilson, Smith and Cortez",Enterprise,Transportation,Active,True,592664.22,375505.58,36.0,0.0,0.0,1.2110985512868215,3,3,563138.13,100.0,803,6.6895992691789665,0.3681244860550196,36.81,0,Medium,207304.93,1279,2026-09-30,2024-12-31
CUST-001185,"Edwards, Rodgers and Davis",Mid-Market,Energy,Active,False,50221.85,31310.63,12.0,2.0,50.0,1.1962449224304375,5,1,47025.57,80.0,1146,7.044905117129371,0.3678542354313481,36.79,0,Medium,17298.56,1280,2026-09-30,2024-12-31
CUST-001206,"Brown, Schneider and Moore",Mid-Market,Banking,Active,False,196140.31,125448.24,39.0,2.0,50.0,1.468094046704721,4,2,108743.89,75.0,1685,7.430114138561801,0.36771318835229694,36.77,0,Medium,39986.56,1281,2026-09-30,2024-12-31
CUST-001271,Williams LLC,Mid-Market,Telecommunications,Active,False,175941.92,109641.22,24.0,3.0,66.66666666666666,1.4220821722779073,2,2,163375.27,100.0,592,6.385194398997726,0.36759336940279413,36.76,0,Medium,60055.67,1282,2026-09-30,2024-12-31
CUST-000786,Vargas PLC,Mid-Market,Manufacturing,Active,False,308273.66,188787.29,51.0,0.0,0.0,1.4703797359529864,5,4,269938.31,80.0,651,6.480044561926653,0.36733369318359405,36.73,0,Medium,99157.44,1283,2026-09-30,2024-12-31
CUST-001648,"Roach, Browning and Jordan",SMB,Telecommunications,Active,False,31101.75,18983.67,23.0,0.0,0.0,1.4048413791385033,3,2,31030.63,66.66666666666666,1183,7.076653815443951,0.36719788611292103,36.72,0,Medium,11394.38,1284,2026-09-30,2024-12-31
CUST-000363,"Hernandez, Martinez and Weber",Enterprise,Energy,Active,False,2024962.53,1246727.72,81.0,2.0,0.0,1.2520293538525433,7,6,1635218.58,57.14285714285714,435,6.077642243349034,0.3669552859737228,36.7,0,Medium,600052.1,1285,2026-09-30,2024-12-31
CUST-000116,Walker Ltd,Mid-Market,Telecommunications,Active,False,232156.47,147459.72,34.0,3.0,33.33333333333333,1.1501527302252532,4,3,227532.97,100.0,1136,7.036148493750536,0.36680121466092536,36.68,0,Medium,83459.37,1286,2026-09-30,2024-12-31
CUST-000050,"Harris, Collins and Carney",Enterprise,Transportation,Active,False,1195114.8,749702.14,49.0,2.0,100.0,1.1688151696190412,7,3,878573.5,57.14285714285714,1668,7.419979923661835,0.3666408797403608,36.66,0,Medium,322120.96,1287,2026-09-30,2024-12-31
CUST-001062,Randall PLC,Enterprise,Professional Services,Active,True,1218911.42,728453.8,48.0,4.0,100.0,1.5395919933779054,4,4,1146893.19,75.0,719,6.579251212010101,0.3666362594401793,36.66,0,Medium,420492.63,1288,2026-09-30,2024-12-31
CUST-000963,Chavez-Hall,Enterprise,Healthcare,Active,True,1285903.93,821114.84,58.0,5.0,40.0,1.4106358863094515,7,5,1237416.63,85.71428571428571,1045,6.952728644624869,0.3662823493431768,36.63,0,Medium,453243.87,1289,2026-09-30,2024-12-31
CUST-000124,"Joyce, Wilson and Lam",SMB,Education,Active,False,20880.44,12749.26,12.0,0.0,0.0,1.2491247374212264,1,1,19706.32,100.0,1599,7.3777589082278725,0.3661830227432083,36.62,0,Medium,7216.12,1290,2026-09-30,2024-12-31
CUST-001305,Wells PLC,Strategic,Professional Services,Active,True,4169343.55,2664090.65,46.0,3.0,100.0,0.9436065497135758,5,2,2728948.99,80.0,872,6.771935555839602,0.3660304332004917,36.6,0,Medium,998878.38,1291,2026-09-30,2024-12-31
CUST-001645,Browning-Murphy,Mid-Market,Media,Active,False,259035.29,162047.73,46.0,1.0,100.0,1.3784210855996775,4,3,193039.79,75.0,1560,7.353081920515432,0.36509615801392975,36.51,0,Medium,70478.09,1292,2026-09-30,2024-12-31
CUST-000032,Carlson-Cruz,SMB,Banking,Active,False,19632.53,13274.88,12.0,1.0,0.0,1.2821471602476213,1,1,18548.31,0.0,386,5.958424693029782,0.3647675252863721,36.48,0,Medium,6765.82,1293,2026-09-30,2024-12-31
CUST-001149,Powell-Sanford,Mid-Market,Banking,Active,False,158103.61,98353.27,38.0,2.0,100.0,1.235287264133773,5,2,95453.47,80.0,1639,7.402451520818244,0.3640549691992604,36.41,0,Medium,34750.31,1294,2026-09-30,2024-12-31
CUST-001719,"Gomez, Anderson and Hart",SMB,Insurance,Active,False,20737.08,13345.15,22.0,1.0,100.0,1.1612535409503109,2,2,21513.93,100.0,772,6.650279048587422,0.36392331391695887,36.39,0,Medium,7829.42,1295,2026-09-30,2024-12-31
CUST-001091,Adams-Butler,Strategic,Technology,Active,False,4768107.8,2967837.6,60.0,6.0,83.33333333333334,1.3246000984607198,7,3,2500820.34,85.71428571428571,1493,7.309212365692763,0.36333251390846333,36.33,0,Medium,908629.34,1296,2026-09-30,2024-12-31
CUST-000375,"Hoffman, Santiago and Jenkins",Enterprise,Healthcare,Active,True,1033097.44,645780.31,55.0,2.0,100.0,1.1275234228333575,6,4,810485.9,50.0,1431,7.266827347520591,0.3629167679144102,36.29,0,Medium,294138.92,1297,2026-09-30,2024-12-31
CUST-000328,Rodriguez-Hall,Mid-Market,Manufacturing,Active,False,240014.86,153402.51,34.0,1.0,100.0,1.2267634005260228,4,2,159276.0,100.0,1407,7.249925536717988,0.362610574404939,36.26,0,Medium,57755.16,1298,2026-09-30,2024-12-31
CUST-001428,"Goodman, Peterson and Spencer",Mid-Market,Transportation,Active,False,338289.44,217063.26,50.0,0.0,0.0,1.1796713826192042,5,5,383777.0,80.0,302,5.713732805509369,0.36229451241458327,36.23,0,Medium,139040.3,1299,2026-09-30,2024-12-31
CUST-002204,Young PLC,Enterprise,Media,Active,False,568660.48,351862.36,26.0,0.0,0.0,1.3081106812107108,3,1,290574.89,100.0,559,6.327936783729195,0.3614060073051033,36.14,0,Medium,105015.51,1300,2026-09-30,2024-12-31
CUST-001035,Bell-Bennett,Mid-Market,Professional Services,Active,False,289131.08,183164.79,55.0,1.0,100.0,1.2208974101170151,5,4,221882.56,100.0,1452,7.2813856635702825,0.3603559741408391,36.04,0,Medium,79956.71,1301,2026-09-30,2024-12-31
CUST-000367,"Le, Lewis and Hayes",Mid-Market,Media,Active,False,312383.61,201298.71,60.0,1.0,100.0,1.220749407430229,5,4,237382.1,80.0,707,6.56244409369372,0.3594730845732646,35.95,0,Medium,85332.48,1302,2026-09-30,2024-12-31
CUST-000895,Bell-Lewis,Enterprise,Retail,Active,True,1221256.19,760770.07,40.0,1.0,100.0,1.2418933887773296,5,2,805731.03,80.0,1334,7.19668657083435,0.3590125569470881,35.9,0,Medium,289267.56,1303,2026-09-30,2024-12-31
CUST-001661,Joseph-Brooks,Enterprise,Professional Services,Active,True,941552.07,592966.59,31.0,3.0,66.66666666666666,1.6084672021230941,4,2,697882.99,75.0,620,6.431331081933479,0.3587360464694931,35.87,0,Medium,250355.78,1304,2026-09-30,2024-12-31
CUST-001775,Durham-Myers,Mid-Market,Healthcare,Active,False,48287.18,30199.11,12.0,0.0,0.0,1.4225610748239232,2,1,45971.74,100.0,1190,7.0825485693553,0.3585601582676348,35.86,0,Medium,16483.63,1305,2026-09-30,2024-12-31
CUST-000648,Mendoza Group,Mid-Market,Telecommunications,Active,True,249436.1,153849.14,37.0,3.0,100.0,1.1967869606991577,5,3,229846.35,60.0,1496,7.311218384419629,0.35844946718923554,35.84,0,Medium,82388.3,1306,2026-09-30,2024-12-31
CUST-000908,"Wheeler, Rice and Levine",Mid-Market,Media,Active,False,142857.95,86818.97,34.0,2.0,100.0,1.1183154388223684,3,2,75325.85,100.0,1933,7.56734567601324,0.3583872960845397,35.84,0,Medium,26995.83,1307,2026-09-30,2024-12-31
CUST-002324,"Carroll, King and Scott",Mid-Market,Manufacturing,Active,False,193410.27,122481.19,47.0,1.0,0.0,1.4527065854499481,4,3,150021.7,50.0,398,5.988961416889864,0.35830240291983795,35.83,0,Medium,53753.14,1308,2026-09-30,2024-12-31
CUST-000279,Pollard and Sons,Mid-Market,Energy,Active,False,94547.95,61999.72,23.0,0.0,0.0,1.4912951094705549,2,1,45027.64,50.0,1384,7.233455418621439,0.3577641870266463,35.78,0,Medium,16109.28,1309,2026-09-30,2024-12-31
CUST-000038,"Baker, Mason and White",SMB,Banking,Active,False,17804.68,10554.22,11.0,1.0,100.0,1.4463080799645114,1,1,18714.36,100.0,881,6.782192056006791,0.3558872192938637,35.59,0,Medium,6660.2,1310,2026-09-30,2024-12-31
CUST-001282,"Blackwell, James and Hogan",Mid-Market,Telecommunications,Active,False,173010.09,107333.51,33.0,2.0,100.0,1.3666915301363274,4,2,91944.02,75.0,1231,7.116394144093465,0.35555597625989077,35.56,0,Medium,32691.25,1311,2026-09-30,2024-12-31
CUST-002157,Jenkins-Brown,Strategic,Energy,Active,True,3329038.91,2077783.19,53.0,4.0,75.0,1.1942044403065957,8,3,1923727.58,62.5,1155,7.052721049232323,0.35512183706012085,35.51,0,Medium,683157.67,1312,2026-09-30,2024-12-31
CUST-002482,Medina Group,Enterprise,Professional Services,Active,True,1244018.3,807511.18,58.0,2.0,100.0,1.1514239949940248,6,4,954889.46,66.66666666666666,858,6.755768921984255,0.3547730630039795,35.48,0,Medium,338769.06,1313,2026-09-30,2024-12-31
CUST-002417,"Wade, Richard and Hall",Mid-Market,Technology,Active,False,125052.6,79459.35,19.0,0.0,0.0,1.1639299016711604,4,1,93560.73,100.0,1299,7.170119543449628,0.35365315578940887,35.37,0,Medium,33088.05,1314,2026-09-30,2024-12-31
CUST-001060,"Contreras, Miller and Cooper",Mid-Market,Banking,Active,True,200155.04,127015.6,33.0,2.0,100.0,1.4437548943017349,5,2,146207.69,100.0,1860,7.528869256642251,0.35254947081499427,35.25,0,Medium,51545.44,1315,2026-09-30,2024-12-31
CUST-000040,"Romero, Gonzalez and Brooks",SMB,Telecommunications,Active,False,39131.7,26216.0,24.0,0.0,0.0,1.063627322176246,2,2,36981.03,100.0,1162,7.0587581525186645,0.3516633395592868,35.17,0,Medium,13004.87,1316,2026-09-30,2024-12-31
CUST-000843,Cunningham-Barton,Mid-Market,Manufacturing,Active,False,162400.61,101910.98,36.0,0.0,0.0,1.3335538005682201,3,3,151869.19,100.0,355,5.87493073085203,0.350791321142576,35.08,0,Medium,53274.39,1317,2026-09-30,2024-12-31
CUST-001009,"Thomas, Vaughan and Copeland",Mid-Market,Telecommunications,Active,False,95706.0,61015.18,24.0,1.0,100.0,1.3147828312403418,5,2,92754.65,100.0,1802,7.497207223203318,0.3505090284557752,35.05,0,Medium,32511.34,1318,2026-09-30,2024-12-31
CUST-001525,"Wright, Wise and Ramos",Enterprise,Manufacturing,Active,False,634470.24,389100.18,29.0,1.0,0.0,1.2102181733855057,5,2,468181.26,40.0,1533,7.335633981927201,0.35045417085239156,35.05,0,Medium,164076.08,1319,2026-09-30,2024-12-31
CUST-001092,"Davis, Alexander and Mcintyre",Mid-Market,Manufacturing,Active,False,99692.23,64192.63,12.0,1.0,100.0,1.2613960635286177,4,1,94578.7,100.0,2082,7.641564441260972,0.3497830289179292,34.98,0,Medium,33082.02,1320,2026-09-30,2024-12-31
CUST-001956,Kane-Bennett,Mid-Market,Telecommunications,Active,True,114201.42,73256.66,27.0,0.0,0.0,1.1878821764518277,5,2,93578.28,80.0,1700,7.438971592395862,0.34977100220522606,34.98,0,Medium,32730.97,1321,2026-09-30,2024-12-31
CUST-002527,"Watts, Robinson and Nguyen",Enterprise,Insurance,Active,True,901720.37,606492.52,35.0,3.0,66.66666666666666,1.21473162670042,4,2,609939.53,100.0,1103,7.00669522683704,0.3496507125915102,34.97,0,Medium,213265.79,1322,2026-09-30,2024-12-31
CUST-002552,"Watts, Robinson and Nguyen",Enterprise,Insurance,Active,True,901720.37,606492.52,35.0,3.0,66.66666666666666,1.21473162670042,4,2,609939.53,100.0,1103,7.00669522683704,0.3496507125915102,34.97,0,Medium,213265.79,1323,2026-09-30,2024-12-31
CUST-002118,Spencer LLC,Strategic,Transportation,Active,False,636975.8,385049.05,12.0,8.0,62.5,1.128130822211495,5,1,618746.44,60.0,1038,6.946013991099227,0.34933782425598753,34.93,0,Medium,216151.54,1324,2026-09-30,2024-12-31
CUST-000625,Butler and Sons,Mid-Market,Transportation,Active,True,111451.47,67302.06,24.0,0.0,0.0,1.5241513987053683,2,2,106357.82,100.0,615,6.423246963533519,0.3493115476163282,34.93,0,Medium,37152.01,1325,2026-09-30,2024-12-31
CUST-001201,"Saunders, Ray and Cunningham",Mid-Market,Media,Active,True,70788.92,45368.21,23.0,1.0,100.0,1.2135417302548472,2,2,68010.9,100.0,687,6.5337888379333435,0.34827882062899773,34.83,0,Medium,23686.76,1326,2026-09-30,2024-12-31
CUST-000464,Spencer-Garcia,Strategic,Transportation,Active,False,3832073.73,2460987.38,46.0,7.0,71.42857142857143,1.4155457255391088,6,4,3807910.75,83.33333333333334,1101,7.004881989712859,0.3468768501449845,34.69,0,Medium,1320876.09,1327,2026-09-30,2024-12-31
CUST-001611,Powers Group,Mid-Market,Telecommunications,Active,False,153361.4,99780.03,27.0,2.0,50.0,1.352694401777481,5,1,78223.34,100.0,1770,7.479299637782834,0.3467304226212397,34.67,0,Medium,27122.41,1328,2026-09-30,2024-12-31
CUST-002440,Lewis-Fuentes,SMB,Telecommunications,Active,True,25903.23,15978.29,24.0,0.0,0.0,1.2930753325027557,2,2,25083.1,100.0,652,6.481577129276431,0.34653012686456985,34.65,0,Medium,8692.05,1329,2026-09-30,2024-12-31
CUST-001407,"Mitchell, Johnson and Greene",SMB,Education,Active,False,44431.54,28893.52,33.0,0.0,0.0,1.1736381982882862,3,3,44688.51,66.66666666666666,305,5.723585101952381,0.3464665450262892,34.65,0,Medium,15483.07,1330,2026-09-30,2024-12-31
CUST-001086,Mccall-Prince,Mid-Market,Technology,Active,True,212338.01,134930.89,39.0,0.0,0.0,1.4815507776132437,4,3,187184.41,50.0,634,6.453624998892692,0.34624545024384523,34.62,0,Medium,64811.75,1331,2026-09-30,2024-12-31
CUST-001472,Davidson LLC,Mid-Market,Healthcare,Active,False,140005.13,85064.66,22.0,2.0,100.0,1.2910856172116076,2,2,134866.66,100.0,1786,7.488293515159428,0.3457409856573696,34.57,0,Medium,46628.93,1332,2026-09-30,2024-12-31
CUST-000803,Griffin Group,Mid-Market,Energy,Active,False,137238.64,86528.76,33.0,0.0,0.0,1.0628077729071441,3,3,145772.0,100.0,327,5.793013608384144,0.34541272165994935,34.54,0,Medium,50351.5,1333,2026-09-30,2024-12-31
CUST-000666,Cannon Ltd,Enterprise,Transportation,Active,True,629011.63,397807.17,20.0,4.0,100.0,1.325557061552163,4,1,456642.64,50.0,1823,7.508787170634276,0.3437854232090474,34.38,0,Medium,156987.08,1334,2026-09-30,2024-12-31
CUST-000225,Jones-Soto,SMB,Telecommunications,Active,False,11067.8,7219.02,12.0,0.0,0.0,1.3187622714088887,2,1,10580.81,50.0,1960,7.581209826196346,0.3418571561369197,34.19,0,Medium,3617.13,1335,2026-09-30,2024-12-31
CUST-001875,Gates and Sons,Mid-Market,Healthcare,Active,False,319028.17,200776.29,47.0,1.0,100.0,1.1831019555413986,4,3,239484.09,100.0,446,6.102558594613569,0.3415348425192948,34.15,0,Medium,81792.16,1336,2026-09-30,2024-12-31
CUST-000553,May-Turner,Mid-Market,Transportation,Active,False,335891.45,212964.38,60.0,1.0,0.0,1.2789144295527308,5,5,318825.67,60.0,572,6.35088571671474,0.3398161862682468,33.98,0,Medium,108342.12,1337,2026-09-30,2024-12-31
CUST-001889,Baldwin-Garcia,Mid-Market,Professional Services,Active,False,33780.38,22125.41,12.0,0.0,0.0,1.3695668873553528,4,1,31941.28,100.0,1292,7.164720378771857,0.33971060257499874,33.97,0,Medium,10850.79,1338,2026-09-30,2024-12-31
CUST-002114,Simpson LLC,Mid-Market,Professional Services,Active,False,416542.8,269997.47,59.0,2.0,0.0,1.2806394794907785,5,4,335949.7,60.0,379,5.940171252720432,0.3396110350048656,33.96,0,Medium,114092.23,1339,2026-09-30,2024-12-31
CUST-000825,"Price, Long and Wilson",Mid-Market,Healthcare,Active,False,183103.18,116974.52,24.0,0.0,0.0,1.1914916224370875,3,2,172208.4,100.0,1183,7.076653815443951,0.33960824792077027,33.96,0,Medium,58483.39,1340,2026-09-30,2024-12-31
CUST-000917,Miller-Mccall,SMB,Education,Active,False,16749.81,10940.73,12.0,1.0,100.0,1.0770933110907819,3,1,16368.68,66.66666666666666,1828,7.511524648390866,0.3395816596422355,33.96,0,Medium,5558.5,1341,2026-09-30,2024-12-31
CUST-000746,White LLC,Mid-Market,Telecommunications,Active,False,237419.67,144141.64,48.0,2.0,50.0,1.4035582554374264,4,3,160351.23,100.0,747,6.617402977974478,0.33851406039130877,33.85,0,Medium,54281.15,1342,2026-09-30,2024-12-31
CUST-001905,"Lee, Dominguez and Mosley",Mid-Market,Energy,Active,True,213730.22,134291.45,47.0,0.0,0.0,1.3394687355880628,5,3,155350.75,100.0,1717,7.4489161025442,0.3375076940012735,33.75,0,Medium,52432.07,1343,2026-09-30,2024-12-31
CUST-001759,Lambert-Nelson,Mid-Market,Banking,Active,False,227278.2,138015.44,35.0,0.0,0.0,1.240625636155062,5,2,137951.32,80.0,1273,7.149916836132109,0.3365229706924579,33.65,0,Medium,46423.79,1344,2026-09-30,2024-12-31
CUST-002454,Friedman PLC,SMB,Insurance,Active,False,27295.23,17119.54,22.0,1.0,100.0,1.2472353137901282,2,2,28803.99,50.0,652,6.481577129276431,0.33629393565574667,33.63,0,Medium,9686.61,1345,2026-09-30,2024-12-31
CUST-001137,"Carpenter, Oliver and Kennedy",Mid-Market,Professional Services,Active,False,139176.67,90056.47,26.0,0.0,0.0,1.451440641030972,3,2,123844.85,100.0,672,6.511745329644728,0.3361730304456266,33.62,0,Medium,41633.3,1346,2026-09-30,2024-12-31
CUST-001105,Curry-Barker,Enterprise,Education,Active,False,1052318.33,703464.35,37.0,2.0,50.0,1.2773010840704526,7,3,970467.83,85.71428571428571,1231,7.116394144093465,0.33556062804898534,33.56,0,Medium,325650.79,1347,2026-09-30,2024-12-31
CUST-000326,"Martinez, Richardson and Curry",SMB,Manufacturing,Active,False,24674.16,15522.86,28.0,1.0,100.0,1.3526493294528017,3,2,17621.03,100.0,2065,7.633369649679584,0.33497973896940775,33.5,0,Medium,5902.69,1348,2026-09-30,2024-12-31
CUST-002260,Mccann-Sanders,Enterprise,Manufacturing,Active,False,948636.71,577599.07,36.0,1.0,0.0,1.2640466724370336,6,3,881138.65,100.0,1025,6.933423025730715,0.3344793762179207,33.45,0,Medium,294722.71,1349,2026-09-30,2024-12-31
CUST-002140,"Saunders, Sparks and Harris",Mid-Market,Technology,Active,False,267618.95,173326.82,44.0,2.0,100.0,1.252263919446573,4,3,218866.05,100.0,699,6.551080335043404,0.33386460959021247,33.39,0,Medium,73071.63,1350,2026-09-30,2024-12-31
CUST-001792,George Ltd,SMB,Telecommunications,Active,True,12738.02,8421.07,12.0,0.0,0.0,1.1883384387873666,2,1,11793.16,50.0,1966,7.584264818389059,0.3336285174408167,33.36,0,Medium,3934.53,1351,2026-09-30,2024-12-31
CUST-000501,"Rivera, Martinez and Richardson",Enterprise,Transportation,Active,True,721847.82,440927.48,33.0,0.0,0.0,1.5259004066824657,4,2,530131.51,100.0,1845,7.520776415062797,0.33327084561197184,33.33,0,Medium,176677.38,1352,2026-09-30,2024-12-31
CUST-000437,Ortiz-Morgan,Enterprise,Education,Active,True,756828.11,469728.29,33.0,1.0,100.0,1.0066678936930666,7,2,583390.26,57.14285714285714,1336,7.198183577101943,0.332849536842331,33.28,0,Medium,194181.18,1353,2026-09-30,2024-12-31
CUST-000698,"Calderon, Williams and Bennett",Enterprise,Healthcare,Active,True,502716.39,314206.38,20.0,1.0,100.0,1.1062047707061762,4,1,289454.37,100.0,1867,7.532623618788788,0.33270327841067904,33.27,0,Medium,96302.42,1354,2026-09-30,2024-12-31
CUST-001794,"Brown, Robinson and Taylor",Mid-Market,Professional Services,Active,False,222832.31,141354.13,36.0,2.0,50.0,1.4929527941752718,3,2,150664.76,100.0,378,5.937536205082426,0.33250675620090575,33.25,0,Medium,50097.05,1355,2026-09-30,2024-12-31
CUST-001147,Glover-Chan,Mid-Market,Transportation,Active,True,74610.52,46709.91,12.0,1.0,100.0,1.2258408838832004,2,1,72314.88,100.0,1224,7.110696122978827,0.33234348633071803,33.23,0,Medium,24033.38,1356,2026-09-30,2024-12-31
CUST-000385,"Farmer, Dorsey and Bell",Enterprise,Education,Active,False,877366.19,549874.59,42.0,3.0,66.66666666666666,1.2841222048227339,4,2,477808.3,100.0,530,6.274762021241939,0.3321234442758787,33.21,0,Medium,158691.34,1357,2026-09-30,2024-12-31
CUST-001548,"Martin, Schmidt and Cole",Strategic,Manufacturing,Active,False,4862256.74,3004310.78,55.0,2.0,0.0,1.3739602418031602,6,4,3611218.7,66.66666666666666,979,6.887552571664617,0.3320843728317115,33.21,0,Medium,1199229.3,1358,2026-09-30,2024-12-31
CUST-000628,Mcdowell-Smith,Mid-Market,Energy,Active,False,263403.33,169261.06,50.0,3.0,33.33333333333333,1.073282073503774,5,5,296807.04,60.0,301,5.71042701737487,0.3318033409958022,33.18,0,Medium,98481.57,1359,2026-09-30,2024-12-31
CUST-000136,"Lawson, Morris and Ramos",Enterprise,Retail,Active,True,1156717.3,690421.92,51.0,5.0,80.0,1.2096231565209505,7,3,934784.43,85.71428571428571,1216,7.104144092987527,0.3313815524697257,33.14,0,Medium,309770.32,1360,2026-09-30,2024-12-31
CUST-002101,Johnson-Thomas,Mid-Market,Transportation,Active,True,132688.25,88559.96,21.0,3.0,66.66666666666666,0.9737560202708649,2,1,60070.69,100.0,481,6.1779441140506,0.3309118423602962,33.09,0,Medium,19878.1,1361,2026-09-30,2024-12-31
CUST-000879,Baxter LLC,Mid-Market,Transportation,Active,False,315359.03,198872.23,48.0,1.0,0.0,1.370393088837211,4,4,297579.74,100.0,1851,7.524021415206125,0.3300574707117536,33.01,0,Medium,98218.42,1362,2026-09-30,2024-12-31
CUST-002043,Rhodes-Rosario,SMB,Retail,Active,False,23211.57,15107.18,22.0,1.0,100.0,1.227930266869485,2,2,23711.39,0.0,316,5.75890177387728,0.32869679188341827,32.87,0,Medium,7793.86,1363,2026-09-30,2024-12-31
CUST-002343,"Garrison, Ryan and Miller",Strategic,Professional Services,Active,True,6067844.04,3831460.7,86.0,4.0,25.0,1.2410453225736244,8,5,4265642.81,75.0,479,6.173786103901937,0.32856749582185507,32.86,0,Medium,1401551.58,1364,2026-09-30,2024-12-31
CUST-000719,White-Preston,SMB,Telecommunications,Active,False,12971.21,7999.11,12.0,0.0,0.0,1.3276764433669417,1,1,12391.85,100.0,1065,6.97166860472579,0.3277938239679302,32.78,0,Medium,4061.97,1365,2026-09-30,2024-12-31
CUST-001084,"Steele, Williams and Preston",Enterprise,Telecommunications,Active,True,1033567.36,619179.51,44.0,1.0,100.0,1.2056597249288936,7,1,316265.14,71.42857142857143,1354,7.2115567333138015,0.3277400966313187,32.77,0,Medium,103652.77,1366,2026-09-30,2024-12-31
CUST-000149,Bryant Group,Strategic,Transportation,Active,False,2095671.03,1367206.75,22.0,9.0,88.88888888888889,1.4697807892840775,6,1,949566.28,83.33333333333334,1636,7.400620577371135,0.3270999115882313,32.71,0,Medium,310603.05,1367,2026-09-30,2024-12-31
CUST-000561,"Rodriguez, Allen and Martinez",Enterprise,Energy,Active,True,736580.27,471844.43,30.0,2.0,0.0,1.2900228382877326,5,2,500163.01,100.0,892,6.794586580876499,0.32699386755637616,32.7,0,Medium,163550.24,1368,2026-09-30,2024-12-31
CUST-000156,Hill Inc,Strategic,Healthcare,Active,True,4189342.29,2622878.28,40.0,3.0,66.66666666666666,1.3802664201709283,7,3,3412150.18,71.42857142857143,1340,7.201170883281678,0.3259872812095009,32.6,0,Medium,1112317.56,1369,2026-09-30,2024-12-31
CUST-000123,Chandler-Edwards,Mid-Market,Education,Active,False,123692.39,76544.22,24.0,1.0,0.0,1.2382229234345663,2,2,115286.59,50.0,1783,7.486613313139955,0.3251775361314027,32.52,0,Medium,37488.61,1370,2026-09-30,2024-12-31
CUST-000152,"Simmons, Meadows and Griffin",Mid-Market,Healthcare,Active,False,193572.61,126827.88,39.0,0.0,0.0,1.4593224065861494,4,3,173174.35,75.0,849,6.745236349484363,0.3246608280675319,32.47,0,Medium,56222.93,1371,2026-09-30,2024-12-31
CUST-001909,Burns Inc,SMB,Professional Services,Active,False,19735.8,12909.04,22.0,1.0,100.0,1.6008672018600851,3,1,8925.81,100.0,1385,7.234177179749849,0.32421434567422835,32.42,0,Medium,2893.88,1372,2026-09-30,2024-12-31
CUST-002212,King-Lawrence,Enterprise,Media,Active,False,1577344.43,979422.0,67.0,1.0,0.0,1.3099747548003706,6,5,1293893.36,100.0,1453,7.282073658093465,0.32381025054280904,32.38,0,Medium,418975.93,1373,2026-09-30,2024-12-31
CUST-001001,"Howard, Silva and Hall",Strategic,Healthcare,Active,True,4542366.14,2820093.57,57.0,6.0,66.66666666666666,1.4463318172017114,8,4,3569425.83,87.5,2023,7.6128310304073565,0.3237565972258931,32.38,0,Medium,1155625.16,1374,2026-09-30,2024-12-31
CUST-002042,Johnson PLC,Mid-Market,Professional Services,Active,True,153126.01,93814.64,23.0,1.0,100.0,1.1549985062924244,3,1,93434.64,66.66666666666666,782,6.663132695990803,0.32272995540110583,32.27,0,Medium,30154.16,1375,2026-09-30,2024-12-31
CUST-000700,"Ramsey, Hansen and Mendoza",Enterprise,Telecommunications,Active,False,1086722.58,684071.55,48.0,1.0,0.0,1.2002776760759697,5,3,677674.52,60.0,1781,7.485491608030754,0.3220922909164344,32.21,0,Medium,218273.74,1376,2026-09-30,2024-12-31
CUST-000560,Anderson-Wood,SMB,Technology,Active,False,10702.64,6798.67,12.0,1.0,0.0,1.6725192356996148,1,1,10015.85,0.0,1878,7.538494999413465,0.3210453198282285,32.1,0,Medium,3215.54,1377,2026-09-30,2024-12-31
CUST-002167,"Leonard, Rogers and Shaw",SMB,Education,Active,False,8333.14,5088.42,12.0,1.0,100.0,1.3963011261730207,2,1,7826.82,50.0,2016,7.6093665379542115,0.3206489922939542,32.06,0,Medium,2509.66,1378,2026-09-30,2024-12-31
CUST-000823,Wilson-Lambert,Enterprise,Transportation,Active,True,1010420.23,645387.65,35.0,1.0,100.0,1.1750162400482715,5,2,817920.35,100.0,778,6.658011045870748,0.32046699951936636,32.05,0,Medium,262116.48,1379,2026-09-30,2024-12-31
CUST-000891,Taylor-Ayala,Enterprise,Education,Active,True,1168329.97,729803.42,38.0,2.0,100.0,1.1050688533188495,6,3,1115616.08,83.33333333333334,2039,7.620705086838262,0.31950065139554473,31.95,0,Medium,356440.06,1380,2026-09-30,2024-12-31
CUST-000270,Baird-Sanchez,Mid-Market,Banking,Active,False,291116.64,188844.23,48.0,0.0,0.0,1.3139385202277067,4,4,276902.76,75.0,428,6.061456918928017,0.31823437223757195,31.82,0,Medium,88119.98,1381,2026-09-30,2024-12-31
CUST-001394,"Sanders, Taylor and Shields",SMB,Telecommunications,Active,False,14003.85,8376.83,12.0,0.0,0.0,1.0616099174464517,1,1,13513.75,100.0,1310,7.1785454837637,0.3170799225411143,31.71,0,Medium,4284.94,1382,2026-09-30,2024-12-31
CUST-002036,Morgan-Rodriguez,Mid-Market,Banking,Active,True,51420.37,32852.0,12.0,2.0,50.0,1.1644263481234804,2,1,48001.95,50.0,843,6.738152494595957,0.3151241241903809,31.51,0,Medium,15126.57,1383,2026-09-30,2024-12-31
CUST-000132,Spencer-Lee,Enterprise,Technology,Active,True,998112.41,614921.19,48.0,4.0,25.0,1.177667921679276,4,3,766523.7,100.0,680,6.523562306149512,0.31488011755900247,31.49,0,Medium,241363.07,1384,2026-09-30,2024-12-31
CUST-000190,"Burke, Martinez and Riggs",SMB,Technology,Active,False,20017.35,12238.97,12.0,0.0,0.0,1.5905506368486204,1,1,18440.35,100.0,892,6.794586580876499,0.31273754578288615,31.27,0,Medium,5766.99,1385,2026-09-30,2024-12-31
CUST-001164,Wise-Dean,Enterprise,Telecommunications,Active,True,1600392.08,1001451.52,61.0,1.0,0.0,1.4510344735983047,6,4,1082493.31,66.66666666666666,863,6.761572768804055,0.3124239752473702,31.24,0,Medium,338196.86,1386,2026-09-30,2024-12-31
CUST-001461,Ross Ltd,Strategic,Technology,Active,True,3766695.32,2423897.35,47.0,2.0,100.0,1.2642557124532727,7,3,2779484.53,100.0,2046,7.624130585661289,0.3123446048362595,31.23,0,Medium,868157.0,1387,2026-09-30,2024-12-31
CUST-001425,"Haynes, Mcbride and Gutierrez",SMB,Manufacturing,Active,False,19124.59,11328.02,12.0,0.0,0.0,1.5572831577563706,1,1,18362.52,0.0,1129,7.029972911706386,0.3121176734658779,31.21,0,Medium,5731.27,1388,2026-09-30,2024-12-31
CUST-002369,Young-Hawkins,Mid-Market,Technology,Active,True,111433.77,68550.47,27.0,1.0,100.0,1.2944852018912534,3,2,93052.51,66.66666666666666,1112,7.014814351275545,0.31111957086374875,31.11,0,Medium,28950.46,1389,2026-09-30,2024-12-31
CUST-001679,Gallegos-Hayes,Enterprise,Education,Active,False,678735.2,413625.14,31.0,0.0,0.0,1.2566613578391486,5,2,506398.58,80.0,1584,7.368339686311381,0.3109774556532923,31.1,0,Medium,157478.54,1390,2026-09-30,2024-12-31
CUST-000353,Smith and Sons,Mid-Market,Technology,Active,True,168658.61,108346.04,27.0,1.0,100.0,1.1602832284166802,3,1,54994.98,66.66666666666666,1533,7.335633981927201,0.31063913626184386,31.06,0,Medium,17083.59,1391,2026-09-30,2024-12-31
CUST-000826,Bruce-Williamson,Mid-Market,Professional Services,Active,False,299558.72,190202.85,52.0,0.0,0.0,1.2056885369431796,5,4,256664.99,80.0,1208,7.097548850614793,0.3097238871796033,30.97,0,Medium,79495.28,1392,2026-09-30,2024-12-31
CUST-001610,Cohen-Johnston,Enterprise,Telecommunications,Active,True,1389376.22,885338.37,54.0,3.0,100.0,1.2921339109547154,6,3,797217.49,83.33333333333334,855,6.752270376141742,0.309692780222777,30.97,0,Medium,246892.5,1393,2026-09-30,2024-12-31
CUST-000311,"Beltran, Lozano and Mcgee",Mid-Market,Insurance,Active,True,154582.73,102024.09,28.0,0.0,0.0,1.3742395855018157,5,2,131136.93,80.0,1961,7.581719640125308,0.3093814943013666,30.94,0,Medium,40571.34,1394,2026-09-30,2024-12-31
CUST-002208,Murphy-Silva,SMB,Telecommunications,Active,False,11404.65,7174.31,12.0,1.0,100.0,1.289249525431743,3,1,10283.05,66.66666666666666,1796,7.493873886783559,0.3086613518920892,30.87,0,Medium,3173.98,1395,2026-09-30,2024-12-31
CUST-001601,"Wagner, Walker and Roberts",SMB,Manufacturing,Active,False,24812.99,14921.17,23.0,1.0,100.0,1.3160162347798938,2,1,12533.79,100.0,386,5.958424693029782,0.3086094560148795,30.86,0,Medium,3868.05,1396,2026-09-30,2024-12-31
CUST-001894,Graves Group,Mid-Market,Technology,Active,False,253232.92,158988.38,45.0,0.0,0.0,1.2842493134311386,5,3,188279.39,100.0,582,6.368187186350492,0.30791658138325023,30.79,0,Medium,57974.35,1397,2026-09-30,2024-12-31
CUST-001649,Douglas PLC,SMB,Professional Services,Active,False,7768.72,4967.33,11.0,1.0,100.0,1.4103628780173743,1,1,8313.12,100.0,1387,7.23561914106675,0.3069941949083675,30.7,0,Medium,2552.08,1398,2026-09-30,2024-12-31
CUST-000264,"Lloyd, Mckinney and Collins",SMB,Telecommunications,Active,False,22325.19,13957.58,15.0,0.0,0.0,1.3750879339533053,2,1,18924.04,50.0,1700,7.438971592395862,0.30664474283666837,30.66,0,Medium,5802.96,1399,2026-09-30,2024-12-31
CUST-001221,Moran-Cox,Mid-Market,Technology,Active,True,341983.46,214890.97,44.0,1.0,100.0,1.3045511185507117,4,3,238961.21,100.0,517,6.249975242259483,0.3064950794669561,30.65,0,Medium,73240.44,1400,2026-09-30,2024-12-31
CUST-000088,Anderson-Bailey,SMB,Technology,Active,False,29708.72,17888.85,24.0,1.0,100.0,1.1915751253884734,2,2,28379.47,50.0,1882,7.5406215286571525,0.3050822345631674,30.51,0,Medium,8658.07,1401,2026-09-30,2024-12-31
CUST-002467,"Jackson, Mendez and Nguyen",Enterprise,Media,Active,True,1063791.08,660372.81,37.0,6.0,66.66666666666666,1.1687853718286088,5,3,1016278.39,100.0,1716,7.448333860897476,0.3050382833130992,30.5,0,Medium,310003.82,1402,2026-09-30,2024-12-31
CUST-000752,"Ramsey, Mason and Mccann",Mid-Market,Transportation,Active,False,235605.37,148522.67,38.0,4.0,50.0,1.5021499344251381,5,3,212286.8,40.0,1032,6.940222469119639,0.30469860636165547,30.47,0,Medium,64683.49,1403,2026-09-30,2024-12-31
CUST-000442,Rangel LLC,Mid-Market,Insurance,Active,True,178398.57,112598.07,30.0,0.0,0.0,1.266288730588909,3,2,128978.94,66.66666666666666,1853,7.5251007461258,0.30455541214545456,30.46,0,Medium,39281.23,1404,2026-09-30,2024-12-31
CUST-001404,"Meyer, Dawson and Harper",Enterprise,Energy,Active,False,1831112.29,1170593.6,72.0,4.0,75.0,1.2627531934522758,7,5,1451403.96,71.42857142857143,566,6.340359303727752,0.3041039745813395,30.41,0,Medium,441377.71,1405,2026-09-30,2024-12-31
CUST-001212,Solis-West,Strategic,Insurance,Active,True,5304733.83,3323173.85,57.0,1.0,100.0,1.2985094852771535,7,3,3155182.62,71.42857142857143,1343,7.203405521083095,0.3038101277570324,30.38,0,Medium,958576.43,1406,2026-09-30,2024-12-31
CUST-002491,"Bernard, Flores and Fleming",Mid-Market,Education,Active,False,206136.3,129515.56,29.0,1.0,100.0,1.38359479430136,3,2,154719.16,66.66666666666666,904,6.807934943699926,0.30371730409750675,30.37,0,Medium,46990.89,1407,2026-09-30,2024-12-31
CUST-000165,Castaneda-Ashley,Mid-Market,Transportation,Active,False,354411.01,218936.94,48.0,3.0,100.0,1.2520475501994892,4,4,332751.0,75.0,1160,7.057036981697891,0.3036575881654769,30.37,0,Medium,101042.37,1408,2026-09-30,2024-12-31
CUST-002219,Vazquez Ltd,Mid-Market,Professional Services,Active,True,209527.23,133665.69,24.0,0.0,0.0,1.4853472304248672,3,2,197814.37,100.0,1833,7.51425465281641,0.3032026272671605,30.32,0,Medium,59977.84,1409,2026-09-30,2024-12-31
CUST-001785,Peterson Ltd,Mid-Market,Banking,Active,True,159722.17,94080.0,23.0,0.0,0.0,1.1579166133377843,2,2,158372.68,100.0,1508,7.319202458767849,0.30219317556389486,30.22,0,Medium,47859.14,1410,2026-09-30,2024-12-31
CUST-001824,Good PLC,Enterprise,Healthcare,Active,True,669500.24,419260.49,29.0,0.0,0.0,1.6429812446134486,3,1,273994.51,66.66666666666666,1139,7.038783541388542,0.2999472653321077,29.99,0,Medium,82183.9,1411,2026-09-30,2024-12-31
CUST-000872,Kelley-Anderson,Mid-Market,Insurance,Active,True,164884.7,101694.96,30.0,0.0,0.0,1.4151686381257502,3,1,53915.88,100.0,1302,7.172424577124845,0.2997510569916815,29.98,0,Medium,16161.34,1412,2026-09-30,2024-12-31
CUST-000653,"Cox, Stark and Rodriguez",SMB,Education,Active,True,18367.18,11702.52,12.0,1.0,100.0,1.576845108016736,3,1,17417.48,33.33333333333333,1733,7.458186157340487,0.29948729630507714,29.95,0,Medium,5216.31,1413,2026-09-30,2024-12-31
CUST-000995,Mayo Ltd,Enterprise,Retail,Active,False,899152.36,548606.14,33.0,4.0,100.0,1.334054176584182,3,3,931449.98,100.0,332,5.808142489980444,0.29899802957424887,29.9,0,Medium,278501.71,1414,2026-09-30,2024-12-31
CUST-000499,"Kennedy, Johnson and Lucas",Enterprise,Retail,Active,False,1302622.48,805793.14,44.0,2.0,100.0,1.129185563096046,5,3,1009240.8,60.0,2039,7.620705086838262,0.2987745137474257,29.88,0,Medium,301535.43,1415,2026-09-30,2024-12-31
CUST-002045,"Harding, Kerr and Ward",Mid-Market,Healthcare,Active,False,238993.37,146541.1,32.0,1.0,0.0,1.363722720072804,3,2,163269.24,100.0,2016,7.6093665379542115,0.29794944610455376,29.79,0,Medium,48645.98,1416,2026-09-30,2024-12-31
CUST-002484,"Roberts, Stanton and Smith",Mid-Market,Education,Active,False,255237.74,158557.01,47.0,1.0,0.0,1.3102863349055336,4,4,247691.46,75.0,1015,6.923628628138427,0.29788659222305713,29.79,0,Medium,73783.96,1417,2026-09-30,2024-12-31
CUST-000808,Bailey LLC,Mid-Market,Professional Services,Active,False,156040.05,99805.25,34.0,2.0,50.0,0.9093064367672586,3,2,113858.59,33.33333333333333,1809,7.501082124259871,0.29701416817935244,29.7,0,Medium,33817.61,1418,2026-09-30,2024-12-31
CUST-002400,"Spencer, Torres and Newton",Mid-Market,Retail,Active,False,45259.49,28822.96,13.0,3.0,66.66666666666666,1.1852014330628062,2,1,37633.71,50.0,1748,7.466799475018602,0.2970007225081943,29.7,0,Medium,11177.24,1419,2026-09-30,2024-12-31
CUST-001755,Garcia Ltd,Mid-Market,Healthcare,Active,False,199966.17,126323.29,35.0,3.0,100.0,1.1532079038487861,3,3,196058.72,66.66666666666666,1645,7.406103381237015,0.29676350988574635,29.68,0,Medium,58183.07,1420,2026-09-30,2024-12-31
CUST-000492,Anderson-Bell,Enterprise,Media,Active,True,1127378.82,713608.75,43.0,2.0,100.0,1.1760963713598465,7,3,799460.3,100.0,1104,7.007600613951853,0.296663482992147,29.67,0,Medium,237170.68,1421,2026-09-30,2024-12-31
CUST-001094,Nicholson-Robertson,Mid-Market,Manufacturing,Active,False,203544.24,123454.59,35.0,0.0,0.0,1.3112401072147943,3,3,198394.45,100.0,1694,7.43543801981455,0.2960709452172562,29.61,0,Medium,58738.83,1422,2026-09-30,2024-12-31
CUST-000034,Frazier Inc,Strategic,Education,Active,False,7349384.02,4630497.8,84.0,2.0,100.0,1.20257028336187,7,7,6978732.87,100.0,491,6.198478716492308,0.29523149724863196,29.52,0,Medium,2060341.75,1423,2026-09-30,2024-12-31
CUST-001176,Warner-Phillips,Enterprise,Retail,Active,True,1390242.32,874429.79,60.0,3.0,66.66666666666666,1.0956196390308335,6,6,1527599.39,100.0,291,5.676753802268282,0.2949359064578487,29.49,0,Medium,450543.91,1424,2026-09-30,2024-12-31
CUST-001335,"Kennedy, Rowe and Diaz",Enterprise,Education,Active,False,1045524.38,661258.07,48.0,3.0,66.66666666666666,1.016437886593191,5,2,532279.92,80.0,2026,7.614312146452,0.29492814195223693,29.49,0,Medium,156984.33,1425,2026-09-30,2024-12-31
CUST-000068,Novak and Sons,Enterprise,Healthcare,Active,True,465441.07,289608.59,26.0,1.0,100.0,1.4265598184809323,5,1,216581.41,80.0,957,6.86484777797086,0.29491144601077707,29.49,0,Medium,63872.34,1426,2026-09-30,2024-12-31
CUST-000356,Strickland-Palmer,Mid-Market,Transportation,Active,False,256557.07,160847.65,47.0,3.0,0.0,1.2834260326812947,4,4,244382.55,75.0,338,5.82600010738045,0.2948708270131684,29.49,0,Medium,72061.28,1427,2026-09-30,2024-12-31
CUST-000439,Davis-Gregory,Mid-Market,Telecommunications,Active,True,46798.88,28039.21,12.0,1.0,100.0,1.1661738453042436,2,1,44443.49,100.0,1564,7.355641102974253,0.29447887012989077,29.45,0,Medium,13087.67,1428,2026-09-30,2024-12-31
CUST-000113,"Rodriguez, Brennan and Garrison",Mid-Market,Manufacturing,Active,False,70912.24,42088.89,12.0,1.0,100.0,1.1164939161784588,2,1,66757.95,100.0,862,6.760414691083428,0.2935632883938643,29.36,0,Medium,19597.68,1429,2026-09-30,2024-12-31
CUST-000610,Blevins-Ballard,Mid-Market,Banking,Active,False,377491.47,239610.17,57.0,0.0,0.0,1.401112980423295,5,4,283676.4,80.0,1070,6.976348070447749,0.29300834349373844,29.3,0,Medium,83119.55,1430,2026-09-30,2024-12-31
CUST-000613,"Scott, Mendoza and Harris",SMB,Telecommunications,Active,False,6163.63,3569.91,10.0,0.0,0.0,1.181227524486428,1,1,6844.71,100.0,478,6.171700597410915,0.2929516809907904,29.3,0,Medium,2005.17,1431,2026-09-30,2024-12-31
CUST-001705,Williams Group,Enterprise,Insurance,Active,True,561426.2,370748.97,18.0,2.0,50.0,1.280676584415279,5,1,425061.69,60.0,1552,7.347943823148687,0.29283338344876714,29.28,0,Medium,124472.25,1432,2026-09-30,2024-12-31
CUST-000412,Graham Group,Mid-Market,Manufacturing,Active,True,121773.39,79513.97,23.0,0.0,0.0,1.0322381898709079,2,2,123468.63,100.0,1296,7.167809184316444,0.29189677613107673,29.19,0,Medium,36040.1,1433,2026-09-30,2024-12-31
CUST-000093,"Garcia, Humphrey and Baker",Mid-Market,Healthcare,Active,False,55677.01,33462.37,17.0,2.0,100.0,1.2347063110161764,4,1,35033.61,75.0,1040,6.947937068614969,0.2916074321303535,29.16,0,Medium,10216.06,1434,2026-09-30,2024-12-31
CUST-000846,Weaver-Sherman,Enterprise,Retail,Active,True,408446.18,255435.63,21.0,0.0,0.0,1.5123558253887206,6,1,242273.7,83.33333333333334,1926,7.563719668414366,0.2915293810759314,29.15,0,Medium,70629.9,1435,2026-09-30,2024-12-31
CUST-001787,Stephens-Young,Mid-Market,Professional Services,Active,False,281610.73,172662.88,42.0,2.0,100.0,1.3119888510367184,4,3,235928.64,75.0,575,6.3561076606958915,0.29135530053749353,29.14,0,Medium,68739.06,1436,2026-09-30,2024-12-31
CUST-000344,Davis-Lewis,SMB,Telecommunications,Active,False,20002.26,12187.72,12.0,1.0,100.0,1.0610965606179454,1,1,19077.21,100.0,1943,7.572502985020384,0.29042434618949337,29.04,0,Medium,5540.49,1437,2026-09-30,2024-12-31
CUST-000667,"Stuart, Brooks and Vance",Enterprise,Media,Active,True,1656833.37,1046245.15,72.0,3.0,66.66666666666666,1.2930260527475483,6,6,1565649.16,100.0,340,5.831882477283517,0.2893264064321628,28.93,0,Medium,452983.65,1438,2026-09-30,2024-12-31
CUST-001073,Bartlett-Sloan,Mid-Market,Telecommunications,Active,True,243168.27,154558.6,44.0,1.0,0.0,1.3271957008602675,4,3,198973.23,50.0,696,6.546785410760524,0.28894608024302415,28.89,0,Medium,57492.53,1439,2026-09-30,2024-12-31
CUST-001941,Montgomery PLC,Strategic,Professional Services,Active,False,5408347.32,3394663.59,55.0,4.0,50.0,1.5027795228254186,7,3,3016698.21,57.14285714285714,1949,7.575584651557793,0.28892122866579745,28.89,0,Medium,871588.15,1440,2026-09-30,2024-12-31
CUST-002151,"Brown, Baker and Garza",Enterprise,Insurance,Active,False,640011.49,403242.52,38.0,1.0,0.0,1.3138180615257464,6,3,588733.05,83.33333333333334,1941,7.571473648851271,0.2886896510870645,28.87,0,Medium,169961.14,1441,2026-09-30,2024-12-31
CUST-001275,"Robinson, White and Jones",Strategic,Healthcare,Active,True,5266831.21,3283133.73,58.0,4.0,50.0,1.3839216046799558,8,5,5272441.69,100.0,1605,7.381501894506707,0.2884304593142522,28.84,0,Medium,1520732.78,1442,2026-09-30,2024-12-31
CUST-001709,Davis LLC,Enterprise,Education,Active,True,1576041.21,1002958.98,54.0,0.0,0.0,1.24766852906379,7,4,1403269.05,85.71428571428571,1331,7.194436851100335,0.2884058135901911,28.84,0,Medium,404710.95,1443,2026-09-30,2024-12-31
CUST-001320,Stewart Group,Mid-Market,Insurance,Active,False,224701.26,140202.18,41.0,1.0,100.0,1.3069169949288446,5,3,175797.12,80.0,854,6.75110146893676,0.2883186136081711,28.83,0,Medium,50685.58,1444,2026-09-30,2024-12-31
CUST-002270,Gordon LLC,Mid-Market,Technology,Active,False,71576.62,46479.84,10.0,0.0,0.0,1.2178851862875897,3,1,78709.98,100.0,811,6.699500340161678,0.2880938154067001,28.81,0,Medium,22675.86,1445,2026-09-30,2024-12-31
CUST-002425,"Fox, Chapman and Stone",Mid-Market,Energy,Active,False,208804.71,136680.58,35.0,1.0,100.0,1.1595075834491213,5,2,129616.95,40.0,1641,7.403670290012373,0.288071136119222,28.81,0,Medium,37338.9,1446,2026-09-30,2024-12-31
CUST-000654,"Leach, Harris and Herrera",Enterprise,Transportation,Active,True,944351.37,583584.63,42.0,1.0,100.0,1.3787182469178836,5,2,679797.82,80.0,570,6.3473892096560105,0.287582055516138,28.76,0,Medium,195497.65,1447,2026-09-30,2024-12-31
CUST-001534,"Wilson, Mccormick and Smith",Strategic,Media,Active,False,4257857.53,2662204.53,44.0,5.0,80.0,1.1714642208043544,7,1,1355738.25,100.0,1480,7.300472814267799,0.2872268922242072,28.72,0,Medium,389404.48,1448,2026-09-30,2024-12-31
CUST-002495,Smith-Holt,Mid-Market,Manufacturing,Active,True,216412.97,130323.81,34.0,0.0,0.0,1.3887617532007366,3,3,222085.09,100.0,1085,6.990256500493881,0.2869617196024106,28.7,0,Medium,63729.92,1449,2026-09-30,2024-12-31
CUST-002190,Colon-Lucas,Mid-Market,Telecommunications,Active,True,161786.3,101863.37,35.0,3.0,100.0,1.4272485506942079,3,1,91285.57,66.66666666666666,371,5.918893854273146,0.2856519533466479,28.57,0,Medium,26075.9,1450,2026-09-30,2024-12-31
CUST-001552,"Brown, Coffey and Fuentes",Enterprise,Insurance,Active,True,1448583.52,916623.32,69.0,1.0,0.0,1.1913952567720336,7,5,1281985.37,100.0,1162,7.0587581525186645,0.2854730224283892,28.55,0,Medium,365972.24,1451,2026-09-30,2024-12-31
CUST-001040,Barron and Sons,Enterprise,Media,Active,False,991551.7,629171.15,50.0,4.0,75.0,1.5244697650196612,5,4,907447.84,60.0,740,6.608000625296087,0.2854559133955068,28.55,0,Medium,259036.35,1452,2026-09-30,2024-12-31
CUST-000974,Crane Group,Strategic,Retail,Active,True,5298557.54,3369770.74,64.0,4.0,75.0,1.0954229134270244,8,4,3494509.59,75.0,1429,7.265429723253953,0.285375400699183,28.54,0,Medium,997247.07,1453,2026-09-30,2024-12-31
CUST-002146,"Dalton, Turner and Mccarthy",Mid-Market,Telecommunications,Active,False,147171.42,92920.03,26.0,0.0,0.0,1.4211597631571748,3,2,136104.58,100.0,1317,7.183870715062453,0.28511529108975225,28.51,0,Medium,38805.5,1454,2026-09-30,2024-12-31
CUST-001834,Yu-Yates,Mid-Market,Telecommunications,Active,False,279141.22,178362.05,48.0,0.0,0.0,1.1018619405053145,5,3,208678.74,80.0,922,6.827629234502852,0.28386674870957346,28.39,0,Medium,59236.96,1455,2026-09-30,2024-12-31
CUST-001291,Harris Ltd,Mid-Market,Professional Services,Active,False,172434.63,104963.25,24.0,0.0,0.0,1.4105647246965214,3,2,167310.52,100.0,1699,7.438383530044307,0.28317415837653337,28.32,0,Medium,47378.02,1456,2026-09-30,2024-12-31
CUST-001368,Burke-Norton,Enterprise,Insurance,Active,False,1295356.97,801153.25,64.0,3.0,66.66666666666666,1.251833492251805,6,5,1132112.86,83.33333333333334,968,6.876264611890766,0.283104371648704,28.31,0,Medium,320506.1,1457,2026-09-30,2024-12-31
CUST-001825,Bush-Wilson,SMB,Banking,Active,False,47726.06,29568.31,36.0,0.0,0.0,1.3616930460864662,3,3,45423.45,66.66666666666666,567,6.342121418721152,0.2817684181669188,28.18,0,Medium,12798.89,1458,2026-09-30,2024-12-31
CUST-001132,Arroyo LLC,Mid-Market,Professional Services,Active,False,129349.64,83018.22,24.0,0.0,0.0,1.297537714824582,4,2,122470.52,75.0,1768,7.478169694159785,0.281660712621124,28.17,0,Medium,34495.13,1459,2026-09-30,2024-12-31
CUST-002397,Orr Inc,Enterprise,Media,Active,False,958100.77,579911.68,42.0,1.0,0.0,1.2858038836354195,5,2,468494.8,80.0,659,6.492239835020471,0.2812779910292276,28.13,0,Medium,131777.28,1460,2026-09-30,2024-12-31
CUST-000477,Scott and Sons,Mid-Market,Technology,Active,True,166971.3,105658.99,37.0,2.0,100.0,1.2044444755777366,4,2,118059.21,100.0,1997,7.599901959208498,0.2811868916968151,28.12,0,Medium,33196.7,1461,2026-09-30,2024-12-31
CUST-000932,Moore-Ayala,Mid-Market,Energy,Active,False,60164.31,37495.69,15.0,0.0,0.0,1.5055493285115933,2,1,37507.73,100.0,1920,7.560601162768557,0.2809870081358837,28.1,0,Medium,10539.18,1462,2026-09-30,2024-12-31
CUST-001113,Coleman-Bennett,Enterprise,Education,Active,False,1596319.62,1014684.77,74.0,1.0,100.0,1.2885655671664176,7,5,1283305.15,71.42857142857143,539,6.29156913955832,0.27997592190817067,28.0,0,Medium,359294.54,1463,2026-09-30,2024-12-31
CUST-000776,"Weber, Wheeler and Gonzalez",Mid-Market,Education,Active,True,220457.35,131876.77,36.0,0.0,0.0,1.249795505546301,4,3,208573.81,100.0,1079,6.984716320118266,0.2797185556939749,27.97,0,Medium,58341.96,1464,2026-09-30,2024-12-31
CUST-002368,Leon Group,Mid-Market,Media,Active,False,269619.93,167322.71,36.0,1.0,100.0,1.25858796791996,4,3,249581.68,100.0,1315,7.182352111885263,0.2795080471176427,27.95,0,Medium,69760.09,1465,2026-09-30,2024-12-31
CUST-000694,Faulkner-Grant,SMB,Banking,Active,False,30530.24,19747.08,23.0,0.0,0.0,1.172486961696338,2,2,29460.64,50.0,402,5.998936561946683,0.27879107179671025,27.88,0,Medium,8213.36,1466,2026-09-30,2024-12-31
CUST-000962,Haynes-Moss,Enterprise,Retail,Active,True,1388895.65,897701.71,58.0,1.0,100.0,1.2302649115128879,7,5,1340925.22,85.71428571428571,891,6.79346613258001,0.2785621746432966,27.86,0,Medium,373531.05,1467,2026-09-30,2024-12-31
CUST-001111,"Owen, Walker and Franklin",SMB,Telecommunications,Active,True,25477.14,16395.01,24.0,0.0,0.0,1.4726410186410908,2,2,24412.18,100.0,977,6.885509670034818,0.27855028018585615,27.86,0,Medium,6800.02,1468,2026-09-30,2024-12-31
CUST-000876,Alexander Inc,Mid-Market,Transportation,Active,True,112785.0,69514.36,24.0,3.0,100.0,1.2845336922814377,2,2,104853.35,100.0,662,6.4967749901858625,0.27763861518381844,27.76,0,Medium,29111.34,1469,2026-09-30,2024-12-31
CUST-000151,Salazar-Ball,Mid-Market,Transportation,Active,False,155972.68,97166.84,24.0,4.0,75.0,1.4501632369325508,2,2,146080.29,100.0,1877,7.537962659768208,0.27755577615316557,27.76,0,Medium,40545.43,1470,2026-09-30,2024-12-31
CUST-000552,"Fowler, Jimenez and Burton",SMB,Media,Active,True,7240.73,4480.98,12.0,0.0,0.0,1.3940237753141314,1,1,6687.43,0.0,1189,7.081708586105575,0.27734799368483953,27.73,0,Medium,1854.75,1471,2026-09-30,2024-12-31
CUST-000200,Christensen PLC,Enterprise,Energy,Active,False,689400.38,432430.22,37.0,0.0,0.0,1.2112044170570364,5,2,382029.63,100.0,1926,7.563719668414366,0.2772369985682856,27.72,0,Medium,105912.75,1472,2026-09-30,2024-12-31
CUST-000349,Schroeder-Kramer,Enterprise,Technology,Active,True,273377.43,167395.38,17.0,4.0,50.0,1.3429413581799343,3,1,198028.21,66.66666666666666,1715,7.447751280047908,0.2770181270023327,27.7,0,Medium,54857.4,1473,2026-09-30,2024-12-31
CUST-001242,"Valencia, Joseph and Walls",Mid-Market,Education,Active,True,326184.38,208583.3,55.0,1.0,0.0,1.1951807033233415,5,5,334097.05,80.0,332,5.808142489980444,0.2764734531142334,27.65,0,Medium,92368.97,1474,2026-09-30,2024-12-31
CUST-001728,Peterson-Ramsey,Mid-Market,Telecommunications,Active,True,120064.13,79079.0,23.0,2.0,100.0,1.4778318987234558,2,1,63025.09,100.0,1772,7.480428306074208,0.2753737693254103,27.54,0,Medium,17355.46,1475,2026-09-30,2024-12-31
CUST-000045,"Arroyo, Miller and Tucker",Enterprise,Healthcare,Active,True,1361718.26,897434.29,56.0,2.0,50.0,1.3319646168637558,5,4,1127554.91,80.0,860,6.7580945044277305,0.2749622890596172,27.5,0,Medium,310035.08,1476,2026-09-30,2024-12-31
CUST-001999,Flores LLC,Mid-Market,Professional Services,Active,False,217004.98,129606.21,34.0,1.0,0.0,1.5178619806095393,3,3,209501.24,66.66666666666666,1694,7.43543801981455,0.2741753456747699,27.42,0,Medium,57440.07,1477,2026-09-30,2024-12-31
CUST-002404,"Ramos, Reed and Cain",Mid-Market,Energy,Active,False,77347.89,47060.1,10.0,2.0,0.0,1.6062903121854968,3,1,87985.36,100.0,2018,7.610357618312838,0.2739455916921714,27.39,0,Medium,24103.2,1478,2026-09-30,2024-12-31
CUST-000090,Moore-Bass,Mid-Market,Healthcare,Active,True,275886.66,173514.64,48.0,3.0,66.66666666666666,1.2994699516764654,4,4,265222.26,100.0,354,5.872117789475416,0.2731263630000552,27.31,0,Medium,72439.19,1479,2026-09-30,2024-12-31
CUST-001265,"Morrison, Parsons and Brandt",Enterprise,Manufacturing,Active,False,982442.69,615512.24,58.0,3.0,66.66666666666666,1.196225273437512,6,3,595869.74,66.66666666666666,539,6.29156913955832,0.2724129058303156,27.24,0,Medium,162322.61,1480,2026-09-30,2024-12-31
CUST-000584,"Kirby, Wheeler and Romero",Mid-Market,Healthcare,Active,False,207500.03,134268.75,33.0,2.0,50.0,1.226545341188982,3,2,150150.4,66.66666666666666,826,6.717804695023691,0.27192840382838657,27.19,0,Medium,40830.16,1481,2026-09-30,2024-12-31
CUST-002031,Gould LLC,SMB,Technology,Active,True,18457.59,11672.88,20.0,1.0,100.0,1.3642228919502934,2,1,12322.16,100.0,780,6.660575149839686,0.2717446634063113,27.17,0,Medium,3348.48,1482,2026-09-30,2024-12-31
CUST-002402,"Bishop, Thomas and Powell",Mid-Market,Manufacturing,Active,False,275848.67,168804.18,35.0,2.0,50.0,1.4231052548489558,4,2,174181.52,50.0,692,6.541029999189903,0.2715390655852555,27.15,0,Medium,47297.09,1483,2026-09-30,2024-12-31
CUST-002439,Zuniga LLC,Enterprise,Education,Active,False,454856.02,289850.15,30.0,0.0,0.0,1.0740047531594514,3,1,129799.72,100.0,476,6.1675164908883415,0.27153605640833683,27.15,0,Medium,35245.3,1484,2026-09-30,2024-12-31
CUST-000350,"Smith, Garrison and Thomas",Mid-Market,Energy,Active,True,100890.24,62470.44,12.0,0.0,0.0,1.5657771645571785,2,1,93059.47,100.0,1374,7.226209010100671,0.27146078525466355,27.15,0,Medium,25262.0,1485,2026-09-30,2024-12-31
CUST-000084,"Edwards, Baker and Anderson",Enterprise,Professional Services,Active,False,966534.12,598771.67,52.0,4.0,100.0,1.1233542885563281,5,4,866751.57,80.0,567,6.342121418721152,0.2714112005197724,27.14,0,Medium,235246.08,1486,2026-09-30,2024-12-31
CUST-001496,Ballard Group,SMB,Technology,Active,False,11530.17,7632.64,10.0,0.0,0.0,1.2759123584949743,1,1,12852.62,0.0,280,5.638354669333745,0.27086202281940763,27.09,0,Medium,3481.29,1487,2026-09-30,2024-12-31
CUST-001638,"Hill, Brown and Scott",Mid-Market,Professional Services,Active,False,139432.11,88426.13,36.0,1.0,100.0,1.215614777302794,4,2,95501.36,50.0,1528,7.332369205929062,0.2707540372413935,27.08,0,Medium,25857.38,1488,2026-09-30,2024-12-31
CUST-000645,Sullivan PLC,Mid-Market,Banking,Active,False,248734.36,155494.04,36.0,0.0,0.0,1.3588731577711233,3,3,236100.14,66.66666666666666,1038,6.946013991099227,0.2690363737544843,26.9,0,Medium,63519.53,1489,2026-09-30,2024-12-31
CUST-000170,Hooper PLC,Enterprise,Technology,Active,True,345029.85,212163.69,12.0,2.0,100.0,1.1745028294445405,3,1,318350.17,100.0,1170,7.065613363597717,0.2690099312171989,26.9,0,Medium,85639.36,1490,2026-09-30,2024-12-31
CUST-001987,Cruz Ltd,Enterprise,Banking,Active,False,536722.99,337941.19,20.0,2.0,100.0,1.1122146134104245,4,1,294484.6,100.0,1757,7.471932078245122,0.26872278883186357,26.87,0,Medium,79134.72,1491,2026-09-30,2024-12-31
CUST-000465,"Rosales, Mitchell and Hines",Mid-Market,Transportation,Active,False,99298.81,59767.91,23.0,1.0,100.0,1.8263538783777944,5,1,34073.95,100.0,1641,7.403670290012373,0.2683087552701992,26.83,0,Medium,9142.34,1492,2026-09-30,2024-12-31
CUST-000677,Mendez-Mayer,Mid-Market,Insurance,Active,False,159684.17,101362.36,24.0,2.0,100.0,1.1991437019000415,3,2,150973.19,66.66666666666666,1025,6.933423025730715,0.26782956562434246,26.78,0,Medium,40435.08,1493,2026-09-30,2024-12-31
CUST-001120,"Nguyen, Hill and Douglas",Mid-Market,Telecommunications,Active,False,262037.39,171069.45,43.0,0.0,0.0,1.1736765937551918,5,3,224341.64,80.0,2051,7.62657020629066,0.26755531670292293,26.76,0,Medium,60023.8,1494,2026-09-30,2024-12-31
CUST-000098,Davis Group,Strategic,Education,Active,True,4405298.67,2670732.53,51.0,1.0,100.0,1.2899568680800666,6,3,3504126.95,66.66666666666666,586,6.375024819828097,0.26731019762207076,26.73,0,Medium,936688.87,1495,2026-09-30,2024-12-31
CUST-001752,Reeves-Boyd,Mid-Market,Healthcare,Active,False,294337.26,184447.61,48.0,0.0,0.0,1.3729603893180211,4,4,278483.81,75.0,1130,7.030857476116121,0.2664427073664004,26.64,0,Medium,74199.98,1496,2026-09-30,2024-12-31
CUST-002121,Lutz Group,Mid-Market,Manufacturing,Active,False,210734.99,129156.2,33.0,3.0,0.0,1.422362297180211,3,3,214670.42,100.0,304,5.720311776607412,0.2659546027478451,26.6,0,Medium,57092.59,1497,2026-09-30,2024-12-31
CUST-001143,Maxwell Group,SMB,Manufacturing,Active,False,35374.2,22489.28,33.0,0.0,0.0,1.1542693396949637,3,3,35980.34,100.0,317,5.762051382780177,0.2658325198104326,26.58,0,Medium,9564.74,1498,2026-09-30,2024-12-31
CUST-000078,Yu Inc,Strategic,Media,Active,True,1583831.34,959385.04,20.0,4.0,75.0,1.2489904366764848,5,1,995959.42,80.0,1292,7.164720378771857,0.26559053607987637,26.56,0,Medium,264517.4,1499,2026-09-30,2024-12-31
CUST-002448,Hughes-Mccullough,Mid-Market,Manufacturing,Active,False,122397.89,76491.68,36.0,1.0,100.0,1.2939434670002725,3,3,114305.2,66.66666666666666,625,6.439350371100098,0.2655049092874243,26.55,0,Medium,30348.59,1500,2026-09-30,2024-12-31
CUST-002120,Crosby-Richardson,Mid-Market,Telecommunications,Active,False,150368.3,101935.29,26.0,0.0,0.0,1.3249404608336615,3,1,85259.18,66.66666666666666,966,6.874198495453294,0.2654127087146174,26.54,0,Medium,22628.87,1501,2026-09-30,2024-12-31
CUST-001372,Cruz-Rodriguez,Enterprise,Transportation,Active,True,534315.9,317216.14,15.0,2.0,50.0,1.191629004854617,4,1,461118.53,100.0,1981,7.591861714889934,0.26530574701433873,26.53,0,Medium,122337.4,1502,2026-09-30,2024-12-31
CUST-001617,Todd Inc,SMB,Professional Services,Active,False,45777.27,28802.76,32.0,2.0,100.0,1.2924029516020554,3,2,31946.89,66.66666666666666,1862,7.529943370601589,0.2649042168219716,26.49,0,Medium,8462.87,1503,2026-09-30,2024-12-31
CUST-001476,Page-Jacobs,SMB,Healthcare,Active,False,46643.69,29741.74,33.0,1.0,100.0,1.0990854502186065,3,2,34368.0,66.66666666666666,472,6.159095388491933,0.26483457655680004,26.48,0,Medium,9101.83,1504,2026-09-30,2024-12-31
CUST-001931,"Bennett, Moore and Hobbs",Strategic,Banking,Active,True,5787237.52,3644947.61,64.0,5.0,80.0,1.2711998924674683,7,4,3894131.7,85.71428571428571,1271,7.148345743900068,0.2641563672454158,26.42,0,Medium,1028659.68,1505,2026-09-30,2024-12-31
CUST-000867,"Smith, Schroeder and Oconnor",Enterprise,Technology,Active,False,441502.25,267382.72,24.0,3.0,66.66666666666666,1.4702650489290752,3,2,423164.09,100.0,2092,7.646353722445999,0.2634450292678554,26.34,0,Medium,111480.48,1506,2026-09-30,2024-12-31
CUST-000824,Rose-Fowler,Enterprise,Banking,Active,False,1066083.55,684233.03,56.0,3.0,66.66666666666666,1.3505199462426134,5,3,542355.16,100.0,796,6.680854678790215,0.26251646040171234,26.25,0,Medium,142377.16,1507,2026-09-30,2024-12-31
CUST-000817,Foster-Mclaughlin,Mid-Market,Professional Services,Active,True,223801.99,143689.55,36.0,2.0,100.0,1.2772593113385144,3,3,210581.33,66.66666666666666,424,6.052089168924417,0.26232494290067176,26.23,0,Medium,55240.74,1508,2026-09-30,2024-12-31
CUST-001089,"Cohen, Compton and Perez",Mid-Market,Telecommunications,Active,False,240241.4,149547.73,36.0,1.0,0.0,1.3449501810034614,3,3,222174.43,100.0,1925,7.563200592358071,0.2618153983547253,26.18,0,Medium,58168.69,1509,2026-09-30,2024-12-31
CUST-000989,Mendez PLC,Enterprise,Manufacturing,Active,True,1224175.2,786608.03,60.0,3.0,100.0,1.289737158440013,6,3,586761.39,100.0,839,6.733401891837359,0.26177162800861803,26.18,0,Medium,153597.48,1510,2026-09-30,2024-12-31
CUST-000748,Goodwin Ltd,Enterprise,Energy,Active,True,1522995.28,952263.06,57.0,3.0,33.33333333333333,1.4130555672440286,7,5,1545873.7,71.42857142857143,1691,7.433666540166168,0.26022118565167346,26.02,0,Medium,402269.09,1511,2026-09-30,2024-12-31
CUST-000494,"Marshall, Dominguez and Welch",Enterprise,Professional Services,Active,False,556491.97,360651.68,25.0,2.0,50.0,1.1581004488368642,6,1,253854.87,83.33333333333334,1998,7.6004023345004,0.2599976759991735,26.0,0,Medium,66001.68,1512,2026-09-30,2024-12-31
CUST-001165,"Vang, Stanley and Valdez",Mid-Market,Healthcare,Active,False,139039.25,89809.68,23.0,1.0,100.0,1.3095308805112362,3,1,90441.37,66.66666666666666,1981,7.591861714889934,0.25990280276215233,25.99,0,Medium,23505.97,1513,2026-09-30,2024-12-31
CUST-001540,"Moody, Martinez and Hall",Mid-Market,Manufacturing,Active,False,179022.22,119015.31,28.0,0.0,0.0,1.2553264234244619,3,2,173251.44,33.33333333333333,940,6.846943139585379,0.25972101577930556,25.97,0,Medium,44997.04,1514,2026-09-30,2024-12-31
CUST-000997,Durham-Shaw,Mid-Market,Education,Active,False,86231.77,53816.53,18.0,1.0,100.0,1.5883574556307618,3,1,45741.81,100.0,1352,7.210079628170788,0.2592778043152677,25.93,0,Medium,11859.84,1515,2026-09-30,2024-12-31
CUST-000066,Morton-Chase,Enterprise,Technology,Active,True,1461155.22,932613.64,53.0,3.0,0.0,1.258780741081389,5,4,1241878.64,100.0,672,6.511745329644728,0.2591443594316272,25.91,0,Medium,321825.84,1516,2026-09-30,2024-12-31
CUST-000689,David-Powers,Mid-Market,Media,Active,False,199187.57,118587.81,46.0,1.0,100.0,1.411790307446178,4,4,198403.76,100.0,664,6.499787040655854,0.2589494255274548,25.89,0,Medium,51376.54,1517,2026-09-30,2024-12-31
CUST-000341,Garcia-Jennings,Enterprise,Media,Active,True,544033.32,346020.6,24.0,0.0,0.0,1.1025031643076733,4,2,519735.99,75.0,1674,7.423568444259167,0.25864091973744174,25.86,0,Medium,134424.99,1518,2026-09-30,2024-12-31
CUST-002106,Jackson-Webster,Mid-Market,Insurance,Active,True,223220.79,134285.87,31.0,1.0,100.0,1.3987460180767188,3,2,162183.36,0.0,541,6.295266001439646,0.2583186250348922,25.83,0,Medium,41894.98,1519,2026-09-30,2024-12-31
CUST-001993,Harvey-Diaz,Enterprise,Energy,Active,False,1721984.95,1080344.55,67.0,1.0,100.0,1.4167278187703478,7,4,1156878.15,100.0,1446,7.277247726631484,0.2570605349270309,25.71,0,Medium,297387.72,1520,2026-09-30,2024-12-31
CUST-000020,"Reid, Ferguson and Sanchez",SMB,Energy,Active,False,33226.23,20621.89,24.0,1.0,100.0,1.377483422450452,2,2,32195.1,50.0,504,6.22455842927536,0.25697222226215577,25.7,0,Medium,8273.25,1521,2026-09-30,2024-12-31
CUST-002203,Hahn-Ramsey,Mid-Market,Telecommunications,Active,False,337260.28,215511.14,55.0,2.0,50.0,1.2148608431041852,5,5,351862.94,100.0,332,5.808142489980444,0.2565597111867779,25.66,0,Medium,90273.85,1522,2026-09-30,2024-12-31
CUST-002297,"Castillo, Fuller and Adams",Mid-Market,Energy,Active,False,262402.15,165261.44,46.0,3.0,100.0,1.231608191030861,5,2,127181.72,60.0,800,6.68586094706836,0.2555147254438944,25.55,0,Medium,32496.8,1523,2026-09-30,2024-12-31
CUST-001983,"Silva, Bray and Ford",Strategic,Telecommunications,Active,True,7922676.45,4920478.27,70.0,5.0,80.0,1.209684237894667,7,7,8967926.95,85.71428571428571,285,5.655991810819852,0.2543307499678788,25.43,0,Medium,2280819.59,1524,2026-09-30,2024-12-31
CUST-000767,Johnson LLC,Mid-Market,Healthcare,Active,False,171581.92,106266.87,25.0,0.0,0.0,1.3825227131784366,5,2,157641.39,80.0,1998,7.6004023345004,0.25407887619367375,25.41,0,Medium,40053.35,1525,2026-09-30,2024-12-31
CUST-000914,Hunter-Fuller,Mid-Market,Media,Active,False,86583.82,56728.12,13.0,1.0,100.0,1.2023864803636006,2,1,73503.8,50.0,1173,7.068172000388042,0.2533941191946227,25.34,0,Medium,18625.43,1526,2026-09-30,2024-12-31
CUST-001925,"Gardner, Morris and Oconnell",Mid-Market,Insurance,Active,True,158523.73,103313.48,27.0,1.0,100.0,1.442276800612055,4,1,42037.58,100.0,1391,7.238496840894365,0.2529962220398802,25.3,0,Medium,10635.35,1527,2026-09-30,2024-12-31
CUST-000184,"Higgins, Strickland and Martin",Mid-Market,Banking,Active,True,264763.38,164803.3,39.0,1.0,100.0,1.3836828382323447,4,3,229679.47,25.0,871,6.77078942390898,0.25294677819072003,25.29,0,Medium,58096.68,1528,2026-09-30,2024-12-31
CUST-002406,Medina Group,Enterprise,Banking,Active,False,1086527.51,686451.06,51.0,1.0,100.0,1.3620053631805993,5,2,529555.34,100.0,463,6.139884552226255,0.25268910571777564,25.27,0,Medium,133812.87,1529,2026-09-30,2024-12-31
CUST-001142,Thomas-Huffman,Strategic,Professional Services,Active,True,3514982.37,2175860.86,46.0,9.0,66.66666666666666,1.3721153534100776,6,3,2351872.77,83.33333333333334,657,6.489204931325317,0.2522461455378673,25.22,0,Medium,593250.84,1530,2026-09-30,2024-12-31
CUST-002366,"Curry, Estrada and Anderson",Enterprise,Media,Active,False,1151715.56,735364.41,64.0,4.0,75.0,1.3783005022084902,7,5,1018984.52,100.0,675,6.516193076042964,0.2518047350415143,25.18,0,Medium,256585.13,1531,2026-09-30,2024-12-31
CUST-001232,"Taylor, Porter and Moreno",Mid-Market,Insurance,Active,True,259173.03,164139.3,57.0,0.0,0.0,1.2042335506938195,5,4,196373.59,80.0,836,6.729824070489475,0.2515211905676978,25.15,0,Medium,49392.12,1532,2026-09-30,2024-12-31
CUST-001576,"Ramos, Gomez and Edwards",Mid-Market,Banking,Active,False,240466.78,154211.82,37.0,0.0,0.0,1.2433802865886547,4,3,217459.47,75.0,659,6.492239835020471,0.2504197555615362,25.04,0,Medium,54456.15,1533,2026-09-30,2024-12-31
CUST-002331,Clark Inc,Strategic,Telecommunications,Active,False,6933914.19,4310605.93,83.0,6.0,66.66666666666666,1.240205483421592,8,7,6700202.23,87.5,1081,6.9865664594064265,0.25004207948564816,25.0,0,Medium,1675332.5,1534,2026-09-30,2024-12-31
CUST-002390,"Fisher, Perez and Pham",Strategic,Banking,Active,True,3217480.08,2005249.9,45.0,2.0,100.0,1.199546009783331,8,2,1450382.78,100.0,1515,7.323830566202317,0.24919487964775935,24.92,0,Medium,361427.96,1535,2026-09-30,2024-12-31
CUST-000550,Miller Ltd,Mid-Market,Education,Active,False,191296.79,127588.02,36.0,0.0,0.0,1.3345898464717887,5,3,178263.68,80.0,1137,7.037027614686276,0.2491336975477376,24.91,0,Medium,44411.49,1536,2026-09-30,2024-12-31
CUST-000595,Hernandez-Vaughn,Mid-Market,Energy,Active,False,203871.43,129776.56,36.0,4.0,50.0,1.1060094909808331,3,3,191221.92,33.33333333333333,467,6.148468295917647,0.2489436809402438,24.89,0,Medium,47603.49,1537,2026-09-30,2024-12-31
CUST-000415,Dixon Inc,Mid-Market,Insurance,Active,False,222817.38,139056.7,41.0,1.0,100.0,1.342403177674864,4,2,127196.05,75.0,521,6.257667587882639,0.24893693248590432,24.89,0,Medium,31663.79,1538,2026-09-30,2024-12-31
CUST-000140,Chambers and Sons,Strategic,Professional Services,Active,True,4888026.26,3162141.94,56.0,5.0,80.0,1.4019639153912493,8,4,4085124.42,75.0,1230,7.115582126184454,0.2488815544164687,24.89,0,Medium,1016712.12,1539,2026-09-30,2024-12-31
CUST-002303,"Crane, James and Ross",SMB,Transportation,Active,False,29463.39,17006.41,20.0,0.0,0.0,1.3445028232357155,2,2,32836.12,100.0,869,6.76849321164863,0.2486121122451254,24.86,0,Medium,8163.46,1540,2026-09-30,2024-12-31
CUST-000267,Valentine-Holland,Mid-Market,Banking,Active,False,187127.67,118824.49,31.0,0.0,0.0,1.501263849188538,4,2,140592.86,75.0,2006,7.604396348796338,0.24848996030125398,24.85,0,Medium,34935.91,1541,2026-09-30,2024-12-31
CUST-000510,Williams-Berg,Strategic,Manufacturing,Active,True,4061450.42,2516810.65,49.0,5.0,60.0,1.5118567834379921,5,3,3005399.37,60.0,1531,7.3343293503005365,0.24845777405686748,24.85,0,Medium,746714.84,1542,2026-09-30,2024-12-31
CUST-000410,Collier-Gillespie,Enterprise,Retail,Active,False,1846873.36,1167835.8,72.0,1.0,100.0,1.337740897818308,7,5,1522981.75,71.42857142857143,1454,7.282761179605593,0.24834954594890293,24.83,0,Medium,378231.83,1543,2026-09-30,2024-12-31
CUST-002235,Fuller LLC,Enterprise,Banking,Active,True,888184.11,564570.03,36.0,0.0,0.0,1.1996939263633384,6,3,869485.05,83.33333333333334,1880,7.53955882930103,0.24777584892461132,24.78,0,Medium,215437.4,1544,2026-09-30,2024-12-31
CUST-000967,"Howard, Townsend and Hayes",Strategic,Education,Active,True,7477800.55,4676515.63,83.0,3.0,66.66666666666666,1.168705758740903,7,6,6072499.44,85.71428571428571,718,6.577861357721047,0.24776390729692296,24.78,0,Medium,1504546.19,1545,2026-09-30,2024-12-31
CUST-002516,Blair PLC,SMB,Banking,Active,False,17942.3,11268.11,12.0,1.0,100.0,0.8146085911238897,1,1,16421.76,0.0,509,6.234410725718371,0.2475008087500799,24.75,0,Medium,4064.4,1546,2026-09-30,2024-12-31
CUST-002541,Blair PLC,SMB,Banking,Active,False,17942.3,11268.11,12.0,1.0,100.0,0.8146085911238897,1,1,16421.76,0.0,509,6.234410725718371,0.2475008087500799,24.75,0,Medium,4064.4,1547,2026-09-30,2024-12-31
CUST-002554,Morales-Jones,Enterprise,Transportation,Active,False,1525053.01,926824.18,68.0,6.0,66.66666666666666,1.298422736778203,7,5,1313859.37,100.0,1281,7.156176637480615,0.24723424494342947,24.72,0,Medium,324831.03,1548,2026-09-30,2024-12-31
CUST-002529,Morales-Jones,Enterprise,Transportation,Active,False,1525053.01,926824.18,68.0,6.0,66.66666666666666,1.298422736778203,7,5,1313859.37,100.0,1281,7.156176637480615,0.24723424494342947,24.72,0,Medium,324831.03,1549,2026-09-30,2024-12-31
CUST-002328,Miller Ltd,Mid-Market,Insurance,Active,False,218477.12,141509.36,40.0,0.0,0.0,1.3251890463400084,4,3,172618.04,50.0,621,6.432940092739179,0.2464160376179597,24.64,0,Medium,42535.85,1550,2026-09-30,2024-12-31
CUST-000460,"Valentine, Joyce and Murray",Mid-Market,Healthcare,Active,True,94832.03,58531.18,12.0,0.0,0.0,1.3582884241297575,3,1,90361.19,100.0,866,6.7650389767805414,0.24627081729731826,24.63,0,Medium,22253.32,1551,2026-09-30,2024-12-31
CUST-001298,Hamilton-Smith,Mid-Market,Professional Services,Active,False,227498.96,136659.75,36.0,3.0,33.33333333333333,1.3239312927343447,3,3,215189.52,100.0,762,6.637258031284457,0.24605364598108062,24.61,0,Medium,52948.17,1552,2026-09-30,2024-12-31
CUST-000382,Bruce-Villegas,Strategic,Technology,Active,True,5597566.93,3522015.46,54.0,2.0,100.0,1.420416834714259,5,2,2070625.73,80.0,429,6.063785208687608,0.2455373782970353,24.55,0,Medium,508416.01,1553,2026-09-30,2024-12-31
CUST-000338,Bass PLC,Mid-Market,Insurance,Active,True,169635.11,111926.96,48.0,1.0,100.0,1.4084388838311646,5,4,162325.27,80.0,1748,7.466799475018602,0.24546594521027526,24.55,0,Medium,39845.33,1554,2026-09-30,2024-12-31
CUST-000309,"Phillips, Spence and Barrett",Strategic,Technology,Active,False,2514894.69,1607712.82,30.0,4.0,50.0,1.1083156153494458,5,2,1968277.15,100.0,983,6.891625897052253,0.24543437222422806,24.54,0,Medium,483082.87,1555,2026-09-30,2024-12-31
CUST-001283,Cruz PLC,Mid-Market,Banking,Active,True,202835.22,129765.44,35.0,0.0,0.0,1.3224950915475204,4,3,195036.39,75.0,1289,7.162397497355718,0.24484512178074486,24.48,0,Medium,47753.71,1556,2026-09-30,2024-12-31
CUST-000052,Walker LLC,Enterprise,Technology,Active,True,566534.6,346839.08,31.0,0.0,0.0,1.3995487052225446,7,2,470153.56,71.42857142857143,1418,7.257707677160043,0.24432120242722521,24.43,0,Medium,114868.48,1557,2026-09-30,2024-12-31
CUST-000562,Wright-Davis,Mid-Market,Media,Active,False,112851.27,71606.75,24.0,1.0,100.0,1.5509397052818756,2,2,106286.83,100.0,1212,7.10085190894405,0.24370176583582917,24.37,0,Medium,25902.29,1558,2026-09-30,2024-12-31
CUST-001804,Wood PLC,Mid-Market,Energy,Active,False,140393.25,86115.63,31.0,3.0,66.66666666666666,1.3559347620489226,4,2,100561.36,100.0,1109,7.01211529430638,0.24368118541621966,24.37,0,Medium,24504.91,1559,2026-09-30,2024-12-31
CUST-002242,Duffy-Wilkerson,Mid-Market,Banking,Active,False,224020.69,143970.27,36.0,2.0,100.0,1.4063778449809308,3,3,207726.27,66.66666666666666,558,6.326149473155099,0.24308775723072118,24.31,0,Medium,50495.71,1560,2026-09-30,2024-12-31
CUST-000721,Landry Ltd,Enterprise,Energy,Active,False,1111541.53,697446.01,56.0,1.0,0.0,1.2863005984987104,6,4,876931.9,66.66666666666666,945,6.852242569051878,0.24276948241669188,24.28,0,Medium,212892.3,1561,2026-09-30,2024-12-31
CUST-001223,Smith LLC,Mid-Market,Insurance,Active,True,294607.7,191476.3,50.0,0.0,0.0,1.2947962933552655,5,5,334235.26,40.0,292,5.680172609017068,0.24235597651719717,24.24,0,Medium,81003.91,1562,2026-09-30,2024-12-31
CUST-000096,Harris-Walters,Mid-Market,Energy,Active,False,161718.28,100876.21,28.0,0.0,0.0,1.0771275143351233,3,2,141266.71,100.0,571,6.349138991379798,0.24190632368534662,24.19,0,Medium,34173.31,1563,2026-09-30,2024-12-31
CUST-002174,"Richard, Davis and Rogers",SMB,Technology,Active,False,9069.83,5897.27,12.0,0.0,0.0,1.6000760097686628,2,1,8666.89,50.0,1700,7.438971592395862,0.24185959237473445,24.19,0,Medium,2096.17,1564,2026-09-30,2024-12-31
CUST-000709,"Harrison, Franco and Rocha",Mid-Market,Energy,Active,False,100510.07,65732.09,19.0,1.0,100.0,1.2939627256028348,2,1,48949.55,50.0,1710,7.444833273892193,0.2417487151677326,24.17,0,Medium,11833.49,1565,2026-09-30,2024-12-31
CUST-001595,Kane and Sons,Mid-Market,Telecommunications,Active,False,105889.58,63715.75,20.0,0.0,0.0,1.1670835927277823,2,1,56541.16,100.0,852,6.748759547491679,0.24101206650956336,24.1,0,Medium,13627.1,1566,2026-09-30,2024-12-31
CUST-000524,"Griffin, Davies and Mitchell",Strategic,Healthcare,Active,True,5631014.64,3535779.3,57.0,7.0,71.42857142857143,1.2659267874384785,9,3,3910132.61,88.88888888888889,1005,6.913737350659685,0.240851950869511,24.09,0,Medium,941763.07,1567,2026-09-30,2024-12-31
CUST-001712,Carter and Sons,Enterprise,Manufacturing,Active,False,401070.6,261178.21,24.0,1.0,100.0,1.4577748852692534,5,1,263911.76,100.0,1736,7.459914766241105,0.24030062782190886,24.03,0,Medium,63418.16,1568,2026-09-30,2024-12-31
CUST-002499,"Miller, Mcdowell and Curtis",SMB,Telecommunications,Active,True,45012.48,28285.26,36.0,1.0,100.0,1.2972591454958666,3,3,42999.73,100.0,837,6.731018100482083,0.24023579753358773,24.02,0,Medium,10330.07,1569,2026-09-30,2024-12-31
CUST-000956,Morse PLC,Enterprise,Banking,Active,True,1543272.08,973006.19,64.0,3.0,66.66666666666666,1.1653689655969077,7,5,1363803.58,85.71428571428571,1878,7.538494999413465,0.23974995344595237,23.97,0,Medium,326971.84,1570,2026-09-30,2024-12-31
CUST-000503,Morgan-Lopez,SMB,Insurance,Active,False,23858.45,15100.51,24.0,0.0,0.0,1.412501083931795,2,2,22465.79,50.0,688,6.535241271013659,0.23812342254216606,23.81,0,Medium,5349.63,1571,2026-09-30,2024-12-31
CUST-000157,"Mitchell, Nelson and Flores",Enterprise,Energy,Active,False,319856.5,213179.14,22.0,1.0,0.0,1.391585272910709,3,1,185665.18,66.66666666666666,1346,7.205635176410364,0.23795751858142697,23.8,0,Medium,44180.43,1572,2026-09-30,2024-12-31
CUST-000629,"Morrison, Hebert and Rogers",Mid-Market,Banking,Active,False,177625.94,105421.02,35.0,0.0,0.0,1.2672358586384214,5,3,171566.02,60.0,994,6.902742737158593,0.23736637785876355,23.74,0,Medium,40724.0,1573,2026-09-30,2024-12-31
CUST-002314,Austin-Hamilton,Strategic,Education,Active,True,4525696.78,2813386.07,45.0,5.0,20.0,1.1807988015773356,8,1,852878.45,62.5,1128,7.029087564149662,0.23673771840899624,23.67,0,Medium,201908.5,1574,2026-09-30,2024-12-31
CUST-000611,Williams-Moses,Enterprise,Media,Active,True,636729.55,392637.58,31.0,0.0,0.0,1.1160148638774454,7,2,424256.54,57.14285714285714,1732,7.457609289715606,0.23574793956587248,23.57,0,Medium,100017.61,1575,2026-09-30,2024-12-31
CUST-000007,Blake and Sons,SMB,Telecommunications,Active,False,31424.29,20031.54,24.0,0.0,0.0,1.2749423483441162,2,2,29900.16,50.0,334,5.814130531825066,0.2333826801125485,23.34,0,Medium,6978.18,1576,2026-09-30,2024-12-31
CUST-000302,Estrada-Nolan,Enterprise,Retail,Active,False,436226.83,270749.1,19.0,2.0,50.0,1.4052749094661392,4,1,234532.79,100.0,1170,7.065613363597717,0.23308039176342346,23.31,0,Medium,54664.99,1577,2026-09-30,2024-12-31
CUST-000661,Foster Inc,Mid-Market,Technology,Active,True,281486.29,173971.93,47.0,0.0,0.0,1.4182385325039082,5,4,270628.07,100.0,1667,7.419380582918692,0.2316507518724964,23.17,0,Medium,62691.2,1578,2026-09-30,2024-12-31
CUST-001158,Ferrell-Henry,Enterprise,Transportation,Active,False,998172.32,634371.94,41.0,3.0,100.0,1.3945558632449337,4,1,261119.06,75.0,486,6.18826412308259,0.2312897416003192,23.13,0,Medium,60394.16,1579,2026-09-30,2024-12-31
CUST-001694,Roach and Sons,Mid-Market,Education,Active,True,168118.7,104979.67,24.0,1.0,100.0,1.3112491547490488,3,2,154248.94,66.66666666666666,1350,7.208600337960199,0.23050519328965527,23.05,0,Medium,35555.18,1580,2026-09-30,2024-12-31
CUST-000715,"Pena, Cohen and Scott",Enterprise,Energy,Active,False,545690.3,349205.37,21.0,2.0,100.0,1.2012728208287449,5,1,222738.48,100.0,1554,7.349230824613334,0.23021867431168827,23.02,0,Medium,51278.56,1581,2026-09-30,2024-12-31
CUST-002221,Fowler-Haynes,Enterprise,Professional Services,Active,True,889998.63,558272.51,46.0,3.0,100.0,1.4383237422771915,5,2,343215.67,80.0,988,6.8966943316227125,0.22983003652912384,22.98,0,Medium,78881.27,1582,2026-09-30,2024-12-31
CUST-002117,"Fitzgerald, Mcdaniel and Randall",Mid-Market,Healthcare,Active,False,168734.76,108994.77,26.0,1.0,100.0,1.3719938611841742,5,2,141888.65,100.0,1435,7.269616749608169,0.22955977979664458,22.96,0,Medium,32571.93,1583,2026-09-30,2024-12-31
CUST-000063,Wright and Sons,Mid-Market,Education,Active,False,76770.72,49516.85,12.0,1.0,0.0,1.2257460427479259,2,1,70842.77,50.0,1052,6.959398512133975,0.22744478367034912,22.74,0,Medium,16112.82,1584,2026-09-30,2024-12-31
CUST-002010,"Crane, Johnson and Butler",SMB,Education,Active,False,18264.39,10994.01,20.0,2.0,100.0,0.9131539564468836,2,2,19597.72,50.0,296,5.6937321388027,0.22685805099732076,22.69,0,Medium,4445.9,1585,2026-09-30,2024-12-31
CUST-001323,Jackson-Edwards,Mid-Market,Manufacturing,Active,False,176317.94,115048.68,36.0,1.0,100.0,1.5193597215458603,3,3,166268.08,100.0,592,6.385194398997726,0.226759253551427,22.68,0,Medium,37702.83,1586,2026-09-30,2024-12-31
CUST-000853,Martin-Taylor,Mid-Market,Professional Services,Active,False,325167.63,210554.85,56.0,0.0,0.0,1.2351469998377427,5,4,267311.32,100.0,716,6.57507584059962,0.226659600252781,22.67,0,Medium,60588.68,1587,2026-09-30,2024-12-31
CUST-000446,"Osborn, Gaines and Davis",Enterprise,Technology,Active,True,751229.45,477734.26,36.0,1.0,0.0,1.1482102108774164,3,3,687257.74,100.0,412,6.023447592961033,0.22657826100755793,22.66,0,Medium,155717.66,1588,2026-09-30,2024-12-31
CUST-001899,Martinez-Nichols,Mid-Market,Healthcare,Active,False,44651.44,27525.75,12.0,0.0,0.0,1.4396871041910606,2,1,42866.78,50.0,1943,7.572502985020384,0.2257904039991371,22.58,0,Medium,9678.91,1589,2026-09-30,2024-12-31
CUST-001287,Flores Inc,Mid-Market,Telecommunications,Active,True,324275.96,196413.04,46.0,0.0,0.0,1.2130567283169216,4,3,247119.9,75.0,439,6.0867747269123065,0.22565741187494545,22.57,0,Medium,55764.44,1590,2026-09-30,2024-12-31
CUST-002028,Watson PLC,Mid-Market,Transportation,Active,True,389755.63,238676.62,58.0,2.0,100.0,1.2333912258954125,5,4,328281.72,100.0,438,6.0844994130751715,0.22543041439950703,22.54,0,Medium,74004.68,1591,2026-09-30,2024-12-31
CUST-000163,"Smith, Gilmore and Johnston",SMB,Insurance,Active,False,36988.43,23361.53,24.0,0.0,0.0,1.343357936356955,3,2,33688.35,33.33333333333333,1021,6.92951677076365,0.22451396160327147,22.45,0,Medium,7563.5,1592,2026-09-30,2024-12-31
CUST-001682,White PLC,Mid-Market,Education,Active,True,313571.87,193728.57,46.0,1.0,100.0,1.1728672330677885,5,3,253779.32,80.0,819,6.709304340258298,0.22394258848972431,22.39,0,Medium,56832.0,1593,2026-09-30,2024-12-31
CUST-002060,Davenport-Torres,Enterprise,Healthcare,Active,True,623089.74,409149.34,23.0,3.0,100.0,1.373466017041739,7,2,628489.06,71.42857142857143,1163,7.059617628291383,0.22381107477207043,22.38,0,Medium,140662.81,1594,2026-09-30,2024-12-31
CUST-000346,Zhang PLC,Mid-Market,Media,Active,False,222917.15,143966.06,47.0,2.0,100.0,1.5039788282230664,5,4,213390.31,60.0,706,6.561030665896573,0.2236375869916077,22.36,0,Medium,47722.09,1595,2026-09-30,2024-12-31
CUST-001025,"Johnson, Guzman and Mccall",Strategic,Technology,Active,True,1228957.1,739293.61,27.0,2.0,50.0,0.87892549646435,5,2,971620.91,100.0,1086,6.99117688712121,0.22309707227224268,22.31,0,Medium,216765.78,1596,2026-09-30,2024-12-31
CUST-002512,Blake and Sons,SMB,Telecommunications,Active,False,21821.66,13699.52,24.0,0.0,0.0,1.3144101515669253,2,2,20838.98,50.0,334,5.814130531825066,0.22263658761242736,22.26,0,Medium,4639.52,1597,2026-09-30,2024-12-31
CUST-002537,Blake and Sons,SMB,Telecommunications,Active,False,21821.66,13699.52,24.0,0.0,0.0,1.3144101515669253,2,2,20838.98,50.0,334,5.814130531825066,0.22263658761242736,22.26,0,Medium,4639.52,1598,2026-09-30,2024-12-31
CUST-000922,Wilson-Salazar,Mid-Market,Professional Services,Active,False,300616.92,186809.56,52.0,2.0,100.0,1.2851704612643093,5,2,138794.38,80.0,1769,7.478734825567875,0.22257489290644267,22.26,0,Medium,30892.14,1599,2026-09-30,2024-12-31
CUST-000708,Owens-Lang,Enterprise,Media,Active,False,743859.83,469673.84,33.0,3.0,66.66666666666666,1.4845781921579615,3,2,566539.32,33.33333333333333,509,6.234410725718371,0.22224872041829113,22.22,0,Medium,125912.64,1600,2026-09-30,2024-12-31
CUST-000557,Marshall-Peterson,Mid-Market,Healthcare,Active,True,57328.93,35143.59,12.0,2.0,100.0,1.1362213517759352,2,1,53370.15,100.0,749,6.620073206530356,0.22214435841198224,22.21,0,Medium,11855.88,1601,2026-09-30,2024-12-31
CUST-000417,"Mullen, Brewer and Hernandez",Enterprise,Transportation,Active,False,1281809.5,804425.7,53.0,1.0,100.0,1.2553367086666365,6,3,822558.39,66.66666666666666,1930,7.565793282428515,0.2206446972520012,22.06,0,Medium,181493.15,1602,2026-09-30,2024-12-31
CUST-002435,Williams-Hernandez,Enterprise,Energy,Active,True,528443.29,329212.18,21.0,1.0,0.0,1.4341787632400385,3,1,221020.04,66.66666666666666,838,6.732210706467206,0.2206008992313682,22.06,0,Medium,48757.22,1603,2026-09-30,2024-12-31
CUST-001783,Allen-Sanchez,SMB,Education,Active,False,10337.81,6896.61,11.0,0.0,0.0,1.1185169358298896,1,1,11001.46,0.0,646,6.472346294500901,0.22050538688594262,22.05,0,Medium,2425.88,1604,2026-09-30,2024-12-31
CUST-002365,Howell LLC,Mid-Market,Manufacturing,Active,False,145350.09,92009.02,24.0,1.0,100.0,1.4544991960781355,2,1,67074.71,100.0,386,5.958424693029782,0.21999746343145235,22.0,0,Medium,14756.27,1605,2026-09-30,2024-12-31
CUST-001222,Wilson-Malone,Enterprise,Banking,Active,True,303677.12,203722.87,12.0,2.0,50.0,1.59938021318831,3,1,286674.21,100.0,1235,7.119635638017636,0.21966546598660622,21.97,0,Medium,62972.42,1606,2026-09-30,2024-12-31
CUST-000695,Price LLC,Enterprise,Healthcare,Active,True,480065.69,301832.66,30.0,2.0,100.0,1.2974096746128394,3,2,363352.56,66.66666666666666,2030,7.616283561580385,0.21948734528944128,21.95,0,Medium,79751.29,1607,2026-09-30,2024-12-31
CUST-001174,Gonzalez-Gonzalez,Enterprise,Insurance,Active,True,1206777.98,765552.11,45.0,0.0,0.0,1.4691688365220466,4,3,907093.8,100.0,486,6.18826412308259,0.21926633044898755,21.93,0,Medium,198895.13,1608,2026-09-30,2024-12-31
CUST-000702,Giles Ltd,Mid-Market,Education,Active,False,141238.38,84608.62,24.0,0.0,0.0,1.3732817651470663,3,2,130571.58,66.66666666666666,1841,7.518607216815252,0.21905334558764655,21.91,0,Medium,28602.14,1609,2026-09-30,2024-12-31
CUST-000676,Johnson Ltd,Strategic,Insurance,Active,True,3606478.08,2212391.6,38.0,5.0,80.0,1.2693920132152203,6,2,2481213.92,83.33333333333334,1285,7.1592919047975645,0.2174491305052801,21.74,0,Medium,539537.81,1610,2026-09-30,2024-12-31
CUST-000449,Lee-Cooke,Enterprise,Transportation,Active,False,831174.95,510394.58,43.0,3.0,100.0,1.3302544674320487,7,2,485279.58,85.71428571428571,1315,7.182352111885263,0.2173596837991656,21.74,0,Medium,105480.22,1611,2026-09-30,2024-12-31
CUST-002359,Barber-Harrison,Mid-Market,Manufacturing,Active,True,108291.62,65966.48,12.0,1.0,100.0,1.1550143929088936,2,1,96114.39,100.0,1074,6.980075940561763,0.21718702001191137,21.72,0,Medium,20874.8,1612,2026-09-30,2024-12-31
CUST-000271,"Thomas, Lee and Greene",Strategic,Professional Services,Active,True,7584369.81,4774385.01,80.0,2.0,0.0,1.3418186458328745,7,6,6310914.88,71.42857142857143,613,6.419994928147142,0.2171180471000765,21.71,0,Medium,1370213.51,1613,2026-09-30,2024-12-31
CUST-002387,Mitchell-Jackson,Mid-Market,Insurance,Active,False,68652.83,43277.02,14.0,1.0,100.0,1.0053161135305602,4,1,55798.68,75.0,1328,7.192182058713246,0.21634072534564422,21.63,0,Medium,12071.53,1614,2026-09-30,2024-12-31
CUST-000814,"Thompson, Moore and Castro",Strategic,Manufacturing,Active,False,3751191.69,2384260.56,45.0,4.0,50.0,1.1452061809962775,6,3,3042185.13,83.33333333333334,835,6.728628613084702,0.21616397864500878,21.62,0,Medium,657610.84,1615,2026-09-30,2024-12-31
CUST-001068,Thompson-Joyce,Mid-Market,Education,Active,False,308994.4,189258.42,48.0,2.0,100.0,1.250863727452358,4,4,293710.68,100.0,361,5.8916442118257715,0.21552694517212734,21.55,0,Medium,63302.57,1616,2026-09-30,2024-12-31
CUST-001446,"Holmes, Stewart and Smith",SMB,Insurance,Active,False,31764.14,19229.12,22.0,1.0,100.0,1.1241473491871836,2,2,33502.73,50.0,321,5.7745515455444085,0.21537514909260164,21.54,0,Medium,7215.66,1617,2026-09-30,2024-12-31
CUST-000568,Landry PLC,Mid-Market,Telecommunications,Active,False,228332.61,144090.64,39.0,0.0,0.0,1.231211183838628,4,2,113976.5,75.0,540,6.293419278846481,0.21531155221631776,21.53,0,Medium,24540.46,1618,2026-09-30,2024-12-31
CUST-002488,"Hart, Turner and Foster",Mid-Market,Banking,Active,False,121806.21,73852.73,24.0,0.0,0.0,1.0998394807157228,2,2,114843.26,100.0,338,5.82600010738045,0.21523635330599186,21.52,0,Medium,24718.44,1619,2026-09-30,2024-12-31
CUST-000578,Brooks-Hatfield,Mid-Market,Manufacturing,Active,True,204146.28,131727.34,36.0,0.0,0.0,0.9096949578912068,3,3,191673.12,100.0,366,5.905361848054571,0.21513712572073404,21.51,0,Medium,41236.0,1620,2026-09-30,2024-12-31
CUST-000703,Burgess Group,Enterprise,Professional Services,Active,False,403562.62,257946.81,24.0,2.0,50.0,1.2903603556809073,6,1,151996.99,83.33333333333334,1200,7.0909098220799835,0.2145108384742583,21.45,0,Medium,32605.0,1621,2026-09-30,2024-12-31
CUST-001367,"Haney, Dillon and Jackson",Mid-Market,Professional Services,Active,False,191653.53,123942.6,38.0,1.0,100.0,1.2273654197139852,4,2,144530.34,75.0,649,6.476972362889683,0.21410279395922732,21.41,0,Medium,30944.35,1622,2026-09-30,2024-12-31
CUST-001032,"Jones, Scott and Rodriguez",SMB,Education,Active,False,22156.65,13809.57,21.0,4.0,75.0,1.6563028668099309,2,1,12144.63,0.0,1067,6.97354301952014,0.2140573754502978,21.41,0,Medium,2599.65,1623,2026-09-30,2024-12-31
CUST-000591,"Williams, Castillo and Warren",Mid-Market,Technology,Active,False,292204.21,183603.84,56.0,1.0,100.0,1.1960366393031263,5,4,244346.93,80.0,1264,7.142827401161621,0.21351956198015257,21.35,0,Medium,52172.85,1624,2026-09-30,2024-12-31
CUST-001228,Bryant and Sons,Enterprise,Education,Active,True,1286314.25,809208.36,78.0,1.0,0.0,1.2980971228404319,7,6,1064694.73,100.0,872,6.771935555839602,0.21325688553147992,21.33,0,Medium,227053.48,1625,2026-09-30,2024-12-31
CUST-000743,Lewis Ltd,Mid-Market,Professional Services,Active,False,242129.94,155675.32,45.0,0.0,0.0,1.287538205556836,5,3,202302.44,60.0,823,6.714170529909472,0.212292379286929,21.23,0,Medium,42947.27,1626,2026-09-30,2024-12-31
CUST-002136,Jimenez Inc,Mid-Market,Technology,Active,True,77809.98,49709.55,13.0,1.0,100.0,1.5369636976497922,2,1,71009.9,50.0,1931,7.566311014772463,0.21223870025745414,21.22,0,Medium,15071.05,1627,2026-09-30,2024-12-31
CUST-002382,"Carter, Alexander and Hunter",Strategic,Healthcare,Active,True,3660465.33,2380194.58,48.0,4.0,25.0,1.1899085939821703,8,3,2733720.62,75.0,1961,7.581719640125308,0.21222944369986907,21.22,0,Medium,580176.01,1628,2026-09-30,2024-12-31
CUST-002471,Williams and Sons,Mid-Market,Manufacturing,Active,True,103147.02,63299.23,18.0,1.0,100.0,1.5509702424610252,5,1,61664.62,100.0,2007,7.60489448081162,0.21159632599758735,21.16,0,Medium,13048.01,1629,2026-09-30,2024-12-31
CUST-000892,May Ltd,Enterprise,Technology,Active,False,694114.68,436029.58,23.0,2.0,50.0,1.213728029599641,3,1,368680.74,100.0,1431,7.266827347520591,0.2112661810334476,21.13,0,Medium,77889.77,1630,2026-09-30,2024-12-31
CUST-001916,Moss Group,Strategic,Media,Active,False,4912944.17,3112990.13,65.0,5.0,60.0,1.356970509221644,8,5,4164139.63,62.5,1365,7.2196420401307355,0.2111013846641595,21.11,0,Medium,879055.64,1631,2026-09-30,2024-12-31
CUST-001799,Hudson-Gentry,Mid-Market,Media,Active,True,271955.47,170013.31,48.0,1.0,0.0,1.4891038361979043,5,4,258451.74,80.0,1599,7.3777589082278725,0.20863539766337483,20.86,0,Medium,53922.18,1632,2026-09-30,2024-12-31
CUST-002500,"Johnson, Collier and Powers",Enterprise,Manufacturing,Active,True,808263.24,503677.82,38.0,2.0,50.0,1.1734891989934577,6,2,589794.05,100.0,1232,7.117205503164344,0.20863203251885518,20.86,0,Medium,123049.93,1633,2026-09-30,2024-12-31
CUST-001501,Evans-Cannon,Enterprise,Retail,Active,False,1238826.28,802526.55,48.0,4.0,100.0,1.2125116807329095,5,4,1164675.77,60.0,756,6.6293632534374485,0.20862509199731044,20.86,0,Medium,242980.59,1634,2026-09-30,2024-12-31
CUST-001523,Huang LLC,Enterprise,Transportation,Active,False,1088367.48,680966.99,64.0,1.0,100.0,1.2002974697477824,7,4,800901.42,85.71428571428571,1325,7.189922170745808,0.20862181399011723,20.86,0,Medium,167085.51,1635,2026-09-30,2024-12-31
CUST-002336,"Church, Guzman and Tucker",Enterprise,Media,Active,True,857571.66,532917.84,44.0,2.0,100.0,1.1525070935731025,7,3,555280.77,100.0,1345,7.204892510204673,0.20816182677653633,20.82,0,Medium,115588.26,1636,2026-09-30,2024-12-31
CUST-002418,Mitchell-Glover,Mid-Market,Manufacturing,Active,False,218358.29,133881.99,35.0,1.0,100.0,1.306832756846404,4,2,134045.88,100.0,1755,7.470793774195062,0.2080982890878392,20.81,0,Medium,27894.72,1637,2026-09-30,2024-12-31
CUST-002463,Scott-Wilson,Mid-Market,Energy,Active,False,318095.12,203708.86,48.0,2.0,50.0,1.3835425834126784,4,4,305310.22,75.0,346,5.849324779946859,0.20623705455282396,20.62,0,Medium,62966.28,1638,2026-09-30,2024-12-31
CUST-002441,Smith-Kelley,Mid-Market,Telecommunications,Active,False,136848.63,85375.48,28.0,1.0,100.0,1.6649924229791064,5,1,56209.15,100.0,1234,7.118826249062078,0.20545897543901975,20.55,0,Medium,11548.67,1639,2026-09-30,2024-12-31
CUST-002557,Doyle Ltd,SMB,Healthcare,Active,True,24215.95,15541.89,12.0,0.0,0.0,1.1314901834905835,1,1,22994.99,0.0,1907,7.553810852008231,0.2052956092034479,20.53,0,Medium,4720.77,1640,2026-09-30,2024-12-31
CUST-000354,"Morris, Thompson and Williams",SMB,Media,Active,False,29838.57,18743.51,23.0,1.0,100.0,1.4751991576926353,2,2,28586.63,100.0,1083,6.988413181999592,0.2045844034869478,20.46,0,Medium,5848.38,1641,2026-09-30,2024-12-31
CUST-001469,Nunez-Freeman,Mid-Market,Manufacturing,Active,False,85333.0,55666.56,11.0,0.0,0.0,1.494341229200913,2,1,88634.98,50.0,1730,7.456454555176209,0.20447243300832985,20.45,0,Medium,18123.41,1642,2026-09-30,2024-12-31
CUST-000705,Sanders and Sons,Mid-Market,Energy,Active,True,240629.22,152544.43,36.0,0.0,0.0,1.1827023652143787,5,3,226919.2,80.0,1716,7.448333860897476,0.20358304416627657,20.36,0,Medium,46196.9,1643,2026-09-30,2024-12-31
CUST-000187,Sanders-Espinoza,Enterprise,Professional Services,Active,True,1905543.48,1193910.52,84.0,4.0,75.0,1.4064783585891187,7,7,1802578.37,57.14285714285714,334,5.814130531825066,0.20342806625451942,20.34,0,Medium,366695.03,1644,2026-09-30,2024-12-31
CUST-001319,"Rios, Garcia and Harvey",Mid-Market,Education,Active,False,311038.93,194622.67,56.0,1.0,100.0,1.3701610203597285,5,3,180536.65,80.0,446,6.102558594613569,0.201305993564858,20.13,0,Medium,36343.11,1645,2026-09-30,2024-12-31
CUST-000965,Moore and Sons,SMB,Education,Active,True,13084.86,8645.63,14.0,1.0,100.0,1.2421659787902084,2,1,11095.01,100.0,1518,7.325807502595773,0.20116521018079547,20.12,0,Medium,2231.93,1646,2026-09-30,2024-12-31
CUST-000768,"Davis, George and Nguyen",Enterprise,Manufacturing,Active,True,484005.68,316816.13,19.0,3.0,66.66666666666666,1.3652396673653442,3,1,345778.66,66.66666666666666,1233,7.1180162044653335,0.2005675495479943,20.06,0,Medium,69351.98,1647,2026-09-30,2024-12-31
CUST-001080,"Chan, Floyd and Dillon",SMB,Energy,Active,False,34759.54,21770.71,33.0,1.0,100.0,1.532384795073264,3,3,36082.73,100.0,309,5.736572297479192,0.2005399862393146,20.05,0,Medium,7236.03,1648,2026-09-30,2024-12-31
CUST-002210,Robinson-Rodriguez,Mid-Market,Education,Active,False,168793.82,103318.96,36.0,1.0,100.0,1.4307641319019222,4,3,162194.7,100.0,995,6.903747257584598,0.19965958344419124,19.97,0,Medium,32383.73,1649,2026-09-30,2024-12-31
CUST-001622,Singh and Sons,Enterprise,Manufacturing,Active,True,384338.41,235865.37,12.0,2.0,50.0,1.0529200509143166,3,1,375846.29,100.0,1241,7.124478262493424,0.1995327719967299,19.95,0,Medium,74993.65,1650,2026-09-30,2024-12-31
CUST-001422,Maldonado-Mosley,Strategic,Media,Active,True,4838186.19,3014062.32,44.0,3.0,100.0,1.4055396676741994,6,3,4122182.04,66.66666666666666,1786,7.488293515159428,0.19951210661111865,19.95,0,Medium,822425.22,1651,2026-09-30,2024-12-31
CUST-002466,Parker Group,Mid-Market,Insurance,Active,False,141483.57,86331.05,27.0,1.0,100.0,1.2844089952775817,3,2,109048.92,100.0,614,6.421622267806518,0.19916562817489894,19.92,0,Medium,21718.8,1652,2026-09-30,2024-12-31
CUST-002037,Mccullough-Taylor,Enterprise,Professional Services,Active,False,281437.55,176698.3,17.0,2.0,0.0,1.2652815491819225,4,1,121687.77,75.0,1984,7.59337419312129,0.19851392436080095,19.85,0,Medium,24156.72,1653,2026-09-30,2024-12-31
CUST-001079,"Chang, Ayers and Buckley",SMB,Telecommunications,Active,False,26558.77,17053.6,20.0,0.0,0.0,1.4773667791430574,2,2,30951.77,50.0,1570,7.359467638255621,0.19823660485141067,19.82,0,Medium,6135.77,1654,2026-09-30,2024-12-31
CUST-002432,Kennedy-Francis,SMB,Healthcare,Active,False,14393.11,9447.63,10.0,0.0,0.0,1.359909824523397,1,1,16739.14,0.0,284,5.652489180268651,0.19807403690543332,19.81,0,Medium,3315.59,1655,2026-09-30,2024-12-31
CUST-000745,Lam-Elliott,Enterprise,Transportation,Active,True,567164.69,349179.04,21.0,0.0,0.0,1.0503659906456402,4,1,341844.85,75.0,1146,7.044905117129371,0.19708055511097805,19.71,0,Medium,67370.97,1656,2026-09-30,2024-12-31
CUST-000918,Herrera Group,Enterprise,Banking,Active,True,1060078.28,661883.92,50.0,4.0,75.0,1.2060915601630604,6,3,820851.38,83.33333333333334,1970,7.58629630715272,0.197040977817895,19.7,0,Medium,161741.36,1657,2026-09-30,2024-12-31
CUST-002268,Anderson-Mcclain,Mid-Market,Telecommunications,Active,True,224334.88,143922.93,28.0,0.0,0.0,1.4944397731394468,5,2,175907.26,80.0,2058,7.629975707027789,0.1965642717719284,19.66,0,Medium,34577.08,1658,2026-09-30,2024-12-31
CUST-001334,Arnold PLC,SMB,Professional Services,Active,False,30592.69,19675.74,22.0,2.0,100.0,1.1914265918036413,2,1,19161.47,50.0,2094,7.647308832356238,0.196358719695221,19.64,0,Medium,3762.52,1659,2026-09-30,2024-12-31
CUST-000342,"Winters, Newman and Brown",SMB,Technology,Active,False,28275.81,17386.07,24.0,1.0,100.0,1.3737186840839286,2,2,27266.8,100.0,389,5.966146739123692,0.19436024516501607,19.44,0,Medium,5299.58,1660,2026-09-30,2024-12-31
CUST-000945,Wood LLC,Enterprise,Media,Active,False,553032.86,361633.28,27.0,1.0,100.0,1.3967847535539084,6,1,241433.57,100.0,1765,7.476472381163905,0.19418347724611074,19.42,0,Medium,46882.41,1661,2026-09-30,2024-12-31
CUST-001076,"Ellis, Marks and Buchanan",SMB,Technology,Active,False,35305.03,21719.02,36.0,1.0,100.0,1.2923562140245834,3,3,34610.1,100.0,473,6.161207321695077,0.19418278285261084,19.42,0,Medium,6720.69,1662,2026-09-30,2024-12-31
CUST-000979,Aguilar LLC,Mid-Market,Education,Active,False,188323.56,120219.82,41.0,2.0,100.0,1.2202658652739236,4,3,157191.03,100.0,1302,7.172424577124845,0.19326931408659515,19.33,0,Medium,30380.2,1663,2026-09-30,2024-12-31
CUST-000403,"Hall, Hansen and Barnett",Mid-Market,Professional Services,Active,False,187545.95,118793.49,48.0,1.0,100.0,1.1431754198755333,5,4,175730.67,80.0,1912,7.556427969440253,0.19279880368226643,19.28,0,Medium,33880.66,1664,2026-09-30,2024-12-31
CUST-000923,Parker Ltd,Strategic,Healthcare,Active,False,3492990.86,2167547.11,46.0,6.0,83.33333333333334,1.434229335254249,8,3,2997036.15,100.0,1768,7.478169694159785,0.19110923563378038,19.11,0,Medium,572761.29,1665,2026-09-30,2024-12-31
CUST-001890,Jones Ltd,Enterprise,Technology,Active,False,399803.58,247794.98,23.0,0.0,0.0,1.3983038411323685,4,2,406652.82,75.0,2022,7.612336837167746,0.1910715335601349,19.11,0,Medium,77699.78,1666,2026-09-30,2024-12-31
CUST-001836,"Curry, Acosta and Elliott",Enterprise,Telecommunications,Active,True,453079.37,283182.6,23.0,3.0,33.33333333333333,1.4133190287864947,3,1,295040.33,100.0,1957,7.579678823090456,0.1905299671512117,19.05,0,Medium,56214.02,1667,2026-09-30,2024-12-31
CUST-001011,Davis and Sons,Mid-Market,Telecommunications,Active,False,173682.1,108883.77,27.0,3.0,33.33333333333333,1.5590124643259997,3,2,145035.12,66.66666666666666,664,6.499787040655854,0.1900717390642956,19.01,0,Medium,27567.08,1668,2026-09-30,2024-12-31
CUST-000523,Green LLC,Enterprise,Transportation,Active,True,231805.77,137174.43,12.0,2.0,50.0,1.4924338329226663,3,1,226601.51,100.0,1210,7.099201743553092,0.18934562564705176,18.93,0,Medium,42906.0,1669,2026-09-30,2024-12-31
CUST-002346,"Park, Maynard and Ruiz",SMB,Healthcare,Active,True,16858.09,10567.73,12.0,0.0,0.0,1.5178644298722648,1,1,15640.69,0.0,572,6.35088571671474,0.18924855475827768,18.92,0,Medium,2959.98,1670,2026-09-30,2024-12-31
CUST-001190,Nelson-Cruz,Enterprise,Professional Services,Active,False,179903.21,114632.56,11.0,1.0,0.0,1.5077313010950297,5,1,187368.47,100.0,1708,7.443663683115591,0.18919846032867807,18.92,0,Medium,35449.83,1671,2026-09-30,2024-12-31
CUST-000070,Hancock Inc,Enterprise,Education,Active,True,1146866.14,718297.94,51.0,1.0,0.0,1.3494036397688487,7,4,979562.96,71.42857142857143,976,6.884486652042782,0.18873283754105727,18.87,0,Medium,184875.7,1672,2026-09-30,2024-12-31
CUST-000259,Gutierrez-Lopez,Enterprise,Retail,Active,True,1463920.22,910924.83,65.0,4.0,0.0,1.1844966968809707,6,6,1537390.61,83.33333333333334,326,5.7899601708972535,0.18847288900039497,18.85,0,Medium,289756.45,1673,2026-09-30,2024-12-31
CUST-000339,Crosby-Ramirez,Mid-Market,Healthcare,Active,False,203149.4,127182.51,43.0,1.0,100.0,1.4360859207529475,4,2,127245.84,50.0,2011,7.60688453121963,0.18830888095930573,18.83,0,Medium,23961.52,1674,2026-09-30,2024-12-31
CUST-001826,Nixon-Miller,Mid-Market,Energy,Active,False,176382.22,111143.08,35.0,1.0,100.0,1.091176494138823,3,2,105570.62,100.0,395,5.981414211254481,0.18799012938136864,18.8,0,Medium,19846.23,1675,2026-09-30,2024-12-31
CUST-002356,"Brown, Orozco and Butler",Mid-Market,Manufacturing,Active,False,333886.68,216730.99,48.0,1.0,100.0,1.2557761392956976,5,3,226472.64,80.0,753,6.625392368007956,0.18776781364105402,18.78,0,Medium,42524.27,1676,2026-09-30,2024-12-31
CUST-000668,Kane-Knox,Mid-Market,Education,Active,True,204731.85,130398.55,34.0,1.0,100.0,1.6123431710195861,4,3,206599.38,75.0,1578,7.364547014255642,0.18767670137543593,18.77,0,Medium,38773.89,1677,2026-09-30,2024-12-31
CUST-000650,Todd-Pham,Enterprise,Banking,Active,False,718008.63,466296.64,32.0,2.0,100.0,1.2653045661024975,6,2,456052.83,83.33333333333334,897,6.8001700683022,0.18709323057037708,18.71,0,Low,85324.4,1678,2026-09-30,2024-12-31
CUST-000316,"Lucas, Parker and Alexander",Mid-Market,Technology,Active,False,270342.78,169939.46,36.0,3.0,100.0,1.1255370981307729,4,2,181125.46,100.0,724,6.586171654854675,0.18687902404623705,18.69,0,Low,33848.55,1679,2026-09-30,2024-12-31
CUST-000453,Harper and Sons,Strategic,Education,Active,True,7389998.52,4596228.43,92.0,4.0,75.0,1.454085877136099,8,6,4849146.31,87.5,498,6.212606095751519,0.18674103145051807,18.67,0,Low,905534.58,1680,2026-09-30,2024-12-31
CUST-001829,"Davis, Kennedy and Harmon",Mid-Market,Media,Active,False,291162.57,177913.7,46.0,1.0,100.0,1.192207344420226,4,4,280071.5,75.0,1919,7.560080465021827,0.1850564437931441,18.51,0,Low,51829.04,1681,2026-09-30,2024-12-31
CUST-000847,"Alexander, Robinson and Coleman",Enterprise,Transportation,Active,False,767624.81,497961.49,26.0,1.0,100.0,1.1327228032335572,3,2,675623.0,100.0,1611,7.385230923066573,0.1847546248642011,18.48,0,Low,124824.47,1682,2026-09-30,2024-12-31
CUST-001346,"Velez, Ward and Harrison",Enterprise,Telecommunications,Active,True,1662989.78,1072834.86,58.0,3.0,100.0,1.3355272204936761,5,3,871343.42,80.0,399,5.991464547107982,0.18399743492201126,18.4,0,Low,160324.95,1683,2026-09-30,2024-12-31
CUST-000021,Gray-Mayo,Mid-Market,Manufacturing,Active,False,313499.89,196899.42,50.0,0.0,0.0,1.2909237119987014,5,5,351750.32,60.0,299,5.703782474656201,0.18347576197106377,18.35,0,Low,64537.66,1684,2026-09-30,2024-12-31
CUST-001240,Taylor PLC,Enterprise,Technology,Active,True,1080037.18,677064.0,45.0,2.0,50.0,1.3258387324874896,4,2,435829.18,75.0,1938,7.569927655242652,0.181957134278209,18.2,0,Low,79302.23,1685,2026-09-30,2024-12-31
CUST-002464,Weaver LLC,Strategic,Professional Services,Active,True,6932051.91,4307892.43,72.0,2.0,100.0,1.2843792317533886,8,5,4892112.03,87.5,1097,7.001245622069476,0.181762262225272,18.18,0,Low,889201.35,1686,2026-09-30,2024-12-31
CUST-001266,Cole-Lucero,Mid-Market,Telecommunications,Active,False,225486.12,140700.97,40.0,1.0,0.0,0.9959839960793191,4,4,255591.69,75.0,275,5.62040086571715,0.181458895152953,18.15,0,Low,46379.39,1687,2026-09-30,2024-12-31
CUST-001198,Clay Group,SMB,Media,Active,False,21292.72,12902.77,20.0,1.0,100.0,1.228054600414007,2,1,15884.81,100.0,462,6.137727054086234,0.1813695661752421,18.14,0,Low,2881.02,1688,2026-09-30,2024-12-31
CUST-002216,Cox Ltd,Mid-Market,Media,Active,False,117472.45,75421.2,22.0,2.0,100.0,1.5814680939119252,2,2,121993.3,50.0,524,6.263398262591624,0.18102892675776838,18.1,0,Low,22084.32,1689,2026-09-30,2024-12-31
CUST-001152,"Lee, Rhodes and Sims",SMB,Technology,Active,True,30815.12,20982.48,12.0,0.0,0.0,1.2927292184061219,1,1,29960.55,0.0,1116,7.018401799069201,0.18074674989556078,18.07,0,Low,5415.27,1690,2026-09-30,2024-12-31
CUST-000508,Parker-Morrison,Mid-Market,Banking,Active,False,184761.79,120150.31,36.0,1.0,100.0,1.4167904351277902,3,3,175055.43,100.0,1889,7.5443321080536885,0.17979179226487124,17.98,0,Low,31473.53,1691,2026-09-30,2024-12-31
CUST-001153,Perez LLC,Enterprise,Telecommunications,Active,True,695028.2,436221.56,36.0,4.0,75.0,1.317406324067325,4,2,340251.11,75.0,1610,7.384610383176974,0.17967354793184634,17.97,0,Low,61134.12,1692,2026-09-30,2024-12-31
CUST-001981,Castillo LLC,Enterprise,Technology,Active,False,661936.93,416198.81,34.0,2.0,50.0,1.0701044716297226,3,3,678943.71,66.66666666666666,1130,7.030857476116121,0.17919871395871945,17.92,0,Low,121665.84,1693,2026-09-30,2024-12-31
CUST-000476,Gilbert-Bullock,SMB,Technology,Active,False,9536.73,5986.59,12.0,0.0,0.0,1.4223763152504623,2,1,8935.65,0.0,1709,7.444248649496705,0.1789833625700378,17.9,0,Low,1599.33,1694,2026-09-30,2024-12-31
CUST-000108,Dickson-Brady,Mid-Market,Healthcare,Active,False,72412.63,46283.45,10.0,0.0,0.0,1.3422309027777777,2,1,86460.07,100.0,2032,7.617267813628347,0.17880120384507744,17.88,0,Low,15459.16,1695,2026-09-30,2024-12-31
CUST-002105,"Hines, Rice and Baldwin",Mid-Market,Energy,Active,True,266368.66,166657.45,34.0,1.0,100.0,1.3246011057192406,5,3,263300.05,100.0,1304,7.173958319756794,0.178478329304417,17.85,0,Low,46993.35,1696,2026-09-30,2024-12-31
CUST-001102,Watson PLC,SMB,Telecommunications,Active,False,18321.19,11469.9,12.0,0.0,0.0,1.0119843959039247,1,1,16722.82,0.0,504,6.22455842927536,0.17821865429343237,17.82,0,Low,2980.32,1697,2026-09-30,2024-12-31
CUST-002255,Barnes Group,Strategic,Professional Services,Active,True,5385458.86,3320617.99,60.0,3.0,66.66666666666666,1.411035920809543,5,4,3973799.25,100.0,1668,7.419979923661835,0.1780078679833556,17.8,0,Low,707367.53,1698,2026-09-30,2024-12-31
CUST-000211,"Pierce, Bell and Chavez",Mid-Market,Manufacturing,Active,True,77151.96,45035.44,23.0,2.0,0.0,1.5564763339469454,3,2,78181.42,33.33333333333333,1609,7.383989457978509,0.177760825413004,17.78,0,Low,13897.59,1699,2026-09-30,2024-12-31
CUST-001847,Washington PLC,Enterprise,Professional Services,Active,False,1072114.65,671166.22,54.0,3.0,0.0,1.3971423715875437,7,4,894269.74,100.0,1669,7.4205789054108005,0.1772927838915058,17.73,0,Low,158547.57,1700,2026-09-30,2024-12-31
CUST-000543,Torres and Sons,Mid-Market,Professional Services,Active,True,141525.8,86766.38,25.0,2.0,100.0,1.079277837974774,3,1,47025.44,33.33333333333333,673,6.513230110912307,0.17715703267233776,17.72,0,Low,8330.89,1701,2026-09-30,2024-12-31
CUST-001933,Mann PLC,Mid-Market,Media,Active,False,172158.83,109084.96,37.0,2.0,100.0,1.2503951561316677,5,3,151335.6,80.0,945,6.852242569051878,0.17693747194914847,17.69,0,Low,26776.94,1702,2026-09-30,2024-12-31
CUST-001674,"Williams, Hughes and Hubbard",Enterprise,Retail,Active,False,1316272.54,791963.05,51.0,2.0,100.0,1.437604516199521,5,3,879627.12,80.0,1329,7.1929342212158,0.17683785109931008,17.68,0,Low,155551.37,1703,2026-09-30,2024-12-31
CUST-001331,"Jones, Smith and Hunter",Mid-Market,Energy,Active,False,178565.83,111072.15,40.0,1.0,100.0,1.1537533294425844,4,4,201273.57,100.0,292,5.680172609017068,0.176644084061514,17.66,0,Low,35553.79,1704,2026-09-30,2024-12-31
CUST-000296,Williams Inc,Mid-Market,Professional Services,Active,False,119496.25,72713.94,22.0,2.0,100.0,1.413196146352916,2,2,117845.83,100.0,1069,6.975413927455952,0.17560366621362217,17.56,0,Low,20694.16,1705,2026-09-30,2024-12-31
CUST-000087,"Ferrell, Jones and Lewis",Enterprise,Telecommunications,Active,False,1107933.5,690644.67,60.0,3.0,66.66666666666666,1.2904398153777557,7,4,770866.06,100.0,744,6.61338421837956,0.17532627889322747,17.53,0,Low,135153.08,1706,2026-09-30,2024-12-31
CUST-002122,"Garcia, Kim and Barrett",Enterprise,Education,Active,True,1402866.24,893061.09,56.0,2.0,50.0,1.294304385762309,5,3,590758.81,60.0,772,6.650279048587422,0.17498958193469907,17.5,0,Low,103376.64,1707,2026-09-30,2024-12-31
CUST-000877,Harris-Barker,Mid-Market,Education,Active,False,169506.67,105397.97,38.0,1.0,100.0,1.3750353159705029,5,3,158462.2,100.0,1899,7.549609165154532,0.17472399412730677,17.47,0,Low,27687.15,1708,2026-09-30,2024-12-31
CUST-000704,Dominguez Ltd,SMB,Education,Active,False,42494.3,26998.94,24.0,1.0,100.0,1.1410062357440098,2,2,40269.59,50.0,2018,7.610357618312838,0.17378485801848,17.38,0,Low,6998.24,1709,2026-09-30,2024-12-31
CUST-001854,Jackson Group,Enterprise,Manufacturing,Active,True,775078.68,497523.53,24.0,4.0,75.0,1.0832905263016925,3,2,723780.18,66.66666666666666,1137,7.037027614686276,0.17365190081350754,17.37,0,Low,125685.8,1710,2026-09-30,2024-12-31
CUST-001915,"Hernandez, Riley and Buckley",Enterprise,Energy,Active,False,1696625.98,1071275.53,73.0,2.0,0.0,1.204538084098611,7,6,1591555.92,85.71428571428571,1803,7.4977617006225685,0.17356518083652164,17.36,0,Low,276238.69,1711,2026-09-30,2024-12-31
CUST-001178,"Fitzpatrick, Rivera and Smith",Mid-Market,Telecommunications,Active,False,88392.12,55837.22,22.0,0.0,0.0,1.302346138263784,2,2,92061.92,100.0,1794,7.492760300922379,0.1730550132800014,17.31,0,Low,15931.78,1712,2026-09-30,2024-12-31
CUST-000674,"Gray, Hall and Murray",Mid-Market,Education,Active,False,125406.26,77342.68,24.0,2.0,100.0,1.170702175419599,3,2,118891.76,33.33333333333333,1543,7.342131730584722,0.17297800731021926,17.3,0,Low,20565.66,1713,2026-09-30,2024-12-31
CUST-000427,Johnson-Wood,Enterprise,Telecommunications,Active,True,1353028.57,840188.01,54.0,3.0,100.0,1.3909894492478363,7,3,820261.94,71.42857142857143,1132,7.0326242610280065,0.17112420079169224,17.11,0,Low,140366.67,1714,2026-09-30,2024-12-31
CUST-000940,Shaw Inc,Mid-Market,Media,Active,False,114247.54,71733.32,22.0,3.0,100.0,1.1004652582170995,3,2,115982.31,66.66666666666666,1480,7.300472814267799,0.17098012625788295,17.1,0,Low,19830.67,1715,2026-09-30,2024-12-31
CUST-001761,"Castro, Garcia and Daniels",Enterprise,Retail,Active,False,923895.75,569843.56,47.0,2.0,0.0,1.2756796302969378,5,3,700791.0,100.0,2038,7.620214770574455,0.17038240729096107,17.04,0,Low,119402.46,1716,2026-09-30,2024-12-31
CUST-000663,"Brown, Mcknight and Michael",SMB,Technology,Active,False,14896.8,9161.94,16.0,1.0,100.0,1.5991480729016387,2,1,11498.92,50.0,1667,7.419380582918692,0.17034319232434678,17.03,0,Low,1958.76,1717,2026-09-30,2024-12-31
CUST-000938,"Rios, Walker and Wright",Enterprise,Manufacturing,Active,True,1415061.2,889700.54,47.0,2.0,50.0,1.015997648217087,7,4,1362502.81,71.42857142857143,790,6.673297967767654,0.1702657032685602,17.03,0,Low,231987.5,1718,2026-09-30,2024-12-31
CUST-000160,Russell-Daniels,Enterprise,Healthcare,Active,True,604855.19,372913.16,36.0,2.0,50.0,1.3345497832557889,4,3,564675.42,100.0,1656,7.4127640174265625,0.16979303082537178,16.98,0,Low,95877.95,1719,2026-09-30,2024-12-31
CUST-001429,Woods LLC,Enterprise,Banking,Active,False,819772.56,521770.23,32.0,3.0,66.66666666666666,1.2736989060505999,6,2,578539.52,83.33333333333334,950,6.85751406254539,0.16976212633034818,16.98,0,Low,98214.1,1720,2026-09-30,2024-12-31
CUST-001923,"Walker, Brock and Simmons",Mid-Market,Banking,Active,True,190135.98,122648.23,34.0,2.0,50.0,1.1514216252902025,3,3,192799.97,66.66666666666666,1015,6.923628628138427,0.1693611534167131,16.94,0,Low,32652.83,1721,2026-09-30,2024-12-31
CUST-000135,Mitchell-Jordan,Enterprise,Manufacturing,Active,True,2128291.9,1355499.23,74.0,0.0,0.0,1.2639734641540814,7,6,1919588.2,85.71428571428571,677,6.519147287940395,0.16904600993934163,16.9,0,Low,324498.73,1722,2026-09-30,2024-12-31
CUST-000472,Combs Ltd,Mid-Market,Media,Active,False,116578.33,71282.99,24.0,2.0,100.0,0.8679340376511074,2,2,112422.63,100.0,483,6.182084906716632,0.16823815676877069,16.82,0,Low,18913.78,1723,2026-09-30,2024-12-31
CUST-002143,Beard-Wilson,Mid-Market,Telecommunications,Active,False,154384.71,94499.76,27.0,2.0,50.0,1.187259895180812,5,2,135177.6,100.0,1392,7.239214973779806,0.16778494200423924,16.78,0,Low,22680.77,1724,2026-09-30,2024-12-31
CUST-002460,Chapman-Henry,Strategic,Retail,Active,True,5122340.52,3256329.5,44.0,3.0,33.33333333333333,1.1753957671395732,9,2,2805513.5,100.0,1745,7.465082736399547,0.1673742321159013,16.74,0,Low,469570.67,1725,2026-09-30,2024-12-31
CUST-001420,"Wright, Ramos and Bennett",Mid-Market,Telecommunications,Active,False,165706.15,109139.48,31.0,1.0,100.0,1.1414687792144316,3,2,129202.34,100.0,524,6.263398262591624,0.1666420150809637,16.66,0,Low,21530.54,1726,2026-09-30,2024-12-31
CUST-000314,Byrd-Le,Mid-Market,Manufacturing,Active,False,139909.74,89527.13,24.0,2.0,50.0,1.1902160195902634,4,2,132563.23,75.0,1613,7.3864708488298945,0.16568930862970568,16.57,0,Low,21964.31,1727,2026-09-30,2024-12-31
CUST-000954,Barnes Inc,Mid-Market,Healthcare,Active,False,243911.58,152533.49,36.0,3.0,100.0,1.3356066752922087,4,3,235157.36,75.0,1856,7.526717561352706,0.16519642303091214,16.52,0,Low,38847.15,1728,2026-09-30,2024-12-31
CUST-002159,Watkins-Lozano,Mid-Market,Technology,Active,False,167729.03,104262.93,25.0,0.0,0.0,1.1423868080587867,4,2,152721.07,75.0,1026,6.934397209928558,0.16438320401898182,16.44,0,Low,25104.78,1729,2026-09-30,2024-12-31
CUST-002526,Gray-Mayo,Mid-Market,Manufacturing,Active,False,267038.46,163712.75,50.0,0.0,0.0,1.4057787373875341,5,5,303608.89,80.0,299,5.703782474656201,0.16407251323730626,16.41,0,Low,49813.87,1730,2026-09-30,2024-12-31
CUST-002551,Gray-Mayo,Mid-Market,Manufacturing,Active,False,267038.46,163712.75,50.0,0.0,0.0,1.4057787373875341,5,5,303608.89,80.0,299,5.703782474656201,0.16407251323730626,16.41,0,Low,49813.87,1731,2026-09-30,2024-12-31
CUST-000615,Gilbert PLC,Mid-Market,Technology,Active,True,252860.69,158181.5,36.0,1.0,100.0,1.3294579130195914,3,3,235894.54,66.66666666666666,760,6.634633357861686,0.16395544945595028,16.4,0,Low,38676.2,1732,2026-09-30,2024-12-31
CUST-002408,"Campbell, Davis and Arnold",Enterprise,Energy,Active,False,1917474.36,1205905.38,71.0,3.0,33.33333333333333,1.3420583265221764,7,6,1826555.55,100.0,850,6.7464121285733745,0.16375880748845012,16.38,0,Low,299114.56,1733,2026-09-30,2024-12-31
CUST-001833,Berry-Rivera,Mid-Market,Transportation,Active,False,132210.35,84831.4,34.0,0.0,0.0,1.2476645783898226,3,3,136785.61,100.0,902,6.805722553416985,0.16362187708939335,16.36,0,Low,22381.12,1734,2026-09-30,2024-12-31
CUST-001172,Hunt PLC,Strategic,Healthcare,Active,True,2899303.73,1759549.0,36.0,3.0,33.33333333333333,1.3728987161521213,6,3,2723742.52,50.0,1742,7.463363045520021,0.16330898797833823,16.33,0,Low,444811.63,1735,2026-09-30,2024-12-31
CUST-001800,Sellers-Zuniga,SMB,Insurance,Active,False,14581.26,8699.92,12.0,0.0,0.0,1.2061007146233629,1,1,13665.26,0.0,800,6.68586094706836,0.1632769989786918,16.33,0,Low,2231.22,1736,2026-09-30,2024-12-31
CUST-001663,Perez Group,Enterprise,Energy,Active,False,1124698.8,720992.94,58.0,1.0,0.0,1.452527545450687,6,5,1087912.46,100.0,1228,7.113956109566034,0.16300001355533988,16.3,0,Low,177329.75,1737,2026-09-30,2024-12-31
CUST-001945,Thompson-Santiago,Enterprise,Transportation,Active,False,1125705.58,675319.22,48.0,2.0,50.0,1.4016492235787033,4,4,1072250.17,75.0,644,6.4692503167957724,0.16205589712031387,16.21,0,Low,173764.46,1738,2026-09-30,2024-12-31
CUST-001750,Short PLC,Enterprise,Retail,Active,True,743805.42,455124.93,24.0,1.0,100.0,1.4598557928609268,3,1,464898.6,100.0,2053,7.627544390488503,0.1619112023802015,16.19,0,Low,75272.29,1739,2026-09-30,2024-12-31
CUST-001670,"Crosby, Armstrong and Herrera",Mid-Market,Education,Active,False,85179.44,50958.28,13.0,1.0,100.0,1.3847320915292207,3,1,78479.38,66.66666666666666,1978,7.590346945602565,0.16070170013823948,16.07,0,Low,12611.77,1740,2026-09-30,2024-12-31
CUST-000507,"Carter, Garcia and Murphy",Mid-Market,Manufacturing,Active,False,282341.18,175673.98,45.0,2.0,50.0,1.4826456616828179,5,3,228776.24,80.0,1158,7.055312843339752,0.16063274077277748,16.06,0,Low,36748.95,1741,2026-09-30,2024-12-31
CUST-001924,"Gregory, Nguyen and Daugherty",SMB,Insurance,Active,False,18364.78,11403.98,24.0,0.0,0.0,1.4168616968177734,2,2,17534.74,0.0,339,5.8289456176102075,0.1604345792751972,16.04,0,Low,2813.18,1742,2026-09-30,2024-12-31
CUST-002494,Clark-Haley,Enterprise,Banking,Active,True,407263.09,262896.82,18.0,2.0,100.0,1.7111705673402673,3,1,244768.92,66.66666666666666,1112,7.014814351275545,0.16019575894485194,16.02,0,Low,39210.94,1743,2026-09-30,2024-12-31
CUST-001193,"Brown, Dunlap and Moore",Mid-Market,Media,Active,False,154423.32,99166.29,22.0,2.0,50.0,1.2108110419863993,2,2,158667.74,100.0,1042,6.949856455000773,0.15951083614539124,15.95,0,Low,25309.22,1744,2026-09-30,2024-12-31
CUST-001877,"Pratt, Lopez and Rodriguez",Enterprise,Transportation,Active,False,1061186.99,661808.51,55.0,3.0,100.0,1.3575004656446847,5,4,832597.16,80.0,899,6.802394763324311,0.15935936210304819,15.94,0,Low,132682.15,1745,2026-09-30,2024-12-31
CUST-001882,Ramirez Inc,Enterprise,Professional Services,Active,False,1156956.17,720842.54,47.0,5.0,80.0,1.357224944655117,5,4,1116603.92,100.0,1917,7.559038255443384,0.1579572957586077,15.8,0,Low,176375.74,1746,2026-09-30,2024-12-31
CUST-001257,"Stevenson, Hancock and Newton",Enterprise,Professional Services,Active,False,1273648.06,774864.81,45.0,2.0,0.0,1.1433321599856057,5,2,633404.81,100.0,1548,7.3453648404168685,0.15779666626762026,15.78,0,Low,99949.17,1747,2026-09-30,2024-12-31
CUST-002342,Santos Group,Mid-Market,Banking,Active,False,258506.01,161211.69,48.0,0.0,0.0,1.3288577272808169,5,4,243264.56,60.0,807,6.694562058521095,0.1577898884260107,15.78,0,Low,38384.69,1748,2026-09-30,2024-12-31
CUST-000146,Stafford Inc,Enterprise,Professional Services,Active,False,838210.65,533159.35,43.0,1.0,100.0,1.0778106913899155,5,3,686838.1,100.0,1429,7.265429723253953,0.15701873434154676,15.7,0,Low,107846.45,1749,2026-09-30,2024-12-31
CUST-001992,"Cox, Williams and Reyes",Strategic,Manufacturing,Active,True,3702765.34,2283152.45,29.0,7.0,71.42857142857143,1.3227739298855892,5,2,3179259.6,80.0,1097,7.001245622069476,0.15701497488364197,15.7,0,Low,499191.37,1750,2026-09-30,2024-12-31
CUST-000380,Boone LLC,Mid-Market,Energy,Active,True,161962.9,100241.61,28.0,1.0,100.0,1.5273513531991993,4,2,131157.36,75.0,797,6.682108597449809,0.15700104402103218,15.7,0,Low,20591.84,1751,2026-09-30,2024-12-31
CUST-001572,"Ray, Craig and Park",Enterprise,Energy,Active,False,442964.33,293496.97,25.0,2.0,0.0,1.1993466266552388,4,2,377723.8,75.0,1945,7.57353126274595,0.15682701161769844,15.68,0,Low,59237.29,1752,2026-09-30,2024-12-31
CUST-000784,Bennett-Velasquez,Mid-Market,Telecommunications,Active,False,85676.16,50944.21,22.0,3.0,33.33333333333333,1.339792278753292,3,2,90403.18,100.0,1536,7.337587743538596,0.15622137785189003,15.62,0,Low,14122.91,1753,2026-09-30,2024-12-31
CUST-001167,Wallace-Martinez,Mid-Market,Media,Active,False,194271.7,124515.5,24.0,0.0,0.0,1.3513906586698512,2,2,177750.66,50.0,1420,7.259116128097101,0.15612854110937163,15.61,0,Low,27751.95,1754,2026-09-30,2024-12-31
CUST-002370,Howard LLC,Enterprise,Insurance,Active,False,1483514.02,933031.58,84.0,3.0,66.66666666666666,1.3040532177320607,7,7,1398517.93,71.42857142857143,562,6.333279628139691,0.1556477629506085,15.56,0,Low,217676.19,1755,2026-09-30,2024-12-31
CUST-000513,"Sullivan, Palmer and Brady",Enterprise,Healthcare,Active,False,402716.0,242713.27,18.0,2.0,100.0,1.281829112675597,3,1,246039.73,100.0,927,6.833031732786201,0.15527954065653252,15.53,0,Low,38204.94,1756,2026-09-30,2024-12-31
CUST-002113,Owens PLC,Mid-Market,Media,Active,False,77689.42,45072.44,12.0,1.0,100.0,1.428095547276254,2,1,71794.62,100.0,1002,6.910750787961936,0.1545916803132133,15.46,0,Low,11098.85,1757,2026-09-30,2024-12-31
CUST-000307,Castaneda-Rodriguez,Enterprise,Transportation,Active,True,1046927.56,662927.0,61.0,4.0,25.0,1.3491185222171262,6,5,976600.24,83.33333333333334,700,6.55250788703459,0.15404197517129367,15.4,0,Low,150437.43,1758,2026-09-30,2024-12-31
CUST-001340,"Martin, Palmer and Griffin",Enterprise,Education,Active,False,1315412.95,839313.44,60.0,5.0,60.0,1.3287856291255293,6,5,1246537.96,83.33333333333334,1876,7.537430036586509,0.15325032910509226,15.33,0,Low,191032.35,1759,2026-09-30,2024-12-31
CUST-001099,Hull Ltd,Mid-Market,Telecommunications,Active,False,183994.45,115011.84,36.0,1.0,100.0,1.3814692504347559,5,2,112294.33,60.0,1170,7.065613363597717,0.15322784176314255,15.32,0,Low,17206.62,1760,2026-09-30,2024-12-31
CUST-000886,Wheeler PLC,Strategic,Telecommunications,Active,False,5154846.4,3236405.86,48.0,5.0,40.0,1.3867338628045285,7,4,4810001.93,100.0,1482,7.301822342137932,0.15277473640945533,15.28,0,Low,734846.78,1761,2026-09-30,2024-12-31
CUST-001110,"Smith, Buck and Holland",Enterprise,Banking,Active,False,550766.53,344018.83,24.0,2.0,100.0,1.307154945133785,3,2,516269.25,100.0,1235,7.119635638017636,0.1527267590874563,15.27,0,Low,78848.13,1762,2026-09-30,2024-12-31
CUST-000384,"Gallegos, Adams and White",Mid-Market,Healthcare,Active,False,93251.43,59033.28,12.0,1.0,100.0,1.4483153378375073,2,1,86363.8,100.0,1536,7.337587743538596,0.15269919942980725,15.27,0,Low,13187.68,1763,2026-09-30,2024-12-31
CUST-001588,"Wright, Scott and Evans",Enterprise,Energy,Active,False,489153.33,313200.3,24.0,1.0,0.0,1.1995446688435296,3,2,458380.34,66.66666666666666,1598,7.377133712833954,0.15229022357428781,15.23,0,Low,69806.84,1764,2026-09-30,2024-12-31
CUST-000831,"Price, Carlson and Andrews",Enterprise,Manufacturing,Active,False,581462.35,358011.56,36.0,2.0,50.0,1.4578593966613804,4,3,543267.14,50.0,1783,7.486613313139955,0.15167657595287767,15.17,0,Low,82400.9,1765,2026-09-30,2024-12-31
CUST-000972,Foster-Williams,Mid-Market,Insurance,Active,False,283043.73,180450.84,48.0,2.0,50.0,1.4342127493965997,5,4,264752.32,100.0,1877,7.537962659768208,0.1508976000505005,15.09,0,Low,39950.49,1766,2026-09-30,2024-12-31
CUST-000579,"Mcmillan, Fischer and Gonzalez",Mid-Market,Media,Active,True,310814.65,194814.47,48.0,1.0,100.0,1.3350667603654252,5,4,294274.75,100.0,1438,7.271703706887368,0.1501752411410856,15.02,0,Low,44192.78,1767,2026-09-30,2024-12-31
CUST-001005,"Bradford, Salinas and Kelly",Mid-Market,Manufacturing,Active,False,108483.1,64964.82,14.0,2.0,50.0,1.2617800160735038,2,1,91173.88,50.0,1023,6.931471805599453,0.14914419514226984,14.91,0,Low,13598.05,1768,2026-09-30,2024-12-31
CUST-000575,"Lee, Tran and Jones",Mid-Market,Professional Services,Active,False,264103.94,164534.29,47.0,3.0,66.66666666666666,1.435020485406831,4,4,256240.26,75.0,801,6.687108607866515,0.14908347128757138,14.91,0,Low,38201.19,1769,2026-09-30,2024-12-31
CUST-000111,Patton-Jenkins,Enterprise,Manufacturing,Active,False,866199.39,538565.86,35.0,4.0,100.0,1.3090473293707976,6,3,836795.86,100.0,933,6.839476438228843,0.14898163123185418,14.9,0,Low,124667.21,1770,2026-09-30,2024-12-31
CUST-002003,"Bryan, Lam and Hayes",Mid-Market,Energy,Active,False,173940.65,108421.34,30.0,0.0,0.0,1.348581069622659,3,2,144834.14,66.66666666666666,1254,7.134890851565884,0.14706718637413593,14.71,0,Low,21300.35,1771,2026-09-30,2024-12-31
CUST-001569,Lee Ltd,Enterprise,Technology,Active,True,604884.66,368688.42,26.0,3.0,66.66666666666666,1.219014991651265,3,1,354913.85,100.0,818,6.70808408385307,0.14615494933419065,14.62,0,Low,51872.42,1772,2026-09-30,2024-12-31
CUST-000323,Taylor and Sons,Enterprise,Healthcare,Active,False,614800.74,388973.02,28.0,3.0,66.66666666666666,1.2110547831378402,4,2,461730.57,75.0,1286,7.160069207596127,0.14603805955537302,14.6,0,Low,67430.24,1773,2026-09-30,2024-12-31
CUST-000480,Barnes PLC,Enterprise,Manufacturing,Active,False,1117088.3,699832.56,69.0,1.0,0.0,1.2289988581772135,6,5,949334.61,83.33333333333334,745,6.61472560020376,0.14534842165987374,14.53,0,Low,137984.29,1774,2026-09-30,2024-12-31
CUST-001395,Adkins Group,Mid-Market,Telecommunications,Active,False,233955.39,151613.22,46.0,0.0,0.0,1.2575842649419788,5,3,166753.46,60.0,795,6.679599185844383,0.14513828359487946,14.51,0,Low,24202.31,1775,2026-09-30,2024-12-31
CUST-001900,Cook-Turner,Enterprise,Retail,Active,True,1257747.95,803645.76,44.0,1.0,100.0,1.3534519326171108,6,3,1033799.87,50.0,1559,7.352441100243583,0.14465714625678835,14.47,0,Low,149546.54,1776,2026-09-30,2024-12-31
CUST-000797,Rodriguez and Sons,Enterprise,Energy,Active,False,1246694.57,786342.59,56.0,0.0,0.0,1.3322234215681477,6,4,960701.27,50.0,815,6.704414354964107,0.14465532985319743,14.47,0,Low,138970.56,1777,2026-09-30,2024-12-31
CUST-000015,Williams and Sons,Mid-Market,Insurance,Active,False,129029.25,80471.9,24.0,0.0,0.0,1.1176511868246921,2,2,124331.63,100.0,335,5.817111159963204,0.14455447806974933,14.46,0,Low,17972.69,1778,2026-09-30,2024-12-31
CUST-001051,"Greene, Gonzalez and Johnson",Mid-Market,Banking,Active,False,53726.03,31863.11,12.0,1.0,0.0,1.514258457692524,2,1,48415.31,50.0,1908,7.554334823725748,0.14436297721974437,14.44,0,Low,6989.38,1779,2026-09-30,2024-12-31
CUST-000976,Martinez Inc,Mid-Market,Telecommunications,Active,False,143099.15,89874.87,35.0,3.0,66.66666666666666,1.0867487477661746,4,3,135833.93,75.0,988,6.8966943316227125,0.14415094909120965,14.42,0,Low,19580.59,1780,2026-09-30,2024-12-31
CUST-000106,Nolan and Sons,Mid-Market,Insurance,Active,False,137814.25,88305.71,29.0,1.0,100.0,1.4735652192685065,3,2,115085.83,66.66666666666666,583,6.369900982828227,0.14304676950769818,14.3,0,Low,16462.66,1781,2026-09-30,2024-12-31
CUST-000730,"Li, Craig and Drake",Enterprise,Media,Active,False,982278.59,628401.47,48.0,3.0,100.0,1.1881150693505564,4,4,954590.03,100.0,359,5.886104031450156,0.14260333666719543,14.26,0,Low,136127.72,1782,2026-09-30,2024-12-31
CUST-001061,"Gutierrez, Avila and Perez",Mid-Market,Professional Services,Active,False,157866.77,95933.46,30.0,1.0,100.0,1.3587426192691254,5,2,116606.48,60.0,866,6.7650389767805414,0.1425789217534904,14.26,0,Low,16625.63,1783,2026-09-30,2024-12-31
CUST-001482,Jackson Inc,Mid-Market,Telecommunications,Active,True,222678.04,142455.63,36.0,1.0,100.0,1.094953511120527,4,3,205263.43,75.0,936,6.842683282238422,0.14181965211236636,14.18,0,Low,29110.39,1784,2026-09-30,2024-12-31
CUST-002422,Poole-Miller,Strategic,Technology,Active,False,2911149.14,1830903.92,25.0,5.0,20.0,1.5281637155426004,5,1,1462636.08,60.0,1402,7.246368080102461,0.14172597071461124,14.17,0,Low,207293.52,1785,2026-09-30,2024-12-31
CUST-002129,"Nelson, Clarke and Schneider",Enterprise,Transportation,Active,True,604285.67,368474.66,34.0,0.0,0.0,1.2772002091977481,4,3,600238.73,25.0,2017,7.609862200913554,0.1415916543157586,14.16,0,Low,84988.79,1786,2026-09-30,2024-12-31
CUST-002030,Sullivan Group,Enterprise,Banking,Active,False,1603521.96,1007957.19,70.0,3.0,66.66666666666666,1.3083260670080605,6,6,1555648.2,50.0,352,5.8664680569332965,0.14121346076392352,14.12,0,Low,219678.47,1787,2026-09-30,2024-12-31
CUST-001388,Ortiz-Rodriguez,Strategic,Telecommunications,Active,True,6718860.16,4163258.56,72.0,5.0,80.0,1.3403972516261986,8,6,6382471.51,100.0,1521,7.3277805384216315,0.14009826029241942,14.01,0,Low,894173.15,1788,2026-09-30,2024-12-31
CUST-000512,"Whitney, Gould and Jones",Mid-Market,Manufacturing,Active,False,94220.31,57188.8,13.0,0.0,0.0,1.18811788172285,2,1,86405.48,50.0,1493,7.309212365692763,0.139999755299245,14.0,0,Low,12096.75,1789,2026-09-30,2024-12-31
CUST-001427,Wright-Davis,Enterprise,Media,Active,True,1190600.68,746734.1,51.0,3.0,66.66666666666666,1.3037395226134108,6,4,1036776.57,83.33333333333334,1049,6.956545443151569,0.13942547510938888,13.94,0,Low,144553.07,1790,2026-09-30,2024-12-31
CUST-000394,"Miller, Ramos and Coleman",Enterprise,Media,Active,True,741921.61,463041.22,32.0,0.0,0.0,1.176709416878814,5,2,523953.38,80.0,1807,7.4999765409521215,0.13935811191944467,13.94,0,Low,73017.15,1791,2026-09-30,2024-12-31
CUST-002253,Reynolds and Sons,Enterprise,Healthcare,Active,True,1547837.06,948178.62,53.0,0.0,0.0,1.2005664284401785,6,4,1299765.01,100.0,724,6.586171654854675,0.13847717164330448,13.85,0,Low,179987.78,1792,2026-09-30,2024-12-31
CUST-000115,Torres-Pope,Enterprise,Education,Active,True,1262959.59,772528.54,47.0,1.0,100.0,1.2975437968263708,4,3,975634.41,100.0,764,6.639875833826536,0.13724587466015745,13.72,0,Low,133901.8,1793,2026-09-30,2024-12-31
CUST-001994,Wong Ltd,Enterprise,Telecommunications,Active,True,419051.87,255661.29,17.0,4.0,50.0,1.0463501974107061,3,1,312441.89,66.66666666666666,1736,7.459914766241105,0.1367597571435563,13.68,0,Low,42729.48,1794,2026-09-30,2024-12-31
CUST-000775,Ward and Sons,Enterprise,Insurance,Active,True,602301.6,388276.55,24.0,4.0,75.0,1.482234450310421,4,2,559695.11,75.0,1728,7.455298485683291,0.13613854482412033,13.61,0,Low,76196.08,1795,2026-09-30,2024-12-31
CUST-001348,"Nguyen, Padilla and Boyd",Mid-Market,Insurance,Active,True,313124.15,193811.11,43.0,2.0,100.0,1.2142771741796243,4,3,226502.52,25.0,528,6.270988431858299,0.13556016679862842,13.56,0,Low,30704.72,1796,2026-09-30,2024-12-31
CUST-000145,Hernandez Ltd,Enterprise,Education,Active,True,1556953.58,1002546.06,54.0,1.0,100.0,1.247841894664148,5,3,1069865.45,100.0,483,6.182084906716632,0.1353651124980982,13.54,0,Low,144822.46,1797,2026-09-30,2024-12-31
CUST-000556,Moore Group,Enterprise,Media,Active,True,999352.61,611900.82,60.0,3.0,66.66666666666666,1.2014702520706912,5,5,950368.29,100.0,527,6.269096283706261,0.1350270435675957,13.5,0,Low,128325.42,1798,2026-09-30,2024-12-31
CUST-001408,"Hale, Gilbert and Craig",Mid-Market,Manufacturing,Active,False,82091.82,53204.86,10.0,2.0,100.0,1.1776663824413673,3,1,89152.3,66.66666666666666,1777,7.48324441607385,0.13459017399326265,13.46,0,Low,11999.02,1799,2026-09-30,2024-12-31
CUST-002059,Roberts-Henry,Strategic,Transportation,Active,True,5590746.83,3410877.7,55.0,3.0,100.0,1.3300755692320874,8,4,4573620.24,87.5,1243,7.126087273299125,0.13406570668534085,13.41,0,Low,613165.63,1800,2026-09-30,2024-12-31
CUST-002053,Thomas LLC,Mid-Market,Manufacturing,Active,False,146913.68,94205.89,30.0,3.0,66.66666666666666,1.2370445149591531,3,3,170835.41,100.0,287,5.662960480135946,0.13312624541341628,13.31,0,Low,22742.68,1801,2026-09-30,2024-12-31
CUST-001339,Bates PLC,Enterprise,Telecommunications,Active,True,264997.5,167539.74,12.0,4.0,100.0,0.8791997920535982,4,1,252688.81,100.0,1289,7.162397497355718,0.1330157840961189,13.3,0,Low,33611.6,1802,2026-09-30,2024-12-31
CUST-001567,"Jones, Torres and Blackburn",Mid-Market,Professional Services,Active,False,309697.59,196463.17,49.0,0.0,0.0,1.1370624616581093,5,4,289217.38,60.0,701,6.553933404025811,0.13264753802578688,13.26,0,Low,38363.97,1803,2026-09-30,2024-12-31
CUST-000727,"Durham, Hopkins and Smith",Mid-Market,Telecommunications,Active,False,267578.12,168263.31,40.0,1.0,100.0,1.1211377593927585,4,3,234817.69,100.0,617,6.42648845745769,0.13207031865229016,13.21,0,Low,31012.45,1804,2026-09-30,2024-12-31
CUST-001484,"Brown, Wise and Warren",Strategic,Technology,Active,True,5396643.2,3340278.9,57.0,4.0,50.0,1.1517566935781587,6,4,4587177.62,83.33333333333334,775,6.654152520183219,0.13165241274099923,13.17,0,Low,603913.0,1805,2026-09-30,2024-12-31
CUST-001861,Blanchard-Reynolds,SMB,Telecommunications,Active,False,16245.47,9763.48,12.0,0.0,0.0,1.5574391454669445,1,1,15034.26,100.0,342,5.8377304471659395,0.1315023072138814,13.15,0,Low,1977.04,1806,2026-09-30,2024-12-31
CUST-002393,Carrillo Ltd,Enterprise,Insurance,Active,False,861685.16,533258.71,48.0,2.0,0.0,1.2104922441833297,6,3,519663.64,66.66666666666666,1725,7.453561871643373,0.13107940194589235,13.11,0,Low,68117.2,1807,2026-09-30,2024-12-31
CUST-001036,Kramer-Lane,Enterprise,Banking,Active,False,1528714.25,964185.43,60.0,1.0,100.0,1.217302937434486,5,5,1452039.41,80.0,1197,7.088408778675395,0.13006127692849023,13.01,0,Low,188854.1,1808,2026-09-30,2024-12-31
CUST-002310,"Munoz, Howard and Davis",Mid-Market,Technology,Active,False,39961.62,23299.03,11.0,0.0,0.0,0.9956408802978859,2,1,40263.43,50.0,1990,7.596392304064196,0.12928502131284278,12.93,0,Low,5205.46,1809,2026-09-30,2024-12-31
CUST-001817,English-Dominguez,Enterprise,Manufacturing,Active,False,204812.33,139049.63,12.0,3.0,66.66666666666666,1.4693828406127547,4,1,187709.73,75.0,1197,7.088408778675395,0.12901712801830797,12.9,0,Low,24217.77,1810,2026-09-30,2024-12-31
CUST-000930,"Proctor, Burton and Crawford",Mid-Market,Telecommunications,Active,False,155718.37,92344.82,23.0,0.0,0.0,1.3723598464950841,4,2,156132.75,75.0,1909,7.554858521040676,0.12835233682668631,12.84,0,Low,20040.0,1811,2026-09-30,2024-12-31
CUST-001432,Porter and Sons,Enterprise,Technology,Active,False,766682.91,484156.76,27.0,2.0,100.0,1.3773515466266262,5,2,655427.15,80.0,1690,7.43307534889858,0.1274187959885251,12.74,0,Low,83513.74,1812,2026-09-30,2024-12-31
CUST-000258,"Bryan, Smith and Booth",Mid-Market,Insurance,Active,False,159243.83,101456.64,34.0,0.0,0.0,1.1436605162095235,3,3,165659.29,100.0,1810,7.501634457883413,0.1264304675560208,12.64,0,Low,20944.38,1813,2026-09-30,2024-12-31
CUST-000649,"Zhang, Brooks and Miles",Enterprise,Technology,Active,True,1008814.15,638187.86,40.0,0.0,0.0,1.242671644441434,7,3,891265.86,85.71428571428571,1192,7.084226422097916,0.1263977953697343,12.64,0,Low,112654.04,1814,2026-09-30,2024-12-31
CUST-002247,Burke-Hernandez,Mid-Market,Transportation,Active,True,158019.64,100611.0,35.0,3.0,100.0,1.4206409278041212,3,2,90841.14,66.66666666666666,415,6.030685260261263,0.12634736028298255,12.63,0,Low,11477.54,1815,2026-09-30,2024-12-31
CUST-001926,Duran PLC,Mid-Market,Retail,Active,False,139361.82,86608.85,30.0,3.0,66.66666666666666,1.0964279887944368,3,3,159229.37,100.0,297,5.697093486505405,0.1259951576294827,12.6,0,Low,20062.13,1816,2026-09-30,2024-12-31
CUST-002068,"Alvarez, Benson and Wilson",Mid-Market,Professional Services,Active,False,76386.03,45916.06,12.0,0.0,0.0,0.8312203500736135,2,1,72062.87,50.0,1338,7.199678345691172,0.12569229760126746,12.57,0,Low,9057.75,1817,2026-09-30,2024-12-31
CUST-001627,"Williamson, Brown and Pena",SMB,Retail,Active,False,12795.04,8180.31,12.0,1.0,100.0,1.2599635544143595,1,1,12147.11,0.0,596,6.391917113392602,0.12555753808635245,12.56,0,Low,1525.16,1818,2026-09-30,2024-12-31
CUST-000760,Marquez Inc,SMB,Telecommunications,Active,False,32438.93,20209.59,32.0,1.0,100.0,1.179000948965247,3,2,24897.55,33.33333333333333,768,6.645090969505644,0.12526940905628056,12.53,0,Low,3118.9,1819,2026-09-30,2024-12-31
CUST-002057,Perry-Peters,Enterprise,Manufacturing,Active,True,770052.05,497820.33,34.0,3.0,100.0,1.1891773277320705,6,3,807865.25,66.66666666666666,2076,7.638679823876112,0.12520033741627043,12.52,0,Low,101145.0,1820,2026-09-30,2024-12-31
CUST-002112,"Perez, Rodriguez and Rollins",Mid-Market,Telecommunications,Active,False,61477.44,38729.62,21.0,2.0,100.0,1.4585964486404388,2,1,31809.41,50.0,2017,7.609862200913554,0.1249270774810865,12.49,0,Low,3973.86,1821,2026-09-30,2024-12-31
CUST-001175,Decker-Dudley,Mid-Market,Retail,Active,False,328332.57,205637.93,59.0,1.0,100.0,1.3314976790756556,5,3,177524.75,100.0,745,6.61472560020376,0.1247318507493526,12.47,0,Low,22142.99,1822,2026-09-30,2024-12-31
CUST-000850,Gonzales Inc,Mid-Market,Banking,Active,False,196009.68,118433.59,36.0,1.0,0.0,1.1738633481934486,3,3,181278.23,33.33333333333333,1208,7.097548850614793,0.12432034400234503,12.43,0,Low,22536.57,1823,2026-09-30,2024-12-31
CUST-000992,Ramirez and Sons,Mid-Market,Energy,Active,True,244499.65,153577.31,45.0,4.0,75.0,1.17711748242272,4,3,163724.4,100.0,458,6.129050210060545,0.12331621171111641,12.33,0,Low,20189.87,1824,2026-09-30,2024-12-31
CUST-001636,Reed LLC,Enterprise,Media,Active,True,527666.25,340347.73,41.0,2.0,50.0,1.1421051965192668,4,3,436942.03,75.0,1521,7.3277805384216315,0.12329454629679322,12.33,0,Low,53872.57,1825,2026-09-30,2024-12-31
CUST-002372,"Johnson, Brown and Jordan",Enterprise,Banking,Active,True,1154383.72,741921.09,33.0,3.0,66.66666666666666,1.2269283258992882,4,2,751640.68,75.0,1640,7.403061091090091,0.12298503307447328,12.3,0,Low,92440.55,1826,2026-09-30,2024-12-31
CUST-002012,Rojas-Smith,Enterprise,Transportation,Active,True,1438390.57,921594.65,55.0,3.0,66.66666666666666,1.303630718964318,5,5,1510027.46,60.0,316,5.75890177387728,0.12260896209798519,12.26,0,Low,185142.9,1827,2026-09-30,2024-12-31
CUST-001148,Mendez Ltd,Enterprise,Energy,Active,True,442569.41,290074.83,15.0,4.0,100.0,1.2326213897359213,3,1,379263.18,66.66666666666666,706,6.561030665896573,0.12243208481652013,12.24,0,Low,46433.98,1828,2026-09-30,2024-12-31
CUST-001908,Johnson PLC,Enterprise,Energy,Active,True,1806689.54,1144294.56,66.0,4.0,100.0,1.3152199648685095,6,5,1733255.61,83.33333333333334,492,6.20050917404269,0.1217656506517535,12.18,0,Low,211051.0,1829,2026-09-30,2024-12-31
CUST-001081,Humphrey-Baker,Enterprise,Insurance,Active,False,1363494.61,873294.47,58.0,1.0,100.0,1.3845697640630519,5,3,910907.12,60.0,375,5.929589143389895,0.12174173787807165,12.17,0,Low,110895.42,1830,2026-09-30,2024-12-31
CUST-000082,Sandoval-Cunningham,Enterprise,Healthcare,Active,True,1089889.74,692783.77,55.0,2.0,100.0,1.3176398446293174,6,4,864924.63,100.0,2035,7.618742377670413,0.12153320051445693,12.15,0,Low,105117.06,1831,2026-09-30,2024-12-31
CUST-000638,Morales Inc,Enterprise,Technology,Active,True,1683062.73,1044053.55,64.0,4.0,75.0,1.2187010520221828,7,5,1517728.08,71.42857142857143,1057,6.964135612418245,0.11997573553017585,12.0,0,Low,182090.54,1832,2026-09-30,2024-12-31
CUST-001869,Davis-Garcia,Enterprise,Banking,Active,False,1155484.84,740608.97,60.0,4.0,100.0,1.4151837634547442,6,4,927119.47,83.33333333333334,1023,6.931471805599453,0.11996060656133369,12.0,0,Low,111217.81,1833,2026-09-30,2024-12-31
CUST-000249,Johnston-Hines,Enterprise,Retail,Active,True,272866.73,177084.0,14.0,1.0,100.0,1.5002744500693177,4,1,237169.96,100.0,1761,7.474204806496124,0.1195248400517398,11.95,0,Low,28347.7,1834,2026-09-30,2024-12-31
CUST-002414,West PLC,Mid-Market,Telecommunications,Active,False,209856.12,133471.64,36.0,1.0,100.0,1.3795064049771897,5,2,128857.18,80.0,1833,7.51425465281641,0.11946279998380259,11.95,0,Low,15393.64,1835,2026-09-30,2024-12-31
CUST-002047,Hughes-Smith,Enterprise,Energy,Active,True,959633.58,627007.39,40.0,3.0,33.33333333333333,1.3245792296548802,7,2,565066.53,100.0,1787,7.488852955733459,0.11899813098530584,11.9,0,Low,67241.86,1836,2026-09-30,2024-12-31
CUST-001776,"Stark, Rivera and Valencia",Mid-Market,Retail,Active,False,293433.08,183384.96,55.0,1.0,100.0,1.2511876228408492,5,5,292929.66,100.0,312,5.746203190540153,0.11872387322159503,11.87,0,Low,34777.74,1837,2026-09-30,2024-12-31
CUST-002523,"Flowers, Martin and Kelly",Mid-Market,Professional Services,Active,True,179369.54,114811.03,26.0,2.0,50.0,1.163908560072132,3,2,153865.79,100.0,620,6.431331081933479,0.11774810184835788,11.77,0,Low,18117.4,1838,2026-09-30,2024-12-31
CUST-002548,"Flowers, Martin and Kelly",Mid-Market,Professional Services,Active,True,179369.54,114811.03,26.0,2.0,50.0,1.163908560072132,3,2,153865.79,100.0,620,6.431331081933479,0.11774810184835788,11.77,0,Low,18117.4,1839,2026-09-30,2024-12-31
CUST-000121,White-Estes,Enterprise,Insurance,Active,False,891156.63,556688.44,33.0,0.0,0.0,1.3361746263936218,3,2,602426.84,100.0,1106,7.009408932708637,0.11742764163709496,11.74,0,Low,70741.56,1840,2026-09-30,2024-12-31
CUST-001740,Larson LLC,Enterprise,Insurance,Active,False,1415396.9,873069.03,71.0,4.0,100.0,1.3582582734414184,6,5,1150337.56,83.33333333333334,1351,7.20934025660291,0.11728485570326032,11.73,0,Low,134917.17,1841,2026-09-30,2024-12-31
CUST-000720,"Bernard, Warren and Combs",Mid-Market,Telecommunications,Active,False,95343.39,62985.58,12.0,1.0,0.0,1.077386342354197,2,1,89661.91,50.0,972,6.880384082186005,0.11691799593180237,11.69,0,Low,10483.09,1842,2026-09-30,2024-12-31
CUST-001452,Ramirez-White,Enterprise,Healthcare,Active,True,703318.83,452715.98,36.0,0.0,0.0,1.1706531314621615,5,3,659871.07,80.0,1237,7.121252453244542,0.11683334747222754,11.68,0,Low,77094.95,1843,2026-09-30,2024-12-31
CUST-000188,Vargas Ltd,Mid-Market,Technology,Active,False,153763.63,93362.18,25.0,1.0,100.0,1.4023065174868117,3,1,58843.26,100.0,919,6.824373670043086,0.11611434891965497,11.61,0,Low,6832.55,1844,2026-09-30,2024-12-31
CUST-001671,"Liu, Buchanan and Meyer",Enterprise,Media,Active,True,564788.97,354414.11,26.0,4.0,75.0,1.2880519776669992,3,2,474973.36,100.0,687,6.5337888379333435,0.1144110785688392,11.44,0,Low,54342.21,1845,2026-09-30,2024-12-31
CUST-000186,Johnston-Odonnell,Enterprise,Professional Services,Active,True,870837.81,550798.28,38.0,0.0,0.0,1.023762485678214,6,3,774737.89,50.0,1008,6.9167150203536085,0.11403886831871951,11.4,0,Low,88350.23,1846,2026-09-30,2024-12-31
CUST-001466,Dillon-Mccarty,Enterprise,Manufacturing,Active,True,1396105.13,859196.74,52.0,1.0,100.0,1.2975004526894818,5,4,1259727.02,100.0,1520,7.327123292259293,0.11384063240015004,11.38,0,Low,143408.12,1847,2026-09-30,2024-12-31
CUST-000882,Williams Ltd,Enterprise,Transportation,Active,True,774309.22,470129.15,48.0,2.0,0.0,1.2976326132134244,4,4,718569.7,75.0,478,6.171700597410915,0.11302507634498606,11.3,0,Low,81216.4,1848,2026-09-30,2024-12-31
CUST-000351,Fernandez and Sons,Enterprise,Technology,Active,True,569138.71,362006.89,22.0,6.0,66.66666666666666,1.198336499027203,4,2,577630.42,75.0,1251,7.132497551660044,0.11184895967999561,11.18,0,Low,64607.36,1849,2026-09-30,2024-12-31
CUST-000598,Thornton PLC,Enterprise,Energy,Active,True,961053.04,633303.16,48.0,1.0,100.0,1.3112035245540294,7,4,909553.22,85.71428571428571,776,6.655440350367647,0.1116968596468081,11.17,0,Low,101594.24,1850,2026-09-30,2024-12-31
CUST-000637,Wilcox-Robertson,Enterprise,Transportation,Active,False,1139243.61,714208.92,59.0,3.0,66.66666666666666,1.349882152611714,5,5,1067902.75,60.0,347,5.8522024797744745,0.11100324826953822,11.1,0,Low,118540.67,1851,2026-09-30,2024-12-31
CUST-001823,House-Johnston,Mid-Market,Insurance,Active,False,241682.05,153648.96,46.0,0.0,0.0,1.4431638786463448,5,4,244380.81,100.0,1811,7.502186486602924,0.11096208222562998,11.1,0,Low,27117.0,1852,2026-09-30,2024-12-31
CUST-001615,Hanson-Alexander,Enterprise,Education,Active,False,728965.43,459082.19,29.0,2.0,50.0,1.271295017750994,3,1,376209.97,100.0,855,6.752270376141742,0.11036689176580322,11.04,0,Low,41521.13,1853,2026-09-30,2024-12-31
CUST-001568,"Davis, Hardy and Schmidt",Enterprise,Telecommunications,Active,False,1661203.21,1071297.36,60.0,3.0,66.66666666666666,1.2645313778008542,7,5,1582303.87,85.71428571428571,1073,6.97914527506881,0.10949923887536271,10.95,0,Low,173261.07,1854,2026-09-30,2024-12-31
CUST-001690,"Savage, Huffman and Martin",Mid-Market,Insurance,Active,False,158880.32,100428.72,36.0,2.0,100.0,1.299580396860736,3,3,148264.85,100.0,542,6.297109319933935,0.10921768645848266,10.92,0,Low,16193.14,1855,2026-09-30,2024-12-31
CUST-001156,Bryant-Meyer,Enterprise,Transportation,Active,True,838008.8,534378.11,31.0,1.0,100.0,1.4050241000262549,3,2,649547.15,100.0,848,6.744059186311348,0.10889931640126527,10.89,0,Low,70735.24,1856,2026-09-30,2024-12-31
CUST-001160,Perez Ltd,Mid-Market,Banking,Active,True,138004.84,84363.85,24.0,2.0,100.0,1.1419416006317555,2,2,128946.94,100.0,1888,7.543802867501509,0.10846675364368319,10.85,0,Low,13986.46,1857,2026-09-30,2024-12-31
CUST-000127,"Mcdaniel, Bentley and Mclaughlin",Strategic,Energy,Active,False,2553067.05,1546259.09,23.0,2.0,50.0,1.4086411794066995,5,1,1097335.21,80.0,1184,7.077498053569231,0.10740710645656973,10.74,0,Low,117861.6,1858,2026-09-30,2024-12-31
CUST-001935,Schwartz-Harris,Strategic,Insurance,Active,True,2325154.96,1457533.78,34.0,5.0,100.0,1.4082186163477084,7,2,1589141.3,100.0,1326,7.190676034332207,0.10737727595758378,10.74,0,Low,170637.66,1859,2026-09-30,2024-12-31
CUST-000502,Paul-Kline,Mid-Market,Education,Active,True,395422.32,255992.36,55.0,0.0,0.0,1.4417320268020057,5,5,404555.92,80.0,316,5.75890177387728,0.10655516839493251,10.66,0,Low,43107.52,1860,2026-09-30,2024-12-31
CUST-002177,Pearson LLC,Enterprise,Education,Active,True,623570.11,405766.65,38.0,1.0,100.0,1.2593113873542314,4,3,550160.58,75.0,728,6.591673732008658,0.10627645809939898,10.63,0,Low,58469.12,1861,2026-09-30,2024-12-31
CUST-000488,Williams-Hughes,Enterprise,Insurance,Active,True,1189288.19,735506.93,52.0,2.0,100.0,1.1878238307765399,5,4,1020003.77,40.0,609,6.413458957167357,0.10614751507979667,10.61,0,Low,108270.87,1862,2026-09-30,2024-12-31
CUST-001365,Johns Ltd,Enterprise,Energy,Active,True,944262.4,592482.55,48.0,4.0,100.0,1.1492048359005604,5,3,626629.22,100.0,561,6.331501849893691,0.1061251206416301,10.61,0,Low,66501.1,1863,2026-09-30,2024-12-31
CUST-002215,Vega-Richmond,Mid-Market,Energy,Active,False,199181.82,124440.02,34.0,2.0,100.0,1.403833853156211,3,2,157560.88,100.0,1538,7.338888133838879,0.1060952826764926,10.61,0,Low,16716.47,1864,2026-09-30,2024-12-31
CUST-001488,Sims-Anderson,Enterprise,Energy,Active,True,440705.55,288405.54,20.0,2.0,50.0,1.4749746432842394,3,1,221628.85,100.0,1006,6.914730892718563,0.10565791833652088,10.57,0,Low,23416.84,1865,2026-09-30,2024-12-31
CUST-001884,Sosa-Baker,Enterprise,Manufacturing,Active,False,688417.28,446948.26,29.0,1.0,100.0,1.2948093252513333,3,2,538487.12,100.0,598,6.395261598115449,0.1054902595463447,10.55,0,Low,56805.15,1866,2026-09-30,2024-12-31
CUST-001650,Stewart PLC,Enterprise,Healthcare,Active,False,777104.77,486302.96,32.0,1.0,100.0,1.385887601321473,6,2,596889.46,100.0,691,6.539585955617669,0.1053613163645972,10.54,0,Low,62889.06,1867,2026-09-30,2024-12-31
CUST-002407,"Higgins, Hobbs and Meyer",Mid-Market,Energy,Active,False,69025.56,42312.35,11.0,1.0,100.0,0.9674273881651749,2,1,71829.13,100.0,1585,7.368970402194793,0.1051094079528257,10.51,0,Low,7549.92,1868,2026-09-30,2024-12-31
CUST-001573,Andrade-Jackson,Strategic,Banking,Active,True,3523458.74,2191040.42,41.0,3.0,100.0,1.5427965044480414,5,3,3082553.46,100.0,832,6.725033642166843,0.10509315609585204,10.51,0,Low,323955.27,1869,2026-09-30,2024-12-31
CUST-002468,Reeves LLC,SMB,Education,Active,False,10609.27,6878.39,11.0,1.0,100.0,1.2635248422855627,1,1,10945.26,0.0,878,6.778784897685177,0.10414646731111023,10.41,0,Low,1139.91,1870,2026-09-30,2024-12-31
CUST-001689,Tate LLC,Mid-Market,Retail,Active,False,215230.98,142219.72,35.0,1.0,100.0,1.5116962129169988,3,3,208740.03,100.0,1992,7.597396320212795,0.10414537948164522,10.41,0,Low,21739.31,1871,2026-09-30,2024-12-31
CUST-002033,"Cantrell, Rivera and Thornton",Enterprise,Manufacturing,Active,False,580357.05,375049.56,22.0,0.0,0.0,1.2371149556452117,4,1,297725.75,100.0,1165,7.061334366910438,0.10364870253005043,10.36,0,Low,30858.89,1872,2026-09-30,2024-12-31
CUST-001268,"Palmer, Bennett and Patterson",Enterprise,Retail,Active,False,1259071.33,808211.99,50.0,1.0,100.0,1.324776125969541,5,5,1415747.48,80.0,280,5.638354669333745,0.1029572226559518,10.3,0,Low,145761.43,1873,2026-09-30,2024-12-31
CUST-001180,Hernandez-Davis,Enterprise,Technology,Active,True,1082618.96,681220.11,37.0,3.0,66.66666666666666,1.3147951998014626,7,1,359789.68,85.71428571428571,1057,6.964135612418245,0.10277836051838546,10.28,0,Low,36978.59,1874,2026-09-30,2024-12-31
CUST-001809,Graham-Clark,Enterprise,Media,Active,True,187711.94,118770.25,12.0,0.0,0.0,1.3952758262261429,3,1,182327.98,66.66666666666666,1484,7.3031700512368,0.10270197967387722,10.27,0,Low,18725.44,1875,2026-09-30,2024-12-31
CUST-002195,Lucas-Johnson,Mid-Market,Telecommunications,Active,True,359021.49,228014.57,60.0,1.0,0.0,1.1974368140013125,5,5,337599.66,60.0,353,5.869296913133774,0.1026100036923694,10.26,0,Low,34641.1,1876,2026-09-30,2024-12-31
CUST-002123,Wilson Group,Mid-Market,Energy,Active,False,141169.7,93790.84,23.0,1.0,100.0,1.1819524409105941,2,2,137706.85,50.0,1158,7.055312843339752,0.10260335061204025,10.26,0,Low,14129.18,1877,2026-09-30,2024-12-31
CUST-002054,Mcneil-Fox,SMB,Telecommunications,Active,False,11129.55,6604.97,12.0,0.0,0.0,1.8529715053005629,1,1,10662.13,100.0,336,5.820082930352362,0.10235111653126232,10.24,0,Low,1091.28,1878,2026-09-30,2024-12-31
CUST-000048,"Martin, Rose and Obrien",Mid-Market,Professional Services,Active,True,165875.26,105059.0,36.0,2.0,100.0,1.538281968964957,4,3,154416.48,75.0,1944,7.573017256052546,0.10210286973478849,10.21,0,Low,15766.37,1879,2026-09-30,2024-12-31
CUST-002175,Knight PLC,Enterprise,Manufacturing,Active,True,1218409.63,769754.1,48.0,4.0,50.0,1.335013161869505,5,4,1154254.4,100.0,935,6.841615476477592,0.10195247300585186,10.2,0,Low,117679.09,1880,2026-09-30,2024-12-31
CUST-000909,Peck-Anderson,Strategic,Insurance,Active,True,3437565.94,2161883.56,39.0,7.0,57.14285714285714,1.1234663996127725,8,3,2960934.05,75.0,1993,7.597897950521784,0.10118715088955663,10.12,0,Low,299608.48,1881,2026-09-30,2024-12-31
CUST-001374,"Barnes, Hernandez and Davis",Strategic,Media,Active,False,4171040.88,2702406.47,56.0,5.0,80.0,1.2696286577192006,7,3,2850174.84,100.0,799,6.684611727667927,0.09934628479399682,9.93,0,Low,283154.28,1882,2026-09-30,2024-12-31
CUST-002313,Davis-Henderson,Enterprise,Professional Services,Active,False,1173265.2,727739.66,58.0,2.0,0.0,1.4362973095105176,6,5,1125420.19,100.0,1015,6.923628628138427,0.0990987896950039,9.91,0,Low,111527.78,1883,2026-09-30,2024-12-31
CUST-000547,"Ferguson, Shaw and Jackson",Enterprise,Transportation,Active,False,165910.28,103743.75,12.0,3.0,33.33333333333333,1.2523918923559805,3,1,157359.86,100.0,1640,7.403061091090091,0.09874287071397861,9.87,0,Low,15538.16,1884,2026-09-30,2024-12-31
CUST-002415,"Smith, Morgan and Young",Mid-Market,Telecommunications,Active,False,229148.85,144116.02,47.0,2.0,50.0,1.3372015636936427,4,3,171804.38,50.0,1009,6.917705609835305,0.09868882736135243,9.87,0,Low,16955.17,1885,2026-09-30,2024-12-31
CUST-000795,"Barnes, Johnson and Schmitt",Enterprise,Media,Active,False,713303.6,465397.99,29.0,1.0,100.0,1.3759393903836639,3,2,534405.58,100.0,1485,7.303843225277705,0.09866609644831656,9.87,0,Low,52727.71,1886,2026-09-30,2024-12-31
CUST-001083,Powell-Montgomery,Enterprise,Professional Services,Active,True,1142607.27,700826.72,47.0,3.0,66.66666666666666,1.3064875120342374,6,4,1104607.72,66.66666666666666,1500,7.313886831633462,0.09859632687035955,9.86,0,Low,108910.26,1887,2026-09-30,2024-12-31
CUST-000757,Kelly Group,Enterprise,Education,Active,False,928754.42,597501.27,60.0,0.0,0.0,1.335405106539441,6,5,881905.66,100.0,1477,7.298445101508147,0.09793086957315535,9.79,0,Low,86365.79,1888,2026-09-30,2024-12-31
CUST-001871,Lee-Johnson,Enterprise,Technology,Active,False,1187824.44,763640.78,46.0,2.0,100.0,1.3902021359224102,4,4,1171871.13,100.0,850,6.7464121285733745,0.09785070987229565,9.79,0,Low,114668.42,1889,2026-09-30,2024-12-31
CUST-001951,Jacobson Ltd,Mid-Market,Banking,Active,True,201627.23,128325.75,38.0,2.0,100.0,1.624384118955563,5,3,184407.98,100.0,1037,6.945051063725834,0.09725876635787273,9.73,0,Low,17935.29,1890,2026-09-30,2024-12-31
CUST-001360,Mendoza-Garza,Enterprise,Telecommunications,Active,False,1248488.83,773820.83,57.0,6.0,66.66666666666666,1.1971339868265978,6,4,962787.65,83.33333333333334,831,6.723832440821209,0.09690929217281503,9.69,0,Low,93303.07,1891,2026-09-30,2024-12-31
CUST-001911,Levy-Smith,Strategic,Energy,Active,True,2968843.58,1870164.79,37.0,5.0,80.0,1.596999506564393,5,3,2646601.71,80.0,1180,7.074116816197362,0.09618696130138323,9.62,0,Low,254568.58,1892,2026-09-30,2024-12-31
CUST-000003,"Mcclain, Miller and Henderson",SMB,Energy,Active,False,11965.72,7416.6,12.0,0.0,0.0,1.5665949923859692,1,1,11382.81,0.0,662,6.4967749901858625,0.09495853492016075,9.5,0,Low,1080.89,1893,2026-09-30,2024-12-31
CUST-000858,"Ochoa, Taylor and Brady",SMB,Media,Active,False,20918.07,12500.08,12.0,1.0,100.0,1.316832813953109,1,1,19864.53,0.0,772,6.650279048587422,0.09442476231903814,9.44,0,Low,1875.7,1894,2026-09-30,2024-12-31
CUST-002142,"Payne, Cisneros and Johnson",Mid-Market,Media,Active,False,165454.62,102204.77,22.0,0.0,0.0,1.4689400023099184,2,2,173224.84,50.0,693,6.542471960506805,0.09406238441062781,9.41,0,Low,16293.94,1895,2026-09-30,2024-12-31
CUST-001381,Bell-Ballard,Enterprise,Healthcare,Active,False,466701.58,292282.44,27.0,2.0,50.0,1.3872703341958779,4,1,249122.67,50.0,1828,7.511524648390866,0.09374782847771254,9.37,0,Low,23354.71,1896,2026-09-30,2024-12-31
CUST-001827,"Simon, Terrell and Terrell",SMB,Telecommunications,Active,False,14782.38,8766.02,12.0,1.0,100.0,1.6150073202271835,1,1,14088.92,100.0,1066,6.9726062513017535,0.0933001920973204,9.33,0,Low,1314.5,1897,2026-09-30,2024-12-31
CUST-000169,"Yates, Ramsey and Pittman",Enterprise,Energy,Active,False,621534.22,384486.89,41.0,2.0,50.0,1.4675672933675785,7,3,535303.17,57.14285714285714,765,6.641182169740591,0.09258947240826314,9.26,0,Low,49563.44,1898,2026-09-30,2024-12-31
CUST-001024,"Fry, Myers and Gamble",Enterprise,Insurance,Active,False,1093924.48,695716.43,43.0,2.0,50.0,1.3035245040883285,4,3,825076.08,25.0,1086,6.99117688712121,0.09209645837973027,9.21,0,Low,75986.58,1899,2026-09-30,2024-12-31
CUST-000647,Richardson-Walker,Strategic,Banking,Active,False,2948239.47,1838857.47,34.0,5.0,60.0,1.1535835238633323,5,2,1923053.96,80.0,921,6.826545223556594,0.09093850367501932,9.09,0,Low,174879.65,1900,2026-09-30,2024-12-31
CUST-002520,Williams and Sons,Mid-Market,Insurance,Active,False,284032.15,174269.05,60.0,0.0,0.0,1.1775977759913487,5,5,264536.46,100.0,335,5.817111159963204,0.08999397823589586,9.0,0,Low,23806.69,1901,2026-09-30,2024-12-31
CUST-002545,Williams and Sons,Mid-Market,Insurance,Active,False,284032.15,174269.05,60.0,0.0,0.0,1.1775977759913487,5,5,264536.46,100.0,335,5.817111159963204,0.08999397823589586,9.0,0,Low,23806.69,1902,2026-09-30,2024-12-31
CUST-001895,"Smith, Zimmerman and Wise",Enterprise,Professional Services,Active,True,738887.41,464538.78,30.0,1.0,100.0,1.2609945591036908,5,2,623371.38,80.0,996,6.904750769961838,0.08989561539302299,8.99,0,Low,56038.35,1903,2026-09-30,2024-12-31
CUST-002194,Washington-Esparza,Mid-Market,Professional Services,Active,True,89147.91,56774.27,20.0,1.0,100.0,1.3517295134071563,2,1,54287.76,100.0,509,6.234410725718371,0.08970895185680777,8.97,0,Low,4870.1,1904,2026-09-30,2024-12-31
CUST-002025,Williams LLC,Enterprise,Healthcare,Active,True,587035.02,369403.34,20.0,1.0,100.0,1.6003548287440998,3,1,366305.94,66.66666666666666,1301,7.171656822768514,0.08916370490490433,8.92,0,Low,32661.19,1905,2026-09-30,2024-12-31
CUST-000866,Gibson-Freeman,Enterprise,Education,Active,True,666603.88,416408.65,39.0,0.0,0.0,1.2862396203982571,4,3,571571.06,100.0,649,6.476972362889683,0.08888383039276973,8.89,0,Low,50803.43,1906,2026-09-30,2024-12-31
CUST-000483,"Andrews, Higgins and Carter",Enterprise,Healthcare,Active,False,1332384.97,844267.95,57.0,2.0,100.0,1.4407676042545423,7,4,993888.09,71.42857142857143,891,6.79346613258001,0.08792329019128826,8.79,0,Low,87385.91,1907,2026-09-30,2024-12-31
CUST-000564,Wright-Grimes,Enterprise,Media,Active,False,753886.9,489867.74,35.0,2.0,100.0,1.3988703819053414,7,2,445956.91,85.71428571428571,1241,7.124478262493424,0.08739452270538774,8.74,0,Low,38974.19,1908,2026-09-30,2024-12-31
CUST-001401,Baker LLC,Enterprise,Retail,Active,False,629540.44,407542.31,30.0,2.0,100.0,1.206585150961598,4,2,508664.09,75.0,657,6.489204931325317,0.0871808260662531,8.72,0,Low,44345.76,1909,2026-09-30,2024-12-31
CUST-000905,Adkins LLC,Mid-Market,Education,Active,False,105926.62,68246.56,24.0,3.0,100.0,0.9956623212938656,2,2,102997.13,50.0,2049,7.6255950721324535,0.08708038585106298,8.71,0,Low,8969.03,1910,2026-09-30,2024-12-31
CUST-000683,"Holder, Young and Hendricks",Mid-Market,Manufacturing,Active,False,213458.62,129891.81,36.0,1.0,100.0,1.6136731974486986,4,3,199383.62,100.0,1780,7.484930283289661,0.08652935746122913,8.65,0,Low,17252.54,1911,2026-09-30,2024-12-31
CUST-001580,"King, Nixon and West",Enterprise,Energy,Active,False,1274244.05,798816.41,59.0,1.0,100.0,1.3549667051651404,7,4,857401.17,100.0,2061,7.631431664576906,0.08633132519193797,8.63,0,Low,74020.58,1912,2026-09-30,2024-12-31
CUST-000761,Moore-Dawson,Mid-Market,Technology,Active,True,143229.99,89565.22,22.0,1.0,100.0,1.2292285558656304,3,2,145332.32,66.66666666666666,2032,7.617267813628347,0.08622189055506219,8.62,0,Low,12530.83,1913,2026-09-30,2024-12-31
CUST-002291,Tate Ltd,Enterprise,Banking,Active,False,218403.79,133204.37,16.0,2.0,50.0,1.1286057829576,3,1,156583.21,100.0,1839,7.517520850603031,0.08604283768828942,8.6,0,Low,13472.86,1914,2026-09-30,2024-12-31
CUST-001294,Miller Inc,Enterprise,Media,Active,True,1369183.36,842760.43,60.0,2.0,50.0,1.073408334562112,5,5,1266452.95,100.0,345,5.846438775057725,0.08600331160557646,8.6,0,Low,108919.15,1915,2026-09-30,2024-12-31
CUST-001948,"Trujillo, Chang and Williams",SMB,Education,Active,True,8845.83,5533.49,12.0,1.0,100.0,1.187896705166578,1,1,8187.83,0.0,478,6.171700597410915,0.08575295128395115,8.58,0,Low,702.13,1916,2026-09-30,2024-12-31
CUST-000969,Aguirre LLC,Enterprise,Telecommunications,Active,True,1385718.99,871892.05,46.0,1.0,0.0,1.3801698592548042,7,3,1018201.35,71.42857142857143,1691,7.433666540166168,0.08530331551378975,8.53,0,Low,86855.95,1917,2026-09-30,2024-12-31
CUST-001860,"Blanchard, Davis and Schmidt",Enterprise,Banking,Active,True,1536252.53,994641.7,59.0,1.0,100.0,1.112370153103742,7,4,1015946.78,85.71428571428571,799,6.684611727667927,0.08527433305095646,8.53,0,Low,86634.18,1918,2026-09-30,2024-12-31
CUST-000585,"Patel, Erickson and Evans",Enterprise,Professional Services,Active,True,756797.53,473131.48,36.0,1.0,100.0,1.2233496314612275,4,2,500639.71,50.0,992,6.900730664045173,0.0847633026098901,8.48,0,Low,42435.88,1919,2026-09-30,2024-12-31
CUST-002076,Stephens LLC,Mid-Market,Telecommunications,Active,False,105872.75,64616.96,24.0,0.0,0.0,1.250604487163219,2,2,100341.61,100.0,466,6.1463292576688975,0.08429231899911149,8.43,0,Low,8458.03,1920,2026-09-30,2024-12-31
CUST-000555,Evans-Jones,Enterprise,Education,Active,True,1132678.6,735114.28,59.0,1.0,100.0,1.407230363620237,5,5,1083793.58,60.0,723,6.584791392385716,0.0842160595612077,8.42,0,Low,91272.82,1921,2026-09-30,2024-12-31
CUST-001803,Abbott-Phelps,Enterprise,Manufacturing,Active,False,934580.55,605547.28,51.0,4.0,100.0,1.490705393222359,6,3,636821.69,100.0,2097,7.6487397889562425,0.08337056147048033,8.34,0,Low,53092.18,1922,2026-09-30,2024-12-31
CUST-001301,Haynes Inc,Mid-Market,Professional Services,Active,False,83192.98,53368.03,13.0,1.0,100.0,1.0005235146889342,2,1,74925.21,50.0,678,6.520621127558696,0.08305345725834276,8.31,0,Low,6222.8,1923,2026-09-30,2024-12-31
CUST-001474,Miller LLC,Mid-Market,Transportation,Active,False,168502.27,101074.95,32.0,1.0,100.0,1.269662260578786,4,2,124349.42,75.0,969,6.877296071497429,0.0825563845202873,8.26,0,Low,10265.84,1924,2026-09-30,2024-12-31
CUST-001219,Velasquez Group,SMB,Energy,Active,False,43328.52,27749.09,36.0,1.0,100.0,1.4437931541468205,3,3,41704.63,66.66666666666666,716,6.57507584059962,0.08065229373791417,8.07,0,Low,3363.57,1925,2026-09-30,2024-12-31
CUST-000751,"Rivera, Campos and Taylor",Enterprise,Healthcare,Active,False,754179.94,467349.18,31.0,2.0,50.0,1.4308406071320794,5,2,562435.1,100.0,1525,7.330405211844402,0.08038454936475961,8.04,0,Low,45211.09,1926,2026-09-30,2024-12-31
CUST-001405,Bowman Group,Mid-Market,Banking,Active,False,169807.69,106835.6,26.0,1.0,100.0,1.3968004110905956,3,2,151176.95,66.66666666666666,675,6.516193076042964,0.07954236645850761,7.95,0,Low,12024.97,1927,2026-09-30,2024-12-31
CUST-002096,Williams-Rodriguez,Enterprise,Retail,Active,True,787977.43,514265.31,36.0,2.0,50.0,1.3290448739882499,4,3,740255.82,75.0,1813,7.503289630675082,0.07899736777193372,7.9,0,Low,58478.26,1928,2026-09-30,2024-12-31
CUST-002279,"Yates, Brown and Hernandez",Enterprise,Media,Active,True,725909.6,445380.87,34.0,1.0,100.0,1.1265243381315286,5,2,459510.13,60.0,1067,6.97354301952014,0.07884074096447552,7.88,0,Low,36228.12,1929,2026-09-30,2024-12-31
CUST-001589,"Ross, Hardin and Navarro",Mid-Market,Professional Services,Active,False,329293.58,210194.31,42.0,2.0,100.0,1.1488637152909358,4,3,261688.66,100.0,1257,7.1372784372603855,0.07859129913980174,7.86,0,Low,20566.45,1930,2026-09-30,2024-12-31
CUST-002277,Stewart Group,Enterprise,Manufacturing,Active,True,1498622.31,928074.92,81.0,0.0,0.0,1.388099652177637,7,6,1286075.23,100.0,449,6.1092475827643655,0.07836105666529766,7.84,0,Low,100778.21,1931,2026-09-30,2024-12-31
CUST-000069,Russell Group,Enterprise,Media,Active,False,1097165.18,682482.93,36.0,3.0,66.66666666666666,1.2541813017421066,4,3,1041258.16,100.0,954,6.86171134048073,0.07773413631387859,7.77,0,Low,80941.3,1932,2026-09-30,2024-12-31
CUST-001832,"Osborne, Harrison and Hunt",Mid-Market,Banking,Active,False,64873.98,38710.3,12.0,0.0,0.0,1.5694317461984755,2,1,60426.66,0.0,1300,7.170888478512505,0.07734777141609038,7.73,0,Low,4673.87,1933,2026-09-30,2024-12-31
CUST-002205,"Mason, Martinez and Beck",Strategic,Telecommunications,Active,True,6449212.14,4044728.97,77.0,6.0,66.66666666666666,1.4172191517229236,7,7,6692246.37,71.42857142857143,305,5.723585101952381,0.0773110706499668,7.73,0,Low,517384.73,1934,2026-09-30,2024-12-31
CUST-001865,Navarro PLC,Enterprise,Retail,Active,False,950610.21,609693.85,48.0,3.0,66.66666666666666,1.3682227500739026,5,4,900714.72,80.0,986,6.894670039433482,0.07676495549338676,7.68,0,Low,69143.33,1935,2026-09-30,2024-12-31
CUST-002224,Turner-Mayer,Mid-Market,Telecommunications,Active,True,118410.75,73555.82,24.0,1.0,100.0,1.283894574349833,3,2,112888.78,100.0,1928,7.564757012905729,0.07658222993162528,7.66,0,Low,8645.27,1936,2026-09-30,2024-12-31
CUST-002452,"Hogan, Zimmerman and Hoffman",SMB,Insurance,Active,False,32320.85,20599.8,30.0,0.0,0.0,1.6554121656128948,3,3,36813.68,33.33333333333333,285,5.655991810819852,0.0760104515492607,7.6,0,Low,2798.22,1937,2026-09-30,2024-12-31
CUST-000280,"Reyes, Chase and Jenkins",Mid-Market,Telecommunications,Active,False,219923.67,138901.81,45.0,1.0,100.0,1.3789637588547285,5,3,187064.13,100.0,1290,7.1631723908466425,0.07585952875915943,7.59,0,Low,14190.6,1938,2026-09-30,2024-12-31
CUST-001864,Murray-Leonard,Enterprise,Telecommunications,Active,False,569631.15,375758.3,24.0,3.0,33.33333333333333,1.323236193482818,3,2,550259.36,100.0,730,6.594413459749778,0.07557602250430277,7.56,0,Low,41586.41,1939,2026-09-30,2024-12-31
CUST-001547,"Mcdonald, Dillon and George",Mid-Market,Insurance,Active,False,218580.39,138248.39,36.0,1.0,100.0,1.223554258660801,3,3,201685.83,66.66666666666666,1985,7.593877844605118,0.07541058402584447,7.54,0,Low,15209.25,1940,2026-09-30,2024-12-31
CUST-000358,"Williams, Logan and Camacho",Strategic,Technology,Active,True,3819873.83,2447034.04,36.0,7.0,100.0,1.4424146045720159,5,3,3593670.58,100.0,1524,7.329749689041512,0.07539337949452747,7.54,0,Low,270938.97,1941,2026-09-30,2024-12-31
CUST-001651,"Fry, Wilson and Stewart",Mid-Market,Telecommunications,Active,True,116491.1,69544.23,26.0,2.0,0.0,1.451096447159145,3,1,33940.31,66.66666666666666,518,6.251903883165888,0.07538567452816763,7.54,0,Low,2558.61,1942,2026-09-30,2024-12-31
CUST-000515,"Gregory, Kim and Martinez",Enterprise,Education,Active,True,706940.71,428645.27,25.0,1.0,100.0,1.68110451973969,3,1,366699.35,66.66666666666666,1899,7.549609165154532,0.07454979672787915,7.45,0,Low,27337.36,1943,2026-09-30,2024-12-31
CUST-002027,"Mann, Wade and Spence",Enterprise,Manufacturing,Active,False,1692313.76,1089876.01,68.0,1.0,100.0,1.4387857363426586,6,5,1424056.94,83.33333333333334,494,6.20455776256869,0.07387618336219835,7.39,0,Low,105203.89,1944,2026-09-30,2024-12-31
CUST-000210,"Wood, Tran and Cooper",Enterprise,Technology,Active,False,1738769.21,1062371.41,66.0,2.0,100.0,1.2054750551709945,6,5,1572703.24,100.0,2009,7.605890001053122,0.07338386176321368,7.34,0,Low,115411.04,1945,2026-09-30,2024-12-31
CUST-000852,"Norris, Callahan and Bishop",Mid-Market,Manufacturing,Active,False,166311.46,104362.78,23.0,1.0,100.0,1.1217580086677021,3,2,160809.83,66.66666666666666,1412,7.253470382684528,0.0725826669759223,7.26,0,Low,11672.01,1946,2026-09-30,2024-12-31
CUST-000486,Jones-Fox,Enterprise,Insurance,Active,False,1186306.33,735671.05,54.0,5.0,100.0,1.4293730758481666,6,4,1019369.65,83.33333333333334,1797,7.494430215031565,0.07155064153423,7.16,0,Low,72936.55,1947,2026-09-30,2024-12-31
CUST-000422,"Cole, Glass and Cunningham",Mid-Market,Energy,Active,True,351232.29,213199.95,36.0,0.0,0.0,1.6057897200299356,3,3,330481.47,66.66666666666666,1388,7.236339342754344,0.07006915231899156,7.01,0,Low,23156.56,1948,2026-09-30,2024-12-31
CUST-001906,"Barker, Tucker and Mcclure",Enterprise,Telecommunications,Active,False,558716.78,359146.0,40.0,2.0,100.0,1.2344257293570424,6,2,294318.13,83.33333333333334,651,6.480044561926653,0.06979086050827137,6.98,0,Low,20540.72,1949,2026-09-30,2024-12-31
CUST-001355,Shaw and Sons,Mid-Market,Manufacturing,Active,True,180141.34,114736.65,35.0,0.0,0.0,1.2324413210140164,3,3,172792.76,33.33333333333333,1132,7.0326242610280065,0.06948578066125397,6.95,0,Low,12006.64,1950,2026-09-30,2024-12-31
CUST-000133,"Bentley, Byrd and Orr",SMB,Education,Active,False,11767.89,7484.97,10.0,1.0,100.0,1.0107699677645303,1,1,14380.36,0.0,281,5.641907070938114,0.06924107592144153,6.92,0,Low,995.71,1951,2026-09-30,2024-12-31
CUST-000288,Morgan-Schwartz,Enterprise,Manufacturing,Active,False,1265164.94,808989.1,44.0,1.0,100.0,1.097084842867678,4,4,1304273.81,100.0,312,5.746203190540153,0.06894640129759673,6.89,0,Low,89924.99,1952,2026-09-30,2024-12-31
CUST-000848,"Greer, Potter and Evans",Mid-Market,Insurance,Active,True,38690.73,23268.65,10.0,1.0,100.0,1.3945525979534095,2,1,44785.92,50.0,1557,7.351158226430694,0.06892432091724583,6.89,0,Low,3086.84,1953,2026-09-30,2024-12-31
CUST-001003,Adams Ltd,SMB,Insurance,Active,False,12344.97,8262.13,10.0,1.0,100.0,1.377214991375255,1,1,13290.09,0.0,1488,7.305860032684009,0.068887567455861,6.89,0,Low,915.52,1954,2026-09-30,2024-12-31
CUST-001269,"Baker, Martin and Singleton",Enterprise,Healthcare,Active,False,524245.14,340391.79,25.0,2.0,100.0,1.3202936865834565,3,1,253733.4,100.0,560,6.329720905522696,0.06868663608515861,6.87,0,Low,17428.09,1955,2026-09-30,2024-12-31
CUST-000792,"Moore, Henderson and Bennett",Enterprise,Technology,Active,False,817607.8,513446.83,36.0,1.0,100.0,1.3034362538009376,6,3,789308.97,50.0,1399,7.24422751560335,0.0684365387637625,6.84,0,Low,54017.57,1956,2026-09-30,2024-12-31
CUST-000376,"Pugh, Henderson and Moon",Mid-Market,Telecommunications,Active,False,156951.15,95681.65,36.0,0.0,0.0,1.5167556023775894,4,3,142582.51,100.0,790,6.673297967767654,0.06814137348583481,6.81,0,Low,9715.77,1957,2026-09-30,2024-12-31
CUST-002147,Jordan-Edwards,Mid-Market,Energy,Active,True,251804.16,153860.0,36.0,1.0,100.0,1.3788761121744777,3,3,240303.96,66.66666666666666,674,6.51471269087253,0.06796828866609873,6.8,0,Low,16333.05,1958,2026-09-30,2024-12-31
CUST-001524,Clayton-Martinez,Enterprise,Energy,Active,False,1725136.7,1094587.81,77.0,2.0,50.0,1.1456550079185366,7,7,1785992.84,85.71428571428571,304,5.720311776607412,0.06761291543299067,6.76,0,Low,120756.18,1959,2026-09-30,2024-12-31
CUST-002039,Griffin Inc,Strategic,Insurance,Active,True,1282015.15,779547.84,20.0,1.0,100.0,1.3283082843905287,6,1,756293.01,100.0,1395,7.241366283322318,0.0674758129501359,6.75,0,Low,51031.49,1960,2026-09-30,2024-12-31
CUST-002227,"Sullivan, Johnson and Delacruz",Strategic,Technology,Active,True,5110281.68,3227620.11,48.0,8.0,75.0,1.3896395881115935,8,3,3523840.01,87.5,1402,7.246368080102461,0.06719282957440881,6.72,0,Low,236776.78,1961,2026-09-30,2024-12-31
CUST-002181,Burton PLC,Strategic,Manufacturing,Active,True,4170298.11,2535429.73,45.0,4.0,100.0,1.5253165818623526,9,2,1754155.52,88.88888888888889,887,6.78897174299217,0.06704116543590756,6.7,0,Low,117600.63,1962,2026-09-30,2024-12-31
CUST-001236,"Ochoa, Garcia and Sandoval",Enterprise,Telecommunications,Active,False,547378.32,338565.61,40.0,2.0,100.0,1.2413163251715247,5,3,462405.01,100.0,1420,7.259116128097101,0.06685495341305717,6.69,0,Low,30914.07,1963,2026-09-30,2024-12-31
CUST-000231,"Branch, Torres and Oliver",Enterprise,Telecommunications,Active,False,1014700.81,636759.45,54.0,3.0,0.0,1.3622595751088704,7,2,334062.36,85.71428571428571,1307,7.176254532017144,0.06632710361795348,6.63,0,Low,22157.39,1964,2026-09-30,2024-12-31
CUST-002403,"Harris, Stephens and Kramer",Enterprise,Insurance,Active,False,398228.81,252949.34,22.0,6.0,83.33333333333334,1.3646377748354337,3,2,437071.83,66.66666666666666,1742,7.463363045520021,0.06568673018369736,6.57,0,Low,28709.82,1965,2026-09-30,2024-12-31
CUST-002009,Crawford and Sons,Enterprise,Healthcare,Active,False,786010.51,495538.17,37.0,3.0,66.66666666666666,1.4238560974659407,4,2,450521.13,100.0,573,6.352629396319567,0.06561138619965909,6.56,0,Low,29559.32,1966,2026-09-30,2024-12-31
CUST-000691,White-Medina,SMB,Insurance,Active,False,12646.78,8216.68,12.0,0.0,0.0,1.5871334094088303,1,1,12521.65,0.0,1622,7.392031567514591,0.06531869469731014,6.53,0,Low,817.9,1967,2026-09-30,2024-12-31
CUST-002241,Richardson-Long,Enterprise,Professional Services,Active,False,1395215.82,890169.47,54.0,4.0,75.0,1.370769865299562,5,5,1452595.96,80.0,316,5.75890177387728,0.06526276203631402,6.53,0,Low,94800.42,1968,2026-09-30,2024-12-31
CUST-002492,Reid-Petty,Strategic,Technology,Active,True,2746633.46,1715222.13,43.0,4.0,50.0,1.5232822368085992,8,2,1807623.11,75.0,1708,7.443663683115591,0.06513295993243523,6.51,0,Low,117735.84,1969,2026-09-30,2024-12-31
CUST-001768,"Soto, Vaughn and Griffin",Enterprise,Energy,Active,True,799975.61,500051.16,25.0,0.0,0.0,1.2896958062158053,4,2,694300.6,75.0,2092,7.646353722445999,0.06451973239783929,6.45,0,Low,44796.09,1970,2026-09-30,2024-12-31
CUST-001781,"Robles, Nguyen and Banks",Enterprise,Professional Services,Active,False,687479.39,424398.12,23.0,3.0,66.66666666666666,1.6022789277985183,6,2,679828.02,66.66666666666666,1870,7.534228326274089,0.06439999293164485,6.44,0,Low,43780.92,1971,2026-09-30,2024-12-31
CUST-000639,Holden Group,Mid-Market,Banking,Active,True,145604.49,92470.67,24.0,1.0,100.0,1.1884041726683086,2,2,140377.27,100.0,796,6.680854678790215,0.06434500848632055,6.43,0,Low,9032.58,1972,2026-09-30,2024-12-31
CUST-001723,Mclaughlin and Sons,Mid-Market,Media,Active,False,271318.02,171867.67,54.0,3.0,66.66666666666666,1.34631452141262,5,3,194094.1,80.0,1278,7.153833801578843,0.06402695812802293,6.4,0,Low,12427.25,1973,2026-09-30,2024-12-31
CUST-001710,Richardson-Gray,Enterprise,Healthcare,Active,False,1808551.65,1143271.32,75.0,4.0,100.0,1.2360617819801372,7,7,1918479.77,85.71428571428571,328,5.796057750765372,0.06354221160154855,6.35,0,Low,121904.45,1974,2026-09-30,2024-12-31
CUST-000912,Matthews Inc,Enterprise,Energy,Active,True,198155.12,122911.31,12.0,2.0,100.0,1.6903299633464663,4,1,183992.98,50.0,1551,7.347299700743164,0.06333831017919722,6.33,0,Low,11653.8,1975,2026-09-30,2024-12-31
CUST-001702,Brown LLC,Enterprise,Transportation,Active,False,533226.9,339433.05,23.0,4.0,75.0,1.2702180322077972,3,1,268946.77,100.0,1701,7.43955930913332,0.06317700251735717,6.32,0,Low,16991.25,1976,2026-09-30,2024-12-31
CUST-001801,"Haas, Cooper and Davis",Mid-Market,Media,Active,True,91029.81,60782.11,14.0,1.0,100.0,1.2652615713109037,3,1,72668.88,66.66666666666666,988,6.8966943316227125,0.06302812639784793,6.3,0,Low,4580.18,1977,2026-09-30,2024-12-31
CUST-002307,Holland-Best,Mid-Market,Manufacturing,Active,False,142125.99,87634.13,33.0,1.0,100.0,1.3874598638015596,4,2,95841.9,50.0,1042,6.949856455000773,0.062490888901905114,6.25,0,Low,5989.25,1978,2026-09-30,2024-12-31
CUST-000821,Ray PLC,Enterprise,Media,Active,False,1278788.72,817107.16,46.0,2.0,100.0,1.4842441928441108,5,3,918349.78,100.0,1864,7.5310163320779155,0.06234136700793813,6.23,0,Low,57251.18,1979,2026-09-30,2024-12-31
CUST-002041,"Fox, Harrington and Wang",Enterprise,Manufacturing,Active,True,757081.47,478619.45,31.0,1.0,100.0,1.395108840196085,3,2,584189.89,33.33333333333333,536,6.285998094508865,0.062138706012754286,6.21,0,Low,36300.8,1980,2026-09-30,2024-12-31
CUST-000226,Hernandez PLC,Enterprise,Energy,Active,True,1861101.49,1162522.35,78.0,0.0,0.0,1.3746972631070304,7,6,1588221.58,71.42857142857143,1377,7.228388451573604,0.06193602088342827,6.19,0,Low,98368.12,1981,2026-09-30,2024-12-31
CUST-002119,Lopez-Jones,Mid-Market,Media,Active,False,174255.58,112196.48,24.0,2.0,100.0,1.1861314304410229,2,2,163783.3,50.0,525,6.26530121273771,0.06160599779047029,6.16,0,Low,10090.03,1982,2026-09-30,2024-12-31
CUST-002294,Brooks-Hickman,Enterprise,Telecommunications,Active,False,824836.52,498030.17,34.0,2.0,0.0,1.5444356739562413,6,2,596633.9,66.66666666666666,1927,7.564238475170491,0.06138426902102975,6.14,0,Low,36623.94,1983,2026-09-30,2024-12-31
CUST-001715,"Clark, Brown and Duncan",Mid-Market,Telecommunications,Active,False,47823.5,30393.84,12.0,3.0,100.0,1.2505385871450572,4,1,44505.49,50.0,1674,7.423568444259167,0.061138878300682924,6.11,0,Low,2721.02,1984,2026-09-30,2024-12-31
CUST-000734,Chung-Stevens,Mid-Market,Insurance,Active,False,91582.29,54573.96,12.0,4.0,100.0,1.5017817354646876,2,1,86711.87,100.0,1561,7.3537223303996315,0.061085331374776765,6.11,0,Low,5296.82,1985,2026-09-30,2024-12-31
CUST-001343,Williams-Juarez,Strategic,Technology,Active,False,1551469.04,959195.9,23.0,4.0,25.0,1.4998235904304575,5,1,644460.07,100.0,1855,7.526178913346146,0.06026405143375836,6.03,0,Low,38837.77,1986,2026-09-30,2024-12-31
CUST-002299,Nguyen-Dennis,Enterprise,Banking,Active,False,703963.65,426456.2,28.0,4.0,50.0,1.2972967375210185,3,2,586133.51,100.0,618,6.428105272684596,0.060046027572149656,6.0,0,Low,35194.99,1987,2026-09-30,2024-12-31
CUST-001967,"Whitehead, Lane and Tran",Mid-Market,Telecommunications,Active,False,32798.06,19425.02,12.0,1.0,100.0,1.6696813377653732,2,1,30465.7,50.0,1407,7.249925536717988,0.06001365092092072,6.0,0,Low,1828.36,1988,2026-09-30,2024-12-31
CUST-002261,Reeves Ltd,Enterprise,Technology,Active,True,1077570.24,662164.14,48.0,4.0,75.0,1.2073755310619063,7,3,844729.16,71.42857142857143,1736,7.459914766241105,0.059825957441658424,5.98,0,Low,50536.73,1989,2026-09-30,2024-12-31
CUST-002179,Perry LLC,SMB,Energy,Active,False,25727.95,16267.41,24.0,1.0,100.0,1.3094383360167672,2,2,24542.5,50.0,891,6.79346613258001,0.0594722652556335,5.95,0,Low,1459.6,1990,2026-09-30,2024-12-31
CUST-001805,Smith PLC,Enterprise,Energy,Active,True,1301840.0,806064.17,48.0,3.0,100.0,1.1683119729166658,4,4,1250900.44,100.0,710,6.566672429803241,0.059466532230594886,5.95,0,Low,74386.71,1991,2026-09-30,2024-12-31
CUST-000525,Gonzalez-Taylor,Enterprise,Banking,Active,True,912096.97,580101.21,37.0,1.0,100.0,1.2681786300558093,4,3,842825.64,75.0,713,6.570882962339584,0.0590135301990667,5.9,0,Low,49738.12,1992,2026-09-30,2024-12-31
CUST-000952,Blake Group,Mid-Market,Insurance,Active,False,118541.32,74178.71,24.0,0.0,0.0,1.3694248347356914,2,2,112494.08,50.0,1942,7.57198844937744,0.05848499775315151,5.85,0,Low,6579.22,1993,2026-09-30,2024-12-31
CUST-001741,"Hodge, Mckinney and Nelson",Enterprise,Telecommunications,Active,True,912553.94,559240.95,46.0,3.0,33.33333333333333,1.5256552367403708,5,3,760343.99,60.0,2084,7.642524134232902,0.058132108745106256,5.81,0,Low,44200.4,1994,2026-09-30,2024-12-31
CUST-001244,"Reed, Chambers and Zavala",SMB,Manufacturing,Active,False,12962.77,8018.71,12.0,0.0,0.0,1.6144170083474845,1,1,12185.34,0.0,1928,7.564757012905729,0.057622648724145104,5.76,0,Low,702.15,1995,2026-09-30,2024-12-31
CUST-001186,Smith and Sons,Mid-Market,Education,Active,False,388893.01,244807.27,60.0,2.0,50.0,1.2376243499149044,5,5,367919.74,100.0,451,6.113682179832232,0.05754318392336804,5.75,0,Low,21171.27,1996,2026-09-30,2024-12-31
CUST-000424,Hernandez-Jones,Mid-Market,Transportation,Active,False,161539.25,100297.97,24.0,1.0,100.0,1.1680953394295412,3,2,152383.12,66.66666666666666,918,6.823286122355687,0.05615216512754337,5.62,0,Low,8556.64,1997,2026-09-30,2024-12-31
CUST-001046,Terry-Bowen,Enterprise,Insurance,Active,False,972518.73,602820.69,36.0,1.0,100.0,1.057891334734545,6,3,935377.87,50.0,1317,7.183870715062453,0.056067615308603484,5.61,0,Low,52444.41,1998,2026-09-30,2024-12-31
CUST-002002,Harrison PLC,Mid-Market,Telecommunications,Active,True,176414.44,110436.1,24.0,1.0,100.0,1.3779100609726547,2,2,166724.69,100.0,361,5.8916442118257715,0.05600191204653349,5.6,0,Low,9336.9,1999,2026-09-30,2024-12-31
CUST-002455,"Todd, Bernard and Boyd",Enterprise,Professional Services,Active,True,1238319.96,799672.19,44.0,2.0,50.0,1.4513351114316642,7,3,873430.25,85.71428571428571,1565,7.356279876550748,0.05527300367882603,5.53,0,Low,48277.11,2000,2026-09-30,2024-12-31
CUST-001376,"Gordon, Wilson and Olson",Mid-Market,Insurance,Active,False,238073.74,155224.25,42.0,1.0,100.0,1.2789844691579673,5,3,184364.25,80.0,1117,7.0192966537150445,0.054750387714695065,5.48,0,Low,10094.01,2001,2026-09-30,2024-12-31
CUST-002267,"Harvey, Turner and Foster",Enterprise,Media,Active,False,1448209.22,891989.28,72.0,1.0,100.0,1.2901245219066253,6,6,1355991.04,66.66666666666666,346,5.849324779946859,0.05438029060321367,5.44,0,Low,73739.19,2002,2026-09-30,2024-12-31
CUST-000252,"Graham, Olsen and Costa",Strategic,Professional Services,Active,True,6539616.71,4238026.35,68.0,6.0,83.33333333333334,1.3541765791412828,7,4,4989739.2,100.0,820,6.710523109452428,0.053859602026116,5.39,0,Low,268745.37,2003,2026-09-30,2024-12-31
CUST-001695,Dean LLC,Mid-Market,Professional Services,Active,False,104171.7,63074.11,24.0,0.0,0.0,1.2578132234877382,2,2,100813.96,50.0,1732,7.457609289715606,0.05373333465908028,5.37,0,Low,5417.07,2004,2026-09-30,2024-12-31
CUST-002555,"Walter, Edwards and Rios",Mid-Market,Banking,Active,True,171676.09,108050.58,34.0,1.0,100.0,1.253084355515629,4,3,166998.0,75.0,1406,7.249215057114389,0.05367614950328531,5.37,0,Low,8963.81,2005,2026-09-30,2024-12-31
CUST-002530,"Walter, Edwards and Rios",Mid-Market,Banking,Active,True,171676.09,108050.58,34.0,1.0,100.0,1.253084355515629,4,3,166998.0,75.0,1406,7.249215057114389,0.05367614950328531,5.37,0,Low,8963.81,2006,2026-09-30,2024-12-31
CUST-000854,Li Inc,Mid-Market,Telecommunications,Active,False,226168.31,141370.12,48.0,3.0,66.66666666666666,1.3619228203969336,4,4,219170.52,75.0,1730,7.456454555176209,0.053399563322720674,5.34,0,Low,11703.61,2007,2026-09-30,2024-12-31
CUST-001477,Nelson-Wallace,Mid-Market,Insurance,Active,False,83758.33,51948.61,18.0,2.0,100.0,1.3256532971919868,2,1,35704.84,50.0,823,6.714170529909472,0.0532500176441407,5.33,0,Low,1901.28,2008,2026-09-30,2024-12-31
CUST-001093,Figueroa-Malone,Mid-Market,Energy,Active,False,293709.69,187778.85,50.0,2.0,50.0,1.108050170604819,5,5,334801.89,80.0,281,5.641907070938114,0.0520502683070053,5.21,0,Low,17426.53,2009,2026-09-30,2024-12-31
CUST-001344,Brown LLC,Enterprise,Technology,Active,True,1830116.85,1137977.81,66.0,1.0,100.0,1.1669861882436456,6,5,1538194.08,66.66666666666666,533,6.280395838960195,0.051746571586657346,5.17,0,Low,79596.27,2010,2026-09-30,2024-12-31
CUST-000022,"Watts, Robinson and Nguyen",Enterprise,Insurance,Active,True,1017929.4,641930.23,43.0,3.0,100.0,1.4176849206987447,5,3,796047.81,100.0,1103,7.00669522683704,0.051705927981215705,5.17,0,Low,41160.39,2011,2026-09-30,2024-12-31
CUST-000368,Gutierrez Group,Strategic,Insurance,Active,True,1767688.26,1094444.62,24.0,9.0,66.66666666666666,1.6302908957690678,8,2,1671475.55,87.5,1247,7.129297548929373,0.051462185085768296,5.15,0,Low,86017.78,2012,2026-09-30,2024-12-31
CUST-000397,Gregory-Watkins,Enterprise,Telecommunications,Active,False,1328117.34,828823.16,56.0,4.0,75.0,1.374143761554314,7,4,1034947.85,100.0,670,6.508769136971682,0.05144486181541189,5.14,0,Low,53242.75,2013,2026-09-30,2024-12-31
CUST-002300,"Meadows, Robles and Anderson",Enterprise,Professional Services,Active,False,316646.78,197202.89,24.0,0.0,0.0,1.6645137082194499,4,2,294459.43,50.0,1929,7.5652752818989315,0.051149555802226805,5.11,0,Low,15061.47,2014,2026-09-30,2024-12-31
CUST-001583,Smith-Joyce,Enterprise,Banking,Active,True,1114816.36,701194.17,48.0,3.0,66.66666666666666,1.4542788154421196,6,4,1049060.85,100.0,893,6.795705775173514,0.050705526131350535,5.07,0,Low,53193.18,2015,2026-09-30,2024-12-31
CUST-000389,Bennett Group,Enterprise,Professional Services,Active,False,1174013.25,734605.07,60.0,1.0,0.0,1.3364967824161473,5,5,1136921.44,100.0,335,5.817111159963204,0.05069812462475412,5.07,0,Low,57639.78,2016,2026-09-30,2024-12-31
CUST-001662,Henry-Taylor,Enterprise,Insurance,Active,False,1241560.68,753770.54,54.0,4.0,75.0,1.2189415344846755,7,4,1024700.98,100.0,1788,7.489412083508719,0.050557291637483105,5.06,0,Low,51806.11,2017,2026-09-30,2024-12-31
CUST-002229,Love-Mcdowell,Strategic,Education,Active,False,4535633.29,2782028.01,55.0,7.0,71.42857142857143,1.3791047129679859,5,4,3486794.35,100.0,499,6.214608098422191,0.05053852693355415,5.05,0,Low,176217.45,2018,2026-09-30,2024-12-31
CUST-000929,Nelson-Brown,Enterprise,Insurance,Active,True,1382796.06,889575.06,54.0,1.0,100.0,1.0684922244210098,7,4,1169829.28,100.0,970,6.878326468291325,0.050506568194843435,5.05,0,Low,59084.06,2019,2026-09-30,2024-12-31
CUST-000794,Ferguson-Mclean,Mid-Market,Energy,Active,True,132431.54,82800.74,24.0,4.0,50.0,1.4297768275329465,3,2,124626.73,66.66666666666666,1155,7.052721049232323,0.05039200453494148,5.04,0,Low,6280.19,2020,2026-09-30,2024-12-31
CUST-001337,"Vincent, Anderson and Mason",Enterprise,Insurance,Active,True,742820.58,471725.94,27.0,2.0,100.0,1.2683026010710439,3,2,629812.0,100.0,2080,7.640603826393634,0.04963469214164252,4.96,0,Low,31260.52,2021,2026-09-30,2024-12-31
CUST-001220,Castro-Harvey,Enterprise,Transportation,Active,False,480109.1,306065.36,28.0,3.0,66.66666666666666,1.5888404556865248,3,2,342746.72,66.66666666666666,631,6.448889394146858,0.04949085536664026,4.95,0,Low,16962.83,2022,2026-09-30,2024-12-31
CUST-000988,Ramirez-Stephenson,Mid-Market,Healthcare,Active,True,363177.21,230521.36,58.0,2.0,100.0,1.2372917051874701,5,4,277780.49,80.0,716,6.57507584059962,0.04914497195255322,4.91,0,Low,13651.51,2023,2026-09-30,2024-12-31
CUST-002389,Soto-Sanchez,Enterprise,Technology,Active,True,1619118.4,1037065.58,66.0,3.0,66.66666666666666,1.2254018126869215,6,6,1676033.35,83.33333333333334,329,5.799092654460526,0.048464763074317914,4.85,0,Low,81228.56,2024,2026-09-30,2024-12-31
CUST-000266,Gay Inc,Strategic,Energy,Active,True,3970485.49,2460914.95,48.0,3.0,100.0,1.3650811501568514,6,3,2395570.36,100.0,1404,7.247792581767846,0.04827678562444265,4.83,0,Low,115650.44,2025,2026-09-30,2024-12-31
CUST-000343,Lopez-Martinez,Enterprise,Professional Services,Active,False,2023543.79,1265682.4,70.0,0.0,0.0,1.2793510785030886,6,6,1996403.76,100.0,687,6.5337888379333435,0.04812537959655527,4.81,0,Low,96077.69,2026,2026-09-30,2024-12-31
CUST-000386,Kane PLC,Mid-Market,Telecommunications,Active,False,133551.81,83383.12,24.0,1.0,100.0,1.3548710298032018,2,2,125520.93,100.0,412,6.023447592961033,0.047963766366395925,4.8,0,Low,6020.46,2027,2026-09-30,2024-12-31
CUST-000277,Cook-Hines,Mid-Market,Transportation,Active,False,66424.33,39471.93,10.0,1.0,100.0,1.7150277705095034,2,1,72725.98,50.0,1373,7.2254814727822945,0.04793357700714817,4.79,0,Low,3486.02,2028,2026-09-30,2024-12-31
CUST-000723,Kirby and Sons,Strategic,Manufacturing,Active,True,2048425.64,1321711.42,19.0,2.0,50.0,1.0677519385264649,6,1,1388988.83,66.66666666666666,1822,7.508238774678663,0.04751560988917606,4.75,0,Low,65998.65,2029,2026-09-30,2024-12-31
CUST-000680,"Powers, Brennan and Sanchez",Enterprise,Energy,Active,False,791339.65,509687.58,34.0,4.0,75.0,1.395613428317328,6,1,379961.77,83.33333333333334,1142,7.04141166379481,0.0470257835201249,4.7,0,Low,17868.0,2030,2026-09-30,2024-12-31
CUST-001373,Mills PLC,Enterprise,Energy,Active,True,1158169.96,737276.01,47.0,2.0,100.0,1.1110369869086636,6,3,822213.88,83.33333333333334,2066,7.633853559681768,0.04653958628588499,4.65,0,Low,38265.49,2031,2026-09-30,2024-12-31
CUST-000378,Bell-Lane,Enterprise,Telecommunications,Active,True,357868.65,214872.97,12.0,3.0,33.33333333333333,1.131437616014031,5,1,338632.14,100.0,1824,7.509335266016592,0.0464647288987184,4.65,0,Low,15734.45,2032,2026-09-30,2024-12-31
CUST-000623,Pearson and Sons,Enterprise,Healthcare,Active,False,1305689.32,838402.88,53.0,1.0,100.0,1.184922784923511,5,4,1107740.2,60.0,1923,7.562161631225652,0.045867511034064085,4.59,0,Low,50809.29,2033,2026-09-30,2024-12-31
CUST-001607,Foster-Duncan,Strategic,Telecommunications,Active,False,6772482.63,4214643.47,96.0,4.0,75.0,1.3518129396931728,8,8,6400238.1,75.0,342,5.8377304471659395,0.04574480607420113,4.57,0,Low,292777.65,2034,2026-09-30,2024-12-31
CUST-001680,"Mason, White and Richards",Enterprise,Education,Active,True,613480.11,371799.59,28.0,0.0,0.0,1.3580242016320556,3,2,480677.61,66.66666666666666,634,6.453624998892692,0.04538566278538969,4.54,0,Low,21815.87,2035,2026-09-30,2024-12-31
CUST-001490,Dalton-Nguyen,Enterprise,Telecommunications,Active,True,1415885.75,893457.94,54.0,1.0,100.0,1.44389709817105,5,3,865132.68,80.0,512,6.240275845170769,0.045299427965840106,4.53,0,Low,39190.02,2036,2026-09-30,2024-12-31
CUST-000435,"Kim, Gonzales and Mills",Enterprise,Manufacturing,Active,False,1194854.44,752084.62,60.0,1.0,100.0,1.3023393071632616,5,5,1129110.31,100.0,609,6.413458957167357,0.045072959287828535,4.51,0,Low,50892.34,2037,2026-09-30,2024-12-31
CUST-001014,Brown-Hernandez,Enterprise,Telecommunications,Active,True,589689.64,365954.5,25.0,4.0,50.0,1.2950766494775734,3,2,541324.58,100.0,1253,7.134093721192866,0.044750855430305776,4.48,0,Low,24224.74,2038,2026-09-30,2024-12-31
CUST-001289,"Smith, Jones and Santiago",Strategic,Banking,Active,False,3482172.26,2263616.72,53.0,7.0,28.57142857142857,1.1509753513896142,8,4,2881741.85,87.5,1772,7.480428306074208,0.04423575958005856,4.42,0,Low,127476.04,2039,2026-09-30,2024-12-31
CUST-000095,Campbell-Clark,SMB,Manufacturing,Active,False,12691.39,7716.46,12.0,1.0,100.0,0.9416353511676652,1,1,12228.15,0.0,1600,7.3783837129967145,0.0435284604286695,4.35,0,Low,532.27,2040,2026-09-30,2024-12-31
CUST-001357,"Campbell, Hernandez and Moore",Enterprise,Telecommunications,Active,True,1623084.54,1002004.18,77.0,3.0,66.66666666666666,1.1764146288920485,7,6,1451187.02,100.0,580,6.364750756851911,0.04296135837719676,4.3,0,Low,62344.97,2041,2026-09-30,2024-12-31
CUST-000614,"Nelson, Hoffman and Nelson",Enterprise,Insurance,Active,False,584396.47,354598.48,23.0,3.0,33.33333333333333,1.2917378114268807,5,2,570848.91,100.0,1435,7.269616749608169,0.042910565918910716,4.29,0,Low,24495.45,2042,2026-09-30,2024-12-31
CUST-000946,"Mueller, Stevenson and Sanchez",Mid-Market,Manufacturing,Active,False,343985.27,210412.7,54.0,2.0,50.0,1.2885631396237553,5,4,279420.69,100.0,1990,7.596392304064196,0.042842786224390944,4.28,0,Low,11971.16,2043,2026-09-30,2024-12-31
CUST-000996,Castillo-Harrington,Mid-Market,Energy,Active,True,141278.31,89978.9,36.0,1.0,100.0,1.445084876069739,3,3,134128.84,66.66666666666666,792,6.675823221634848,0.0424358122622116,4.24,0,Low,5691.87,2044,2026-09-30,2024-12-31
CUST-000559,Gross-Valencia,Mid-Market,Healthcare,Active,True,268159.37,170717.46,46.0,1.0,100.0,1.1304477377319955,4,4,259506.16,75.0,847,6.742880635791903,0.04235248102357591,4.24,0,Low,10990.73,2045,2026-09-30,2024-12-31
CUST-000747,Ali PLC,Enterprise,Energy,Active,True,790767.58,488253.59,37.0,2.0,100.0,1.2171763373297622,4,2,472820.89,100.0,1319,7.1853870155804165,0.04230934587887332,4.23,0,Low,20004.74,2046,2026-09-30,2024-12-31
CUST-001179,"Davis, Rodriguez and Andrews",Enterprise,Education,Active,False,1823278.39,1130155.39,70.0,2.0,0.0,1.175756953062217,7,7,2052245.36,100.0,284,5.652489180268651,0.04185644245044709,4.19,0,Low,85899.69,2047,2026-09-30,2024-12-31
CUST-001520,Miller-Christensen,Enterprise,Energy,Active,False,1273745.93,816221.93,50.0,2.0,0.0,1.4092735647641326,5,5,1429562.67,60.0,273,5.6131281063880705,0.0413663644955381,4.14,0,Low,59135.81,2048,2026-09-30,2024-12-31
CUST-000948,Oconnor PLC,Mid-Market,Telecommunications,Active,False,276514.8,173925.81,44.0,1.0,100.0,1.5907495393772266,4,4,282485.9,100.0,312,5.746203190540153,0.04084870718969176,4.08,0,Low,11539.18,2049,2026-09-30,2024-12-31
CUST-000139,"Harvey, Davis and Crane",Mid-Market,Energy,Active,False,239075.1,151669.51,36.0,1.0,100.0,1.362467285339211,3,3,227595.08,100.0,711,6.568077911411976,0.040355559977384964,4.04,0,Low,9184.73,2050,2026-09-30,2024-12-31
CUST-002357,Wilson-Dean,Enterprise,Education,Active,False,739733.25,483426.96,36.0,1.0,100.0,1.1947193548557051,3,3,705897.12,66.66666666666666,349,5.857933154483459,0.03994615271394973,3.99,0,Low,28197.87,2051,2026-09-30,2024-12-31
CUST-002236,"Miller, Moore and Black",Enterprise,Technology,Active,True,1387274.67,861011.08,60.0,1.0,100.0,1.2503584519358613,5,5,1292060.91,80.0,358,5.883322388488279,0.03909942173948916,3.91,0,Low,50518.83,2052,2026-09-30,2024-12-31
CUST-001328,Thompson PLC,Mid-Market,Transportation,Active,False,239527.94,145397.12,36.0,2.0,100.0,1.4016186714835954,4,3,221627.35,75.0,1044,6.951772164398911,0.038965175876883806,3.9,0,Low,8635.75,2053,2026-09-30,2024-12-31
CUST-000484,Mendez and Sons,Enterprise,Education,Active,False,987184.48,659094.75,37.0,2.0,100.0,1.152131730798324,4,2,649599.03,100.0,691,6.539585955617669,0.038880888208228784,3.89,0,Low,25256.99,2054,2026-09-30,2024-12-31
CUST-001693,"Mack, Griffin and Sims",Mid-Market,Transportation,Active,False,86249.77,54046.15,11.0,4.0,75.0,1.6004132379520957,3,1,87355.43,66.66666666666666,1585,7.368970402194793,0.03774378466977571,3.77,0,Low,3297.12,2055,2026-09-30,2024-12-31
CUST-000612,Reed Group,Strategic,Healthcare,Active,True,3103464.25,2086827.37,26.0,1.0,0.0,1.1411781352730603,6,2,2726496.88,66.66666666666666,1100,7.00397413672268,0.03769263860184278,3.77,0,Low,102768.86,2056,2026-09-30,2024-12-31
CUST-001687,"Cox, Mills and Cruz",Mid-Market,Professional Services,Active,False,308017.06,192627.69,58.0,1.0,100.0,1.0233947977185873,5,4,261717.34,40.0,445,6.100318952020064,0.03753164318600545,3.75,0,Low,9822.68,2057,2026-09-30,2024-12-31
CUST-002266,"Mckinney, Pacheco and Smith",Enterprise,Insurance,Active,True,1164404.43,736209.34,50.0,4.0,100.0,1.3601852477495595,5,5,1323026.4,80.0,286,5.659482215759621,0.03716371573545758,3.72,0,Low,49168.58,2058,2026-09-30,2024-12-31
CUST-000735,Branch and Sons,Enterprise,Energy,Active,False,1038651.52,667996.75,43.0,5.0,60.0,1.2796027771297256,6,2,524657.06,66.66666666666666,1114,7.016609683894219,0.036703899203486864,3.67,0,Low,19256.96,2059,2026-09-30,2024-12-31
CUST-000299,"Sparks, Jackson and Miller",Enterprise,Professional Services,Active,False,261912.91,161791.16,13.0,2.0,0.0,1.4703524185692352,3,1,233045.53,66.66666666666666,1017,6.925595197110468,0.03598225031857551,3.6,0,Low,8385.5,2060,2026-09-30,2024-12-31
CUST-000164,Smith-Bell,Enterprise,Energy,Active,False,358275.67,213015.17,24.0,3.0,100.0,1.253375443637057,3,2,326393.4,66.66666666666666,1173,7.068172000388042,0.034941990520769003,3.49,0,Low,11404.84,2061,2026-09-30,2024-12-31
CUST-000874,Williams Ltd,Enterprise,Transportation,Active,True,1007775.15,656140.89,37.0,1.0,100.0,1.3114348545895849,4,3,927600.05,50.0,1665,7.418180822726788,0.0348546535050344,3.49,0,Low,32331.18,2062,2026-09-30,2024-12-31
CUST-001892,Hernandez-Bowman,Mid-Market,Telecommunications,Active,False,135563.09,80733.86,24.0,1.0,100.0,1.2901993381210277,2,2,128537.34,50.0,700,6.55250788703459,0.034739024061943374,3.47,0,Low,4465.26,2063,2026-09-30,2024-12-31
CUST-001850,Mullins-Gutierrez,Mid-Market,Banking,Active,False,208337.02,126918.78,36.0,1.0,100.0,1.2646471569786792,3,3,201233.92,100.0,2040,7.621195162809845,0.03445600457638551,3.45,0,Low,6933.72,2064,2026-09-30,2024-12-31
CUST-001250,Mills Inc,Enterprise,Professional Services,Active,False,420908.24,268289.19,25.0,1.0,100.0,1.4683949593381127,3,1,164146.35,66.66666666666666,559,6.327936783729195,0.03425193230950773,3.43,0,Low,5622.33,2065,2026-09-30,2024-12-31
CUST-001117,"Levy, Franco and Hoffman",Strategic,Media,Active,True,4542431.23,2871274.14,57.0,2.0,100.0,1.2367648334353891,6,3,2742823.58,83.33333333333334,1990,7.596392304064196,0.03335262753590117,3.34,0,Low,91480.37,2066,2026-09-30,2024-12-31
CUST-001197,"Mcpherson, Anderson and Knapp",Enterprise,Banking,Active,True,586224.86,378575.26,32.0,3.0,100.0,1.0864718694565716,5,2,302358.96,60.0,896,6.799055862058796,0.033052665950566724,3.31,0,Low,9993.77,2067,2026-09-30,2024-12-31
CUST-000855,"Bell, Campbell and Ryan",Enterprise,Insurance,Active,True,474835.93,295564.5,22.0,1.0,100.0,1.4136233611738105,3,2,506634.32,66.66666666666666,1023,6.931471805599453,0.03280129371896239,3.28,0,Low,16618.26,2068,2026-09-30,2024-12-31
CUST-001830,"Miller, Schultz and Yates",Enterprise,Education,Active,True,447529.61,284748.94,24.0,2.0,50.0,1.5313613242826507,3,2,403772.8,33.33333333333333,1531,7.3343293503005365,0.032103883597462954,3.21,0,Low,12962.67,2069,2026-09-30,2024-12-31
CUST-001392,"Olson, Wood and Peters",Enterprise,Telecommunications,Active,False,724220.61,465761.22,36.0,2.0,100.0,1.3704647134493528,5,2,423206.36,100.0,1798,7.4949862339505335,0.031602223260627366,3.16,0,Low,13374.26,2070,2026-09-30,2024-12-31
CUST-000602,Payne-Lowe,Mid-Market,Telecommunications,Active,False,155971.34,99282.78,33.0,2.0,100.0,1.2926039521811654,4,2,113750.38,50.0,1176,7.0707241072602764,0.03152249891012676,3.15,0,Low,3585.7,2071,2026-09-30,2024-12-31
CUST-001247,Aguilar-Bender,Enterprise,Professional Services,Active,True,1230714.9,789498.55,40.0,4.0,100.0,1.2423436730221744,5,3,1091730.29,60.0,1073,6.97914527506881,0.031453148868877276,3.15,0,Low,34338.36,2072,2026-09-30,2024-12-31
CUST-000652,"Marks, Miller and Griffin",Strategic,Manufacturing,Active,True,2780522.46,1741010.58,35.0,5.0,60.0,0.909776688923501,5,2,1471250.42,100.0,663,6.498282149476434,0.03143289804228793,3.14,0,Low,46245.66,2073,2026-09-30,2024-12-31
CUST-000558,Edwards Ltd,Enterprise,Professional Services,Active,False,783599.84,499867.47,35.0,6.0,50.0,1.2488754777805138,3,3,744424.8,66.66666666666666,1333,7.195937226475569,0.031413850450941305,3.14,0,Low,23385.25,2074,2026-09-30,2024-12-31
CUST-001139,Moreno-Gutierrez,Strategic,Technology,Active,False,3406081.32,2124746.11,37.0,4.0,75.0,1.361121607703174,5,3,3223254.12,60.0,1365,7.2196420401307355,0.031352028246400196,3.14,0,Low,101055.55,2075,2026-09-30,2024-12-31
CUST-001976,Schmidt-Mendoza,Enterprise,Telecommunications,Active,True,503809.37,311735.04,24.0,1.0,100.0,1.3910476671731473,3,2,485773.34,100.0,1914,7.557472901614746,0.030115595465748744,3.01,0,Low,14629.35,2076,2026-09-30,2024-12-31
CUST-002296,Miller Ltd,Enterprise,Healthcare,Active,True,806740.12,510018.7,36.0,1.0,100.0,1.323072740545464,3,3,762223.42,66.66666666666666,481,6.1779441140506,0.02905390514044323,2.91,0,Low,22145.57,2077,2026-09-30,2024-12-31
CUST-000196,"Nelson, Morton and Medina",Enterprise,Insurance,Active,True,953839.91,588362.26,39.0,1.0,100.0,1.5283032709114428,5,2,666389.58,80.0,1059,6.966024187106113,0.028180968256945008,2.82,0,Low,18779.5,2078,2026-09-30,2024-12-31
CUST-000240,"Walker, Hernandez and Baker",Enterprise,Insurance,Active,False,1170432.91,710967.15,47.0,1.0,100.0,1.2406069034412492,7,4,1133399.59,85.71428571428571,948,6.855408798609928,0.028142571345657244,2.81,0,Low,31896.78,2079,2026-09-30,2024-12-31
CUST-002363,Moyer-Whitaker,Enterprise,Healthcare,Active,False,1158746.47,738346.05,62.0,1.0,100.0,1.3134095379833801,6,5,1031658.36,83.33333333333334,615,6.423246963533519,0.02773611545429708,2.77,0,Low,28614.2,2080,2026-09-30,2024-12-31
CUST-000770,Hardy PLC,Enterprise,Telecommunications,Active,True,432377.41,264049.66,24.0,1.0,100.0,1.3078804503626982,3,2,410088.74,33.33333333333333,1252,7.133295954896068,0.027126774301074515,2.71,0,Low,11124.38,2081,2026-09-30,2024-12-31
CUST-001940,"Young, Wilson and Moreno",Enterprise,Banking,Active,True,584393.52,366625.48,30.0,2.0,100.0,1.2325376008849915,4,2,469167.7,100.0,667,6.504288173536645,0.026024650597728606,2.6,0,Low,12209.93,2082,2026-09-30,2024-12-31
CUST-001069,Stokes and Sons,Strategic,Energy,Active,True,2211218.34,1434798.63,36.0,1.0,100.0,1.411820571588343,5,2,1121098.2,80.0,1103,7.00669522683704,0.02601145051271534,2.6,0,Low,29161.39,2083,2026-09-30,2024-12-31
CUST-000514,Cisneros and Sons,Mid-Market,Telecommunications,Active,False,169498.22,108784.89,25.0,1.0,100.0,1.2096386961107475,3,2,154105.6,33.33333333333333,723,6.584791392385716,0.025709445261149547,2.57,0,Low,3961.97,2084,2026-09-30,2024-12-31
CUST-000448,Bean LLC,Enterprise,Banking,Active,True,781385.67,480461.32,37.0,1.0,100.0,1.1722406569291959,5,2,458123.41,80.0,1154,7.051855622955894,0.025296076403117464,2.53,0,Low,11588.72,2085,2026-09-30,2024-12-31
CUST-001918,Haynes and Sons,Enterprise,Professional Services,Active,False,1052417.39,674904.96,58.0,1.0,100.0,1.3763966031662145,6,5,1049718.3,66.66666666666666,1085,6.990256500493881,0.025238392209125226,2.52,0,Low,26493.2,2086,2026-09-30,2024-12-31
CUST-000763,Smith LLC,Enterprise,Education,Active,False,608044.82,377657.9,33.0,2.0,100.0,1.229905263072305,3,3,619667.77,100.0,323,5.780743515792329,0.024612222547183555,2.46,0,Low,15251.4,2087,2026-09-30,2024-12-31
CUST-000569,Levy-Lewis,Mid-Market,Professional Services,Active,False,169681.6,103624.13,25.0,1.0,100.0,1.5035290408005952,3,2,151617.19,66.66666666666666,718,6.577861357721047,0.02408437652406076,2.41,0,Low,3651.61,2088,2026-09-30,2024-12-31
CUST-000185,Rodriguez-Johnson,Strategic,Telecommunications,Active,False,2752006.83,1726825.79,32.0,5.0,60.0,1.0791929417750252,5,2,2026855.49,80.0,1506,7.317876198626496,0.02364033734083431,2.36,0,Low,47915.55,2089,2026-09-30,2024-12-31
CUST-000498,Robertson-Hays,Enterprise,Manufacturing,Active,False,630560.9,393449.46,21.0,1.0,100.0,1.3878914382057097,3,1,371063.41,100.0,1964,7.583247524303362,0.023314422970468957,2.33,0,Low,8651.13,2090,2026-09-30,2024-12-31
CUST-001778,Rodriguez-Mendoza,Enterprise,Insurance,Active,False,610116.5,358728.68,26.0,4.0,75.0,1.327573707130807,3,1,174568.87,100.0,998,6.906754778648554,0.022985076545945053,2.3,0,Low,4012.48,2091,2026-09-30,2024-12-31
CUST-002222,"Martinez, Camacho and Mathews",Strategic,Healthcare,Active,False,4602555.14,2906733.66,51.0,3.0,100.0,1.3281920976984938,8,3,2650884.51,62.5,2092,7.646353722445999,0.0228935427527035,2.29,0,Low,60688.14,2092,2026-09-30,2024-12-31
CUST-000765,Miller Group,Strategic,Transportation,Active,True,2574686.55,1632739.19,26.0,7.0,57.14285714285714,1.3213602027745746,5,2,2090449.29,80.0,1023,6.931471805599453,0.02254122575907266,2.25,0,Low,47121.29,2093,2026-09-30,2024-12-31
CUST-001606,Castillo and Sons,Enterprise,Professional Services,Active,True,385660.45,235339.3,18.0,1.0,100.0,0.8302654584280879,3,1,291837.46,33.33333333333333,965,6.873163834212518,0.022510137367662667,2.25,0,Low,6569.3,2094,2026-09-30,2024-12-31
CUST-002178,"Brock, Reynolds and Fernandez",Enterprise,Professional Services,Active,False,193759.79,125132.75,12.0,2.0,50.0,1.3725807079293975,3,1,189297.38,66.66666666666666,976,6.884486652042782,0.02213418211391946,2.21,0,Low,4189.94,2095,2026-09-30,2024-12-31
CUST-000861,"Morris, Wright and Bridges",Enterprise,Manufacturing,Active,True,470859.62,307044.17,18.0,2.0,100.0,1.5642733112157186,4,1,355680.81,100.0,1975,7.588829878307813,0.02148484330481972,2.15,0,Low,7641.75,2096,2026-09-30,2024-12-31
CUST-002035,"Estrada, Marsh and Chandler",Mid-Market,Technology,Active,False,141775.46,93745.78,24.0,1.0,100.0,1.2174662298967236,2,2,136311.39,100.0,623,6.436150368369428,0.02111731541046483,2.11,0,Low,2878.53,2097,2026-09-30,2024-12-31
CUST-001578,"Jordan, Swanson and Franklin",Mid-Market,Healthcare,Active,True,95825.72,58538.76,15.0,2.0,100.0,1.553314686194625,2,1,72761.98,50.0,1059,6.966024187106113,0.020228291038923027,2.02,0,Low,1471.85,2098,2026-09-30,2024-12-31
CUST-001517,Snyder LLC,Enterprise,Healthcare,Active,False,916172.12,575311.35,48.0,2.0,50.0,1.319855646308863,5,4,868027.29,100.0,1503,7.315883504509785,0.019860212348046254,1.99,0,Low,17239.21,2099,2026-09-30,2024-12-31
CUST-001974,Baird-Williams,Mid-Market,Telecommunications,Active,False,323452.49,210431.07,47.0,3.0,33.33333333333333,1.3739971541939977,5,3,223876.51,80.0,1102,7.005789019253503,0.019823095166954414,1.98,0,Low,4437.93,2100,2026-09-30,2024-12-31
CUST-001278,Rivera-Carter,Enterprise,Insurance,Active,False,1627080.07,1003948.55,72.0,5.0,60.0,1.443192631305927,6,6,1520334.16,100.0,868,6.767343125265392,0.01966487066993354,1.97,0,Low,29897.17,2101,2026-09-30,2024-12-31
CUST-000431,"Huang, Cole and Pacheco",Enterprise,Telecommunications,Active,False,715365.8,452265.52,35.0,1.0,100.0,1.380798671128409,5,1,216188.52,100.0,1462,7.288244401020124,0.019377339527410966,1.94,0,Low,4189.16,2102,2026-09-30,2024-12-31
CUST-001371,Carlson-Jones,Mid-Market,Energy,Active,False,243376.76,155009.58,48.0,1.0,100.0,1.5245099223446814,4,4,228105.69,50.0,654,6.484635235635252,0.018049502197111857,1.8,0,Low,4117.19,2103,2026-09-30,2024-12-31
CUST-001821,Lane Ltd,Strategic,Retail,Active,False,4342001.42,2751256.22,55.0,5.0,80.0,1.367082496757601,5,5,4497881.56,60.0,309,5.736572297479192,0.01730864709962675,1.73,0,Low,77852.24,2104,2026-09-30,2024-12-31
CUST-001634,"House, Smith and Wright",Enterprise,Healthcare,Active,True,496633.11,316182.33,20.0,3.0,100.0,1.4871604507799323,5,1,266374.98,100.0,1902,7.551186867296149,0.016985013434513398,1.7,0,Low,4524.38,2105,2026-09-30,2024-12-31
CUST-001973,"Shah, Mcintyre and Villanueva",Enterprise,Healthcare,Active,True,1025622.6,628795.35,56.0,5.0,60.0,1.3300507272930033,5,4,818808.05,80.0,497,6.210600077024653,0.016745853688090194,1.67,0,Low,13711.64,2106,2026-09-30,2024-12-31
CUST-001846,Green Ltd,Enterprise,Energy,Active,False,1115791.69,718351.15,46.0,3.0,66.66666666666666,1.4568245631806835,7,3,936254.75,57.14285714285714,1836,7.515889085215125,0.01669837461816482,1.67,0,Low,15633.93,2107,2026-09-30,2024-12-31
CUST-000819,Smith-Lewis,SMB,Insurance,Active,False,14340.19,8814.83,12.0,1.0,100.0,1.6592133987405908,1,1,13250.14,0.0,1312,7.180069874302796,0.016460083621477762,1.65,0,Low,218.1,2108,2026-09-30,2024-12-31
CUST-000983,Williams Group,Enterprise,Technology,Active,True,1488325.76,924888.75,64.0,2.0,100.0,1.3767595268623107,6,5,1332120.67,66.66666666666666,1899,7.549609165154532,0.01552570988243374,1.55,0,Low,20682.12,2109,2026-09-30,2024-12-31
CUST-001218,"Powers, Clements and Cox",Mid-Market,Banking,Active,True,53504.37,31657.97,13.0,1.0,100.0,1.545180623122214,2,1,42384.03,50.0,723,6.584791392385716,0.015067963570438825,1.51,0,Low,638.64,2110,2026-09-30,2024-12-31
CUST-001675,Lee Group,Enterprise,Insurance,Active,True,798770.12,494803.86,33.0,3.0,0.0,1.3881009430362194,3,3,804859.25,33.33333333333333,317,5.762051382780177,0.015019175778673401,1.5,0,Low,12088.32,2111,2026-09-30,2024-12-31
CUST-000018,"Flowers, Martin and Kelly",Mid-Market,Professional Services,Active,True,73536.48,46868.23,16.0,2.0,100.0,1.2254955128540495,2,1,44403.82,50.0,620,6.431331081933479,0.014718772820140323,1.47,0,Low,653.57,2112,2026-09-30,2024-12-31
CUST-000971,Hernandez-Dawson,Enterprise,Education,Active,False,975023.69,620691.82,52.0,1.0,100.0,1.2956488418100913,6,4,807346.22,100.0,1369,7.222566018822171,0.014658204911798162,1.47,0,Low,11834.25,2113,2026-09-30,2024-12-31
CUST-001732,Moore-Murray,Enterprise,Telecommunications,Active,False,308098.57,196699.14,12.0,2.0,100.0,1.5966266945570267,3,1,303635.99,100.0,1343,7.203405521083095,0.014517454853066209,1.45,0,Low,4408.02,2114,2026-09-30,2024-12-31
CUST-000306,Bruce-Gonzalez,Enterprise,Technology,Active,False,352680.08,205006.62,12.0,2.0,100.0,1.1222667718488877,3,1,336032.82,100.0,776,6.655440350367647,0.014514444592135061,1.45,0,Low,4877.33,2115,2026-09-30,2024-12-31
CUST-001029,Fields Inc,Mid-Market,Energy,Active,True,187135.59,116772.23,24.0,2.0,100.0,1.4174658191482556,2,2,176936.71,50.0,1903,7.55171221535131,0.014054090834553518,1.41,0,Low,2486.68,2116,2026-09-30,2024-12-31
CUST-001612,Bailey-Flores,Enterprise,Telecommunications,Active,True,935170.18,583878.37,48.0,2.0,50.0,1.3635157305386727,6,4,888430.1,83.33333333333334,1665,7.418180822726788,0.013799815927887846,1.38,0,Low,12260.17,2117,2026-09-30,2024-12-31
CUST-001977,"Nicholson, Chavez and Allen",Strategic,Media,Active,False,3384640.55,2015964.55,49.0,3.0,66.66666666666666,1.2523231622730961,8,3,2490534.1,87.5,1355,7.212294468500341,0.012882706797069234,1.29,0,Low,32084.82,2118,2026-09-30,2024-12-31
CUST-001581,Smith-Johnson,Enterprise,Energy,Active,True,669749.97,438134.34,46.0,2.0,100.0,1.296846446909315,6,3,517408.31,83.33333333333334,1224,7.110696122978827,0.012334340763355092,1.23,0,Low,6381.89,2119,2026-09-30,2024-12-31
CUST-000839,Mckinney-Wallace,Enterprise,Energy,Active,False,807654.84,533697.92,35.0,2.0,50.0,1.5727293718909277,3,3,800481.28,100.0,1395,7.241366283322318,0.010088657529961829,1.01,0,Low,8075.78,2120,2026-09-30,2024-12-31
CUST-001387,"Smith, Pena and Watts",Enterprise,Professional Services,Active,True,1211491.11,753231.06,50.0,4.0,75.0,1.3627083902399428,5,5,1355884.55,60.0,288,5.666426688112432,0.009917454954247935,0.99,0,Low,13446.92,2121,2026-09-30,2024-12-31
CUST-001210,Hunter PLC,Enterprise,Technology,Active,False,737742.15,446132.07,29.0,2.0,100.0,1.3493068286367422,4,2,575017.64,75.0,1903,7.55171221535131,0.009554232540426122,0.96,0,Low,5493.85,2122,2026-09-30,2024-12-31
CUST-001207,Christian-Booth,Enterprise,Telecommunications,Active,False,1109108.74,697995.05,50.0,4.0,100.0,1.3599534625440861,6,4,1039726.11,100.0,1022,6.930494765951626,0.00942435700751707,0.94,0,Low,9798.75,2123,2026-09-30,2024-12-31
CUST-000321,Coffey-Phillips,Enterprise,Professional Services,Active,False,793512.7,507106.43,36.0,3.0,66.66666666666666,1.2105009746319473,3,3,734686.88,100.0,895,6.79794041297493,0.009012050464492105,0.9,0,Low,6621.04,2124,2026-09-30,2024-12-31
CUST-002090,Jackson-Torres,Enterprise,Insurance,Active,False,846950.8,553043.79,44.0,3.0,66.66666666666666,1.2768409220606542,4,4,883819.46,100.0,1188,7.080867896690782,0.007969313854280872,0.8,0,Low,7043.43,2125,2026-09-30,2024-12-31
CUST-001183,Williams-Li,Enterprise,Healthcare,Active,False,1310748.12,826914.6,43.0,1.0,100.0,1.6260752953972415,4,3,1025601.53,50.0,1288,7.161622002939187,0.0078960650435875,0.79,0,Low,8098.22,2126,2026-09-30,2024-12-31
CUST-002355,Henderson LLC,Enterprise,Media,Active,False,665041.43,410522.65,36.0,3.0,100.0,1.3865561879257722,3,3,644847.84,100.0,652,6.481577129276431,0.007816505158492828,0.78,0,Low,5040.46,2127,2026-09-30,2024-12-31
CUST-002472,"Willis, Vasquez and Goodwin",Enterprise,Energy,Active,False,885071.38,540054.25,29.0,1.0,100.0,1.274773236382743,3,2,711521.27,66.66666666666666,1036,6.9440872082295275,0.006632199702542638,0.66,0,Low,4718.95,2128,2026-09-30,2024-12-31
CUST-000230,Kerr-Evans,Enterprise,Manufacturing,Active,False,442846.75,269918.55,28.0,3.0,66.66666666666666,1.3412285870475702,6,2,339972.31,100.0,1419,7.258412150595307,0.006096646447753065,0.61,0,Low,2072.69,2129,2026-09-30,2024-12-31
CUST-000657,"Burns, Nolan and Griffin",Enterprise,Education,Active,False,1017598.31,622573.4,47.0,4.0,75.0,1.3375347244658522,4,4,982149.21,50.0,362,5.8944028342648505,0.005566344922814996,0.56,0,Low,5466.98,2130,2026-09-30,2024-12-31
CUST-000985,Underwood-Foster,Enterprise,Telecommunications,Active,False,641287.05,409872.75,24.0,3.0,100.0,1.2592719249670612,4,2,614594.91,50.0,1864,7.5310163320779155,0.0055004587107711665,0.55,0,Low,3380.55,2131,2026-09-30,2024-12-31
CUST-000075,Novak PLC,Enterprise,Telecommunications,Active,True,669300.15,426888.86,30.0,2.0,100.0,1.4729333790806796,4,2,483383.04,75.0,2086,7.643482907077201,0.004424462969434551,0.44,0,Low,2138.71,2132,2026-09-30,2024-12-31
CUST-000528,Contreras-Mckinney,Enterprise,Telecommunications,Active,True,853263.83,533502.72,36.0,1.0,100.0,1.3481752848221782,3,3,822500.05,100.0,1095,6.999422467507961,0.004227495492509601,0.42,0,Low,3477.12,2133,2026-09-30,2024-12-31
CUST-002032,Smith Ltd,Enterprise,Energy,Active,True,803167.25,508351.79,36.0,1.0,100.0,1.2949445929493735,3,3,760420.13,66.66666666666666,1316,7.183111701743281,0.0033864289052170514,0.34,0,Low,2575.11,2134,2026-09-30,2024-12-31
