customer_id,customer_name,customer_segment,industry,lifetime_revenue_usd,active_contract_value_usd,dataset_split,churn_target,churn_probability,churn_probability_pct,churn_prediction,risk_band,model_revenue_at_risk_usd,risk_rank
CUST-000458,Young-Allen,SMB,Professional Services,14523.9,0.0,train,1,0.999597392529563,99.96,1,Critical,14518.05,1
CUST-000655,Murphy PLC,SMB,Healthcare,16634.3,0.0,train,1,0.9995139012361562,99.95,1,Critical,16626.21,2
CUST-001903,Randall LLC,SMB,Healthcare,8450.79,0.0,validation,1,0.999501223297187,99.95,1,Critical,8446.57,3
CUST-001430,Shannon LLC,SMB,Healthcare,13632.83,0.0,train,1,0.9994493136859179,99.94,1,Critical,13625.32,4
CUST-002225,Evans and Sons,SMB,Professional Services,14113.32,0.0,train,1,0.99932278879712,99.93,1,Critical,14103.76,5
CUST-000057,"Washington, Ryan and Cummings",SMB,Insurance,20979.43,0.0,train,1,0.9992916655943761,99.93,1,Critical,20964.57,6
CUST-001654,"Peck, Shannon and Mahoney",SMB,Media,25053.61,0.0,train,1,0.9992837161997993,99.93,1,Critical,25035.66,7
CUST-001000,Stokes Group,SMB,Manufacturing,18482.24,0.0,validation,1,0.9992713750906221,99.93,1,Critical,18468.77,8
CUST-002206,"Herring, Huynh and King",SMB,Healthcare,28502.48,0.0,train,1,0.999250240722199,99.93,1,Critical,28481.11,9
CUST-002465,White Inc,SMB,Media,8768.88,0.0,train,1,0.999247013105095,99.92,1,Critical,8762.28,10
CUST-001868,Decker Inc,SMB,Healthcare,14312.07,0.0,validation,1,0.9992437268974493,99.92,1,Critical,14301.25,11
CUST-002426,Wiggins-Silva,SMB,Energy,13456.69,0.0,train,1,0.9992398945269435,99.92,1,Critical,13446.46,12
CUST-001582,Larson-Holmes,SMB,Telecommunications,14322.32,0.0,train,1,0.999222352942904,99.92,1,Critical,14311.18,13
CUST-000237,Warner-Gibson,SMB,Telecommunications,32679.27,0.0,validation,1,0.9992115383143458,99.92,1,Critical,32653.5,14
CUST-002489,Rivas Ltd,SMB,Media,11042.53,0.0,train,1,0.9991897198978588,99.92,1,Critical,11033.58,15
CUST-000450,Jones Inc,SMB,Retail,8696.34,0.0,test,1,0.9991838337118047,99.92,1,Critical,8689.24,16
CUST-000202,White-Lewis,SMB,Transportation,17158.45,0.0,train,1,0.9991799048579065,99.92,1,Critical,17144.38,17
CUST-001885,Jones-Krause,SMB,Banking,33451.9,0.0,train,1,0.9991576261096041,99.92,1,Critical,33423.72,18
CUST-000541,"Matthews, Saunders and Anderson",SMB,Professional Services,15582.5,0.0,test,1,0.999151499072384,99.92,1,Critical,15569.28,19
CUST-001494,"Fields, Elliott and Mills",SMB,Insurance,12829.99,0.0,train,1,0.9991470523331057,99.91,1,Critical,12819.05,20
CUST-002149,"Henry, Spencer and Ryan",SMB,Healthcare,58976.19,0.0,test,1,0.9991355830579984,99.91,1,Critical,58925.21,21
CUST-001438,"Rubio, Charles and Watson",SMB,Insurance,16384.62,0.0,train,1,0.9991144791908634,99.91,1,Critical,16370.11,22
CUST-001521,Brown Group,SMB,Retail,13919.75,0.0,validation,1,0.9991017592022259,99.91,1,Critical,13907.25,23
CUST-001669,"Moss, James and Edwards",SMB,Retail,19976.08,0.0,train,1,0.9990719640031671,99.91,1,Critical,19957.54,24
CUST-002168,"Morgan, Mendez and Cox",SMB,Retail,25910.48,0.0,validation,1,0.9990299455671823,99.9,1,Critical,25885.35,25
CUST-001542,Quinn-Smith,SMB,Insurance,31521.8,0.0,train,1,0.9990258711823393,99.9,1,Critical,31491.09,26
CUST-001070,Henderson Ltd,SMB,Media,16999.6,0.0,train,1,0.9990094723621514,99.9,1,Critical,16982.76,27
CUST-001410,Miller LLC,SMB,Professional Services,20549.03,0.0,train,1,0.9989997214254533,99.9,1,Critical,20528.48,28
CUST-002375,"Adams, Hernandez and Vaughn",SMB,Insurance,9889.0,0.0,validation,1,0.9989987768624321,99.9,1,Critical,9879.1,29
CUST-001618,Singh and Sons,SMB,Telecommunications,48424.31,0.0,test,1,0.9989916066048282,99.9,1,Critical,48375.48,30
CUST-000632,"Mcdonald, Lee and Rodriguez",SMB,Banking,12067.41,0.0,train,1,0.998987300829255,99.9,1,Critical,12055.19,31
CUST-001683,"Huang, Khan and Davis",SMB,Transportation,23057.09,0.0,train,1,0.9989773556284065,99.9,1,Critical,23033.51,32
CUST-001838,Berry Ltd,SMB,Banking,33990.11,0.0,train,1,0.998976354049932,99.9,1,Critical,33955.32,33
CUST-000065,Baxter Inc,SMB,Media,13212.64,0.0,train,1,0.9989747622375511,99.9,1,Critical,13199.09,34
CUST-000762,"Moore, Price and Ward",SMB,Healthcare,15759.51,0.0,train,1,0.9989605714914371,99.9,1,Critical,15743.13,35
CUST-002282,Carney Group,SMB,Healthcare,9339.13,0.0,train,1,0.9989603309453046,99.9,1,Critical,9329.42,36
CUST-002428,Dennis-Butler,SMB,Transportation,19523.37,0.0,train,1,0.9989527310901819,99.9,1,Critical,19502.92,37
CUST-000300,Harvey-Allen,SMB,Media,7712.12,0.0,validation,1,0.9989379002189734,99.89,1,Critical,7703.93,38
CUST-000798,"Ortega, Jackson and Salazar",SMB,Manufacturing,19893.93,0.0,train,1,0.9989368451945309,99.89,1,Critical,19872.78,39
CUST-001144,Welch-Thompson,SMB,Transportation,25974.85,0.0,validation,1,0.9989317488023864,99.89,1,Critical,25947.1,40
CUST-000782,Carter-Neal,SMB,Banking,35809.77,0.0,train,1,0.9989311757625542,99.89,1,Critical,35771.5,41
CUST-002337,"Li, Jensen and Vazquez",SMB,Energy,22038.27,0.0,train,1,0.9989300260972412,99.89,1,Critical,22014.69,42
CUST-001837,Soto PLC,SMB,Healthcare,10361.31,0.0,train,1,0.9989086900874831,99.89,1,Critical,10350.0,43
CUST-001811,"Cruz, Middleton and Larsen",SMB,Media,11180.01,0.0,train,1,0.9988999232921498,99.89,1,Critical,11167.71,44
CUST-001338,Sanders PLC,SMB,Insurance,16881.28,0.0,train,1,0.9988951892437158,99.89,1,Critical,16862.63,45
CUST-001453,Krause Ltd,SMB,Telecommunications,18773.66,0.0,train,1,0.9988923216186911,99.89,1,Critical,18752.86,46
CUST-001230,"Monroe, Chapman and Barton",SMB,Education,11723.22,0.0,test,1,0.9988859366026344,99.89,1,Critical,11710.16,47
CUST-001739,"Ferguson, Martin and Obrien",SMB,Media,10807.1,0.0,test,1,0.9988702911023537,99.89,1,Critical,10794.89,48
CUST-001155,"Torres, Brown and Williams",SMB,Telecommunications,53676.5,0.0,train,1,0.9988685127524438,99.89,1,Critical,53615.77,49
CUST-002223,Smith-Yu,SMB,Energy,19213.43,0.0,test,1,0.9988611784900993,99.89,1,Critical,19191.55,50
CUST-001516,Hall and Sons,SMB,Healthcare,20121.31,0.0,train,1,0.9988473886797552,99.88,1,Critical,20098.12,51
CUST-000324,"Ramsey, Whitney and Coffey",SMB,Manufacturing,49112.98,0.0,train,1,0.9988367089849775,99.88,1,Critical,49055.85,52
CUST-001292,"Rowe, Lucas and Case",SMB,Professional Services,35702.9,0.0,validation,1,0.9988341133230223,99.88,1,Critical,35661.27,53
CUST-000479,Young-Martinez,SMB,Insurance,19134.78,0.0,train,1,0.9988264877901295,99.88,1,Critical,19112.33,54
CUST-002396,Keller Ltd,SMB,Banking,25969.63,0.0,test,1,0.9988263363808711,99.88,1,Critical,25939.15,55
CUST-001898,Finley-Meyers,SMB,Energy,14917.15,0.0,train,1,0.998813729378204,99.88,1,Critical,14899.45,56
CUST-000481,Brown-Copeland,SMB,Banking,17856.71,0.0,train,1,0.998809139608059,99.88,1,Critical,17835.45,57
CUST-001261,"Edwards, Arnold and Smith",SMB,Manufacturing,35538.98,0.0,train,1,0.9988040215176878,99.88,1,Critical,35496.48,58
CUST-000646,"Carrillo, Vaughn and Fowler",SMB,Telecommunications,45501.61,0.0,validation,1,0.9987965029746977,99.88,1,Critical,45446.85,59
CUST-000334,Davis PLC,SMB,Insurance,49459.97,0.0,validation,1,0.9987945936329954,99.88,1,Critical,49400.35,60
CUST-000372,Davis Inc,SMB,Healthcare,18280.33,0.0,train,1,0.9987922360428937,99.88,1,Critical,18258.25,61
CUST-001533,Smith-Bauer,SMB,Transportation,39276.49,0.0,train,1,0.9987885377383353,99.88,1,Critical,39228.91,62
CUST-001897,Fernandez Inc,SMB,Education,13430.13,0.0,train,1,0.9987743515051808,99.88,1,Critical,13413.67,63
CUST-002333,Ferguson-Smith,SMB,Media,15396.25,0.0,train,1,0.9987719225421259,99.88,1,Critical,15377.34,64
CUST-002013,Brown and Sons,SMB,Media,16865.06,0.0,test,1,0.9987668001497546,99.88,1,Critical,16844.26,65
CUST-001920,Hoover-Davis,SMB,Telecommunications,32293.21,0.0,validation,1,0.998754809826587,99.88,1,Critical,32253.0,66
CUST-001686,Wilson Group,SMB,Energy,35486.14,0.0,train,1,0.9987465572962679,99.87,1,Critical,35441.66,67
CUST-000097,Wagner-King,SMB,Healthcare,20154.13,0.0,train,1,0.9987411096324702,99.87,1,Critical,20128.76,68
CUST-000429,Gilbert PLC,SMB,Media,16445.17,0.0,test,1,0.9987308322846403,99.87,1,Critical,16424.3,69
CUST-000496,Carter Inc,SMB,Manufacturing,11518.02,0.0,test,1,0.998730811880641,99.87,1,Critical,11503.4,70
CUST-002457,"Mayer, White and Smith",SMB,Transportation,18283.74,0.0,train,1,0.998715541772523,99.87,1,Critical,18260.26,71
CUST-000887,"Wallace, Smith and Cooper",SMB,Media,34038.6,0.0,validation,1,0.9987084465430199,99.87,1,Critical,33994.64,72
CUST-000643,Green LLC,SMB,Healthcare,15280.32,0.0,train,1,0.9987074041416141,99.87,1,Critical,15260.57,73
CUST-001798,Maldonado LLC,SMB,Insurance,16747.3,0.0,train,1,0.9986890200091512,99.87,1,Critical,16725.34,74
CUST-001449,Ruiz-Austin,SMB,Transportation,20018.15,0.0,train,1,0.9986846525312352,99.87,1,Critical,19991.82,75
CUST-002395,Hamilton Group,SMB,Energy,22947.59,0.0,train,1,0.998679980054041,99.87,1,Critical,22917.3,76
CUST-001831,Austin-Berger,SMB,Energy,24961.51,0.0,test,1,0.9986470675598293,99.86,1,Critical,24927.74,77
CUST-000644,"Young, Contreras and Marshall",SMB,Insurance,16950.62,0.0,train,1,0.9986347510604457,99.86,1,Critical,16927.48,78
CUST-002160,Melton Inc,SMB,Telecommunications,12116.02,0.0,train,1,0.9986203179715397,99.86,1,Critical,12099.3,79
CUST-002211,Booker Group,SMB,Insurance,14389.02,0.0,train,1,0.9986127822259736,99.86,1,Critical,14369.06,80
CUST-000441,"Marks, Cook and Aguilar",SMB,Insurance,17401.9,0.0,train,1,0.9985963209354667,99.86,1,Critical,17377.47,81
CUST-002145,Johnson-Thompson,SMB,Healthcare,20433.88,0.0,train,1,0.9985962254705069,99.86,1,Critical,20405.2,82
CUST-002141,"Jimenez, Wagner and Daniels",SMB,Professional Services,12157.2,0.0,train,1,0.9985923689175816,99.86,1,Critical,12140.09,83
CUST-002083,Pope PLC,SMB,Media,13788.34,0.0,test,1,0.9985883231492567,99.86,1,Critical,13768.88,84
CUST-002453,Schneider Inc,SMB,Education,33085.36,0.0,train,1,0.9985801311853266,99.86,1,Critical,33038.38,85
CUST-000281,Garner-Thornton,SMB,Transportation,48008.7,0.0,train,1,0.9985723135339044,99.86,1,Critical,47940.16,86
CUST-002018,Mccormick and Sons,SMB,Retail,15875.07,0.0,train,1,0.9985641687759403,99.86,1,Critical,15852.28,87
CUST-002451,Mann PLC,SMB,Retail,23437.34,0.0,train,1,0.9985423317160049,99.85,1,Critical,23403.18,88
CUST-001716,"Rice, Miller and Ramsey",SMB,Manufacturing,8275.02,0.0,train,1,0.9985405819153096,99.85,1,Critical,8262.94,89
CUST-000756,Bowers-Hayes,SMB,Retail,32755.06,0.0,test,1,0.9985386827576951,99.85,1,Critical,32707.19,90
CUST-002284,"Washington, Vasquez and Singleton",SMB,Retail,19998.9,0.0,train,1,0.9985120603436654,99.85,1,Critical,19969.14,91
CUST-000504,"Jimenez, Glass and Stone",SMB,Healthcare,32507.99,0.0,test,1,0.9985117909727319,99.85,1,Critical,32459.61,92
CUST-001134,Fisher-Eaton,SMB,Transportation,17233.06,0.0,train,1,0.9985102054509574,99.85,1,Critical,17207.39,93
CUST-002239,Green Ltd,SMB,Insurance,23549.46,0.0,validation,1,0.9985101372999383,99.85,1,Critical,23514.37,94
CUST-001746,Gentry Group,SMB,Healthcare,41359.44,0.0,train,1,0.9985090270715636,99.85,1,Critical,41297.77,95
CUST-002100,"Harris, Santana and Lopez",SMB,Healthcare,20624.23,0.0,validation,1,0.9985052393109631,99.85,1,Critical,20593.4,96
CUST-000361,Henry Group,SMB,Technology,15652.27,0.0,validation,1,0.9984896486177353,99.85,1,Critical,15628.63,97
CUST-000297,Howard-Jordan,SMB,Education,26446.32,0.0,train,1,0.9984854083150188,99.85,1,Critical,26406.26,98
CUST-002278,Peters Ltd,SMB,Professional Services,13794.96,0.0,train,1,0.9984796331912753,99.85,1,Critical,13773.99,99
CUST-001621,Cole-Johnson,SMB,Media,16846.58,0.0,train,1,0.9984774399453297,99.85,1,Critical,16820.93,100
CUST-000278,Gibson-Morris,SMB,Healthcare,57465.65,0.0,train,1,0.9984739499951587,99.85,1,Critical,57377.95,101
CUST-000310,Smith-Grimes,SMB,Professional Services,18637.88,0.0,train,1,0.9984736373658506,99.85,1,Critical,18609.43,102
CUST-002459,"Wallace, Roman and Lawson",SMB,Professional Services,10801.24,0.0,validation,1,0.9984712992511459,99.85,1,Critical,10784.73,103
CUST-001493,"Ryan, Garza and Bryant",SMB,Telecommunications,8656.03,0.0,validation,1,0.9984710079209564,99.85,1,Critical,8642.79,104
CUST-001630,Lin-Smith,SMB,Media,15381.5,0.0,validation,1,0.9984678968835713,99.85,1,Critical,15357.93,105
CUST-000530,"Mckinney, Graves and Thompson",SMB,Banking,22662.96,0.0,test,1,0.9984677860178167,99.85,1,Critical,22628.24,106
CUST-000347,Jones PLC,SMB,Manufacturing,58499.7,0.0,train,1,0.9984636323103853,99.85,1,Critical,58409.82,107
CUST-001284,"Campbell, Pruitt and Short",SMB,Transportation,40138.73,0.0,train,1,0.9984549018222983,99.85,1,Critical,40076.71,108
CUST-000809,Mueller-Boyd,SMB,Energy,15587.83,0.0,train,1,0.9984545485546612,99.85,1,Critical,15563.74,109
CUST-002040,Brown-Davidson,SMB,Professional Services,15887.25,0.0,test,1,0.9984415169913501,99.84,1,Critical,15862.49,110
CUST-001579,"Gardner, Brooks and Pierce",SMB,Banking,30004.64,0.0,validation,1,0.9984399198666691,99.84,1,Critical,29957.83,111
CUST-001512,Flores and Sons,SMB,Professional Services,13907.57,0.0,train,1,0.9984375834714635,99.84,1,Critical,13885.84,112
CUST-001957,Jones PLC,SMB,Energy,21923.74,0.0,train,1,0.998409095664376,99.84,1,Critical,21888.86,113
CUST-002477,"Garcia, Hines and Pearson",SMB,Professional Services,20198.43,0.0,train,1,0.998408461825276,99.84,1,Critical,20166.28,114
CUST-000313,Robinson-Lee,SMB,Healthcare,33987.16,0.0,test,1,0.998397472168671,99.84,1,Critical,33932.69,115
CUST-002304,Allen Group,SMB,Retail,41148.0,0.0,test,1,0.9983743173438112,99.84,1,Critical,41081.11,116
CUST-001049,"Larsen, Hernandez and Ward",SMB,Energy,41152.29,0.0,train,1,0.9983737578121361,99.84,1,Critical,41085.37,117
CUST-001031,Baker and Sons,SMB,Transportation,38963.27,0.0,test,1,0.9983729594612505,99.84,1,Critical,38899.88,118
CUST-001608,"Gilbert, Fitzgerald and Sanchez",SMB,Insurance,51504.77,0.0,test,1,0.9983624150322508,99.84,1,Critical,51420.43,119
CUST-000495,Brown Group,SMB,Education,15961.98,0.0,train,1,0.9983512933264259,99.84,1,Critical,15935.66,120
CUST-001938,"White, Porter and Clements",SMB,Banking,21939.47,0.0,test,1,0.9983500200134513,99.84,1,Critical,21903.27,121
CUST-000593,"Allen, Armstrong and Graves",SMB,Insurance,18105.81,0.0,train,1,0.9983383424843372,99.83,1,Critical,18075.72,122
CUST-000036,Rodriguez-Graham,SMB,Education,9835.16,0.0,train,1,0.9983382468473239,99.83,1,Critical,9818.82,123
CUST-001129,"Evans, Jackson and Sandoval",Enterprise,Healthcare,1911069.87,0.0,train,1,0.9983252463418375,99.83,1,Critical,1907869.3,124
CUST-002020,Hernandez LLC,SMB,Telecommunications,43336.26,0.0,validation,1,0.9983074687540199,99.83,1,Critical,43262.91,125
CUST-000582,"Barry, Taylor and Velazquez",SMB,Transportation,54999.98,0.0,test,1,0.9982762651952563,99.83,1,Critical,54905.17,126
CUST-000588,Robles-Swanson,SMB,Healthcare,20432.93,0.0,train,1,0.9982667504424744,99.83,1,Critical,20397.51,127
CUST-001316,"Murray, Dunn and Roberts",SMB,Insurance,17588.65,0.0,validation,1,0.9982517363465542,99.83,1,Critical,17557.9,128
CUST-000459,Mckee-Lee,SMB,Education,19427.48,0.0,validation,1,0.9982422225380603,99.82,1,Critical,19393.33,129
CUST-001345,Williams and Sons,SMB,Retail,19494.02,0.0,validation,1,0.9982421403964089,99.82,1,Critical,19459.75,130
CUST-000813,"Marsh, Spears and Yang",SMB,Transportation,39475.83,0.0,train,1,0.9982389359655189,99.82,1,Critical,39406.31,131
CUST-000973,Green-Ewing,SMB,Banking,15035.97,0.0,train,1,0.9982335076555188,99.82,1,Critical,15009.41,132
CUST-000466,Cole-Palmer,SMB,Banking,15904.67,0.0,test,1,0.9982295782993742,99.82,1,Critical,15876.51,133
CUST-000229,Rowe Group,SMB,Transportation,15139.92,0.0,train,1,0.9982124734267315,99.82,1,Critical,15112.86,134
CUST-001303,"Turner, Miller and Hubbard",SMB,Professional Services,16078.2,0.0,train,1,0.9982030138641383,99.82,1,Critical,16049.31,135
CUST-001735,"Stewart, Herrera and Clark",SMB,Banking,15378.02,0.0,test,1,0.9981940954197317,99.82,1,Critical,15350.25,136
CUST-001122,Trujillo PLC,SMB,Insurance,22344.4,0.0,train,1,0.9981620792945016,99.82,1,Critical,22303.33,137
CUST-001677,Murray-Henderson,SMB,Transportation,21812.98,0.0,test,1,0.9981439548925808,99.81,1,Critical,21772.49,138
CUST-002217,Underwood-Smith,SMB,Insurance,17903.09,0.0,train,1,0.9981241182625477,99.81,1,Critical,17869.51,139
CUST-000539,Owens-Holmes,SMB,Banking,38108.87,0.0,train,1,0.9981234359004034,99.81,1,Critical,38037.36,140
CUST-001397,Owen-Mendez,SMB,Professional Services,13909.8,0.0,test,1,0.9980888836757336,99.81,1,Critical,13883.22,141
CUST-001379,"Reynolds, Fisher and Golden",SMB,Technology,44362.16,0.0,train,1,0.9980888099458911,99.81,1,Critical,44277.38,142
CUST-000183,Jackson-Lawson,SMB,Transportation,16268.02,0.0,train,1,0.9980847824991175,99.81,1,Critical,16236.86,143
CUST-000320,"Shaw, Nelson and Martin",SMB,Transportation,39881.49,0.0,train,1,0.9980569169895606,99.81,1,Critical,39804.0,144
CUST-000037,Smith-Bowen,SMB,Insurance,14820.78,0.0,train,1,0.9980390302227906,99.8,1,Critical,14791.72,145
CUST-000150,"Schmidt, Hansen and Stewart",SMB,Insurance,19048.83,0.0,train,1,0.9980285580019566,99.8,1,Critical,19011.28,146
CUST-002202,Powers-Blackwell,SMB,Manufacturing,12243.96,0.0,test,1,0.9979840965711354,99.8,1,Critical,12219.28,147
CUST-000681,Morales and Sons,SMB,Education,22617.37,0.0,train,1,0.9979750137248413,99.8,1,Critical,22571.57,148
CUST-001901,Chen Ltd,SMB,Manufacturing,11482.62,0.0,test,1,0.9979689193186392,99.8,1,Critical,11459.3,149
CUST-000197,Marshall-Petersen,SMB,Transportation,35340.79,0.0,train,1,0.9979582187161863,99.8,1,Critical,35268.63,150
CUST-001243,"Robinson, Clark and Klein",SMB,Media,8637.42,0.0,train,1,0.9978875817534627,99.79,1,Critical,8619.17,151
CUST-000175,Ramirez-Bean,Mid-Market,Insurance,169884.43,0.0,train,1,0.9978630461951769,99.79,1,Critical,169521.39,152
CUST-000411,Kim Inc,SMB,Manufacturing,39910.53,0.0,train,1,0.997836610962721,99.78,1,Critical,39824.19,153
CUST-002186,Boyd LLC,SMB,Technology,18263.55,0.0,train,1,0.9978115775203404,99.78,1,Critical,18223.58,154
CUST-000162,Stein-Silva,SMB,Media,35699.2,0.0,train,1,0.997796166643248,99.78,1,Critical,35620.52,155
CUST-001754,"Charles, Wiggins and Cook",SMB,Retail,20988.27,0.0,validation,1,0.997744381598081,99.77,1,Critical,20940.93,156
CUST-000942,Finley Inc,SMB,Retail,16598.57,0.0,train,1,0.9977339556152387,99.77,1,Critical,16560.96,157
CUST-000233,"Clark, Guerrero and Moore",Mid-Market,Insurance,124423.9,0.0,train,1,0.9977225758112782,99.77,1,Critical,124140.53,158
CUST-002427,"Henderson, Alexander and Galvan",SMB,Transportation,41043.17,0.0,test,1,0.9976735753586851,99.77,1,Critical,40947.69,159
CUST-001126,"Erickson, Armstrong and Lee",SMB,Insurance,15428.45,0.0,train,1,0.9976273069559404,99.76,1,Critical,15391.84,160
CUST-000469,Brown-Shaw,Mid-Market,Transportation,186083.32,0.0,train,1,0.9975676346067501,99.76,1,Critical,185630.7,161
CUST-000325,"Diaz, Gibbs and Smith",Mid-Market,Healthcare,215035.66,0.0,train,1,0.9975068156200612,99.75,1,Critical,214499.54,162
CUST-001790,Peters-Short,Mid-Market,Retail,157205.82,0.0,train,1,0.9974427643151309,99.74,1,Critical,156803.81,163
CUST-000619,Smith PLC,Mid-Market,Telecommunications,147234.46,0.0,validation,1,0.9974400929242356,99.74,1,Critical,146857.55,164
CUST-002164,Chapman-Odom,Mid-Market,Healthcare,149093.52,0.0,train,1,0.9974103603962349,99.74,1,Critical,148707.42,165
CUST-001150,Smith-Ferguson,Mid-Market,Insurance,161649.64,0.0,train,1,0.9973971326536594,99.74,1,Critical,161228.89,166
CUST-000416,"Hicks, Bullock and Bailey",SMB,Technology,32152.0,0.0,validation,1,0.9973944053381154,99.74,1,Critical,32068.22,167
CUST-001028,Reed LLC,SMB,Professional Services,17785.95,0.0,train,1,0.9973922531965805,99.74,1,Critical,17739.57,168
CUST-002193,Sanchez LLC,SMB,Manufacturing,21485.88,0.0,train,1,0.9973234343405806,99.73,1,Critical,21428.37,169
CUST-000532,Conner and Sons,SMB,Education,57712.38,0.0,validation,1,0.9973144695655816,99.73,1,Critical,57557.39,170
CUST-001411,Gomez-Foster,Mid-Market,Banking,163751.99,0.0,train,1,0.9973094466830406,99.73,1,Critical,163311.41,171
CUST-000101,Figueroa PLC,Mid-Market,Media,230826.58,0.0,train,1,0.997288771278806,99.73,1,Critical,230200.76,172
CUST-000207,"Alvarez, Joseph and West",Strategic,Healthcare,8000371.06,0.0,train,1,0.997233497287902,99.72,1,Critical,7978238.01,173
CUST-001535,Perkins Ltd,Mid-Market,Transportation,263450.36,0.0,train,1,0.9972208717378003,99.72,1,Critical,262718.2,174
CUST-000537,"Mendoza, Jenkins and Ortiz",SMB,Media,39131.49,0.0,train,1,0.9972132445171275,99.72,1,Critical,39022.44,175
CUST-000527,Osborn-Cochran,SMB,Media,14878.29,0.0,train,1,0.9971668345010991,99.72,1,Critical,14836.14,176
CUST-001067,"Byrd, Oliver and Martinez",SMB,Banking,59395.63,0.0,test,1,0.9971598123869008,99.72,1,Critical,59226.94,177
CUST-000463,"Taylor, Wright and Davidson",SMB,Telecommunications,34181.87,0.0,train,1,0.9971466526060591,99.71,1,Critical,34084.34,178
CUST-000219,Williams-Brown,Mid-Market,Retail,253458.55,0.0,train,1,0.9971444816909061,99.71,1,Critical,252734.79,179
CUST-000366,"Wilson, Pena and Rich",SMB,Energy,54570.22,0.0,test,1,0.9971156601583994,99.71,1,Critical,54412.82,180
CUST-001437,Austin-Duran,SMB,Manufacturing,43575.34,0.0,train,1,0.9970929827011918,99.71,1,Critical,43448.67,181
CUST-000030,"Snyder, Campos and Callahan",SMB,Healthcare,43924.36,0.0,train,1,0.9970397923391218,99.7,1,Critical,43794.33,182
CUST-002409,"Peterson, Reid and Johnson",SMB,Education,35502.69,0.0,train,1,0.9970256051194437,99.7,1,Critical,35397.09,183
CUST-000617,"Perez, Hall and Garcia",Mid-Market,Energy,298511.05,0.0,train,1,0.9970180791241211,99.7,1,Critical,297620.91,184
CUST-000332,"Turner, Ortiz and Taylor",Mid-Market,Media,152920.74,0.0,train,1,0.9970084202575888,99.7,1,Critical,152463.27,185
CUST-000889,"Anderson, Jones and Reyes",Mid-Market,Transportation,204781.25,0.0,train,1,0.9969474241198021,99.69,1,Critical,204156.14,186
CUST-002102,"Mcmahon, Rush and Bailey",SMB,Manufacturing,29238.02,0.0,train,1,0.9969065089095431,99.69,1,Critical,29147.57,187
CUST-000245,"Fernandez, Kim and George",Mid-Market,Retail,149988.8,0.0,train,1,0.9968920876132387,99.69,1,Critical,149522.65,188
CUST-000864,Schultz Inc,SMB,Education,32823.15,0.0,train,1,0.9967848110747882,99.68,1,Critical,32717.62,189
CUST-001795,"Berger, Fields and Smith",SMB,Telecommunications,25910.01,0.0,test,1,0.9967813626137654,99.68,1,Critical,25826.62,190
CUST-002148,Freeman-Rodriguez,Mid-Market,Retail,151863.3,0.0,train,1,0.9967413549391404,99.67,1,Critical,151368.43,191
CUST-001743,Hayes-Sampson,SMB,Media,49860.29,0.0,train,1,0.9967378467190134,99.67,1,Critical,49697.64,192
CUST-001382,"Johnston, Coleman and Scott",Strategic,Insurance,12372832.05,0.0,train,1,0.9967341115689454,99.67,1,Critical,12332423.76,193
CUST-000707,"Howard, Green and Hunt",Mid-Market,Banking,114116.95,0.0,train,1,0.99672267835501,99.67,1,Critical,113742.95,194
CUST-000609,Huang-Foster,Mid-Market,Media,230788.97,0.0,train,1,0.996644742869181,99.66,1,Critical,230014.61,195
CUST-000750,"Allen, Davenport and Price",Mid-Market,Energy,129771.42,0.0,validation,1,0.9965972062403529,99.66,1,Critical,129329.83,196
CUST-000685,Young-Walter,SMB,Healthcare,40877.92,0.0,train,1,0.9965768118694147,99.66,1,Critical,40737.99,197
CUST-001056,Watson Group,Mid-Market,Manufacturing,254202.96,0.0,train,1,0.9965635839425948,99.66,1,Critical,253329.41,198
CUST-001492,Dunn-Taylor,SMB,Insurance,32703.23,0.0,train,1,0.9965396880708918,99.65,1,Critical,32590.07,199
CUST-001008,"Johnson, Haynes and Meza",SMB,Telecommunications,27550.77,0.0,validation,1,0.9965233263499998,99.65,1,Critical,27454.98,200
CUST-002345,Martin and Sons,Mid-Market,Media,217364.96,0.0,train,1,0.9964811090210607,99.65,1,Critical,216600.08,201
CUST-000312,Parsons-Hall,Mid-Market,Technology,279930.48,0.0,train,1,0.9964643541528632,99.65,1,Critical,278940.74,202
CUST-002444,Harrington-Alvarez,Mid-Market,Retail,123543.24,0.0,train,1,0.9964579340882155,99.65,1,Critical,123105.64,203
CUST-001471,Welch-Thomas,Mid-Market,Insurance,157216.06,0.0,validation,1,0.9964324551024036,99.64,1,Critical,156655.18,204
CUST-000028,"Hoffman, Baker and Richards",SMB,Education,34007.81,0.0,test,1,0.9964140277597261,99.64,1,Critical,33885.86,205
CUST-001656,Lopez PLC,SMB,Energy,54334.79,0.0,train,1,0.9964063767956184,99.64,1,Critical,54139.53,206
CUST-001782,Patel-Morales,Mid-Market,Education,116450.4,0.0,validation,1,0.9963909972423152,99.64,1,Critical,116030.13,207
CUST-001753,Collins Inc,SMB,Retail,56886.39,0.0,train,1,0.9963825682557079,99.64,1,Critical,56680.61,208
CUST-000103,"Mckee, Gardner and Davenport",Mid-Market,Retail,120984.18,0.0,train,1,0.9963716151750942,99.64,1,Critical,120545.2,209
CUST-001725,"Shaffer, Lewis and Davidson",SMB,Insurance,43942.62,0.0,test,1,0.9963590090197101,99.64,1,Critical,43782.63,210
CUST-000377,Schmitt PLC,SMB,Education,11397.02,0.0,test,1,0.9963402316029656,99.63,1,Critical,11355.31,211
CUST-001845,Hopkins LLC,Mid-Market,Manufacturing,193735.3,0.0,train,1,0.9963257383553874,99.63,1,Critical,193023.47,212
CUST-001354,Sparks-Eaton,Mid-Market,Retail,100399.71,0.0,test,1,0.9963195246032631,99.63,1,Critical,100030.19,213
CUST-000444,Collins Group,SMB,Banking,79885.67,0.0,train,1,0.9963181145614202,99.63,1,Critical,79591.54,214
CUST-001505,"Price, Gray and Baker",SMB,Manufacturing,65705.34,0.0,test,1,0.9963055489455428,99.63,1,Critical,65462.59,215
CUST-000531,Hicks-Martinez,Mid-Market,Insurance,142217.81,0.0,train,1,0.9962814715782422,99.63,1,Critical,141688.97,216
CUST-000951,"Franco, Wiley and Tapia",SMB,Media,37858.14,0.0,train,1,0.9962382300070596,99.62,1,Critical,37715.73,217
CUST-001112,Marquez-Fletcher,Mid-Market,Technology,168451.52,0.0,train,1,0.9961853685971905,99.62,1,Critical,167808.94,218
CUST-002367,Moore Group,SMB,Telecommunications,25730.92,0.0,train,1,0.9961541291482364,99.62,1,Critical,25631.96,219
CUST-001042,Wheeler-Austin,SMB,Technology,53218.44,0.0,train,1,0.9960836636766212,99.61,1,Critical,53010.02,220
CUST-000452,Stanley PLC,SMB,Energy,63663.53,0.0,train,1,0.9960733395511135,99.61,1,Critical,63413.54,221
CUST-001722,Johnson Ltd,SMB,Healthcare,36806.22,0.0,train,1,0.9960680027682763,99.61,1,Critical,36661.5,222
CUST-000470,Hughes Inc,SMB,Manufacturing,38807.71,0.0,train,1,0.9960506680234711,99.61,1,Critical,38654.45,223
CUST-000406,Atkins PLC,SMB,Insurance,41214.52,0.0,train,1,0.996043258897111,99.6,1,Critical,41051.44,224
CUST-000012,Dudley Group,SMB,Professional Services,44855.86,0.0,train,1,0.9960164977137826,99.6,1,Critical,44677.18,225
CUST-000941,Walker PLC,Enterprise,Retail,1743749.59,0.0,train,1,0.9960135976770265,99.6,1,Critical,1736798.3,226
CUST-001784,Dickson Group,SMB,Professional Services,60026.05,0.0,test,1,0.9960059928008811,99.6,1,Critical,59786.31,227
CUST-002334,Smith Ltd,SMB,Banking,31167.7,0.0,test,1,0.9959847232271879,99.6,1,Critical,31042.55,228
CUST-001486,Miller Group,SMB,Technology,25753.56,0.0,train,1,0.9959692690027142,99.6,1,Critical,25649.75,229
CUST-000072,House-Glover,Mid-Market,Telecommunications,230120.98,0.0,train,1,0.995960090085188,99.6,1,Critical,229191.31,230
CUST-002263,Hawkins Inc,Enterprise,Healthcare,2122495.11,0.0,train,1,0.9959394471933022,99.59,1,Critical,2113876.61,231
CUST-001480,Martinez and Sons,SMB,Retail,46477.58,0.0,train,1,0.9959376151432504,99.59,1,Critical,46288.77,232
CUST-001730,Nielsen-Mendoza,SMB,Technology,68262.87,0.0,train,1,0.9959332726329627,99.59,1,Critical,67985.26,233
CUST-000056,Jones-Young,SMB,Banking,66096.3,0.0,train,1,0.9959265764901586,99.59,1,Critical,65827.06,234
CUST-001844,Kent Ltd,SMB,Transportation,54040.83,0.0,validation,1,0.9959210763078012,99.59,1,Critical,53820.4,235
CUST-000656,Wilson-Harris,SMB,Transportation,33924.98,0.0,train,1,0.9959076567729436,99.59,1,Critical,33786.15,236
CUST-000516,Osborne LLC,Enterprise,Transportation,1548047.11,0.0,validation,1,0.9959006167341982,99.59,1,Critical,1541701.07,237
CUST-000888,Mcneil Group,SMB,Banking,70498.3,0.0,train,1,0.9958366508139085,99.58,1,Critical,70204.79,238
CUST-001613,"Rios, Carrillo and Jackson",Mid-Market,Banking,250568.84,0.0,validation,1,0.9958257305916821,99.58,1,Critical,249522.9,239
CUST-002163,"Robertson, Fisher and Smith",Mid-Market,Banking,276292.2,0.0,train,1,0.9958073839841334,99.58,1,Critical,275133.81,240
CUST-001385,Lopez-Fletcher,Enterprise,Energy,1143889.12,0.0,train,1,0.9957834675525057,99.58,1,Critical,1139065.87,241
CUST-000999,"Robinson, Huang and Osborne",SMB,Transportation,26103.14,0.0,train,1,0.9957408379950975,99.57,1,Critical,25991.96,242
CUST-001828,Marshall-Miller,Mid-Market,Media,224417.56,0.0,train,1,0.9957216289902242,99.57,1,Critical,223457.42,243
CUST-001857,Thomas-Berg,SMB,Manufacturing,85792.23,0.0,test,1,0.9957013520612202,99.57,1,Critical,85423.44,244
CUST-000147,Robinson-Brock,SMB,Energy,29249.47,0.0,test,1,0.9956980767347494,99.57,1,Critical,29123.64,245
CUST-001439,Vasquez-Galloway,SMB,Education,36009.88,0.0,train,1,0.9956876135552694,99.57,1,Critical,35854.59,246
CUST-000856,Werner-Carter,Mid-Market,Media,204867.1,0.0,train,1,0.995669845662925,99.57,1,Critical,203979.99,247
CUST-000154,Green-Wright,SMB,Telecommunications,104687.7,0.0,train,1,0.9956590583541345,99.57,1,Critical,104233.26,248
CUST-002486,"James, Bell and Chen",SMB,Transportation,101983.67,0.0,train,1,0.9956514251837408,99.57,1,Critical,101540.19,249
CUST-000758,Lopez-Willis,SMB,Media,33409.66,0.0,train,1,0.9956016125630938,99.56,1,Critical,33262.71,250
CUST-002364,"Delgado, Ward and Kennedy",SMB,Transportation,49276.07,0.0,train,1,0.995595818702222,99.56,1,Critical,49059.05,251
CUST-000180,Howell and Sons,SMB,Manufacturing,22373.5,0.0,train,1,0.9955865934004822,99.56,1,Critical,22274.76,252
CUST-000546,"Huber, Hill and Weber",SMB,Manufacturing,47926.8,0.0,train,1,0.9955853721817106,99.56,1,Critical,47715.22,253
CUST-001664,Schaefer Group,Mid-Market,Media,126795.88,0.0,validation,1,0.9955344209023177,99.55,1,Critical,126229.66,254
CUST-002085,"Arnold, Avila and Wilson",SMB,Energy,33441.07,0.0,train,1,0.99552163653243,99.55,1,Critical,33291.31,255
CUST-000144,"Lee, Horton and Snyder",Mid-Market,Media,244611.43,0.0,train,1,0.9955200140197961,99.55,1,Critical,243515.57,256
CUST-001961,Cortez-Chen,Enterprise,Insurance,719680.24,0.0,train,1,0.9955067049692621,99.55,1,Critical,716446.5,257
CUST-001551,"Vincent, Parsons and Allen",Mid-Market,Professional Services,255559.27,0.0,train,1,0.995497895859065,99.55,1,Critical,254408.72,258
CUST-000740,Miller Group,SMB,Retail,71567.68,0.0,test,1,0.9954346487568161,99.54,1,Critical,71240.95,259
CUST-002001,Chavez-Mason,SMB,Retail,41671.97,0.0,train,1,0.9954041702361652,99.54,1,Critical,41480.45,260
CUST-002480,Patton and Sons,Mid-Market,Retail,332470.46,0.0,train,1,0.9954015638484696,99.54,1,Critical,330941.62,261
CUST-001969,Atkins-Robinson,Mid-Market,Healthcare,299390.3,0.0,train,1,0.9953880034200558,99.54,1,Critical,298009.51,262
CUST-002234,"Ramos, Davidson and Smith",Mid-Market,Telecommunications,261456.65,0.0,train,1,0.9953869211324833,99.54,1,Critical,260250.53,263
CUST-000885,Lewis Inc,SMB,Media,88855.13,0.0,train,1,0.9953280457680099,99.53,1,Critical,88440.0,264
CUST-001912,Brown-French,Enterprise,Insurance,1507881.24,0.0,train,1,0.9953243099360889,99.53,1,Critical,1500830.85,265
CUST-002180,"Robertson, Powers and Kelley",SMB,Telecommunications,70540.99,0.0,validation,1,0.995292900267708,99.53,1,Critical,70208.95,266
CUST-002213,Ferguson-Lyons,SMB,Healthcare,28869.59,0.0,train,1,0.9952480785553699,99.52,1,Critical,28732.4,267
CUST-001586,"Howe, Moore and Johnson",Mid-Market,Insurance,208806.42,0.0,train,1,0.9952432661007515,99.52,1,Critical,207813.18,268
CUST-000161,Brown-Wall,SMB,Manufacturing,25638.61,0.0,validation,1,0.9952327529224021,99.52,1,Critical,25516.38,269
CUST-000408,Roberts-Sullivan,SMB,Professional Services,31714.72,0.0,test,1,0.9952101835561182,99.52,1,Critical,31562.81,270
CUST-000445,"Conner, Li and Santiago",Enterprise,Retail,1355990.97,0.0,test,1,0.9951890976581754,99.52,1,Critical,1349467.43,271
CUST-001660,Shaw PLC,SMB,Transportation,97941.67,0.0,train,1,0.995139147496198,99.51,1,Critical,97465.59,272
CUST-000576,"Cole, Pierce and Bryan",Enterprise,Manufacturing,1070196.97,0.0,train,1,0.9950985702183645,99.51,1,Critical,1064951.47,273
CUST-000005,"Guzman, Hoffman and Baldwin",SMB,Insurance,34203.05,0.0,test,1,0.9950726088728239,99.51,1,Critical,34034.52,274
CUST-000764,Ward-Nelson,Enterprise,Professional Services,1199400.23,0.0,train,1,0.9950362084067862,99.5,1,Critical,1193446.66,275
CUST-000203,Peterson-Beard,SMB,Professional Services,31095.8,0.0,train,1,0.9950316025517674,99.5,1,Critical,30941.3,276
CUST-001936,"Nelson, Cole and Allen",SMB,Manufacturing,47090.99,0.0,train,1,0.9950286876603378,99.5,1,Critical,46856.89,277
CUST-000194,Reid-Poole,Mid-Market,Transportation,260282.18,0.0,train,1,0.9948820009064991,99.49,1,Critical,258950.06,278
CUST-000357,Hayes and Sons,SMB,Technology,35604.24,0.0,train,1,0.9948767019915984,99.49,1,Critical,35421.83,279
CUST-000738,Gray-Tran,SMB,Transportation,40676.43,0.0,train,1,0.9948727979740263,99.49,1,Critical,40467.87,280
CUST-002445,"Bass, Anderson and Taylor",SMB,Banking,57683.97,0.0,train,1,0.9948377561838218,99.48,1,Critical,57386.19,281
CUST-000959,Jones-Bradley,SMB,Telecommunications,74992.08,0.0,test,1,0.994798002693361,99.48,1,Critical,74601.97,282
CUST-001602,Hernandez-Rogers,SMB,Education,49914.14,0.0,train,1,0.9947825663990317,99.48,1,Critical,49653.72,283
CUST-001487,Perez-Rojas,SMB,Banking,24474.55,0.0,train,1,0.9947330730856583,99.47,1,Critical,24345.64,284
CUST-001231,Ellis-Lawrence,Mid-Market,Transportation,263150.05,0.0,train,1,0.9947017601697263,99.47,1,Critical,261755.82,285
CUST-000673,Nunez-Stephens,Mid-Market,Healthcare,163531.07,0.0,validation,1,0.9946981810450272,99.47,1,Critical,162664.06,286
CUST-001044,"Martin, Preston and Moore",Mid-Market,Transportation,338961.22,0.0,train,1,0.9946809054848806,99.47,1,Critical,337158.25,287
CUST-001766,"Williams, Reyes and Miller",Mid-Market,Transportation,133510.5,0.0,validation,1,0.9946299184428294,99.46,1,Critical,132793.54,288
CUST-001878,King Group,SMB,Transportation,37504.99,0.0,validation,1,0.9945725591375908,99.46,1,Critical,37301.43,289
CUST-001022,Gray Ltd,SMB,Technology,39242.28,0.0,train,1,0.994564668776155,99.46,1,Critical,39028.99,290
CUST-000033,"Ferrell, Rice and Maddox",SMB,Banking,58860.08,0.0,train,1,0.9943459245167534,99.43,1,Critical,58527.28,291
CUST-001772,"Mcdonald, Bryant and Cohen",Mid-Market,Banking,271181.73,0.0,validation,1,0.9943454066768327,99.43,1,Critical,269648.31,292
CUST-001742,Crawford and Sons,Mid-Market,Technology,105995.29,0.0,train,1,0.9943166905448558,99.43,1,Critical,105392.89,293
CUST-000621,Santos-Avila,SMB,Energy,57340.58,0.0,train,1,0.994311830859478,99.43,1,Critical,57014.42,294
CUST-001087,Morgan LLC,Enterprise,Retail,795865.83,0.0,train,1,0.994224834352774,99.42,1,Critical,791269.57,295
CUST-001643,"Salazar, Garrett and Perez",SMB,Retail,28915.73,0.0,train,1,0.9941933208351071,99.42,1,Critical,28747.83,296
CUST-000678,Allen Inc,SMB,Manufacturing,83317.74,0.0,train,1,0.994051773653377,99.41,1,Critical,82822.15,297
CUST-000419,Morrison Ltd,SMB,Transportation,25562.54,0.0,train,1,0.9940067819809717,99.4,1,Critical,25409.34,298
CUST-000251,Moon-White,SMB,Insurance,63721.84,0.0,train,1,0.9939293049044533,99.39,1,Critical,63335.0,299
CUST-000287,"Booker, Jones and Harrington",Enterprise,Technology,1713492.87,0.0,validation,1,0.9937813286943831,99.38,1,Critical,1702837.22,300
CUST-001519,Ford-Moody,Enterprise,Manufacturing,1024472.29,0.0,train,1,0.9936588544780621,99.37,1,Critical,1017975.96,301
CUST-001311,Clark-Figueroa,SMB,Energy,18473.41,0.0,validation,1,0.993517273449735,99.35,1,Critical,18353.65,302
CUST-001412,"Gonzalez, Smith and Padilla",SMB,Telecommunications,38979.13,0.0,test,1,0.9934703068269868,99.35,1,Critical,38724.61,303
CUST-001515,Martinez-Gonzales,Mid-Market,Insurance,261483.44,0.0,train,1,0.993463010229739,99.35,1,Critical,259774.13,304
CUST-000333,Torres Group,SMB,Energy,59741.26,0.0,train,1,0.9934448431640704,99.34,1,Critical,59349.65,305
CUST-002470,Scott-David,SMB,Retail,77496.59,0.0,train,1,0.993371333256239,99.34,1,Critical,76982.89,306
CUST-001468,"Ryan, Krause and Mitchell",SMB,Healthcare,47086.43,0.0,train,1,0.9933504360462573,99.34,1,Critical,46773.33,307
CUST-000955,Dawson Inc,SMB,Technology,46341.42,0.0,validation,1,0.9932632964291108,99.33,1,Critical,46029.23,308
CUST-001189,White-Morales,SMB,Healthcare,63345.18,0.0,train,1,0.993255294959401,99.33,1,Critical,62917.94,309
CUST-001359,Cortez-Olson,Mid-Market,Transportation,152182.52,0.0,train,1,0.9927598264207006,99.28,1,Critical,151080.69,310
CUST-002394,"Acevedo, Miller and Edwards",Strategic,Telecommunications,11983217.41,0.0,train,1,0.9926691417134805,99.27,1,Critical,11895370.14,311
CUST-000771,Armstrong and Sons,Mid-Market,Manufacturing,381027.89,0.0,train,1,0.9925464168094363,99.25,1,Critical,378187.87,312
CUST-000665,Mitchell and Sons,Enterprise,Healthcare,1134319.05,0.0,validation,1,0.9924100446912311,99.24,1,Critical,1125709.62,313
CUST-001628,Jones Ltd,SMB,Transportation,57139.49,0.0,test,1,0.9923398141924695,99.23,1,Critical,56701.79,314
CUST-002024,"Conway, Bauer and Martin",SMB,Energy,71129.85,0.0,train,1,0.9923081351628477,99.23,1,Critical,70582.73,315
CUST-001986,"Marshall, Schultz and Dalton",SMB,Healthcare,83222.36,0.0,train,1,0.9921595775498012,99.22,1,Critical,82569.86,316
CUST-001304,James-Short,Enterprise,Media,967174.34,0.0,train,1,0.9920100486644216,99.2,1,Critical,959446.66,317
CUST-000548,"Moore, Hopkins and Le",Mid-Market,Professional Services,165301.87,0.0,train,1,0.991955071284268,99.2,1,Critical,163972.03,318
CUST-001483,Brown Group,SMB,Insurance,29240.06,0.0,train,1,0.9917816795447573,99.18,1,Critical,28999.76,319
CUST-002273,Porter LLC,Mid-Market,Healthcare,176571.81,0.0,train,1,0.9917705424299527,99.18,1,Critical,175118.72,320
CUST-001459,"Holmes, Le and Floyd",SMB,Healthcare,56096.42,0.0,train,1,0.9916757217113427,99.17,1,Critical,55629.46,321
CUST-000913,Lewis-Livingston,SMB,Energy,68278.61,0.0,train,1,0.9915647463204259,99.16,1,Critical,67702.66,322
CUST-000293,Bright-Francis,SMB,Retail,49170.55,0.0,train,1,0.9915020632270247,99.15,1,Critical,48752.7,323
CUST-001310,Medina-Arroyo,Mid-Market,Healthcare,317190.07,0.0,validation,1,0.9913973944710228,99.14,1,Critical,314461.41,324
CUST-001396,"Avery, Garcia and Romero",SMB,Energy,24806.27,0.0,train,1,0.9913179392955349,99.13,1,Critical,24590.9,325
CUST-001509,White LLC,SMB,Healthcare,39422.85,0.0,train,1,0.9911906282844543,99.12,1,Critical,39075.56,326
CUST-000276,"Burns, Hernandez and Ryan",SMB,Energy,99830.35,0.0,train,1,0.9911582759145203,99.12,1,Critical,98947.68,327
CUST-002380,Romero and Sons,SMB,Professional Services,34180.42,0.0,train,1,0.9911530043367749,99.12,1,Critical,33878.03,328
CUST-001233,Tran Group,Enterprise,Telecommunications,2112596.48,0.0,train,1,0.9911027903557995,99.11,1,Critical,2093800.27,329
CUST-002088,Collins-Cox,Mid-Market,Banking,348304.53,0.0,train,1,0.9911007936190426,99.11,1,Critical,345204.9,330
CUST-000993,Gonzalez-Wilkerson,SMB,Energy,109419.35,0.0,test,1,0.9909067792578743,99.09,1,Critical,108424.38,331
CUST-001574,Pierce PLC,Mid-Market,Telecommunications,313990.74,0.0,train,1,0.9909019043857686,99.09,1,Critical,311134.02,332
CUST-000829,Allen Inc,SMB,Professional Services,43003.25,0.0,test,1,0.9907066700157585,99.07,1,Critical,42603.61,333
CUST-000192,"Wood, Hunter and Peterson",Mid-Market,Telecommunications,252219.43,0.0,train,1,0.9905675756305415,99.06,1,Critical,249840.39,334
CUST-002429,Thomas and Sons,Enterprise,Education,821243.61,0.0,train,1,0.9905220679512736,99.05,1,Critical,813459.92,335
CUST-001707,"Guerrero, Graves and Armstrong",Mid-Market,Professional Services,283915.34,0.0,train,1,0.9905139012581455,99.05,1,Critical,281222.09,336
CUST-002197,Clarke-Ramirez,Enterprise,Healthcare,1278926.25,0.0,train,1,0.9904424500484107,99.04,1,Critical,1266702.85,337
CUST-000904,Harris-Lawson,SMB,Banking,60833.79,0.0,train,1,0.9903854244793204,99.04,1,Critical,60248.9,338
CUST-002095,Smith Group,SMB,Media,49287.25,0.0,train,1,0.9903642958490697,99.04,1,Critical,48812.33,339
CUST-000473,Moody-Taylor,SMB,Manufacturing,54612.33,0.0,test,1,0.9903427144473107,99.03,1,Critical,54084.92,340
CUST-000697,Boone-Davis,Enterprise,Education,3120219.21,0.0,train,1,0.9903081294415966,99.03,1,Critical,3089978.45,341
CUST-002124,Neal-Madden,Mid-Market,Energy,217390.75,0.0,train,1,0.9902622738345406,99.03,1,Critical,215273.86,342
CUST-000862,Burns-Ray,SMB,Transportation,74818.83,0.0,test,1,0.990174049569557,99.02,1,Critical,74083.66,343
CUST-002015,"Buchanan, Tucker and Wade",SMB,Education,48753.18,0.0,train,1,0.9899900208895805,99.0,1,Critical,48265.16,344
CUST-001563,Hebert-Collier,Mid-Market,Insurance,453941.39,0.0,train,1,0.9899343322339521,98.99,1,Critical,449372.17,345
CUST-001106,Johnson-Williams,SMB,Retail,90983.05,0.0,train,1,0.9898607015617683,98.99,1,Critical,90060.55,346
CUST-001874,Erickson Inc,Enterprise,Banking,2039597.86,0.0,train,1,0.9896579035396768,98.97,1,Critical,2018504.14,347
CUST-001655,Hernandez-Lopez,Mid-Market,Professional Services,213298.57,0.0,train,1,0.9895238132875387,98.95,1,Critical,211064.01,348
CUST-000283,"Pollard, Simpson and Johnson",Mid-Market,Transportation,562042.58,0.0,train,1,0.9894606611568053,98.95,1,Critical,556119.02,349
CUST-001253,Vega-Thomas,Mid-Market,Media,278047.92,0.0,train,1,0.9892636220953905,98.93,1,Critical,275062.69,350
CUST-000722,Duran Group,Enterprise,Education,1289989.64,0.0,train,1,0.9892059894590436,98.92,1,Critical,1276065.48,351
CUST-002289,Fox PLC,Mid-Market,Manufacturing,251514.75,0.0,test,1,0.9890375141013886,98.9,1,Critical,248757.52,352
CUST-001696,Ellis Group,SMB,Telecommunications,73836.84,0.0,test,1,0.9890118820831199,98.9,1,Critical,73025.51,353
CUST-001818,Hanson-Gibson,SMB,Education,40008.17,0.0,train,1,0.9890019492797066,98.9,1,Critical,39568.16,354
CUST-000177,Curry Inc,Mid-Market,Professional Services,258439.22,0.0,train,1,0.9888959779478798,98.89,1,Critical,255569.51,355
CUST-001445,Bryant Inc,SMB,Banking,63270.07,0.0,validation,1,0.9887091467710446,98.87,1,Critical,62555.7,356
CUST-001234,"Webb, Romero and Morse",SMB,Professional Services,64602.63,0.0,train,1,0.9886974228921006,98.87,1,Critical,63872.45,357
CUST-001296,Andrews and Sons,SMB,Transportation,74620.21,0.0,train,1,0.9884635747467748,98.85,1,Critical,73759.36,358
CUST-001536,Barker-Moore,SMB,Manufacturing,62515.67,0.0,train,1,0.9882385888610884,98.82,1,Critical,61780.4,359
CUST-001245,"Hester, Thompson and Daniels",Mid-Market,Manufacturing,349691.88,0.0,test,1,0.9880895726000567,98.81,1,Critical,345526.9,360
CUST-001237,"Andrade, Gordon and Cruz",SMB,Transportation,53570.05,0.0,train,1,0.9877741778358207,98.78,1,Critical,52915.11,361
CUST-001421,Carrillo-Todd,SMB,Banking,67546.39,0.0,train,1,0.9876924350564957,98.77,1,Critical,66715.06,362
CUST-000399,"Brown, Harris and Dougherty",Mid-Market,Telecommunications,312868.99,0.0,train,1,0.9873352279729384,98.73,1,Critical,308906.58,363
CUST-000216,"Carlson, Hooper and Wall",Enterprise,Banking,1733541.81,0.0,train,1,0.9871270784605735,98.71,1,Critical,1711226.06,364
CUST-001418,"Jones, Phillips and Arroyo",Mid-Market,Transportation,505819.03,0.0,train,1,0.9871194184858172,98.71,1,Critical,499303.79,365
CUST-000398,"Estrada, Williams and Foster",SMB,Manufacturing,39302.77,0.0,train,1,0.9869412744590325,98.69,1,Critical,38789.53,366
CUST-000716,Levy-May,SMB,Insurance,121175.04,0.0,train,1,0.9868052622534627,98.68,1,Critical,119576.17,367
CUST-000074,"Stanley, Tucker and Lee",SMB,Technology,51684.67,0.0,train,1,0.9866466851626107,98.66,1,Critical,50994.51,368
CUST-001966,Clarke Ltd,SMB,Technology,61653.0,0.0,validation,1,0.9862983321823715,98.63,1,Critical,60808.25,369
CUST-000710,Edwards-Williams,Mid-Market,Insurance,308433.06,0.0,train,1,0.9861141208764782,98.61,1,Critical,304150.2,370
CUST-002249,Higgins Group,SMB,Technology,77063.57,0.0,train,1,0.9860984084439085,98.61,1,Critical,75992.26,371
CUST-000031,Burton Ltd,Mid-Market,Healthcare,376597.42,0.0,train,1,0.9859637719883853,98.6,1,Critical,371311.41,372
CUST-002392,"Norton, Cox and Johnson",Mid-Market,Banking,390940.66,0.0,train,1,0.9856732323736991,98.57,1,Critical,385339.74,373
CUST-001195,"Gregory, White and James",Mid-Market,Media,190218.84,0.0,validation,1,0.9851864859725272,98.52,1,Critical,187401.03,374
CUST-000603,"Becker, Lara and Baker",SMB,Technology,44538.44,0.0,train,1,0.9847062621784644,98.47,1,Critical,43857.28,375
CUST-001791,Parker Group,Mid-Market,Transportation,290960.29,0.0,test,1,0.9845430300613941,98.45,1,Critical,286462.93,376
CUST-001946,Brown LLC,SMB,Technology,133120.77,0.0,test,1,0.9842552525795153,98.43,1,Critical,131024.82,377
CUST-000835,Edwards Group,SMB,Professional Services,60418.39,0.0,test,1,0.984152785675862,98.42,1,Critical,59460.93,378
CUST-000218,Erickson and Sons,SMB,Professional Services,114468.64,0.0,train,1,0.9841466252223198,98.41,1,Critical,112653.93,379
CUST-001598,"Cunningham, Murphy and Wolfe",Enterprise,Education,1914838.95,0.0,validation,1,0.9830086521288576,98.3,1,Critical,1882303.26,380
CUST-000807,Guerra Ltd,SMB,Energy,69740.94,0.0,train,1,0.9828685784188018,98.29,1,Critical,68546.18,381
CUST-002238,Hayes-Russo,SMB,Media,44094.2,0.0,train,1,0.9823984866267872,98.24,1,Critical,43318.08,382
CUST-001241,"Tanner, Hunt and Cameron",Mid-Market,Healthcare,261751.98,0.0,train,1,0.9820972228026229,98.21,1,Critical,257065.89,383
CUST-001130,"White, Davis and Anderson",Mid-Market,Media,251283.48,0.0,validation,1,0.9814114834151124,98.14,1,Critical,246612.49,384
CUST-002251,Reeves and Sons,Mid-Market,Transportation,310581.53,0.0,train,1,0.9807419817136126,98.07,1,Critical,304600.35,385
CUST-001350,"Hudson, Bennett and Gray",Mid-Market,Technology,368923.57,0.0,validation,1,0.9804100206645652,98.04,1,Critical,361696.36,386
CUST-001978,"Mullins, Steele and Russell",Mid-Market,Energy,333174.13,0.0,train,1,0.9803635429572138,98.04,1,Critical,326631.77,387
CUST-002430,Dawson-Anderson,Mid-Market,Banking,328287.19,0.0,train,1,0.9796037781396525,97.96,1,Critical,321591.37,388
CUST-001066,"Johnson, Duncan and Black",Enterprise,Banking,2083382.16,0.0,train,1,0.9794875318768259,97.95,1,Critical,2040646.85,389
CUST-001873,"Shannon, Robinson and Greene",SMB,Professional Services,107130.72,0.0,train,1,0.9767524697536102,97.68,1,Critical,104640.2,390
CUST-000684,"Flores, Harper and Chambers",Enterprise,Energy,2168714.84,0.0,train,1,0.9751036956388814,97.51,1,Critical,2114721.86,391
CUST-001774,Callahan PLC,Mid-Market,Insurance,765173.38,0.0,train,1,0.974913779363704,97.49,1,Critical,745978.07,392
CUST-001370,Jackson-Jennings,Mid-Market,Energy,563752.32,0.0,train,1,0.9746289850230924,97.46,1,Critical,549449.35,393
CUST-001191,Marsh-Banks,Enterprise,Telecommunications,2062643.95,0.0,train,1,0.9732683924026068,97.33,1,Critical,2007506.16,394
CUST-000840,Miller Inc,Mid-Market,Technology,362473.59,0.0,validation,1,0.9723647401182419,97.24,1,Critical,352456.54,395
CUST-001006,Thompson PLC,Mid-Market,Professional Services,246522.39,0.0,validation,1,0.972208762165715,97.22,1,Critical,239671.23,396
CUST-001538,Parks LLC,Mid-Market,Education,435577.59,0.0,train,1,0.9709942723759076,97.1,1,Critical,422943.35,397
CUST-001779,Campbell LLC,Mid-Market,Professional Services,340456.62,0.0,validation,1,0.9681199989733336,96.81,1,Critical,329602.86,398
CUST-001434,Perez and Sons,Mid-Market,Retail,456220.57,0.0,train,1,0.9674703353656156,96.75,1,Critical,441379.87,399
CUST-000744,"Alvarez, Williams and Jones",Mid-Market,Retail,520564.75,0.0,train,1,0.9662018423439309,96.62,1,Critical,502970.62,400
CUST-000195,"Hernandez, Thompson and Boyd",Enterprise,Insurance,2322240.74,0.0,validation,1,0.9618660171217016,96.19,1,Critical,2233684.45,401
CUST-002182,Ray and Sons,Mid-Market,Education,373637.32,0.0,test,1,0.9593515256816155,95.94,1,Critical,358449.53,402
CUST-001738,Morgan Group,Mid-Market,Transportation,379419.65,0.0,validation,1,0.9484748733132372,94.85,1,Critical,359870.0,403
CUST-000838,"Wagner, Simpson and Cohen",Mid-Market,Healthcare,361451.3,0.0,train,1,0.9464504235396528,94.65,1,Critical,342095.74,404
CUST-001717,"Peck, Andersen and Mitchell",Mid-Market,Media,450911.4,0.0,train,1,0.9405202408073225,94.05,1,Critical,424091.3,405
CUST-001034,"Barnes, Jackson and Gutierrez",Mid-Market,Manufacturing,492420.5,0.0,train,1,0.9382668587260248,93.83,1,Critical,462021.84,406
CUST-001921,"Jackson, Garza and Meyers",Mid-Market,Healthcare,400178.25,0.0,test,1,0.925890423381926,92.59,1,Critical,370521.21,407
CUST-000631,Small-Anderson,Mid-Market,Manufacturing,525469.9,0.0,test,1,0.9211281655828367,92.11,1,Critical,484025.13,408
CUST-000076,"Daniels, Adkins and Brown",Mid-Market,Education,493472.91,0.0,validation,1,0.9198413577432548,91.98,1,Critical,453916.79,409
CUST-001629,Alvarado-Durham,Mid-Market,Insurance,546397.14,0.0,validation,1,0.9187723218562355,91.88,1,Critical,502014.57,410
CUST-000998,Nelson-Johnson,Enterprise,Telecommunications,2984717.54,0.0,train,1,0.917209288011542,91.72,1,Critical,2737610.65,411
CUST-001399,Brock and Sons,Enterprise,Retail,3943323.38,0.0,validation,1,0.9079638304854404,90.8,1,Critical,3580395.0,412
CUST-002243,Smith Inc,Mid-Market,Insurance,240771.65,31658.79,validation,0,0.0678306677116277,6.78,0,Low,16331.7,413
CUST-000800,Sheppard-Jordan,SMB,Healthcare,59668.24,7493.13,train,0,0.06634470306769832,6.63,0,Low,3958.67,414
CUST-001435,"Kelly, Maxwell and Wilson",SMB,Telecommunications,57310.46,15703.38,test,0,0.0623197541043658,6.23,0,Low,3571.57,415
CUST-001565,"Paul, Zamora and Short",SMB,Healthcare,42549.45,11002.3,test,0,0.05523964307932299,5.52,0,Low,2350.42,416
CUST-002037,Mccullough-Taylor,Enterprise,Professional Services,1549172.5,121687.77,train,0,0.053742607269709086,5.37,0,Low,83256.57,417
CUST-001599,Williams Ltd,SMB,Healthcare,71602.49,7103.24,train,0,0.05302089480194425,5.3,0,Low,3796.43,418
CUST-001676,Wilkerson-Ayala,SMB,Energy,46774.82,13272.02,test,0,0.05258737075585169,5.26,0,Low,2459.76,419
CUST-000933,"Craig, Wilson and Yang",SMB,Transportation,76235.81,7201.93,train,0,0.05173029633624168,5.17,0,Low,3943.7,420
CUST-001229,"Morgan, Sherman and Williams",SMB,Professional Services,50780.4,18431.3,test,0,0.05074894298449439,5.07,0,Low,2577.05,421
CUST-000911,Best-Townsend,SMB,Transportation,37554.91,8597.16,train,0,0.0503437484488495,5.03,0,Low,1890.65,422
CUST-001238,"Moon, Farmer and Hill",Mid-Market,Insurance,295502.79,49914.47,train,0,0.04936447689496929,4.94,0,Low,14587.34,423
CUST-001594,Hobbs-Hamilton,SMB,Energy,49387.43,16398.32,validation,0,0.049354790320511085,4.94,0,Low,2437.51,424
CUST-000574,Williams-Williams,SMB,Banking,52030.54,20559.56,train,0,0.04857303425639724,4.86,0,Low,2527.28,425
CUST-000690,"Flores, Butler and Hernandez",SMB,Retail,46737.79,20501.65,train,0,0.048291895197359574,4.83,0,Low,2257.06,426
CUST-000590,"Patton, Parsons and Lane",Mid-Market,Retail,429022.25,89027.05,train,0,0.047843735754115636,4.78,0,Low,20526.03,427
CUST-001075,Arnold-Gates,Mid-Market,Transportation,577217.92,51005.56,train,0,0.04781587320587191,4.78,0,Low,27600.18,428
CUST-002274,"Ward, Jordan and Orr",Mid-Market,Insurance,220016.53,60197.46,test,0,0.04759162018628796,4.76,0,Low,10470.94,429
CUST-001631,"Hughes, Whitney and Romero",SMB,Banking,77517.73,7863.21,train,0,0.047540142245550664,4.75,0,Low,3685.2,430
CUST-001713,Neal LLC,SMB,Transportation,55425.74,12126.25,validation,0,0.04745856432497019,4.75,0,Low,2630.43,431
CUST-000816,Lopez Ltd,SMB,Retail,66930.7,11591.58,train,0,0.04733020745924247,4.73,0,Low,3167.84,432
CUST-001092,"Davis, Alexander and Mcintyre",Mid-Market,Manufacturing,315806.72,94578.7,train,0,0.04714189217549949,4.71,0,Low,14887.73,433
CUST-001979,Anderson LLC,SMB,Retail,67248.37,18942.54,test,0,0.04712079089328715,4.71,0,Low,3168.8,434
CUST-001566,"Brown, Jensen and Rice",Mid-Market,Retail,296754.98,63128.48,train,0,0.04702325093522002,4.7,0,Low,13954.38,435
CUST-002322,Palmer PLC,Mid-Market,Manufacturing,589482.44,94346.79,train,0,0.046718916875525894,4.67,0,Low,27539.98,436
CUST-000912,Matthews Inc,Enterprise,Energy,1550382.66,183992.98,validation,0,0.04671154480627502,4.67,0,Low,72420.77,437
CUST-000244,Lyons-Bender,SMB,Education,46990.61,19374.23,train,0,0.0466884388830809,4.67,0,Low,2193.92,438
CUST-000178,Walker-Jones,SMB,Banking,77136.78,16865.98,train,0,0.046352603795657275,4.64,0,Low,3575.49,439
CUST-001209,Rivera LLC,SMB,Media,87635.3,14084.8,train,0,0.046290504345221854,4.63,0,Low,4056.68,440
CUST-001393,Hinton-Lane,Mid-Market,Media,413744.05,30500.77,train,0,0.046165944049404925,4.62,0,Low,19100.88,441
CUST-001778,Rodriguez-Mendoza,Enterprise,Insurance,1728758.66,174568.87,test,0,0.046063559924669414,4.61,0,Low,79632.78,442
CUST-000917,Miller-Mccall,SMB,Education,48896.43,16368.68,validation,0,0.04590174309548217,4.59,0,Low,2244.43,443
CUST-001708,"Thompson, Gibson and Riley",SMB,Retail,99162.55,16594.67,validation,0,0.04561057003031781,4.56,0,Low,4522.86,444
CUST-001381,Bell-Ballard,Enterprise,Healthcare,1252024.21,249122.67,validation,0,0.04540854381740088,4.54,0,Low,56852.6,445
CUST-000547,"Ferguson, Shaw and Jackson",Enterprise,Transportation,941132.55,157359.86,train,0,0.045356229664192275,4.54,0,Low,42686.22,446
CUST-002208,Murphy-Silva,SMB,Telecommunications,45777.8,10283.05,test,0,0.045118472928425704,4.51,0,Low,2065.42,447
CUST-000004,Davis and Sons,Mid-Market,Professional Services,289523.18,65341.65,train,0,0.04495560034596827,4.5,0,Low,13015.69,448
CUST-001161,Clark Inc,Enterprise,Transportation,2126514.72,165191.82,train,0,0.04492197297469823,4.49,0,Low,95527.24,449
CUST-002256,Johnson LLC,SMB,Professional Services,51942.22,12657.73,test,0,0.04475358625138207,4.48,0,Low,2324.6,450
CUST-001693,"Mack, Griffin and Sims",Mid-Market,Transportation,230190.68,87355.43,test,0,0.04438102264467009,4.44,0,Low,10216.1,451
CUST-000071,Gray Group,SMB,Energy,55787.02,12105.23,train,0,0.04420043709822281,4.42,0,Low,2465.81,452
CUST-001698,Chapman Group,SMB,Media,93292.88,14460.4,train,0,0.04393456238729164,4.39,0,Low,4098.78,453
CUST-001048,Williams PLC,SMB,Education,53340.31,13599.51,train,0,0.04370766679142292,4.37,0,Low,2331.38,454
CUST-000781,"Harris, Edwards and Oconnell",SMB,Media,80460.91,16785.83,train,0,0.043399134714397616,4.34,0,Low,3491.93,455
CUST-001703,Thomas Inc,Enterprise,Media,3572767.4,148452.95,train,0,0.04327460477929017,4.33,0,Low,154610.1,456
CUST-001715,"Clark, Brown and Duncan",Mid-Market,Telecommunications,278366.13,44505.49,train,0,0.042997205727207,4.3,0,Low,11968.97,457
CUST-001004,Gallagher and Sons,SMB,Professional Services,38717.16,11089.26,validation,0,0.042661061502204514,4.27,0,Low,1651.72,458
CUST-000204,"Beard, Peters and Black",SMB,Manufacturing,38572.04,16870.49,train,0,0.04229040700839461,4.23,0,Low,1631.23,459
CUST-000153,Manning Group,Mid-Market,Manufacturing,293718.53,47099.75,train,0,0.0420637808490895,4.21,0,Low,12354.91,460
CUST-001499,Cooper Group,SMB,Transportation,54359.99,13699.38,train,0,0.042033779516597786,4.2,0,Low,2284.96,461
CUST-000964,Taylor PLC,SMB,Telecommunications,67566.89,13582.9,test,0,0.042014403319363104,4.2,0,Low,2838.78,462
CUST-002064,White-Knox,Strategic,Insurance,11108495.39,494920.9,validation,0,0.0413778115537559,4.14,0,Low,459645.23,463
CUST-001281,"Austin, Oliver and Haley",SMB,Professional Services,50805.12,13477.14,validation,0,0.041376340629663125,4.14,0,Low,2102.13,464
CUST-001624,"Webb, Blair and Thomas",Mid-Market,Telecommunications,243971.92,68962.8,train,0,0.04130515989842805,4.13,0,Low,10077.3,465
CUST-001867,"Kaiser, Edwards and Smith",Mid-Market,Retail,217664.8,69460.32,train,0,0.04112184386082919,4.11,0,Low,8950.78,466
CUST-002080,Watson-Washington,Mid-Market,Banking,502901.42,88341.69,train,0,0.040667216362687476,4.07,0,Low,20451.6,467
CUST-000447,"Henderson, Cox and Cox",Mid-Market,Healthcare,443519.62,64455.5,train,0,0.04061507819132037,4.06,0,Low,18013.58,468
CUST-001489,Johnson Ltd,SMB,Professional Services,58043.14,9881.76,test,0,0.04029020999279358,4.03,0,Low,2338.57,469
CUST-002192,Wilson and Sons,SMB,Education,86143.96,13174.58,test,0,0.04014011355016347,4.01,0,Low,3457.83,470
CUST-000404,Jones-Hensley,Mid-Market,Transportation,258699.15,58352.58,train,0,0.04005229454918346,4.01,0,Low,10361.49,471
CUST-000805,"Hernandez, Cuevas and Webb",SMB,Media,79970.81,19616.99,train,0,0.04001841883075096,4.0,0,Low,3200.31,472
CUST-000068,Novak and Sons,Enterprise,Healthcare,1514590.96,216581.41,train,0,0.03952066731860734,3.95,0,Low,59857.65,473
CUST-001208,Walton LLC,Mid-Market,Transportation,459306.72,50658.28,test,0,0.039408465045384845,3.94,0,Low,18100.57,474
CUST-002291,Tate Ltd,Enterprise,Banking,560204.73,156583.21,train,0,0.039407596930044246,3.94,0,Low,22076.32,475
CUST-001103,Thompson-Harrell,Mid-Market,Technology,307170.18,40079.57,train,0,0.039195265359426336,3.92,0,Low,12039.62,476
CUST-000388,Davis PLC,Mid-Market,Education,388412.91,46356.36,train,0,0.038765028467472616,3.88,0,Low,15056.84,477
CUST-000893,Jones PLC,Enterprise,Professional Services,2291337.5,163898.04,train,0,0.03862837749294743,3.86,0,Low,88510.65,478
CUST-000626,Osborn Group,Mid-Market,Insurance,686054.38,93595.87,train,0,0.03862006800533922,3.86,0,Low,26495.47,479
CUST-000391,Frank-Bradley,SMB,Manufacturing,52757.44,15243.35,train,0,0.038440598205327234,3.84,0,Low,2028.03,480
CUST-000009,Garcia-James,Mid-Market,Healthcare,475251.02,74452.28,train,0,0.038429946882592714,3.84,0,Low,18263.87,481
CUST-002439,Zuniga LLC,Enterprise,Education,644394.87,129799.72,train,0,0.03813876954314216,3.81,0,Low,24576.43,482
CUST-001168,Wells-Hernandez,SMB,Banking,45774.63,11978.11,train,0,0.03811296111581088,3.81,0,Low,1744.61,483
CUST-001889,Baldwin-Garcia,Mid-Market,Professional Services,230165.05,31941.28,train,0,0.03808134394615454,3.81,0,Low,8764.99,484
CUST-002275,Austin-Juarez,SMB,Banking,76736.57,7664.2,validation,0,0.038077813029981825,3.81,0,Low,2921.96,485
CUST-001721,"Hall, Roberts and Lee",Mid-Market,Healthcare,600789.52,79533.3,train,0,0.03804906411497372,3.8,0,Low,22859.48,486
CUST-001584,Foley Inc,Mid-Market,Banking,556432.11,49407.21,train,0,0.03795021638534828,3.8,0,Low,21116.72,487
CUST-000522,Holmes-Mcintyre,SMB,Retail,52005.92,11648.54,train,0,0.03785298083901592,3.79,0,Low,1968.58,488
CUST-002487,"Pittman, Campbell and Martin",SMB,Manufacturing,86539.2,20852.06,train,0,0.037847075035207296,3.78,0,Low,3275.26,489
CUST-001196,Carr-Huffman,Mid-Market,Healthcare,537877.7,86599.05,train,0,0.037804260818031114,3.78,0,Low,20334.07,490
CUST-002341,Clark Ltd,SMB,Professional Services,43747.09,11719.9,test,0,0.037742229507360996,3.77,0,Low,1651.11,491
CUST-000059,Lee-Davis,SMB,Telecommunications,46487.66,7863.27,train,0,0.03747761185821853,3.75,0,Low,1742.25,492
CUST-000737,"Frey, Santos and Johnson",SMB,Insurance,40866.97,11984.32,train,0,0.037462630504590734,3.75,0,Low,1530.98,493
CUST-001391,"Sanders, Harris and Arnold",SMB,Transportation,51234.0,9324.33,train,0,0.037414801488865786,3.74,0,Low,1916.91,494
CUST-000322,Brock-Mcdonald,SMB,Healthcare,72785.52,14174.53,validation,0,0.03737172702554114,3.74,0,Low,2720.12,495
CUST-000857,"Adams, Hodge and Duke",Mid-Market,Insurance,489952.44,61311.55,train,0,0.03732384105593448,3.73,0,Low,18286.91,496
CUST-002081,Mccall-Martin,SMB,Insurance,51301.9,8278.41,train,0,0.03709950818172546,3.71,0,Low,1903.28,497
CUST-001118,"Lynch, Evans and Rodriguez",Mid-Market,Retail,221472.34,47924.75,train,0,0.03708109932099365,3.71,0,Low,8212.44,498
CUST-001508,"Patel, Adams and Lopez",SMB,Media,48997.37,6779.29,train,0,0.036962136882451084,3.7,0,Low,1811.05,499
CUST-001267,Lopez and Sons,Mid-Market,Telecommunications,490243.09,52623.39,train,0,0.036878477613889696,3.69,0,Low,18079.42,500
CUST-000122,Johnson-Carlson,Mid-Market,Technology,250108.56,80487.22,train,0,0.03679896119922965,3.68,0,Low,9203.74,501
CUST-000039,Harrell LLC,Mid-Market,Healthcare,602183.94,43119.17,train,0,0.03676144763963186,3.68,0,Low,22137.15,502
CUST-000431,"Huang, Cole and Pacheco",Enterprise,Telecommunications,1458385.56,216188.52,train,0,0.03666698539652607,3.67,0,Low,53474.6,503
CUST-001852,"Jackson, Lane and Wilkinson",SMB,Insurance,54613.89,17566.83,train,0,0.03657446276174604,3.66,0,Low,1997.47,504
CUST-001181,"Jones, Cummings and Conway",Mid-Market,Energy,254706.93,50506.75,train,0,0.03638771086493618,3.64,0,Low,9268.2,505
CUST-002014,"Newman, Jenkins and Cooper",SMB,Healthcare,109757.73,15382.58,test,0,0.036371134311692775,3.64,0,Low,3992.01,506
CUST-002109,Richardson-Lawrence,SMB,Professional Services,65604.88,11548.21,test,0,0.03630337717101409,3.63,0,Low,2381.68,507
CUST-000010,Abbott-Munoz,Mid-Market,Education,697151.79,36525.15,train,0,0.03582743606097042,3.58,0,Low,24977.16,508
CUST-000606,Bush-Vaughn,Mid-Market,Manufacturing,441357.85,42934.76,train,0,0.03558025674353379,3.56,0,Low,15703.63,509
CUST-000726,Williamson Ltd,SMB,Manufacturing,65253.77,9524.39,validation,0,0.03531291578200488,3.53,0,Low,2304.3,510
CUST-002404,"Ramos, Reed and Cain",Mid-Market,Energy,230101.98,87985.36,train,0,0.03522052073021273,3.52,0,Low,8104.31,511
CUST-000837,Lee Group,SMB,Retail,84656.78,16937.56,train,0,0.035159422795754805,3.52,0,Low,2976.48,512
CUST-000774,Fisher-Washington,SMB,Banking,41888.04,10412.81,train,0,0.03512540859537129,3.51,0,Low,1471.33,513
CUST-002383,"Harrell, Moore and Cox",SMB,Telecommunications,74080.21,10085.56,train,0,0.03507275977860155,3.51,0,Low,2598.2,514
CUST-000093,"Garcia, Humphrey and Baker",Mid-Market,Healthcare,335135.75,35033.61,train,0,0.03504153827554188,3.5,0,Low,11743.67,515
CUST-001121,"Evans, Hernandez and Cannon",SMB,Insurance,99496.95,9020.8,train,0,0.035004763075416064,3.5,0,Low,3482.87,516
CUST-002198,"Thompson, Phelps and Stuart",SMB,Retail,71975.14,8038.7,train,0,0.034940580430590513,3.49,0,Low,2514.85,517
CUST-001322,"Hernandez, Knight and Aguirre",Enterprise,Manufacturing,2172692.53,221820.9,train,0,0.034821047753645244,3.48,0,Low,75655.43,518
CUST-002373,"Perez, Hoffman and Tucker",Mid-Market,Insurance,331106.36,112344.68,train,0,0.03460836850958103,3.46,0,Low,11459.05,519
CUST-002308,Martinez Group,SMB,Manufacturing,99132.6,18942.12,validation,0,0.034588322024616466,3.46,0,Low,3428.83,520
CUST-002156,"Peterson, Davis and Reed",SMB,Transportation,58091.77,14474.48,validation,0,0.03428230530260609,3.43,0,Low,1991.52,521
CUST-001315,"Phelps, York and Randolph",Mid-Market,Retail,505734.82,84010.94,train,0,0.034279970447127335,3.43,0,Low,17336.57,522
CUST-000301,"Thomas, Murray and King",SMB,Healthcare,47753.48,8613.67,validation,0,0.03422458138075245,3.42,0,Low,1634.34,523
CUST-001748,Peterson Group,SMB,Insurance,100580.92,19802.51,train,0,0.03417431645165162,3.42,0,Low,3437.28,524
CUST-000910,"Fisher, Payne and Thompson",Mid-Market,Energy,405522.7,72403.8,train,0,0.03416408744328098,3.42,0,Low,13854.31,525
CUST-002379,"Casey, Meza and Colon",Mid-Market,Technology,377051.14,83206.43,train,0,0.03402160682273115,3.4,0,Low,12827.89,526
CUST-001616,Gonzalez LLC,SMB,Healthcare,95231.15,11151.67,test,0,0.03398477027484706,3.4,0,Low,3236.41,527
CUST-000253,Bailey-Cook,SMB,Media,42247.84,9658.82,train,0,0.03383297879251541,3.38,0,Low,1429.37,528
CUST-000549,"Morgan, Bradshaw and Williams",Mid-Market,Energy,128453.79,30436.16,train,0,0.03372345338616666,3.37,0,Low,4331.91,529
CUST-001706,Martin LLC,SMB,Retail,84017.34,13961.51,train,0,0.03369017226146554,3.37,0,Low,2830.56,530
CUST-000193,Short-Garcia,SMB,Transportation,59565.87,18309.5,train,0,0.033519959944035886,3.35,0,Low,1996.65,531
CUST-001072,Flowers LLC,Mid-Market,Professional Services,349574.57,33024.79,test,0,0.03343160835381922,3.34,0,Low,11686.84,532
CUST-001879,"Mayer, Fowler and Livingston",Mid-Market,Transportation,536941.51,83543.52,train,0,0.033399991306990444,3.34,0,Low,17933.84,533
CUST-001971,"Patterson, Salas and Wright",SMB,Technology,71165.49,9491.8,test,0,0.03339361328365154,3.34,0,Low,2376.47,534
CUST-001611,Powers Group,Mid-Market,Telecommunications,684644.25,78223.34,train,0,0.03336318973585475,3.34,0,Low,22841.92,535
CUST-002078,Davis-Carpenter,Mid-Market,Healthcare,365421.01,53365.34,test,0,0.03333069046524077,3.33,0,Low,12179.73,536
CUST-002005,Lopez Group,SMB,Banking,43707.49,16088.28,validation,0,0.03317403878111258,3.32,0,Low,1449.95,537
CUST-001858,Roberts Group,Mid-Market,Energy,263127.13,31866.6,train,0,0.03317165037450109,3.32,0,Low,8728.36,538
CUST-002352,Freeman Group,SMB,Insurance,60442.46,14391.19,train,0,0.03291423526971053,3.29,0,Low,1989.42,539
CUST-000379,Moore Group,SMB,Technology,89543.51,19647.99,validation,0,0.0328195182808445,3.28,0,Low,2938.77,540
CUST-001560,"Burns, Hanson and Garza",SMB,Insurance,52865.11,16919.05,train,0,0.03272956660897782,3.27,0,Low,1730.25,541
CUST-001814,"Smith, Griffith and Tucker",SMB,Banking,54863.71,14382.06,train,0,0.03266234439918262,3.27,0,Low,1791.98,542
CUST-002330,"Cole, Morton and Peterson",SMB,Banking,65694.02,14175.71,train,0,0.03252260112490655,3.25,0,Low,2136.54,543
CUST-001358,"Love, Wilson and Hall",SMB,Technology,59556.89,14812.88,train,0,0.032503606629581745,3.25,0,Low,1935.81,544
CUST-001919,Jackson Inc,SMB,Technology,48490.91,17840.12,validation,0,0.03247389618526103,3.25,0,Low,1574.69,545
CUST-000543,Torres and Sons,Mid-Market,Professional Services,243232.78,47025.44,train,0,0.032461187442932055,3.25,0,Low,7895.62,546
CUST-001264,"Mckinney, Richardson and Chapman",SMB,Banking,51483.65,7434.42,train,0,0.032366288231336075,3.24,0,Low,1666.33,547
CUST-000345,"Harper, Smith and Buchanan",SMB,Education,114191.26,22358.19,train,0,0.03231460987332612,3.23,0,Low,3690.05,548
CUST-001549,Weaver-Gibson,SMB,Retail,89066.38,6916.1,train,0,0.03230417781490891,3.23,0,Low,2877.22,549
CUST-000221,Garcia-Smith,Mid-Market,Media,312168.39,57055.54,train,0,0.03229040401805088,3.23,0,Low,10080.04,550
CUST-001651,"Fry, Wilson and Stewart",Mid-Market,Telecommunications,203098.76,33940.31,train,0,0.032041808289691665,3.2,0,Low,6507.65,551
CUST-000214,"Tapia, Vaughn and Lee",Mid-Market,Professional Services,404956.08,80739.62,train,0,0.03186770231876308,3.19,0,Low,12905.02,552
CUST-000997,Durham-Shaw,Mid-Market,Education,342057.57,45741.81,train,0,0.03180700078403467,3.18,0,Low,10879.83,553
CUST-001185,"Edwards, Rodgers and Davis",Mid-Market,Energy,378078.43,47025.57,train,0,0.03177834628160903,3.18,0,Low,12014.71,554
CUST-001200,Smith-Oneill,SMB,Manufacturing,50420.55,17739.3,train,0,0.03167477238679523,3.17,0,Low,1597.06,555
CUST-000836,"Brown, Howard and Smith",SMB,Banking,71768.26,7496.9,validation,0,0.0316011481078171,3.16,0,Low,2267.96,556
CUST-000605,"Evans, David and Hendrix",Mid-Market,Education,265537.56,75915.7,train,0,0.03159088937654299,3.16,0,Low,8388.57,557
CUST-000881,Watson Ltd,SMB,Energy,71819.71,12563.7,train,0,0.03156515292523073,3.16,0,Low,2267.0,558
CUST-001095,Jones Ltd,SMB,Manufacturing,76970.9,8989.64,train,0,0.03139634017675091,3.14,0,Low,2416.6,559
CUST-000461,Strickland-Shaw,SMB,Telecommunications,96469.3,11116.53,train,0,0.03137603599537964,3.14,0,Low,3026.82,560
CUST-000319,Buchanan LLC,Mid-Market,Telecommunications,424684.11,87085.63,validation,0,0.0312507832350396,3.13,0,Low,13271.71,561
CUST-001227,Lopez Group,SMB,Media,84062.55,14138.48,train,0,0.031201867715635694,3.12,0,Low,2622.91,562
CUST-002478,Torres Group,SMB,Professional Services,98504.36,14378.44,train,0,0.031147846742656134,3.11,0,Low,3068.2,563
CUST-000822,Diaz and Sons,Mid-Market,Insurance,426838.05,31082.07,train,0,0.030838322650389702,3.08,0,Low,13162.97,564
CUST-001307,"Phillips, Walters and Evans",Mid-Market,Energy,578987.89,105758.02,train,0,0.030745580072220714,3.07,0,Low,17801.32,565
CUST-001632,"Garcia, Stewart and Delacruz",SMB,Manufacturing,35134.42,8683.3,validation,0,0.0306406752710837,3.06,0,Low,1076.54,566
CUST-000947,Vargas-Snyder,SMB,Energy,89053.2,17344.28,train,0,0.03050968425655857,3.05,0,Low,2716.99,567
CUST-002107,Beltran Inc,Mid-Market,Transportation,376285.63,73178.7,test,0,0.030418306018047365,3.04,0,Low,11445.97,568
CUST-000465,"Rosales, Mitchell and Hines",Mid-Market,Transportation,495785.46,34073.95,train,0,0.030395352544811335,3.04,0,Low,15069.57,569
CUST-000060,Gomez-Jenkins,SMB,Manufacturing,45156.59,20759.57,train,0,0.030321499498101933,3.03,0,Low,1369.22,570
CUST-001414,"Herman, Bailey and Richmond",SMB,Media,119278.89,15765.8,train,0,0.03025998320818912,3.03,0,Low,3609.38,571
CUST-002134,Fuller and Sons,SMB,Media,45765.62,8825.84,train,0,0.030259462198710063,3.03,0,Low,1384.84,572
CUST-002097,"Palmer, Brown and Wilson",Mid-Market,Banking,566897.14,48181.38,train,0,0.03019742420665388,3.02,0,Low,17118.83,573
CUST-001270,Rivera Ltd,Mid-Market,Healthcare,634646.31,77606.45,train,0,0.030092923497698564,3.01,0,Low,19098.36,574
CUST-000633,Simon Ltd,SMB,Professional Services,81902.2,9074.36,train,0,0.03009169322956353,3.01,0,Low,2464.58,575
CUST-002089,Preston-Harper,Enterprise,Insurance,1745071.65,275476.53,train,0,0.030050006433451463,3.01,0,Low,52439.41,576
CUST-001937,Bishop Inc,Mid-Market,Manufacturing,260690.0,45729.88,validation,0,0.029946918612651845,2.99,0,Low,7806.86,577
CUST-001856,"Hall, Vega and Price",SMB,Healthcare,109233.42,9987.05,validation,0,0.029931941408015122,2.99,0,Low,3269.57,578
CUST-001308,"Wong, Bernard and Smith",SMB,Banking,99940.86,18732.64,train,0,0.029835531222326923,2.98,0,Low,2981.79,579
CUST-002441,Smith-Kelley,Mid-Market,Telecommunications,584424.56,56209.15,train,0,0.029802059647134678,2.98,0,Low,17417.06,580
CUST-001177,Kelley and Sons,SMB,Transportation,89583.87,16559.23,train,0,0.02964449414790872,2.96,0,Low,2655.67,581
CUST-001057,Lopez-Williams,SMB,Retail,47867.75,20704.07,train,0,0.029569884215606624,2.96,0,Low,1415.44,582
CUST-001356,Martin-Jones,SMB,Insurance,67945.98,13761.47,train,0,0.02947352982736757,2.95,0,Low,2002.61,583
CUST-001293,"Parks, Johnson and Love",Mid-Market,Retail,544285.39,82099.77,train,0,0.029465771115125054,2.95,0,Low,16037.79,584
CUST-002471,Williams and Sons,Mid-Market,Manufacturing,646805.05,61664.62,train,0,0.029362675305828183,2.94,0,Low,18991.93,585
CUST-001623,Payne LLC,SMB,Professional Services,77268.54,13808.43,test,0,0.029297324931509917,2.93,0,Low,2263.76,586
CUST-002385,Montes-Hammond,Enterprise,Media,2339617.99,138377.13,train,0,0.029245205059992143,2.92,0,Low,68422.61,587
CUST-001190,Nelson-Cruz,Enterprise,Professional Services,1319538.11,187368.47,train,0,0.02918258238581693,2.92,0,Low,38507.53,588
CUST-002493,"Chavez, Sanchez and Bird",Mid-Market,Healthcare,522439.75,70653.72,validation,0,0.02915821827331333,2.92,0,Low,15233.41,589
CUST-001925,"Gardner, Morris and Oconnell",Mid-Market,Insurance,665663.74,42037.58,test,0,0.029134227322197552,2.91,0,Low,19393.6,590
CUST-002362,"Mcdonald, Ware and Sharp",Mid-Market,Technology,429669.48,95861.97,validation,0,0.029099293224450755,2.91,0,Low,12503.08,591
CUST-002258,Aguilar-Holland,SMB,Transportation,36775.97,15350.21,train,0,0.029093072955042036,2.91,0,Low,1069.93,592
CUST-002135,Garcia Inc,SMB,Technology,66114.05,16890.85,train,0,0.028974775064344073,2.9,0,Low,1915.64,593
CUST-001646,"Anderson, Delgado and Carpenter",Mid-Market,Manufacturing,479479.95,51539.65,train,0,0.02888208782872595,2.89,0,Low,13848.38,594
CUST-001531,"Evans, Ward and Williams",SMB,Transportation,62698.44,15254.11,train,0,0.028872268491109875,2.89,0,Low,1810.25,595
CUST-001054,Ruiz-Jacobson,Mid-Market,Technology,695044.95,96031.53,train,0,0.02876279265157151,2.88,0,Low,19991.43,596
CUST-002178,"Brock, Reynolds and Fernandez",Enterprise,Professional Services,787929.49,189297.38,test,0,0.02869908894269789,2.87,0,Low,22612.86,597
CUST-000491,"Fuller, Ingram and Moss",Enterprise,Insurance,950531.49,181206.39,validation,0,0.028682227915396815,2.87,0,Low,27263.36,598
CUST-001465,Cooper-Jenkins,SMB,Media,48305.31,11248.35,train,0,0.028617486726470142,2.86,0,Low,1382.38,599
CUST-000255,Roberts-Landry,Mid-Market,Insurance,381842.19,76439.67,train,0,0.028503733053670228,2.85,0,Low,10883.93,600
CUST-002387,Mitchell-Jackson,Mid-Market,Insurance,465948.04,55798.68,train,0,0.028420224342297733,2.84,0,Low,13242.35,601
CUST-000205,Miller Ltd,Mid-Market,Transportation,682439.76,82159.05,train,0,0.028386766077697863,2.84,0,Low,19372.26,602
CUST-000624,"Rodgers, Jefferson and Johnson",Enterprise,Media,1274011.71,131811.89,validation,0,0.02824328935485035,2.82,0,Low,35982.28,603
CUST-001290,Hancock Group,Mid-Market,Technology,307475.36,60012.49,train,0,0.02823332213158192,2.82,0,Low,8681.05,604
CUST-000924,"Yang, Wilson and Zimmerman",Mid-Market,Healthcare,441280.04,63826.12,test,0,0.02817959492590101,2.82,0,Low,12435.09,605
CUST-000961,Green-Edwards,Mid-Market,Energy,246143.88,64985.85,train,0,0.028101095029304683,2.81,0,Low,6916.91,606
CUST-001670,"Crosby, Armstrong and Herrera",Mid-Market,Education,288236.07,78479.38,train,0,0.028070009068522965,2.81,0,Low,8090.79,607
CUST-002270,Gordon LLC,Mid-Market,Technology,247012.27,78709.98,train,0,0.028037762848017744,2.8,0,Low,6925.67,608
CUST-001909,Burns Inc,SMB,Professional Services,59404.99,8925.81,train,0,0.02795189495955317,2.8,0,Low,1660.48,609
CUST-002039,Griffin Inc,Strategic,Insurance,8836453.07,756293.01,train,0,0.02783579865488243,2.78,0,Low,245969.73,610
CUST-000698,"Calderon, Williams and Bennett",Enterprise,Healthcare,2117830.96,289454.37,validation,0,0.027823939603719667,2.78,0,Low,58926.4,611
CUST-000583,Martin-Ewing,SMB,Transportation,73617.39,16142.85,train,0,0.027804285441663322,2.78,0,Low,2046.88,612
CUST-000715,"Pena, Cohen and Scott",Enterprise,Energy,2606190.5,222738.48,train,0,0.027686586632831713,2.77,0,Low,72156.52,613
CUST-001634,"House, Smith and Wright",Enterprise,Healthcare,1747719.84,266374.98,validation,0,0.02767515600769078,2.77,0,Low,48368.42,614
CUST-000845,Adams PLC,Mid-Market,Professional Services,618814.23,89316.97,train,0,0.02766805759312411,2.77,0,Low,17121.39,615
CUST-000454,White Ltd,SMB,Media,68885.91,13598.18,train,0,0.027499636035210107,2.75,0,Low,1894.34,616
CUST-000413,"Miller, Harrell and Reese",SMB,Insurance,74333.17,20465.35,validation,0,0.027497545793336617,2.75,0,Low,2043.98,617
CUST-001464,"Cook, Ward and Castro",SMB,Technology,50102.95,15443.2,train,0,0.027491283632526873,2.75,0,Low,1377.39,618
CUST-000536,Parker Ltd,SMB,Professional Services,92680.9,13897.1,train,0,0.02746232052206794,2.75,0,Low,2545.23,619
CUST-002292,Clay Inc,Mid-Market,Professional Services,307502.99,53518.19,train,0,0.027426155225554763,2.74,0,Low,8433.62,620
CUST-000460,"Valentine, Joyce and Murray",Mid-Market,Healthcare,287019.63,90361.19,test,0,0.027198735196993243,2.72,0,Low,7806.57,621
CUST-002231,Hunter-Bell,Mid-Market,Transportation,343022.21,69540.1,train,0,0.02716493255014591,2.72,0,Low,9318.18,622
CUST-000791,"Porter, Schultz and Allen",Mid-Market,Manufacturing,539327.69,55922.57,train,0,0.02702928696468517,2.7,0,Low,14577.64,623
CUST-001692,Barnes LLC,SMB,Transportation,35968.12,9067.61,test,0,0.026983215135122036,2.7,0,Low,970.54,624
CUST-001052,Little Inc,Mid-Market,Education,670547.47,90926.39,test,0,0.026948642151352963,2.69,0,Low,18070.34,625
CUST-001277,Walker-Lewis,Mid-Market,Energy,354271.82,55221.78,test,0,0.026766961415045375,2.68,0,Low,9482.78,626
CUST-000302,Estrada-Nolan,Enterprise,Retail,1538171.25,234532.79,train,0,0.02670784109788591,2.67,0,Low,41081.23,627
CUST-001165,"Vang, Stanley and Valdez",Mid-Market,Healthcare,279752.55,90441.37,validation,0,0.026524947039644045,2.65,0,Low,7420.42,628
CUST-001817,English-Dominguez,Enterprise,Manufacturing,1652966.54,187709.73,validation,0,0.02640405920227691,2.64,0,Low,43645.03,629
CUST-002293,Maldonado-Becker,SMB,Banking,77424.68,9042.17,train,0,0.02639488065373467,2.64,0,Low,2043.62,630
CUST-001502,Harper-Robles,SMB,Media,52437.33,8068.89,train,0,0.026250286373656548,2.63,0,Low,1376.49,631
CUST-001498,Smith-Mills,SMB,Energy,106558.82,14014.75,test,0,0.02624495686829655,2.62,0,Low,2796.63,632
CUST-001214,Mcgee-Smith,Mid-Market,Telecommunications,682882.35,86430.55,train,0,0.026244913086841994,2.62,0,Low,17922.19,633
CUST-000851,Clark Ltd,Mid-Market,Insurance,679089.35,30840.98,validation,0,0.02615730641008071,2.62,0,Low,17763.15,634
CUST-000494,"Marshall, Dominguez and Welch",Enterprise,Professional Services,2703805.03,253854.87,test,0,0.026008179235472235,2.6,0,Low,70321.05,635
CUST-000061,"Brown, Valdez and Lucas",Mid-Market,Media,473831.55,52182.84,train,0,0.025968290220254646,2.6,0,Low,12304.6,636
CUST-000571,"Khan, Pena and Ruiz",SMB,Manufacturing,72027.82,19582.13,train,0,0.02557752161563578,2.56,0,Low,1842.29,637
CUST-001881,"Carrillo, Morris and Martin",SMB,Technology,31987.75,7860.69,train,0,0.025472113311184454,2.55,0,Low,814.8,638
CUST-001835,Jackson-Neal,Enterprise,Banking,3184440.88,227708.38,train,0,0.025470752974615412,2.55,0,Low,81110.11,639
CUST-001481,"King, Manning and Brady",SMB,Telecommunications,64681.23,20354.43,train,0,0.025451284505218226,2.55,0,Low,1646.22,640
CUST-002497,Chambers Group,SMB,Energy,110027.12,20567.02,train,0,0.02537351716770318,2.54,0,Low,2791.78,641
CUST-000138,"Jackson, Miller and Robertson",Mid-Market,Transportation,401112.44,51293.26,train,0,0.025201723746930034,2.52,0,Low,10108.72,642
CUST-000526,Hayes Ltd,SMB,Manufacturing,82595.09,16087.48,train,0,0.02517479730957544,2.52,0,Low,2079.31,643
CUST-000011,Blair PLC,SMB,Banking,65675.97,20654.56,train,0,0.02494159437568558,2.49,0,Low,1638.06,644
CUST-000880,Pena LLC,SMB,Retail,88390.09,12248.87,validation,0,0.024778082291911,2.48,0,Low,2190.14,645
CUST-001063,Sheppard-Mcdaniel,SMB,Banking,55216.75,20748.91,train,0,0.024695927988755174,2.47,0,Low,1363.63,646
CUST-002183,"Hayden, Harmon and Mcdonald",Mid-Market,Media,234893.08,74510.95,train,0,0.02468084314388233,2.47,0,Low,5797.36,647
CUST-001953,Burgess LLC,Mid-Market,Media,413187.46,94095.45,train,0,0.024391053229591494,2.44,0,Low,10078.08,648
CUST-002022,Joseph LLC,SMB,Telecommunications,70444.82,18652.92,validation,0,0.024342055377679687,2.43,0,Low,1714.77,649
CUST-001470,"Griffin, Miller and Austin",Mid-Market,Telecommunications,686687.99,71295.48,train,0,0.024276442537599925,2.43,0,Low,16670.34,650
CUST-001369,Hanson PLC,Mid-Market,Manufacturing,299571.06,44379.55,validation,0,0.024149436419656906,2.41,0,Low,7234.47,651
CUST-001510,Walsh PLC,Mid-Market,Manufacturing,255256.58,63357.09,test,0,0.02414933369336238,2.41,0,Low,6164.28,652
CUST-002115,"Roberts, Bowen and Miller",Mid-Market,Insurance,411085.6,61879.26,validation,0,0.024142234591885414,2.41,0,Low,9924.52,653
CUST-000102,"Patterson, Smith and Jones",Mid-Market,Education,352725.55,79646.93,train,0,0.02403429480598201,2.4,0,Low,8477.51,654
CUST-001667,"Burns, Nguyen and Ellis",Mid-Market,Technology,891780.65,67842.08,train,0,0.02399320067260043,2.4,0,Low,21396.67,655
CUST-001553,Warren Group,Mid-Market,Media,215230.74,51324.9,train,0,0.023867038123605785,2.39,0,Low,5136.92,656
CUST-000179,"Williams, Johnson and Wright",Mid-Market,Banking,285937.06,39093.1,train,0,0.023758623984491033,2.38,0,Low,6793.47,657
CUST-001982,Warner PLC,Mid-Market,Media,279541.21,69149.34,validation,0,0.023642880648539956,2.36,0,Low,6609.16,658
CUST-001809,Graham-Clark,Enterprise,Media,1038854.85,182327.98,validation,0,0.023609679726383424,2.36,0,Low,24527.03,659
CUST-002305,Smith and Sons,Mid-Market,Banking,565742.66,51918.04,train,0,0.023608661561736455,2.36,0,Low,13356.43,660
CUST-001859,Gregory-Nixon,SMB,Professional Services,78112.81,18446.86,train,0,0.023553152531994675,2.36,0,Low,1839.8,661
CUST-002417,"Wade, Richard and Hall",Mid-Market,Technology,369892.79,93560.73,validation,0,0.02351565158962854,2.35,0,Low,8698.27,662
CUST-001015,"Stark, Schroeder and Mathis",Mid-Market,Media,435701.3,99088.58,train,0,0.023485889058720406,2.35,0,Low,10232.83,663
CUST-001642,"Taylor, Blair and Meyer",SMB,Transportation,86597.7,19850.52,train,0,0.023452989628245734,2.35,0,Low,2030.97,664
CUST-001250,Mills Inc,Enterprise,Professional Services,766140.46,164146.35,test,0,0.023436405865305553,2.34,0,Low,17955.58,665
CUST-000284,"Sanford, Rivera and Garcia",SMB,Insurance,70686.68,10803.68,train,0,0.023073798088568555,2.31,0,Low,1631.01,666
CUST-000513,"Sullivan, Palmer and Brady",Enterprise,Healthcare,1493315.96,246039.73,train,0,0.023068160667299074,2.31,0,Low,34448.05,667
CUST-001408,"Hale, Gilbert and Craig",Mid-Market,Manufacturing,308078.93,89152.3,train,0,0.0230050097866434,2.3,0,Low,7087.36,668
CUST-002093,Clark Inc,Mid-Market,Insurance,473535.9,58178.64,train,0,0.022820619924678882,2.28,0,Low,10806.38,669
CUST-001064,Armstrong-Young,Mid-Market,Transportation,660869.39,84329.12,test,0,0.022792356789619942,2.28,0,Low,15062.77,670
CUST-000242,Larson-Holloway,Mid-Market,Transportation,269141.23,75005.96,test,0,0.022691303274500155,2.27,0,Low,6107.17,671
CUST-000025,"Walter, Edwards and Rios",Mid-Market,Banking,231397.41,76050.68,train,0,0.02255647226584054,2.26,0,Low,5219.51,672
CUST-002108,Knapp Ltd,SMB,Technology,73353.3,10761.31,train,0,0.022506750646114168,2.25,0,Low,1650.94,673
CUST-000299,"Sparks, Jackson and Miller",Enterprise,Professional Services,919652.76,233045.53,train,0,0.022478023870836895,2.25,0,Low,20671.98,674
CUST-002435,Williams-Hernandez,Enterprise,Energy,1565855.46,221020.04,test,0,0.022469805172943513,2.25,0,Low,35184.47,675
CUST-000348,Willis and Sons,Enterprise,Banking,1750150.3,289990.36,validation,0,0.022407030011029585,2.24,0,Low,39215.67,676
CUST-001082,"Washington, Lynch and Johnson",Enterprise,Energy,1849877.71,311716.71,train,0,0.022397546668249238,2.24,0,Low,41432.72,677
CUST-002190,Colon-Lucas,Mid-Market,Telecommunications,167761.94,91285.57,train,0,0.022340405443358382,2.23,0,Low,3747.87,678
CUST-001272,"Williams, Randolph and Gilbert",Mid-Market,Technology,715155.05,35811.07,test,0,0.022318709516867513,2.23,0,Low,15961.34,679
CUST-000349,Schroeder-Kramer,Enterprise,Technology,861820.48,198028.21,test,0,0.022193759122637022,2.22,0,Low,19127.04,680
CUST-000409,Jackson-Meza,Mid-Market,Insurance,419118.45,49657.7,validation,0,0.02219329728293602,2.22,0,Low,9301.62,681
CUST-000587,Whitney PLC,Enterprise,Insurance,1592325.56,138795.13,test,0,0.021995835348708033,2.2,0,Low,35024.53,682
CUST-002314,Austin-Hamilton,Strategic,Education,16090390.53,852878.45,train,0,0.021972795646051004,2.2,0,Low,353550.86,683
CUST-000353,Smith and Sons,Mid-Market,Technology,320312.37,54994.98,validation,0,0.02194221886140239,2.19,0,Low,7028.36,684
CUST-001702,Brown LLC,Enterprise,Transportation,1736357.13,268946.77,train,0,0.02190104678778352,2.19,0,Low,38028.04,685
CUST-001339,Bates PLC,Enterprise,Telecommunications,1863967.35,252688.81,train,0,0.021774383561604802,2.18,0,Low,40586.74,686
CUST-000378,Bell-Lane,Enterprise,Telecommunications,2433176.36,338632.14,train,0,0.021754616887058254,2.18,0,Low,52932.82,687
CUST-001436,Lowe Ltd,SMB,Technology,62624.83,20331.7,train,0,0.0216673731159612,2.17,0,Low,1356.92,688
CUST-002446,"Murray, Cole and Cole",Mid-Market,Manufacturing,353875.9,87565.94,train,0,0.021622876509626555,2.16,0,Low,7651.81,689
CUST-000945,Wood LLC,Enterprise,Media,2793132.94,241433.57,train,0,0.02157246010738074,2.16,0,Low,60254.75,690
CUST-000636,Thompson Ltd,Mid-Market,Manufacturing,315866.99,77602.41,test,0,0.02133660688045467,2.13,0,Low,6739.53,691
CUST-001585,"Short, Ellison and Dixon",Mid-Market,Media,236163.57,73951.79,train,0,0.021318953413789248,2.13,0,Low,5034.76,692
CUST-000658,Chavez PLC,Mid-Market,Retail,503320.28,81464.29,train,0,0.021275158563013142,2.13,0,Low,10708.22,693
CUST-000830,Brooks and Sons,Mid-Market,Retail,777654.27,62323.22,validation,0,0.021213439214134672,2.12,0,Low,16496.72,694
CUST-000846,Weaver-Sherman,Enterprise,Retail,2821724.58,242273.7,train,0,0.021211766356712233,2.12,0,Low,59853.76,695
CUST-001361,"Whitaker, Johnson and Williams",Mid-Market,Technology,549935.14,73907.74,train,0,0.02115738929486613,2.12,0,Low,11635.19,696
CUST-001488,Sims-Anderson,Enterprise,Energy,1277560.99,221628.85,train,0,0.020917524145251408,2.09,0,Low,26723.41,697
CUST-000172,"Alvarado, Miller and Patterson",Enterprise,Professional Services,906175.68,148926.88,train,0,0.020910107470682143,2.09,0,Low,18948.23,698
CUST-001765,Williams-Johnson,Mid-Market,Media,521838.59,50049.91,train,0,0.020847731411737045,2.08,0,Low,10879.15,699
CUST-002132,Tate Inc,Mid-Market,Technology,505315.68,92442.77,train,0,0.020574325642368833,2.06,0,Low,10396.53,700
CUST-000438,"Williams, Mccoy and Cook",Mid-Market,Media,552102.15,78420.28,train,0,0.02051594071890455,2.05,0,Low,11326.89,701
CUST-000980,Johnson Inc,Mid-Market,Education,493887.58,94245.79,train,0,0.02045579390671206,2.05,0,Low,10102.86,702
CUST-000249,Johnston-Hines,Enterprise,Retail,1303013.34,237169.96,validation,0,0.020452534992085533,2.05,0,Low,26649.93,703
CUST-000653,"Cox, Stark and Rodriguez",SMB,Education,97394.41,17417.48,train,0,0.020346722048005552,2.03,0,Low,1981.66,704
CUST-001729,"Choi, Collier and Lee",Mid-Market,Technology,333616.78,87049.49,train,0,0.020253614657088515,2.03,0,Low,6756.95,705
CUST-002338,"Leonard, Ballard and Miller",Mid-Market,Education,715343.34,92488.43,validation,0,0.020139307632712343,2.01,0,Low,14406.52,706
CUST-001532,"Robinson, Rodriguez and Chen",Mid-Market,Technology,493320.81,77410.94,train,0,0.0201363745265776,2.01,0,Low,9933.69,707
CUST-002358,"Reed, Terry and Smith",SMB,Media,54101.01,10155.57,train,0,0.020102979385240995,2.01,0,Low,1087.59,708
CUST-001347,Keith-Williams,Mid-Market,Technology,351214.38,65919.64,validation,0,0.020033012496215846,2.0,0,Low,7035.88,709
CUST-001712,Carter and Sons,Enterprise,Manufacturing,1645104.51,263911.76,train,0,0.019742807651354954,1.97,0,Low,32478.98,710
CUST-000769,Smith-Gutierrez,Enterprise,Insurance,2040738.03,241392.59,validation,0,0.019673011441951615,1.97,0,Low,40147.46,711
CUST-002391,Hardin-Villanueva,Mid-Market,Insurance,547286.55,85607.47,train,0,0.019570324297370885,1.96,0,Low,10710.58,712
CUST-000863,Burton-Brooks,Mid-Market,Insurance,607241.2,59872.36,train,0,0.01954651787440061,1.95,0,Low,11869.45,713
CUST-000703,Burgess Group,Enterprise,Professional Services,1942957.16,151996.99,train,0,0.019469896648273904,1.95,0,Low,37829.18,714
CUST-000755,"Sanders, Ayala and Johnson",Mid-Market,Retail,438526.35,64304.21,test,0,0.01942407776844627,1.94,0,Low,8517.97,715
CUST-000360,Boone-Simmons,Mid-Market,Technology,616773.54,95353.29,train,0,0.019408775923592067,1.94,0,Low,11970.82,716
CUST-001824,Good PLC,Enterprise,Healthcare,1502815.13,273994.51,test,0,0.019228153805424152,1.92,0,Low,28896.36,717
CUST-001647,"Mcbride, Huffman and Parker",Mid-Market,Energy,215644.49,67318.05,train,0,0.019152862399738613,1.92,0,Low,4130.21,718
CUST-002033,"Cantrell, Rivera and Thornton",Enterprise,Manufacturing,1732843.24,297725.75,validation,0,0.0191163351917142,1.91,0,Low,33125.61,719
CUST-002120,Crosby-Richardson,Mid-Market,Telecommunications,380622.19,85259.18,train,0,0.01891791325705156,1.89,0,Low,7200.58,720
CUST-000058,"Johnston, Sanchez and Kennedy",SMB,Energy,59879.46,31845.48,train,0,0.01872078594547493,1.87,0,Low,1120.99,721
CUST-002116,Wilson-Campbell,Mid-Market,Manufacturing,248858.06,49616.31,train,0,0.01835398172201355,1.84,0,Low,4567.54,722
CUST-000188,Vargas Ltd,Mid-Market,Technology,431642.61,58843.26,train,0,0.01830159637900067,1.83,0,Low,7899.75,723
CUST-001269,"Baker, Martin and Singleton",Enterprise,Healthcare,954698.35,253733.4,train,0,0.018286000512832412,1.83,0,Low,17457.61,724
CUST-000523,Green LLC,Enterprise,Transportation,645410.17,226601.51,validation,0,0.018190972426730827,1.82,0,Low,11740.64,725
CUST-001078,Hernandez PLC,Enterprise,Telecommunications,1621866.78,278550.65,train,0,0.01811292922149121,1.81,0,Low,29376.76,726
CUST-001801,"Haas, Cooper and Davis",Mid-Market,Media,277194.42,72668.88,train,0,0.017935294009865224,1.79,0,Low,4971.56,727
CUST-001657,"Adams, Bradley and Hall",SMB,Telecommunications,33157.23,11167.84,train,0,0.017808764342074405,1.78,0,Low,590.49,728
CUST-002170,Pittman PLC,Enterprise,Manufacturing,1379191.17,259959.63,train,0,0.01778667138539774,1.78,0,Low,24531.22,729
CUST-001732,Moore-Murray,Enterprise,Telecommunications,1354860.09,303635.99,train,0,0.0176856553124071,1.77,0,Low,23961.59,730
CUST-000142,Riggs PLC,Mid-Market,Transportation,304313.0,85633.49,train,0,0.017458464661186918,1.75,0,Low,5312.84,731
CUST-002421,Gibson-Thomas,Mid-Market,Technology,238574.46,53312.18,train,0,0.017410031181687196,1.74,0,Low,4153.59,732
CUST-000861,"Morris, Wright and Bridges",Enterprise,Manufacturing,2157675.19,355680.81,train,0,0.016993996671660735,1.7,0,Low,36667.52,733
CUST-001123,Guerrero-Becker,Mid-Market,Retail,379158.22,95032.92,train,0,0.016985312343538176,1.7,0,Low,6440.12,734
CUST-002286,Oneill and Sons,Enterprise,Insurance,880392.1,211633.01,train,0,0.016902120611206897,1.69,0,Low,14880.49,735
CUST-000157,"Mitchell, Nelson and Flores",Enterprise,Energy,671426.77,185665.18,train,0,0.016791018581898135,1.68,0,Low,11273.94,736
CUST-002340,Horton and Sons,Mid-Market,Manufacturing,469948.67,70270.09,train,0,0.016581547759358807,1.66,0,Low,7792.48,737
CUST-001987,Cruz Ltd,Enterprise,Banking,1460963.55,294484.6,train,0,0.01653798597057891,1.65,0,Low,24161.39,738
CUST-001529,Moore-Chandler,Enterprise,Manufacturing,4447926.39,237428.67,validation,0,0.016484126727661377,1.65,0,Low,73320.18,739
CUST-001816,May Group,Enterprise,Technology,1235605.81,291217.13,train,0,0.01638412422148872,1.64,0,Low,20244.32,740
CUST-000535,Salazar Inc,Mid-Market,Energy,352078.84,84498.53,train,0,0.016359613645487065,1.64,0,Low,5759.87,741
CUST-000634,Higgins-Smith,SMB,Manufacturing,21374.39,11900.58,validation,0,0.016309994080866003,1.63,0,Low,348.62,742
CUST-001545,"Phillips, Terry and Lopez",Mid-Market,Professional Services,241594.48,40021.69,validation,0,0.01622101640977489,1.62,0,Low,3918.91,743
CUST-001158,Ferrell-Henry,Enterprise,Transportation,1322624.5,261119.06,train,0,0.016219435338027388,1.62,0,Low,21452.22,744
CUST-001135,Green-Carter,SMB,Healthcare,41225.95,20365.51,train,0,0.016098017657538568,1.61,0,Low,663.66,745
CUST-002165,Hudson-Morris,Strategic,Insurance,9411867.7,665342.96,train,0,0.015952294136935396,1.6,0,Low,150140.88,746
CUST-001108,Byrd LLC,Mid-Market,Media,340551.51,84823.1,train,0,0.015858832906035233,1.59,0,Low,5400.75,747
CUST-001899,Martinez-Nichols,Mid-Market,Healthcare,90151.96,42866.78,train,0,0.015840798414503105,1.58,0,Low,1428.08,748
CUST-001372,Cruz-Rodriguez,Enterprise,Transportation,2514939.96,461118.53,train,0,0.01540843599945967,1.54,0,Low,38751.29,749
CUST-001836,"Curry, Acosta and Elliott",Enterprise,Telecommunications,903480.71,295040.33,train,0,0.015306747833802155,1.53,0,Low,13829.35,750
CUST-000935,Williams LLC,SMB,Healthcare,77347.29,7738.1,train,0,0.015022696389017582,1.5,0,Low,1161.96,751
CUST-000209,Holt-Torres,Enterprise,Retail,2682696.11,335684.32,validation,0,0.014843945595070839,1.48,0,Low,39821.8,752
CUST-002042,Johnson PLC,Mid-Market,Professional Services,269384.61,93434.64,test,0,0.014797028722454657,1.48,0,Low,3986.09,753
CUST-000318,Burgess-Thompson,SMB,Energy,41728.65,9598.18,train,0,0.01445346698215106,1.45,0,Low,603.12,754
CUST-001390,"Henderson, Diaz and Hill",SMB,Transportation,27851.91,10001.4,validation,0,0.014230171894603532,1.42,0,Low,396.34,755
CUST-001400,Frost-Graham,Enterprise,Healthcare,2945842.12,317773.99,validation,0,0.014222598752274572,1.42,0,Low,41897.53,756
CUST-001343,Williams-Juarez,Strategic,Technology,6958632.07,644460.07,train,0,0.014184744635659654,1.42,0,Low,98706.42,757
CUST-000498,Robertson-Hays,Enterprise,Manufacturing,1694336.74,371063.41,train,0,0.01413955524922055,1.41,0,Low,23957.17,758
CUST-000295,"Brennan, Wallace and Benson",Mid-Market,Professional Services,515176.72,79101.59,test,0,0.014123451355948984,1.41,0,Low,7276.07,759
CUST-001416,Spears-Andrews,Enterprise,Technology,2812588.56,289418.81,train,0,0.013973252527164328,1.4,0,Low,39301.01,760
CUST-000421,Marshall-Elliott,Mid-Market,Professional Services,435001.61,80039.15,train,0,0.013939055587116795,1.39,0,Low,6063.51,761
CUST-001318,"Carpenter, Lynn and Howard",SMB,Technology,29589.45,7171.22,train,0,0.013904172083666821,1.39,0,Low,411.42,762
CUST-001995,Castro and Sons,Enterprise,Professional Services,2119947.66,344916.7,train,0,0.013829247462485334,1.38,0,Low,29317.28,763
CUST-000217,Perez-White,SMB,Telecommunications,33885.7,7514.54,validation,0,0.013762901670509248,1.38,0,Low,466.37,764
CUST-001777,Chavez-Johnson,SMB,Energy,42354.67,18431.98,train,0,0.013749985879177667,1.37,0,Low,582.38,765
CUST-000529,"Daniels, Vance and York",SMB,Healthcare,73428.12,15229.92,train,0,0.01322080536832008,1.32,0,Low,970.78,766
CUST-002034,Kemp-Montes,SMB,Insurance,27659.5,9413.79,train,0,0.01299842844182185,1.3,0,Low,359.53,767
CUST-000772,"James, Taylor and Turner",SMB,Energy,38898.32,14754.64,validation,0,0.01299246308371059,1.3,0,Low,505.38,768
CUST-001851,Young-Alexander,SMB,Energy,27664.75,8151.12,train,0,0.012984931555152549,1.3,0,Low,359.22,769
CUST-000745,Lam-Elliott,Enterprise,Transportation,1557244.98,341844.85,train,0,0.012968952488353511,1.3,0,Low,20195.84,770
CUST-000264,"Lloyd, Mckinney and Collins",SMB,Telecommunications,30758.0,18924.04,validation,0,0.012882963360593571,1.29,0,Low,396.25,771
CUST-001848,Cooper Inc,SMB,Energy,30173.91,17122.12,test,0,0.012782538634739563,1.28,0,Low,385.7,772
CUST-001842,Anderson-Campbell,SMB,Education,31823.48,7668.93,test,0,0.012743723396206974,1.27,0,Low,405.55,773
CUST-001351,"Valdez, Houston and Black",Enterprise,Insurance,3829193.16,244009.69,train,0,0.012518974500114017,1.25,0,Low,47937.57,774
CUST-002494,Clark-Haley,Enterprise,Banking,1125416.67,244768.92,train,0,0.012518750775723389,1.25,0,Low,14088.81,775
CUST-000126,Smith-Frost,SMB,Manufacturing,47273.27,16460.17,train,0,0.012497911909286017,1.25,0,Low,590.82,776
CUST-002075,Duran PLC,Mid-Market,Transportation,356704.89,67059.24,train,0,0.012474848968795374,1.25,0,Low,4449.84,777
CUST-001222,Wilson-Malone,Enterprise,Banking,1059226.53,286674.21,train,0,0.012469821834636532,1.25,0,Low,13208.37,778
CUST-000261,Wolf-Harris,SMB,Healthcare,41699.88,18177.38,test,0,0.012085016202286946,1.21,0,Low,503.94,779
CUST-001678,"Ellison, Vaughn and Mckee",Mid-Market,Retail,135687.46,51447.83,train,0,0.012007014703398563,1.2,0,Low,1629.2,780
CUST-001557,Russo and Sons,SMB,Insurance,38191.58,18041.87,train,0,0.011981047496769872,1.2,0,Low,457.58,781
CUST-000359,"Turner, Schneider and Johnson",SMB,Energy,36467.51,15344.48,train,0,0.011975121993384474,1.2,0,Low,436.7,782
CUST-001943,Brown-Rodriguez,Enterprise,Telecommunications,1206588.74,362393.18,train,0,0.011947229547227479,1.19,0,Low,14415.39,783
CUST-001027,Rivera Inc,SMB,Healthcare,54875.09,18616.48,train,0,0.01194181632635944,1.19,0,Low,655.31,784
CUST-001994,Wong Ltd,Enterprise,Telecommunications,1000118.54,312441.89,validation,0,0.0118943731900178,1.19,0,Low,11895.78,785
CUST-001402,Lynch Ltd,SMB,Education,28188.51,9265.86,validation,0,0.011742873602957395,1.17,0,Low,331.01,786
CUST-000002,Doyle Ltd,SMB,Healthcare,25279.5,7815.86,test,0,0.011702176579909847,1.17,0,Low,295.83,787
CUST-000512,"Whitney, Gould and Jones",Mid-Market,Manufacturing,127690.85,86405.48,validation,0,0.011647649971066659,1.16,0,Low,1487.3,788
CUST-000630,Hays-Daniels,SMB,Healthcare,52514.52,9977.93,test,0,0.011639793271617018,1.16,0,Low,611.26,789
CUST-001224,"Brandt, Carter and Boyd",SMB,Energy,40212.91,8561.73,train,0,0.011621647320424455,1.16,0,Low,467.34,790
CUST-000141,Hernandez Inc,SMB,Healthcare,57363.14,13142.56,train,0,0.011605804549469991,1.16,0,Low,665.75,791
CUST-001037,"Perez, Hayes and Lloyd",SMB,Professional Services,41423.61,10174.53,train,0,0.011577387240400038,1.16,0,Low,479.58,792
CUST-000118,Rasmussen LLC,SMB,Insurance,30638.87,11020.71,train,0,0.011570342489511172,1.16,0,Low,354.5,793
CUST-002154,Anderson LLC,Mid-Market,Banking,78486.24,42244.69,train,0,0.011455301450350862,1.15,0,Low,899.08,794
CUST-000680,"Powers, Brennan and Sanchez",Enterprise,Energy,2210910.41,379961.77,train,0,0.011388822888385377,1.14,0,Low,25179.67,795
CUST-000827,"Mccarthy, Evans and Mendez",SMB,Manufacturing,70116.99,17511.62,train,0,0.011376778708266849,1.14,0,Low,797.71,796
CUST-000273,Morgan-French,Mid-Market,Media,144283.0,51129.65,test,0,0.011161300957261632,1.12,0,Low,1610.39,797
CUST-000608,"Hill, Martinez and Rhodes",Mid-Market,Energy,237201.88,54842.24,test,0,0.011103856841484724,1.11,0,Low,2633.86,798
CUST-001065,Miller-Orr,SMB,Banking,43421.38,10735.63,train,0,0.011033965889307953,1.1,0,Low,479.11,799
CUST-002461,Morgan and Sons,SMB,Professional Services,71752.08,17260.21,train,0,0.01098450675782771,1.1,0,Low,788.16,800
CUST-002191,Mcdaniel-Young,SMB,Media,51549.39,11814.4,train,0,0.010980176827130168,1.1,0,Low,566.02,801
CUST-000306,Bruce-Gonzalez,Enterprise,Technology,1162269.11,336032.82,train,0,0.010875486869197887,1.09,0,Low,12640.24,802
CUST-001258,"Price, Dixon and Robles",SMB,Insurance,29320.89,15605.06,validation,0,0.010779190154694421,1.08,0,Low,316.06,803
CUST-000520,"Richardson, Edwards and Ramirez",SMB,Telecommunications,42367.35,22780.39,train,0,0.0107580282275448,1.08,0,Low,455.79,804
CUST-002069,"Quinn, Smith and Green",SMB,Media,27133.1,6687.58,test,0,0.010702723269565622,1.07,0,Low,290.4,805
CUST-001637,Garrett-Young,SMB,Professional Services,42178.15,8194.91,train,0,0.010689756196681523,1.07,0,Low,450.87,806
CUST-001963,"Carroll, Ramirez and Rodriguez",SMB,Education,52485.4,17140.96,train,0,0.010640133852026635,1.06,0,Low,558.45,807
CUST-001389,Pearson-King,SMB,Retail,51492.06,8579.2,test,0,0.01061929197298066,1.06,0,Low,546.81,808
CUST-000768,"Davis, George and Nguyen",Enterprise,Manufacturing,2219704.63,345778.66,test,0,0.010453513083378593,1.05,0,Low,23203.71,809
CUST-001684,Holt-Meadows,SMB,Telecommunications,77656.11,10940.51,train,0,0.0104149854882629,1.04,0,Low,808.79,810
CUST-000734,Chung-Stevens,Mid-Market,Insurance,266700.45,86711.87,train,0,0.010401120340745532,1.04,0,Low,2773.98,811
CUST-000308,Armstrong-Andrews,SMB,Professional Services,57407.73,14774.69,train,0,0.01030220596095818,1.03,0,Low,591.43,812
CUST-001424,Reyes and Sons,SMB,Media,53592.61,13635.4,train,0,0.010243167261551086,1.02,0,Low,548.96,813
CUST-000978,Parks-Pace,Enterprise,Retail,1065431.52,362904.37,train,0,0.010215464175063657,1.02,0,Low,10883.88,814
CUST-001312,"Cooper, Gutierrez and Brewer",SMB,Manufacturing,78442.03,20489.14,train,0,0.010072552265281608,1.01,0,Low,790.11,815
CUST-001198,Clay Group,SMB,Media,23518.78,15884.81,train,0,0.010068223812480001,1.01,0,Low,236.79,816
CUST-001569,Lee Ltd,Enterprise,Technology,1167819.79,354913.85,validation,0,0.010052711614919468,1.01,0,Low,11739.76,817
CUST-001109,"Ortiz, Smith and Deleon",SMB,Manufacturing,32795.11,7982.65,validation,0,0.009983566743775606,1.0,0,Low,327.41,818
CUST-001366,"Nicholson, Valentine and Robinson",SMB,Retail,36742.92,12233.43,train,0,0.009949539991883475,0.99,0,Low,365.58,819
CUST-002214,Stewart Group,SMB,Education,85075.59,20386.14,validation,0,0.00991977840052713,0.99,0,Low,843.93,820
CUST-001718,"Abbott, Green and Andrews",SMB,Professional Services,45073.29,16635.01,train,0,0.009919390087175009,0.99,0,Low,447.1,821
CUST-001668,Patterson Inc,Mid-Market,Retail,187293.67,69814.79,test,0,0.00988885896868864,0.99,0,Low,1852.12,822
CUST-001904,"Harris, Spencer and Ponce",SMB,Media,42000.74,7310.2,test,0,0.009867929674674739,0.99,0,Low,414.46,823
CUST-001595,Kane and Sons,Mid-Market,Telecommunications,201828.32,56541.16,train,0,0.009821603078403435,0.98,0,Low,1982.28,824
CUST-000932,Moore-Ayala,Mid-Market,Energy,234656.58,37507.73,train,0,0.00974030159111747,0.97,0,Low,2285.63,825
CUST-000274,Hoover-Campbell,SMB,Telecommunications,74517.34,18262.85,train,0,0.009734338494956052,0.97,0,Low,725.38,826
CUST-000709,"Harrison, Franco and Rocha",Mid-Market,Energy,199590.02,48949.55,validation,0,0.009632406713122429,0.96,0,Low,1922.53,827
CUST-002029,Ferguson Inc,SMB,Energy,83798.27,20926.5,train,0,0.00959966890229387,0.96,0,Low,804.44,828
CUST-001788,"Caldwell, Stevenson and Joseph",SMB,Banking,30852.76,8337.89,test,0,0.009555172448710831,0.96,0,Low,294.8,829
CUST-002298,"Smith, Booker and Douglas",SMB,Banking,40406.13,14777.97,train,0,0.009523920929477934,0.95,0,Low,384.82,830
CUST-000173,White-Green,SMB,Insurance,51423.94,14477.23,train,0,0.009483342024853863,0.95,0,Low,487.67,831
CUST-001792,George Ltd,SMB,Telecommunications,43454.26,11793.16,train,0,0.00947666661042963,0.95,0,Low,411.8,832
CUST-002204,Young PLC,Enterprise,Media,944668.57,290574.89,train,0,0.009471450989036588,0.95,0,Low,8947.38,833
CUST-000340,"Wood, Ramos and Sampson",SMB,Energy,34208.52,11561.95,train,0,0.009451432961083913,0.95,0,Low,323.32,834
CUST-001032,"Jones, Scott and Rodriguez",SMB,Education,28341.68,12144.63,train,0,0.009360497189702523,0.94,0,Low,265.29,835
CUST-000551,"Baker, Clark and Armstrong",SMB,Energy,55434.79,17095.7,train,0,0.009307591353538359,0.93,0,Low,515.96,836
CUST-001929,"Wood, Martin and Sanchez",SMB,Transportation,25868.81,9479.45,train,0,0.009305707966556505,0.93,0,Low,240.73,837
CUST-001084,"Steele, Williams and Preston",Enterprise,Telecommunications,2976160.6,316265.14,train,0,0.009305353046280657,0.93,0,Low,27694.23,838
CUST-001990,"Norton, French and Miller",SMB,Professional Services,67311.44,11270.83,train,0,0.009300075532349059,0.93,0,Low,626.0,839
CUST-001902,Diaz LLC,SMB,Healthcare,44215.46,17696.87,train,0,0.009294130929605736,0.93,0,Low,410.94,840
CUST-001910,"Schneider, Porter and Hanna",SMB,Education,27328.33,10307.92,test,0,0.009225183179110244,0.92,0,Low,252.11,841
CUST-000544,Donovan-Perez,SMB,Transportation,25087.93,7061.86,train,0,0.009207266923121415,0.92,0,Low,230.99,842
CUST-000515,"Gregory, Kim and Martinez",Enterprise,Education,1417411.28,366699.35,train,0,0.009192942833883286,0.92,0,Low,13030.18,843
CUST-002176,Simmons-Reed,SMB,Insurance,52816.87,16922.55,train,0,0.009175174741450074,0.92,0,Low,484.6,844
CUST-001383,Kent Inc,SMB,Retail,26974.21,14865.21,train,0,0.009168162840465682,0.92,0,Low,247.3,845
CUST-000462,Burch-Montoya,SMB,Insurance,34120.18,9213.24,train,0,0.00913208614324708,0.91,0,Low,311.59,846
CUST-000965,Moore and Sons,SMB,Education,30234.69,11095.01,validation,0,0.00912968706670526,0.91,0,Low,276.03,847
CUST-001163,Brooks Ltd,SMB,Telecommunications,64217.21,18354.41,test,0,0.009104294750191476,0.91,0,Low,584.65,848
CUST-002118,Spencer LLC,Strategic,Transportation,4654054.45,618746.44,test,0,0.009088028012999303,0.91,0,Low,42296.18,849
CUST-002400,"Spencer, Torres and Newton",Mid-Market,Retail,112868.18,37633.71,train,0,0.009060055394644419,0.91,0,Low,1022.59,850
CUST-002130,Kelly-Estrada,SMB,Technology,22191.28,13145.55,train,0,0.009034693572200953,0.9,0,Low,200.49,851
CUST-002371,Rhodes-Thompson,SMB,Manufacturing,17955.89,6749.83,train,0,0.009021223127235297,0.9,0,Low,161.98,852
CUST-001727,"Pierce, Wang and Wilson",SMB,Technology,81316.5,17599.12,test,0,0.009019147550927826,0.9,0,Low,733.41,853
CUST-001907,Moss-Taylor,SMB,Insurance,23254.68,10733.35,train,0,0.009007491580966838,0.9,0,Low,209.47,854
CUST-001050,Miller-Colon,Enterprise,Technology,1516059.05,353916.46,test,0,0.009001304397818377,0.9,0,Low,13646.51,855
CUST-000212,King-Martinez,Mid-Market,Manufacturing,304431.39,81472.7,validation,0,0.008919940820629106,0.89,0,Low,2715.51,856
CUST-001705,Williams Group,Enterprise,Insurance,2803369.59,425061.69,validation,0,0.00885111121340937,0.89,0,Low,24812.94,857
CUST-000725,Wagner LLC,Mid-Market,Education,291046.52,56382.36,train,0,0.008844087290966892,0.88,0,Low,2574.04,858
CUST-002068,"Alvarez, Benson and Wilson",Mid-Market,Professional Services,137923.49,72062.87,train,0,0.00883374601129728,0.88,0,Low,1218.38,859
CUST-002378,Villegas PLC,SMB,Manufacturing,45996.87,17539.39,train,0,0.008829452863195437,0.88,0,Low,406.13,860
CUST-000892,May Ltd,Enterprise,Technology,1302469.78,368680.74,train,0,0.008803246215257196,0.88,0,Low,11465.96,861
CUST-000170,Hooper PLC,Enterprise,Technology,1821091.39,318350.17,test,0,0.008786038002799338,0.88,0,Low,16000.18,862
CUST-000622,Morris-Brewer,SMB,Technology,36233.55,18733.0,train,0,0.008777247378049524,0.88,0,Low,318.03,863
CUST-001750,Short PLC,Enterprise,Retail,2580458.9,464898.6,train,0,0.008776276182499465,0.88,0,Low,22646.82,864
CUST-001967,"Whitehead, Lane and Tran",Mid-Market,Telecommunications,90530.62,30465.7,test,0,0.008750766923723745,0.88,0,Low,792.21,865
CUST-001406,Harris Ltd,SMB,Retail,41626.43,18143.14,validation,0,0.008734733483980545,0.87,0,Low,363.6,866
CUST-002125,"Schaefer, Levine and Brown",SMB,Energy,41806.32,13108.72,train,0,0.008719649834999428,0.87,0,Low,364.54,867
CUST-002496,"Nielsen, Lynch and Smith",Mid-Market,Technology,202397.15,74445.55,train,0,0.008656787056436481,0.87,0,Low,1752.11,868
CUST-000848,"Greer, Potter and Evans",Mid-Market,Insurance,123610.88,44785.92,test,0,0.008645963787252166,0.86,0,Low,1068.74,869
CUST-000268,Jimenez Ltd,Mid-Market,Retail,207326.56,30321.92,train,0,0.008525359068282945,0.85,0,Low,1767.53,870
CUST-002407,"Higgins, Hobbs and Meyer",Mid-Market,Energy,114810.05,71829.13,test,0,0.008488161483741428,0.85,0,Low,974.53,871
CUST-002025,Williams LLC,Enterprise,Healthcare,1402846.1,366305.94,train,0,0.008446444329437655,0.84,0,Low,11849.06,872
CUST-000225,Jones-Soto,SMB,Telecommunications,38804.22,10580.81,train,0,0.008439163641137974,0.84,0,Low,327.48,873
CUST-000148,"Holmes, Williams and Wright",SMB,Professional Services,32196.99,9430.95,train,0,0.008360822619998208,0.84,0,Low,269.19,874
CUST-001260,Butler-French,SMB,Education,45041.11,10220.79,train,0,0.008283583431135059,0.83,0,Low,373.1,875
CUST-002138,Hernandez-Howell,SMB,Energy,30466.66,12505.55,train,0,0.008278769452554102,0.83,0,Low,252.23,876
CUST-000277,Cook-Hines,Mid-Market,Transportation,137207.95,72725.98,train,0,0.008275767380584158,0.83,0,Low,1135.5,877
CUST-001744,Warren and Sons,SMB,Energy,48894.13,20718.73,train,0,0.008207535393617519,0.82,0,Low,401.3,878
CUST-001807,Young Ltd,SMB,Education,43641.07,6971.99,test,0,0.008189810246070262,0.82,0,Low,357.41,879
CUST-000666,Cannon Ltd,Enterprise,Transportation,2210809.82,456642.64,validation,0,0.00816652764595318,0.82,0,Low,18054.64,880
CUST-001893,Ortega LLC,Mid-Market,Transportation,130940.4,46632.76,train,0,0.008159076654078114,0.82,0,Low,1068.35,881
CUST-000113,"Rodriguez, Brennan and Garrison",Mid-Market,Manufacturing,180379.23,66757.95,test,0,0.008120244605003145,0.81,0,Low,1464.72,882
CUST-000785,Diaz-Frederick,SMB,Media,44144.19,7583.28,test,0,0.008119057734109201,0.81,0,Low,358.41,883
CUST-002317,"Moore, Simpson and Soto",Mid-Market,Technology,141124.66,33811.59,train,0,0.008085148982333246,0.81,0,Low,1141.01,884
CUST-000108,Dickson-Brady,Mid-Market,Healthcare,114445.11,86460.07,train,0,0.008077118628846348,0.81,0,Low,924.39,885
CUST-001133,"Davis, Kelly and Garner",SMB,Retail,21038.3,9523.41,train,0,0.008043915425519802,0.8,0,Low,169.23,886
CUST-001334,Arnold PLC,SMB,Professional Services,60948.37,19161.47,train,0,0.00801287573513767,0.8,0,Low,488.37,887
CUST-001959,Reilly Group,Mid-Market,Telecommunications,137678.73,42827.71,validation,0,0.007938887699038579,0.79,0,Low,1093.02,888
CUST-000663,"Brown, Mcknight and Michael",SMB,Technology,47419.41,11498.92,train,0,0.007919277143659404,0.79,0,Low,375.53,889
CUST-001085,Vaughn-Williams,Mid-Market,Healthcare,259300.07,85329.05,train,0,0.007911987582147922,0.79,0,Low,2051.58,890
CUST-000597,Salas-Fitzgerald,SMB,Energy,74656.06,20136.24,test,0,0.007890590096553948,0.79,0,Low,589.08,891
CUST-000238,"Hall, Baker and Moody",Mid-Market,Telecommunications,139047.72,56231.31,validation,0,0.007885842337468923,0.79,0,Low,1096.51,892
CUST-001626,"Williams, Jackson and Campbell",SMB,Education,69582.42,11695.68,train,0,0.007885611141141013,0.79,0,Low,548.7,893
CUST-002023,Mcpherson Ltd,Mid-Market,Banking,255967.7,83840.88,train,0,0.007834966058142628,0.78,0,Low,2005.5,894
CUST-000949,Hernandez Group,SMB,Banking,72316.41,6892.68,validation,0,0.007826464398448293,0.78,0,Low,565.98,895
CUST-001051,"Greene, Gonzalez and Johnson",Mid-Market,Banking,148181.96,48415.31,train,0,0.0077861442517030924,0.78,0,Low,1153.77,896
CUST-002167,"Leonard, Rogers and Shaw",SMB,Education,45198.47,7826.82,train,0,0.0077806198036713325,0.78,0,Low,351.67,897
CUST-001301,Haynes Inc,Mid-Market,Professional Services,149791.12,74925.21,train,0,0.007759301632755572,0.78,0,Low,1162.27,898
CUST-002230,Holloway Ltd,SMB,Banking,45049.71,10239.12,train,0,0.007699301870024984,0.77,0,Low,346.85,899
CUST-001734,"Brown, Meyer and Cunningham",SMB,Technology,59790.15,13061.63,train,0,0.00765148345329517,0.77,0,Low,457.48,900
CUST-000439,Davis-Gregory,Mid-Market,Telecommunications,145176.71,44443.49,train,0,0.007643089247994902,0.76,0,Low,1109.6,901
CUST-001059,Elliott-Hernandez,SMB,Professional Services,31089.42,7143.73,train,0,0.007639591435360655,0.76,0,Low,237.51,902
CUST-002169,Harris-Reid,SMB,Banking,37410.26,13803.13,train,0,0.007627735410719724,0.76,0,Low,285.36,903
CUST-000742,Jacobson Inc,SMB,Professional Services,31334.74,9880.74,test,0,0.007571324917478501,0.76,0,Low,237.25,904
CUST-002073,Williams-Carter,Mid-Market,Retail,126721.74,41236.26,train,0,0.007553653222999104,0.76,0,Low,957.21,905
CUST-001609,Adams Group,SMB,Transportation,31210.55,7716.29,train,0,0.007522718586034958,0.75,0,Low,234.79,906
CUST-000939,"Flores, Mckenzie and Duncan",Mid-Market,Healthcare,195918.14,83725.53,train,0,0.00749391159279782,0.75,0,Low,1468.19,907
CUST-001615,Hanson-Alexander,Enterprise,Education,1295590.26,376209.97,train,0,0.007491876922169618,0.75,0,Low,9706.4,908
CUST-001691,White Ltd,SMB,Manufacturing,66486.67,19732.44,test,0,0.007481492734662304,0.75,0,Low,497.42,909
CUST-001002,Garcia Ltd,SMB,Transportation,26630.3,16595.01,train,0,0.0074657679304267555,0.75,0,Low,198.82,910
CUST-001775,Durham-Myers,Mid-Market,Healthcare,311523.87,45971.74,train,0,0.007457732925976667,0.75,0,Low,2323.26,911
CUST-000018,"Flowers, Martin and Kelly",Mid-Market,Professional Services,171365.11,44403.82,validation,0,0.007448132455243277,0.74,0,Low,1276.35,912
CUST-001606,Castillo and Sons,Enterprise,Professional Services,1166350.67,291837.46,train,0,0.00743484384306266,0.74,0,Low,8671.64,913
CUST-002381,"Wilson, Harris and Ward",Enterprise,Insurance,738213.69,309027.25,train,0,0.00743405653631701,0.74,0,Low,5487.92,914
CUST-000642,Turner-Sharp,SMB,Banking,42379.58,12572.52,train,0,0.007371376620107645,0.74,0,Low,312.4,915
CUST-001119,Rogers LLC,SMB,Energy,33901.87,18119.74,train,0,0.0073383569845350835,0.73,0,Low,248.78,916
CUST-000898,Goodwin PLC,SMB,Media,49836.59,13720.01,validation,0,0.007329278412355256,0.73,0,Low,365.27,917
CUST-000670,"Anderson, Dalton and Wilson",SMB,Media,69034.94,17790.75,train,0,0.0073205825011749635,0.73,0,Low,505.38,918
CUST-002112,"Perez, Rodriguez and Rollins",Mid-Market,Telecommunications,175290.29,31809.41,test,0,0.007291018225323331,0.73,0,Low,1278.04,919
CUST-001478,Adkins-Meyer,SMB,Insurance,64411.05,9024.05,test,0,0.007263751411267585,0.73,0,Low,467.87,920
CUST-000635,Gibbs-Bradley,SMB,Healthcare,59079.2,16638.99,train,0,0.007258499245329186,0.73,0,Low,428.83,921
CUST-002185,Michael-Barber,SMB,Banking,41677.61,18570.55,train,0,0.007232295683888083,0.72,0,Low,301.42,922
CUST-000029,"Ross, Robinson and Bright",SMB,Education,27369.45,10706.98,train,0,0.007230320285245491,0.72,0,Low,197.89,923
CUST-000557,Marshall-Peterson,Mid-Market,Healthcare,140643.11,53370.15,train,0,0.00722799644384685,0.72,0,Low,1016.57,924
CUST-001960,Hughes and Sons,Mid-Market,Banking,191929.02,55537.14,train,0,0.007203334704388627,0.72,0,Low,1382.53,925
CUST-002339,Smith Inc,SMB,Professional Services,33580.71,20767.1,train,0,0.007201684342032053,0.72,0,Low,241.84,926
CUST-001701,"Grant, Bryan and Williams",SMB,Professional Services,58621.85,15169.36,train,0,0.007175998474828307,0.72,0,Low,420.67,927
CUST-000286,Bowen Group,SMB,Insurance,35125.66,17266.42,train,0,0.007172922745023723,0.72,0,Low,251.95,928
CUST-000272,"Suarez, Shields and Hill",SMB,Media,37354.16,9768.92,validation,0,0.007131228325598443,0.71,0,Low,266.38,929
CUST-001182,"Hall, Hinton and Phillips",SMB,Media,36623.16,17556.15,train,0,0.007110918844242452,0.71,0,Low,260.42,930
CUST-000291,Brennan-Johnson,SMB,Retail,25775.67,7502.41,validation,0,0.007102271451576572,0.71,0,Low,183.07,931
CUST-001556,Williams and Sons,SMB,Media,49784.51,20146.98,train,0,0.007047396211644304,0.7,0,Low,350.85,932
CUST-001876,Douglas-Yoder,SMB,Insurance,74964.05,20198.85,train,0,0.0070276529571163425,0.7,0,Low,526.82,933
CUST-000975,"Adkins, Wright and Murray",SMB,Education,54896.97,11185.7,validation,0,0.007007750015242751,0.7,0,Low,384.7,934
CUST-001239,Waller-Chavez,SMB,Insurance,58083.04,9932.75,train,0,0.006998196982346942,0.7,0,Low,406.48,935
CUST-001148,Mendez Ltd,Enterprise,Energy,1020979.15,379263.18,validation,0,0.006990498977978045,0.7,0,Low,7137.15,936
CUST-001469,Nunez-Freeman,Mid-Market,Manufacturing,252398.18,88634.98,validation,0,0.006920841022546358,0.69,0,Low,1746.81,937
CUST-001603,Duncan-Williams,SMB,Energy,49060.72,18756.11,validation,0,0.0069091090576656414,0.69,0,Low,338.97,938
CUST-000749,Hickman-Evans,SMB,Technology,63434.41,20271.7,train,0,0.00689477720909926,0.69,0,Low,437.37,939
CUST-000260,Dean-Jimenez,SMB,Education,40077.18,14020.52,train,0,0.006889905933230696,0.69,0,Low,276.13,940
CUST-002420,"Wright, Murphy and Aguilar",SMB,Manufacturing,86511.67,19099.65,train,0,0.0068823576817145056,0.69,0,Low,595.4,941
CUST-000717,Murray-Oconnor,SMB,Transportation,36145.81,19099.65,validation,0,0.006861008375087374,0.69,0,Low,248.0,942
CUST-000720,"Bernard, Warren and Combs",Mid-Market,Telecommunications,172981.82,89661.91,train,0,0.006807839644438819,0.68,0,Low,1177.63,943
CUST-000430,Ford-Spencer,Mid-Market,Energy,102308.92,51000.06,train,0,0.006789773257381554,0.68,0,Low,694.65,944
CUST-000026,Wilkerson-Day,Mid-Market,Banking,136058.13,84058.84,validation,0,0.00677990474042668,0.68,0,Low,922.46,945
CUST-001203,"Davis, Stanley and Wright",SMB,Technology,58906.11,10694.99,test,0,0.006773870084696374,0.68,0,Low,399.02,946
CUST-001138,Mason Ltd,SMB,Banking,43863.47,15856.79,train,0,0.0067335132414418335,0.67,0,Low,295.36,947
CUST-001822,Joseph LLC,SMB,Media,76991.12,19312.96,test,0,0.006715480413393127,0.67,0,Low,517.03,948
CUST-002310,"Munoz, Howard and Davis",Mid-Market,Technology,79497.06,40263.43,train,0,0.006712887372018847,0.67,0,Low,533.65,949
CUST-001820,Perez-Coleman,Mid-Market,Education,113099.0,57287.52,train,0,0.006691156652263612,0.67,0,Low,756.76,950
CUST-002498,"Woodard, Warner and Farmer",SMB,Transportation,44346.77,11217.89,train,0,0.006665618259352482,0.67,0,Low,295.6,951
CUST-001762,"Flores, Thomas and Bush",Mid-Market,Banking,183674.73,65794.69,train,0,0.006664347964370235,0.67,0,Low,1224.07,952
CUST-001813,Taylor Inc,SMB,Education,68906.98,13120.32,train,0,0.0066441706651480985,0.66,0,Low,457.83,953
CUST-000620,Russell Group,Mid-Market,Technology,158605.49,71722.07,train,0,0.006601082937982456,0.66,0,Low,1046.97,954
CUST-000724,Mann Inc,SMB,Professional Services,58300.12,20543.77,validation,0,0.006573695011737831,0.66,0,Low,383.25,955
CUST-001862,"Garrison, Rogers and Adams",Mid-Market,Energy,290194.33,63951.31,train,0,0.0065190802529914655,0.65,0,Low,1891.8,956
CUST-000833,"Ellison, Arias and Thompson",SMB,Professional Services,35902.23,12887.8,train,0,0.006514833837361936,0.65,0,Low,233.9,957
CUST-000901,Wright PLC,SMB,Banking,43448.74,18886.51,test,0,0.006513504845132478,0.65,0,Low,283.0,958
CUST-002101,Johnson-Thomas,Mid-Market,Transportation,178748.08,60070.69,train,0,0.006376345785337458,0.64,0,Low,1139.76,959
CUST-000384,"Gallegos, Adams and White",Mid-Market,Healthcare,279339.52,86363.8,train,0,0.006356623878567897,0.64,0,Low,1775.66,960
CUST-000208,Davis and Sons,SMB,Professional Services,64353.86,16510.29,train,0,0.00634209167872437,0.63,0,Low,408.14,961
CUST-001622,Singh and Sons,Enterprise,Manufacturing,1775911.32,375846.29,validation,0,0.006313648202649794,0.63,0,Low,11212.48,962
CUST-002062,Baker Ltd,SMB,Professional Services,36449.68,9510.7,train,0,0.00623525472463111,0.62,0,Low,227.27,963
CUST-001570,Hudson and Sons,SMB,Education,23807.58,7096.3,train,0,0.006205848067022933,0.62,0,Low,147.75,964
CUST-002098,Williams-Turner,SMB,Energy,46907.6,14600.3,test,0,0.0061981724458842515,0.62,0,Low,290.74,965
CUST-000395,"Ramos, Nelson and Fischer",Mid-Market,Insurance,117495.27,41492.37,train,0,0.0061396363799823385,0.61,0,Low,721.38,966
CUST-001922,Wilson PLC,Mid-Market,Media,289552.26,88414.45,train,0,0.006135237084050374,0.61,0,Low,1776.47,967
CUST-001601,"Wagner, Walker and Roberts",SMB,Manufacturing,25846.29,12533.79,train,0,0.006132260651448029,0.61,0,Low,158.5,968
CUST-000467,Davis-Lozano,SMB,Media,38477.9,19674.3,test,0,0.006107281828096023,0.61,0,Low,235.0,969
CUST-001522,Daniels and Sons,SMB,Professional Services,47623.95,18562.4,train,0,0.006072052103927864,0.61,0,Low,289.18,970
CUST-000509,Jackson-Wallace,Mid-Market,Insurance,187201.25,39390.72,test,0,0.006056569750578816,0.61,0,Low,1133.8,971
CUST-001600,Maddox-Mullins,Mid-Market,Manufacturing,304544.03,91867.93,train,0,0.005992487428198688,0.6,0,Low,1824.98,972
CUST-001456,Gonzalez-Marsh,SMB,Professional Services,44635.63,9759.56,validation,0,0.00592188946776478,0.59,0,Low,264.33,973
CUST-000129,"Mccall, Hanson and Alvarado",SMB,Education,32579.18,17137.92,train,0,0.005911793013146875,0.59,0,Low,192.6,974
CUST-000275,Monroe-Carpenter,Mid-Market,Education,218894.87,62861.43,train,0,0.005900335291214426,0.59,0,Low,1291.55,975
CUST-000350,"Smith, Garrison and Thomas",Mid-Market,Energy,295226.96,93059.47,train,0,0.005806491038110359,0.58,0,Low,1714.23,976
CUST-000215,"Washington, Hardy and Bray",SMB,Retail,78360.49,17641.02,train,0,0.005773814520041113,0.58,0,Low,452.44,977
CUST-000806,Perry-Nixon,SMB,Education,34615.73,12661.03,train,0,0.00574232769912792,0.57,0,Low,198.77,978
CUST-001880,Hammond-Schwartz,Mid-Market,Professional Services,346885.51,96232.5,train,0,0.0057048559709211326,0.57,0,Low,1978.93,979
CUST-002004,Marsh-Dougherty,SMB,Banking,88453.82,16889.91,train,0,0.005679659822534342,0.57,0,Low,502.39,980
CUST-001530,"Pineda, Meyer and King",Mid-Market,Banking,258153.11,69315.58,train,0,0.005674657771710311,0.57,0,Low,1464.93,981
CUST-002220,King Group,Mid-Market,Healthcare,235262.87,94719.07,test,0,0.005667074856867491,0.57,0,Low,1333.25,982
CUST-002359,Barber-Harrison,Mid-Market,Manufacturing,264575.14,96114.39,train,0,0.005654261353027994,0.57,0,Low,1495.98,983
CUST-000451,"Wise, Conley and Stephenson",Mid-Market,Energy,218518.83,74005.6,train,0,0.005652823244806042,0.57,0,Low,1235.25,984
CUST-002306,Price Group,SMB,Manufacturing,54817.18,17911.31,test,0,0.005595242747545829,0.56,0,Low,306.72,985
CUST-001114,Stevens-Robinson,SMB,Technology,52104.86,8719.78,train,0,0.005583022642054758,0.56,0,Low,290.9,986
CUST-002136,Jimenez Inc,Mid-Market,Technology,244195.31,71009.9,train,0,0.005531266824077999,0.55,0,Low,1350.71,987
CUST-001218,"Powers, Clements and Cox",Mid-Market,Banking,170807.3,42384.03,train,0,0.005517795103173646,0.55,0,Low,942.48,988
CUST-001575,Sandoval-Ferguson,SMB,Professional Services,62545.26,14330.78,train,0,0.005510548923804123,0.55,0,Low,344.66,989
CUST-001026,"Walker, Cunningham and Zuniga",Mid-Market,Technology,306402.94,84906.28,test,0,0.00545928555006753,0.55,0,Low,1672.74,990
CUST-002036,Morgan-Rodriguez,Mid-Market,Banking,165882.73,48001.95,train,0,0.005388591249047311,0.54,0,Low,893.87,991
CUST-000063,Wright and Sons,Mid-Market,Education,233557.9,70842.77,train,0,0.005363643640068861,0.54,0,Low,1252.72,992
CUST-002126,Morgan PLC,Mid-Market,Transportation,171451.32,45727.27,train,0,0.005333504463114991,0.53,0,Low,914.44,993
CUST-000476,Gilbert-Bullock,SMB,Technology,48764.27,8935.65,train,0,0.005333169563703704,0.53,0,Low,260.07,994
CUST-002433,"Wood, Crane and Guzman",SMB,Banking,29306.13,8995.03,train,0,0.005288550452825303,0.53,0,Low,154.99,995
CUST-001793,"Wise, Gray and Snyder",SMB,Insurance,29556.61,10562.21,train,0,0.005237879247792324,0.52,0,Low,154.81,996
CUST-002031,Gould LLC,SMB,Technology,36344.32,12322.16,train,0,0.005228271076303033,0.52,0,Low,190.02,997
CUST-002469,Garcia-Thomas,SMB,Energy,40387.39,11599.29,train,0,0.005204769559600758,0.52,0,Low,210.21,998
CUST-001477,Nelson-Wallace,Mid-Market,Insurance,185004.59,35704.84,train,0,0.005154868152409751,0.52,0,Low,953.67,999
CUST-001887,"Vasquez, Thomas and Mack",Mid-Market,Transportation,157208.58,33993.37,train,0,0.005058202432553143,0.51,0,Low,795.19,1000
CUST-002283,Alexander Ltd,Mid-Market,Retail,290774.29,65827.03,train,0,0.004998420278043598,0.5,0,Low,1453.41,1001
CUST-001162,"Wagner, Martinez and Dawson",Mid-Market,Retail,268734.77,80230.57,validation,0,0.004983225332183196,0.5,0,Low,1339.17,1002
CUST-000371,Mcdaniel Group,Mid-Market,Healthcare,160015.55,72737.24,validation,0,0.004975875036629571,0.5,0,Low,796.22,1003
CUST-002113,Owens PLC,Mid-Market,Media,206536.52,71794.62,train,0,0.004957463452127837,0.5,0,Low,1023.9,1004
CUST-002473,Avery-Adams,SMB,Professional Services,32755.08,11847.5,train,0,0.004908264772390623,0.49,0,Low,160.77,1005
CUST-001832,"Osborne, Harrison and Hunt",Mid-Market,Banking,268339.16,60426.66,train,0,0.004874896885310783,0.49,0,Low,1308.13,1006
CUST-002365,Howell LLC,Mid-Market,Manufacturing,157917.54,67074.71,train,0,0.004874717211271521,0.49,0,Low,769.8,1007
CUST-002410,"Vargas, Allen and Schroeder",SMB,Technology,45219.23,6606.18,test,0,0.004867040124909362,0.49,0,Low,220.08,1008
CUST-001728,Peterson-Ramsey,Mid-Market,Telecommunications,343507.86,63025.09,train,0,0.004846079136863147,0.48,0,Low,1664.67,1009
CUST-000110,Johnson-Doyle,SMB,Retail,35176.68,12968.32,train,0,0.004833522490622996,0.48,0,Low,170.03,1010
CUST-001128,Knox-Powers,Mid-Market,Education,308369.01,62849.38,train,0,0.004801401703520824,0.48,0,Low,1480.6,1011
CUST-000754,Peterson PLC,SMB,Transportation,53403.14,16670.15,train,0,0.004776136149844906,0.48,0,Low,255.06,1012
CUST-000618,Love-Garcia,SMB,Retail,66265.75,12224.34,train,0,0.004691680604886421,0.47,0,Low,310.9,1013
CUST-000944,Murphy-Tran,Mid-Market,Professional Services,191865.69,31427.68,train,0,0.004689991475123602,0.47,0,Low,899.85,1014
CUST-000289,"Miller, Murphy and Craig",Mid-Market,Manufacturing,203010.3,79525.96,test,0,0.00466267944278272,0.47,0,Low,946.57,1015
CUST-001005,"Bradford, Salinas and Kelly",Mid-Market,Manufacturing,417782.75,91173.88,train,0,0.00454803945271794,0.45,0,Low,1900.09,1016
CUST-001578,"Jordan, Swanson and Franklin",Mid-Market,Healthcare,296217.59,72761.98,train,0,0.0045290837908119495,0.45,0,Low,1341.59,1017
CUST-002174,"Richard, Davis and Rogers",SMB,Technology,42709.96,8666.89,train,0,0.004523719573446768,0.45,0,Low,193.21,1018
CUST-000149,Bryant Group,Strategic,Transportation,8750276.9,949566.28,train,0,0.004490870120038495,0.45,0,Low,39296.36,1019
CUST-000078,Yu Inc,Strategic,Media,11097660.99,995959.42,validation,0,0.004393457870671587,0.44,0,Low,48757.11,1020
CUST-000279,Pollard and Sons,Mid-Market,Energy,256801.97,45027.64,train,0,0.004231661423357819,0.42,0,Low,1086.7,1021
CUST-000206,Freeman-Chang,SMB,Banking,46055.41,19477.86,train,0,0.004224544870322512,0.42,0,Low,194.56,1022
CUST-000860,"Martinez, Cline and Wright",Mid-Market,Manufacturing,224904.14,83408.69,train,0,0.004184378663958779,0.42,0,Low,941.08,1023
CUST-001254,Vaughn LLC,SMB,Technology,33941.39,13006.16,train,0,0.004110308075066717,0.41,0,Low,139.51,1024
CUST-001180,Hernandez-Davis,Enterprise,Technology,3148906.71,359789.68,train,0,0.004033278407597195,0.4,0,Low,12700.42,1025
CUST-000968,Baker-Wilson,Mid-Market,Technology,266212.62,69136.83,train,0,0.003926430296393198,0.39,0,Low,1045.27,1026
CUST-001147,Glover-Chan,Mid-Market,Transportation,190152.37,72314.88,train,0,0.003868442542413314,0.39,0,Low,735.59,1027
CUST-002049,"Miller, Luna and Wallace",SMB,Manufacturing,47935.5,9195.39,train,0,0.003737779607695193,0.37,0,Low,179.17,1028
CUST-000914,Hunter-Fuller,Mid-Market,Media,207172.03,73503.8,train,0,0.0037208242191070946,0.37,0,Low,770.85,1029
CUST-000127,"Mcdaniel, Bentley and Mclaughlin",Strategic,Energy,10035256.48,1097335.21,train,0,0.003185532883522959,0.32,0,Low,31967.64,1030
CUST-002194,Washington-Esparza,Mid-Market,Professional Services,130703.87,54287.76,train,0,0.0030137565502296043,0.3,0,Low,393.91,1031
CUST-001534,"Wilson, Mccormick and Smith",Strategic,Media,16105182.47,1355738.25,validation,0,0.0017626356771254115,0.18,0,Low,28387.57,1032
CUST-000723,Kirby and Sons,Strategic,Manufacturing,10810523.86,1388988.83,train,0,0.0007534563077589948,0.08,0,Low,8145.26,1033
CUST-002360,Hall-Robinson,Strategic,Healthcare,8381576.82,1235298.27,train,0,0.0003416081018034946,0.03,0,Low,2863.21,1034
CUST-001812,Roberts Ltd,Strategic,Manufacturing,4632857.4,1193381.35,train,0,0.00027498135754556687,0.03,0,Low,1273.95,1035
CUST-001930,"Williams, Garcia and Boone",Strategic,Healthcare,13087451.97,1414999.1,train,0,0.0002739010942433992,0.03,0,Low,3584.67,1036
CUST-000120,"Rivera, Johnson and Wiley",Enterprise,Healthcare,2032551.7,278982.64,train,0,0.0002115370427445001,0.02,0,Low,429.96,1037
CUST-000035,"Dyer, Potter and Mack",Mid-Market,Healthcare,722366.4,89735.73,validation,0,0.00018468836514078996,0.02,0,Low,133.41,1038
CUST-001644,Berry Group,Enterprise,Education,3204646.21,483038.88,test,0,0.00017647560316836703,0.02,0,Low,565.54,1039
CUST-000027,Baker and Sons,Enterprise,Transportation,2960019.31,345024.42,validation,0,0.0001715874020686719,0.02,0,Low,507.9,1040
CUST-002414,West PLC,Mid-Market,Telecommunications,506930.18,128857.18,train,0,0.00017122708426844666,0.02,0,Low,86.8,1041
CUST-000230,Kerr-Evans,Enterprise,Manufacturing,2275304.65,339972.31,train,0,0.00017118745734937896,0.02,0,Low,389.5,1042
CUST-002390,"Fisher, Perez and Pham",Strategic,Banking,13581931.96,1450382.78,test,0,0.00016700354031611107,0.02,0,Low,2268.23,1043
CUST-001525,"Wright, Wise and Ramos",Enterprise,Manufacturing,2993765.83,468181.26,train,0,0.00016086539514962686,0.02,0,Low,481.59,1044
CUST-002072,Ward-Fields,Mid-Market,Banking,252842.31,85038.79,validation,0,0.00015952955823761013,0.02,0,Low,40.34,1045
CUST-002422,Poole-Miller,Strategic,Technology,8724544.35,1462636.08,train,0,0.00015867452934092993,0.02,0,Low,1384.36,1046
CUST-000767,Johnson LLC,Mid-Market,Healthcare,421086.06,157641.39,train,0,0.00015779990116742416,0.02,0,Low,66.45,1047
CUST-002074,"Mayer, Palmer and Miranda",Enterprise,Insurance,3061343.62,286153.45,train,0,0.00015083497888605593,0.02,0,Low,461.76,1048
CUST-002200,Edwards LLC,Mid-Market,Transportation,388078.09,113914.97,test,0,0.00014959983237576617,0.01,0,Low,58.06,1049
CUST-001104,"Arnold, Cooper and Monroe",Mid-Market,Media,402389.67,95534.25,train,0,0.0001483911248698929,0.01,0,Low,59.71,1050
CUST-002425,"Fox, Chapman and Stone",Mid-Market,Energy,679034.18,129616.95,train,0,0.0001480782335607659,0.01,0,Low,100.55,1051
CUST-001906,"Barker, Tucker and Mcclure",Enterprise,Telecommunications,1332896.26,294318.13,train,0,0.0001474585255221552,0.01,0,Low,196.55,1052
CUST-001149,Powell-Sanford,Mid-Market,Banking,460927.3,95453.47,train,0,0.0001462877982426055,0.01,0,Low,67.43,1053
CUST-000779,Alexander-Jordan,Enterprise,Banking,2993717.91,489581.64,test,0,0.0001433219712712591,0.01,0,Low,429.07,1054
CUST-001192,Wilson Ltd,Enterprise,Retail,3372226.88,466360.77,train,0,0.000141466379421262,0.01,0,Low,477.06,1055
CUST-000958,"Miller, Davis and Anderson",Enterprise,Retail,3324974.37,512441.18,train,0,0.00014132566258751484,0.01,0,Low,469.9,1056
CUST-000611,Williams-Moses,Enterprise,Media,2513250.86,424256.54,train,0,0.00014080440651416122,0.01,0,Low,353.88,1057
CUST-002171,Mitchell Inc,Mid-Market,Energy,574846.73,140046.47,train,0,0.0001405536570264349,0.01,0,Low,80.8,1058
CUST-000079,Jones Inc,Mid-Market,Banking,407742.13,86607.6,test,0,0.00014001433376574488,0.01,0,Low,57.09,1059
CUST-002294,Brooks-Hickman,Enterprise,Telecommunications,2373589.89,596633.9,train,0,0.00013892071800504122,0.01,0,Low,329.74,1060
CUST-000137,"Lewis, Kennedy and Santana",Mid-Market,Media,570113.55,150448.37,train,0,0.00013745357129201904,0.01,0,Low,78.36,1061
CUST-000117,Ross LLC,Mid-Market,Education,441834.65,102357.08,validation,0,0.0001366226036950828,0.01,0,Low,60.36,1062
CUST-002300,"Meadows, Robles and Anderson",Enterprise,Professional Services,1105210.51,294459.43,train,0,0.00013511959749024376,0.01,0,Low,149.34,1063
CUST-000019,"Adams, Zuniga and Wong",Mid-Market,Transportation,579513.0,126554.43,train,0,0.0001336894884286476,0.01,0,Low,77.47,1064
CUST-002084,"Norris, Cisneros and Mathis",Mid-Market,Education,524777.54,90198.06,train,0,0.00013311329925644322,0.01,0,Low,69.85,1065
CUST-000420,Thompson Ltd,Mid-Market,Technology,566260.53,108343.91,train,0,0.00013294389469837626,0.01,0,Low,75.28,1066
CUST-001061,"Gutierrez, Avila and Perez",Mid-Market,Professional Services,385612.84,116606.48,train,0,0.0001324864464787275,0.01,0,Low,51.09,1067
CUST-001620,Cooper Inc,Mid-Market,Manufacturing,574109.33,124199.01,train,0,0.00013244676697200065,0.01,0,Low,76.04,1068
CUST-002143,Beard-Wilson,Mid-Market,Telecommunications,648373.92,135177.6,train,0,0.00012955661407681388,0.01,0,Low,84.0,1069
CUST-001197,"Mcpherson, Anderson and Knapp",Enterprise,Banking,1534385.52,302358.96,train,0,0.00012717065757199825,0.01,0,Low,195.13,1070
CUST-000099,Williams-Cook,Mid-Market,Healthcare,365611.35,126628.96,train,0,0.00012538419037939227,0.01,0,Low,45.84,1071
CUST-000922,Wilson-Salazar,Mid-Market,Professional Services,631607.95,138794.38,train,0,0.00012403226524850404,0.01,0,Low,78.34,1072
CUST-001559,Duncan Group,Mid-Market,Media,538637.19,149897.82,train,0,0.00012400836219886115,0.01,0,Low,66.8,1073
CUST-002161,Jackson-Ryan,Enterprise,Banking,3096179.77,483964.89,train,0,0.00012372519367457983,0.01,0,Low,383.08,1074
CUST-000053,Chapman and Sons,Enterprise,Education,3377234.45,477203.25,train,0,0.00012054920532345057,0.01,0,Low,407.12,1075
CUST-002325,Mack Inc,Mid-Market,Banking,408382.17,95166.67,validation,0,0.000120401275281981,0.01,0,Low,49.17,1076
CUST-000049,Hickman Ltd,Enterprise,Retail,2555936.63,504150.53,test,0,0.00011944474473238197,0.01,0,Low,305.29,1077
CUST-001140,Taylor and Sons,Mid-Market,Professional Services,540963.21,123204.27,test,0,0.00011813768831931551,0.01,0,Low,63.91,1078
CUST-000930,"Proctor, Burton and Crawford",Mid-Market,Telecommunications,333002.48,156132.75,test,0,0.000117822860551362,0.01,0,Low,39.24,1079
CUST-001248,"Butler, Adkins and Skinner",Enterprise,Technology,1477895.13,255102.95,validation,0,0.00011748260810468046,0.01,0,Low,173.63,1080
CUST-000650,Todd-Pham,Enterprise,Banking,2244990.04,456052.83,validation,0,0.00011721068945809668,0.01,0,Low,263.14,1081
CUST-001009,"Thomas, Vaughan and Copeland",Mid-Market,Telecommunications,455225.21,92754.65,train,0,0.0001171671466460548,0.01,0,Low,53.34,1082
CUST-001392,"Olson, Wood and Peters",Enterprise,Telecommunications,2113991.88,423206.36,train,0,0.00011663132772156653,0.01,0,Low,246.56,1083
CUST-000041,Ryan PLC,Mid-Market,Energy,589168.52,103801.03,validation,0,0.00011595285394287993,0.01,0,Low,68.32,1084
CUST-000130,Cortez LLC,Mid-Market,Telecommunications,712746.23,143147.13,test,0,0.0001153766729710106,0.01,0,Low,82.23,1085
CUST-000200,Christensen PLC,Enterprise,Energy,2304665.41,382029.63,train,0,0.00011451217203546989,0.01,0,Low,263.91,1086
CUST-001679,Gallegos-Hayes,Enterprise,Education,1501647.31,506398.58,train,0,0.00011335829460325102,0.01,0,Low,170.22,1087
CUST-000374,"Watson, Anderson and Brown",Mid-Market,Manufacturing,496178.51,97511.98,train,0,0.00011087567428702084,0.01,0,Low,55.01,1088
CUST-000561,"Rodriguez, Allen and Martinez",Enterprise,Energy,2535963.79,500163.01,train,0,0.00010963681052826364,0.01,0,Low,278.03,1089
CUST-000155,"Ramirez, Strickland and Washington",Enterprise,Insurance,1928784.27,427716.49,validation,0,0.00010776920075587228,0.01,0,Low,207.86,1090
CUST-001942,"Robinson, Townsend and Hopkins",Mid-Market,Healthcare,513848.55,144898.09,train,0,0.00010684687059396107,0.01,0,Low,54.9,1091
CUST-000735,Branch and Sons,Enterprise,Energy,2595835.09,524657.06,train,0,0.00010656713909014633,0.01,0,Low,276.63,1092
CUST-000490,Cooper Ltd,Mid-Market,Retail,660368.93,104539.06,test,0,0.00010573387982221064,0.01,0,Low,69.82,1093
CUST-002297,"Castillo, Fuller and Adams",Mid-Market,Energy,482087.32,127181.72,train,0,0.00010545465783889199,0.01,0,Low,50.84,1094
CUST-002158,Wright Ltd,Mid-Market,Transportation,412620.63,143723.41,train,0,0.00010354304817011221,0.01,0,Low,42.72,1095
CUST-000198,"Adams, Christian and Rivas",Mid-Market,Professional Services,409471.01,116452.64,train,0,0.00010163896234499455,0.01,0,Low,41.62,1096
CUST-001759,Lambert-Nelson,Mid-Market,Banking,718305.45,137951.32,test,0,0.0001015205269443815,0.01,0,Low,72.92,1097
CUST-002207,Young Inc,Enterprise,Media,3582901.42,518362.65,validation,0,0.00010122344478636464,0.01,0,Low,362.67,1098
CUST-000089,Suarez LLC,Mid-Market,Media,732257.01,148328.84,train,0,0.00010063375064670328,0.01,0,Low,73.69,1099
CUST-000394,"Miller, Ramos and Coleman",Enterprise,Media,2508233.09,523953.38,train,0,0.00010046595828919011,0.01,0,Low,251.99,1100
CUST-001099,Hull Ltd,Mid-Market,Telecommunications,500678.75,112294.33,validation,0,0.00010046328407182431,0.01,0,Low,50.3,1101
CUST-001571,"Curry, Perry and Garcia",Mid-Market,Manufacturing,753100.13,164777.19,train,0,9.99753760347461e-05,0.01,0,Low,75.29,1102
CUST-002268,Anderson-Mcclain,Mid-Market,Telecommunications,686347.23,175907.26,train,0,9.906238187965173e-05,0.01,0,Low,67.99,1103
CUST-000449,Lee-Cooke,Enterprise,Transportation,2960035.56,485279.58,train,0,9.896366334168272e-05,0.01,0,Low,292.94,1104
CUST-001441,"Ramirez, Walker and Ray",Mid-Market,Transportation,405368.79,135357.69,train,0,9.881391726882137e-05,0.01,0,Low,40.06,1105
CUST-001246,"Morris, Wilson and Bell",Mid-Market,Professional Services,703542.63,117368.44,train,0,9.875278835820218e-05,0.01,0,Low,69.48,1106
CUST-000448,Bean LLC,Enterprise,Banking,1954569.04,458123.41,validation,0,9.868060261410597e-05,0.01,0,Low,192.88,1107
CUST-001335,"Kennedy, Rowe and Diaz",Enterprise,Education,2237344.27,532279.92,train,0,9.862446014772856e-05,0.01,0,Low,220.66,1108
CUST-001012,"Robinson, Fox and Smith",Enterprise,Manufacturing,1999753.79,400014.87,train,0,9.799041065925737e-05,0.01,0,Low,195.96,1109
CUST-000766,Hawkins-Hunt,Mid-Market,Energy,530272.58,166366.12,train,0,9.738361633450611e-05,0.01,0,Low,51.64,1110
CUST-001353,Gomez-Parrish,Mid-Market,Manufacturing,405358.55,133968.93,validation,0,9.730942288302913e-05,0.01,0,Low,39.45,1111
CUST-000907,Cruz-Allen,Enterprise,Technology,2803054.46,513320.4,validation,0,9.693334951566279e-05,0.01,0,Low,271.71,1112
CUST-002399,Barnes-Blackwell,Enterprise,Banking,2079003.88,455902.4,train,0,9.672493896866899e-05,0.01,0,Low,201.09,1113
CUST-001956,Kane-Bennett,Mid-Market,Telecommunications,438183.9,93578.28,validation,0,9.609670715204048e-05,0.01,0,Low,42.11,1114
CUST-001146,Johnston and Sons,Mid-Market,Banking,359703.15,94038.06,test,0,9.571635187163798e-05,0.01,0,Low,34.43,1115
CUST-001041,"Jones, Mcmahon and Spence",Mid-Market,Healthcare,553127.25,140734.5,train,0,9.471160094950378e-05,0.01,0,Low,52.39,1116
CUST-000564,Wright-Grimes,Enterprise,Media,3397852.99,445956.91,test,0,9.340620171798079e-05,0.01,0,Low,317.38,1117
CUST-000166,Medina-Navarro,Enterprise,Professional Services,2761751.39,494672.36,validation,0,9.333200991517544e-05,0.01,0,Low,257.76,1118
CUST-001257,"Stevenson, Hancock and Newton",Enterprise,Professional Services,3271681.71,633404.81,train,0,9.289158327264413e-05,0.01,0,Low,303.91,1119
CUST-000573,Luna-Gallagher,Enterprise,Energy,1840648.47,393708.91,test,0,9.257653604040725e-05,0.01,0,Low,170.4,1120
CUST-001773,"Miranda, Ruiz and Meza",Mid-Market,Education,546168.08,154585.03,validation,0,9.231224679302068e-05,0.01,0,Low,50.42,1121
CUST-000339,Crosby-Ramirez,Mid-Market,Healthcare,332406.58,127245.84,test,0,9.097676355248863e-05,0.01,0,Low,30.24,1122
CUST-000871,Adams-Clayton,Mid-Market,Retail,394976.72,97785.19,train,0,8.927481242694893e-05,0.01,0,Low,35.26,1123
CUST-001025,"Johnson, Guzman and Mccall",Strategic,Technology,5195548.72,971620.91,train,0,8.834236064620725e-05,0.01,0,Low,458.99,1124
CUST-000793,Ewing-Mendoza,Enterprise,Transportation,1942286.22,544277.8,validation,0,8.803421413548916e-05,0.01,0,Low,170.99,1125
CUST-001442,Fox Group,Enterprise,Insurance,2735159.73,566380.19,train,0,8.795411992803651e-05,0.01,0,Low,240.57,1126
CUST-002117,"Fitzgerald, Mcdaniel and Randall",Mid-Market,Healthcare,468055.21,141888.65,train,0,8.781388156911188e-05,0.01,0,Low,41.1,1127
CUST-000380,Boone LLC,Mid-Market,Energy,375497.7,131157.36,train,0,8.710837779689538e-05,0.01,0,Low,32.71,1128
CUST-000751,"Rivera, Campos and Taylor",Enterprise,Healthcare,2490244.69,562435.1,train,0,8.670336498537606e-05,0.01,0,Low,215.91,1129
CUST-002279,"Yates, Brown and Hernandez",Enterprise,Media,2066529.09,459510.13,train,0,8.651919250958133e-05,0.01,0,Low,178.79,1130
CUST-001451,Haynes-Watson,Enterprise,Transportation,2562262.36,496099.72,train,0,8.582736218628512e-05,0.01,0,Low,219.91,1131
CUST-002152,Jensen-Gomez,Mid-Market,Professional Services,592677.67,95060.89,train,0,8.345155422490818e-05,0.01,0,Low,49.46,1132
CUST-000064,"West, Henderson and Ramirez",Mid-Market,Healthcare,586081.12,113055.27,train,0,8.33733418539443e-05,0.01,0,Low,48.86,1133
CUST-001154,Anderson-Reyes,Enterprise,Education,2190223.42,471884.36,train,0,8.297609093161882e-05,0.01,0,Low,181.74,1134
CUST-002419,"Armstrong, Taylor and Gray",Enterprise,Technology,2330458.52,452513.3,test,0,8.28962763165777e-05,0.01,0,Low,193.19,1135
CUST-000112,"Shields, Cochran and Adams",Mid-Market,Energy,282559.45,87903.46,train,0,8.188581538436474e-05,0.01,0,Low,23.14,1136
CUST-000311,"Beltran, Lozano and Mcgee",Mid-Market,Insurance,451290.49,131136.93,train,0,8.18459552313721e-05,0.01,0,Low,36.94,1137
CUST-000131,"Parker, Ortiz and Powell",Mid-Market,Technology,389976.99,105414.23,train,0,8.064941027794478e-05,0.01,0,Low,31.45,1138
CUST-000589,"Soto, Carlson and Baker",Mid-Market,Professional Services,561120.95,94081.97,train,0,8.049972277365195e-05,0.01,0,Low,45.17,1139
CUST-000596,Shaw-Carr,Mid-Market,Energy,555187.46,140449.49,train,0,8.000176342743268e-05,0.01,0,Low,44.42,1140
CUST-002221,Fowler-Haynes,Enterprise,Professional Services,1836008.72,343215.67,train,0,7.96952798321706e-05,0.01,0,Low,146.32,1141
CUST-000248,"Matthews, Smith and Hubbard",Enterprise,Retail,1475883.33,381733.68,train,0,7.960467954757804e-05,0.01,0,Low,117.49,1142
CUST-002228,Ruiz-Gutierrez,Enterprise,Media,4489011.81,857652.71,train,0,7.912379739262974e-05,0.01,0,Low,355.19,1143
CUST-001767,White-Carlson,Mid-Market,Education,461390.91,145500.01,train,0,7.887455775668958e-05,0.01,0,Low,36.39,1144
CUST-001069,Stokes and Sons,Strategic,Energy,6864730.97,1121098.2,train,0,7.810112662708519e-05,0.01,0,Low,536.14,1145
CUST-001697,"Aguirre, Franklin and Snyder",Mid-Market,Transportation,479154.78,99843.43,train,0,7.795836342479474e-05,0.01,0,Low,37.35,1146
CUST-000119,May-Ross,Mid-Market,Healthcare,377930.06,86622.35,train,0,7.747805579663635e-05,0.01,0,Low,29.28,1147
CUST-000563,Dougherty-Lin,Mid-Market,Insurance,445051.84,95758.18,train,0,7.668994683886465e-05,0.01,0,Low,34.13,1148
CUST-001474,Miller LLC,Mid-Market,Transportation,266097.28,124349.42,train,0,7.629211470809363e-05,0.01,0,Low,20.3,1149
CUST-002485,Nelson-King,Enterprise,Healthcare,2192898.03,489413.55,train,0,7.589578147852882e-05,0.01,0,Low,166.43,1150
CUST-001458,Taylor-Barry,Mid-Market,Technology,576559.15,157606.74,test,0,7.584880509417569e-05,0.01,0,Low,43.73,1151
CUST-002047,Hughes-Smith,Enterprise,Energy,3001238.91,565066.53,train,0,7.559328419303618e-05,0.01,0,Low,226.87,1152
CUST-001737,Montes LLC,Mid-Market,Retail,388847.17,124353.87,train,0,7.544100390436464e-05,0.01,0,Low,29.34,1153
CUST-001958,Brown-Graham,Strategic,Technology,12036324.08,1588175.26,train,0,7.499429876591925e-05,0.01,0,Low,902.66,1154
CUST-001796,Guerrero Group,Mid-Market,Insurance,390095.96,117172.8,train,0,7.372030312838666e-05,0.01,0,Low,28.76,1155
CUST-001255,Molina Inc,Enterprise,Manufacturing,3366625.79,576137.79,train,0,7.344278509062443e-05,0.01,0,Low,247.25,1156
CUST-000437,Ortiz-Morgan,Enterprise,Education,2953792.05,583390.26,validation,0,7.333693197068116e-05,0.01,0,Low,216.62,1157
CUST-001240,Taylor PLC,Enterprise,Technology,1279972.96,435829.18,train,0,7.300325775469864e-05,0.01,0,Low,93.44,1158
CUST-000415,Dixon Inc,Mid-Market,Insurance,341914.2,127196.05,train,0,7.236308425870694e-05,0.01,0,Low,24.74,1159
CUST-000688,"Shelton, Peters and Williams",Enterprise,Retail,1997722.63,516744.72,test,0,7.229581526584263e-05,0.01,0,Low,144.43,1160
CUST-000759,Miller-Montgomery,Mid-Market,Banking,494267.88,153748.5,train,0,7.214470897153986e-05,0.01,0,Low,35.66,1161
CUST-002397,Orr Inc,Enterprise,Media,1670075.61,468494.8,validation,0,7.190014105888739e-05,0.01,0,Low,120.08,1162
CUST-001597,"Reyes, Torres and Williams",Mid-Market,Education,487878.64,126109.67,train,0,7.101297722924467e-05,0.01,0,Low,34.65,1163
CUST-002402,"Bishop, Thomas and Powell",Mid-Market,Manufacturing,560604.04,174181.52,train,0,7.03454465510658e-05,0.01,0,Low,39.44,1164
CUST-001726,"Campbell, Tyler and Parker",Mid-Market,Retail,558762.88,134266.73,test,0,7.028760667358134e-05,0.01,0,Low,39.27,1165
CUST-002131,Archer-Dixon,Mid-Market,Telecommunications,519608.83,144032.67,validation,0,6.979584034149592e-05,0.01,0,Low,36.27,1166
CUST-001206,"Brown, Schneider and Moore",Mid-Market,Banking,485912.82,108743.89,train,0,6.972755915441918e-05,0.01,0,Low,33.88,1167
CUST-002050,Lara-Roberts,Mid-Market,Technology,354492.29,136801.26,train,0,6.95364733519174e-05,0.01,0,Low,24.65,1168
CUST-002060,Davenport-Torres,Enterprise,Healthcare,2787403.6,628489.06,train,0,6.92487265626956e-05,0.01,0,Low,193.02,1169
CUST-000174,Lewis-Murphy,Enterprise,Manufacturing,2340750.04,490270.77,test,0,6.914058758381982e-05,0.01,0,Low,161.84,1170
CUST-001890,Jones Ltd,Enterprise,Technology,1237429.19,406652.82,train,0,6.827352611188115e-05,0.01,0,Low,84.48,1171
CUST-002418,Mitchell-Glover,Mid-Market,Manufacturing,448634.74,134045.88,train,0,6.802547414947272e-05,0.01,0,Low,30.52,1172
CUST-000220,Terry-Martinez,Mid-Market,Banking,659943.98,148035.07,train,0,6.771880117791155e-05,0.01,0,Low,44.69,1173
CUST-001863,Scott PLC,Mid-Market,Retail,439310.33,125601.52,train,0,6.754867471450604e-05,0.01,0,Low,29.67,1174
CUST-001132,Arroyo LLC,Mid-Market,Professional Services,328799.75,122470.52,train,0,6.749268423672167e-05,0.01,0,Low,22.19,1175
CUST-001252,Adams and Sons,Mid-Market,Banking,335306.22,96411.01,validation,0,6.737612422658684e-05,0.01,0,Low,22.59,1176
CUST-000934,Williams Inc,Mid-Market,Banking,642521.51,151859.07,test,0,6.665167617025368e-05,0.01,0,Low,42.83,1177
CUST-001127,"Reeves, Parks and Little",Mid-Market,Transportation,292540.63,74583.52,train,0,6.646193909195487e-05,0.01,0,Low,19.44,1178
CUST-001771,Bradley-Davis,Mid-Market,Media,367650.13,108017.97,train,0,6.644628929515877e-05,0.01,0,Low,24.43,1179
CUST-001650,Stewart PLC,Enterprise,Healthcare,1810184.8,596889.46,train,0,6.604322103138135e-05,0.01,0,Low,119.55,1180
CUST-001638,"Hill, Brown and Scott",Mid-Market,Professional Services,365516.6,95501.36,train,0,6.557534023088606e-05,0.01,0,Low,23.97,1181
CUST-000387,"Morales, Thomas and Schultz",Mid-Market,Transportation,341652.48,96029.43,validation,0,6.548383644266656e-05,0.01,0,Low,22.37,1182
CUST-002349,Mccoy Ltd,Mid-Market,Professional Services,383997.55,109951.27,train,0,6.528969194631428e-05,0.01,0,Low,25.07,1183
CUST-001804,Wood PLC,Mid-Market,Energy,360687.09,100561.36,validation,0,6.521083960964088e-05,0.01,0,Low,23.52,1184
CUST-000182,"Gould, Marshall and Scott",Mid-Market,Technology,474433.42,172738.66,validation,0,6.468076155453392e-05,0.01,0,Low,30.69,1185
CUST-001060,"Contreras, Miller and Cooper",Mid-Market,Banking,528603.72,146207.69,train,0,6.459008809180111e-05,0.01,0,Low,34.14,1186
CUST-002144,Edwards-Bennett,Mid-Market,Technology,430034.36,89805.76,test,0,6.41020348168541e-05,0.01,0,Low,27.57,1187
CUST-000128,Diaz Inc,Mid-Market,Healthcare,424381.74,113096.99,train,0,6.339837212635626e-05,0.01,0,Low,26.91,1188
CUST-001282,"Blackwell, James and Hogan",Mid-Market,Telecommunications,374843.88,91944.02,validation,0,6.327966156628393e-05,0.01,0,Low,23.72,1189
CUST-000920,Collins Group,Enterprise,Retail,2715067.37,503456.39,train,0,6.327480797906314e-05,0.01,0,Low,171.8,1190
CUST-000895,Bell-Lewis,Enterprise,Retail,3511090.38,805731.03,test,0,6.307544763889636e-05,0.01,0,Low,221.46,1191
CUST-002162,Murray Group,Enterprise,Retail,2628302.0,700717.88,test,0,6.28097753330206e-05,0.01,0,Low,165.08,1192
CUST-000568,Landry PLC,Mid-Market,Telecommunications,336194.29,113976.5,train,0,6.261873095402463e-05,0.01,0,Low,21.05,1193
CUST-001554,"Moore, Campbell and Ortiz",Strategic,Manufacturing,11343150.66,1717894.96,train,0,6.235948637301801e-05,0.01,0,Low,707.35,1194
CUST-000323,Taylor and Sons,Enterprise,Healthcare,1263743.01,461730.57,train,0,6.206594597631446e-05,0.01,0,Low,78.44,1195
CUST-000305,"Evans, Hayden and Vaughn",Strategic,Banking,8126474.64,1627194.64,train,0,6.165645217888961e-05,0.01,0,Low,501.05,1196
CUST-000024,Morales-Jones,Enterprise,Transportation,3226609.34,615660.74,test,0,6.145003712040351e-05,0.01,0,Low,198.28,1197
CUST-001309,"Thomas, Williams and Armstrong",Mid-Market,Energy,385005.2,98487.86,train,0,6.141628411334817e-05,0.01,0,Low,23.65,1198
CUST-001962,Harris-Martinez,Mid-Market,Education,370363.51,102435.63,train,0,6.113501035435777e-05,0.01,0,Low,22.64,1199
CUST-002079,Smith PLC,Mid-Market,Healthcare,545882.89,133412.77,train,0,6.019879376675657e-05,0.01,0,Low,32.86,1200
CUST-000602,Payne-Lowe,Mid-Market,Telecommunications,409549.02,113750.38,train,0,6.0193811128612266e-05,0.01,0,Low,24.65,1201
CUST-000873,Kramer-Shannon,Mid-Market,Banking,719907.11,167643.23,validation,0,5.992991409301529e-05,0.01,0,Low,43.14,1202
CUST-002406,Medina Group,Enterprise,Banking,1494232.12,529555.34,train,0,5.971538763831125e-05,0.01,0,Low,89.23,1203
CUST-001550,"Hunter, Gross and Andrade",Enterprise,Manufacturing,2083156.1,630473.82,train,0,5.965574777817571e-05,0.01,0,Low,124.27,1204
CUST-001074,Miller PLC,Enterprise,Transportation,1507680.53,583528.88,train,0,5.9392487629874545e-05,0.01,0,Low,89.54,1205
CUST-000171,Meadows PLC,Mid-Market,Transportation,448170.74,133805.75,train,0,5.9265177909721415e-05,0.01,0,Low,26.56,1206
CUST-002447,"Nguyen, Marsh and Beck",Mid-Market,Education,363478.52,128035.24,train,0,5.816368866629125e-05,0.01,0,Low,21.14,1207
CUST-001090,Mccann-Ramos,Mid-Market,Transportation,391561.82,110920.61,train,0,5.802428054780304e-05,0.01,0,Low,22.72,1208
CUST-002019,Watson-Roberts,Mid-Market,Manufacturing,650671.95,172235.77,test,0,5.7988817681170665e-05,0.01,0,Low,37.73,1209
CUST-001935,Schwartz-Harris,Strategic,Insurance,11003311.49,1589141.3,train,0,5.798157266398193e-05,0.01,0,Low,637.99,1210
CUST-001251,Thomas-Santiago,Mid-Market,Technology,286913.91,116725.03,train,0,5.76496323895708e-05,0.01,0,Low,16.54,1211
CUST-000075,Novak PLC,Enterprise,Telecommunications,1435382.61,483383.04,validation,0,5.697598768478826e-05,0.01,0,Low,81.78,1212
CUST-000614,"Nelson, Hoffman and Nelson",Enterprise,Insurance,1281423.19,570848.91,validation,0,5.664785023180692e-05,0.01,0,Low,72.59,1213
CUST-002139,Wolf Ltd,Mid-Market,Media,609160.22,81419.82,train,0,5.6417147145841036e-05,0.01,0,Low,34.37,1214
CUST-001639,Zamora-Briggs,Enterprise,Retail,2621513.59,514796.68,test,0,5.602614763464065e-05,0.01,0,Low,146.87,1215
CUST-001153,Perez LLC,Enterprise,Telecommunications,2028889.85,340251.11,train,0,5.562332343609829e-05,0.01,0,Low,112.85,1216
CUST-000052,Walker LLC,Enterprise,Technology,2801509.22,470153.56,train,0,5.552261458838488e-05,0.01,0,Low,155.55,1217
CUST-001768,"Soto, Vaughn and Griffin",Enterprise,Energy,2190507.98,694300.6,train,0,5.547290310293736e-05,0.01,0,Low,121.51,1218
CUST-000586,Richardson Ltd,Enterprise,Education,3242874.07,607780.43,validation,0,5.523654090632837e-05,0.01,0,Low,179.13,1219
CUST-001097,"Johnson, Lee and Whitaker",Mid-Market,Professional Services,645046.36,159434.86,validation,0,5.5212391512261595e-05,0.01,0,Low,35.61,1220
CUST-001886,Bishop and Sons,Mid-Market,Manufacturing,427075.6,123418.39,train,0,5.507589243346698e-05,0.01,0,Low,23.52,1221
CUST-000538,"Jones, Compton and Day",Enterprise,Manufacturing,1424832.09,364345.57,test,0,5.487377350047171e-05,0.01,0,Low,78.19,1222
CUST-001572,"Ray, Craig and Park",Enterprise,Energy,1342957.07,377723.8,train,0,5.475691031992648e-05,0.01,0,Low,73.54,1223
CUST-002281,Martin-Mcdonald,Enterprise,Manufacturing,2562658.24,605732.36,test,0,5.434579308412581e-05,0.01,0,Low,139.27,1224
CUST-001495,"Ferguson, Stout and Olson",Enterprise,Retail,3174562.3,673196.94,train,0,5.4003358682742366e-05,0.01,0,Low,171.44,1225
CUST-001210,Hunter PLC,Enterprise,Technology,1868169.7,575017.64,train,0,5.393714795950285e-05,0.01,0,Low,100.76,1226
CUST-001507,"Aguirre, Cohen and Mitchell",Mid-Market,Technology,434426.73,90304.48,validation,0,5.377229047163725e-05,0.01,0,Low,23.36,1227
CUST-002016,"Wilkinson, Wallace and Torres",Mid-Market,Banking,384275.47,115648.2,train,0,5.361715356575986e-05,0.01,0,Low,20.6,1228
CUST-000713,"Butler, Hernandez and Rivera",Mid-Market,Media,477366.88,102308.76,train,0,5.3301244564845355e-05,0.01,0,Low,25.44,1229
CUST-000303,Santana-Byrd,Mid-Market,Manufacturing,363441.02,143565.25,train,0,5.2926733941020244e-05,0.01,0,Low,19.24,1230
CUST-000314,Byrd-Le,Mid-Market,Manufacturing,474073.99,132563.23,train,0,5.088413386158902e-05,0.01,0,Low,24.12,1231
CUST-001055,Davis-Stephens,Mid-Market,Technology,572435.97,157156.91,test,0,5.0847159825713797e-05,0.01,0,Low,29.11,1232
CUST-000092,"Smith, Montoya and Evans",Enterprise,Manufacturing,3055047.26,683096.78,validation,0,5.02233277706951e-05,0.01,0,Low,153.43,1233
CUST-002009,Crawford and Sons,Enterprise,Healthcare,1165957.62,450521.13,train,0,4.888352701141743e-05,0.0,0,Low,57.0,1234
CUST-000055,Jones Inc,Enterprise,Technology,2520985.58,547461.25,train,0,4.8769201168499204e-05,0.0,0,Low,122.95,1235
CUST-000267,Valentine-Holland,Mid-Market,Banking,474559.52,140592.86,train,0,4.864213870633079e-05,0.0,0,Low,23.08,1236
CUST-001429,Woods LLC,Enterprise,Banking,2545912.32,578539.52,train,0,4.8577383559095325e-05,0.0,0,Low,123.67,1237
CUST-001965,Robinson-Phillips,Mid-Market,Technology,932166.01,179938.26,train,0,4.769560670940717e-05,0.0,0,Low,44.46,1238
CUST-000506,Morrison-Short,Mid-Market,Manufacturing,531478.75,133556.35,train,0,4.730515249467712e-05,0.0,0,Low,25.14,1239
CUST-002492,Reid-Petty,Strategic,Technology,12017744.25,1807623.11,validation,0,4.693630031847495e-05,0.0,0,Low,564.07,1240
CUST-001450,White-Coleman,Strategic,Media,11186889.1,1806253.9,train,0,4.645113954011519e-05,0.0,0,Low,519.64,1241
CUST-000425,Welch-Hogan,Mid-Market,Retail,425852.11,120627.12,train,0,4.609127433340431e-05,0.0,0,Low,19.63,1242
CUST-000985,Underwood-Foster,Enterprise,Telecommunications,1790094.22,614594.91,train,0,4.59712538131447e-05,0.0,0,Low,82.29,1243
CUST-001733,"Huang, Ford and Olsen",Mid-Market,Healthcare,492565.63,158502.67,train,0,4.5811657832682836e-05,0.0,0,Low,22.57,1244
CUST-000747,Ali PLC,Enterprise,Energy,2136650.46,472820.89,train,0,4.572840681076807e-05,0.0,0,Low,97.71,1245
CUST-001558,Washington Inc,Mid-Market,Transportation,425464.46,148162.66,train,0,4.506097267318127e-05,0.0,0,Low,19.17,1246
CUST-001781,"Robles, Nguyen and Banks",Enterprise,Professional Services,1885431.7,679828.02,train,0,4.469219862456423e-05,0.0,0,Low,84.26,1247
CUST-001432,Porter and Sons,Enterprise,Technology,1958937.42,655427.15,validation,0,4.4112867665548995e-05,0.0,0,Low,86.41,1248
CUST-002436,Torres-Brooks,Mid-Market,Retail,323444.49,155381.15,train,0,4.368498940293362e-05,0.0,0,Low,14.13,1249
CUST-000368,Gutierrez Group,Strategic,Insurance,13103959.84,1671475.55,train,0,4.355095023171046e-05,0.0,0,Low,570.69,1250
CUST-001895,"Smith, Zimmerman and Wise",Enterprise,Professional Services,2550192.79,623371.38,validation,0,4.3533620341219404e-05,0.0,0,Low,111.02,1251
CUST-001940,"Young, Wilson and Moreno",Enterprise,Banking,1176776.83,469167.7,validation,0,4.337965472566091e-05,0.0,0,Low,51.05,1252
CUST-001770,"Chang, Lamb and Miller",Mid-Market,Media,541238.22,143788.87,train,0,4.310887580571345e-05,0.0,0,Low,23.33,1253
CUST-000328,Rodriguez-Hall,Mid-Market,Manufacturing,517974.43,159276.0,train,0,4.286718869314716e-05,0.0,0,Low,22.2,1254
CUST-001841,York LLC,SMB,Professional Services,17862.43,20089.58,test,0,4.2025726055384914e-05,0.0,0,Low,0.75,1255
CUST-002159,Watkins-Lozano,Mid-Market,Technology,403986.16,152721.07,train,0,4.1963288478027644e-05,0.0,0,Low,16.95,1256
CUST-000477,Scott and Sons,Mid-Market,Technology,324819.81,118059.21,test,0,4.168261686981225e-05,0.0,0,Low,13.54,1257
CUST-000341,Garcia-Jennings,Enterprise,Media,1351341.38,519735.99,train,0,4.1673593310178255e-05,0.0,0,Low,56.32,1258
CUST-000775,Ward and Sons,Enterprise,Insurance,2397729.47,559695.11,train,0,4.160224338851173e-05,0.0,0,Low,99.75,1259
CUST-002181,Burton PLC,Strategic,Manufacturing,15143290.98,1754155.52,test,0,4.128503480963518e-05,0.0,0,Low,625.19,1260
CUST-000711,Figueroa Inc,SMB,Healthcare,45989.49,25441.33,validation,0,4.0812691721120156e-05,0.0,0,Low,1.88,1261
CUST-000585,"Patel, Erickson and Evans",Enterprise,Professional Services,1615169.67,500639.71,train,0,4.0444360497453335e-05,0.0,0,Low,65.32,1262
CUST-000227,Miller-Wright,Strategic,Retail,6484751.3,1388170.64,train,0,3.877373337237021e-05,0.0,0,Low,251.44,1263
CUST-000654,"Leach, Harris and Herrera",Enterprise,Transportation,1569950.8,679797.82,train,0,3.845104442659707e-05,0.0,0,Low,60.37,1264
CUST-002307,Holland-Best,Mid-Market,Manufacturing,330098.16,95841.9,validation,0,3.756505004772285e-05,0.0,0,Low,12.4,1265
CUST-000196,"Nelson, Morton and Medina",Enterprise,Insurance,1854939.55,666389.58,validation,0,3.6622182086935356e-05,0.0,0,Low,67.93,1266
CUST-001401,Baker LLC,Enterprise,Retail,1327284.9,508664.09,test,0,3.658534518242644e-05,0.0,0,Low,48.56,1267
CUST-000869,Flynn Group,Mid-Market,Manufacturing,343598.98,137306.0,train,0,3.632234739058115e-05,0.0,0,Low,12.48,1268
CUST-002500,"Johnson, Collier and Powers",Enterprise,Manufacturing,1980014.02,589794.05,train,0,3.599472325276713e-05,0.0,0,Low,71.27,1269
CUST-001367,"Haney, Dillon and Jackson",Mid-Market,Professional Services,286838.51,144530.34,test,0,3.496887859182309e-05,0.0,0,Low,10.03,1270
CUST-000868,"Stanton, Reid and Terry",Mid-Market,Technology,416364.32,126026.04,test,0,3.485023061716389e-05,0.0,0,Low,14.51,1271
CUST-000316,"Lucas, Parker and Alexander",Mid-Market,Technology,532185.7,181125.46,test,0,3.4761769314570396e-05,0.0,0,Low,18.5,1272
CUST-001023,"Phillips, Thompson and Smith",SMB,Insurance,6840.67,6995.04,train,0,3.4296665999107424e-05,0.0,0,Low,0.23,1273
CUST-000729,Nichols-Mitchell,SMB,Telecommunications,55657.98,28066.82,train,0,3.393570212759553e-05,0.0,0,Low,1.89,1274
CUST-001736,"Rivera, Hendricks and Flynn",SMB,Education,73089.22,27311.81,train,0,3.3715707841322325e-05,0.0,0,Low,2.46,1275
CUST-000351,Fernandez and Sons,Enterprise,Technology,1306233.29,577630.42,train,0,3.325723321428406e-05,0.0,0,Low,43.44,1276
CUST-001797,"Carter, Gilbert and West",Mid-Market,Retail,363201.17,176373.86,train,0,3.29717576272189e-05,0.0,0,Low,11.98,1277
CUST-000457,Bishop-Goodwin,Enterprise,Retail,1526289.22,548435.63,test,0,3.2239657820769035e-05,0.0,0,Low,49.21,1278
CUST-000570,Williams-Campbell,Enterprise,Retail,3632096.31,803321.45,train,0,3.152238342709932e-05,0.0,0,Low,114.49,1279
CUST-001462,Brown LLC,SMB,Media,6267.26,6960.94,train,0,3.0761641016648384e-05,0.0,0,Low,0.19,1280
CUST-000501,"Rivera, Martinez and Richardson",Enterprise,Transportation,1778476.77,530131.51,train,0,3.0364648410417345e-05,0.0,0,Low,54.0,1281
CUST-000423,"Downs, Morris and Maddox",SMB,Banking,8713.64,7016.21,train,0,2.972929394994761e-05,0.0,0,Low,0.26,1282
CUST-001751,"Haney, Harris and Johnson",Strategic,Media,9322124.65,1688592.15,validation,0,2.9045608467945283e-05,0.0,0,Low,270.77,1283
CUST-002092,Watts LLC,SMB,Manufacturing,8568.78,8129.56,train,0,2.8781115446964127e-05,0.0,0,Low,0.25,1284
CUST-001476,Page-Jacobs,SMB,Healthcare,63427.16,34368.0,train,0,2.8344697308802102e-05,0.0,0,Low,1.8,1285
CUST-001590,"Nguyen, Olson and Freeman",SMB,Healthcare,48528.28,16899.43,test,0,2.8209064543453814e-05,0.0,0,Low,1.37,1286
CUST-000385,"Farmer, Dorsey and Bell",Enterprise,Education,1322057.1,477808.3,train,0,2.8032420546541363e-05,0.0,0,Low,37.06,1287
CUST-000943,Cline-Ayala,SMB,Media,61563.65,31344.11,train,0,2.7392035607932613e-05,0.0,0,Low,1.69,1288
CUST-002405,"Sullivan, Gonzalez and Turner",SMB,Energy,17598.97,20202.1,train,0,2.7243020911658855e-05,0.0,0,Low,0.48,1289
CUST-001077,"Matthews, Harrington and Rodriguez",SMB,Manufacturing,42052.14,14273.8,train,0,2.713436898995537e-05,0.0,0,Low,1.14,1290
CUST-000474,Lowery-Kennedy,SMB,Energy,50403.37,21577.39,validation,0,2.7072145879381956e-05,0.0,0,Low,1.36,1291
CUST-000801,Garcia and Sons,SMB,Healthcare,108514.77,35315.03,train,0,2.690567133810402e-05,0.0,0,Low,2.92,1292
CUST-001605,Ayala-Anderson,Enterprise,Transportation,2367391.52,895427.21,train,0,2.6892114273880776e-05,0.0,0,Low,63.66,1293
CUST-000565,Li PLC,Strategic,Retail,12583479.73,2052952.12,train,0,2.6629344424701537e-05,0.0,0,Low,335.09,1294
CUST-000613,"Scott, Mendoza and Harris",SMB,Telecommunications,6163.63,6844.71,train,0,2.637022680777379e-05,0.0,0,Low,0.16,1295
CUST-002318,"Miller, Mcdonald and Miller",SMB,Telecommunications,58406.67,21169.12,test,0,2.6361671470116543e-05,0.0,0,Low,1.54,1296
CUST-000008,"Henderson, Ramirez and Lewis",SMB,Healthcare,37505.89,15392.04,train,0,2.6332815687808694e-05,0.0,0,Low,0.99,1297
CUST-000899,"Cruz, Richmond and Edwards",SMB,Media,39756.99,18603.34,validation,0,2.595884188343768e-05,0.0,0,Low,1.03,1298
CUST-000159,Mccarthy Inc,Strategic,Retail,9733426.13,1728470.13,train,0,2.5940597164079805e-05,0.0,0,Low,252.49,1299
CUST-000811,"Chavez, Jones and Williams",SMB,Professional Services,50382.35,21184.24,validation,0,2.5699662863763366e-05,0.0,0,Low,1.29,1300
CUST-000485,"Butler, Beck and Miller",SMB,Banking,59211.8,29762.42,test,0,2.5663856358328143e-05,0.0,0,Low,1.52,1301
CUST-000699,"Morrison, Russo and Lopez",SMB,Healthcare,91218.92,34891.43,train,0,2.547037612341501e-05,0.0,0,Low,2.32,1302
CUST-000344,Davis-Lewis,SMB,Telecommunications,45582.82,19077.21,train,0,2.524174286929997e-05,0.0,0,Low,1.15,1303
CUST-000478,"Bentley, Lynch and Henderson",SMB,Manufacturing,10226.36,10312.62,test,0,2.5086466435730253e-05,0.0,0,Low,0.26,1304
CUST-001215,Gutierrez-Hawkins,SMB,Telecommunications,64837.07,21669.36,train,0,2.500513154827243e-05,0.0,0,Low,1.62,1305
CUST-001633,"Miller, Gonzalez and Rasmussen",SMB,Manufacturing,85082.36,30257.24,validation,0,2.4278683563409137e-05,0.0,0,Low,2.07,1306
CUST-001285,Robertson-Hicks,SMB,Professional Services,43946.36,20485.01,test,0,2.4232992347436176e-05,0.0,0,Low,1.06,1307
CUST-000054,"Robinson, Jones and Welch",SMB,Healthcare,58481.0,32342.78,train,0,2.4163608924518226e-05,0.0,0,Low,1.41,1308
CUST-002245,Gonzalez-Haynes,SMB,Healthcare,71486.66,36456.75,train,0,2.404465578796259e-05,0.0,0,Low,1.72,1309
CUST-001810,Wells and Sons,SMB,Retail,53754.05,29242.28,train,0,2.3631803279688864e-05,0.0,0,Low,1.27,1310
CUST-000185,Rodriguez-Johnson,Strategic,Telecommunications,10967081.87,2026855.49,train,0,2.3620203380701526e-05,0.0,0,Low,259.04,1311
CUST-000823,Wilson-Lambert,Enterprise,Transportation,2492627.46,817920.35,test,0,2.355820068391344e-05,0.0,0,Low,58.72,1312
CUST-001985,Clarke LLC,SMB,Education,8771.77,8611.38,train,0,2.3436099743784437e-05,0.0,0,Low,0.21,1313
CUST-001827,"Simon, Terrell and Terrell",SMB,Telecommunications,25850.01,14088.92,train,0,2.3219241571985762e-05,0.0,0,Low,0.6,1314
CUST-000718,Jackson-Cortez,SMB,Telecommunications,18623.79,16271.3,train,0,2.312618841865583e-05,0.0,0,Low,0.43,1315
CUST-001593,Deleon LLC,SMB,Technology,69164.96,28975.92,validation,0,2.296911919490355e-05,0.0,0,Low,1.59,1316
CUST-000812,"Wilson, Sweeney and Wong",SMB,Energy,78907.17,33785.09,validation,0,2.2844769655076932e-05,0.0,0,Low,1.8,1317
CUST-002065,"Sanchez, Wilson and Ramirez",SMB,Healthcare,62564.64,35767.14,train,0,2.275293680768677e-05,0.0,0,Low,1.42,1318
CUST-000984,Jackson PLC,SMB,Transportation,49354.97,17299.97,validation,0,2.2683358393335455e-05,0.0,0,Low,1.12,1319
CUST-000884,Rios-Padilla,SMB,Retail,90878.95,20723.31,train,0,2.2423169963674156e-05,0.0,0,Low,2.04,1320
CUST-001403,Arias-Morales,SMB,Banking,114043.79,29694.21,train,0,2.231182902945265e-05,0.0,0,Low,2.54,1321
CUST-000355,"Fisher, Wilson and Brown",SMB,Telecommunications,60520.84,29164.03,train,0,2.215102967320451e-05,0.0,0,Low,1.34,1322
CUST-000235,Ortiz Ltd,SMB,Manufacturing,13610.52,10352.24,train,0,2.2108666774456858e-05,0.0,0,Low,0.3,1323
CUST-002372,"Johnson, Brown and Jordan",Enterprise,Banking,2553217.74,751640.68,train,0,2.2036745402107504e-05,0.0,0,Low,56.26,1324
CUST-000778,Cook-Oliver,SMB,Energy,18439.28,20402.37,test,0,2.1767532432614565e-05,0.0,0,Low,0.4,1325
CUST-000686,"Boyd, Gutierrez and Hill",SMB,Retail,37023.62,19533.62,test,0,2.1740007535978377e-05,0.0,0,Low,0.8,1326
CUST-000533,Johnson-Spencer,SMB,Manufacturing,60414.71,27198.82,train,0,2.165463297977926e-05,0.0,0,Low,1.31,1327
CUST-002128,"Porter, Hubbard and Miranda",SMB,Energy,111088.81,26749.62,train,0,2.1536071728364254e-05,0.0,0,Low,2.39,1328
CUST-000163,"Smith, Gilmore and Johnston",SMB,Insurance,71296.28,33688.35,train,0,2.1519399038051488e-05,0.0,0,Low,1.53,1329
CUST-001648,"Roach, Browning and Jordan",SMB,Telecommunications,52527.42,31030.63,validation,0,2.148340845637305e-05,0.0,0,Low,1.13,1330
CUST-000950,Hall LLC,SMB,Insurance,22568.05,9161.84,validation,0,2.1440346391374614e-05,0.0,0,Low,0.48,1331
CUST-000100,Walsh LLC,SMB,Banking,31756.55,23267.28,train,0,2.128012216234483e-05,0.0,0,Low,0.68,1332
CUST-000883,Barber-Fischer,SMB,Retail,55402.16,30536.42,train,0,2.1239883520038768e-05,0.0,0,Low,1.18,1333
CUST-002048,Bell-Madden,SMB,Healthcare,64240.78,27994.32,train,0,2.1026208489422976e-05,0.0,0,Low,1.35,1334
CUST-002248,Jackson-Bradley,SMB,Professional Services,14582.07,8498.39,validation,0,2.0769925240492665e-05,0.0,0,Low,0.3,1335
CUST-001968,Miller PLC,SMB,Healthcare,52073.44,20916.73,test,0,2.0667697748669315e-05,0.0,0,Low,1.08,1336
CUST-002045,"Harding, Kerr and Ward",Mid-Market,Healthcare,399542.78,163269.24,train,0,2.063323037915808e-05,0.0,0,Low,8.24,1337
CUST-001964,Ellis-Jackson,SMB,Manufacturing,89297.93,26427.99,test,0,2.051317293968682e-05,0.0,0,Low,1.83,1338
CUST-002099,Webster Inc,SMB,Energy,91356.61,27627.06,test,0,2.0446882308078517e-05,0.0,0,Low,1.87,1339
CUST-002058,"Bradley, Melendez and Gonzalez",SMB,Banking,56283.83,17725.5,test,0,2.0422398464971524e-05,0.0,0,Low,1.15,1340
CUST-001511,Nelson-Dean,SMB,Professional Services,55300.76,33861.59,train,0,2.0379410037636185e-05,0.0,0,Low,1.13,1341
CUST-001870,Bell-Hardy,SMB,Insurance,56232.43,17436.47,train,0,2.037006901947704e-05,0.0,0,Low,1.15,1342
CUST-002262,Fitzgerald-Scott,SMB,Healthcare,39652.74,20452.67,test,0,2.0252845641185134e-05,0.0,0,Low,0.8,1343
CUST-001136,Ruiz Ltd,SMB,Media,7245.39,6879.83,test,0,2.0203292110935327e-05,0.0,0,Low,0.15,1344
CUST-001661,Joseph-Brooks,Enterprise,Professional Services,1753902.17,697882.99,train,0,2.00186687660296e-05,0.0,0,Low,35.11,1345
CUST-000517,Reyes-Bradley,SMB,Telecommunications,12160.08,14025.63,train,0,1.991888770287644e-05,0.0,0,Low,0.24,1346
CUST-002224,Turner-Mayer,Mid-Market,Telecommunications,277138.6,112888.78,train,0,1.9909634090902254e-05,0.0,0,Low,5.52,1347
CUST-002309,Fitzgerald-Dorsey,SMB,Retail,42286.21,22729.05,train,0,1.978051803965769e-05,0.0,0,Low,0.84,1348
CUST-002196,Nelson Inc,SMB,Professional Services,58589.25,23415.78,train,0,1.9759476579524066e-05,0.0,0,Low,1.16,1349
CUST-000641,Young-Molina,SMB,Media,57385.48,20114.23,train,0,1.967143155046031e-05,0.0,0,Low,1.13,1350
CUST-001460,King-Garrison,SMB,Transportation,44079.91,25144.56,train,0,1.9671035250251633e-05,0.0,0,Low,0.87,1351
CUST-001819,Arnold-Cole,SMB,Insurance,52557.97,19249.73,validation,0,1.9664176401795003e-05,0.0,0,Low,1.03,1352
CUST-001649,Douglas PLC,SMB,Professional Services,7768.72,8313.12,train,0,1.965667982595462e-05,0.0,0,Low,0.15,1353
CUST-000269,Hicks-Hill,SMB,Media,9315.44,10637.28,validation,0,1.9587220414731504e-05,0.0,0,Low,0.18,1354
CUST-001497,Diaz-Green,Mid-Market,Manufacturing,278061.59,98680.69,train,0,1.957452171055187e-05,0.0,0,Low,5.44,1355
CUST-000936,Mora-White,SMB,Retail,74333.7,16912.61,train,0,1.9532269093508966e-05,0.0,0,Low,1.45,1356
CUST-000484,Mendez and Sons,Enterprise,Education,1634651.86,649599.03,train,0,1.9509652846209007e-05,0.0,0,Low,31.89,1357
CUST-002285,Martinez Inc,SMB,Retail,62719.17,28870.95,train,0,1.945599088744957e-05,0.0,0,Low,1.22,1358
CUST-000396,Reed Inc,Mid-Market,Telecommunications,246250.6,125895.09,test,0,1.93380463227602e-05,0.0,0,Low,4.76,1359
CUST-001447,"Clark, Carpenter and Nguyen",SMB,Energy,53177.07,28117.75,test,0,1.930338497902372e-05,0.0,0,Low,1.03,1360
CUST-001444,Long-Parks,SMB,Retail,101536.89,37929.04,train,0,1.930323167110247e-05,0.0,0,Low,1.96,1361
CUST-000760,Marquez Inc,SMB,Telecommunications,51627.77,24897.55,train,0,1.925588135950665e-05,0.0,0,Low,0.99,1362
CUST-001970,Hood-Ramirez,SMB,Media,40084.24,16631.3,train,0,1.9249847990223842e-05,0.0,0,Low,0.77,1363
CUST-002082,Moore and Sons,Strategic,Technology,11875730.26,1885377.69,train,0,1.9181619480328483e-05,0.0,0,Low,227.8,1364
CUST-002290,Butler Inc,SMB,Technology,65555.59,32269.16,train,0,1.9156146689562994e-05,0.0,0,Low,1.26,1365
CUST-002483,"Hayes, Smith and Marshall",SMB,Banking,10926.13,9134.44,train,0,1.9061686227366068e-05,0.0,0,Low,0.21,1366
CUST-000232,"Choi, Garcia and Farmer",SMB,Professional Services,15887.32,12554.96,train,0,1.904377419104549e-05,0.0,0,Low,0.3,1367
CUST-002091,"Olsen, Walker and Vincent",SMB,Transportation,18150.01,19886.77,validation,0,1.8798527467192257e-05,0.0,0,Low,0.34,1368
CUST-002044,"Foster, Henry and Morrison",SMB,Energy,37641.58,16478.97,test,0,1.8738140875090353e-05,0.0,0,Low,0.71,1369
CUST-001896,Graham-Anthony,SMB,Media,33887.01,19070.18,train,0,1.8594743736516375e-05,0.0,0,Low,0.63,1370
CUST-001317,King and Sons,SMB,Telecommunications,28178.32,17236.54,train,0,1.854842200491132e-05,0.0,0,Low,0.52,1371
CUST-002442,Harrell Group,SMB,Insurance,48014.45,19758.03,test,0,1.85377735341228e-05,0.0,0,Low,0.89,1372
CUST-002173,Weber Inc,SMB,Manufacturing,58275.81,33090.29,train,0,1.8460244435547283e-05,0.0,0,Low,1.08,1373
CUST-000672,Avila LLC,SMB,Retail,122813.51,33554.09,train,0,1.8460065221967058e-05,0.0,0,Low,2.27,1374
CUST-001011,Davis and Sons,Mid-Market,Telecommunications,359622.46,145035.12,train,0,1.8431127596696426e-05,0.0,0,Low,6.63,1375
CUST-000497,Blackwell LLC,SMB,Professional Services,48693.28,28905.9,validation,0,1.835565793730085e-05,0.0,0,Low,0.89,1376
CUST-002250,Wilcox-Snyder,SMB,Media,51661.54,15941.55,train,0,1.8339977632945608e-05,0.0,0,Low,0.95,1377
CUST-000482,Carlson-Smith,SMB,Professional Services,50597.4,21675.21,train,0,1.8333179955073096e-05,0.0,0,Low,0.93,1378
CUST-000732,"Hernandez, Lee and Fox",SMB,Education,57554.35,33826.19,validation,0,1.8274077083049184e-05,0.0,0,Low,1.05,1379
CUST-000241,Jones and Sons,SMB,Healthcare,11126.72,7065.82,test,0,1.8259737868985143e-05,0.0,0,Low,0.2,1380
CUST-000164,Smith-Bell,Enterprise,Energy,862595.96,326393.4,validation,0,1.803735494943548e-05,0.0,0,Low,15.56,1381
CUST-000808,Bailey LLC,Mid-Market,Professional Services,248494.07,113858.59,train,0,1.80289883864674e-05,0.0,0,Low,4.48,1382
CUST-001952,Watkins-Nguyen,SMB,Insurance,14852.88,8757.69,validation,0,1.801062753258538e-05,0.0,0,Low,0.27,1383
CUST-002265,Barajas-Crosby,SMB,Insurance,6593.6,6919.77,train,0,1.7965417850712806e-05,0.0,0,Low,0.12,1384
CUST-001635,"Torres, Burns and Garner",SMB,Energy,46287.61,15803.82,test,0,1.789954057706906e-05,0.0,0,Low,0.83,1385
CUST-001855,Turner-Reese,SMB,Education,115984.19,34605.79,validation,0,1.7774245828711702e-05,0.0,0,Low,2.06,1386
CUST-000038,"Baker, Mason and White",SMB,Banking,17804.68,18714.36,train,0,1.7767008252299314e-05,0.0,0,Low,0.32,1387
CUST-002388,Watson-Fischer,SMB,Manufacturing,20914.11,11922.86,train,0,1.7741277796090444e-05,0.0,0,Low,0.37,1388
CUST-001033,Williams Group,SMB,Insurance,126919.9,26956.94,train,0,1.7685542804764153e-05,0.0,0,Low,2.24,1389
CUST-000383,"Austin, Day and Johnson",SMB,Education,20377.79,17855.68,test,0,1.7653220986858585e-05,0.0,0,Low,0.36,1390
CUST-000236,"Harrison, Johnson and Roberts",SMB,Retail,11850.96,7275.23,test,0,1.765187774253289e-05,0.0,0,Low,0.21,1391
CUST-000424,Hernandez-Jones,Mid-Market,Transportation,309073.45,152383.12,train,0,1.7535910275314e-05,0.0,0,Low,5.42,1392
CUST-001861,Blanchard-Reynolds,SMB,Telecommunications,16245.47,15034.26,validation,0,1.750294180729153e-05,0.0,0,Low,0.28,1393
CUST-001364,"Mullen, Greene and Elliott",SMB,Healthcare,14917.58,8940.59,train,0,1.7496984375430367e-05,0.0,0,Low,0.26,1394
CUST-000083,Donovan-Harris,SMB,Media,71167.82,26482.18,train,0,1.7424023044793156e-05,0.0,0,Low,1.24,1395
CUST-001145,"Brown, Hayes and Clark",SMB,Manufacturing,106151.5,31274.06,validation,0,1.741091114808035e-05,0.0,0,Low,1.85,1396
CUST-000702,Giles Ltd,Mid-Market,Education,287256.68,130571.58,train,0,1.7301448711152188e-05,0.0,0,Low,4.97,1397
CUST-000223,Sheppard LLC,SMB,Telecommunications,73330.26,24501.49,test,0,1.7273040168236337e-05,0.0,0,Low,1.27,1398
CUST-001013,"Harris, Anderson and Love",SMB,Telecommunications,79931.05,20728.02,train,0,1.72348394937694e-05,0.0,0,Low,1.38,1399
CUST-000105,Nolan-Flynn,SMB,Manufacturing,57355.33,21891.57,train,0,1.7194769230550773e-05,0.0,0,Low,0.99,1400
CUST-001513,Booker Inc,SMB,Education,62141.07,24384.85,test,0,1.7168129505798384e-05,0.0,0,Low,1.07,1401
CUST-000335,Price LLC,SMB,Telecommunications,17884.09,13647.49,train,0,1.7127394850424425e-05,0.0,0,Low,0.31,1402
CUST-000940,Shaw Inc,Mid-Market,Media,262593.91,115982.31,train,0,1.7125331805071516e-05,0.0,0,Low,4.5,1403
CUST-000014,"Mcclure, Ward and Lee",SMB,Technology,45472.78,25076.79,train,0,1.70827437955908e-05,0.0,0,Low,0.78,1404
CUST-000577,"Becker, Wilson and Hester",SMB,Technology,34629.85,16288.35,train,0,1.7043019138196896e-05,0.0,0,Low,0.59,1405
CUST-000659,Bryant-Brown,SMB,Technology,122825.24,33140.73,train,0,1.7015777485842057e-05,0.0,0,Low,2.09,1406
CUST-000534,Mcdonald-Bird,SMB,Insurance,55200.79,27325.64,train,0,1.6991944819581107e-05,0.0,0,Low,0.94,1407
CUST-001491,Mcdonald-Pitts,SMB,Insurance,91525.73,33324.52,train,0,1.6956995569511825e-05,0.0,0,Low,1.55,1408
CUST-001800,Sellers-Zuniga,SMB,Insurance,14581.26,13665.26,train,0,1.6940892203764726e-05,0.0,0,Low,0.25,1409
CUST-000784,Bennett-Velasquez,Mid-Market,Telecommunications,184900.87,90403.18,test,0,1.692278928486261e-05,0.0,0,Low,3.13,1410
CUST-000073,Henderson-Bernard,SMB,Healthcare,12904.2,6795.07,train,0,1.6900768547416345e-05,0.0,0,Low,0.22,1411
CUST-001747,"Johnson, Webb and Porter",SMB,Manufacturing,19068.56,20055.03,train,0,1.680207445144082e-05,0.0,0,Low,0.32,1412
CUST-001071,Harris-Carson,SMB,Insurance,26000.44,16682.27,train,0,1.678739456255495e-05,0.0,0,Low,0.44,1413
CUST-001286,Williams-Villanueva,SMB,Professional Services,15201.23,14507.26,validation,0,1.673019873554916e-05,0.0,0,Low,0.25,1414
CUST-001274,Bowers LLC,SMB,Energy,43588.17,15649.42,train,0,1.6728422131391924e-05,0.0,0,Low,0.73,1415
CUST-001504,Wright-Espinoza,Mid-Market,Banking,232203.16,82118.21,validation,0,1.6702377759381336e-05,0.0,0,Low,3.88,1416
CUST-001326,"Quinn, Humphrey and Ford",SMB,Insurance,75295.03,31805.63,train,0,1.6688129500322914e-05,0.0,0,Low,1.26,1417
CUST-000927,Brady LLC,SMB,Transportation,82347.26,19948.58,train,0,1.657685215138789e-05,0.0,0,Low,1.37,1418
CUST-001324,Joseph Ltd,Mid-Market,Education,513726.98,188666.2,train,0,1.6547626156124796e-05,0.0,0,Low,8.5,1419
CUST-001280,"Smith, Caldwell and Griffin",SMB,Media,16831.35,16243.66,train,0,1.6541481205876656e-05,0.0,0,Low,0.28,1420
CUST-001714,Rose-Warren,SMB,Media,61675.04,37928.27,test,0,1.6536329352730126e-05,0.0,0,Low,1.02,1421
CUST-000849,Cole LLC,SMB,Energy,34959.53,20393.19,train,0,1.6476524861060158e-05,0.0,0,Low,0.58,1422
CUST-000731,Rodriguez Inc,SMB,Retail,17326.34,16540.24,train,0,1.6469993396140468e-05,0.0,0,Low,0.29,1423
CUST-000263,Martinez-Dudley,SMB,Manufacturing,11486.85,12805.73,train,0,1.6469476959248292e-05,0.0,0,Low,0.19,1424
CUST-001625,"Barnett, Bennett and Escobar",SMB,Telecommunications,38670.12,21525.19,train,0,1.631914945186374e-05,0.0,0,Low,0.63,1425
CUST-002244,"Holland, Sims and Meadows",SMB,Telecommunications,10252.79,7667.44,train,0,1.62832179821427e-05,0.0,0,Low,0.17,1426
CUST-001194,Pruitt-Webb,SMB,Technology,74113.68,25483.32,validation,0,1.6252964188409215e-05,0.0,0,Low,1.2,1427
CUST-002215,Vega-Richmond,Mid-Market,Energy,321029.09,157560.88,train,0,1.6233001821189316e-05,0.0,0,Low,5.21,1428
CUST-002237,"Hines, Bradford and Jennings",SMB,Banking,70498.33,34287.57,train,0,1.6200201456841935e-05,0.0,0,Low,1.14,1429
CUST-002199,Casey-Brown,SMB,Professional Services,16301.09,13421.22,train,0,1.6190749557982806e-05,0.0,0,Low,0.26,1430
CUST-000282,Hughes-Alvarado,SMB,Professional Services,93995.88,27829.69,train,0,1.618319392374436e-05,0.0,0,Low,1.52,1431
CUST-000908,"Wheeler, Rice and Levine",Mid-Market,Media,360853.61,75325.85,train,0,1.6182622370248693e-05,0.0,0,Low,5.84,1432
CUST-001007,Drake-Wolfe,SMB,Education,76827.36,21124.29,train,0,1.6177350420720975e-05,0.0,0,Low,1.24,1433
CUST-000693,"Thomas, Ford and Brown",SMB,Technology,56921.12,26929.59,train,0,1.617549420983622e-05,0.0,0,Low,0.92,1434
CUST-002271,Anderson-Stewart,SMB,Healthcare,24040.4,7911.48,train,0,1.61293444551054e-05,0.0,0,Low,0.39,1435
CUST-000336,"Avery, Horton and Fernandez",SMB,Professional Services,67033.64,23315.59,train,0,1.5838952511956075e-05,0.0,0,Low,1.06,1436
CUST-000167,"Hurst, Freeman and Nelson",SMB,Media,78769.8,35392.49,test,0,1.5821950452755365e-05,0.0,0,Low,1.25,1437
CUST-000796,"Woodard, Herrera and Little",SMB,Telecommunications,11603.97,8167.11,train,0,1.5802024531609453e-05,0.0,0,Low,0.18,1438
CUST-001273,"Turner, Tyler and Pierce",SMB,Energy,12689.72,12976.14,train,0,1.5766359821756718e-05,0.0,0,Low,0.2,1439
CUST-000468,Wilkerson-Arias,Strategic,Healthcare,18979431.88,2463304.92,train,0,1.5765001547965822e-05,0.0,0,Low,299.21,1440
CUST-000331,Reid Group,SMB,Retail,82092.36,38445.28,train,0,1.5762498505234246e-05,0.0,0,Low,1.29,1441
CUST-000256,"Johnson, Miller and King",SMB,Retail,74267.79,21236.03,train,0,1.573867233188006e-05,0.0,0,Low,1.17,1442
CUST-002104,"Allen, Hudson and Garcia",SMB,Education,15523.17,11871.85,train,0,1.5603848057701117e-05,0.0,0,Low,0.24,1443
CUST-002361,"Morgan, Guzman and Kirby",SMB,Technology,101267.74,39153.16,validation,0,1.558889625718165e-05,0.0,0,Low,1.58,1444
CUST-000134,"Carroll, Sullivan and Bass",SMB,Healthcare,17698.9,10587.87,train,0,1.556735023847336e-05,0.0,0,Low,0.28,1445
CUST-002347,Richards-Harris,SMB,Technology,15890.43,12831.34,train,0,1.5539703946135295e-05,0.0,0,Low,0.25,1446
CUST-001694,Roach and Sons,Mid-Market,Education,259006.79,154248.94,train,0,1.5517478418723407e-05,0.0,0,Low,4.02,1447
CUST-000706,"Morris, Campbell and Owens",SMB,Retail,38375.23,14138.58,train,0,1.5472613955490668e-05,0.0,0,Low,0.59,1448
CUST-000695,Price LLC,Enterprise,Healthcare,1345965.9,363352.56,train,0,1.5462300612182535e-05,0.0,0,Low,20.81,1449
CUST-000505,Acosta Inc,Mid-Market,Transportation,206389.43,92292.43,train,0,1.5412628541093085e-05,0.0,0,Low,3.18,1450
CUST-001984,Sawyer Group,SMB,Retail,17644.85,6755.38,test,0,1.535019317937631e-05,0.0,0,Low,0.27,1451
CUST-000234,Arnold and Sons,SMB,Professional Services,6481.26,6620.96,train,0,1.527536025991414e-05,0.0,0,Low,0.1,1452
CUST-001349,Davenport-Baker,SMB,Media,22923.44,10958.79,train,0,1.5249266515467514e-05,0.0,0,Low,0.35,1453
CUST-000674,"Gray, Hall and Murray",Mid-Market,Education,357295.35,118891.76,train,0,1.5229334038979783e-05,0.0,0,Low,5.44,1454
CUST-002443,Berry-Knight,SMB,Retail,31026.88,14553.64,train,0,1.5225395669539093e-05,0.0,0,Low,0.47,1455
CUST-000456,Diaz-Ball,SMB,Professional Services,64932.47,30892.98,train,0,1.52060662819946e-05,0.0,0,Low,0.99,1456
CUST-000434,"Miller, Lucas and Williams",SMB,Telecommunications,21617.0,19920.8,train,0,1.5173697207040806e-05,0.0,0,Low,0.33,1457
CUST-001998,"Pitts, Warner and Mullins",SMB,Professional Services,7975.44,9041.28,test,0,1.5102780213637595e-05,0.0,0,Low,0.12,1458
CUST-000982,Davis LLC,SMB,Telecommunications,57726.85,30449.65,validation,0,1.5098867546602262e-05,0.0,0,Low,0.87,1459
CUST-000852,"Norris, Callahan and Bishop",Mid-Market,Manufacturing,385956.09,160809.83,train,0,1.5086263833944684e-05,0.0,0,Low,5.82,1460
CUST-001789,Wilson-Carlson,SMB,Energy,61925.33,23873.75,train,0,1.5072134426892412e-05,0.0,0,Low,0.93,1461
CUST-002063,"Kennedy, Valdez and Stafford",SMB,Technology,37068.47,11933.53,train,0,1.4979801163231582e-05,0.0,0,Low,0.56,1462
CUST-001216,Petersen PLC,SMB,Education,74608.9,31224.26,test,0,1.4976037361160708e-05,0.0,0,Low,1.12,1463
CUST-000326,"Martinez, Richardson and Curry",SMB,Manufacturing,89512.2,17621.03,test,0,1.4950781006252713e-05,0.0,0,Low,1.34,1464
CUST-001342,"Brennan, Thomas and Dennis",SMB,Telecommunications,13373.77,8067.49,train,0,1.4938594834580392e-05,0.0,0,Low,0.2,1465
CUST-000719,White-Preston,SMB,Telecommunications,37768.71,12391.85,test,0,1.4910183264967437e-05,0.0,0,Low,0.56,1466
CUST-001604,Baker-Ross,SMB,Retail,33600.8,14484.83,train,0,1.4889091573086913e-05,0.0,0,Low,0.5,1467
CUST-002246,Williams PLC,SMB,Transportation,135569.06,27886.71,train,0,1.4866641117026783e-05,0.0,0,Low,2.02,1468
CUST-002054,Mcneil-Fox,SMB,Telecommunications,11129.55,10662.13,train,0,1.4832451710588779e-05,0.0,0,Low,0.17,1469
CUST-002431,"Palmer, Rice and Benson",SMB,Insurance,39335.73,15305.02,test,0,1.4783708304297522e-05,0.0,0,Low,0.58,1470
CUST-001514,Compton LLC,SMB,Education,8021.03,8147.8,train,0,1.477065210649594e-05,0.0,0,Low,0.12,1471
CUST-000168,Johnson-Rogers,SMB,Energy,15035.12,9962.42,train,0,1.4729890555866038e-05,0.0,0,Low,0.22,1472
CUST-001259,"Roberts, Beck and House",SMB,Retail,58146.09,18396.38,test,0,1.4718995154728302e-05,0.0,0,Low,0.86,1473
CUST-000652,"Marks, Miller and Griffin",Strategic,Manufacturing,7209932.59,1471250.42,validation,0,1.4633529730426449e-05,0.0,0,Low,105.51,1474
CUST-001141,Ortiz-Hudson,SMB,Professional Services,44032.34,26652.46,train,0,1.4574190771392374e-05,0.0,0,Low,0.64,1475
CUST-000903,Abbott Ltd,Mid-Market,Professional Services,478196.78,136119.24,train,0,1.4574004976339937e-05,0.0,0,Low,6.97,1476
CUST-001220,Castro-Harvey,Enterprise,Transportation,990961.05,342746.72,train,0,1.4497369928544095e-05,0.0,0,Low,14.37,1477
CUST-001302,Reilly-Rodriguez,SMB,Media,74631.92,30128.79,train,0,1.448519458203666e-05,0.0,0,Low,1.08,1478
CUST-000211,"Pierce, Bell and Chavez",Mid-Market,Manufacturing,241668.16,78181.42,train,0,1.4443679411483232e-05,0.0,0,Low,3.49,1479
CUST-000567,"Owens, Koch and Jimenez",SMB,Retail,35353.06,16761.98,test,0,1.4441361646036356e-05,0.0,0,Low,0.51,1480
CUST-001808,"Long, Flores and Reyes",SMB,Manufacturing,22300.07,16922.52,validation,0,1.4387105007844643e-05,0.0,0,Low,0.32,1481
CUST-001980,Holland Inc,Mid-Market,Insurance,558033.44,179655.43,train,0,1.4379181398716161e-05,0.0,0,Low,8.02,1482
CUST-000500,Kelly-Norman,SMB,Professional Services,24680.07,23833.06,train,0,1.4351117093597344e-05,0.0,0,Low,0.35,1483
CUST-000044,Allen-Allen,SMB,Retail,11726.26,13179.62,train,0,1.4300551015061892e-05,0.0,0,Low,0.17,1484
CUST-001263,Greer-Pruitt,SMB,Education,23960.81,18498.23,train,0,1.4293880614039702e-05,0.0,0,Low,0.34,1485
CUST-000870,Donaldson and Sons,SMB,Professional Services,90404.13,37222.03,train,0,1.4284605761197003e-05,0.0,0,Low,1.29,1486
CUST-001700,"Smith, Khan and Ramirez",SMB,Professional Services,35242.18,13321.13,train,0,1.4275135344906565e-05,0.0,0,Low,0.5,1487
CUST-002269,Carpenter LLC,SMB,Professional Services,21739.43,20267.34,train,0,1.4258351256899338e-05,0.0,0,Low,0.31,1488
CUST-001276,"Moore, Daniels and Powell",SMB,Technology,91041.97,28861.83,train,0,1.4253615542386455e-05,0.0,0,Low,1.3,1489
CUST-002051,"Waller, Coleman and Mosley",SMB,Healthcare,16777.14,17284.03,test,0,1.4233703123583939e-05,0.0,0,Low,0.24,1490
CUST-000599,Hoffman Ltd,SMB,Transportation,76911.67,26052.81,train,0,1.4200951465452202e-05,0.0,0,Low,1.09,1491
CUST-001758,Hill-Flores,SMB,Professional Services,21202.68,20022.97,train,0,1.4182835582853039e-05,0.0,0,Low,0.3,1492
CUST-001627,"Williamson, Brown and Pena",SMB,Retail,16907.09,12147.11,train,0,1.4150227289303696e-05,0.0,0,Low,0.24,1493
CUST-000875,Smith-Noble,SMB,Banking,35101.22,18317.33,train,0,1.4136565745474737e-05,0.0,0,Low,0.5,1494
CUST-000651,Gill Ltd,SMB,Transportation,10366.91,6618.28,train,0,1.4124420241821433e-05,0.0,0,Low,0.15,1495
CUST-000329,Harvey PLC,SMB,Energy,12376.15,7942.56,train,0,1.4119237081431515e-05,0.0,0,Low,0.17,1496
CUST-001617,Todd Inc,SMB,Professional Services,109950.87,31946.89,train,0,1.405007746445164e-05,0.0,0,Low,1.54,1497
CUST-000143,Gibson Ltd,Mid-Market,Media,278086.3,139910.81,train,0,1.4022817258043182e-05,0.0,0,Low,3.9,1498
CUST-001413,Dunn Ltd,SMB,Banking,43487.18,25955.67,train,0,1.3956293663215976e-05,0.0,0,Low,0.61,1499
CUST-000487,"Hartman, Romero and Smith",Strategic,Insurance,17280098.39,2465043.18,validation,0,1.3908826806404416e-05,0.0,0,Low,240.35,1500
CUST-000418,Thomas and Sons,SMB,Healthcare,62298.66,22882.18,train,0,1.3864143356002873e-05,0.0,0,Low,0.86,1501
CUST-000124,"Joyce, Wilson and Lam",SMB,Education,40875.61,19706.32,validation,0,1.3861673372144484e-05,0.0,0,Low,0.57,1502
CUST-000986,Reyes Group,SMB,Media,12454.34,8851.5,validation,0,1.3844782249704707e-05,0.0,0,Low,0.17,1503
CUST-000114,Gonzalez Group,Strategic,Transportation,8042515.35,2020425.24,train,0,1.3844024457317902e-05,0.0,0,Low,111.34,1504
CUST-002146,"Dalton, Turner and Mccarthy",Mid-Market,Telecommunications,339745.18,136104.58,train,0,1.3575728354341918e-05,0.0,0,Low,4.61,1505
CUST-001950,Washington Inc,SMB,Insurance,59510.26,26544.27,train,0,1.352188917901975e-05,0.0,0,Low,0.8,1506
CUST-001363,"Thomas, Jackson and Nielsen",SMB,Media,20883.35,10804.53,train,0,1.3505704157779886e-05,0.0,0,Low,0.28,1507
CUST-002354,Hall-Brown,Mid-Market,Banking,228123.81,115451.96,train,0,1.3465436795342479e-05,0.0,0,Low,3.07,1508
CUST-000327,Richards-Carson,Mid-Market,Healthcare,418437.39,173717.12,train,0,1.3416569442366851e-05,0.0,0,Low,5.61,1509
CUST-000402,Thompson-James,SMB,Transportation,70979.23,25270.5,train,0,1.3403692415963869e-05,0.0,0,Low,0.95,1510
CUST-002326,Yang Group,SMB,Telecommunications,73907.53,39236.74,train,0,1.3253318281236212e-05,0.0,0,Low,0.98,1511
CUST-002003,"Bryan, Lam and Hayes",Mid-Market,Energy,312096.59,144834.14,train,0,1.3251233247649484e-05,0.0,0,Low,4.14,1512
CUST-001244,"Reed, Chambers and Zavala",SMB,Manufacturing,22396.95,12185.34,train,0,1.3250116255914484e-05,0.0,0,Low,0.3,1513
CUST-000566,"Edwards, Hines and Jimenez",SMB,Professional Services,22912.81,11942.09,train,0,1.3192911004727376e-05,0.0,0,Low,0.3,1514
CUST-002424,Lewis-Miller,SMB,Healthcare,38716.82,14823.24,train,0,1.3192337894277674e-05,0.0,0,Low,0.51,1515
CUST-001211,"Gray, Montoya and Miller",SMB,Insurance,16190.62,10364.52,test,0,1.3163432637296132e-05,0.0,0,Low,0.21,1516
CUST-001377,Winters PLC,SMB,Professional Services,125846.42,32936.27,train,0,1.3067194366442263e-05,0.0,0,Low,1.64,1517
CUST-000133,"Bentley, Byrd and Orr",SMB,Education,11767.89,14380.36,train,0,1.305166276128212e-05,0.0,0,Low,0.15,1518
CUST-001394,"Sanders, Taylor and Shields",SMB,Telecommunications,32372.6,13513.75,train,0,1.304897629002906e-05,0.0,0,Low,0.42,1519
CUST-000091,"Turner, Riggs and Roman",SMB,Technology,40734.11,23944.65,train,0,1.301532550134085e-05,0.0,0,Low,0.53,1520
CUST-001017,"Foster, Garcia and Turner",SMB,Insurance,9827.07,9316.26,train,0,1.3011861252449679e-05,0.0,0,Low,0.13,1521
CUST-002106,Jackson-Webster,Mid-Market,Insurance,354763.92,162183.36,validation,0,1.2752074638274534e-05,0.0,0,Low,4.52,1522
CUST-001756,"Edwards, Lane and Collins",SMB,Education,15084.37,10271.63,train,0,1.273339436609237e-05,0.0,0,Low,0.19,1523
CUST-001764,Austin-Morgan,SMB,Manufacturing,18361.38,17303.03,train,0,1.2722799812816094e-05,0.0,0,Low,0.23,1524
CUST-001997,"Wilson, Mendoza and Crosby",SMB,Insurance,9357.48,7745.89,train,0,1.2711940727196812e-05,0.0,0,Low,0.12,1525
CUST-001431,Valentine Ltd,SMB,Education,19413.96,15930.99,validation,0,1.2687594370962818e-05,0.0,0,Low,0.25,1526
CUST-001405,Bowman Group,Mid-Market,Banking,351438.51,151176.95,test,0,1.2656371012277011e-05,0.0,0,Low,4.45,1527
CUST-000878,Khan LLC,SMB,Media,10463.76,12042.01,test,0,1.2651998230485901e-05,0.0,0,Low,0.13,1528
CUST-000604,Lee-Wright,SMB,Technology,40749.78,18118.79,train,0,1.2556000887924567e-05,0.0,0,Low,0.51,1529
CUST-001839,Lamb-Weber,SMB,Technology,40519.94,15480.86,validation,0,1.2502389551266134e-05,0.0,0,Low,0.51,1530
CUST-000770,Hardy PLC,Enterprise,Telecommunications,974829.89,410088.74,validation,0,1.2439591097766797e-05,0.0,0,Low,12.13,1531
CUST-001003,Adams Ltd,SMB,Insurance,12344.97,13290.09,train,0,1.231856432180746e-05,0.0,0,Low,0.15,1532
CUST-000560,Anderson-Wood,SMB,Technology,12522.11,10015.85,test,0,1.2309005760895601e-05,0.0,0,Low,0.15,1533
CUST-001375,Valenzuela-Greene,SMB,Technology,71864.57,37411.93,validation,0,1.22969641959044e-05,0.0,0,Low,0.88,1534
CUST-001137,"Carpenter, Oliver and Kennedy",Mid-Market,Professional Services,292434.49,123844.85,train,0,1.2296473658702045e-05,0.0,0,Low,3.6,1535
CUST-000013,Arnold Ltd,SMB,Retail,35045.02,12075.6,validation,0,1.2286967252748534e-05,0.0,0,Low,0.43,1536
CUST-000315,"Becker, Taylor and Davis",SMB,Professional Services,20935.69,10689.01,validation,0,1.2273010702430003e-05,0.0,0,Low,0.26,1537
CUST-000545,"Jacobson, Singleton and King",SMB,Transportation,13590.87,13962.38,train,0,1.2252000013775148e-05,0.0,0,Low,0.17,1538
CUST-001291,Harris Ltd,Mid-Market,Professional Services,382380.62,167310.52,validation,0,1.2205498476660964e-05,0.0,0,Low,4.67,1539
CUST-000794,Ferguson-Mclean,Mid-Market,Energy,310714.38,124626.73,train,0,1.2201739461891315e-05,0.0,0,Low,3.79,1540
CUST-000095,Campbell-Clark,SMB,Manufacturing,17795.33,12228.15,train,0,1.2180493879260117e-05,0.0,0,Low,0.22,1541
CUST-002219,Vazquez Ltd,Mid-Market,Professional Services,410878.15,197814.37,test,0,1.2094068374095595e-05,0.0,0,Low,4.97,1542
CUST-000592,"Harvey, Randall and Hernandez",SMB,Banking,83556.2,30917.25,test,0,1.2054568571985554e-05,0.0,0,Low,1.01,1543
CUST-000994,"Wright, Mcknight and Stephens",SMB,Energy,45923.56,19898.83,train,0,1.205451700353901e-05,0.0,0,Low,0.55,1544
CUST-000842,Medina and Sons,Mid-Market,Professional Services,380192.59,109252.89,train,0,1.2030095448985365e-05,0.0,0,Low,4.57,1545
CUST-000222,Harrison-Alexander,Mid-Market,Media,428017.67,121387.38,train,0,1.202216002700387e-05,0.0,0,Low,5.15,1546
CUST-000916,"Herrera, Jensen and Ramirez",SMB,Retail,45001.24,14422.53,train,0,1.2012489647351612e-05,0.0,0,Low,0.54,1547
CUST-000953,"Acosta, Garcia and Moreno",SMB,Media,127355.99,34032.66,test,0,1.1974800073410945e-05,0.0,0,Low,1.53,1548
CUST-000432,"Lopez, Jacobs and Mason",SMB,Manufacturing,17265.55,11513.9,train,0,1.1925619204667189e-05,0.0,0,Low,0.21,1549
CUST-001588,"Wright, Scott and Evans",Enterprise,Energy,1099062.96,458380.34,validation,0,1.19162913525448e-05,0.0,0,Low,13.1,1550
CUST-000687,"Fry, Hobbs and Buck",SMB,Media,13107.19,9566.05,train,0,1.1897170368791848e-05,0.0,0,Low,0.16,1551
CUST-001202,"Marks, Stone and Watts",SMB,Manufacturing,48704.31,20007.23,train,0,1.1843797724669592e-05,0.0,0,Low,0.58,1552
CUST-000841,Carter LLC,SMB,Media,63217.87,33063.61,train,0,1.1826026103566293e-05,0.0,0,Low,0.75,1553
CUST-001948,"Trujillo, Chang and Williams",SMB,Education,11743.64,8187.83,train,0,1.1792420341573026e-05,0.0,0,Low,0.14,1554
CUST-001448,"Hensley, Lopez and Baker",Mid-Market,Retail,563351.31,131839.9,train,0,1.1765665197258358e-05,0.0,0,Low,6.63,1555
CUST-001425,"Haynes, Mcbride and Gutierrez",SMB,Manufacturing,35687.29,18362.52,train,0,1.1689345787759585e-05,0.0,0,Low,0.42,1556
CUST-000442,Rangel LLC,Mid-Market,Insurance,332091.04,128978.94,train,0,1.1618111058013945e-05,0.0,0,Low,3.86,1557
CUST-000787,Maldonado PLC,SMB,Retail,27182.95,9088.63,validation,0,1.1592167129251782e-05,0.0,0,Low,0.32,1558
CUST-001125,Sullivan-Doyle,SMB,Energy,51885.19,16897.49,train,0,1.1584320090122903e-05,0.0,0,Low,0.6,1559
CUST-002491,"Bernard, Flores and Fleming",Mid-Market,Education,380407.32,154719.16,validation,0,1.1397537143445899e-05,0.0,0,Low,4.34,1560
CUST-001546,Stephens LLC,SMB,Insurance,79995.1,22694.73,validation,0,1.1389720979605435e-05,0.0,0,Low,0.91,1561
CUST-002172,Davies-Morales,Mid-Market,Telecommunications,313887.58,141262.43,train,0,1.1327882621183099e-05,0.0,0,Low,3.56,1562
CUST-001420,"Wright, Ramos and Bennett",Mid-Market,Telecommunications,234698.7,129202.34,train,0,1.130584047980287e-05,0.0,0,Low,2.65,1563
CUST-000046,Spence PLC,Mid-Market,Banking,280380.4,157033.11,train,0,1.1276245740201144e-05,0.0,0,Low,3.16,1564
CUST-000736,Sutton-Abbott,Mid-Market,Energy,269523.89,114376.2,test,0,1.127336517064632e-05,0.0,0,Low,3.04,1565
CUST-001939,"Serrano, Turner and Barnes",SMB,Transportation,38576.1,14358.93,train,0,1.1229682450291017e-05,0.0,0,Low,0.43,1566
CUST-001749,"Russo, Collins and Murphy",SMB,Technology,84702.03,30626.9,train,0,1.120702700897783e-05,0.0,0,Low,0.95,1567
CUST-001330,"Gonzalez, Gross and Sims",SMB,Energy,42186.19,22897.23,train,0,1.115082050063991e-05,0.0,0,Low,0.47,1568
CUST-001659,Miller-Chan,SMB,Manufacturing,41895.72,15997.56,train,0,1.1129382255153494e-05,0.0,0,Low,0.47,1569
CUST-000518,"Hernandez, Cole and Watson",SMB,Transportation,15826.09,16642.67,train,0,1.1092385304580225e-05,0.0,0,Low,0.18,1570
CUST-000390,Moore-Collins,Mid-Market,Banking,182856.99,110695.04,validation,0,1.1085788302753492e-05,0.0,0,Low,2.03,1571
CUST-001562,"Jones, Conrad and Clark",SMB,Professional Services,13140.94,12588.86,validation,0,1.1077782131311879e-05,0.0,0,Low,0.15,1572
CUST-002449,Weaver-Rubio,SMB,Retail,35390.64,18874.02,test,0,1.1041724658057127e-05,0.0,0,Low,0.39,1573
CUST-001826,Nixon-Miller,Mid-Market,Energy,204435.24,105570.62,train,0,1.1038988660861222e-05,0.0,0,Low,2.26,1574
CUST-002466,Parker Group,Mid-Market,Insurance,259367.17,109048.92,train,0,1.101198162096228e-05,0.0,0,Low,2.86,1575
CUST-002468,Reeves LLC,SMB,Education,10609.27,10945.26,train,0,1.0966355619583284e-05,0.0,0,Low,0.12,1576
CUST-001384,George-Stephens,SMB,Transportation,27352.22,14096.0,train,0,1.0964509663597e-05,0.0,0,Low,0.3,1577
CUST-001116,Silva-Smith,Mid-Market,Transportation,224633.4,146551.21,train,0,1.095930062820413e-05,0.0,0,Low,2.46,1578
CUST-000607,Stewart-Bailey,SMB,Banking,29134.68,20411.05,train,0,1.0946586053609174e-05,0.0,0,Low,0.32,1579
CUST-001506,Garrett-Black,SMB,Technology,33774.38,18020.59,validation,0,1.0941164739397151e-05,0.0,0,Low,0.37,1580
CUST-000080,"Hensley, Powell and David",SMB,Technology,7785.74,8845.98,train,0,1.0926412193223249e-05,0.0,0,Low,0.09,1581
CUST-002327,Hartman Group,Mid-Market,Retail,403154.94,139064.09,train,0,1.0925606216461457e-05,0.0,0,Low,4.4,1582
CUST-000601,Stevens PLC,Mid-Market,Retail,364660.94,110569.29,validation,0,1.0915643228658062e-05,0.0,0,Low,3.98,1583
CUST-000937,Tran Ltd,SMB,Energy,11511.66,11664.62,train,0,1.0884741820912369e-05,0.0,0,Low,0.13,1584
CUST-001159,Martin Group,SMB,Insurance,36866.41,15265.02,train,0,1.08828900629234e-05,0.0,0,Low,0.4,1585
CUST-000987,Gomez and Sons,SMB,Technology,36649.18,13637.47,train,0,1.0879960512757515e-05,0.0,0,Low,0.4,1586
CUST-002046,Baldwin Group,SMB,Insurance,36456.96,18830.67,train,0,1.0809830251597008e-05,0.0,0,Low,0.39,1587
CUST-001262,Harris-Melton,SMB,Insurance,45364.51,17996.93,validation,0,1.080704805876039e-05,0.0,0,Low,0.49,1588
CUST-001102,Watson PLC,SMB,Telecommunications,25810.73,16722.82,train,0,1.0780767088438722e-05,0.0,0,Low,0.28,1589
CUST-001235,Holt and Sons,SMB,Banking,22076.37,14230.2,train,0,1.0731977874133533e-05,0.0,0,Low,0.24,1590
CUST-002150,Alvarez-Dickerson,Mid-Market,Technology,232291.77,137909.79,test,0,1.0718250274325996e-05,0.0,0,Low,2.49,1591
CUST-000867,"Smith, Schroeder and Oconnor",Enterprise,Technology,868953.64,423164.09,train,0,1.070487960388198e-05,0.0,0,Low,9.3,1592
CUST-000600,Fox-Edwards,Mid-Market,Insurance,443478.1,181923.06,train,0,1.069463095006206e-05,0.0,0,Low,4.74,1593
CUST-000810,Alvarez-Kim,SMB,Banking,56372.25,20789.92,validation,0,1.0673156921431454e-05,0.0,0,Low,0.6,1594
CUST-000373,Reynolds Ltd,Mid-Market,Media,313612.03,162380.05,train,0,1.066631157945706e-05,0.0,0,Low,3.35,1595
CUST-001681,"Payne, Long and Morris",SMB,Manufacturing,122180.76,34401.84,train,0,1.0648668193073048e-05,0.0,0,Low,1.3,1596
CUST-001454,Olsen Ltd,SMB,Manufacturing,62341.57,27027.47,train,0,1.0609853935790436e-05,0.0,0,Low,0.66,1597
CUST-000003,"Mcclain, Miller and Henderson",SMB,Energy,22001.76,11382.81,train,0,1.0555835892525322e-05,0.0,0,Low,0.23,1598
CUST-000825,"Price, Long and Wilson",Mid-Market,Healthcare,384957.18,172208.4,test,0,1.0432967033604768e-05,0.0,0,Low,4.02,1599
CUST-002432,Kennedy-Francis,SMB,Healthcare,14393.11,16739.14,validation,0,1.038572079413206e-05,0.0,0,Low,0.15,1600
CUST-001991,Fitzgerald-Brown,SMB,Technology,28300.0,19868.81,train,0,1.0379809792608595e-05,0.0,0,Low,0.29,1601
CUST-002403,"Harris, Stephens and Kramer",Enterprise,Insurance,1088581.37,437071.83,test,0,1.0328941098496026e-05,0.0,0,Low,11.24,1602
CUST-000855,"Bell, Campbell and Ryan",Enterprise,Insurance,1087576.25,506634.32,test,0,1.032159958216747e-05,0.0,0,Low,11.23,1603
CUST-001757,Flores and Sons,SMB,Banking,67064.21,25576.04,train,0,1.02168891177018e-05,0.0,0,Low,0.69,1604
CUST-000584,"Kirby, Wheeler and Romero",Mid-Market,Healthcare,368868.76,150150.4,train,0,1.0157588125537208e-05,0.0,0,Low,3.75,1605
CUST-000733,Adams-Sanders,SMB,Retail,12778.57,9512.84,train,0,1.0108789124153035e-05,0.0,0,Low,0.13,1606
CUST-000647,Richardson-Walker,Strategic,Banking,8824853.42,1923053.96,train,0,1.0089407257596685e-05,0.0,0,Low,89.04,1607
CUST-001187,"Holland, Murphy and Kline",SMB,Insurance,21539.57,9588.3,train,0,1.0030104658854686e-05,0.0,0,Low,0.22,1608
CUST-001949,"Williams, Medina and Moore",SMB,Professional Services,36255.89,19777.99,train,0,1.0014276611938772e-05,0.0,0,Low,0.36,1609
CUST-001976,Schmidt-Mendoza,Enterprise,Telecommunications,993589.67,485773.34,train,0,9.96927735834121e-06,0.0,0,Low,9.91,1610
CUST-000677,Mendez-Mayer,Mid-Market,Insurance,407146.6,150973.19,validation,0,9.904209442023886e-06,0.0,0,Low,4.03,1611
CUST-001540,"Moody, Martinez and Hall",Mid-Market,Manufacturing,298901.5,173251.44,train,0,9.885560446266121e-06,0.0,0,Low,2.95,1612
CUST-000199,Ramirez Group,Mid-Market,Retail,450731.36,172388.21,train,0,9.849163499925496e-06,0.0,0,Low,4.44,1613
CUST-000691,White-Medina,SMB,Insurance,12646.78,12521.65,train,0,9.817171899534886e-06,0.0,0,Low,0.12,1614
CUST-001101,"Sanders, Leblanc and Maldonado",SMB,Technology,18589.85,10108.74,train,0,9.775265101265916e-06,0.0,0,Low,0.18,1615
CUST-002240,"Serrano, Marsh and Gonzalez",Mid-Market,Manufacturing,556245.83,164742.87,train,0,9.75498937112372e-06,0.0,0,Low,5.43,1616
CUST-002369,Young-Hawkins,Mid-Market,Technology,349858.79,93052.51,train,0,9.63067034545137e-06,0.0,0,Low,3.37,1617
CUST-002209,Shaffer-Manning,SMB,Media,29921.64,12143.62,validation,0,9.587797252927377e-06,0.0,0,Low,0.29,1618
CUST-000664,Andersen Group,SMB,Transportation,16721.45,18662.67,train,0,9.472458461569606e-06,0.0,0,Low,0.16,1619
CUST-000554,Ballard Ltd,SMB,Insurance,22287.74,17710.87,train,0,9.44255034114595e-06,0.0,0,Low,0.21,1620
CUST-000096,Harris-Walters,Mid-Market,Energy,218487.45,141266.71,train,0,9.395633311397057e-06,0.0,0,Low,2.05,1621
CUST-001666,Jones Group,Mid-Market,Professional Services,554422.81,118730.2,train,0,9.378736893066283e-06,0.0,0,Low,5.2,1622
CUST-000407,Berry-Mckinney,SMB,Retail,32794.85,15732.1,train,0,9.32034782688772e-06,0.0,0,Low,0.31,1623
CUST-002056,Davis-Ortiz,Mid-Market,Insurance,505444.85,119876.44,train,0,9.296632059254087e-06,0.0,0,Low,4.7,1624
CUST-002315,Davis-Palmer,SMB,Technology,12731.58,9325.62,train,0,9.21314771941319e-06,0.0,0,Low,0.12,1625
CUST-000309,"Phillips, Spence and Barrett",Strategic,Technology,9184283.28,1968277.15,train,0,9.208755392957137e-06,0.0,0,Low,84.58,1626
CUST-001417,Thompson-Hunter,SMB,Retail,16620.53,12738.0,train,0,9.164850731697976e-06,0.0,0,Low,0.15,1627
CUST-001110,"Smith, Buck and Holland",Enterprise,Banking,999095.31,516269.25,validation,0,9.108381695049313e-06,0.0,0,Low,9.1,1628
CUST-000819,Smith-Lewis,SMB,Insurance,40339.6,13250.14,validation,0,9.048765840240856e-06,0.0,0,Low,0.37,1629
CUST-000514,Cisneros and Sons,Mid-Market,Telecommunications,376912.87,154105.6,train,0,9.007467684482913e-06,0.0,0,Low,3.4,1630
CUST-000761,Moore-Dawson,Mid-Market,Technology,269106.62,145332.32,test,0,8.95734885877505e-06,0.0,0,Low,2.41,1631
CUST-000783,Faulkner-Casey,SMB,Technology,48792.12,23259.01,test,0,8.911155082154045e-06,0.0,0,Low,0.43,1632
CUST-001496,Ballard Group,SMB,Technology,11530.17,12852.62,train,0,8.851106775299449e-06,0.0,0,Low,0.1,1633
CUST-001830,"Miller, Schultz and Yates",Enterprise,Education,914152.03,403772.8,test,0,8.795528497733169e-06,0.0,0,Low,8.04,1634
CUST-000788,Benton Group,Mid-Market,Retail,240845.57,131037.55,train,0,8.759372830973907e-06,0.0,0,Low,2.11,1635
CUST-001794,"Brown, Robinson and Taylor",Mid-Market,Professional Services,242357.34,150664.76,train,0,8.670060168216494e-06,0.0,0,Low,2.1,1636
CUST-001152,"Lee, Rhodes and Sims",SMB,Technology,60737.68,29960.55,train,0,8.509488805931867e-06,0.0,0,Low,0.52,1637
CUST-000381,"Richardson, Farmer and Andrews",Mid-Market,Education,255960.01,146397.92,train,0,8.504427955209109e-06,0.0,0,Low,2.18,1638
CUST-002350,Petty-Allison,SMB,Education,12148.25,7030.58,train,0,8.497260829153743e-06,0.0,0,Low,0.1,1639
CUST-001500,"Smith, Weeks and Arroyo",SMB,Media,14137.63,10736.3,test,0,8.46885130170254e-06,0.0,0,Low,0.12,1640
CUST-001047,"Fernandez, Guerrero and Evans",SMB,Healthcare,20117.73,19073.28,train,0,8.451314505581452e-06,0.0,0,Low,0.17,1641
CUST-001213,West-Wilson,SMB,Banking,9935.3,7615.5,validation,0,8.422858331294354e-06,0.0,0,Low,0.08,1642
CUST-002437,Tucker-Moody,SMB,Energy,40489.93,18713.86,validation,0,8.365135495109716e-06,0.0,0,Low,0.34,1643
CUST-001124,"Johnson, Jimenez and Phillips",SMB,Manufacturing,26528.82,18967.92,train,0,8.330325646783397e-06,0.0,0,Low,0.22,1644
CUST-002346,"Park, Maynard and Ruiz",SMB,Healthcare,26139.58,15640.69,train,0,8.194007473039689e-06,0.0,0,Low,0.21,1645
CUST-000121,White-Estes,Enterprise,Insurance,1855525.35,602426.84,validation,0,8.19223979419132e-06,0.0,0,Low,15.2,1646
CUST-000190,"Burke, Martinez and Riggs",SMB,Technology,47473.05,18440.35,train,0,8.170514751470022e-06,0.0,0,Low,0.39,1647
CUST-000440,King-York,Mid-Market,Retail,473938.58,139850.03,train,0,8.069393666566701e-06,0.0,0,Low,3.82,1648
CUST-000552,"Fowler, Jimenez and Burton",SMB,Media,12460.28,6687.43,train,0,8.052932484149982e-06,0.0,0,Low,0.1,1649
CUST-001473,Welch-Duncan,SMB,Professional Services,46384.19,14383.14,train,0,7.97965246769267e-06,0.0,0,Low,0.37,1650
CUST-002247,Burke-Hernandez,Mid-Market,Transportation,184463.87,90841.14,test,0,7.95077181472307e-06,0.0,0,Low,1.47,1651
CUST-002299,Nguyen-Dennis,Enterprise,Banking,1333604.75,586133.51,train,0,7.908425320746878e-06,0.0,0,Low,10.55,1652
CUST-001527,Boyd and Sons,SMB,Retail,12010.41,9661.03,test,0,7.827032019208968e-06,0.0,0,Low,0.09,1653
CUST-000290,"James, Stewart and Higgins",Mid-Market,Manufacturing,451072.85,176352.94,train,0,7.758353926120991e-06,0.0,0,Low,3.5,1654
CUST-001786,"Reynolds, Baird and Bradley",SMB,Retail,20027.55,11029.05,train,0,7.726347776865728e-06,0.0,0,Low,0.15,1655
CUST-001944,Jennings Group,SMB,Media,11812.22,6981.74,train,0,7.558564102855919e-06,0.0,0,Low,0.09,1656
CUST-000086,Smith PLC,SMB,Manufacturing,19913.24,11334.95,train,0,7.535322765532971e-06,0.0,0,Low,0.15,1657
CUST-001313,"Thomas, White and Jensen",SMB,Technology,8688.44,6938.94,test,0,7.497667891081181e-06,0.0,0,Low,0.07,1658
CUST-000569,Levy-Lewis,Mid-Market,Professional Services,387551.09,151617.19,validation,0,7.494984586901879e-06,0.0,0,Low,2.9,1659
CUST-001014,Brown-Hernandez,Enterprise,Telecommunications,1682081.18,541324.58,train,0,7.492152201760299e-06,0.0,0,Low,12.6,1660
CUST-000701,Turner-Stout,Mid-Market,Transportation,226189.26,114562.72,test,0,7.4362122772124295e-06,0.0,0,Low,1.68,1661
CUST-000872,Kelley-Anderson,Mid-Market,Insurance,360207.02,129525.43,train,0,7.32151284121758e-06,0.0,0,Low,2.64,1662
CUST-002061,"Singh, Walker and Moody",SMB,Education,19526.4,8637.13,train,0,7.270753684415191e-06,0.0,0,Low,0.14,1663
CUST-001680,"Mason, White and Richards",Enterprise,Education,1251066.25,480677.61,test,0,7.182070150106902e-06,0.0,0,Low,8.99,1664
CUST-001337,"Vincent, Anderson and Mason",Enterprise,Insurance,2333837.99,629812.0,train,0,7.117982331141526e-06,0.0,0,Low,16.61,1665
CUST-001883,Price-Ferrell,SMB,Technology,37131.35,19687.17,train,0,7.044746898116416e-06,0.0,0,Low,0.26,1666
CUST-000106,Nolan and Sons,Mid-Market,Insurance,248258.22,115085.83,train,0,6.95806016246225e-06,0.0,0,Low,1.73,1667
CUST-002153,Flores-Johnson,Strategic,Retail,12149574.15,2166816.79,train,0,6.858665759506905e-06,0.0,0,Low,83.33,1668
CUST-000765,Miller Group,Strategic,Transportation,7343925.7,2090449.29,train,0,6.816875490171758e-06,0.0,0,Low,50.06,1669
CUST-000795,"Barnes, Johnson and Schmitt",Enterprise,Media,976006.12,534405.58,train,0,6.745504928765399e-06,0.0,0,Low,6.58,1670
CUST-001864,Murray-Leonard,Enterprise,Telecommunications,1358621.04,550259.36,train,0,6.700539840951927e-06,0.0,0,Low,9.1,1671
CUST-000032,Carlson-Cruz,SMB,Banking,19632.53,18548.31,train,0,6.682125998864556e-06,0.0,0,Low,0.13,1672
CUST-001731,Robles-Brewer,Mid-Market,Transportation,382464.55,159684.03,train,0,6.610050838093805e-06,0.0,0,Low,2.53,1673
CUST-001934,Butler-Aguirre,Enterprise,Retail,1610049.04,594450.31,validation,0,6.609058627822338e-06,0.0,0,Low,10.64,1674
CUST-000676,Johnson Ltd,Strategic,Insurance,11254670.11,2481213.92,train,0,6.43745151162358e-06,0.0,0,Low,72.45,1675
CUST-000858,"Ochoa, Taylor and Brady",SMB,Media,29715.62,19864.53,train,0,6.274916940527649e-06,0.0,0,Low,0.19,1676
CUST-001537,Wright Group,SMB,Education,41022.02,17547.53,test,0,6.24490490190156e-06,0.0,0,Low,0.26,1677
CUST-001783,Allen-Sanchez,SMB,Education,10337.81,11001.46,train,0,6.113566898697015e-06,0.0,0,Low,0.06,1678
CUST-000847,"Alexander, Robinson and Coleman",Enterprise,Transportation,1880808.92,675623.0,train,0,6.003330109742361e-06,0.0,0,Low,11.29,1679
CUST-001671,"Liu, Buchanan and Meyer",Enterprise,Media,1214306.22,474973.36,train,0,5.784928191756908e-06,0.0,0,Low,7.02,1680
CUST-001884,Sosa-Baker,Enterprise,Manufacturing,1221336.57,538487.12,validation,0,5.6535507531740415e-06,0.0,0,Low,6.9,1681
CUST-002264,Galvan-Ruiz,Enterprise,Energy,1208612.01,633106.31,train,0,5.632552445403279e-06,0.0,0,Low,6.81,1682
CUST-001156,Bryant-Meyer,Enterprise,Transportation,1562374.62,649547.15,train,0,5.108018913868173e-06,0.0,0,Low,7.98,1683
CUST-002472,"Willis, Vasquez and Goodwin",Enterprise,Energy,1700339.38,711521.27,test,0,5.0743380967202795e-06,0.0,0,Low,8.63,1684
CUST-000627,Lopez-Curry,Enterprise,Retail,1163436.13,584214.11,train,0,4.560350020702289e-06,0.0,0,Low,5.31,1685
CUST-002041,"Fox, Harrington and Wang",Enterprise,Manufacturing,1009336.36,584189.89,train,0,4.323163847397156e-06,0.0,0,Low,4.36,1686
CUST-000382,Bruce-Villegas,Strategic,Technology,7077671.71,2070625.73,train,0,4.298662279491089e-06,0.0,0,Low,30.42,1687
CUST-002222,"Martinez, Camacho and Mathews",Strategic,Healthcare,16768882.54,2650884.51,test,0,4.139876984854671e-06,0.0,0,Low,69.42,1688
CUST-000708,Owens-Lang,Enterprise,Media,1061151.55,566539.32,train,0,3.974893582686281e-06,0.0,0,Low,4.22,1689
CUST-001854,Jackson Group,Enterprise,Manufacturing,1634271.17,723780.18,train,0,3.4064988875406533e-06,0.0,0,Low,5.57,1690
CUST-000828,Powers LLC,Strategic,Telecommunications,8658631.61,2245214.12,train,0,2.83120340194084e-06,0.0,0,Low,24.51,1691
CUST-001479,Gutierrez-White,Strategic,Media,14771510.92,2284129.23,train,0,2.638944961643929e-06,0.0,0,Low,38.98,1692
CUST-002382,"Carter, Alexander and Hunter",Strategic,Healthcare,17962721.67,2733720.62,train,0,2.0951052509600575e-06,0.0,0,Low,37.63,1693
CUST-002157,Jenkins-Brown,Strategic,Energy,10766124.15,1923727.58,train,0,2.050724439940349e-06,0.0,0,Low,22.08,1694
CUST-000612,Reed Group,Strategic,Healthcare,10682448.99,2726496.88,validation,0,1.7032072645545228e-06,0.0,0,Low,18.19,1695
CUST-002460,Chapman-Henry,Strategic,Retail,15162053.26,2805513.5,test,0,1.5578822678894669e-06,0.0,0,Low,23.62,1696
CUST-002252,Roberts-Snyder,Strategic,Manufacturing,9959336.44,2583780.58,validation,0,1.5380596425037524e-06,0.0,0,Low,15.32,1697
CUST-000231,"Branch, Torres and Oliver",Enterprise,Telecommunications,2328341.05,585971.53,train,0,1.4545607169379e-06,0.0,0,Low,3.39,1698
CUST-002393,Carrillo Ltd,Enterprise,Insurance,2271392.47,519663.64,train,0,1.39953245674756e-06,0.0,0,Low,3.18,1699
CUST-002257,Williamson and Sons,Strategic,Manufacturing,9384112.98,2562471.58,test,0,1.3886935421228626e-06,0.0,0,Low,13.03,1700
CUST-000426,"Brown, Romero and Collins",Enterprise,Healthcare,2121190.66,662759.77,validation,0,1.1203618482349595e-06,0.0,0,Low,2.38,1701
CUST-000169,"Yates, Ramsey and Pittman",Enterprise,Energy,2257178.3,535303.17,train,0,1.0260281228867914e-06,0.0,0,Low,2.32,1702
CUST-002481,Fernandez-Jackson,Enterprise,Transportation,2800444.79,674422.4,validation,0,1.018430605955805e-06,0.0,0,Low,2.85,1703
CUST-002336,"Church, Guzman and Tucker",Enterprise,Media,3316918.23,555280.77,test,0,1.0169365185369828e-06,0.0,0,Low,3.37,1704
CUST-002323,Gutierrez-Marshall,Strategic,Healthcare,16868289.96,2937198.7,train,0,1.0057261211137427e-06,0.0,0,Low,16.96,1705
CUST-000050,"Harris, Collins and Carney",Enterprise,Transportation,3167952.61,878573.5,train,0,9.609256959245643e-07,0.0,0,Low,3.04,1706
CUST-002151,"Brown, Baker and Garza",Enterprise,Insurance,1827337.16,588733.05,test,0,9.401627266163695e-07,0.0,0,Low,1.72,1707
CUST-001849,Larson and Sons,Enterprise,Education,3099388.75,619199.01,test,0,9.387558637884657e-07,0.0,0,Low,2.91,1708
CUST-001265,"Morrison, Parsons and Brandt",Enterprise,Manufacturing,1387812.1,595869.74,test,0,9.249341531397029e-07,0.0,0,Low,1.28,1709
CUST-001846,Green Ltd,Enterprise,Energy,3761978.52,936254.75,train,0,8.661721132448062e-07,0.0,0,Low,3.26,1710
CUST-000417,"Mullen, Brewer and Hernandez",Enterprise,Transportation,2444826.04,822558.39,test,0,8.524594578885702e-07,0.0,0,Low,2.08,1711
CUST-001977,"Nicholson, Chavez and Allen",Strategic,Media,12685604.19,2490534.1,train,0,8.41816693748652e-07,0.0,0,Low,10.68,1712
CUST-001305,Wells PLC,Strategic,Professional Services,9442876.9,2728948.99,validation,0,8.370498471881503e-07,0.0,0,Low,7.9,1713
CUST-002455,"Todd, Bernard and Boyd",Enterprise,Professional Services,4431981.2,873430.25,train,0,8.35279113648009e-07,0.0,0,Low,3.7,1714
CUST-001866,Meyer Ltd,Enterprise,Retail,3259250.77,674442.52,train,0,8.207849557927233e-07,0.0,0,Low,2.68,1715
CUST-000728,"Arnold, Smith and Moreno",Enterprise,Media,3229155.29,775020.74,test,0,8.059300005379086e-07,0.0,0,Low,2.6,1716
CUST-001803,Abbott-Phelps,Enterprise,Manufacturing,1696221.18,636821.69,test,0,8.033464396043262e-07,0.0,0,Low,1.36,1717
CUST-000989,Mendez PLC,Enterprise,Manufacturing,2712835.02,586761.39,train,0,7.697459338821055e-07,0.0,0,Low,2.09,1718
CUST-001091,Adams-Butler,Strategic,Technology,12246634.43,2500820.34,validation,0,7.552000111821313e-07,0.0,0,Low,9.25,1719
CUST-001046,Terry-Bowen,Enterprise,Insurance,2975987.76,935377.87,train,0,7.286820295949317e-07,0.0,0,Low,2.17,1720
CUST-000427,Johnson-Wood,Enterprise,Telecommunications,2666651.41,820261.94,train,0,6.971065292334163e-07,0.0,0,Low,1.86,1721
CUST-002261,Reeves Ltd,Enterprise,Technology,3310693.07,844729.16,train,0,6.934004015327572e-07,0.0,0,Low,2.3,1722
CUST-001581,Smith-Johnson,Enterprise,Energy,1479749.19,517408.31,train,0,6.836782327285501e-07,0.0,0,Low,1.01,1723
CUST-000364,"Kelley, Nguyen and Vang",Enterprise,Transportation,3678690.13,691836.97,validation,0,6.624582555537616e-07,0.0,0,Low,2.44,1724
CUST-001723,Mclaughlin and Sons,Mid-Market,Media,444880.72,194094.1,train,0,6.421965729344337e-07,0.0,0,Low,0.29,1725
CUST-000266,Gay Inc,Strategic,Energy,12573997.07,2395570.36,train,0,6.345575227707713e-07,0.0,0,Low,7.98,1726
CUST-001173,Campbell Inc,Enterprise,Retail,3415050.15,1039778.7,validation,0,6.300147119574192e-07,0.0,0,Low,2.15,1727
CUST-001373,Mills PLC,Enterprise,Energy,2431203.72,822213.88,train,0,6.298577610150131e-07,0.0,0,Low,1.53,1728
CUST-002137,Reyes Ltd,Enterprise,Technology,2009287.06,612635.1,validation,0,6.227919608637194e-07,0.0,0,Low,1.25,1729
CUST-000700,"Ramsey, Hansen and Mendoza",Enterprise,Telecommunications,2831857.66,677674.52,train,0,6.054324287247121e-07,0.0,0,Low,1.71,1730
CUST-002052,Houston PLC,Enterprise,Manufacturing,3038504.83,763946.65,train,0,6.044519135558249e-07,0.0,0,Low,1.84,1731
CUST-002233,"Johnson, Williams and May",Enterprise,Energy,4105650.48,853134.66,test,0,5.972508227712367e-07,0.0,0,Low,2.45,1732
CUST-001518,Collins-Lloyd,Enterprise,Professional Services,1926499.96,632958.97,train,0,5.815262528394825e-07,0.0,0,Low,1.12,1733
CUST-001891,Waters-Smith,Mid-Market,Insurance,324702.05,141796.04,test,0,5.784109806817135e-07,0.0,0,Low,0.19,1734
CUST-000780,"Mccann, Taylor and Flores",Enterprise,Manufacturing,2002573.45,713406.96,train,0,5.771604042973359e-07,0.0,0,Low,1.16,1735
CUST-002057,Perry-Peters,Enterprise,Manufacturing,2392375.6,807865.25,train,0,5.764076600468611e-07,0.0,0,Low,1.38,1736
CUST-000915,"Wang, Henderson and Morales",Enterprise,Retail,3587137.96,840766.27,train,0,5.579066120651559e-07,0.0,0,Low,2.0,1737
CUST-002103,Wyatt Ltd,SMB,Energy,33340.07,32213.26,train,0,5.5760598732028e-07,0.0,0,Low,0.02,1738
CUST-001653,Ali-Turner,SMB,Healthcare,32120.82,21092.7,train,0,5.529596238093224e-07,0.0,0,Low,0.02,1739
CUST-001170,Bates LLC,SMB,Telecommunications,37892.42,24073.02,train,0,5.409048382379025e-07,0.0,0,Low,0.02,1740
CUST-000918,Herrera Group,Enterprise,Banking,3188023.71,820851.38,test,0,5.322714869729641e-07,0.0,0,Low,1.7,1741
CUST-000991,Andrade-Mendoza,SMB,Media,52989.8,26170.05,train,0,5.263292467325572e-07,0.0,0,Low,0.03,1742
CUST-002303,"Crane, James and Ross",SMB,Transportation,29463.39,32836.12,train,0,5.252317246906826e-07,0.0,0,Low,0.02,1743
CUST-000580,"Morales, Williams and Williams",Mid-Market,Professional Services,506214.73,149803.76,train,0,5.195321137564157e-07,0.0,0,Low,0.26,1744
CUST-000094,Newton and Sons,Mid-Market,Professional Services,604437.25,182143.22,validation,0,5.184691101158172e-07,0.0,0,Low,0.31,1745
CUST-000492,Anderson-Bell,Enterprise,Media,2811469.63,799460.3,train,0,5.156191130109933e-07,0.0,0,Low,1.45,1746
CUST-000625,Butler and Sons,Mid-Market,Transportation,164798.21,106357.82,train,0,5.088128910065319e-07,0.0,0,Low,0.08,1747
CUST-001457,"Hernandez, Shaffer and Thompson",SMB,Energy,60606.86,33018.62,train,0,5.084208152189044e-07,0.0,0,Low,0.03,1748
CUST-001688,"Salazar, Moore and Pierce",SMB,Media,36159.52,26195.52,train,0,5.068030106982462e-07,0.0,0,Low,0.02,1749
CUST-002384,Martinez and Sons,Enterprise,Insurance,3322359.55,819457.5,test,0,5.053643444853598e-07,0.0,0,Low,1.68,1750
CUST-000969,Aguirre LLC,Enterprise,Telecommunications,4003888.89,1018201.35,train,0,5.015517883113923e-07,0.0,0,Low,2.01,1751
CUST-002411,"Henderson, Wagner and Dennis",SMB,Education,35113.3,35933.09,train,0,5.011857930467988e-07,0.0,0,Low,0.02,1752
CUST-001610,Cohen-Johnston,Enterprise,Telecommunications,3102129.92,797217.49,train,0,4.96170953196643e-07,0.0,0,Low,1.54,1753
CUST-001398,"Mann, Martin and Oconnell",SMB,Telecommunications,65888.51,28993.48,train,0,4.89369256196411e-07,0.0,0,Low,0.03,1754
CUST-000897,Miller Inc,SMB,Telecommunications,33416.56,27887.93,train,0,4.851099478128575e-07,0.0,0,Low,0.02,1755
CUST-002311,Hunt-Burns,Mid-Market,Telecommunications,588583.91,182909.03,validation,0,4.770151090863081e-07,0.0,0,Low,0.28,1756
CUST-001720,"Daniel, Jimenez and Morton",SMB,Education,40586.83,32426.29,test,0,4.749967672237622e-07,0.0,0,Low,0.02,1757
CUST-000792,"Moore, Henderson and Bennett",Enterprise,Technology,2596193.83,789308.97,train,0,4.7417228319084223e-07,0.0,0,Low,1.23,1758
CUST-001900,Cook-Turner,Enterprise,Retail,2692170.27,1033799.87,test,0,4.735445388786498e-07,0.0,0,Low,1.27,1759
CUST-000662,"Robinson, Jones and Henderson",SMB,Healthcare,39519.03,30899.45,train,0,4.70178990622764e-07,0.0,0,Low,0.02,1760
CUST-001415,Perez-Mccarty,Strategic,Insurance,15626247.3,2877602.45,train,0,4.6944871356405316e-07,0.0,0,Low,7.34,1761
CUST-000712,Tran-Silva,SMB,Transportation,77192.94,32107.77,train,0,4.6904962118344355e-07,0.0,0,Low,0.04,1762
CUST-000753,Davis and Sons,SMB,Media,29952.44,26721.11,train,0,4.664907233417029e-07,0.0,0,Low,0.01,1763
CUST-001105,Curry-Barker,Enterprise,Education,3269640.64,970467.83,test,0,4.595152379667264e-07,0.0,0,Low,1.5,1764
CUST-001928,Thomas-Perry,SMB,Insurance,45104.16,36087.28,train,0,4.560544045480512e-07,0.0,0,Low,0.02,1765
CUST-000136,"Lawson, Morris and Ramos",Enterprise,Retail,3313419.17,934784.43,train,0,4.559522313554813e-07,0.0,0,Low,1.51,1766
CUST-001996,Zavala and Sons,SMB,Education,23288.61,25536.84,train,0,4.5373676006978184e-07,0.0,0,Low,0.01,1767
CUST-001341,Knight PLC,SMB,Professional Services,23015.43,26195.09,test,0,4.523502864486048e-07,0.0,0,Low,0.01,1768
CUST-000088,Anderson-Bailey,SMB,Technology,45480.38,28379.47,train,0,4.52023001134455e-07,0.0,0,Low,0.02,1769
CUST-000040,"Romero, Gonzalez and Brooks",SMB,Telecommunications,60371.77,36981.03,train,0,4.4943941857766846e-07,0.0,0,Low,0.03,1770
CUST-001225,"Rodriguez, Prince and Vasquez",Strategic,Healthcare,17150620.28,3142115.91,train,0,4.4039392290007386e-07,0.0,0,Low,7.55,1771
CUST-001319,"Rios, Garcia and Harvey",Mid-Market,Education,384961.72,180536.65,test,0,4.3835831511730394e-07,0.0,0,Low,0.17,1772
CUST-001327,Hampton-Tucker,SMB,Energy,52483.46,31755.43,validation,0,4.379328015127699e-07,0.0,0,Low,0.02,1773
CUST-000649,"Zhang, Brooks and Miles",Enterprise,Technology,2309283.76,891265.86,train,0,4.352802425341539e-07,0.0,0,Low,1.01,1774
CUST-001452,Ramirez-White,Enterprise,Healthcare,2483915.04,659871.07,train,0,4.3107873619004914e-07,0.0,0,Low,1.07,1775
CUST-000919,"Walters, Davenport and Becker",SMB,Telecommunications,30445.83,20778.63,train,0,4.3070379062283005e-07,0.0,0,Low,0.01,1776
CUST-002301,Solis LLC,Mid-Market,Transportation,442244.79,205591.3,train,0,4.246513294966412e-07,0.0,0,Low,0.19,1777
CUST-001236,"Ochoa, Garcia and Sandoval",Enterprise,Telecommunications,1424585.96,462405.01,train,0,4.1937583773672297e-07,0.0,0,Low,0.6,1778
CUST-001761,"Castro, Garcia and Daniels",Enterprise,Retail,2151594.91,700791.0,train,0,4.1906713927149847e-07,0.0,0,Low,0.9,1779
CUST-001446,"Holmes, Stewart and Smith",SMB,Insurance,31764.14,33502.73,train,0,4.1893480748218926e-07,0.0,0,Low,0.01,1780
CUST-000704,Dominguez Ltd,SMB,Education,70720.29,40269.59,train,0,4.18213673309557e-07,0.0,0,Low,0.03,1781
CUST-000629,"Morrison, Hebert and Rogers",Mid-Market,Banking,404627.89,171566.02,train,0,4.1785177424563657e-07,0.0,0,Low,0.17,1782
CUST-001166,Williams Inc,Mid-Market,Healthcare,514832.88,214324.93,train,0,4.1708198475928825e-07,0.0,0,Low,0.21,1783
CUST-000186,Johnston-Odonnell,Enterprise,Professional Services,2546797.04,774737.89,train,0,4.1428027911338773e-07,0.0,0,Low,1.06,1784
CUST-001652,Acosta LLC,SMB,Banking,43168.0,31884.24,train,0,4.086555618398732e-07,0.0,0,Low,0.02,1785
CUST-000489,King-Smith,SMB,Education,55955.59,25462.35,test,0,4.0576093467441383e-07,0.0,0,Low,0.02,1786
CUST-002111,Zavala-Coleman,Mid-Market,Media,178233.91,76961.53,train,0,4.0462629141731686e-07,0.0,0,Low,0.07,1787
CUST-000146,Stafford Inc,Enterprise,Professional Services,2704180.12,686838.1,train,0,4.041434484831651e-07,0.0,0,Low,1.09,1788
CUST-001120,"Nguyen, Hill and Douglas",Mid-Market,Telecommunications,432541.59,224341.64,train,0,4.020764006280416e-07,0.0,0,Low,0.17,1789
CUST-001475,Edwards Ltd,Mid-Market,Retail,600070.53,210204.49,test,0,4.0003610573179383e-07,0.0,0,Low,0.24,1790
CUST-002008,Hill Ltd,Mid-Market,Education,356678.3,138664.03,train,0,3.996514122029356e-07,0.0,0,Low,0.14,1791
CUST-001332,Hess PLC,SMB,Technology,80875.46,30893.18,train,0,3.963246304715563e-07,0.0,0,Low,0.03,1792
CUST-001834,Yu-Yates,Mid-Market,Telecommunications,456546.68,208678.74,train,0,3.892485263866636e-07,0.0,0,Low,0.18,1793
CUST-001131,Hardy-Hansen,SMB,Transportation,21847.0,16442.75,train,0,3.892467714247331e-07,0.0,0,Low,0.01,1794
CUST-000900,Wright Ltd,SMB,Healthcare,61592.94,27492.25,test,0,3.8871631843694675e-07,0.0,0,Low,0.02,1795
CUST-002179,Perry LLC,SMB,Energy,59415.64,24542.5,test,0,3.876475639252436e-07,0.0,0,Low,0.02,1796
CUST-001941,Montgomery PLC,Strategic,Professional Services,13161784.37,3016698.21,train,0,3.852232848210104e-07,0.0,0,Low,5.07,1797
CUST-002010,"Crane, Johnson and Butler",SMB,Education,18264.39,19597.72,train,0,3.8233275528702564e-07,0.0,0,Low,0.01,1798
CUST-000648,Mendoza Group,Mid-Market,Telecommunications,591896.17,229846.35,validation,0,3.817873160063064e-07,0.0,0,Low,0.23,1799
CUST-002260,Mccann-Sanders,Enterprise,Manufacturing,2945184.59,881138.65,train,0,3.7990492815921804e-07,0.0,0,Low,1.12,1800
CUST-001674,"Williams, Hughes and Hubbard",Enterprise,Retail,2711136.33,879627.12,train,0,3.795302802322767e-07,0.0,0,Low,1.03,1801
CUST-001955,Garcia Ltd,SMB,Technology,25983.68,18905.42,train,0,3.779394247464949e-07,0.0,0,Low,0.01,1802
CUST-001169,"Jennings, Smith and Fisher",Mid-Market,Healthcare,624274.01,164537.89,test,0,3.771571719527697e-07,0.0,0,Low,0.24,1803
CUST-002272,"Hamilton, Green and Edwards",SMB,Healthcare,47430.53,27472.28,test,0,3.7708510644125687e-07,0.0,0,Low,0.02,1804
CUST-000001,"Rodriguez, Figueroa and Sanchez",Mid-Market,Healthcare,232520.94,130313.38,validation,0,3.746700655513744e-07,0.0,0,Low,0.09,1805
CUST-002287,Brady LLC,SMB,Transportation,28735.01,32920.83,validation,0,3.740341310360455e-07,0.0,0,Low,0.01,1806
CUST-000280,"Reyes, Chase and Jenkins",Mid-Market,Telecommunications,419720.25,187064.13,train,0,3.7366266761525235e-07,0.0,0,Low,0.16,1807
CUST-002067,"Castillo, Graham and Scott",Mid-Market,Media,582333.53,208959.73,train,0,3.733786369733933e-07,0.0,0,Low,0.22,1808
CUST-001467,Ray Ltd,Mid-Market,Technology,492033.86,198783.16,train,0,3.731297797196576e-07,0.0,0,Low,0.18,1809
CUST-000777,Taylor Inc,Enterprise,Education,3326940.41,888267.98,test,0,3.726619970087885e-07,0.0,0,Low,1.24,1810
CUST-000820,Goodwin-Stokes,Mid-Market,Energy,431540.09,194032.49,train,0,3.7153200992656264e-07,0.0,0,Low,0.16,1811
CUST-001336,Vance PLC,SMB,Telecommunications,48110.41,31140.48,validation,0,3.6891450851746215e-07,0.0,0,Low,0.02,1812
CUST-002021,Huber-Montgomery,Strategic,Transportation,12168458.16,2950510.78,train,0,3.6856376877173714e-07,0.0,0,Low,4.48,1813
CUST-001205,Combs PLC,SMB,Media,46270.05,22225.05,train,0,3.6794926664098265e-07,0.0,0,Low,0.02,1814
CUST-000455,"Lamb, Martin and Kim",SMB,Media,38846.26,25506.01,train,0,3.6384757416782434e-07,0.0,0,Low,0.01,1815
CUST-001974,Baird-Williams,Mid-Market,Telecommunications,632602.1,223876.51,train,0,3.6353482042034427e-07,0.0,0,Low,0.23,1816
CUST-000859,Sellers-Riddle,SMB,Transportation,74423.39,37185.09,train,0,3.630254000125848e-07,0.0,0,Low,0.03,1817
CUST-000990,Holland Group,Mid-Market,Healthcare,363175.87,166296.64,train,0,3.6192251973499143e-07,0.0,0,Low,0.13,1818
CUST-000877,Harris-Barker,Mid-Market,Education,406686.47,158462.2,train,0,3.6073210003169245e-07,0.0,0,Low,0.15,1819
CUST-001039,Lynn-Jones,Mid-Market,Healthcare,332179.69,170129.42,test,0,3.604860497228094e-07,0.0,0,Low,0.12,1820
CUST-000970,"Terry, Williams and Huff",SMB,Professional Services,31729.45,27200.91,train,0,3.581881339499369e-07,0.0,0,Low,0.01,1821
CUST-000696,Rivera Inc,Mid-Market,Manufacturing,408060.29,118029.4,validation,0,3.540349741548772e-07,0.0,0,Low,0.14,1822
CUST-000111,Patton-Jenkins,Enterprise,Manufacturing,1785452.24,836795.86,train,0,3.527635070544634e-07,0.0,0,Low,0.63,1823
CUST-001685,Higgins Inc,Mid-Market,Media,453897.08,166430.12,train,0,3.5129598537458727e-07,0.0,0,Low,0.16,1824
CUST-000705,Sanders and Sons,Mid-Market,Energy,536897.7,226919.2,train,0,3.501495787077244e-07,0.0,0,Low,0.19,1825
CUST-001905,"Lee, Dominguez and Mosley",Mid-Market,Energy,561296.08,155350.75,train,0,3.4736011877010866e-07,0.0,0,Low,0.19,1826
CUST-000443,"Hale, Myers and Larson",SMB,Healthcare,51640.77,26982.44,validation,0,3.469910574780762e-07,0.0,0,Low,0.02,1827
CUST-000125,Scott Ltd,SMB,Retail,18755.59,21328.24,train,0,3.4571277700267875e-07,0.0,0,Low,0.01,1828
CUST-000043,Rodriguez LLC,Mid-Market,Transportation,586347.04,217111.85,test,0,3.4375590278833956e-07,0.0,0,Low,0.2,1829
CUST-001329,Wilkinson and Sons,SMB,Banking,23982.05,20601.0,train,0,3.4312048040401096e-07,0.0,0,Low,0.01,1830
CUST-001485,Garcia PLC,SMB,Banking,58928.22,25902.98,validation,0,3.4220819370700797e-07,0.0,0,Low,0.02,1831
CUST-002105,"Hines, Rice and Baldwin",Mid-Market,Energy,658698.81,263300.05,train,0,3.376907099769292e-07,0.0,0,Low,0.22,1832
CUST-002122,"Garcia, Kim and Barrett",Enterprise,Education,2805716.21,590758.81,test,0,3.3548062873364603e-07,0.0,0,Low,0.94,1833
CUST-001472,Davidson LLC,Mid-Market,Healthcare,310009.87,134866.66,train,0,3.327051835721457e-07,0.0,0,Low,0.1,1834
CUST-001175,Decker-Dudley,Mid-Market,Retail,510215.28,177524.75,train,0,3.2806533468929044e-07,0.0,0,Low,0.17,1835
CUST-001933,Mann PLC,Mid-Market,Media,564120.03,151335.6,train,0,3.248564996572921e-07,0.0,0,Low,0.18,1836
CUST-001711,Chang PLC,SMB,Media,26238.02,17443.85,train,0,3.2331715899953983e-07,0.0,0,Low,0.01,1837
CUST-000824,Rose-Fowler,Enterprise,Banking,2239693.2,542355.16,train,0,3.213962935710579e-07,0.0,0,Low,0.72,1838
CUST-000542,"Bartlett, Brown and Martinez",SMB,Manufacturing,81689.0,37654.51,train,0,3.1819714922339034e-07,0.0,0,Low,0.03,1839
CUST-002353,"Garza, Carr and Gregory",Mid-Market,Energy,403677.75,166584.73,train,0,3.171775358978434e-07,0.0,0,Low,0.13,1840
CUST-000317,"Diaz, Anderson and Browning",SMB,Energy,44529.02,27222.05,train,0,3.164994790919735e-07,0.0,0,Low,0.01,1841
CUST-000890,"Shaffer, Garcia and Richardson",SMB,Education,70510.04,29283.32,train,0,3.163735433555308e-07,0.0,0,Low,0.02,1842
CUST-000905,Adkins LLC,Mid-Market,Education,131395.84,102997.13,test,0,3.1402837536024787e-07,0.0,0,Low,0.04,1843
CUST-000507,"Carter, Garcia and Murphy",Mid-Market,Manufacturing,519824.01,228776.24,train,0,3.131021235393648e-07,0.0,0,Low,0.16,1844
CUST-001951,Jacobson Ltd,Mid-Market,Banking,637021.5,184407.98,validation,0,3.1292604539568094e-07,0.0,0,Low,0.2,1845
CUST-002155,Pacheco-Silva,SMB,Manufacturing,63805.22,36034.35,train,0,3.120397335272922e-07,0.0,0,Low,0.02,1846
CUST-001741,"Hodge, Mckinney and Nelson",Enterprise,Telecommunications,1904794.42,760343.99,validation,0,3.118169492616136e-07,0.0,0,Low,0.59,1847
CUST-000682,"Robinson, Shields and Brown",Mid-Market,Education,505484.65,187292.66,train,0,3.115183608565163e-07,0.0,0,Low,0.16,1848
CUST-000521,Johnson and Sons,SMB,Telecommunications,43303.96,25338.66,train,0,3.1101657881629567e-07,0.0,0,Low,0.01,1849
CUST-001306,Taylor Group,Mid-Market,Media,499735.54,221802.41,validation,0,3.0821462638199384e-07,0.0,0,Low,0.15,1850
CUST-001043,Bush-Reynolds,Enterprise,Professional Services,2558188.25,888551.99,train,0,3.0683646126260355e-07,0.0,0,Low,0.78,1851
CUST-002094,Vazquez-Bowers,SMB,Transportation,44228.98,33821.05,validation,0,3.066298140071211e-07,0.0,0,Low,0.01,1852
CUST-000981,Orr Group,SMB,Media,80661.93,31323.26,train,0,3.060227327058115e-07,0.0,0,Low,0.02,1853
CUST-002386,Sanchez Group,SMB,Transportation,66897.38,27163.99,train,0,3.048766962790848e-07,0.0,0,Low,0.02,1854
CUST-000265,Tran Inc,SMB,Media,41380.53,24580.6,train,0,3.039875715453688e-07,0.0,0,Low,0.01,1855
CUST-001769,Edwards-Roth,Mid-Market,Technology,387018.33,171254.66,train,0,3.03738143935367e-07,0.0,0,Low,0.12,1856
CUST-001320,Stewart Group,Mid-Market,Insurance,471548.91,175797.12,validation,0,3.0163846598988276e-07,0.0,0,Low,0.14,1857
CUST-000020,"Reid, Ferguson and Sanchez",SMB,Energy,47010.24,32195.1,train,0,2.99735756564962e-07,0.0,0,Low,0.01,1858
CUST-000802,"Burgess, Grant and Watts",SMB,Insurance,30130.68,30695.8,test,0,2.969086526201078e-07,0.0,0,Low,0.01,1859
CUST-002235,Fuller LLC,Enterprise,Banking,2384807.36,869485.05,test,0,2.962491336163143e-07,0.0,0,Low,0.71,1860
CUST-002011,"Weaver, Anderson and Reed",Enterprise,Professional Services,5543295.47,1316680.98,validation,0,2.9531127476985795e-07,0.0,0,Low,1.64,1861
CUST-001249,Rich-Henderson,SMB,Technology,45924.26,19647.29,train,0,2.951689168990047e-07,0.0,0,Low,0.01,1862
CUST-001423,Olson LLC,SMB,Insurance,48323.03,35410.65,train,0,2.942364928812006e-07,0.0,0,Low,0.01,1863
CUST-000471,Walker-Flores,SMB,Technology,24615.68,28458.75,train,0,2.9413839024007544e-07,0.0,0,Low,0.01,1864
CUST-001365,Johns Ltd,Enterprise,Energy,1361654.49,626629.22,train,0,2.933627526498928e-07,0.0,0,Low,0.4,1865
CUST-001029,Fields Inc,Mid-Market,Energy,307480.23,176936.71,train,0,2.9243536157069067e-07,0.0,0,Low,0.09,1866
CUST-001695,Dean LLC,Mid-Market,Professional Services,221959.28,100813.96,test,0,2.923914487734683e-07,0.0,0,Low,0.06,1867
CUST-001640,Raymond LLC,Mid-Market,Professional Services,540417.21,194484.51,train,0,2.9220123711756793e-07,0.0,0,Low,0.16,1868
CUST-002454,Friedman PLC,SMB,Insurance,31390.41,28803.99,train,0,2.9169721996817705e-07,0.0,0,Low,0.01,1869
CUST-000639,Holden Group,Mid-Market,Banking,289497.11,140377.27,train,0,2.915504782760049e-07,0.0,0,Low,0.08,1870
CUST-000844,Dunn-Wilson,SMB,Media,58265.45,31550.41,test,0,2.9051068660808863e-07,0.0,0,Low,0.02,1871
CUST-000369,Perry-Davis,SMB,Education,72690.05,28463.5,train,0,2.8822056355081864e-07,0.0,0,Low,0.02,1872
CUST-001178,"Fitzpatrick, Rivera and Smith",Mid-Market,Telecommunications,91596.66,92061.92,train,0,2.878886577948863e-07,0.0,0,Low,0.03,1873
CUST-001745,Brooks Inc,SMB,Transportation,63230.48,26032.43,validation,0,2.873632762671278e-07,0.0,0,Low,0.02,1874
CUST-000176,King-Miller,SMB,Technology,29401.88,22503.09,train,0,2.867089981585101e-07,0.0,0,Low,0.01,1875
CUST-000189,Garcia LLC,SMB,Retail,37875.69,24855.94,test,0,2.8582308187953647e-07,0.0,0,Low,0.01,1876
CUST-002335,Stevens-Sullivan,Mid-Market,Media,214002.43,161162.19,train,0,2.855979854290493e-07,0.0,0,Low,0.06,1877
CUST-002276,Black-Graham,SMB,Education,28013.84,31539.14,train,0,2.8511441296429815e-07,0.0,0,Low,0.01,1878
CUST-001184,Phelps LLC,Mid-Market,Retail,421944.14,115847.26,train,0,2.8467707200816e-07,0.0,0,Low,0.12,1879
CUST-002348,"Gallegos, Myers and Cook",Mid-Market,Education,175045.94,168259.89,train,0,2.8398062914577536e-07,0.0,0,Low,0.05,1880
CUST-000228,"Duran, Obrien and Gibbs",SMB,Banking,16914.24,19385.06,train,0,2.8365763465170946e-07,0.0,0,Low,0.0,1881
CUST-002488,"Hart, Turner and Foster",Mid-Market,Banking,121806.21,114843.26,train,0,2.83274494791273e-07,0.0,0,Low,0.03,1882
CUST-001543,Howard-Taylor,Mid-Market,Transportation,594473.0,232131.46,validation,0,2.830403188435132e-07,0.0,0,Low,0.17,1883
CUST-001888,Mendez Inc,SMB,Insurance,70099.42,31814.65,train,0,2.8247338692274786e-07,0.0,0,Low,0.02,1884
CUST-002474,Marshall-Russell,SMB,Banking,60493.08,27147.85,train,0,2.816074017156468e-07,0.0,0,Low,0.02,1885
CUST-000499,"Kennedy, Johnson and Lucas",Enterprise,Retail,3027299.66,1009240.8,train,0,2.7889398257461807e-07,0.0,0,Low,0.84,1886
CUST-002320,"Leach, Skinner and Mills",SMB,Banking,26581.13,27483.98,train,0,2.784446222054966e-07,0.0,0,Low,0.01,1887
CUST-000926,"Logan, Le and Jackson",Enterprise,Retail,1397156.01,630346.27,train,0,2.782218325314793e-07,0.0,0,Low,0.39,1888
CUST-000262,"Anderson, Roberts and Gilmore",SMB,Transportation,36076.72,36692.25,train,0,2.762687456044256e-07,0.0,0,Low,0.01,1889
CUST-001376,"Gordon, Wilson and Olson",Mid-Market,Insurance,490824.12,184364.25,train,0,2.759651862893367e-07,0.0,0,Low,0.14,1890
CUST-000960,Bates-Anderson,SMB,Media,31334.72,25675.04,train,0,2.751244937838221e-07,0.0,0,Low,0.01,1891
CUST-000472,Combs Ltd,Mid-Market,Media,154345.67,112422.63,train,0,2.7496825258902877e-07,0.0,0,Low,0.04,1892
CUST-001894,Graves Group,Mid-Market,Technology,436063.67,188279.39,train,0,2.749162638672501e-07,0.0,0,Low,0.12,1893
CUST-000503,Morgan-Lopez,SMB,Insurance,44419.72,22465.79,train,0,2.74265355411402e-07,0.0,0,Low,0.01,1894
CUST-001171,"Obrien, Taylor and Rivas",SMB,Healthcare,50672.55,29467.19,validation,0,2.708718077440106e-07,0.0,0,Low,0.01,1895
CUST-001079,"Chang, Ayers and Buckley",SMB,Telecommunications,26558.77,30951.77,train,0,2.7018794395440916e-07,0.0,0,Low,0.01,1896
CUST-000294,Good-Hodges,SMB,Manufacturing,34088.24,20230.78,train,0,2.6886008959705795e-07,0.0,0,Low,0.01,1897
CUST-000562,Wright-Davis,Mid-Market,Media,135717.49,106286.83,train,0,2.682564938426452e-07,0.0,0,Low,0.04,1898
CUST-002440,Lewis-Fuentes,SMB,Telecommunications,35044.88,25083.1,train,0,2.6363655600441664e-07,0.0,0,Low,0.01,1899
CUST-001378,Prince Ltd,SMB,Media,36948.61,21255.07,test,0,2.6359922024865047e-07,0.0,0,Low,0.01,1900
CUST-001333,Hammond-Lewis,SMB,Healthcare,46675.18,30437.12,train,0,2.632881532492153e-07,0.0,0,Low,0.01,1901
CUST-001503,"Brooks, Jenkins and Castro",SMB,Manufacturing,33327.75,16797.5,train,0,2.630262675742065e-07,0.0,0,Low,0.01,1902
CUST-000354,"Morris, Thompson and Williams",SMB,Media,33398.99,28586.63,test,0,2.6182969070228317e-07,0.0,0,Low,0.01,1903
CUST-001204,Alvarado-Davidson,SMB,Technology,41045.22,18677.58,train,0,2.5910016734331654e-07,0.0,0,Low,0.01,1904
CUST-001763,Andrews-Jackson,Strategic,Technology,14593269.96,2815125.54,train,0,2.577767171723084e-07,0.0,0,Low,3.76,1905
CUST-001924,"Gregory, Nguyen and Daugherty",SMB,Insurance,18364.78,17534.74,train,0,2.5581578813719704e-07,0.0,0,Low,0.0,1906
CUST-001107,"Chan, Lewis and Walker",Mid-Market,Retail,560969.83,236629.28,test,0,2.55742265366968e-07,0.0,0,Low,0.14,1907
CUST-002416,"Zhang, Cunningham and Kline",Mid-Market,Telecommunications,273290.0,109921.94,test,0,2.55140492842189e-07,0.0,0,Low,0.07,1908
CUST-001172,Hunt PLC,Strategic,Healthcare,11252834.33,2723742.52,train,0,2.5327254850568753e-07,0.0,0,Low,2.85,1909
CUST-000594,Smith LLC,SMB,Transportation,35628.21,28737.78,train,0,2.5324913613957934e-07,0.0,0,Low,0.01,1910
CUST-001395,Adkins Group,Mid-Market,Telecommunications,448915.57,166753.46,train,0,2.531015322135002e-07,0.0,0,Low,0.11,1911
CUST-000743,Lewis Ltd,Mid-Market,Professional Services,557582.51,202302.44,train,0,2.530295493027165e-07,0.0,0,Low,0.14,1912
CUST-000151,Salazar-Ball,Mid-Market,Transportation,452710.44,146080.29,test,0,2.518183598757882e-07,0.0,0,Low,0.11,1913
CUST-001927,Rogers Inc,SMB,Insurance,31783.94,35411.47,train,0,2.5112238312871026e-07,0.0,0,Low,0.01,1914
CUST-000694,Faulkner-Grant,SMB,Banking,33777.73,29460.64,validation,0,2.502025452606894e-07,0.0,0,Low,0.01,1915
CUST-000405,Graham Group,Mid-Market,Professional Services,306700.02,124021.75,test,0,2.4930664712146237e-07,0.0,0,Low,0.08,1916
CUST-000006,"Gardner, Robinson and Lawrence",SMB,Insurance,52326.5,18400.98,validation,0,2.4477417326559474e-07,0.0,0,Low,0.01,1917
CUST-002312,Alvarez-Hart,SMB,Banking,28603.17,25498.75,train,0,2.4428977808614956e-07,0.0,0,Low,0.01,1918
CUST-002216,Cox Ltd,Mid-Market,Media,139006.78,121993.3,train,0,2.436003228834736e-07,0.0,0,Low,0.03,1919
CUST-000923,Parker Ltd,Strategic,Healthcare,11425185.19,2997036.15,train,0,2.4244482574901554e-07,0.0,0,Low,2.77,1920
CUST-001591,"Warner, Weiss and Davis",SMB,Professional Services,50186.11,35740.65,train,0,2.4172212137360187e-07,0.0,0,Low,0.01,1921
CUST-000007,Blake and Sons,SMB,Telecommunications,31424.29,29900.16,train,0,2.414334228095168e-07,0.0,0,Low,0.01,1922
CUST-000679,Wheeler Group,Mid-Market,Retail,391692.45,176041.64,train,0,2.407560977705879e-07,0.0,0,Low,0.09,1923
CUST-000752,"Ramsey, Mason and Mccann",Mid-Market,Transportation,567810.62,212286.8,train,0,2.4047876337766653e-07,0.0,0,Low,0.14,1924
CUST-000370,Edwards-Scott,Mid-Market,Banking,216080.81,122800.48,train,0,2.3994094921456977e-07,0.0,0,Low,0.05,1925
CUST-001433,Moss LLC,SMB,Professional Services,47959.81,25884.93,validation,0,2.3886870230746716e-07,0.0,0,Low,0.01,1926
CUST-000818,Cole Group,Mid-Market,Media,316028.53,147571.79,train,0,2.3791544763949468e-07,0.0,0,Low,0.08,1927
CUST-000386,Kane PLC,Mid-Market,Telecommunications,154586.44,125520.93,train,0,2.3717297829713196e-07,0.0,0,Low,0.04,1928
CUST-002184,"Patel, Mendez and Hammond",SMB,Insurance,18768.72,21228.23,validation,0,2.361258641155708e-07,0.0,0,Low,0.0,1929
CUST-000550,Miller Ltd,Mid-Market,Education,390897.44,178263.68,train,0,2.3603516125746822e-07,0.0,0,Low,0.09,1930
CUST-001658,Hall Inc,Mid-Market,Banking,777781.04,253754.86,test,0,2.3559685839671212e-07,0.0,0,Low,0.18,1931
CUST-000906,"Brown, Hurst and Blevins",SMB,Transportation,39467.48,20528.98,train,0,2.3432882557109847e-07,0.0,0,Low,0.01,1932
CUST-000047,Anderson Group,SMB,Manufacturing,77570.51,33432.25,train,0,2.3395301786372377e-07,0.0,0,Low,0.02,1933
CUST-002413,Williams Ltd,Mid-Market,Media,485941.69,193375.3,validation,0,2.2966224778593422e-07,0.0,0,Low,0.11,1934
CUST-002187,Hernandez-Hernandez,Mid-Market,Retail,162511.7,111557.65,train,0,2.295306543080225e-07,0.0,0,Low,0.04,1935
CUST-001490,Dalton-Nguyen,Enterprise,Telecommunications,1752237.46,865132.68,train,0,2.2734691096708086e-07,0.0,0,Low,0.4,1936
CUST-001010,Weaver-Thompson,SMB,Transportation,56622.01,33024.62,train,0,2.2609876673982403e-07,0.0,0,Low,0.01,1937
CUST-002479,Miller-Fields,Mid-Market,Technology,607766.33,163895.16,train,0,2.2545854453746657e-07,0.0,0,Low,0.14,1938
CUST-000741,"Mueller, Knight and Hodge",SMB,Manufacturing,37924.94,38716.41,validation,0,2.247984213997898e-07,0.0,0,Low,0.01,1939
CUST-000815,Hall-Sullivan,Mid-Market,Telecommunications,146532.44,135795.06,train,0,2.2362502067140727e-07,0.0,0,Low,0.03,1940
CUST-002043,Rhodes-Rosario,SMB,Retail,23211.57,23711.39,train,0,2.2362325097695914e-07,0.0,0,Low,0.01,1941
CUST-002356,"Brown, Orozco and Butler",Mid-Market,Manufacturing,765270.09,226472.64,train,0,2.231767853788309e-07,0.0,0,Low,0.17,1942
CUST-000362,Lam LLC,Mid-Market,Professional Services,132968.63,137342.52,train,0,2.2301678233839183e-07,0.0,0,Low,0.03,1943
CUST-001300,Avila PLC,SMB,Transportation,42318.19,36255.72,test,0,2.2296260673597762e-07,0.0,0,Low,0.01,1944
CUST-002319,Evans-Joyce,SMB,Banking,24218.76,24927.5,train,0,2.2238246518692265e-07,0.0,0,Low,0.01,1945
CUST-002280,White Group,SMB,Education,41048.93,29734.14,train,0,2.20760475297804e-07,0.0,0,Low,0.01,1946
CUST-001111,"Owen, Walker and Franklin",SMB,Telecommunications,59516.68,24412.18,train,0,2.2067110736173677e-07,0.0,0,Low,0.01,1947
CUST-002133,King Group,SMB,Media,43160.27,24888.24,train,0,2.1953662249280532e-07,0.0,0,Low,0.01,1948
CUST-000412,Graham Group,Mid-Market,Manufacturing,172219.99,123468.63,train,0,2.1903313648284697e-07,0.0,0,Low,0.04,1949
CUST-001271,Williams LLC,Mid-Market,Telecommunications,289396.63,163375.27,train,0,2.174420989860524e-07,0.0,0,Low,0.06,1950
CUST-001201,"Saunders, Ray and Cunningham",Mid-Market,Media,101041.97,68010.9,validation,0,2.168750226895273e-07,0.0,0,Low,0.02,1951
CUST-002123,Wilson Group,Mid-Market,Energy,163864.95,137706.85,train,0,2.1569762502506994e-07,0.0,0,Low,0.04,1952
CUST-002076,Stephens LLC,Mid-Market,Telecommunications,139231.76,100341.61,train,0,2.151942809057095e-07,0.0,0,Low,0.03,1953
CUST-001989,Wolfe-Salazar,Mid-Market,Banking,568931.81,251844.06,train,0,2.146869412786593e-07,0.0,0,Low,0.12,1954
CUST-001892,Hernandez-Bowman,Mid-Market,Telecommunications,226927.23,128537.34,validation,0,2.1278877408994012e-07,0.0,0,Low,0.05,1955
CUST-002119,Lopez-Jones,Mid-Market,Media,223150.63,163783.3,train,0,2.1209077901887103e-07,0.0,0,Low,0.05,1956
CUST-001380,"Moreno, Perez and Lang",Mid-Market,Technology,647809.31,237809.46,train,0,2.1041635811747283e-07,0.0,0,Low,0.14,1957
CUST-000022,"Watts, Robinson and Nguyen",Enterprise,Insurance,1775971.28,796047.81,train,0,2.0957539542289422e-07,0.0,0,Low,0.37,1958
CUST-000123,Chandler-Edwards,Mid-Market,Education,247370.86,115286.59,train,0,2.086539236879444e-07,0.0,0,Low,0.05,1959
CUST-001020,"Stewart, Mann and Hoffman",SMB,Technology,27655.44,28707.06,train,0,2.062931371524505e-07,0.0,0,Low,0.01,1960
CUST-000876,Alexander Inc,Mid-Market,Transportation,122801.42,104853.35,train,0,2.035510660060207e-07,0.0,0,Low,0.02,1961
CUST-001346,"Velez, Ward and Harrison",Enterprise,Telecommunications,1936193.8,871343.42,train,0,2.032718212362277e-07,0.0,0,Low,0.39,1962
CUST-000181,Wells Inc,SMB,Media,41013.34,25243.58,train,0,2.0110366973016807e-07,0.0,0,Low,0.01,1963
CUST-001151,"Watson, Smith and Morris",Strategic,Healthcare,14420914.91,3268116.0,train,0,2.006864310065371e-07,0.0,0,Low,2.89,1964
CUST-000015,Williams and Sons,Mid-Market,Insurance,129029.25,124331.63,train,0,1.9961111905204624e-07,0.0,0,Low,0.03,1965
CUST-000342,"Winters, Newman and Brown",SMB,Technology,30675.51,27266.8,train,0,1.9763766158974425e-07,0.0,0,Low,0.01,1966
CUST-000821,Ray PLC,Enterprise,Media,2547823.92,918349.78,train,0,1.9493131986354496e-07,0.0,0,Low,0.5,1967
CUST-000952,Blake Group,Mid-Market,Insurance,267528.59,112494.08,test,0,1.9448567127226043e-07,0.0,0,Low,0.05,1968
CUST-000909,Peck-Anderson,Strategic,Insurance,13659159.54,2960934.05,train,0,1.9368092136349668e-07,0.0,0,Low,2.65,1969
CUST-001719,"Gomez, Anderson and Hart",SMB,Insurance,28971.56,21513.93,train,0,1.925094918279074e-07,0.0,0,Low,0.01,1970
CUST-001193,"Brown, Dunlap and Moore",Mid-Market,Media,223583.87,158667.74,train,0,1.8286894365955269e-07,0.0,0,Low,0.04,1971
CUST-001160,Perez Ltd,Mid-Market,Banking,323545.75,128946.94,test,0,1.8103247630501946e-07,0.0,0,Low,0.06,1972
CUST-002189,Walters Group,Mid-Market,Professional Services,203321.95,144877.76,train,0,1.7996909218195218e-07,0.0,0,Low,0.04,1973
CUST-000683,"Holder, Young and Hendricks",Mid-Market,Manufacturing,356810.69,199383.62,test,0,1.7959678809717566e-07,0.0,0,Low,0.06,1974
CUST-001167,Wallace-Martinez,Mid-Market,Media,294295.72,177750.66,train,0,1.7943621576704832e-07,0.0,0,Low,0.05,1975
CUST-001682,White PLC,Mid-Market,Education,667781.32,253779.32,train,0,1.7486767327607345e-07,0.0,0,Low,0.12,1976
CUST-001785,Peterson Ltd,Mid-Market,Banking,302222.15,158372.68,test,0,1.7477730293608627e-07,0.0,0,Low,0.05,1977
CUST-001619,"Mcintosh, Melton and Wilkins",Mid-Market,Retail,118427.79,96603.16,train,0,1.7022080574875058e-07,0.0,0,Low,0.02,1978
CUST-002226,Welch-Suarez,Strategic,Energy,14198138.27,3259717.56,validation,0,1.681645400691829e-07,0.0,0,Low,2.39,1979
CUST-001157,"Morgan, Barron and Cowan",Mid-Market,Technology,131901.9,124049.96,train,0,1.665516923251732e-07,0.0,0,Low,0.02,1980
CUST-002142,"Payne, Cisneros and Johnson",Mid-Market,Media,242391.94,173224.84,train,0,1.6433049035184988e-07,0.0,0,Low,0.04,1981
CUST-001081,Humphrey-Baker,Enterprise,Insurance,1459340.22,910907.12,train,0,1.6367507828571563e-07,0.0,0,Low,0.24,1982
CUST-000246,Navarro-Munoz,SMB,Technology,42795.83,27580.67,validation,0,1.602394142354187e-07,0.0,0,Low,0.01,1983
CUST-000891,Taylor-Ayala,Enterprise,Education,2760350.08,1115616.08,train,0,1.588438905812402e-07,0.0,0,Low,0.44,1984
CUST-000296,Williams Inc,Mid-Market,Professional Services,248059.82,117845.83,train,0,1.577905446809608e-07,0.0,0,Low,0.04,1985
CUST-002201,Lester Group,Strategic,Banking,7827510.32,2548412.4,train,0,1.5752134812996385e-07,0.0,0,Low,1.23,1986
CUST-001461,Ross Ltd,Strategic,Technology,9910470.45,2779484.53,train,0,1.565776965262218e-07,0.0,0,Low,1.55,1987
CUST-001247,Aguilar-Bender,Enterprise,Professional Services,2731756.62,1091730.29,train,0,1.5491466619457852e-07,0.0,0,Low,0.42,1988
CUST-000376,"Pugh, Henderson and Moon",Mid-Market,Telecommunications,308037.18,142582.51,train,0,1.5472401248528195e-07,0.0,0,Low,0.05,1989
CUST-002002,Harrison PLC,Mid-Market,Telecommunications,176414.44,166724.69,validation,0,1.5179473116587348e-07,0.0,0,Low,0.03,1990
CUST-001352,Kaufman-Walker,Mid-Market,Telecommunications,423208.04,126589.41,train,0,1.5041144979546142e-07,0.0,0,Low,0.06,1991
CUST-002055,Jones-Choi,Mid-Market,Retail,462618.55,211775.07,train,0,1.5015649603186327e-07,0.0,0,Low,0.07,1992
CUST-002467,"Jackson, Mendez and Nguyen",Enterprise,Media,2604282.14,1016278.39,validation,0,1.5011941109207447e-07,0.0,0,Low,0.39,1993
CUST-000992,Ramirez and Sons,Mid-Market,Energy,310032.45,163724.4,train,0,1.4835929657520205e-07,0.0,0,Low,0.05,1994
CUST-001117,"Levy, Franco and Hoffman",Strategic,Media,10207097.54,2742823.58,train,0,1.4603812606606458e-07,0.0,0,Low,1.49,1995
CUST-002227,"Sullivan, Johnson and Delacruz",Strategic,Technology,18416575.58,3523840.01,train,0,1.395543768125067e-07,0.0,0,Low,2.57,1996
CUST-001287,Flores Inc,Mid-Market,Telecommunications,405512.85,247119.9,train,0,1.3773379243454412e-07,0.0,0,Low,0.06,1997
CUST-001374,"Barnes, Hernandez and Davis",Strategic,Media,10834948.71,2850174.84,train,0,1.3289623123489065e-07,0.0,0,Low,1.44,1998
CUST-002038,"Wilson, Johnson and Williamson",Enterprise,Retail,3177727.63,916569.78,test,0,1.3256425509144533e-07,0.0,0,Low,0.42,1999
CUST-000337,"Newton, Moore and Perry",Mid-Market,Technology,404181.6,202229.95,train,0,1.3245391743749285e-07,0.0,0,Low,0.05,2000
CUST-001295,Bauer PLC,Strategic,Banking,13170611.28,3254241.91,train,0,1.3078428235744293e-07,0.0,0,Low,1.72,2001
CUST-001212,Solis-West,Strategic,Insurance,12337249.02,3155182.62,test,0,1.3024320714707726e-07,0.0,0,Low,1.61,2002
CUST-001645,Browning-Murphy,Mid-Market,Media,506132.27,193039.79,test,0,1.2811380281362494e-07,0.0,0,Low,0.06,2003
CUST-000160,Russell-Daniels,Enterprise,Healthcare,1313963.61,564675.42,validation,0,1.2672007094136592e-07,0.0,0,Low,0.17,2004
CUST-001142,Thomas-Huffman,Strategic,Professional Services,8676248.89,2351872.77,train,0,1.251466944962987e-07,0.0,0,Low,1.09,2005
CUST-000979,Aguilar LLC,Mid-Market,Education,390293.68,157191.03,train,0,1.224784217316373e-07,0.0,0,Low,0.05,2006
CUST-002035,"Estrada, Marsh and Chandler",Mid-Market,Technology,246350.7,136311.39,train,0,1.1869842399279445e-07,0.0,0,Low,0.03,2007
CUST-000023,Perez Inc,Mid-Market,Media,378365.52,174515.13,train,0,1.1807053674069966e-07,0.0,0,Low,0.04,2008
CUST-001636,Reed LLC,Enterprise,Media,1148266.24,436942.03,validation,0,1.1707430955192353e-07,0.0,0,Low,0.13,2009
CUST-000145,Hernandez Ltd,Enterprise,Education,2097566.71,1069865.45,train,0,1.1086166624485034e-07,0.0,0,Low,0.23,2010
CUST-000616,Sanchez Ltd,Mid-Market,Energy,606705.69,268597.64,train,0,1.1028405717869747e-07,0.0,0,Low,0.07,2011
CUST-001875,Gates and Sons,Mid-Market,Healthcare,345568.48,239484.09,validation,0,1.0988769619386383e-07,0.0,0,Low,0.04,2012
CUST-000954,Barnes Inc,Mid-Market,Healthcare,515748.44,235157.36,train,0,1.0807052742948965e-07,0.0,0,Low,0.06,2013
CUST-001914,"Contreras, Ellis and Gregory",Mid-Market,Manufacturing,432331.68,208922.99,train,0,1.0584520293084748e-07,0.0,0,Low,0.05,2014
CUST-001279,"Moreno, Barajas and Colon",Mid-Market,Healthcare,434058.39,178058.14,train,0,1.0522542432727072e-07,0.0,0,Low,0.05,2015
CUST-000152,"Simmons, Meadows and Griffin",Mid-Market,Healthcare,391052.74,173174.35,train,0,1.0513145728553064e-07,0.0,0,Low,0.04,2016
CUST-000976,Martinez Inc,Mid-Market,Telecommunications,325585.98,135833.93,test,0,1.0381324707127536e-07,0.0,0,Low,0.03,2017
CUST-000925,"Smith, Crawford and Reed",Strategic,Retail,12925249.05,3307636.26,train,0,1.0337232551586372e-07,0.0,0,Low,1.34,2018
CUST-000714,Hudson-Sanchez,Mid-Market,Banking,322510.66,142875.56,train,0,1.0310322207949753e-07,0.0,0,Low,0.03,2019
CUST-002210,Robinson-Rodriguez,Mid-Market,Education,315501.72,162194.7,validation,0,1.0299675885413108e-07,0.0,0,Low,0.03,2020
CUST-001992,"Cox, Williams and Reyes",Strategic,Manufacturing,8141502.75,3179259.6,train,0,1.0112198622696823e-07,0.0,0,Low,0.82,2021
CUST-001526,"Vang, Gonzalez and Moss",Mid-Market,Technology,414182.33,224392.22,validation,0,9.99698426791959e-08,0.0,0,Low,0.04,2022
CUST-002218,"Johnson, Stevenson and Lindsey",Mid-Market,Banking,355120.2,211455.97,train,0,9.932153843890347e-08,0.0,0,Low,0.04,2023
CUST-002398,"Whitney, Lloyd and Liu",Mid-Market,Banking,413180.99,186822.65,train,0,9.57320009211317e-08,0.0,0,Low,0.04,2024
CUST-001482,Jackson Inc,Mid-Market,Telecommunications,469008.35,205263.43,train,0,9.47739875565136e-08,0.0,0,Low,0.04,2025
CUST-001283,Cruz PLC,Mid-Market,Banking,445685.32,195036.39,test,0,9.074444870858572e-08,0.0,0,Low,0.04,2026
CUST-000746,White LLC,Mid-Market,Telecommunications,475065.59,160351.23,train,0,9.019634428329152e-08,0.0,0,Low,0.04,2027
CUST-000156,Hill Inc,Strategic,Healthcare,11441837.99,3412150.18,test,0,8.977238069908356e-08,0.0,0,Low,1.03,2028
CUST-000116,Walker Ltd,Mid-Market,Telecommunications,500562.82,227532.97,test,0,8.961693330207361e-08,0.0,0,Low,0.04,2029
CUST-001589,"Ross, Hardin and Navarro",Mid-Market,Professional Services,687315.46,261688.66,validation,0,8.926457289437049e-08,0.0,0,Low,0.06,2030
CUST-001086,Mccall-Prince,Mid-Market,Technology,354423.34,187184.41,train,0,8.912562553216428e-08,0.0,0,Low,0.03,2031
CUST-002129,"Nelson, Clarke and Schneider",Enterprise,Transportation,1496857.31,600238.73,validation,0,8.880745864053524e-08,0.0,0,Low,0.13,2032
CUST-002324,"Carroll, King and Scott",Mid-Market,Manufacturing,226108.7,150021.7,train,0,8.737638759433495e-08,0.0,0,Low,0.02,2033
CUST-000668,Kane-Knox,Mid-Market,Education,345420.53,206599.38,test,0,8.724764902813801e-08,0.0,0,Low,0.03,2034
CUST-000048,"Martin, Rose and Obrien",Mid-Market,Professional Services,254013.99,154416.48,validation,0,8.5077045537164e-08,0.0,0,Low,0.02,2035
CUST-002415,"Smith, Morgan and Young",Mid-Market,Telecommunications,403776.28,171804.38,validation,0,8.507054486445178e-08,0.0,0,Low,0.03,2036
CUST-002368,Leon Group,Mid-Market,Media,550543.83,249581.68,train,0,8.465791530156523e-08,0.0,0,Low,0.05,2037
CUST-000727,"Durham, Hopkins and Smith",Mid-Market,Telecommunications,483735.47,234817.69,validation,0,8.216808454731537e-08,0.0,0,Low,0.04,2038
CUST-000831,"Price, Carlson and Andrews",Enterprise,Manufacturing,1329797.15,543267.14,train,0,8.187585779087956e-08,0.0,0,Low,0.11,2039
CUST-002328,Miller Ltd,Mid-Market,Insurance,421782.84,172618.04,test,0,7.923230232117967e-08,0.0,0,Low,0.03,2040
CUST-000184,"Higgins, Strickland and Martin",Mid-Market,Banking,453858.97,229679.47,train,0,7.913029520096424e-08,0.0,0,Low,0.04,2041
CUST-001787,Stephens-Young,Mid-Market,Professional Services,463812.21,235928.64,test,0,7.87690580971159e-08,0.0,0,Low,0.04,2042
CUST-000016,Galloway-Wyatt,Mid-Market,Energy,393799.19,159550.58,train,0,7.87418067150815e-08,0.0,0,Low,0.03,2043
CUST-001576,"Ramos, Gomez and Edwards",Mid-Market,Banking,380348.02,217459.47,train,0,7.692423722342104e-08,0.0,0,Low,0.03,2044
CUST-001328,Thompson PLC,Mid-Market,Transportation,555805.79,221627.35,train,0,7.452572636228613e-08,0.0,0,Low,0.04,2045
CUST-001073,Bartlett-Sloan,Mid-Market,Telecommunications,431761.71,198973.23,train,0,7.451305150193992e-08,0.0,0,Low,0.03,2046
CUST-002096,Williams-Rodriguez,Enterprise,Retail,1750421.16,740255.82,test,0,7.062652251318582e-08,0.0,0,Low,0.12,2047
CUST-000776,"Weber, Wheeler and Gonzalez",Mid-Market,Education,459401.52,208573.81,validation,0,7.052067249805376e-08,0.0,0,Low,0.03,2048
CUST-001256,Cervantes-Garcia,Mid-Market,Technology,455786.29,210056.83,test,0,7.017734908847238e-08,0.0,0,Low,0.03,2049
CUST-000957,Haynes-Watson,Mid-Market,Transportation,406197.23,162828.11,train,0,6.814259495699479e-08,0.0,0,Low,0.03,2050
CUST-000814,"Thompson, Moore and Castro",Strategic,Manufacturing,8244847.91,3042185.13,train,0,6.637688803184242e-08,0.0,0,Low,0.55,2051
CUST-001596,"Delgado, Guzman and Smith",Enterprise,Technology,1496189.41,614476.34,train,0,6.635651056943823e-08,0.0,0,Low,0.1,2052
CUST-002316,Rhodes-Holland,Mid-Market,Transportation,326100.95,109853.91,train,0,6.584589749235262e-08,0.0,0,Low,0.02,2053
CUST-002177,Pearson LLC,Enterprise,Education,1398245.56,550160.58,test,0,6.086757811332409e-08,0.0,0,Low,0.09,2054
CUST-002140,"Saunders, Sparks and Harris",Mid-Market,Technology,480307.47,218866.05,validation,0,5.882546693242302e-08,0.0,0,Low,0.03,2055
CUST-000866,Gibson-Freeman,Enterprise,Education,1241041.5,571571.06,train,0,5.881595664987587e-08,0.0,0,Low,0.07,2056
CUST-002377,Lloyd-Estes,Strategic,Banking,12364435.08,3329398.27,validation,0,5.8273536566883736e-08,0.0,0,Low,0.72,2057
CUST-001348,"Nguyen, Padilla and Boyd",Mid-Market,Insurance,465943.47,226502.52,test,0,5.763189649372578e-08,0.0,0,Low,0.03,2058
CUST-001183,Williams-Li,Enterprise,Healthcare,2740877.03,1025601.53,test,0,5.673313646072826e-08,0.0,0,Low,0.16,2059
CUST-000017,James Group,Mid-Market,Manufacturing,506736.16,173495.01,test,0,5.0018430286051314e-08,0.0,0,Low,0.03,2060
CUST-000051,"Brooks, Lam and Hayes",Enterprise,Retail,1428010.77,770436.25,train,0,4.960284100929977e-08,0.0,0,Low,0.07,2061
CUST-000874,Williams Ltd,Enterprise,Transportation,1830545.88,927600.05,test,0,4.923640440373291e-08,0.0,0,Low,0.09,2062
CUST-001024,"Fry, Myers and Gamble",Enterprise,Insurance,1652876.7,825076.08,train,0,4.8508189902250156e-08,0.0,0,Low,0.08,2063
CUST-000069,Russell Group,Enterprise,Media,2117646.24,1041258.16,train,0,4.737734332827452e-08,0.0,0,Low,0.1,2064
CUST-001362,"Vargas, Taylor and Hunt",Strategic,Insurance,13902767.82,3369601.25,test,0,4.614057542797731e-08,0.0,0,Low,0.64,2065
CUST-000510,Williams-Berg,Strategic,Manufacturing,8164926.97,3005399.37,validation,0,4.6097902724094614e-08,0.0,0,Low,0.38,2066
CUST-000640,Boyle-Smith,Enterprise,Healthcare,2638721.29,967749.22,train,0,4.5017200103653734e-08,0.0,0,Low,0.12,2067
CUST-000247,Davis Ltd,Strategic,Transportation,10598326.79,2815471.52,test,0,4.324608101145335e-08,0.0,0,Low,0.46,2068
CUST-000115,Torres-Pope,Enterprise,Education,1919257.15,975634.41,train,0,4.236837195368957e-08,0.0,0,Low,0.08,2069
CUST-000132,Spencer-Lee,Enterprise,Technology,1668786.43,766523.7,train,0,3.803969965249971e-08,0.0,0,Low,0.06,2070
CUST-001221,Moran-Cox,Mid-Market,Technology,483046.58,238961.21,train,0,3.66171092532057e-08,0.0,0,Low,0.02,2071
CUST-001030,"Santiago, Daniel and Rogers",Strategic,Transportation,12908337.66,3606555.41,test,0,3.5301959425594554e-08,0.0,0,Low,0.46,2072
CUST-001321,Jensen-Torres,Strategic,Professional Services,8326413.2,2971171.5,train,0,3.336825198891841e-08,0.0,0,Low,0.28,2073
CUST-000789,"Clark, Salinas and Guerra",Strategic,Transportation,17686334.65,4166523.93,train,0,3.25731354136543e-08,0.0,0,Low,0.58,2074
CUST-001174,Gonzalez-Gonzalez,Enterprise,Insurance,1624030.91,907093.8,validation,0,3.1446795515055636e-08,0.0,0,Low,0.05,2075
CUST-000581,"Cook, Wells and Bryant",Strategic,Retail,8279270.24,2796007.35,validation,0,3.06006015438408e-08,0.0,0,Low,0.25,2076
CUST-001911,Levy-Smith,Strategic,Energy,7315308.37,2646601.71,train,0,3.055499271651612e-08,0.0,0,Low,0.22,2077
CUST-000896,"Hernandez, Jenkins and Parks",Strategic,Professional Services,8914100.03,2958519.73,train,0,2.9876038283852574e-08,0.0,0,Low,0.27,2078
CUST-000525,Gonzalez-Taylor,Enterprise,Banking,1850400.06,842825.64,validation,0,2.7571756411898793e-08,0.0,0,Low,0.05,2079
CUST-001139,Moreno-Gutierrez,Strategic,Technology,9209504.05,3223254.12,test,0,1.8002299672240893e-08,0.0,0,Low,0.17,2080
CUST-000098,Davis Group,Strategic,Education,8147164.77,3504126.95,train,0,1.755214935230064e-08,0.0,0,Low,0.14,2081
CUST-001947,Clark-King,SMB,Banking,88359.81,50383.07,train,0,1.5555165932036848e-08,0.0,0,Low,0.0,2082
CUST-001672,Bryant-Rich,SMB,Education,43615.48,31151.66,train,0,1.461773936519235e-08,0.0,0,Low,0.0,2083
CUST-001802,Carr PLC,SMB,Insurance,49180.02,45929.27,test,0,1.312605265843055e-08,0.0,0,Low,0.0,2084
CUST-000524,"Griffin, Davies and Mitchell",Strategic,Healthcare,13326740.06,3910132.61,train,0,1.2853987503538581e-08,0.0,0,Low,0.17,2085
CUST-001806,Rodriguez-Campbell,SMB,Energy,65245.01,42882.52,train,0,1.2703709293524606e-08,0.0,0,Low,0.0,2086
CUST-001080,"Chan, Floyd and Dillon",SMB,Energy,34759.54,36082.73,train,0,1.187863519868346e-08,0.0,0,Low,0.0,2087
CUST-002458,Sanchez Ltd,SMB,Education,61179.44,41981.72,train,0,1.1630135528150836e-08,0.0,0,Low,0.0,2088
CUST-001999,Flores LLC,Mid-Market,Professional Services,315241.92,209501.24,train,0,1.1432258081923993e-08,0.0,0,Low,0.0,2089
CUST-000042,George Group,SMB,Healthcare,49357.91,55284.59,validation,0,1.1371141741152638e-08,0.0,0,Low,0.0,2090
CUST-001541,"Kramer, Sherman and Trujillo",SMB,Energy,49582.02,33795.85,train,0,1.0857009223627707e-08,0.0,0,Low,0.0,2091
CUST-002499,"Miller, Mcdowell and Curtis",SMB,Telecommunications,101767.01,42999.73,test,0,1.0767083098899739e-08,0.0,0,Low,0.0,2092
CUST-001226,"Newton, Ortiz and King",SMB,Banking,72172.14,44003.98,train,0,1.0589873195011525e-08,0.0,0,Low,0.0,2093
CUST-001016,Yu-Brooks,Mid-Market,Transportation,218280.54,202132.91,train,0,1.0551445818336115e-08,0.0,0,Low,0.0,2094
CUST-001443,Ayers-Johnson,Mid-Market,Retail,213449.49,204416.05,train,0,1.0440052390691129e-08,0.0,0,Low,0.0,2095
CUST-001917,"Smith, Meadows and Montgomery",SMB,Healthcare,81621.53,47552.08,validation,0,1.0330025858489138e-08,0.0,0,Low,0.0,2096
CUST-001440,"Melton, Henry and Joyce",SMB,Energy,99129.07,49589.28,train,0,9.92175958904397e-09,0.0,0,Low,0.0,2097
CUST-001724,"Duarte, Gutierrez and Cook",SMB,Energy,86587.87,48939.31,validation,0,9.864764765976853e-09,0.0,0,Low,0.0,2098
CUST-000158,"Miller, Hernandez and Reyes",SMB,Education,50233.08,40840.02,train,0,9.846358994996316e-09,0.0,0,Low,0.0,2099
CUST-000834,Burns and Sons,SMB,Education,52438.02,44937.47,train,0,9.44645287048486e-09,0.0,0,Low,0.0,2100
CUST-001580,"King, Nixon and West",Enterprise,Energy,3723997.06,857401.17,train,0,9.412309246265894e-09,0.0,0,Low,0.04,2101
CUST-000519,Hines-Berry,SMB,Transportation,36842.46,38577.54,train,0,9.25928768885509e-09,0.0,0,Low,0.0,2102
CUST-002344,Hernandez-Henderson,SMB,Banking,54387.43,47190.32,train,0,9.192065710867725e-09,0.0,0,Low,0.0,2103
CUST-001089,"Cohen, Compton and Perez",Mid-Market,Telecommunications,398899.61,222174.43,train,0,9.123521086322111e-09,0.0,0,Low,0.0,2104
CUST-001143,Maxwell Group,SMB,Manufacturing,35374.2,35980.34,validation,0,9.101217824392623e-09,0.0,0,Low,0.0,2105
CUST-002374,Glover-Hammond,SMB,Telecommunications,93176.93,52440.11,train,0,9.085782107559092e-09,0.0,0,Low,0.0,2106
CUST-001058,Marshall-Perez,SMB,Education,47529.47,29066.95,train,0,9.07088168894762e-09,0.0,0,Low,0.0,2107
CUST-000692,Atkinson LLC,SMB,Education,58722.29,45462.95,train,0,9.02897018377239e-09,0.0,0,Low,0.0,2108
CUST-000799,"Terrell, Byrd and Ross",SMB,Education,88793.63,47223.66,train,0,8.90948378647003e-09,0.0,0,Low,0.0,2109
CUST-001573,Andrade-Jackson,Strategic,Banking,6022148.77,3082553.46,train,0,8.893505864981285e-09,0.0,0,Low,0.05,2110
CUST-001053,Anthony-Parker,SMB,Education,90537.81,64822.22,train,0,8.854216777423664e-09,0.0,0,Low,0.0,2111
CUST-002476,Adams PLC,SMB,Retail,34580.08,35009.37,train,0,8.84032411970613e-09,0.0,0,Low,0.0,2112
CUST-002295,Hood and Sons,SMB,Retail,31517.41,31864.93,train,0,8.817347181764752e-09,0.0,0,Low,0.0,2113
CUST-001641,Hernandez Group,SMB,Energy,47428.0,42506.5,test,0,8.777862260701766e-09,0.0,0,Low,0.0,2114
CUST-001094,Nicholson-Robertson,Mid-Market,Manufacturing,233634.9,198394.45,validation,0,8.745617530595531e-09,0.0,0,Low,0.0,2115
CUST-000572,"Smith, Rodriguez and Anderson",SMB,Education,52912.13,45316.83,train,0,8.581189389238437e-09,0.0,0,Low,0.0,2116
CUST-002188,"Cannon, Richard and Jenkins",SMB,Insurance,96278.46,43366.46,validation,0,8.546316292185399e-09,0.0,0,Low,0.0,2117
CUST-001325,Hill-Ward,SMB,Healthcare,65648.92,41951.56,train,0,8.324055370340318e-09,0.0,0,Low,0.0,2118
CUST-000433,Hayes LLC,SMB,Healthcare,53638.99,35568.36,train,0,8.31722910553995e-09,0.0,0,Low,0.0,2119
CUST-001662,Henry-Taylor,Enterprise,Insurance,3342318.32,1024700.98,train,0,8.280599271175185e-09,0.0,0,Low,0.03,2120
CUST-001926,Duran PLC,Mid-Market,Retail,139361.82,159229.37,test,0,8.200695210454874e-09,0.0,0,Low,0.0,2121
CUST-001587,Moore-Baker,SMB,Healthcare,27792.05,27139.87,train,0,8.07234671463942e-09,0.0,0,Low,0.0,2122
CUST-000298,Schmidt PLC,SMB,Energy,67959.9,43861.13,train,0,8.010668164092379e-09,0.0,0,Low,0.0,2123
CUST-001076,"Ellis, Marks and Buchanan",SMB,Technology,44259.62,34610.1,train,0,7.983781870638578e-09,0.0,0,Low,0.0,2124
CUST-000493,Li-Thompson,SMB,Transportation,92898.19,44949.33,train,0,7.977750673613528e-09,0.0,0,Low,0.0,2125
CUST-001833,Berry-Rivera,Mid-Market,Transportation,217512.09,136785.61,test,0,7.906069362593083e-09,0.0,0,Low,0.0,2126
CUST-001993,Harvey-Diaz,Enterprise,Energy,4102733.13,1156878.15,train,0,7.867867231207343e-09,0.0,0,Low,0.03,2127
CUST-001523,Huang LLC,Enterprise,Transportation,2585447.28,800901.42,train,0,7.801671445362117e-09,0.0,0,Low,0.02,2128
CUST-001755,Garcia Ltd,Mid-Market,Healthcare,389274.22,196058.72,train,0,7.567641352569997e-09,0.0,0,Low,0.0,2129
CUST-001547,"Mcdonald, Dillon and George",Mid-Market,Insurance,288834.87,201685.83,train,0,7.52517468453532e-09,0.0,0,Low,0.0,2130
CUST-000067,Williams PLC,SMB,Insurance,39092.42,36024.07,train,0,7.435027916833606e-09,0.0,0,Low,0.0,2131
CUST-002086,Moon-Wilson,Mid-Market,Education,305618.4,204645.13,train,0,7.357810853139782e-09,0.0,0,Low,0.0,2132
CUST-001555,Rodriguez-Mills,Mid-Market,Energy,332015.4,175310.59,test,0,7.339952327470889e-09,0.0,0,Low,0.0,2133
CUST-002351,"Lane, Simon and Duarte",SMB,Energy,66882.11,39463.67,test,0,7.333076824923909e-09,0.0,0,Low,0.0,2134
CUST-001407,"Mitchell, Johnson and Greene",SMB,Education,44431.54,44688.51,train,0,7.117738337581694e-09,0.0,0,Low,0.0,2135
CUST-002490,"Lutz, Johns and Clark",Mid-Market,Transportation,306655.49,206322.38,train,0,7.112988962615527e-09,0.0,0,Low,0.0,2136
CUST-000850,Gonzales Inc,Mid-Market,Banking,333864.01,181278.23,train,0,7.111130496413384e-09,0.0,0,Low,0.0,2137
CUST-001314,Lee-White,SMB,Transportation,65258.31,39428.37,train,0,7.016242961633481e-09,0.0,0,Low,0.0,2138
CUST-000669,Miller-Brandt,SMB,Manufacturing,37884.04,34439.48,validation,0,6.950556222061222e-09,0.0,0,Low,0.0,2139
CUST-000400,Duran LLC,Mid-Market,Retail,201192.17,186772.04,train,0,6.944487612708967e-09,0.0,0,Low,0.0,2140
CUST-000258,"Bryan, Smith and Booth",Mid-Market,Insurance,227316.56,165659.29,test,0,6.901428635321556e-09,0.0,0,Low,0.0,2141
CUST-000921,"Ashley, Allen and Sanchez",SMB,Banking,59611.29,38555.21,test,0,6.888943155507867e-09,0.0,0,Low,0.0,2142
CUST-002254,"Lewis, Holloway and Acosta",Strategic,Technology,8226924.7,3138384.45,validation,0,6.869039705859877e-09,0.0,0,Low,0.06,2143
CUST-000832,Lopez-Reid,SMB,Education,39065.75,44052.32,train,0,6.7599200305086775e-09,0.0,0,Low,0.0,2144
CUST-002448,Hughes-Mccullough,Mid-Market,Manufacturing,203613.18,114305.2,validation,0,6.7373712054340235e-09,0.0,0,Low,0.0,2145
CUST-000803,Griffin Group,Mid-Market,Energy,137238.64,145772.0,validation,0,6.654472343058188e-09,0.0,0,Low,0.0,2146
CUST-001289,"Smith, Jones and Santiago",Strategic,Banking,11407249.16,2881741.85,test,0,6.608199381629442e-09,0.0,0,Low,0.08,2147
CUST-001825,Bush-Wilson,SMB,Banking,63820.21,45423.45,train,0,6.604758213571618e-09,0.0,0,Low,0.0,2148
CUST-001219,Velasquez Group,SMB,Energy,82664.88,41704.63,test,0,6.554699180762127e-09,0.0,0,Low,0.0,2149
CUST-002053,Thomas LLC,Mid-Market,Manufacturing,146913.68,170835.41,validation,0,6.4747711723350585e-09,0.0,0,Low,0.0,2150
CUST-000213,Stewart Ltd,SMB,Media,57499.31,49874.51,train,0,6.388574784377829e-09,0.0,0,Low,0.0,2151
CUST-000422,"Cole, Glass and Cunningham",Mid-Market,Energy,630870.05,330481.47,train,0,6.363394326846848e-09,0.0,0,Low,0.0,2152
CUST-002452,"Hogan, Zimmerman and Hoffman",SMB,Insurance,32320.85,36813.68,train,0,6.255895934751459e-09,0.0,0,Low,0.0,2153
CUST-001422,Maldonado-Mosley,Strategic,Media,8461348.6,4122182.04,validation,0,6.241189248529338e-09,0.0,0,Low,0.05,2154
CUST-000843,Cunningham-Barton,Mid-Market,Manufacturing,162400.61,151869.19,train,0,6.222322552713097e-09,0.0,0,Low,0.0,2155
CUST-001850,Mullins-Gutierrez,Mid-Market,Banking,340567.19,201233.92,train,0,6.21432680439188e-09,0.0,0,Low,0.0,2156
CUST-000109,Hancock and Sons,SMB,Transportation,65694.22,51962.41,train,0,6.131494281376607e-09,0.0,0,Low,0.0,2157
CUST-000239,"Guerrero, Peck and Coleman",SMB,Manufacturing,62914.71,38652.68,train,0,6.081910974852817e-09,0.0,0,Low,0.0,2158
CUST-000104,"Tran, Jordan and Williams",SMB,Technology,75984.35,52627.64,train,0,6.070270150331493e-09,0.0,0,Low,0.0,2159
CUST-000087,"Ferrell, Jones and Lewis",Enterprise,Telecommunications,2529800.07,770866.06,train,0,6.053618123456432e-09,0.0,0,Low,0.02,2160
CUST-000486,Jones-Fox,Enterprise,Insurance,2739391.32,1019369.65,train,0,5.9775097956719e-09,0.0,0,Low,0.02,2161
CUST-001689,Tate LLC,Mid-Market,Retail,297727.73,208740.03,train,0,5.9543073128864675e-09,0.0,0,Low,0.0,2162
CUST-000996,Castillo-Harrington,Mid-Market,Energy,247676.05,134128.84,test,0,5.872376665460411e-09,0.0,0,Low,0.0,2163
CUST-001577,Kirk-Gutierrez,Mid-Market,Energy,148009.76,166545.82,validation,0,5.867750707790948e-09,0.0,0,Low,0.0,2164
CUST-000483,"Andrews, Higgins and Carter",Enterprise,Healthcare,2449986.51,993888.09,train,0,5.782441402414549e-09,0.0,0,Low,0.01,2165
CUST-002462,Johnson-Rice,SMB,Retail,54334.49,38380.0,train,0,5.78028384254609e-09,0.0,0,Low,0.0,2166
CUST-002355,Henderson LLC,Enterprise,Media,1037198.21,644847.84,test,0,5.772717502378372e-09,0.0,0,Low,0.01,2167
CUST-001612,Bailey-Flores,Enterprise,Telecommunications,2273128.99,888430.1,train,0,5.746052763146661e-09,0.0,0,Low,0.01,2168
CUST-002121,Lutz Group,Mid-Market,Manufacturing,210734.99,214670.42,validation,0,5.73417024249577e-09,0.0,0,Low,0.0,2169
CUST-001323,Jackson-Edwards,Mid-Market,Manufacturing,290979.92,166268.08,train,0,5.682271340547252e-09,0.0,0,Low,0.0,2170
CUST-000974,Crane Group,Strategic,Retail,13951847.67,3494509.59,validation,0,5.4853037057316685e-09,0.0,0,Low,0.08,2171
CUST-000508,Parker-Morrison,Mid-Market,Banking,206543.03,175055.43,train,0,5.463842413404003e-09,0.0,0,Low,0.0,2172
CUST-000660,Chambers-Parker,Mid-Market,Retail,248752.5,162931.79,train,0,5.320820728662764e-09,0.0,0,Low,0.0,2173
CUST-001298,Hamilton-Smith,Mid-Market,Professional Services,382352.81,215189.52,train,0,5.294799842710681e-09,0.0,0,Low,0.0,2174
CUST-001001,"Howard, Silva and Hall",Strategic,Healthcare,12642416.31,3569425.83,train,0,5.293849427587769e-09,0.0,0,Low,0.07,2175
CUST-002026,"Martinez, Green and Lopez",Enterprise,Transportation,2884979.75,967998.29,train,0,5.210541985777144e-09,0.0,0,Low,0.02,2176
CUST-002166,Stokes Inc,SMB,Technology,35556.0,36648.09,train,0,5.196655152478174e-09,0.0,0,Low,0.0,2177
CUST-001847,Washington PLC,Enterprise,Professional Services,2666056.91,894269.74,train,0,5.196589709507334e-09,0.0,0,Low,0.01,2178
CUST-002147,Jordan-Edwards,Mid-Market,Energy,482444.97,240303.96,test,0,5.180038224785629e-09,0.0,0,Low,0.0,2179
CUST-001690,"Savage, Huffman and Martin",Mid-Market,Insurance,236828.53,148264.85,test,0,5.132413815165472e-09,0.0,0,Low,0.0,2180
CUST-002495,Smith-Holt,Mid-Market,Manufacturing,401608.89,222085.09,train,0,5.095558279475698e-09,0.0,0,Low,0.0,2181
CUST-000085,"Evans, Stewart and Walton",SMB,Transportation,92699.84,50766.05,train,0,5.067875901471567e-09,0.0,0,Low,0.0,2182
CUST-002259,Smith and Sons,Strategic,Technology,17346484.07,4202107.75,train,0,4.9130708221324135e-09,0.0,0,Low,0.09,2183
CUST-002376,"Munoz, Garcia and Williams",Enterprise,Retail,2382066.58,1001289.84,train,0,4.755933223424659e-09,0.0,0,Low,0.01,2184
CUST-000070,Hancock Inc,Enterprise,Education,2993995.91,979562.96,train,0,4.7351576052827225e-09,0.0,0,Low,0.01,2185
CUST-000254,"Garcia, Martin and Jenkins",SMB,Transportation,41493.17,47423.77,train,0,4.6912420048355885e-09,0.0,0,Low,0.0,2186
CUST-001592,"Evans, Cross and Johnston",SMB,Technology,42231.18,33830.79,train,0,4.671123384353209e-09,0.0,0,Low,0.0,2187
CUST-001544,Washington Group,Mid-Market,Retail,439954.22,191889.23,train,0,4.6579623191105975e-09,0.0,0,Low,0.0,2188
CUST-000671,"Long, Anderson and Irwin",Strategic,Energy,9170471.59,3737469.32,train,0,4.646052115029292e-09,0.0,0,Low,0.04,2189
CUST-001299,"Wilson, Smith and Cortez",Enterprise,Transportation,1282168.68,563138.13,train,0,4.6224943904215856e-09,0.0,0,Low,0.01,2190
CUST-001098,Wright Group,Enterprise,Telecommunications,5040081.61,1280836.36,validation,0,4.6037161685382614e-09,0.0,0,Low,0.02,2191
CUST-001360,Mendoza-Garza,Enterprise,Telecommunications,2929793.9,962787.65,train,0,4.601690643765495e-09,0.0,0,Low,0.01,2192
CUST-000615,Gilbert PLC,Mid-Market,Technology,486663.1,235894.54,train,0,4.538306326772238e-09,0.0,0,Low,0.0,2193
CUST-000240,"Walker, Hernandez and Baker",Enterprise,Insurance,3358295.05,1133399.59,test,0,4.534339701588232e-09,0.0,0,Low,0.02,2194
CUST-002017,Villanueva LLC,Strategic,Healthcare,20974873.67,4532720.78,train,0,4.533801373400559e-09,0.0,0,Low,0.1,2195
CUST-000358,"Williams, Logan and Camacho",Strategic,Technology,8851187.24,3593670.58,train,0,4.510939972161074e-09,0.0,0,Low,0.04,2196
CUST-000966,Owens-Russell,SMB,Technology,42979.04,43431.2,train,0,4.391277009882456e-09,0.0,0,Low,0.0,2197
CUST-000763,Smith LLC,Enterprise,Education,608044.82,619667.77,train,0,4.361384386881666e-09,0.0,0,Low,0.0,2198
CUST-002006,Miller and Sons,Mid-Market,Transportation,339424.56,222427.41,train,0,4.291723416965959e-09,0.0,0,Low,0.0,2199
CUST-002242,Duffy-Wilkerson,Mid-Market,Banking,335483.53,207726.27,test,0,4.276448079504824e-09,0.0,0,Low,0.0,2200
CUST-000598,Thornton PLC,Enterprise,Energy,2524410.33,909553.22,train,0,4.255251074118009e-09,0.0,0,Low,0.01,2201
CUST-000595,Hernandez-Vaughn,Mid-Market,Energy,269458.14,191221.92,train,0,4.238832026332056e-09,0.0,0,Low,0.0,2202
CUST-002332,"Hendrix, Green and Nunez",Strategic,Energy,8372240.86,3748048.83,train,0,4.20272322347125e-09,0.0,0,Low,0.04,2203
CUST-001923,"Walker, Brock and Simmons",Mid-Market,Banking,266689.9,192799.97,test,0,4.158868904378379e-09,0.0,0,Low,0.0,2204
CUST-000645,Sullivan PLC,Mid-Market,Banking,574634.66,236100.14,validation,0,4.11998929071754e-09,0.0,0,Low,0.0,2205
CUST-000839,Mckinney-Wallace,Enterprise,Energy,1375938.08,800481.28,train,0,4.115089478939036e-09,0.0,0,Low,0.01,2206
CUST-000139,"Harvey, Davis and Crane",Mid-Market,Energy,469295.41,227595.08,train,0,4.056202659294805e-09,0.0,0,Low,0.0,2207
CUST-000082,Sandoval-Cunningham,Enterprise,Healthcare,2177787.13,864924.63,train,0,4.04854288484852e-09,0.0,0,Low,0.01,2208
CUST-000558,Edwards Ltd,Enterprise,Professional Services,807734.76,744424.8,train,0,4.0341280430226e-09,0.0,0,Low,0.0,2209
CUST-002032,Smith Ltd,Enterprise,Energy,1574862.83,760420.13,train,0,3.94876693329194e-09,0.0,0,Low,0.01,2210
CUST-001355,Shaw and Sons,Mid-Market,Manufacturing,245900.7,172792.76,train,0,3.890905762646701e-09,0.0,0,Low,0.0,2211
CUST-001675,Lee Group,Enterprise,Insurance,798770.12,804859.25,train,0,3.876847480496019e-09,0.0,0,Low,0.0,2212
CUST-001699,Ortiz-Miller,Mid-Market,Transportation,227081.98,179404.05,validation,0,3.8314019587050854e-09,0.0,0,Low,0.0,2213
CUST-000971,Hernandez-Dawson,Enterprise,Education,3029848.36,807346.22,train,0,3.81031614201862e-09,0.0,0,Low,0.01,2214
CUST-002482,Medina Group,Enterprise,Professional Services,3087502.93,954889.46,train,0,3.805152274222422e-09,0.0,0,Low,0.01,2215
CUST-001869,Davis-Garcia,Enterprise,Banking,2388430.99,927119.47,train,0,3.784183823679701e-09,0.0,0,Low,0.01,2216
CUST-000397,Gregory-Watkins,Enterprise,Telecommunications,2990434.39,1034947.85,train,0,3.692382707356758e-09,0.0,0,Low,0.01,2217
CUST-000894,Bishop and Sons,Enterprise,Banking,3759493.12,1431238.22,train,0,3.5884249762104322e-09,0.0,0,Low,0.01,2218
CUST-000938,"Rios, Walker and Wright",Enterprise,Manufacturing,2887697.34,1362502.81,train,0,3.5821585202633085e-09,0.0,0,Low,0.01,2219
CUST-000817,Foster-Mclaughlin,Mid-Market,Professional Services,260576.58,210581.33,validation,0,3.482580091649649e-09,0.0,0,Low,0.0,2220
CUST-000321,Coffey-Phillips,Enterprise,Professional Services,1224924.78,734686.88,train,0,3.4818022661442743e-09,0.0,0,Low,0.0,2221
CUST-000797,Rodriguez and Sons,Enterprise,Energy,2606193.59,960701.27,test,0,3.4563365279833905e-09,0.0,0,Low,0.01,2222
CUST-000929,Nelson-Brown,Enterprise,Insurance,2711825.93,1169829.28,validation,0,3.42250830336503e-09,0.0,0,Low,0.01,2223
CUST-002456,Shaw-Smith,Mid-Market,Banking,230981.77,122918.55,train,0,3.365829836460714e-09,0.0,0,Low,0.0,2224
CUST-001561,Diaz PLC,Enterprise,Retail,723297.46,836136.25,train,0,3.2905236119789706e-09,0.0,0,Low,0.0,2225
CUST-000721,Landry Ltd,Enterprise,Energy,3216968.18,876931.9,train,0,3.2387655083004313e-09,0.0,0,Low,0.01,2226
CUST-000578,Brooks-Hatfield,Mid-Market,Manufacturing,220251.49,191673.12,train,0,3.230624102819735e-09,0.0,0,Low,0.0,2227
CUST-000375,"Hoffman, Santiago and Jenkins",Enterprise,Healthcare,1721301.74,810485.9,validation,0,3.2185024698947235e-09,0.0,0,Low,0.01,2228
CUST-000995,Mayo Ltd,Enterprise,Retail,899152.36,931449.98,train,0,3.1869576623377173e-09,0.0,0,Low,0.0,2229
CUST-001981,Castillo LLC,Enterprise,Technology,1126823.2,678943.71,train,0,3.1037798814216287e-09,0.0,0,Low,0.0,2230
CUST-000140,Chambers and Sons,Strategic,Professional Services,15865907.83,4085124.42,test,0,3.067384667505127e-09,0.0,0,Low,0.05,2231
CUST-001083,Powell-Montgomery,Enterprise,Professional Services,2281191.65,1104607.72,train,0,2.953813335586678e-09,0.0,0,Low,0.01,2232
CUST-001427,Wright-Davis,Enterprise,Media,2726050.03,1036776.57,validation,0,2.872017614921329e-09,0.0,0,Low,0.01,2233
CUST-001164,Wise-Dean,Enterprise,Telecommunications,3286536.97,1082493.31,train,0,2.7834403157807095e-09,0.0,0,Low,0.01,2234
CUST-001297,Russell-Hayes,Strategic,Banking,14788811.46,4192102.18,train,0,2.6880615447509827e-09,0.0,0,Low,0.04,2235
CUST-002296,Miller Ltd,Enterprise,Healthcare,1066344.83,762223.42,train,0,2.673676539256795e-09,0.0,0,Low,0.0,2236
CUST-001709,Davis LLC,Enterprise,Education,4051981.83,1403269.05,train,0,2.595280691552994e-09,0.0,0,Low,0.01,2237
CUST-001860,"Blanchard, Davis and Schmidt",Enterprise,Banking,2637765.79,1015946.78,train,0,2.5769885436097884e-09,0.0,0,Low,0.01,2238
CUST-002357,Wilson-Dean,Enterprise,Education,739733.25,705897.12,test,0,2.485969326551868e-09,0.0,0,Low,0.0,2239
CUST-001931,"Bennett, Moore and Hobbs",Strategic,Banking,15137399.3,3894131.7,train,0,2.4225442033128996e-09,0.0,0,Low,0.04,2240
CUST-001583,Smith-Joyce,Enterprise,Banking,2501111.37,1049060.85,test,0,2.415176432597132e-09,0.0,0,Low,0.01,2241
CUST-001207,Christian-Booth,Enterprise,Telecommunications,2208304.93,1039726.11,test,0,2.355224272473895e-09,0.0,0,Low,0.01,2242
CUST-000528,Contreras-Mckinney,Enterprise,Telecommunications,1343809.95,822500.05,train,0,2.2928489255689494e-09,0.0,0,Low,0.0,2243
CUST-000446,"Osborn, Gaines and Davis",Enterprise,Technology,808604.48,687257.74,train,0,2.232002429508711e-09,0.0,0,Low,0.0,2244
CUST-001517,Snyder LLC,Enterprise,Healthcare,1895184.46,868027.29,test,0,2.158181757800918e-09,0.0,0,Low,0.0,2245
CUST-001687,"Cox, Mills and Cruz",Mid-Market,Professional Services,369295.7,261717.34,train,0,2.0576666645571746e-09,0.0,0,Low,0.0,2246
CUST-001932,Smith and Sons,Enterprise,Media,1204253.83,1055920.57,train,0,1.9815134328546113e-09,0.0,0,Low,0.0,2247
CUST-002077,"Marsh, Nelson and Wolfe",Mid-Market,Professional Services,699935.76,294951.45,test,0,1.8489115323984031e-09,0.0,0,Low,0.0,2248
CUST-000403,"Hall, Hansen and Barnett",Mid-Market,Professional Services,507680.92,175730.67,train,0,1.785346075722456e-09,0.0,0,Low,0.0,2249
CUST-002302,Yates-Manning,Strategic,Energy,13405054.83,3934378.53,train,0,1.611357508213753e-09,0.0,0,Low,0.02,2250
CUST-000201,"Barnett, Rogers and Snyder",Mid-Market,Retail,455479.25,194421.55,validation,0,1.5859415763779184e-09,0.0,0,Low,0.0,2251
CUST-001386,Lane Inc,Enterprise,Retail,2034683.09,1057008.79,validation,0,1.5522087397955058e-09,0.0,0,Low,0.0,2252
CUST-002253,Reynolds and Sons,Enterprise,Healthcare,2543604.15,1299765.01,train,0,1.523890382051665e-09,0.0,0,Low,0.0,2253
CUST-000511,Mendez-Graham,Mid-Market,Media,257066.44,186958.08,train,0,1.515812879260028e-09,0.0,0,Low,0.0,2254
CUST-002329,Edwards-Ramsey,Strategic,Transportation,11873024.56,3934785.74,train,0,1.4593100993775317e-09,0.0,0,Low,0.02,2255
CUST-001865,Navarro PLC,Enterprise,Retail,2491602.71,900714.72,validation,0,1.4288329223677198e-09,0.0,0,Low,0.0,2256
CUST-001288,Jackson PLC,Mid-Market,Retail,352703.16,247312.9,train,0,1.4210385349465663e-09,0.0,0,Low,0.0,2257
CUST-002475,Johnson-Schultz,Strategic,Insurance,8377706.55,3046585.02,train,0,1.4176615963531312e-09,0.0,0,Low,0.01,2258
CUST-001799,Hudson-Gentry,Mid-Market,Media,485073.48,258451.74,train,0,1.4175882748030426e-09,0.0,0,Low,0.0,2259
CUST-001988,Schmidt-Phillips,Mid-Market,Professional Services,593799.65,298360.84,validation,0,1.3878259139364838e-09,0.0,0,Low,0.0,2260
CUST-002028,Watson PLC,Mid-Market,Transportation,486724.28,328281.72,test,0,1.353487444298809e-09,0.0,0,Low,0.0,2261
CUST-000946,"Mueller, Stevenson and Sanchez",Mid-Market,Manufacturing,882032.96,279420.69,train,0,1.3243768341419579e-09,0.0,0,Low,0.0,2262
CUST-000579,"Mcmillan, Fischer and Gonzalez",Mid-Market,Media,634623.32,294274.75,validation,0,1.3103089444312661e-09,0.0,0,Low,0.0,2263
CUST-002059,Roberts-Henry,Strategic,Transportation,14228424.22,4573620.24,test,0,1.2998051722195492e-09,0.0,0,Low,0.02,2264
CUST-001567,"Jones, Torres and Blackburn",Mid-Market,Professional Services,634782.27,289217.38,train,0,1.295394021787839e-09,0.0,0,Low,0.0,2265
CUST-001823,House-Johnston,Mid-Market,Insurance,391113.08,244380.81,train,0,1.2917854986264845e-09,0.0,0,Low,0.0,2266
CUST-001232,"Taylor, Porter and Moreno",Mid-Market,Insurance,532347.84,196373.59,validation,0,1.2870351130072204e-09,0.0,0,Low,0.0,2267
CUST-002342,Santos Group,Mid-Market,Banking,434952.62,243264.56,train,0,1.2823629944516524e-09,0.0,0,Low,0.0,2268
CUST-001780,"Andrews, Romero and Sullivan",Mid-Market,Technology,775120.45,298605.37,test,0,1.2565428206023594e-09,0.0,0,Low,0.0,2269
CUST-000623,Pearson and Sons,Enterprise,Healthcare,2263156.96,1107740.2,train,0,1.2456509190586034e-09,0.0,0,Low,0.0,2270
CUST-000224,Wilson-Jones,Mid-Market,Education,502481.86,246564.21,test,0,1.2413488974473017e-09,0.0,0,Low,0.0,2271
CUST-001035,Bell-Bennett,Mid-Market,Professional Services,541561.89,221882.56,train,0,1.141378515914347e-09,0.0,0,Low,0.0,2272
CUST-000346,Zhang PLC,Mid-Market,Media,364314.39,213390.31,train,0,1.1351341969041368e-09,0.0,0,Low,0.0,2273
CUST-000988,Ramirez-Stephenson,Mid-Market,Healthcare,588929.81,277780.49,train,0,1.1269498349900512e-09,0.0,0,Low,0.0,2274
CUST-000540,Humphrey PLC,Mid-Market,Banking,563784.29,327796.93,train,0,1.0747632090989984e-09,0.0,0,Low,0.0,2275
CUST-000826,Bruce-Williamson,Mid-Market,Professional Services,725725.31,256664.99,train,0,1.071430669391487e-09,0.0,0,Low,0.0,2276
CUST-000972,Foster-Williams,Mid-Market,Insurance,548650.2,264752.32,train,0,1.0618460708774766e-09,0.0,0,Low,0.0,2277
CUST-000886,Wheeler PLC,Strategic,Telecommunications,14660624.79,4810001.93,train,0,1.0495038631327726e-09,0.0,0,Low,0.02,2278
CUST-002114,Simpson LLC,Mid-Market,Professional Services,443096.51,335949.7,train,0,1.0361747078408446e-09,0.0,0,Low,0.0,2279
CUST-001665,Newton and Sons,Mid-Market,Manufacturing,458933.55,189789.82,train,0,1.016017949168043e-09,0.0,0,Low,0.0,2280
CUST-001455,Brock-Peters,Enterprise,Technology,1956588.87,946970.47,train,0,1.000668237918254e-09,0.0,0,Low,0.0,2281
CUST-001877,"Pratt, Lopez and Rodriguez",Enterprise,Transportation,2549605.13,832597.16,train,0,9.993337010930448e-10,0.0,0,Low,0.0,2282
CUST-002423,Coleman and Sons,Mid-Market,Telecommunications,532108.72,281919.93,train,0,9.919603650311868e-10,0.0,0,Low,0.0,2283
CUST-002110,Nunez-Rodriguez,Strategic,Transportation,9541178.1,3494349.79,validation,0,9.746250873348685e-10,0.0,0,Low,0.01,2284
CUST-000786,Vargas PLC,Mid-Market,Manufacturing,590357.54,269938.31,test,0,9.647180093977622e-10,0.0,0,Low,0.0,2285
CUST-000062,Powell LLC,Mid-Market,Technology,563850.41,232857.62,train,0,9.538406365519733e-10,0.0,0,Low,0.0,2286
CUST-000610,Blevins-Ballard,Mid-Market,Banking,882630.81,283676.4,validation,0,9.524643679558155e-10,0.0,0,Low,0.0,2287
CUST-001040,Barron and Sons,Enterprise,Media,1916141.99,907447.84,test,0,9.385008071365231e-10,0.0,0,Low,0.0,2288
CUST-000591,"Williams, Castillo and Warren",Mid-Market,Technology,684858.15,244346.93,train,0,9.377456509816052e-10,0.0,0,Low,0.0,2289
CUST-001973,"Shah, Mcintyre and Villanueva",Enterprise,Healthcare,1462212.36,818808.05,test,0,9.190644952399131e-10,0.0,0,Low,0.0,2290
CUST-000338,Bass PLC,Mid-Market,Insurance,386815.63,162325.27,train,0,9.140116250412874e-10,0.0,0,Low,0.0,2291
CUST-001409,Allen-Smith,Strategic,Media,11908831.62,4296043.58,train,0,8.90851973513445e-10,0.0,0,Low,0.01,2292
CUST-001019,Conner-Yu,Mid-Market,Media,543587.09,290438.36,validation,0,8.837800811209716e-10,0.0,0,Low,0.0,2293
CUST-001913,Sullivan and Sons,Strategic,Technology,18598168.38,5067243.24,train,0,8.792356957358504e-10,0.0,0,Low,0.02,2294
CUST-000661,Foster Inc,Mid-Market,Technology,473624.93,270628.07,train,0,8.607515769575879e-10,0.0,0,Low,0.0,2295
CUST-000931,"Ward, Porter and Bradley",Mid-Market,Manufacturing,591509.75,311824.54,validation,0,8.587289620870693e-10,0.0,0,Low,0.0,2296
CUST-000367,"Le, Lewis and Hayes",Mid-Market,Media,515384.91,237382.1,train,0,8.448326778304229e-10,0.0,0,Low,0.0,2297
CUST-001096,"Powell, Deleon and Warren",Mid-Market,Retail,769915.79,305043.1,train,0,8.280861125815232e-10,0.0,0,Low,0.0,2298
CUST-000853,Martin-Taylor,Mid-Market,Professional Services,520649.8,267311.32,train,0,8.277140746146208e-10,0.0,0,Low,0.0,2299
CUST-002321,Carroll-Arnold,Mid-Market,Retail,567739.43,281954.82,test,0,8.066386643761592e-10,0.0,0,Low,0.0,2300
CUST-001760,Hill Inc,Mid-Market,Energy,417817.05,212082.38,train,0,7.968075911089002e-10,0.0,0,Low,0.0,2301
CUST-001466,Dillon-Mccarty,Enterprise,Manufacturing,3487977.27,1259727.02,train,0,7.86251711758345e-10,0.0,0,Low,0.0,2302
CUST-000084,"Edwards, Baker and Anderson",Enterprise,Professional Services,1258933.9,866751.57,train,0,7.777812768553628e-10,0.0,0,Low,0.0,2303
CUST-001882,Ramirez Inc,Enterprise,Professional Services,2010299.89,1116603.92,validation,0,6.814480400279642e-10,0.0,0,Low,0.0,2304
CUST-000488,Williams-Hughes,Enterprise,Insurance,1684876.65,1020003.77,test,0,6.632150588499052e-10,0.0,0,Low,0.0,2305
CUST-001100,Hill Group,Mid-Market,Media,402157.66,269631.01,train,0,6.267041239103325e-10,0.0,0,Low,0.0,2306
CUST-000045,"Arroyo, Miller and Tucker",Enterprise,Healthcare,2812819.34,1127554.91,train,0,6.032765543095912e-10,0.0,0,Low,0.0,2307
CUST-002175,Knight PLC,Enterprise,Manufacturing,3240570.11,1154254.4,train,0,6.011612332138231e-10,0.0,0,Low,0.0,2308
CUST-001975,Quinn-Gordon,Enterprise,Insurance,1681851.55,1052409.85,train,0,5.566159926100622e-10,0.0,0,Low,0.0,2309
CUST-001501,Evans-Cannon,Enterprise,Retail,2439542.9,1164675.77,test,0,5.549019012810521e-10,0.0,0,Low,0.0,2310
CUST-000107,"Wright, Garcia and Deleon",Mid-Market,Insurance,666001.67,302872.59,train,0,4.948002379457643e-10,0.0,0,Low,0.0,2311
CUST-000066,Morton-Chase,Enterprise,Technology,2861555.63,1241878.64,train,0,4.895325003146904e-10,0.0,0,Low,0.0,2312
CUST-000464,Spencer-Garcia,Strategic,Transportation,10205684.4,3807910.75,train,0,4.766934609617469e-10,0.0,0,Low,0.0,2313
CUST-001463,Combs-Davis,Strategic,Retail,12200269.61,3912839.32,train,0,4.737932888572102e-10,0.0,0,Low,0.01,2314
CUST-000252,"Graham, Olsen and Costa",Strategic,Professional Services,14889913.34,4989739.2,validation,0,3.778086173094482e-10,0.0,0,Low,0.01,2315
CUST-001829,"Davis, Kennedy and Harmon",Mid-Market,Media,429202.39,280071.5,train,0,3.6716343718413944e-10,0.0,0,Low,0.0,2316
CUST-000854,Li Inc,Mid-Market,Telecommunications,290308.26,219170.52,train,0,2.908521958231296e-10,0.0,0,Low,0.0,2317
CUST-001419,"Frye, Walter and Li",Strategic,Transportation,10451442.82,4389443.35,test,0,2.7973470580001967e-10,0.0,0,Low,0.0,2318
CUST-001548,"Martin, Schmidt and Cole",Strategic,Manufacturing,7704595.23,3611218.7,test,0,2.5224040826674784e-10,0.0,0,Low,0.0,2319
CUST-000773,Thomas-Jackson,Strategic,Retail,16152458.42,4444690.87,train,0,2.3161832149944354e-10,0.0,0,Low,0.0,2320
CUST-001752,Reeves-Boyd,Mid-Market,Healthcare,452901.77,278483.81,train,0,1.984177878309017e-10,0.0,0,Low,0.0,2321
CUST-001266,Cole-Lucero,Mid-Market,Telecommunications,225486.12,255591.69,train,0,1.802832602779142e-10,0.0,0,Low,0.0,2322
CUST-000879,Baxter LLC,Mid-Market,Transportation,539262.7,297579.74,validation,0,1.7576607414547525e-10,0.0,0,Low,0.0,2323
CUST-000270,Baird-Sanchez,Mid-Market,Banking,359758.34,276902.76,validation,0,1.698248887849366e-10,0.0,0,Low,0.0,2324
CUST-000090,Moore-Bass,Mid-Market,Healthcare,275886.66,265222.26,train,0,1.6969348482315636e-10,0.0,0,Low,0.0,2325
CUST-002484,"Roberts, Stanton and Smith",Mid-Market,Education,305320.39,247691.46,train,0,1.68990662959048e-10,0.0,0,Low,0.0,2326
CUST-001331,"Jones, Smith and Hunter",Mid-Market,Energy,178565.83,201273.57,train,0,1.665989863945719e-10,0.0,0,Low,0.0,2327
CUST-001916,Moss Group,Strategic,Media,12113371.92,4164139.63,train,0,1.5406236234889526e-10,0.0,0,Low,0.0,2328
CUST-001371,Carlson-Jones,Mid-Market,Energy,330736.65,228105.69,train,0,1.5339355888457366e-10,0.0,0,Low,0.0,2329
CUST-000948,Oconnor PLC,Mid-Market,Telecommunications,276514.8,282485.9,test,0,1.5143016972756343e-10,0.0,0,Low,0.0,2330
CUST-002255,Barnes Group,Strategic,Professional Services,10775430.25,3973799.25,train,0,1.4674276740714973e-10,0.0,0,Low,0.0,2331
CUST-000657,"Burns, Nolan and Griffin",Enterprise,Education,1017598.31,982149.21,test,0,1.4527126498831044e-10,0.0,0,Low,0.0,2332
CUST-000689,David-Powers,Mid-Market,Media,313291.36,198403.76,validation,0,1.4329836995198226e-10,0.0,0,Low,0.0,2333
CUST-000559,Gross-Valencia,Mid-Market,Healthcare,402458.02,259506.16,train,0,1.4099874638595414e-10,0.0,0,Low,0.0,2334
CUST-001068,Thompson-Joyce,Mid-Market,Education,308994.4,293710.68,train,0,1.3473920677341176e-10,0.0,0,Low,0.0,2335
CUST-000575,"Lee, Tran and Jones",Mid-Market,Professional Services,464639.42,256240.26,test,0,1.3460879583413896e-10,0.0,0,Low,0.0,2336
CUST-000292,Young Ltd,Mid-Market,Transportation,302698.63,281554.81,train,0,1.3324302730951327e-10,0.0,0,Low,0.0,2337
CUST-000077,"Woods, Calhoun and Schmidt",Mid-Market,Technology,284183.4,137274.34,train,0,1.307364023878122e-10,0.0,0,Low,0.0,2338
CUST-000243,Gonzales-Harrison,Mid-Market,Retail,360291.07,344720.8,train,0,1.2926897279810504e-10,0.0,0,Low,0.0,2339
CUST-000436,Cox LLC,Strategic,Retail,11957898.35,4809685.62,train,0,1.2628337609407981e-10,0.0,0,Low,0.0,2340
CUST-000356,Strickland-Palmer,Mid-Market,Transportation,256557.07,244382.55,test,0,1.2233680030839646e-10,0.0,0,Low,0.0,2341
CUST-000165,Castaneda-Ashley,Mid-Market,Transportation,492007.79,332751.0,validation,0,1.160822657199137e-10,0.0,0,Low,0.0,2342
CUST-002229,Love-Mcdowell,Strategic,Education,6351562.49,3486794.35,train,0,1.152608318467249e-10,0.0,0,Low,0.0,2343
CUST-001484,"Brown, Wise and Warren",Strategic,Technology,10449803.96,4587177.62,train,0,1.1506391643842059e-10,0.0,0,Low,0.0,2344
CUST-002463,Scott-Wilson,Mid-Market,Energy,318095.12,305310.22,train,0,1.1504455575569903e-10,0.0,0,Low,0.0,2345
CUST-002401,Smith-Ramirez,Mid-Market,Transportation,335137.6,236110.7,train,0,1.1325206235148521e-10,0.0,0,Low,0.0,2346
CUST-000882,Williams Ltd,Enterprise,Transportation,1024858.53,718569.7,train,0,1.1194872034634251e-10,0.0,0,Low,0.0,2347
CUST-000730,"Li, Craig and Drake",Enterprise,Media,982278.59,954590.03,train,0,1.0889339862278246e-10,0.0,0,Low,0.0,2348
CUST-002000,"Frazier, Ramirez and Brown",Mid-Market,Banking,305463.61,289439.33,test,0,1.0836832261172569e-10,0.0,0,Low,0.0,2349
CUST-001115,Byrd-Holloway,Mid-Market,Manufacturing,452206.88,276448.57,train,0,1.074522167400639e-10,0.0,0,Low,0.0,2350
CUST-000739,Walsh Ltd,Strategic,Education,7714986.5,4371262.29,train,0,1.01939913801487e-10,0.0,0,Low,0.0,2351
CUST-002090,Jackson-Torres,Enterprise,Insurance,964909.56,883819.46,train,0,8.05064869320961e-11,0.0,0,Low,0.0,2352
CUST-001945,Thompson-Santiago,Enterprise,Transportation,1824738.93,1072250.17,train,0,7.912272823523179e-11,0.0,0,Low,0.0,2353
CUST-000081,"Sanchez, Wheeler and Harvey",Enterprise,Banking,3630671.38,1395412.86,train,0,6.385118586986188e-11,0.0,0,Low,0.0,2354
CUST-001062,Randall PLC,Enterprise,Professional Services,2038882.27,1146893.19,validation,0,6.021170742234342e-11,0.0,0,Low,0.0,2355
CUST-001217,"Walsh, Wu and Hart",Enterprise,Insurance,3016440.4,1036779.22,train,0,5.976793478223625e-11,0.0,0,Low,0.0,2356
CUST-001805,Smith PLC,Enterprise,Energy,2286401.87,1250900.44,train,0,5.21159323498041e-11,0.0,0,Low,0.0,2357
CUST-001568,"Davis, Hardy and Schmidt",Enterprise,Telecommunications,4340641.2,1582303.87,train,0,5.0293116183295505e-11,0.0,0,Low,0.0,2358
CUST-001088,Ramirez-Vasquez,Enterprise,Banking,3027891.43,1241471.42,train,0,4.910921082055055e-11,0.0,0,Low,0.0,2359
CUST-000304,Jones LLC,Enterprise,Technology,2693280.28,1148432.71,test,0,4.6698384592916687e-11,0.0,0,Low,0.0,2360
CUST-001871,Lee-Johnson,Enterprise,Technology,1328540.97,1171871.13,train,0,4.5397638050371997e-11,0.0,0,Low,0.0,2361
CUST-000288,Morgan-Schwartz,Enterprise,Manufacturing,1265164.94,1304273.81,validation,0,4.3609978023372065e-11,0.0,0,Low,0.0,2362
CUST-002232,"Daniel, Kelley and Murphy",Strategic,Insurance,8006169.35,4626855.58,train,0,4.1342302148394134e-11,0.0,0,Low,0.0,2363
CUST-001972,Riley-Snow,Strategic,Media,16382913.98,5311983.74,train,0,4.124301103282204e-11,0.0,0,Low,0.0,2364
CUST-002007,Mullen-Jones,Enterprise,Transportation,3174354.35,1565297.32,train,0,3.763750242989786e-11,0.0,0,Low,0.0,2365
CUST-002366,"Curry, Estrada and Anderson",Enterprise,Media,2263944.67,1018984.52,test,0,3.632110474235144e-11,0.0,0,Low,0.0,2366
CUST-000638,Morales Inc,Enterprise,Technology,3624358.56,1517728.08,validation,0,3.5178675673960105e-11,0.0,0,Low,0.0,2367
CUST-000401,Wilson-Jimenez,Strategic,Retail,9045330.03,4074977.72,train,0,3.5043631793173006e-11,0.0,0,Low,0.0,2368
CUST-000410,Collier-Gillespie,Enterprise,Retail,3727993.35,1522981.75,train,0,3.447223456425424e-11,0.0,0,Low,0.0,2369
CUST-001113,Coleman-Bennett,Enterprise,Education,2464943.92,1283305.15,train,0,3.083288743319727e-11,0.0,0,Low,0.0,2370
CUST-000757,Kelly Group,Enterprise,Education,1561171.35,881905.66,train,0,3.068478366227018e-11,0.0,0,Low,0.0,2371
CUST-000962,Haynes-Moss,Enterprise,Retail,2583348.35,1340925.22,train,0,3.0558779477304186e-11,0.0,0,Low,0.0,2372
CUST-001552,"Brown, Coffey and Fuentes",Enterprise,Insurance,2860060.95,1281985.37,test,0,2.998436040289525e-11,0.0,0,Low,0.0,2373
CUST-000956,Morse PLC,Enterprise,Banking,2842511.97,1363803.58,train,0,2.806007026929616e-11,0.0,0,Low,0.0,2374
CUST-001404,"Meyer, Dawson and Harper",Enterprise,Energy,2903534.61,1451403.96,test,0,2.733085112243436e-11,0.0,0,Low,0.0,2375
CUST-000963,Chavez-Hall,Enterprise,Healthcare,3058373.75,1237416.63,train,0,2.7184085536064596e-11,0.0,0,Low,0.0,2376
CUST-000748,Goodwin Ltd,Enterprise,Energy,2367816.55,1545873.7,train,0,2.6939083676018325e-11,0.0,0,Low,0.0,2377
CUST-001954,Maxwell LLC,Enterprise,Retail,3318301.64,1807088.82,train,0,2.6381751650912288e-11,0.0,0,Low,0.0,2378
CUST-001673,Stone Group,Strategic,Education,8362787.42,4436859.91,validation,0,2.548346403377447e-11,0.0,0,Low,0.0,2379
CUST-001740,Larson LLC,Enterprise,Insurance,2406814.31,1150337.56,train,0,2.5211049286712608e-11,0.0,0,Low,0.0,2380
CUST-000480,Barnes PLC,Enterprise,Manufacturing,1722760.33,949334.61,train,0,2.5119608112432582e-11,0.0,0,Low,0.0,2381
CUST-002363,Moyer-Whitaker,Enterprise,Healthcare,1962690.9,1031658.36,train,0,2.4965669172107305e-11,0.0,0,Low,0.0,2382
CUST-001188,"Adams, Quinn and Watson",Enterprise,Manufacturing,2238150.23,1406455.8,train,0,2.4228228114157514e-11,0.0,0,Low,0.0,2383
CUST-002313,Davis-Henderson,Enterprise,Professional Services,2662987.76,1125420.19,train,0,2.387964216100201e-11,0.0,0,Low,0.0,2384
CUST-000983,Williams Group,Enterprise,Technology,3305494.36,1332120.67,validation,0,2.1739563972125504e-11,0.0,0,Low,0.0,2385
CUST-002464,Weaver LLC,Strategic,Professional Services,12678565.76,4892112.03,train,0,2.153578243952295e-11,0.0,0,Low,0.0,2386
CUST-001340,"Martin, Palmer and Griffin",Enterprise,Education,2420038.86,1246537.96,test,0,2.0058251350239223e-11,0.0,0,Low,0.0,2387
CUST-000307,Castaneda-Rodriguez,Enterprise,Transportation,2126201.45,976600.24,train,0,1.659699177302173e-11,0.0,0,Low,0.0,2388
CUST-001663,Perez Group,Enterprise,Energy,1785604.58,1087912.46,train,0,1.5621617104075302e-11,0.0,0,Low,0.0,2389
CUST-001368,Burke-Norton,Enterprise,Insurance,2708404.4,1132112.86,test,0,1.5180174663320876e-11,0.0,0,Low,0.0,2390
CUST-002212,King-Lawrence,Enterprise,Media,2862634.04,1293893.36,test,0,1.3885250661441026e-11,0.0,0,Low,0.0,2391
CUST-001918,Haynes and Sons,Enterprise,Professional Services,1459146.22,1049718.3,train,0,1.3884278681789612e-11,0.0,0,Low,0.0,2392
CUST-000428,Jones-Lin,Strategic,Professional Services,6464060.5,4443588.53,train,0,1.2829345667431482e-11,0.0,0,Low,0.0,2393
CUST-000210,"Wood, Tran and Cooper",Enterprise,Technology,3123381.72,1572703.24,train,0,1.2104421670631045e-11,0.0,0,Low,0.0,2394
CUST-001614,Jensen-Branch,Strategic,Transportation,15535791.89,5603749.13,train,0,1.1309911386984462e-11,0.0,0,Low,0.0,2395
CUST-000365,"Phillips, Wagner and Jordan",Strategic,Telecommunications,13497538.78,5180246.69,train,0,1.0711765958930464e-11,0.0,0,Low,0.0,2396
CUST-002412,Green-Romero,Strategic,Education,11894133.74,4993001.52,validation,0,1.056271610950048e-11,0.0,0,Low,0.0,2397
CUST-002343,"Garrison, Ryan and Miller",Strategic,Professional Services,7825685.41,4265642.81,validation,0,1.0145981381385572e-11,0.0,0,Low,0.0,2398
CUST-001275,"Robinson, White and Jones",Strategic,Healthcare,10195144.73,5272441.69,train,0,9.841976966818966e-12,0.0,0,Low,0.0,2399
CUST-001908,Johnson PLC,Enterprise,Energy,2382016.44,1733255.61,train,0,8.91709864889818e-12,0.0,0,Low,0.0,2400
CUST-002027,"Mann, Wade and Spence",Enterprise,Manufacturing,2359873.95,1424056.94,validation,0,8.536830741841456e-12,0.0,0,Low,0.0,2401
CUST-001872,Brown PLC,Strategic,Technology,14043558.45,5256338.03,train,0,7.681267519737411e-12,0.0,0,Low,0.0,2402
CUST-001344,Brown LLC,Enterprise,Technology,2597227.04,1538194.08,train,0,7.145820951832043e-12,0.0,0,Low,0.0,2403
CUST-002288,"Macdonald, Willis and Silva",Strategic,Energy,13611204.97,5190808.26,train,0,7.0976788768216386e-12,0.0,0,Low,0.0,2404
CUST-001038,Phillips LLC,Strategic,Professional Services,14959066.76,5717872.96,validation,0,6.612090982700778e-12,0.0,0,Low,0.0,2405
CUST-002127,Martinez-Massey,Mid-Market,Retail,663728.83,309682.57,train,0,6.505763065724437e-12,0.0,0,Low,0.0,2406
CUST-001199,Brown Ltd,Strategic,Energy,10743601.27,5229912.89,train,0,5.971551021294796e-12,0.0,0,Low,0.0,2407
CUST-001564,Owen-Brown,Strategic,Manufacturing,5307703.99,3383627.4,train,0,5.098577384353588e-12,0.0,0,Low,0.0,2408
CUST-001539,"Brown, Kelly and Moore",Strategic,Media,14638884.37,5808119.35,train,0,4.6063464150709165e-12,0.0,0,Low,0.0,2409
CUST-001018,Daugherty Ltd,Mid-Market,Media,339027.22,318902.12,train,0,4.512234669854334e-12,0.0,0,Low,0.0,2410
CUST-001093,Figueroa-Malone,Mid-Market,Energy,293709.69,334801.89,validation,0,4.407291502404032e-12,0.0,0,Low,0.0,2411
CUST-001428,"Goodman, Peterson and Spencer",Mid-Market,Transportation,338289.44,383777.0,train,0,4.386664204403879e-12,0.0,0,Low,0.0,2412
CUST-000475,Blake Group,Strategic,Transportation,11784052.39,5336799.61,train,0,4.376704676741369e-12,0.0,0,Low,0.0,2413
CUST-001242,"Valencia, Joseph and Walls",Mid-Market,Education,326184.38,334097.05,train,0,4.176491717537939e-12,0.0,0,Low,0.0,2414
CUST-000021,Gray-Mayo,Mid-Market,Manufacturing,313499.89,351750.32,validation,0,4.097604655942441e-12,0.0,0,Low,0.0,2415
CUST-000352,Guerrero Inc,Mid-Market,Retail,581086.08,355335.71,train,0,3.9338491974717865e-12,0.0,0,Low,0.0,2416
CUST-000553,May-Turner,Mid-Market,Transportation,479432.17,318825.67,test,0,3.894257922703732e-12,0.0,0,Low,0.0,2417
CUST-000435,"Kim, Gonzales and Mills",Enterprise,Manufacturing,2061590.12,1129110.31,train,0,3.832389652160166e-12,0.0,0,Low,0.0,2418
CUST-002203,Hahn-Ramsey,Mid-Market,Telecommunications,337260.28,351862.94,train,0,3.69679152251724e-12,0.0,0,Low,0.0,2419
CUST-001186,Smith and Sons,Mid-Market,Education,483209.19,367919.74,train,0,3.6800948664283865e-12,0.0,0,Low,0.0,2420
CUST-001776,"Stark, Rivera and Valencia",Mid-Market,Retail,293433.08,292929.66,validation,0,3.676622356612526e-12,0.0,0,Low,0.0,2421
CUST-001843,Smith-Rodriguez,Strategic,Technology,7457096.52,5135288.13,train,0,3.5881007629594694e-12,0.0,0,Low,0.0,2422
CUST-000628,Mcdowell-Smith,Mid-Market,Energy,263403.33,296807.04,train,0,3.4522952105451378e-12,0.0,0,Low,0.0,2423
CUST-002195,Lucas-Johnson,Mid-Market,Telecommunications,359021.49,337599.66,train,0,3.377468618918328e-12,0.0,0,Low,0.0,2424
CUST-000555,Evans-Jones,Enterprise,Education,2035843.14,1083793.58,train,0,2.9283769119010824e-12,0.0,0,Low,0.0,2425
CUST-000502,Paul-Kline,Mid-Market,Education,395422.32,404555.92,train,0,2.9251434068766684e-12,0.0,0,Low,0.0,2426
CUST-001223,Smith LLC,Mid-Market,Insurance,294607.7,334235.26,train,0,2.8897626920444866e-12,0.0,0,Low,0.0,2427
CUST-000556,Moore Group,Enterprise,Media,1488706.96,950368.29,test,0,2.786617944165809e-12,0.0,0,Low,0.0,2428
CUST-000865,Robertson-Ramirez,Mid-Market,Technology,453559.17,264134.9,train,0,2.715718894389422e-12,0.0,0,Low,0.0,2429
CUST-001036,Kramer-Lane,Enterprise,Banking,2854293.27,1452039.41,train,0,2.6785492716274692e-12,0.0,0,Low,0.0,2430
CUST-001387,"Smith, Pena and Watts",Enterprise,Professional Services,1211491.11,1355884.55,train,0,2.6649719257154607e-12,0.0,0,Low,0.0,2431
CUST-000389,Bennett Group,Enterprise,Professional Services,1174013.25,1136921.44,train,0,2.594755264724812e-12,0.0,0,Low,0.0,2432
CUST-002236,"Miller, Moore and Black",Enterprise,Technology,1387274.67,1292060.91,train,0,2.44963229521234e-12,0.0,0,Low,0.0,2433
CUST-001294,Miller Inc,Enterprise,Media,1369183.36,1266452.95,train,0,2.2469614740673664e-12,0.0,0,Low,0.0,2434
CUST-000637,Wilcox-Robertson,Enterprise,Transportation,1139243.61,1067902.75,train,0,2.209911739118469e-12,0.0,0,Low,0.0,2435
CUST-001268,"Palmer, Bennett and Patterson",Enterprise,Retail,1259071.33,1415747.48,train,0,1.9252040248942596e-12,0.0,0,Low,0.0,2436
CUST-001520,Miller-Christensen,Enterprise,Energy,1273745.93,1429562.67,train,0,1.9064083954061136e-12,0.0,0,Low,0.0,2437
CUST-002241,Richardson-Long,Enterprise,Professional Services,1395215.82,1452595.96,train,0,1.3274425251644683e-12,0.0,0,Low,0.0,2438
CUST-002266,"Mckinney, Pacheco and Smith",Enterprise,Insurance,1164404.43,1323026.4,train,0,1.2538366063810438e-12,0.0,0,Low,0.0,2439
CUST-000790,Fuentes Group,Strategic,Energy,9671234.58,5057498.8,validation,0,1.1828932941095708e-12,0.0,0,Low,0.0,2440
CUST-002012,Rojas-Smith,Enterprise,Transportation,1438390.57,1510027.46,train,0,1.1353530434240906e-12,0.0,0,Low,0.0,2441
CUST-000902,"Griffith, Mitchell and Pugh",Strategic,Technology,13883253.19,5786946.25,validation,0,8.323898132856448e-13,0.0,0,Low,0.0,2442
CUST-000226,Hernandez PLC,Enterprise,Energy,4183980.82,1588221.58,test,0,5.544845515262014e-13,0.0,0,Low,0.0,2443
CUST-001815,Proctor-Taylor,Strategic,Healthcare,11903302.43,4798519.3,train,0,5.446910546197978e-13,0.0,0,Low,0.0,2444
CUST-001528,Price-Ali,Strategic,Manufacturing,20057615.7,6537082.89,train,0,5.42300127943888e-13,0.0,0,Low,0.0,2445
CUST-000928,"Tanner, Wise and Johnson",Strategic,Media,8590992.16,5282358.19,train,0,5.23099091726068e-13,0.0,0,Low,0.0,2446
CUST-000191,Reed Group,Enterprise,Retail,2411931.75,1359930.42,train,0,4.5315497355039954e-13,0.0,0,Low,0.0,2447
CUST-001228,Bryant and Sons,Enterprise,Education,2066119.77,1064694.73,train,0,4.4524167297748225e-13,0.0,0,Low,0.0,2448
CUST-001915,"Hernandez, Riley and Buckley",Enterprise,Energy,3001976.29,1591555.92,test,0,3.12646572568606e-13,0.0,0,Low,0.0,2449
CUST-002277,Stewart Group,Enterprise,Manufacturing,1815712.37,1286075.23,test,0,3.107062998589135e-13,0.0,0,Low,0.0,2450
CUST-000363,"Hernandez, Martinez and Weber",Enterprise,Energy,2201977.01,1635218.58,train,0,2.9599655702952315e-13,0.0,0,Low,0.0,2451
CUST-000453,Harper and Sons,Strategic,Education,9843325.94,4849146.31,train,0,2.794100684965407e-13,0.0,0,Low,0.0,2452
CUST-000135,Mitchell-Jordan,Enterprise,Manufacturing,4172007.86,1919588.2,train,0,2.6881383060074004e-13,0.0,0,Low,0.0,2453
CUST-001357,"Campbell, Hernandez and Moore",Enterprise,Telecommunications,2472407.08,1451187.02,train,0,2.247193754245263e-13,0.0,0,Low,0.0,2454
CUST-002438,Bowers Group,Enterprise,Technology,2400595.46,1556920.76,train,0,2.1921801487537733e-13,0.0,0,Low,0.0,2455
CUST-001388,Ortiz-Rodriguez,Strategic,Telecommunications,13435719.04,6382471.51,train,0,1.5259865889114827e-13,0.0,0,Low,0.0,2456
CUST-001821,Lane Ltd,Strategic,Retail,4342001.42,4497881.56,train,0,1.5137557201719378e-13,0.0,0,Low,0.0,2457
CUST-002408,"Campbell, Davis and Arnold",Enterprise,Energy,3368679.63,1826555.55,validation,0,1.4045537414499821e-13,0.0,0,Low,0.0,2458
CUST-002066,George LLC,Strategic,Technology,7531819.19,4934400.49,test,0,1.3118406725455517e-13,0.0,0,Low,0.0,2459
CUST-002267,"Harvey, Turner and Foster",Enterprise,Media,1448209.22,1355991.04,train,0,1.1140424772298829e-13,0.0,0,Low,0.0,2460
CUST-001021,"Buchanan, Walker and Chapman",Strategic,Healthcare,14838486.95,6661872.68,validation,0,9.829625091294433e-14,0.0,0,Low,0.0,2461
CUST-001278,Rivera-Carter,Enterprise,Insurance,2754881.46,1520334.16,train,0,9.216289592553801e-14,0.0,0,Low,0.0,2462
CUST-002434,Rodriguez-Wood,Strategic,Insurance,13580511.74,6603782.44,test,0,8.170898846723981e-14,0.0,0,Low,0.0,2463
CUST-002030,Sullivan Group,Enterprise,Banking,1603521.96,1555648.2,train,0,7.220940938832177e-14,0.0,0,Low,0.0,2464
CUST-001176,Warner-Phillips,Enterprise,Retail,1390242.32,1527599.39,train,0,6.409866250136925e-14,0.0,0,Low,0.0,2465
CUST-000259,Gutierrez-Lopez,Enterprise,Retail,1463920.22,1537390.61,train,0,5.954885363665816e-14,0.0,0,Low,0.0,2466
CUST-000343,Lopez-Martinez,Enterprise,Professional Services,3347759.42,1996403.76,validation,0,5.6641956228096544e-14,0.0,0,Low,0.0,2467
CUST-002389,Soto-Sanchez,Enterprise,Technology,1619118.4,1676033.35,test,0,4.999156718518429e-14,0.0,0,Low,0.0,2468
CUST-000967,"Howard, Townsend and Hayes",Strategic,Education,10818163.16,6072499.44,train,0,4.849754240305937e-14,0.0,0,Low,0.0,2469
CUST-000667,"Stuart, Brooks and Vance",Enterprise,Media,1656833.37,1565649.16,train,0,4.319821042689693e-14,0.0,0,Low,0.0,2470
CUST-000271,"Thomas, Lee and Greene",Strategic,Professional Services,11347043.78,6310914.88,train,0,4.089084819045761e-14,0.0,0,Low,0.0,2471
CUST-000250,Ruiz Ltd,Strategic,Insurance,6173682.12,5486629.15,train,0,3.857935842773195e-14,0.0,0,Low,0.0,2472
CUST-000414,Cook and Sons,Strategic,Media,7014627.65,5063802.64,validation,0,2.326957725747676e-14,0.0,0,Low,0.0,2473
CUST-001704,"Lane, Morrison and Rivera",Strategic,Transportation,14568673.55,8051829.43,train,0,1.4074167836995698e-14,0.0,0,Low,0.0,2474
CUST-000804,Barton-Chapman,Strategic,Insurance,6629437.95,6774099.09,train,0,6.5795512024884664e-15,0.0,0,Low,0.0,2475
CUST-002370,Howard LLC,Enterprise,Insurance,1901525.2,1398517.93,test,0,2.813359569071032e-15,0.0,0,Low,0.0,2476
CUST-002071,Howard Inc,Strategic,Retail,5040276.1,5621729.13,train,0,2.4907341654825444e-15,0.0,0,Low,0.0,2477
CUST-001840,Washington-Martinez,Strategic,Energy,11444051.24,6173744.63,train,0,1.884097528829481e-15,0.0,0,Low,0.0,2478
CUST-000187,Sanders-Espinoza,Enterprise,Professional Services,1905543.48,1802578.37,validation,0,1.851792946156778e-15,0.0,0,Low,0.0,2479
CUST-001710,Richardson-Gray,Enterprise,Healthcare,1808551.65,1918479.77,test,0,1.5942312877308568e-15,0.0,0,Low,0.0,2480
CUST-000393,Webster Inc,Strategic,Retail,5517106.42,5793608.01,train,0,1.4794973243417003e-15,0.0,0,Low,0.0,2481
CUST-001524,Clayton-Martinez,Enterprise,Energy,1725136.7,1785992.84,train,0,1.3664414006597202e-15,0.0,0,Low,0.0,2482
CUST-002087,Mclean Group,Strategic,Insurance,13810215.46,6972883.1,validation,0,1.2022407857697332e-15,0.0,0,Low,0.0,2483
CUST-002331,Clark Inc,Strategic,Telecommunications,13023325.77,6700202.23,train,0,1.1894140827889974e-15,0.0,0,Low,0.0,2484
CUST-000392,Ware and Sons,Strategic,Insurance,13397155.73,6973987.19,train,0,1.043542989975887e-15,0.0,0,Low,0.0,2485
CUST-001179,"Davis, Rodriguez and Andrews",Enterprise,Education,1823278.39,2052245.36,validation,0,1.0341404428783408e-15,0.0,0,Low,0.0,2486
CUST-002450,Fitzgerald-Brewer,Strategic,Retail,11320687.63,6852774.11,test,0,9.13520574882204e-16,0.0,0,Low,0.0,2487
CUST-000257,Cordova Group,Strategic,Energy,15006939.44,7966867.04,validation,0,6.849088869769052e-16,0.0,0,Low,0.0,2488
CUST-000034,Frazier Inc,Strategic,Education,10358351.97,6978732.87,validation,0,2.6546924545370644e-16,0.0,0,Low,0.0,2489
CUST-002205,"Mason, Martinez and Beck",Strategic,Telecommunications,6449212.14,6692246.37,train,0,8.463032109348124e-17,0.0,0,Low,0.0,2490
CUST-000977,Anderson Group,Strategic,Insurance,6662474.11,7543610.95,train,0,2.0345087385722913e-17,0.0,0,Low,0.0,2491
CUST-001607,Foster-Duncan,Strategic,Telecommunications,6772482.63,6400238.1,train,0,9.23079089261766e-18,0.0,0,Low,0.0,2492
CUST-001983,"Silva, Bray and Ford",Strategic,Telecommunications,7922676.45,8967926.95,train,0,7.945654440924944e-18,0.0,0,Low,0.0,2493
CUST-002070,"Brown, Flores and Johns",Strategic,Education,12519099.55,8542315.84,train,0,2.907107109956756e-18,0.0,0,Low,0.0,2494
CUST-000285,Garcia-Lozano,Strategic,Education,6604382.7,7472877.67,train,0,1.6892382093721092e-18,0.0,0,Low,0.0,2495
CUST-000330,Herman-Walker,Strategic,Insurance,11930501.46,9554819.7,validation,0,1.5003825169637387e-18,0.0,0,Low,0.0,2496
CUST-001853,May Inc,Strategic,Energy,8999221.36,8503725.48,train,0,1.3166911895442695e-18,0.0,0,Low,0.0,2497
CUST-001045,Rivera and Sons,Strategic,Banking,8617933.67,8694270.67,validation,0,6.769144511766834e-19,0.0,0,Low,0.0,2498
CUST-001426,Black-Smith,Strategic,Manufacturing,9121717.26,8553097.85,train,0,8.845009346385265e-20,0.0,0,Low,0.0,2499
CUST-000675,Hill Ltd,Strategic,Banking,10232912.2,9740743.8,test,0,2.0663646898667746e-20,0.0,0,Low,0.0,2500
