customer_id,customer_name,customer_segment,industry,contract_value_in_force_at_cutoff,dataset_split,churn_target,future_subscription_state,churn_probability,churn_probability_pct,churn_prediction,risk_band,risk_rank,observation_cutoff,prediction_end
CUST-002285,Martinez Inc,SMB,Retail,9636.38,train,0,Retained,0.9811326804203709,98.11,1,Critical,1,2024-12-31,2025-12-31
CUST-001753,Collins Inc,SMB,Retail,18016.63,train,1,Churned,0.9793440793499482,97.93,1,Critical,2,2024-12-31,2025-12-31
CUST-002018,Mccormick and Sons,SMB,Retail,7345.9,train,0,Retained,0.9699737510487652,97.0,1,Critical,3,2024-12-31,2025-12-31
CUST-000028,"Hoffman, Baker and Richards",SMB,Education,11813.22,test,0,Retained,0.9663347713083562,96.63,1,Critical,4,2024-12-31,2025-12-31
CUST-001521,Brown Group,SMB,Retail,12629.48,train,1,Churned,0.9628537941033962,96.29,1,Critical,5,2024-12-31,2025-12-31
CUST-001302,Reilly-Rodriguez,SMB,Media,15365.84,test,0,Retained,0.9620404485791136,96.2,1,Critical,6,2024-12-31,2025-12-31
CUST-000756,Bowers-Hayes,SMB,Retail,16312.25,test,0,Retained,0.9617391276730097,96.17,1,Critical,7,2024-12-31,2025-12-31
CUST-000816,Lopez Ltd,SMB,Retail,9783.08,train,0,Retained,0.9594717910348364,95.95,1,Critical,8,2024-12-31,2025-12-31
CUST-000862,Burns-Ray,SMB,Transportation,25057.18,validation,0,Retained,0.958858232522515,95.89,1,Critical,9,2024-12-31,2025-12-31
CUST-000740,Miller Group,SMB,Retail,17156.25,train,0,Retained,0.9552015319742801,95.52,1,Critical,10,2024-12-31,2025-12-31
CUST-000544,Donovan-Perez,SMB,Transportation,14102.92,train,0,Retained,0.9531639702511547,95.32,1,Critical,11,2024-12-31,2025-12-31
CUST-000150,"Schmidt, Hansen and Stewart",SMB,Insurance,17537.9,train,1,Churned,0.9523567714291653,95.24,1,Critical,12,2024-12-31,2025-12-31
CUST-002168,"Morgan, Mendez and Cox",SMB,Retail,13205.26,validation,1,Churned,0.9502501780422563,95.03,1,Critical,13,2024-12-31,2025-12-31
CUST-000215,"Washington, Hardy and Bray",SMB,Retail,31304.77,train,0,Retained,0.9490654817593734,94.91,1,Critical,14,2024-12-31,2025-12-31
CUST-001430,Shannon LLC,SMB,Healthcare,12345.27,train,1,Churned,0.9466367299114365,94.66,1,Critical,15,2024-12-31,2025-12-31
CUST-002198,"Thompson, Phelps and Stuart",SMB,Retail,14970.47,train,0,Retained,0.9464430630138575,94.64,1,Critical,16,2024-12-31,2025-12-31
CUST-001814,"Smith, Griffith and Tucker",SMB,Banking,17949.6,train,0,Retained,0.9452929128400309,94.53,1,Critical,17,2024-12-31,2025-12-31
CUST-002223,Smith-Yu,SMB,Energy,18083.8,test,1,Churned,0.9428441010675623,94.28,1,Critical,18,2024-12-31,2025-12-31
CUST-001984,Sawyer Group,SMB,Retail,6755.38,train,0,Retained,0.9417179147071109,94.17,1,Critical,19,2024-12-31,2025-12-31
CUST-002173,Weber Inc,SMB,Manufacturing,10669.93,test,0,Retained,0.939965948549573,94.0,1,Critical,20,2024-12-31,2025-12-31
CUST-000300,Harvey-Allen,SMB,Media,7137.96,train,1,Churned,0.939190045691741,93.92,1,Critical,21,2024-12-31,2025-12-31
CUST-001468,"Ryan, Krause and Mitchell",SMB,Healthcare,11760.17,train,0,Retained,0.9374675422910769,93.75,1,Critical,22,2024-12-31,2025-12-31
CUST-001560,"Burns, Hanson and Garza",SMB,Insurance,8609.86,train,0,Retained,0.9355952756084214,93.56,1,Critical,23,2024-12-31,2025-12-31
CUST-000534,Mcdonald-Bird,SMB,Insurance,16303.49,test,0,Retained,0.9348905713931884,93.49,1,Critical,24,2024-12-31,2025-12-31
CUST-002470,Scott-David,SMB,Retail,39462.1,train,0,Retained,0.9324460680701867,93.24,1,Critical,25,2024-12-31,2025-12-31
CUST-000656,Wilson-Harris,SMB,Transportation,13661.57,validation,1,Churned,0.9311492843812916,93.11,1,Critical,26,2024-12-31,2025-12-31
CUST-002230,Holloway Ltd,SMB,Banking,13670.9,validation,0,Retained,0.9267370263137464,92.67,1,Critical,27,2024-12-31,2025-12-31
CUST-000686,"Boyd, Gutierrez and Hill",SMB,Retail,8088.38,validation,0,Retained,0.9263884506385075,92.64,1,Critical,28,2024-12-31,2025-12-31
CUST-001349,Davenport-Baker,SMB,Media,10958.79,train,0,Retained,0.9253113655105397,92.53,1,Critical,29,2024-12-31,2025-12-31
CUST-002098,Williams-Turner,SMB,Energy,10131.45,train,0,Retained,0.9239484636780901,92.39,1,Critical,30,2024-12-31,2025-12-31
CUST-001683,"Huang, Khan and Davis",SMB,Transportation,11539.9,validation,1,Churned,0.9235205438023526,92.35,1,Critical,31,2024-12-31,2025-12-31
CUST-000229,Rowe Group,SMB,Transportation,7400.8,train,1,Churned,0.9234509991308443,92.35,1,Critical,32,2024-12-31,2025-12-31
CUST-002063,"Kennedy, Valdez and Stafford",SMB,Technology,11933.53,train,0,Retained,0.9232026998058795,92.32,1,Critical,33,2024-12-31,2025-12-31
CUST-001345,Williams and Sons,SMB,Retail,9441.29,train,1,Churned,0.9212405847494728,92.12,1,Critical,34,2024-12-31,2025-12-31
CUST-001437,Austin-Duran,SMB,Manufacturing,25468.03,train,0,Retained,0.9209678654751514,92.1,1,Critical,35,2024-12-31,2025-12-31
CUST-000265,Tran Inc,SMB,Media,9502.91,train,0,Retained,0.9174392565447914,91.74,1,Critical,36,2024-12-31,2025-12-31
CUST-000006,"Gardner, Robinson and Lawrence",SMB,Insurance,18400.98,train,0,Retained,0.9138654632908315,91.39,1,Critical,37,2024-12-31,2025-12-31
CUST-001716,"Rice, Miller and Ramsey",SMB,Manufacturing,7440.69,train,1,Churned,0.9123242832174823,91.23,1,Critical,38,2024-12-31,2025-12-31
CUST-000202,White-Lewis,SMB,Transportation,15449.13,train,1,Churned,0.9121628809103467,91.22,1,Critical,39,2024-12-31,2025-12-31
CUST-000916,"Herrera, Jensen and Ramirez",SMB,Retail,14422.53,train,0,Retained,0.9112298011901887,91.12,1,Critical,40,2024-12-31,2025-12-31
CUST-002013,Brown and Sons,SMB,Media,16169.08,train,1,Churned,0.9105708478055543,91.06,1,Critical,41,2024-12-31,2025-12-31
CUST-000911,Best-Townsend,SMB,Transportation,8597.16,train,0,Retained,0.9089261897648016,90.89,1,Critical,42,2024-12-31,2025-12-31
CUST-000690,"Flores, Butler and Hernandez",SMB,Retail,19345.33,train,0,Retained,0.9088808134314759,90.89,1,Critical,43,2024-12-31,2025-12-31
CUST-000567,"Owens, Koch and Jimenez",SMB,Retail,16761.98,train,0,Retained,0.9069121349947491,90.69,1,Critical,44,2024-12-31,2025-12-31
CUST-001509,White LLC,SMB,Healthcare,21203.94,train,1,Churned,0.9041199806983001,90.41,1,Critical,45,2024-12-31,2025-12-31
CUST-000813,"Marsh, Spears and Yang",SMB,Transportation,19665.1,train,1,Churned,0.9038429143487237,90.38,1,Critical,46,2024-12-31,2025-12-31
CUST-001852,"Jackson, Lane and Wilkinson",SMB,Insurance,12839.56,train,0,Retained,0.9025230310141584,90.25,1,Critical,47,2024-12-31,2025-12-31
CUST-000496,Carter Inc,SMB,Manufacturing,10146.34,validation,1,Churned,0.902338641978425,90.23,1,Critical,48,2024-12-31,2025-12-31
CUST-001261,"Edwards, Arnold and Smith",SMB,Manufacturing,17290.53,train,0,Retained,0.9022700875109412,90.23,1,Critical,49,2024-12-31,2025-12-31
CUST-000253,Bailey-Cook,SMB,Media,28845.86,train,0,Retained,0.9019271470638653,90.19,1,Critical,50,2024-12-31,2025-12-31
CUST-002304,Allen Group,SMB,Retail,20751.37,train,1,Churned,0.9018255426568756,90.18,1,Critical,51,2024-12-31,2025-12-31
CUST-000083,Donovan-Harris,SMB,Media,11351.26,validation,0,Retained,0.9009753883186304,90.1,1,Critical,52,2024-12-31,2025-12-31
CUST-002498,"Woodard, Warner and Farmer",SMB,Transportation,31084.57,train,0,Retained,0.900176278540838,90.02,1,Critical,53,2024-12-31,2025-12-31
CUST-001844,Kent Ltd,SMB,Transportation,29764.95,train,0,Retained,0.8992389322505913,89.92,1,Critical,54,2024-12-31,2025-12-31
CUST-002169,Harris-Reid,SMB,Banking,8681.17,train,0,Retained,0.8980060992955631,89.8,1,Critical,55,2024-12-31,2025-12-31
CUST-000838,"Wagner, Simpson and Cohen",Mid-Market,Healthcare,161099.83,train,1,Churned,0.8953272395440605,89.53,1,Critical,56,2024-12-31,2025-12-31
CUST-002108,Knapp Ltd,SMB,Technology,25994.96,train,0,Retained,0.8933705418162611,89.34,1,Critical,57,2024-12-31,2025-12-31
CUST-002462,Johnson-Rice,SMB,Retail,6932.33,test,0,Retained,0.8927813048486464,89.28,1,Critical,58,2024-12-31,2025-12-31
CUST-002046,Baldwin Group,SMB,Insurance,18830.67,train,0,Retained,0.8913578305792423,89.14,1,Critical,59,2024-12-31,2025-12-31
CUST-000898,Goodwin PLC,SMB,Media,14425.62,train,0,Retained,0.8909892643867756,89.1,1,Critical,60,2024-12-31,2025-12-31
CUST-000899,"Cruz, Richmond and Edwards",SMB,Media,13857.67,train,0,Retained,0.8905866221855917,89.06,1,Critical,61,2024-12-31,2025-12-31
CUST-001449,Ruiz-Austin,SMB,Transportation,9897.26,train,1,Churned,0.889251569292007,88.93,1,Critical,62,2024-12-31,2025-12-31
CUST-002449,Weaver-Rubio,SMB,Retail,18874.02,validation,0,Retained,0.8889983255933925,88.9,1,Critical,63,2024-12-31,2025-12-31
CUST-000189,Garcia LLC,SMB,Retail,8165.65,validation,0,Retained,0.8880953112395426,88.81,1,Critical,64,2024-12-31,2025-12-31
CUST-002209,Shaffer-Manning,SMB,Media,12143.62,validation,0,Retained,0.8879572734527582,88.8,1,Critical,65,2024-12-31,2025-12-31
CUST-001505,"Price, Gray and Baker",SMB,Manufacturing,16377.51,validation,0,Retained,0.8871436391426729,88.71,1,Critical,66,2024-12-31,2025-12-31
CUST-002148,Freeman-Rodriguez,Mid-Market,Retail,47592.22,train,1,Churned,0.8868005521480883,88.68,1,Critical,67,2024-12-31,2025-12-31
CUST-002275,Austin-Juarez,SMB,Banking,25976.12,validation,0,Retained,0.8861900724590848,88.62,1,Critical,68,2024-12-31,2025-12-31
CUST-001604,Baker-Ross,SMB,Retail,14484.83,train,0,Retained,0.8855627677313849,88.56,1,Critical,69,2024-12-31,2025-12-31
CUST-000706,"Morris, Campbell and Owens",SMB,Retail,14138.58,train,0,Retained,0.8828615129804515,88.29,1,Critical,70,2024-12-31,2025-12-31
CUST-001391,"Sanders, Harris and Arnold",SMB,Transportation,40925.55,train,0,Retained,0.8825688858416844,88.26,1,Critical,71,2024-12-31,2025-12-31
CUST-002375,"Adams, Hernandez and Vaughn",SMB,Insurance,8650.28,validation,1,Churned,0.8784635359244535,87.85,1,Critical,72,2024-12-31,2025-12-31
CUST-002480,Patton and Sons,Mid-Market,Retail,163208.22,train,1,Churned,0.8760647274431308,87.61,1,Critical,73,2024-12-31,2025-12-31
CUST-000406,Atkins PLC,SMB,Insurance,20914.54,train,1,Churned,0.8753928755257805,87.54,1,Critical,74,2024-12-31,2025-12-31
CUST-000582,"Barry, Taylor and Velazquez",SMB,Transportation,18389.77,train,0,Retained,0.8752230240203013,87.52,1,Critical,75,2024-12-31,2025-12-31
CUST-002334,Smith Ltd,SMB,Banking,15906.11,train,1,Churned,0.8747394576853399,87.47,1,Critical,76,2024-12-31,2025-12-31
CUST-001284,"Campbell, Pruitt and Short",SMB,Transportation,20206.08,train,1,Churned,0.8743266397835228,87.43,1,Critical,77,2024-12-31,2025-12-31
CUST-001963,"Carroll, Ramirez and Rodriguez",SMB,Education,11322.38,train,0,Retained,0.8717360242060651,87.17,1,Critical,78,2024-12-31,2025-12-31
CUST-001499,Cooper Group,SMB,Transportation,16645.16,train,0,Retained,0.8698208924748534,86.98,1,Critical,79,2024-12-31,2025-12-31
CUST-001867,"Kaiser, Edwards and Smith",Mid-Market,Retail,85905.21,validation,0,Retained,0.8681847555787241,86.82,1,Critical,80,2024-12-31,2025-12-31
CUST-000037,Smith-Bowen,SMB,Insurance,7507.64,test,1,Churned,0.8677885800323052,86.78,1,Critical,81,2024-12-31,2025-12-31
CUST-001688,"Salazar, Moore and Pierce",SMB,Media,7618.05,train,0,Retained,0.8677803185133285,86.78,1,Critical,82,2024-12-31,2025-12-31
CUST-002149,"Henry, Spencer and Ryan",SMB,Healthcare,19303.17,train,0,Retained,0.8660929664579973,86.61,1,Critical,83,2024-12-31,2025-12-31
CUST-001659,Miller-Chan,SMB,Manufacturing,15997.56,test,0,Retained,0.8660629268742672,86.61,1,Critical,84,2024-12-31,2025-12-31
CUST-002330,"Cole, Morton and Peterson",SMB,Banking,30920.58,validation,0,Retained,0.8635412918150243,86.35,1,Critical,85,2024-12-31,2025-12-31
CUST-001281,"Austin, Oliver and Haley",SMB,Professional Services,11314.61,train,0,Retained,0.863419618146439,86.34,1,Critical,86,2024-12-31,2025-12-31
CUST-001549,Weaver-Gibson,SMB,Retail,29677.26,train,0,Retained,0.8632483058720061,86.32,1,Critical,87,2024-12-31,2025-12-31
CUST-001478,Adkins-Meyer,SMB,Insurance,28717.72,train,0,Retained,0.8625971765124669,86.26,1,Critical,88,2024-12-31,2025-12-31
CUST-000320,"Shaw, Nelson and Martin",SMB,Transportation,20545.17,train,1,Churned,0.8622643411334447,86.23,1,Critical,89,2024-12-31,2025-12-31
CUST-001485,Garcia PLC,SMB,Banking,14875.77,test,0,Retained,0.8602166672493788,86.02,1,Critical,90,2024-12-31,2025-12-31
CUST-001243,"Robinson, Clark and Klein",SMB,Media,7671.51,train,1,Churned,0.8601075194563871,86.01,1,Critical,91,2024-12-31,2025-12-31
CUST-001203,"Davis, Stanley and Wright",SMB,Technology,27265.31,train,0,Retained,0.8589902382824158,85.9,1,Critical,92,2024-12-31,2025-12-31
CUST-001445,Bryant Inc,SMB,Banking,38924.11,train,0,Retained,0.8580701113784622,85.81,1,Critical,93,2024-12-31,2025-12-31
CUST-000026,Wilkerson-Day,Mid-Market,Banking,47581.51,test,0,Retained,0.8572663017208597,85.73,1,Critical,94,2024-12-31,2025-12-31
CUST-001536,Barker-Moore,SMB,Manufacturing,9704.22,train,0,Retained,0.8564786525696989,85.65,1,Critical,95,2024-12-31,2025-12-31
CUST-000539,Owens-Holmes,SMB,Banking,12735.63,train,0,Retained,0.8562009791612767,85.62,1,Critical,96,2024-12-31,2025-12-31
CUST-000013,Arnold Ltd,SMB,Retail,12075.6,train,0,Retained,0.8560370182153877,85.6,1,Critical,97,2024-12-31,2025-12-31
CUST-001424,Reyes and Sons,SMB,Media,25358.4,validation,0,Retained,0.8560024038705701,85.6,1,Critical,98,2024-12-31,2025-12-31
CUST-002364,"Delgado, Ward and Kennedy",SMB,Transportation,16708.29,train,1,Churned,0.8540372202163689,85.4,1,Critical,99,2024-12-31,2025-12-31
CUST-001389,Pearson-King,SMB,Retail,18866.06,train,0,Retained,0.8536106135476619,85.36,1,Critical,100,2024-12-31,2025-12-31
CUST-001492,Dunn-Taylor,SMB,Insurance,7010.78,train,1,Churned,0.8534485849657191,85.34,1,Critical,101,2024-12-31,2025-12-31
CUST-002271,Anderson-Stewart,SMB,Healthcare,7911.48,test,0,Retained,0.8525273971991499,85.25,1,Critical,102,2024-12-31,2025-12-31
CUST-000407,Berry-Mckinney,SMB,Retail,15732.1,train,0,Retained,0.8508703601198898,85.09,1,Critical,103,2024-12-31,2025-12-31
CUST-002395,Hamilton Group,SMB,Energy,7600.09,test,0,Retained,0.849140325411958,84.91,1,Critical,104,2024-12-31,2025-12-31
CUST-000526,Hayes Ltd,SMB,Manufacturing,20870.87,train,0,Retained,0.8478615394888024,84.79,1,Critical,105,2024-12-31,2025-12-31
CUST-000772,"James, Taylor and Turner",SMB,Energy,13275.56,test,0,Retained,0.8467948804914283,84.68,1,Critical,106,2024-12-31,2025-12-31
CUST-000632,"Mcdonald, Lee and Rodriguez",SMB,Banking,12319.71,train,1,Churned,0.8467922117311926,84.68,1,Critical,107,2024-12-31,2025-12-31
CUST-001637,Garrett-Young,SMB,Professional Services,8194.91,train,0,Retained,0.8466809496100082,84.67,1,Critical,108,2024-12-31,2025-12-31
CUST-000577,"Becker, Wilson and Hester",SMB,Technology,6770.22,train,0,Retained,0.8452406379018373,84.52,1,Critical,109,2024-12-31,2025-12-31
CUST-000276,"Burns, Hernandez and Ryan",SMB,Energy,32881.52,train,0,Retained,0.8450193497951719,84.5,1,Critical,110,2024-12-31,2025-12-31
CUST-001031,Baker and Sons,SMB,Transportation,19408.22,train,1,Churned,0.8429062694172419,84.29,1,Critical,111,2024-12-31,2025-12-31
CUST-000470,Hughes Inc,SMB,Manufacturing,20317.45,train,0,Retained,0.8427506899101288,84.28,1,Critical,112,2024-12-31,2025-12-31
CUST-001533,Smith-Bauer,SMB,Transportation,18581.51,test,1,Churned,0.8411454496882034,84.11,1,Critical,113,2024-12-31,2025-12-31
CUST-002024,"Conway, Bauer and Martin",SMB,Energy,37814.51,validation,0,Retained,0.8411288017863023,84.11,1,Critical,114,2024-12-31,2025-12-31
CUST-001839,Lamb-Weber,SMB,Technology,15480.86,train,0,Retained,0.8408374529506141,84.08,1,Critical,115,2024-12-31,2025-12-31
CUST-001459,"Holmes, Le and Floyd",SMB,Healthcare,23932.31,train,1,Churned,0.840633034274301,84.06,1,Critical,116,2024-12-31,2025-12-31
CUST-001516,Hall and Sons,SMB,Healthcare,17883.81,train,1,Churned,0.8393424727797247,83.93,1,Critical,117,2024-12-31,2025-12-31
CUST-002396,Keller Ltd,SMB,Banking,12937.16,test,1,Churned,0.8387764032671663,83.88,1,Critical,118,2024-12-31,2025-12-31
CUST-000085,"Evans, Stewart and Walton",SMB,Transportation,20146.15,train,0,Retained,0.838056807191382,83.81,1,Critical,119,2024-12-31,2025-12-31
CUST-001135,Green-Carter,SMB,Healthcare,10005.62,train,0,Retained,0.8370827351878648,83.71,1,Critical,120,2024-12-31,2025-12-31
CUST-001681,"Payne, Long and Morris",SMB,Manufacturing,35510.53,train,0,Retained,0.8358066744329288,83.58,1,Critical,121,2024-12-31,2025-12-31
CUST-001253,Vega-Thomas,Mid-Market,Media,132617.03,train,1,Churned,0.8351232293019791,83.51,1,Critical,122,2024-12-31,2025-12-31
CUST-002085,"Arnold, Avila and Wilson",SMB,Energy,6753.64,test,0,Retained,0.8337947335298516,83.38,1,Critical,123,2024-12-31,2025-12-31
CUST-002055,Jones-Choi,Mid-Market,Retail,80078.94,train,0,Retained,0.8305472456467173,83.05,1,Critical,124,2024-12-31,2025-12-31
CUST-000532,Conner and Sons,SMB,Education,18783.67,train,0,Retained,0.8296188332475657,82.96,1,Critical,125,2024-12-31,2025-12-31
CUST-000618,Love-Garcia,SMB,Retail,28207.86,train,0,Retained,0.8267821710421888,82.68,1,Critical,126,2024-12-31,2025-12-31
CUST-001259,"Roberts, Beck and House",SMB,Retail,18396.38,train,0,Retained,0.8261506756343244,82.62,1,Critical,127,2024-12-31,2025-12-31
CUST-001685,Higgins Inc,Mid-Market,Media,46181.29,validation,0,Retained,0.8243604191980558,82.44,1,Critical,128,2024-12-31,2025-12-31
CUST-000880,Pena LLC,SMB,Retail,46550.64,train,0,Retained,0.824008765597435,82.4,1,Critical,129,2024-12-31,2025-12-31
CUST-001623,Payne LLC,SMB,Professional Services,31039.59,train,0,Retained,0.8235858087449249,82.36,1,Critical,130,2024-12-31,2025-12-31
CUST-000071,Gray Group,SMB,Energy,20625.57,train,0,Retained,0.8219973131030961,82.2,1,Critical,131,2024-12-31,2025-12-31
CUST-000904,Harris-Lawson,SMB,Banking,18377.05,train,0,Retained,0.8215390486556651,82.15,1,Critical,132,2024-12-31,2025-12-31
CUST-001660,Shaw PLC,SMB,Transportation,37375.47,test,0,Retained,0.8215005193310593,82.15,1,Critical,133,2024-12-31,2025-12-31
CUST-000256,"Johnson, Miller and King",SMB,Retail,24903.44,train,0,Retained,0.8208062764263034,82.08,1,Critical,134,2024-12-31,2025-12-31
CUST-001421,Carrillo-Todd,SMB,Banking,35400.78,train,0,Retained,0.8203265366903483,82.03,1,Critical,135,2024-12-31,2025-12-31
CUST-002308,Martinez Group,SMB,Manufacturing,18356.06,train,0,Retained,0.818289146078265,81.83,1,Critical,136,2024-12-31,2025-12-31
CUST-001109,"Ortiz, Smith and Deleon",SMB,Manufacturing,8949.97,test,0,Retained,0.8178528598721495,81.79,1,Critical,137,2024-12-31,2025-12-31
CUST-001706,Martin LLC,SMB,Retail,47311.02,train,0,Retained,0.8170522466438955,81.71,1,Critical,138,2024-12-31,2025-12-31
CUST-001480,Martinez and Sons,SMB,Retail,30178.18,test,1,Churned,0.8165716319957597,81.66,1,Critical,139,2024-12-31,2025-12-31
CUST-001059,Elliott-Hernandez,SMB,Professional Services,7143.73,train,0,Retained,0.8163510643810912,81.64,1,Critical,140,2024-12-31,2025-12-31
CUST-001332,Hess PLC,SMB,Technology,20498.24,validation,0,Retained,0.8161159726458159,81.61,1,Critical,141,2024-12-31,2025-12-31
CUST-002456,Shaw-Smith,Mid-Market,Banking,37671.62,test,0,Retained,0.814658096807837,81.47,1,Critical,142,2024-12-31,2025-12-31
CUST-000630,Hays-Daniels,SMB,Healthcare,13781.43,train,0,Retained,0.8143240502095643,81.43,1,Critical,143,2024-12-31,2025-12-31
CUST-002176,Simmons-Reed,SMB,Insurance,16922.55,test,0,Retained,0.8102917367542308,81.03,1,Critical,144,2024-12-31,2025-12-31
CUST-000297,Howard-Jordan,SMB,Education,8656.15,train,0,Retained,0.8099880501478307,81.0,1,Critical,145,2024-12-31,2025-12-31
CUST-001435,"Kelly, Maxwell and Wilson",SMB,Telecommunications,14996.17,train,0,Retained,0.8097351419979227,80.97,1,Critical,146,2024-12-31,2025-12-31
CUST-001878,King Group,SMB,Transportation,14331.6,train,0,Retained,0.8068056870196388,80.68,1,Critical,147,2024-12-31,2025-12-31
CUST-000418,Thomas and Sons,SMB,Healthcare,9949.86,train,0,Retained,0.8054743175382159,80.55,1,Critical,148,2024-12-31,2025-12-31
CUST-000809,Mueller-Boyd,SMB,Energy,7951.45,train,1,Churned,0.8046201362834317,80.46,1,Critical,149,2024-12-31,2025-12-31
CUST-001553,Warren Group,Mid-Market,Media,51397.89,validation,0,Retained,0.8040780886033972,80.41,1,Critical,150,2024-12-31,2025-12-31
CUST-002428,Dennis-Butler,SMB,Transportation,9880.45,train,1,Churned,0.8036681069761773,80.37,1,Critical,151,2024-12-31,2025-12-31
CUST-001209,Rivera LLC,SMB,Media,29747.52,test,0,Retained,0.8006242764004826,80.06,1,Critical,152,2024-12-31,2025-12-31
CUST-001418,"Jones, Phillips and Arroyo",Mid-Market,Transportation,224048.48,test,0,Retained,0.799688790964728,79.97,1,Critical,153,2024-12-31,2025-12-31
CUST-001654,"Peck, Shannon and Mahoney",SMB,Media,22146.93,test,1,Churned,0.7991642488370849,79.92,1,Critical,154,2024-12-31,2025-12-31
CUST-000890,"Shaffer, Garcia and Richardson",SMB,Education,29283.32,train,0,Retained,0.7983018812573084,79.83,1,Critical,155,2024-12-31,2025-12-31
CUST-000888,Mcneil Group,SMB,Banking,34044.65,train,0,Retained,0.7977559288048148,79.78,1,Critical,156,2024-12-31,2025-12-31
CUST-001708,"Thompson, Gibson and Riley",SMB,Retail,56970.62,train,0,Retained,0.7966118049815651,79.66,1,Critical,157,2024-12-31,2025-12-31
CUST-000161,Brown-Wall,SMB,Manufacturing,25457.18,train,1,Churned,0.7961964666781814,79.62,1,Critical,158,2024-12-31,2025-12-31
CUST-001502,Harper-Robles,SMB,Media,8937.62,validation,0,Retained,0.7958591854736986,79.59,1,Critical,159,2024-12-31,2025-12-31
CUST-001201,"Saunders, Ray and Cunningham",Mid-Market,Media,32013.0,train,0,Retained,0.7958116312821363,79.58,1,Critical,160,2024-12-31,2025-12-31
CUST-000268,Jimenez Ltd,Mid-Market,Retail,83144.43,train,0,Retained,0.7957994810357265,79.58,1,Critical,161,2024-12-31,2025-12-31
CUST-002156,"Peterson, Davis and Reed",SMB,Transportation,33551.11,train,0,Retained,0.7956894051510945,79.57,1,Critical,162,2024-12-31,2025-12-31
CUST-000947,Vargas-Snyder,SMB,Energy,14085.37,train,0,Retained,0.7927262703012291,79.27,1,Critical,163,2024-12-31,2025-12-31
CUST-001039,Lynn-Jones,Mid-Market,Healthcare,76340.49,train,0,Retained,0.7922166171930425,79.22,1,Critical,164,2024-12-31,2025-12-31
CUST-000167,"Hurst, Freeman and Nelson",SMB,Media,33501.89,train,0,Retained,0.7909298014621409,79.09,1,Critical,165,2024-12-31,2025-12-31
CUST-001537,Wright Group,SMB,Education,17547.53,train,0,Retained,0.7899570143073035,79.0,1,Critical,166,2024-12-31,2025-12-31
CUST-000497,Blackwell LLC,SMB,Professional Services,12692.65,validation,0,Retained,0.7899383267191061,78.99,1,Critical,167,2024-12-31,2025-12-31
CUST-001593,Deleon LLC,SMB,Technology,35218.67,train,0,Retained,0.7894063368053104,78.94,1,Critical,168,2024-12-31,2025-12-31
CUST-001077,"Matthews, Harrington and Rodriguez",SMB,Manufacturing,11920.59,validation,0,Retained,0.7884913218966724,78.85,1,Critical,169,2024-12-31,2025-12-31
CUST-002069,"Quinn, Smith and Green",SMB,Media,6687.58,train,0,Retained,0.7877919284463061,78.78,1,Critical,170,2024-12-31,2025-12-31
CUST-001828,Marshall-Miller,Mid-Market,Media,79381.34,train,0,Retained,0.787671249392356,78.77,1,Critical,171,2024-12-31,2025-12-31
CUST-001366,"Nicholson, Valentine and Robinson",SMB,Retail,14379.46,train,0,Retained,0.7873205583716647,78.73,1,Critical,172,2024-12-31,2025-12-31
CUST-002486,"James, Bell and Chen",SMB,Transportation,39111.8,train,0,Retained,0.7871091448856232,78.71,1,Critical,173,2024-12-31,2025-12-31
CUST-000402,Thompson-James,SMB,Transportation,16717.7,train,0,Retained,0.7863613015513721,78.64,1,Critical,174,2024-12-31,2025-12-31
CUST-002443,Berry-Knight,SMB,Retail,14553.64,train,0,Retained,0.7861187451649941,78.61,1,Critical,175,2024-12-31,2025-12-31
CUST-002426,Wiggins-Silva,SMB,Energy,13622.14,train,1,Churned,0.7859635795381783,78.6,1,Critical,176,2024-12-31,2025-12-31
CUST-000933,"Craig, Wilson and Yang",SMB,Transportation,22977.87,train,0,Retained,0.785954112084486,78.6,1,Critical,177,2024-12-31,2025-12-31
CUST-000712,Tran-Silva,SMB,Transportation,32107.77,train,0,Retained,0.785022500654137,78.5,1,Critical,178,2024-12-31,2025-12-31
CUST-002124,Neal-Madden,Mid-Market,Energy,93149.97,train,1,Churned,0.7849190766337163,78.49,1,Critical,179,2024-12-31,2025-12-31
CUST-001700,"Smith, Khan and Ramirez",SMB,Professional Services,13321.13,validation,0,Retained,0.783307397697758,78.33,1,Critical,180,2024-12-31,2025-12-31
CUST-001628,Jones Ltd,SMB,Transportation,24723.95,train,0,Retained,0.7830626185582866,78.31,1,Critical,181,2024-12-31,2025-12-31
CUST-000504,"Jimenez, Glass and Stone",SMB,Healthcare,16116.07,train,1,Churned,0.78239542733379,78.24,1,Critical,182,2024-12-31,2025-12-31
CUST-000806,Perry-Nixon,SMB,Education,8578.39,train,0,Retained,0.7810323873681024,78.1,1,Critical,183,2024-12-31,2025-12-31
CUST-000844,Dunn-Wilson,SMB,Media,8548.54,train,0,Retained,0.778990348100066,77.9,1,Critical,184,2024-12-31,2025-12-31
CUST-001642,"Taylor, Blair and Meyer",SMB,Transportation,15420.75,validation,0,Retained,0.7775005045507384,77.75,1,Critical,185,2024-12-31,2025-12-31
CUST-002099,Webster Inc,SMB,Energy,20139.46,train,0,Retained,0.7755217447754219,77.55,1,Critical,186,2024-12-31,2025-12-31
CUST-001260,Butler-French,SMB,Education,10220.79,test,0,Retained,0.7747727293898867,77.48,1,Critical,187,2024-12-31,2025-12-31
CUST-002451,Mann PLC,SMB,Retail,20305.91,validation,1,Churned,0.7741238471480841,77.41,1,Critical,188,2024-12-31,2025-12-31
CUST-001363,"Thomas, Jackson and Nielsen",SMB,Media,10804.53,train,0,Retained,0.7729394550954869,77.29,1,Critical,189,2024-12-31,2025-12-31
CUST-001403,Arias-Morales,SMB,Banking,34638.21,train,0,Retained,0.7712921907924033,77.13,1,Critical,190,2024-12-31,2025-12-31
CUST-001375,Valenzuela-Greene,SMB,Technology,9019.63,train,0,Retained,0.7705561993984478,77.06,1,Critical,191,2024-12-31,2025-12-31
CUST-000281,Garner-Thornton,SMB,Transportation,15869.39,train,0,Retained,0.7704937861075097,77.05,1,Critical,192,2024-12-31,2025-12-31
CUST-000984,Jackson PLC,SMB,Transportation,17315.76,train,0,Retained,0.7674664380386456,76.75,1,Critical,193,2024-12-31,2025-12-31
CUST-001204,Alvarado-Davidson,SMB,Technology,7958.47,train,0,Retained,0.7672840867045781,76.73,1,Critical,194,2024-12-31,2025-12-31
CUST-000574,Williams-Williams,SMB,Banking,8522.92,train,0,Retained,0.7667217008541459,76.67,1,Critical,195,2024-12-31,2025-12-31
CUST-000450,Jones Inc,SMB,Retail,7982.07,validation,1,Churned,0.7654623618662937,76.55,1,Critical,196,2024-12-31,2025-12-31
CUST-000964,Taylor PLC,SMB,Telecommunications,13582.9,train,0,Retained,0.7634150770115036,76.34,1,Critical,197,2024-12-31,2025-12-31
CUST-000009,Garcia-James,Mid-Market,Healthcare,114033.63,validation,0,Retained,0.7630894877604792,76.31,1,Critical,198,2024-12-31,2025-12-31
CUST-000541,"Matthews, Saunders and Anderson",SMB,Professional Services,13925.57,train,1,Churned,0.7628359914272306,76.28,1,Critical,199,2024-12-31,2025-12-31
CUST-000965,Moore and Sons,SMB,Education,8260.38,train,0,Retained,0.762649229785251,76.26,1,Critical,200,2024-12-31,2025-12-31
CUST-001608,"Gilbert, Fitzgerald and Sanchez",SMB,Insurance,17130.16,train,0,Retained,0.7621901927159349,76.22,1,Critical,201,2024-12-31,2025-12-31
CUST-002239,Green Ltd,SMB,Insurance,10987.65,train,0,Retained,0.7618604735942964,76.19,1,Critical,202,2024-12-31,2025-12-31
CUST-001444,Long-Parks,SMB,Retail,19017.63,train,0,Retained,0.7614750261089521,76.15,1,Critical,203,2024-12-31,2025-12-31
CUST-001227,Lopez Group,SMB,Media,30827.28,train,0,Retained,0.7606660698386518,76.07,1,Critical,204,2024-12-31,2025-12-31
CUST-000864,Schultz Inc,SMB,Education,16348.56,train,1,Churned,0.7600614498084785,76.01,1,Critical,205,2024-12-31,2025-12-31
CUST-001746,Gentry Group,SMB,Healthcare,19930.74,train,0,Retained,0.7600066532857457,76.0,1,Critical,206,2024-12-31,2025-12-31
CUST-000936,Mora-White,SMB,Retail,34442.39,train,0,Retained,0.7597832324110041,75.98,1,Critical,207,2024-12-31,2025-12-31
CUST-001215,Gutierrez-Hawkins,SMB,Telecommunications,21669.36,train,0,Retained,0.7597450202776523,75.97,1,Critical,208,2024-12-31,2025-12-31
CUST-000493,Li-Thompson,SMB,Transportation,27273.6,validation,0,Retained,0.7575674344812533,75.76,1,Critical,209,2024-12-31,2025-12-31
CUST-002081,Mccall-Martin,SMB,Insurance,8278.41,test,0,Retained,0.7571731433530784,75.72,1,Critical,210,2024-12-31,2025-12-31
CUST-002489,Rivas Ltd,SMB,Media,10127.83,train,1,Churned,0.756906417591342,75.69,1,Critical,211,2024-12-31,2025-12-31
CUST-000754,Peterson PLC,SMB,Transportation,34718.66,train,0,Retained,0.7568543159340944,75.69,1,Critical,212,2024-12-31,2025-12-31
CUST-001262,Harris-Melton,SMB,Insurance,17996.93,train,0,Retained,0.7563456344117063,75.63,1,Critical,213,2024-12-31,2025-12-31
CUST-001144,Welch-Thompson,SMB,Transportation,12165.08,train,0,Retained,0.7561317319886671,75.61,1,Critical,214,2024-12-31,2025-12-31
CUST-001311,Clark-Figueroa,SMB,Energy,6825.54,train,0,Retained,0.7559874710870538,75.6,1,Critical,215,2024-12-31,2025-12-31
CUST-000237,Warner-Gibson,SMB,Telecommunications,16922.27,validation,1,Churned,0.75534754373089,75.53,1,Critical,216,2024-12-31,2025-12-31
CUST-000881,Watson Ltd,SMB,Energy,21935.62,train,0,Retained,0.754836112786045,75.48,1,Critical,217,2024-12-31,2025-12-31
CUST-000717,Murray-Oconnor,SMB,Transportation,15613.07,validation,0,Retained,0.7548297765517153,75.48,1,Critical,218,2024-12-31,2025-12-31
CUST-000345,"Harper, Smith and Buchanan",SMB,Education,45068.74,train,0,Retained,0.7537071313442723,75.37,1,Critical,219,2024-12-31,2025-12-31
CUST-001200,Smith-Oneill,SMB,Manufacturing,27938.21,train,0,Retained,0.7528911668639263,75.29,1,Critical,220,2024-12-31,2025-12-31
CUST-000713,"Butler, Hernandez and Rivera",Mid-Market,Media,132432.33,train,0,Retained,0.7518911982713001,75.19,1,Critical,221,2024-12-31,2025-12-31
CUST-002358,"Reed, Terry and Smith",SMB,Media,24403.06,validation,0,Retained,0.7484376711260113,74.84,0,High,222,2024-12-31,2025-12-31
CUST-001155,"Torres, Brown and Williams",SMB,Telecommunications,17777.73,train,0,Retained,0.7476075054261953,74.76,0,High,223,2024-12-31,2025-12-31
CUST-000239,"Guerrero, Peck and Coleman",SMB,Manufacturing,7903.82,train,0,Retained,0.7467166045448368,74.67,0,High,224,2024-12-31,2025-12-31
CUST-001378,Prince Ltd,SMB,Media,12863.45,validation,0,Retained,0.7457387896356912,74.57,0,High,225,2024-12-31,2025-12-31
CUST-000036,Rodriguez-Graham,SMB,Education,9016.08,train,1,Churned,0.7454824319382687,74.55,0,High,226,2024-12-31,2025-12-31
CUST-001276,"Moore, Daniels and Powell",SMB,Technology,31643.02,train,0,Retained,0.7446646021909259,74.47,0,High,227,2024-12-31,2025-12-31
CUST-001807,Young Ltd,SMB,Education,17439.12,train,0,Retained,0.742270288142799,74.23,0,High,228,2024-12-31,2025-12-31
CUST-000835,Edwards Group,SMB,Professional Services,21935.43,train,0,Retained,0.7419531772093764,74.2,0,High,229,2024-12-31,2025-12-31
CUST-001402,Lynch Ltd,SMB,Education,10631.41,train,0,Retained,0.7402622521138698,74.03,0,High,230,2024-12-31,2025-12-31
CUST-002218,"Johnson, Stevenson and Lindsey",Mid-Market,Banking,39044.15,train,0,Retained,0.7396573536235328,73.97,0,High,231,2024-12-31,2025-12-31
CUST-001857,Thomas-Berg,SMB,Manufacturing,43536.72,train,1,Churned,0.7387872135119166,73.88,0,High,232,2024-12-31,2025-12-31
CUST-000942,Finley Inc,SMB,Retail,15546.5,train,1,Churned,0.7381963036744655,73.82,0,High,233,2024-12-31,2025-12-31
CUST-001312,"Cooper, Gutierrez and Brewer",SMB,Manufacturing,31149.89,train,0,Retained,0.7370295579270979,73.7,0,High,234,2024-12-31,2025-12-31
CUST-002409,"Peterson, Reid and Johnson",SMB,Education,32372.85,train,1,Churned,0.7366298136599984,73.66,0,High,235,2024-12-31,2025-12-31
CUST-001134,Fisher-Eaton,SMB,Transportation,7944.43,test,0,Retained,0.7361633054328304,73.62,0,High,236,2024-12-31,2025-12-31
CUST-000643,Green LLC,SMB,Healthcare,13995.09,train,1,Churned,0.735263252352436,73.53,0,High,237,2024-12-31,2025-12-31
CUST-000144,"Lee, Horton and Snyder",Mid-Market,Media,71347.45,validation,0,Retained,0.7347329443167061,73.47,0,High,238,2024-12-31,2025-12-31
CUST-002238,Hayes-Russo,SMB,Media,27176.52,train,1,Churned,0.7324754161444917,73.25,0,High,239,2024-12-31,2025-12-31
CUST-002442,Harrell Group,SMB,Insurance,19758.03,train,0,Retained,0.7319144424497248,73.19,0,High,240,2024-12-31,2025-12-31
CUST-000463,"Taylor, Wright and Davidson",SMB,Telecommunications,8637.46,train,0,Retained,0.7318903981719862,73.19,0,High,241,2024-12-31,2025-12-31
CUST-001744,Warren and Sons,SMB,Energy,14729.71,train,0,Retained,0.7316852661059613,73.17,0,High,242,2024-12-31,2025-12-31
CUST-002251,Reeves and Sons,Mid-Market,Transportation,93729.11,test,0,Retained,0.7309282016855169,73.09,0,High,243,2024-12-31,2025-12-31
CUST-000593,"Allen, Armstrong and Graves",SMB,Insurance,17334.68,train,1,Churned,0.729854096614722,72.99,0,High,244,2024-12-31,2025-12-31
CUST-000217,Perez-White,SMB,Telecommunications,7514.54,train,0,Retained,0.7296350230394275,72.96,0,High,245,2024-12-31,2025-12-31
CUST-001632,"Garcia, Stewart and Delacruz",SMB,Manufacturing,18086.1,train,0,Retained,0.7287472876396393,72.87,0,High,246,2024-12-31,2025-12-31
CUST-000289,"Miller, Murphy and Craig",Mid-Market,Manufacturing,79525.96,train,0,Retained,0.728637195359509,72.86,0,High,247,2024-12-31,2025-12-31
CUST-001333,Hammond-Lewis,SMB,Healthcare,11354.15,validation,0,Retained,0.7282570259040336,72.83,0,High,248,2024-12-31,2025-12-31
CUST-000474,Lowery-Kennedy,SMB,Energy,19705.1,train,0,Retained,0.7246200450489564,72.46,0,High,249,2024-12-31,2025-12-31
CUST-000322,Brock-Mcdonald,SMB,Healthcare,20793.09,test,0,Retained,0.7224200556050784,72.24,0,High,250,2024-12-31,2025-12-31
CUST-002001,Chavez-Mason,SMB,Retail,10206.99,train,0,Retained,0.7217130504244184,72.17,0,High,251,2024-12-31,2025-12-31
CUST-002427,"Henderson, Alexander and Galvan",SMB,Transportation,18662.86,train,1,Churned,0.7214051594692196,72.14,0,High,252,2024-12-31,2025-12-31
CUST-000101,Figueroa PLC,Mid-Market,Media,67755.98,train,0,Retained,0.7209962134548529,72.1,0,High,253,2024-12-31,2025-12-31
CUST-000799,"Terrell, Byrd and Ross",SMB,Education,13521.47,validation,0,Retained,0.7207643455482368,72.08,0,High,254,2024-12-31,2025-12-31
CUST-000781,"Harris, Edwards and Oconnell",SMB,Media,30652.66,validation,0,Retained,0.7203083726033221,72.03,0,High,255,2024-12-31,2025-12-31
CUST-000219,Williams-Brown,Mid-Market,Retail,52798.38,train,0,Retained,0.717516213587343,71.75,0,High,256,2024-12-31,2025-12-31
CUST-000151,Salazar-Ball,Mid-Market,Transportation,146080.29,train,0,Retained,0.7162261132177291,71.62,0,High,257,2024-12-31,2025-12-31
CUST-000008,"Henderson, Ramirez and Lewis",SMB,Healthcare,15392.04,train,0,Retained,0.716090784138405,71.61,0,High,258,2024-12-31,2025-12-31
CUST-000208,Davis and Sons,SMB,Professional Services,28560.69,train,0,Retained,0.715349285363266,71.53,0,High,259,2024-12-31,2025-12-31
CUST-002317,"Moore, Simpson and Soto",Mid-Market,Technology,51670.17,train,0,Retained,0.7146887686847734,71.47,0,High,260,2024-12-31,2025-12-31
CUST-001048,Williams PLC,SMB,Education,29029.19,train,0,Retained,0.714321485519764,71.43,0,High,261,2024-12-31,2025-12-31
CUST-002160,Melton Inc,SMB,Telecommunications,10858.7,train,1,Churned,0.7138979448304495,71.39,0,High,262,2024-12-31,2025-12-31
CUST-000827,"Mccarthy, Evans and Mendez",SMB,Manufacturing,20716.62,train,0,Retained,0.713127694609292,71.31,0,High,263,2024-12-31,2025-12-31
CUST-001936,"Nelson, Cole and Allen",SMB,Manufacturing,24055.12,test,1,Churned,0.7128378012861468,71.28,0,High,264,2024-12-31,2025-12-31
CUST-000546,"Huber, Hill and Weber",SMB,Manufacturing,30212.81,train,1,Churned,0.7121656630588495,71.22,0,High,265,2024-12-31,2025-12-31
CUST-000411,Kim Inc,SMB,Manufacturing,18688.9,validation,0,Retained,0.7118679505999074,71.19,0,High,266,2024-12-31,2025-12-31
CUST-001870,Bell-Hardy,SMB,Insurance,7196.87,validation,0,Retained,0.7109826023630819,71.1,0,High,267,2024-12-31,2025-12-31
CUST-001125,Sullivan-Doyle,SMB,Energy,16897.49,train,0,Retained,0.7108875240008052,71.09,0,High,268,2024-12-31,2025-12-31
CUST-001004,Gallagher and Sons,SMB,Professional Services,16960.07,train,0,Retained,0.7107918126252905,71.08,0,High,269,2024-12-31,2025-12-31
CUST-000645,Sullivan PLC,Mid-Market,Banking,162500.57,train,0,Retained,0.7102087304208635,71.02,0,High,270,2024-12-31,2025-12-31
CUST-000454,White Ltd,SMB,Media,27922.44,train,0,Retained,0.7101948645454647,71.02,0,High,271,2024-12-31,2025-12-31
CUST-001106,Johnson-Williams,SMB,Retail,51726.44,train,1,Churned,0.7088493859437226,70.88,0,High,272,2024-12-31,2025-12-31
CUST-001594,Hobbs-Hamilton,SMB,Energy,8548.3,train,0,Retained,0.708042580751505,70.8,0,High,273,2024-12-31,2025-12-31
CUST-001121,"Evans, Hernandez and Cannon",SMB,Insurance,41861.56,train,0,Retained,0.7079943759303174,70.8,0,High,274,2024-12-31,2025-12-31
CUST-001579,"Gardner, Brooks and Pierce",SMB,Banking,13918.11,test,0,Retained,0.7079706993798492,70.8,0,High,275,2024-12-31,2025-12-31
CUST-001354,Sparks-Eaton,Mid-Market,Retail,98063.85,train,1,Churned,0.7067198706353434,70.67,0,High,276,2024-12-31,2025-12-31
CUST-001546,Stephens LLC,SMB,Insurance,34923.84,validation,0,Retained,0.7064439380257173,70.64,0,High,277,2024-12-31,2025-12-31
CUST-000379,Moore Group,SMB,Technology,35401.05,validation,0,Retained,0.7035765087457787,70.36,0,High,278,2024-12-31,2025-12-31
CUST-001513,Booker Inc,SMB,Education,18343.15,train,0,Retained,0.7033852414703026,70.34,0,High,279,2024-12-31,2025-12-31
CUST-001033,Williams Group,SMB,Insurance,35060.42,validation,0,Retained,0.7023598549217849,70.24,0,High,280,2024-12-31,2025-12-31
CUST-001736,"Rivera, Hendricks and Flynn",SMB,Education,35304.68,train,0,Retained,0.7008081488223692,70.08,0,High,281,2024-12-31,2025-12-31
CUST-002420,"Wright, Murphy and Aguilar",SMB,Manufacturing,38110.17,train,0,Retained,0.6998120422514315,69.98,0,High,282,2024-12-31,2025-12-31
CUST-001326,"Quinn, Humphrey and Ford",SMB,Insurance,18125.51,train,0,Retained,0.6993915058267844,69.94,0,High,283,2024-12-31,2025-12-31
CUST-002290,Butler Inc,SMB,Technology,18482.44,train,0,Retained,0.6992888870531676,69.93,0,High,284,2024-12-31,2025-12-31
CUST-001743,Hayes-Sampson,SMB,Media,26944.45,train,0,Retained,0.6985371745006275,69.85,0,High,285,2024-12-31,2025-12-31
CUST-001831,Austin-Berger,SMB,Energy,12359.05,train,0,Retained,0.6985222534113039,69.85,0,High,286,2024-12-31,2025-12-31
CUST-000626,Osborn Group,Mid-Market,Insurance,182643.82,validation,0,Retained,0.6974767256208403,69.75,0,High,287,2024-12-31,2025-12-31
CUST-000183,Jackson-Lawson,SMB,Transportation,14592.01,train,1,Churned,0.6957698724430011,69.58,0,High,288,2024-12-31,2025-12-31
CUST-000308,Armstrong-Andrews,SMB,Professional Services,32682.54,train,0,Retained,0.6939800154165023,69.4,0,High,289,2024-12-31,2025-12-31
CUST-001656,Lopez PLC,SMB,Energy,27078.44,test,1,Churned,0.6936999979057108,69.37,0,High,290,2024-12-31,2025-12-31
CUST-002020,Hernandez LLC,SMB,Telecommunications,19978.74,test,0,Retained,0.6931795460765631,69.32,0,High,291,2024-12-31,2025-12-31
CUST-002155,Pacheco-Silva,SMB,Manufacturing,16938.39,train,0,Retained,0.6920232261441306,69.2,0,High,292,2024-12-31,2025-12-31
CUST-001714,Rose-Warren,SMB,Media,16385.3,train,0,Retained,0.6910182197955994,69.1,0,High,293,2024-12-31,2025-12-31
CUST-000520,"Richardson, Edwards and Ramirez",SMB,Telecommunications,13422.74,train,0,Retained,0.6906405523692355,69.06,0,High,294,2024-12-31,2025-12-31
CUST-000678,Allen Inc,SMB,Manufacturing,41400.28,train,0,Retained,0.6900576789536443,69.01,0,High,295,2024-12-31,2025-12-31
CUST-001195,"Gregory, White and James",Mid-Market,Media,85651.0,train,0,Retained,0.6883098089579949,68.83,0,High,296,2024-12-31,2025-12-31
CUST-002477,"Garcia, Hines and Pearson",SMB,Professional Services,9491.69,train,0,Retained,0.688040791928878,68.8,0,High,297,2024-12-31,2025-12-31
CUST-000333,Torres Group,SMB,Energy,27239.29,train,1,Churned,0.686065452653892,68.61,0,High,298,2024-12-31,2025-12-31
CUST-001411,Gomez-Foster,Mid-Market,Banking,82370.63,train,1,Churned,0.6851094167945824,68.51,0,High,299,2024-12-31,2025-12-31
CUST-002158,Wright Ltd,Mid-Market,Transportation,74266.03,train,0,Retained,0.6847813737333168,68.48,0,High,300,2024-12-31,2025-12-31
CUST-002497,Chambers Group,SMB,Energy,34967.53,validation,0,Retained,0.6829750040678897,68.3,0,High,301,2024-12-31,2025-12-31
CUST-000334,Davis PLC,SMB,Insurance,16268.51,train,0,Retained,0.6827427348035034,68.27,0,High,302,2024-12-31,2025-12-31
CUST-002495,Smith-Holt,Mid-Market,Manufacturing,92192.29,train,0,Retained,0.6822061400570797,68.22,0,High,303,2024-12-31,2025-12-31
CUST-002440,Lewis-Fuentes,SMB,Telecommunications,8712.23,train,0,Retained,0.6819749575088284,68.2,0,High,304,2024-12-31,2025-12-31
CUST-000758,Lopez-Willis,SMB,Media,30694.04,train,1,Churned,0.6813300092950111,68.13,0,High,305,2024-12-31,2025-12-31
CUST-001425,"Haynes, Mcbride and Gutierrez",SMB,Manufacturing,18362.52,test,0,Retained,0.6800069853516972,68.0,0,High,306,2024-12-31,2025-12-31
CUST-001845,Hopkins LLC,Mid-Market,Manufacturing,78606.53,train,1,Churned,0.6796275423858217,67.96,0,High,307,2024-12-31,2025-12-31
CUST-001489,Johnson Ltd,SMB,Professional Services,23115.41,train,0,Retained,0.6794780931729927,67.95,0,High,308,2024-12-31,2025-12-31
CUST-000347,Jones PLC,SMB,Manufacturing,19435.31,test,0,Retained,0.6791380668881917,67.91,0,High,309,2024-12-31,2025-12-31
CUST-002262,Fitzgerald-Scott,SMB,Healthcare,9094.09,test,0,Retained,0.6788315452565244,67.88,0,High,310,2024-12-31,2025-12-31
CUST-001506,Garrett-Black,SMB,Technology,18020.59,test,0,Retained,0.6786714855698187,67.87,0,High,311,2024-12-31,2025-12-31
CUST-000738,Gray-Tran,SMB,Transportation,19019.31,train,0,Retained,0.6785938325696442,67.86,0,High,312,2024-12-31,2025-12-31
CUST-002061,"Singh, Walker and Moody",SMB,Education,8637.13,test,0,Retained,0.6775271543629365,67.75,0,High,313,2024-12-31,2025-12-31
CUST-001483,Brown Group,SMB,Insurance,9491.0,train,0,Retained,0.6768270297359446,67.68,0,High,314,2024-12-31,2025-12-31
CUST-000030,"Snyder, Campos and Callahan",SMB,Healthcare,28979.73,train,1,Churned,0.6757865753352374,67.58,0,High,315,2024-12-31,2025-12-31
CUST-002337,"Li, Jensen and Vazquez",SMB,Energy,20383.05,train,1,Churned,0.6754041404357227,67.54,0,High,316,2024-12-31,2025-12-31
CUST-000293,Bright-Francis,SMB,Retail,45589.58,train,1,Churned,0.6752816514763385,67.53,0,High,317,2024-12-31,2025-12-31
CUST-002049,"Miller, Luna and Wallace",SMB,Manufacturing,21721.91,train,0,Retained,0.6740966456140712,67.41,0,High,318,2024-12-31,2025-12-31
CUST-000521,Johnson and Sons,SMB,Telecommunications,12261.86,train,0,Retained,0.6738818100459285,67.39,0,High,319,2024-12-31,2025-12-31
CUST-000949,Hernandez Group,SMB,Banking,23687.88,train,0,Retained,0.6735397555893783,67.35,0,High,320,2024-12-31,2025-12-31
CUST-001127,"Reeves, Parks and Little",Mid-Market,Transportation,110748.47,train,0,Retained,0.6723612421233124,67.24,0,High,321,2024-12-31,2025-12-31
CUST-000604,Lee-Wright,SMB,Technology,18118.79,validation,0,Retained,0.6702226563015049,67.02,0,High,322,2024-12-31,2025-12-31
CUST-000870,Donaldson and Sons,SMB,Professional Services,37222.03,train,0,Retained,0.6693677709933447,66.94,0,High,323,2024-12-31,2025-12-31
CUST-002004,Marsh-Dougherty,SMB,Banking,35988.96,validation,0,Retained,0.6690023300203203,66.9,0,High,324,2024-12-31,2025-12-31
CUST-002433,"Wood, Crane and Guzman",SMB,Banking,14833.3,test,0,Retained,0.6685997568190526,66.86,0,High,325,2024-12-31,2025-12-31
CUST-000785,Diaz-Frederick,SMB,Media,11727.79,train,0,Retained,0.667213412922023,66.72,0,High,326,2024-12-31,2025-12-31
CUST-001953,Burgess LLC,Mid-Market,Media,82396.03,train,0,Retained,0.6672065357732246,66.72,0,High,327,2024-12-31,2025-12-31
CUST-001701,"Grant, Bryan and Williams",SMB,Professional Services,26210.0,validation,0,Retained,0.6623648906733747,66.24,0,High,328,2024-12-31,2025-12-31
CUST-000054,"Robinson, Jones and Welch",SMB,Healthcare,24801.65,train,0,Retained,0.6620070422943393,66.2,0,High,329,2024-12-31,2025-12-31
CUST-001648,"Roach, Browning and Jordan",SMB,Telecommunications,19320.29,train,0,Retained,0.6616752227068048,66.17,0,High,330,2024-12-31,2025-12-31
CUST-000818,Cole Group,Mid-Market,Media,75791.2,train,0,Retained,0.660756022564507,66.08,0,High,331,2024-12-31,2025-12-31
CUST-001879,"Mayer, Fowler and Livingston",Mid-Market,Transportation,167819.94,train,0,Retained,0.6606636833174986,66.07,0,High,332,2024-12-31,2025-12-31
CUST-000178,Walker-Jones,SMB,Banking,30340.65,train,0,Retained,0.6579520698786765,65.8,0,High,333,2024-12-31,2025-12-31
CUST-002474,Marshall-Russell,SMB,Banking,13506.45,test,0,Retained,0.6572018760641797,65.72,0,High,334,2024-12-31,2025-12-31
CUST-001456,Gonzalez-Marsh,SMB,Professional Services,9759.56,train,0,Retained,0.6546203822018848,65.46,0,High,335,2024-12-31,2025-12-31
CUST-002459,"Wallace, Roman and Lawson",SMB,Professional Services,10189.4,train,1,Churned,0.6523224168051139,65.23,0,High,336,2024-12-31,2025-12-31
CUST-001798,Maldonado LLC,SMB,Insurance,8332.92,test,1,Churned,0.6519651488037809,65.2,0,High,337,2024-12-31,2025-12-31
CUST-000755,"Sanders, Ayala and Johnson",Mid-Market,Retail,137837.34,train,0,Retained,0.6515349307762179,65.15,0,High,338,2024-12-31,2025-12-31
CUST-001737,Montes LLC,Mid-Market,Retail,143920.39,train,0,Retained,0.6513091223953406,65.13,0,High,339,2024-12-31,2025-12-31
CUST-001007,Drake-Wolfe,SMB,Education,30887.42,test,0,Retained,0.651046531207256,65.1,0,High,340,2024-12-31,2025-12-31
CUST-002231,Hunter-Bell,Mid-Market,Transportation,113563.69,train,0,Retained,0.6509859084846636,65.1,0,High,341,2024-12-31,2025-12-31
CUST-001813,Taylor Inc,SMB,Education,31409.15,train,0,Retained,0.6509023990211833,65.09,0,High,342,2024-12-31,2025-12-31
CUST-002354,Hall-Brown,Mid-Market,Banking,75450.79,test,0,Retained,0.6508602524274123,65.09,0,High,343,2024-12-31,2025-12-31
CUST-001187,"Holland, Murphy and Kline",SMB,Insurance,9588.3,test,0,Retained,0.6493546018999141,64.94,0,High,344,2024-12-31,2025-12-31
CUST-000399,"Brown, Harris and Dougherty",Mid-Market,Telecommunications,131224.49,train,1,Churned,0.6491163322933892,64.91,0,High,345,2024-12-31,2025-12-31
CUST-002333,Ferguson-Smith,SMB,Media,15087.42,validation,1,Churned,0.6477318719186695,64.77,0,High,346,2024-12-31,2025-12-31
CUST-002044,"Foster, Henry and Morrison",SMB,Energy,16478.97,validation,0,Retained,0.645883814898492,64.59,0,High,347,2024-12-31,2025-12-31
CUST-000801,Garcia and Sons,SMB,Healthcare,28701.31,train,0,Retained,0.645786651710458,64.58,0,High,348,2024-12-31,2025-12-31
CUST-001966,Clarke Ltd,SMB,Technology,16609.05,train,0,Retained,0.6444942095009466,64.45,0,High,349,2024-12-31,2025-12-31
CUST-001686,Wilson Group,SMB,Energy,16715.36,train,0,Retained,0.6438253570846112,64.38,0,High,350,2024-12-31,2025-12-31
CUST-001535,Perkins Ltd,Mid-Market,Transportation,85937.55,train,0,Retained,0.6434674045514575,64.35,0,High,351,2024-12-31,2025-12-31
CUST-000699,"Morrison, Russo and Lopez",SMB,Healthcare,38858.3,train,0,Retained,0.6431768296040034,64.32,0,High,352,2024-12-31,2025-12-31
CUST-001725,"Shaffer, Lewis and Davidson",SMB,Insurance,38461.5,train,1,Churned,0.6427580045014429,64.28,0,High,353,2024-12-31,2025-12-31
CUST-001788,"Caldwell, Stevenson and Joseph",SMB,Banking,18715.11,validation,0,Retained,0.6421401626614288,64.21,0,High,354,2024-12-31,2025-12-31
CUST-002206,"Herring, Huynh and King",SMB,Healthcare,13393.03,train,0,Retained,0.6418650560318916,64.19,0,High,355,2024-12-31,2025-12-31
CUST-000968,Baker-Wilson,Mid-Market,Technology,124452.58,test,0,Retained,0.6417582608743615,64.18,0,High,356,2024-12-31,2025-12-31
CUST-001367,"Haney, Dillon and Jackson",Mid-Market,Professional Services,35096.14,train,0,Retained,0.6408439167431925,64.08,0,High,357,2024-12-31,2025-12-31
CUST-000398,"Estrada, Williams and Foster",SMB,Manufacturing,25173.99,train,1,Churned,0.6402592882565014,64.03,0,High,358,2024-12-31,2025-12-31
CUST-001205,Combs PLC,SMB,Media,22225.05,train,0,Retained,0.639174018862893,63.92,0,High,359,2024-12-31,2025-12-31
CUST-000004,Davis and Sons,Mid-Market,Professional Services,108723.33,train,0,Retained,0.6386724091095957,63.87,0,High,360,2024-12-31,2025-12-31
CUST-001881,"Carrillo, Morris and Martin",SMB,Technology,7668.43,validation,0,Retained,0.6386646029188168,63.87,0,High,361,2024-12-31,2025-12-31
CUST-000787,Maldonado PLC,SMB,Retail,9088.63,train,0,Retained,0.6385433031595004,63.85,0,High,362,2024-12-31,2025-12-31
CUST-000927,Brady LLC,SMB,Transportation,36651.21,train,0,Retained,0.6384534849440907,63.85,0,High,363,2024-12-31,2025-12-31
CUST-000935,Williams LLC,SMB,Healthcare,26538.29,train,0,Retained,0.6376610034286637,63.77,0,High,364,2024-12-31,2025-12-31
CUST-001885,Jones-Krause,SMB,Banking,15819.5,train,0,Retained,0.6359395452940232,63.59,0,High,365,2024-12-31,2025-12-31
CUST-002250,Wilcox-Snyder,SMB,Media,15941.55,train,0,Retained,0.6329457711187252,63.29,0,High,366,2024-12-31,2025-12-31
CUST-001457,"Hernandez, Shaffer and Thompson",SMB,Energy,18602.32,train,0,Retained,0.6315609927379541,63.16,0,High,367,2024-12-31,2025-12-31
CUST-000837,Lee Group,SMB,Retail,33039.82,test,0,Retained,0.6305914016095219,63.06,0,High,368,2024-12-31,2025-12-31
CUST-002048,Bell-Madden,SMB,Healthcare,20493.78,validation,0,Retained,0.6301817687170921,63.02,0,High,369,2024-12-31,2025-12-31
CUST-001486,Miller Group,SMB,Technology,23476.82,train,1,Churned,0.6301740735017662,63.02,0,High,370,2024-12-31,2025-12-31
CUST-000225,Jones-Soto,SMB,Telecommunications,9923.82,test,0,Retained,0.6291189973900264,62.91,0,High,371,2024-12-31,2025-12-31
CUST-001859,Gregory-Nixon,SMB,Professional Services,30271.79,test,0,Retained,0.6283054187445927,62.83,0,High,372,2024-12-31,2025-12-31
CUST-001163,Brooks Ltd,SMB,Telecommunications,18354.41,train,0,Retained,0.6279351881979129,62.79,0,High,373,2024-12-31,2025-12-31
CUST-000590,"Patton, Parsons and Lane",Mid-Market,Retail,115105.35,train,0,Retained,0.6275538975544865,62.76,0,High,374,2024-12-31,2025-12-31
CUST-001558,Washington Inc,Mid-Market,Transportation,118310.42,train,0,Retained,0.6272514097515003,62.73,0,High,375,2024-12-31,2025-12-31
CUST-002386,Sanchez Group,SMB,Transportation,27163.99,train,0,Retained,0.6271511159869688,62.72,0,High,376,2024-12-31,2025-12-31
CUST-000440,King-York,Mid-Market,Retail,141818.04,train,0,Retained,0.6258765907146698,62.59,0,High,377,2024-12-31,2025-12-31
CUST-001727,"Pierce, Wang and Wilson",SMB,Technology,32905.89,train,0,Retained,0.6258604410869276,62.59,0,High,378,2024-12-31,2025-12-31
CUST-001013,"Harris, Anderson and Love",SMB,Telecommunications,29991.12,validation,0,Retained,0.6237731232352949,62.38,0,High,379,2024-12-31,2025-12-31
CUST-000742,Jacobson Inc,SMB,Professional Services,9880.74,train,0,Retained,0.6230056788892607,62.3,0,High,380,2024-12-31,2025-12-31
CUST-000951,"Franco, Wiley and Tapia",SMB,Media,25970.99,test,0,Retained,0.622838956740314,62.28,0,High,381,2024-12-31,2025-12-31
CUST-000074,"Stanley, Tucker and Lee",SMB,Technology,29528.78,train,0,Retained,0.6217389844843443,62.17,0,High,382,2024-12-31,2025-12-31
CUST-001745,Brooks Inc,SMB,Transportation,26032.43,train,0,Retained,0.6205931245831612,62.06,0,High,383,2024-12-31,2025-12-31
CUST-001384,George-Stephens,SMB,Transportation,14096.0,train,0,Retained,0.620404291513538,62.04,0,High,384,2024-12-31,2025-12-31
CUST-001531,"Evans, Ward and Williams",SMB,Transportation,36840.58,train,0,Retained,0.6196472405591468,61.96,0,High,385,2024-12-31,2025-12-31
CUST-000829,Allen Inc,SMB,Professional Services,24030.03,train,0,Retained,0.619483337133053,61.95,0,High,386,2024-12-31,2025-12-31
CUST-001138,Mason Ltd,SMB,Banking,24479.19,test,0,Retained,0.6192427238934338,61.92,0,High,387,2024-12-31,2025-12-31
CUST-001621,Cole-Johnson,SMB,Media,7869.97,train,0,Retained,0.6181877882467319,61.82,0,High,388,2024-12-31,2025-12-31
CUST-002373,"Perez, Hoffman and Tucker",Mid-Market,Insurance,106376.93,test,0,Retained,0.6168358824911957,61.68,0,High,389,2024-12-31,2025-12-31
CUST-000884,Rios-Padilla,SMB,Retail,19406.93,validation,0,Retained,0.6161300827713568,61.61,0,High,390,2024-12-31,2025-12-31
CUST-001393,Hinton-Lane,Mid-Market,Media,128055.1,train,0,Retained,0.6153567921750874,61.54,0,High,391,2024-12-31,2025-12-31
CUST-002424,Lewis-Miller,SMB,Healthcare,14823.24,train,0,Retained,0.6148859273027402,61.49,0,High,392,2024-12-31,2025-12-31
CUST-001957,Jones PLC,SMB,Energy,19367.54,train,1,Churned,0.6131016282051474,61.31,0,High,393,2024-12-31,2025-12-31
CUST-000126,Smith-Frost,SMB,Manufacturing,25518.57,train,0,Retained,0.6119104226950367,61.19,0,High,394,2024-12-31,2025-12-31
CUST-000635,Gibbs-Bradley,SMB,Healthcare,30331.95,train,0,Retained,0.6112864663624085,61.13,0,High,395,2024-12-31,2025-12-31
CUST-002128,"Porter, Hubbard and Miranda",SMB,Energy,47654.89,train,0,Retained,0.6108624449153047,61.09,0,High,396,2024-12-31,2025-12-31
CUST-001616,Gonzalez LLC,SMB,Healthcare,38261.58,train,0,Retained,0.6105809784911631,61.06,0,High,397,2024-12-31,2025-12-31
CUST-000810,Alvarez-Kim,SMB,Banking,20789.92,train,0,Retained,0.6099728051653452,61.0,0,High,398,2024-12-31,2025-12-31
CUST-000774,Fisher-Washington,SMB,Banking,29832.73,train,0,Retained,0.6094466937575383,60.94,0,High,399,2024-12-31,2025-12-31
CUST-001678,"Ellison, Vaughn and Mckee",Mid-Market,Retail,61924.51,train,0,Retained,0.6067928333931207,60.68,0,High,400,2024-12-31,2025-12-31
CUST-001254,Vaughn LLC,SMB,Technology,14122.37,train,0,Retained,0.6061056841249698,60.61,0,High,401,2024-12-31,2025-12-31
CUST-000871,Adams-Clayton,Mid-Market,Retail,140722.8,validation,0,Retained,0.6057675971870726,60.58,0,High,402,2024-12-31,2025-12-31
CUST-000413,"Miller, Harrell and Reese",SMB,Insurance,32340.02,train,0,Retained,0.6038479249338674,60.38,0,High,403,2024-12-31,2025-12-31
CUST-000223,Sheppard LLC,SMB,Telecommunications,14806.22,train,0,Retained,0.603767549469943,60.38,0,High,404,2024-12-31,2025-12-31
CUST-001722,Johnson Ltd,SMB,Healthcare,8330.98,train,0,Retained,0.6024152550565084,60.24,0,High,405,2024-12-31,2025-12-31
CUST-001226,"Newton, Ortiz and King",SMB,Banking,17767.91,validation,0,Retained,0.5997869620817357,59.98,0,High,406,2024-12-31,2025-12-31
CUST-000592,"Harvey, Randall and Hernandez",SMB,Banking,30917.25,validation,0,Retained,0.5992841684119442,59.93,0,High,407,2024-12-31,2025-12-31
CUST-001822,Joseph LLC,SMB,Media,27051.77,train,0,Retained,0.598059730910021,59.81,0,High,408,2024-12-31,2025-12-31
CUST-001771,Bradley-Davis,Mid-Market,Media,86503.68,validation,0,Retained,0.5978616320363042,59.79,0,High,409,2024-12-31,2025-12-31
CUST-001208,Walton LLC,Mid-Market,Transportation,194998.97,test,0,Retained,0.596962535393914,59.7,0,High,410,2024-12-31,2025-12-31
CUST-000542,"Bartlett, Brown and Martinez",SMB,Manufacturing,16989.37,train,0,Retained,0.5953530008645097,59.54,0,High,411,2024-12-31,2025-12-31
CUST-001410,Miller LLC,SMB,Professional Services,19185.19,train,1,Churned,0.5946395871534007,59.46,0,High,412,2024-12-31,2025-12-31
CUST-000452,Stanley PLC,SMB,Energy,29328.81,train,0,Retained,0.5944594697906977,59.45,0,High,413,2024-12-31,2025-12-31
CUST-001691,White Ltd,SMB,Manufacturing,19732.44,test,0,Retained,0.59423291491996,59.42,0,High,414,2024-12-31,2025-12-31
CUST-000318,Burgess-Thompson,SMB,Energy,13054.87,train,0,Retained,0.5933991049909745,59.34,0,High,415,2024-12-31,2025-12-31
CUST-002431,"Palmer, Rice and Benson",SMB,Insurance,15305.02,validation,0,Retained,0.593157656485545,59.32,0,High,416,2024-12-31,2025-12-31
CUST-000900,Wright Ltd,SMB,Healthcare,18899.19,train,0,Retained,0.5921268400613071,59.21,0,High,417,2024-12-31,2025-12-31
CUST-001626,"Williams, Jackson and Campbell",SMB,Education,26076.12,train,0,Retained,0.5916015768189254,59.16,0,High,418,2024-12-31,2025-12-31
CUST-000461,Strickland-Shaw,SMB,Telecommunications,27280.91,train,0,Retained,0.5896151156875723,58.96,0,High,419,2024-12-31,2025-12-31
CUST-002461,Morgan and Sons,SMB,Professional Services,29454.32,train,0,Retained,0.5877288239537359,58.77,0,High,420,2024-12-31,2025-12-31
CUST-000529,"Daniels, Vance and York",SMB,Healthcare,31371.67,test,0,Retained,0.5873896883266276,58.74,0,High,421,2024-12-31,2025-12-31
CUST-002095,Smith Group,SMB,Media,26720.64,train,0,Retained,0.5839429847304793,58.39,0,High,422,2024-12-31,2025-12-31
CUST-000642,Turner-Sharp,SMB,Banking,19276.53,train,0,Retained,0.5837853894566191,58.38,0,High,423,2024-12-31,2025-12-31
CUST-002246,Williams PLC,SMB,Transportation,48480.01,train,0,Retained,0.5836118750672661,58.36,0,High,424,2024-12-31,2025-12-31
CUST-002293,Maldonado-Becker,SMB,Banking,19881.41,validation,0,Retained,0.5834609474318373,58.35,0,High,425,2024-12-31,2025-12-31
CUST-000361,Henry Group,SMB,Technology,13486.67,test,1,Churned,0.5820654206552857,58.21,0,High,426,2024-12-31,2025-12-31
CUST-000891,Taylor-Ayala,Enterprise,Education,716218.79,train,0,Retained,0.5818288658168372,58.18,0,High,427,2024-12-31,2025-12-31
CUST-000993,Gonzalez-Wilkerson,SMB,Energy,39809.46,train,0,Retained,0.5818144126964283,58.18,0,High,428,2024-12-31,2025-12-31
CUST-002256,Johnson LLC,SMB,Professional Services,13900.91,test,0,Retained,0.5814002340317254,58.14,0,High,429,2024-12-31,2025-12-31
CUST-002496,"Nielsen, Lynch and Smith",Mid-Market,Technology,70716.96,test,0,Retained,0.5809485981300757,58.09,0,High,430,2024-12-31,2025-12-31
CUST-000653,"Cox, Stark and Rodriguez",SMB,Education,31241.48,train,0,Retained,0.5789218653781758,57.89,0,High,431,2024-12-31,2025-12-31
CUST-002167,"Leonard, Rogers and Shaw",SMB,Education,7826.82,validation,0,Retained,0.575558755960191,57.56,0,High,432,2024-12-31,2025-12-31
CUST-001979,Anderson LLC,SMB,Retail,12860.51,train,0,Retained,0.575201933744973,57.52,0,High,433,2024-12-31,2025-12-31
CUST-000848,"Greer, Potter and Evans",Mid-Market,Insurance,43133.55,train,0,Retained,0.5718667894503159,57.19,0,High,434,2024-12-31,2025-12-31
CUST-000782,Carter-Neal,SMB,Banking,16380.06,test,0,Retained,0.5702904601276463,57.03,0,High,435,2024-12-31,2025-12-31
CUST-001734,"Brown, Meyer and Cunningham",SMB,Technology,32654.32,test,0,Retained,0.5695399567876126,56.95,0,High,436,2024-12-31,2025-12-31
CUST-002135,Garcia Inc,SMB,Technology,14861.01,validation,0,Retained,0.5695375301640634,56.95,0,High,437,2024-12-31,2025-12-31
CUST-000987,Gomez and Sons,SMB,Technology,13637.47,train,0,Retained,0.5689931358167593,56.9,0,High,438,2024-12-31,2025-12-31
CUST-001819,Arnold-Cole,SMB,Insurance,19249.73,train,0,Retained,0.5647693155142375,56.48,0,High,439,2024-12-31,2025-12-31
CUST-000357,Hayes and Sons,SMB,Technology,8340.54,train,0,Retained,0.5631345340908673,56.31,0,High,440,2024-12-31,2025-12-31
CUST-001292,"Rowe, Lucas and Case",SMB,Professional Services,11789.41,train,0,Retained,0.5614667733136071,56.15,0,High,441,2024-12-31,2025-12-31
CUST-001049,"Larsen, Hernandez and Ward",SMB,Energy,20832.65,validation,1,Churned,0.557599066524903,55.76,0,High,442,2024-12-31,2025-12-31
CUST-000991,Andrade-Mendoza,SMB,Media,19024.67,train,0,Retained,0.5571018580013051,55.71,0,High,443,2024-12-31,2025-12-31
CUST-000312,Parsons-Hall,Mid-Market,Technology,184135.41,train,1,Churned,0.5555506610887502,55.56,0,High,444,2024-12-31,2025-12-31
CUST-002327,Hartman Group,Mid-Market,Retail,134282.6,validation,0,Retained,0.5541592417251465,55.42,0,High,445,2024-12-31,2025-12-31
CUST-001441,"Ramirez, Walker and Ray",Mid-Market,Transportation,156363.45,validation,0,Retained,0.5539430518820656,55.39,0,High,446,2024-12-31,2025-12-31
CUST-000326,"Martinez, Richardson and Curry",SMB,Manufacturing,24125.16,train,0,Retained,0.5524518927696008,55.25,0,High,447,2024-12-31,2025-12-31
CUST-001986,"Marshall, Schultz and Dalton",SMB,Healthcare,36353.68,train,0,Retained,0.5506955708289396,55.07,0,High,448,2024-12-31,2025-12-31
CUST-001633,"Miller, Gonzalez and Rasmussen",SMB,Manufacturing,33913.25,train,0,Retained,0.5496010799454014,54.96,0,High,449,2024-12-31,2025-12-31
CUST-001749,"Russo, Collins and Murphy",SMB,Technology,16874.47,train,0,Retained,0.5491483657725482,54.91,0,High,450,2024-12-31,2025-12-31
CUST-000260,Dean-Jimenez,SMB,Education,14020.52,train,0,Retained,0.5485199482460714,54.85,0,High,451,2024-12-31,2025-12-31
CUST-002058,"Bradley, Melendez and Gonzalez",SMB,Banking,25099.74,test,0,Retained,0.5484374502940947,54.84,0,High,452,2024-12-31,2025-12-31
CUST-001590,"Nguyen, Olson and Freeman",SMB,Healthcare,18360.91,test,0,Retained,0.5483129980756061,54.83,0,High,453,2024-12-31,2025-12-31
CUST-001585,"Short, Ellison and Dixon",Mid-Market,Media,39337.24,train,0,Retained,0.5479764817456063,54.8,0,High,454,2024-12-31,2025-12-31
CUST-000346,Zhang PLC,Mid-Market,Media,100711.24,train,0,Retained,0.547074070458843,54.71,0,High,455,2024-12-31,2025-12-31
CUST-000646,"Carrillo, Vaughn and Fowler",SMB,Telecommunications,15286.2,train,0,Retained,0.5466804828001132,54.67,0,High,456,2024-12-31,2025-12-31
CUST-000670,"Anderson, Dalton and Wilson",SMB,Media,16921.67,train,0,Retained,0.5464963016084142,54.65,0,High,457,2024-12-31,2025-12-31
CUST-001665,Newton and Sons,Mid-Market,Manufacturing,175664.86,test,0,Retained,0.5461875769432752,54.62,0,High,458,2024-12-31,2025-12-31
CUST-000103,"Mckee, Gardner and Davenport",Mid-Market,Retail,109389.9,validation,1,Churned,0.5461574801832336,54.62,0,High,459,2024-12-31,2025-12-31
CUST-000033,"Ferrell, Rice and Maddox",SMB,Banking,28016.03,train,0,Retained,0.5447874554894612,54.48,0,High,460,2024-12-31,2025-12-31
CUST-000353,Smith and Sons,Mid-Market,Technology,113095.79,train,0,Retained,0.5443366015655988,54.43,0,High,461,2024-12-31,2025-12-31
CUST-001653,Ali-Turner,SMB,Healthcare,7469.26,validation,0,Retained,0.5443296076948572,54.43,0,High,462,2024-12-31,2025-12-31
CUST-000557,Marshall-Peterson,Mid-Market,Healthcare,42231.25,train,0,Retained,0.5368310092962119,53.68,0,High,463,2024-12-31,2025-12-31
CUST-001433,Moss LLC,SMB,Professional Services,13126.29,train,0,Retained,0.5364671294982726,53.65,0,High,464,2024-12-31,2025-12-31
CUST-000771,Armstrong and Sons,Mid-Market,Manufacturing,211688.16,train,1,Churned,0.5353874078261828,53.54,0,High,465,2024-12-31,2025-12-31
CUST-001883,Price-Ferrell,SMB,Technology,19687.17,train,0,Retained,0.5351697941609516,53.52,0,High,466,2024-12-31,2025-12-31
CUST-001856,"Hall, Vega and Price",SMB,Healthcare,30398.82,train,0,Retained,0.5346114433302754,53.46,0,High,467,2024-12-31,2025-12-31
CUST-001971,"Patterson, Salas and Wright",SMB,Technology,28030.28,train,0,Retained,0.5344959455006953,53.45,0,High,468,2024-12-31,2025-12-31
CUST-000663,"Brown, Mcknight and Michael",SMB,Technology,19347.93,train,0,Retained,0.5337173995023493,53.37,0,High,469,2024-12-31,2025-12-31
CUST-000199,Ramirez Group,Mid-Market,Retail,93612.31,train,0,Retained,0.5336953954107916,53.37,0,High,470,2024-12-31,2025-12-31
CUST-002029,Ferguson Inc,SMB,Energy,20478.09,train,0,Retained,0.532382939373896,53.24,0,High,471,2024-12-31,2025-12-31
CUST-002117,"Fitzgerald, Mcdaniel and Randall",Mid-Market,Healthcare,150560.7,train,0,Retained,0.5308799447863641,53.09,0,High,472,2024-12-31,2025-12-31
CUST-000749,Hickman-Evans,SMB,Technology,20271.7,train,0,Retained,0.5294117270318001,52.94,0,High,473,2024-12-31,2025-12-31
CUST-001804,Wood PLC,Mid-Market,Energy,83746.33,test,0,Retained,0.5290026897487695,52.9,0,High,474,2024-12-31,2025-12-31
CUST-001356,Martin-Jones,SMB,Insurance,30361.71,train,0,Retained,0.5289269319558281,52.89,0,High,475,2024-12-31,2025-12-31
CUST-000369,Perry-Davis,SMB,Education,28463.5,train,0,Retained,0.5281536140130033,52.82,0,High,476,2024-12-31,2025-12-31
CUST-002088,Collins-Cox,Mid-Market,Banking,133477.18,train,0,Retained,0.5277613013400949,52.78,0,High,477,2024-12-31,2025-12-31
CUST-001075,Arnold-Gates,Mid-Market,Transportation,208846.91,train,0,Retained,0.527734888155147,52.77,0,High,478,2024-12-31,2025-12-31
CUST-000869,Flynn Group,Mid-Market,Manufacturing,39779.06,train,0,Retained,0.5275693764714194,52.76,0,High,479,2024-12-31,2025-12-31
CUST-000173,White-Green,SMB,Insurance,14477.23,test,0,Retained,0.526957808644095,52.7,0,High,480,2024-12-31,2025-12-31
CUST-001380,"Moreno, Perez and Lang",Mid-Market,Technology,234532.85,test,0,Retained,0.5256324371543667,52.56,0,High,481,2024-12-31,2025-12-31
CUST-000615,Gilbert PLC,Mid-Market,Technology,170069.55,train,0,Retained,0.5247789380767445,52.48,0,High,482,2024-12-31,2025-12-31
CUST-000366,"Wilson, Pena and Rich",SMB,Energy,17356.74,train,0,Retained,0.5221919305986538,52.22,0,High,483,2024-12-31,2025-12-31
CUST-001664,Schaefer Group,Mid-Market,Media,113825.31,train,1,Churned,0.520544905492137,52.05,0,High,484,2024-12-31,2025-12-31
CUST-001467,Ray Ltd,Mid-Market,Technology,86750.43,train,0,Retained,0.519696183628344,51.97,0,High,485,2024-12-31,2025-12-31
CUST-000091,"Turner, Riggs and Roman",SMB,Technology,16350.07,train,0,Retained,0.5180595698652899,51.81,0,High,486,2024-12-31,2025-12-31
CUST-000975,"Adkins, Wright and Murray",SMB,Education,11185.7,test,0,Retained,0.5180188492059223,51.8,0,High,487,2024-12-31,2025-12-31
CUST-001498,Smith-Mills,SMB,Energy,45411.16,validation,0,Retained,0.5177003685160195,51.77,0,High,488,2024-12-31,2025-12-31
CUST-001571,"Curry, Perry and Garcia",Mid-Market,Manufacturing,295086.85,train,0,Retained,0.5176357508669082,51.76,0,High,489,2024-12-31,2025-12-31
CUST-001194,Pruitt-Webb,SMB,Technology,30000.15,train,0,Retained,0.5174387579163386,51.74,0,High,490,2024-12-31,2025-12-31
CUST-000451,"Wise, Conley and Stephenson",Mid-Market,Energy,74005.6,test,0,Retained,0.5164364004924749,51.64,0,High,491,2024-12-31,2025-12-31
CUST-001037,"Perez, Hayes and Lloyd",SMB,Professional Services,29067.82,validation,0,Retained,0.5159899567891625,51.6,0,High,492,2024-12-31,2025-12-31
CUST-000012,Dudley Group,SMB,Professional Services,10336.81,train,0,Retained,0.5151348018075693,51.51,0,High,493,2024-12-31,2025-12-31
CUST-000404,Jones-Hensley,Mid-Market,Transportation,124111.54,validation,0,Retained,0.5139812905407339,51.4,0,High,494,2024-12-31,2025-12-31
CUST-000719,White-Preston,SMB,Telecommunications,12391.85,train,0,Retained,0.5124705865738496,51.25,0,High,495,2024-12-31,2025-12-31
CUST-000205,Miller Ltd,Mid-Market,Transportation,208562.06,train,0,Retained,0.5105084054384404,51.05,0,High,496,2024-12-31,2025-12-31
CUST-002111,Zavala-Coleman,Mid-Market,Media,76961.53,train,0,Retained,0.5099444226587467,50.99,0,High,497,2024-12-31,2025-12-31
CUST-000301,"Thomas, Murray and King",SMB,Healthcare,28665.07,validation,0,Retained,0.509807213602386,50.98,0,High,498,2024-12-31,2025-12-31
CUST-002126,Morgan PLC,Mid-Market,Transportation,122050.41,validation,0,Retained,0.5082272035156884,50.82,0,High,499,2024-12-31,2025-12-31
CUST-002445,"Bass, Anderson and Taylor",SMB,Banking,15567.88,train,0,Retained,0.5081472470637637,50.81,0,High,500,2024-12-31,2025-12-31
CUST-000596,Shaw-Carr,Mid-Market,Energy,158162.97,test,0,Retained,0.5063302035730453,50.63,0,High,501,2024-12-31,2025-12-31
CUST-001757,Flores and Sons,SMB,Banking,23450.48,train,0,Retained,0.5062554259023911,50.63,0,High,502,2024-12-31,2025-12-31
CUST-000282,Hughes-Alvarado,SMB,Professional Services,38913.32,validation,0,Retained,0.5044276534051872,50.44,0,High,503,2024-12-31,2025-12-31
CUST-000889,"Anderson, Jones and Reyes",Mid-Market,Transportation,131099.46,test,1,Churned,0.5034838365691199,50.35,0,High,504,2024-12-31,2025-12-31
CUST-002478,Torres Group,SMB,Professional Services,34348.47,train,0,Retained,0.503146100535714,50.31,0,High,505,2024-12-31,2025-12-31
CUST-000599,Hoffman Ltd,SMB,Transportation,39033.6,train,0,Retained,0.503104704234095,50.31,0,High,506,2024-12-31,2025-12-31
CUST-000953,"Acosta, Garcia and Moreno",SMB,Media,54310.51,test,0,Retained,0.502811286450687,50.28,0,High,507,2024-12-31,2025-12-31
CUST-000065,Baxter Inc,SMB,Media,11970.2,train,1,Churned,0.5002302042291488,50.02,0,High,508,2024-12-31,2025-12-31
CUST-002401,Smith-Ramirez,Mid-Market,Transportation,106171.53,test,0,Retained,0.4989109141925858,49.89,0,High,509,2024-12-31,2025-12-31
CUST-000315,"Becker, Taylor and Davis",SMB,Professional Services,10689.01,validation,0,Retained,0.4987133219034193,49.87,0,High,510,2024-12-31,2025-12-31
CUST-002341,Clark Ltd,SMB,Professional Services,26155.8,test,0,Retained,0.49795433894570484,49.8,0,High,511,2024-12-31,2025-12-31
CUST-001657,"Adams, Bradley and Hall",SMB,Telecommunications,11167.84,train,0,Retained,0.4978057788700606,49.78,0,High,512,2024-12-31,2025-12-31
CUST-001876,Douglas-Yoder,SMB,Insurance,20198.85,train,0,Retained,0.49773183059420134,49.77,0,High,513,2024-12-31,2025-12-31
CUST-000124,"Joyce, Wilson and Lam",SMB,Education,19706.32,train,0,Retained,0.49762093083060854,49.76,0,High,514,2024-12-31,2025-12-31
CUST-001618,Singh and Sons,SMB,Telecommunications,15242.77,train,0,Retained,0.4970895029941823,49.71,0,High,515,2024-12-31,2025-12-31
CUST-001730,Nielsen-Mendoza,SMB,Technology,33970.59,test,1,Churned,0.49604063807391136,49.6,0,High,516,2024-12-31,2025-12-31
CUST-000190,"Burke, Martinez and Riggs",SMB,Technology,18440.35,train,0,Retained,0.495496377743553,49.55,0,High,517,2024-12-31,2025-12-31
CUST-002289,Fox PLC,Mid-Market,Manufacturing,93095.8,validation,0,Retained,0.4950949266667791,49.51,0,High,518,2024-12-31,2025-12-31
CUST-000685,Young-Walter,SMB,Healthcare,19628.11,train,0,Retained,0.49263481703597434,49.26,0,High,519,2024-12-31,2025-12-31
CUST-000324,"Ramsey, Whitney and Coffey",SMB,Manufacturing,15557.66,train,0,Retained,0.4923207956238654,49.23,0,High,520,2024-12-31,2025-12-31
CUST-001314,Lee-White,SMB,Transportation,24007.29,train,0,Retained,0.49130703856193814,49.13,0,High,521,2024-12-31,2025-12-31
CUST-000251,Moon-White,SMB,Insurance,30205.4,test,0,Retained,0.4911554959006159,49.12,0,High,522,2024-12-31,2025-12-31
CUST-000073,Henderson-Bernard,SMB,Healthcare,6795.07,train,0,Retained,0.4908869773607295,49.09,0,High,523,2024-12-31,2025-12-31
CUST-000391,Frank-Bradley,SMB,Manufacturing,10300.5,train,0,Retained,0.4903191887182365,49.03,0,High,524,2024-12-31,2025-12-31
CUST-000473,Moody-Taylor,SMB,Manufacturing,9327.34,train,0,Retained,0.49016760251979524,49.02,0,High,525,2024-12-31,2025-12-31
CUST-002105,"Hines, Rice and Baldwin",Mid-Market,Energy,181504.47,train,0,Retained,0.4897071439617012,48.97,0,High,526,2024-12-31,2025-12-31
CUST-000702,Giles Ltd,Mid-Market,Education,31373.77,train,0,Retained,0.48899319744963254,48.9,0,High,527,2024-12-31,2025-12-31
CUST-001145,"Brown, Hayes and Clark",SMB,Manufacturing,47216.37,train,0,Retained,0.48741498514133536,48.74,0,High,528,2024-12-31,2025-12-31
CUST-002115,"Roberts, Bowen and Miller",Mid-Market,Insurance,149166.11,train,0,Retained,0.4872776057408178,48.73,0,High,529,2024-12-31,2025-12-31
CUST-000352,Guerrero Inc,Mid-Market,Retail,88896.1,test,0,Retained,0.4861587990942657,48.62,0,High,530,2024-12-31,2025-12-31
CUST-002499,"Miller, Mcdowell and Curtis",SMB,Telecommunications,42999.73,train,0,Retained,0.4848932102997806,48.49,0,High,531,2024-12-31,2025-12-31
CUST-001635,"Torres, Burns and Garner",SMB,Energy,19219.25,test,0,Retained,0.484544630922288,48.45,0,High,532,2024-12-31,2025-12-31
CUST-000658,Chavez PLC,Mid-Market,Retail,214990.74,train,0,Retained,0.4838845412360285,48.39,0,High,533,2024-12-31,2025-12-31
CUST-001902,Diaz LLC,SMB,Healthcare,17696.87,train,0,Retained,0.48285629213615344,48.29,0,High,534,2024-12-31,2025-12-31
CUST-000807,Guerra Ltd,SMB,Energy,24875.39,train,0,Retained,0.48074835508676395,48.07,0,High,535,2024-12-31,2025-12-31
CUST-001414,"Herman, Bailey and Richmond",SMB,Media,36363.48,test,0,Retained,0.4801234278684681,48.01,0,High,536,2024-12-31,2025-12-31
CUST-000822,Diaz and Sons,Mid-Market,Insurance,171122.67,train,0,Retained,0.4792496117885515,47.92,0,High,537,2024-12-31,2025-12-31
CUST-002192,Wilson and Sons,SMB,Education,28120.18,validation,0,Retained,0.4791239546454463,47.91,0,High,538,2024-12-31,2025-12-31
CUST-000800,Sheppard-Jordan,SMB,Healthcare,15040.06,train,0,Retained,0.47854116136770836,47.85,0,High,539,2024-12-31,2025-12-31
CUST-000031,Burton Ltd,Mid-Market,Healthcare,167475.69,validation,1,Churned,0.4764908508031946,47.65,0,High,540,2024-12-31,2025-12-31
CUST-002125,"Schaefer, Levine and Brown",SMB,Energy,11743.15,train,0,Retained,0.47581637449691333,47.58,0,High,541,2024-12-31,2025-12-31
CUST-001920,Hoover-Davis,SMB,Telecommunications,14927.48,train,0,Retained,0.47572793076171627,47.57,0,High,542,2024-12-31,2025-12-31
CUST-001909,Burns Inc,SMB,Professional Services,24753.27,train,0,Retained,0.47566551516741684,47.57,0,High,543,2024-12-31,2025-12-31
CUST-000060,Gomez-Jenkins,SMB,Manufacturing,9205.43,test,0,Retained,0.4739657331633754,47.4,0,High,544,2024-12-31,2025-12-31
CUST-001234,"Webb, Romero and Morse",SMB,Professional Services,23647.42,validation,0,Retained,0.47335812327363996,47.34,0,High,545,2024-12-31,2025-12-31
CUST-000442,Rangel LLC,Mid-Market,Insurance,76416.27,train,0,Retained,0.4732695433288186,47.33,0,High,546,2024-12-31,2025-12-31
CUST-001503,"Brooks, Jenkins and Castro",SMB,Manufacturing,16797.5,validation,0,Retained,0.4725494866634023,47.25,0,High,547,2024-12-31,2025-12-31
CUST-000606,Bush-Vaughn,Mid-Market,Manufacturing,109884.59,train,0,Retained,0.4720686569140257,47.21,0,High,548,2024-12-31,2025-12-31
CUST-001946,Brown LLC,SMB,Technology,48865.16,train,0,Retained,0.4706141446733887,47.06,0,High,549,2024-12-31,2025-12-31
CUST-001858,Roberts Group,Mid-Market,Energy,62251.16,test,0,Retained,0.46942176609889985,46.94,0,High,550,2024-12-31,2025-12-31
CUST-000249,Johnston-Hines,Enterprise,Retail,446990.7,validation,0,Retained,0.4684813661796953,46.85,0,Medium,551,2024-12-31,2025-12-31
CUST-001434,Perez and Sons,Mid-Market,Retail,186167.65,train,0,Retained,0.4681370371101434,46.81,0,Medium,552,2024-12-31,2025-12-31
CUST-002392,"Norton, Cox and Johnson",Mid-Market,Banking,105953.43,train,0,Retained,0.46710672246087576,46.71,0,Medium,553,2024-12-31,2025-12-31
CUST-002378,Villegas PLC,SMB,Manufacturing,20784.39,train,0,Retained,0.4665527800707124,46.66,0,Medium,554,2024-12-31,2025-12-31
CUST-002196,Nelson Inc,SMB,Professional Services,30078.51,train,0,Retained,0.4664990849154294,46.65,0,Medium,555,2024-12-31,2025-12-31
CUST-001306,Taylor Group,Mid-Market,Media,171020.88,train,0,Retained,0.46641160400431936,46.64,0,Medium,556,2024-12-31,2025-12-31
CUST-000331,Reid Group,SMB,Retail,45708.98,train,0,Retained,0.4656761885536511,46.57,0,Medium,557,2024-12-31,2025-12-31
CUST-002031,Gould LLC,SMB,Technology,12322.16,train,0,Retained,0.46452282285166346,46.45,0,Medium,558,2024-12-31,2025-12-31
CUST-001905,"Lee, Dominguez and Mosley",Mid-Market,Energy,128488.75,test,0,Retained,0.46218591098628203,46.22,0,Medium,559,2024-12-31,2025-12-31
CUST-001855,Turner-Reese,SMB,Education,36007.63,test,0,Retained,0.4620992090621667,46.21,0,Medium,560,2024-12-31,2025-12-31
CUST-002274,"Ward, Jordan and Orr",Mid-Market,Insurance,52100.56,train,0,Retained,0.4620270976745468,46.2,0,Medium,561,2024-12-31,2025-12-31
CUST-000913,Lewis-Livingston,SMB,Energy,32197.76,train,0,Retained,0.4614475036711536,46.14,0,Medium,562,2024-12-31,2025-12-31
CUST-000842,Medina and Sons,Mid-Market,Professional Services,90629.51,train,0,Retained,0.4609534477385906,46.1,0,Medium,563,2024-12-31,2025-12-31
CUST-001140,Taylor and Sons,Mid-Market,Professional Services,123204.27,validation,0,Retained,0.45992778180578897,45.99,0,Medium,564,2024-12-31,2025-12-31
CUST-000443,"Hale, Myers and Larson",SMB,Healthcare,26982.44,train,0,Retained,0.4584665101972807,45.85,0,Medium,565,2024-12-31,2025-12-31
CUST-001005,"Bradford, Salinas and Kelly",Mid-Market,Manufacturing,166461.83,train,0,Retained,0.45776324491057135,45.78,0,Medium,566,2024-12-31,2025-12-31
CUST-001067,"Byrd, Oliver and Martinez",SMB,Banking,19518.32,train,0,Retained,0.4534348442220779,45.34,0,Medium,567,2024-12-31,2025-12-31
CUST-000955,Dawson Inc,SMB,Technology,25705.84,train,0,Retained,0.45155725101132455,45.16,0,Medium,568,2024-12-31,2025-12-31
CUST-001065,Miller-Orr,SMB,Banking,30077.68,train,0,Retained,0.45139165838008394,45.14,0,Medium,569,2024-12-31,2025-12-31
CUST-001569,Lee Ltd,Enterprise,Technology,170262.32,validation,0,Retained,0.4506063421726252,45.06,0,Medium,570,2024-12-31,2025-12-31
CUST-000481,Brown-Copeland,SMB,Banking,16455.52,train,1,Churned,0.4504552627396943,45.05,0,Medium,571,2024-12-31,2025-12-31
CUST-001123,Guerrero-Becker,Mid-Market,Retail,185490.78,train,0,Retained,0.45012886920195727,45.01,0,Medium,572,2024-12-31,2025-12-31
CUST-001296,Andrews and Sons,SMB,Transportation,50695.99,train,0,Retained,0.44994850146311616,44.99,0,Medium,573,2024-12-31,2025-12-31
CUST-001162,"Wagner, Martinez and Dawson",Mid-Market,Retail,80230.57,train,0,Retained,0.4467845048957126,44.68,0,Medium,574,2024-12-31,2025-12-31
CUST-001465,Cooper-Jenkins,SMB,Media,35431.19,train,0,Retained,0.44654853396706823,44.65,0,Medium,575,2024-12-31,2025-12-31
CUST-000137,"Lewis, Kennedy and Santana",Mid-Market,Media,132024.05,test,0,Retained,0.4456214142772504,44.56,0,Medium,576,2024-12-31,2025-12-31
CUST-002437,Tucker-Moody,SMB,Energy,18713.86,train,0,Retained,0.4454443613335484,44.54,0,Medium,577,2024-12-31,2025-12-31
CUST-001904,"Harris, Spencer and Ponce",SMB,Media,20983.5,train,0,Retained,0.44443347958825197,44.44,0,Medium,578,2024-12-31,2025-12-31
CUST-000865,Robertson-Ramirez,Mid-Market,Technology,127035.46,train,0,Retained,0.4434725477598249,44.35,0,Medium,579,2024-12-31,2025-12-31
CUST-002191,Mcdaniel-Young,SMB,Media,14883.11,validation,0,Retained,0.4434338798909079,44.34,0,Medium,580,2024-12-31,2025-12-31
CUST-001334,Arnold PLC,SMB,Professional Services,12316.67,train,0,Retained,0.4433542551445333,44.34,0,Medium,581,2024-12-31,2025-12-31
CUST-000805,"Hernandez, Cuevas and Webb",SMB,Media,17758.75,train,0,Retained,0.44328234225967467,44.33,0,Medium,582,2024-12-31,2025-12-31
CUST-001526,"Vang, Gonzalez and Moss",Mid-Market,Technology,93160.14,train,0,Retained,0.4430658881526995,44.31,0,Medium,583,2024-12-31,2025-12-31
CUST-000583,Martin-Ewing,SMB,Transportation,27174.23,validation,0,Retained,0.442963253570079,44.3,0,Medium,584,2024-12-31,2025-12-31
CUST-001684,Holt-Meadows,SMB,Telecommunications,20883.22,train,0,Retained,0.44288187108446736,44.29,0,Medium,585,2024-12-31,2025-12-31
CUST-001249,Rich-Henderson,SMB,Technology,19647.29,train,0,Retained,0.4422362057522964,44.22,0,Medium,586,2024-12-31,2025-12-31
CUST-001599,Williams Ltd,SMB,Healthcare,30613.3,train,0,Retained,0.4422211455455387,44.22,0,Medium,587,2024-12-31,2025-12-31
CUST-001472,Davidson LLC,Mid-Market,Healthcare,95029.14,train,0,Retained,0.4419993017156986,44.2,0,Medium,588,2024-12-31,2025-12-31
CUST-002380,Romero and Sons,SMB,Professional Services,21467.1,train,1,Churned,0.438478993790417,43.85,0,Medium,589,2024-12-31,2025-12-31
CUST-000689,David-Powers,Mid-Market,Media,89066.21,train,0,Retained,0.43750340379616,43.75,0,Medium,590,2024-12-31,2025-12-31
CUST-001510,Walsh PLC,Mid-Market,Manufacturing,83144.32,validation,0,Retained,0.4373092473662144,43.73,0,Medium,591,2024-12-31,2025-12-31
CUST-001239,Waller-Chavez,SMB,Insurance,19278.56,train,0,Retained,0.43608508052123224,43.61,0,Medium,592,2024-12-31,2025-12-31
CUST-001128,Knox-Powers,Mid-Market,Education,122652.21,train,0,Retained,0.4353226918281431,43.53,0,Medium,593,2024-12-31,2025-12-31
CUST-000588,Robles-Swanson,SMB,Healthcare,9619.78,train,0,Retained,0.43281718609246755,43.28,0,Medium,594,2024-12-31,2025-12-31
CUST-000162,Stein-Silva,SMB,Media,11652.2,train,0,Retained,0.4314124695669461,43.14,0,Medium,595,2024-12-31,2025-12-31
CUST-001310,Medina-Arroyo,Mid-Market,Healthcare,159155.5,train,1,Churned,0.4311553670331896,43.12,0,Medium,596,2024-12-31,2025-12-31
CUST-000122,Johnson-Carlson,Mid-Market,Technology,108729.03,train,0,Retained,0.4292541913054464,42.93,0,Medium,597,2024-12-31,2025-12-31
CUST-000906,"Brown, Hurst and Blevins",SMB,Transportation,20528.98,train,0,Retained,0.42514236345056855,42.51,0,Medium,598,2024-12-31,2025-12-31
CUST-000563,Dougherty-Lin,Mid-Market,Insurance,134596.43,train,0,Retained,0.4246281336959018,42.46,0,Medium,599,2024-12-31,2025-12-31
CUST-002188,"Cannon, Richard and Jenkins",SMB,Insurance,31774.35,test,0,Retained,0.42143782446383443,42.14,0,Medium,600,2024-12-31,2025-12-31
CUST-002487,"Pittman, Campbell and Martin",SMB,Manufacturing,28390.12,train,0,Retained,0.42092776426287704,42.09,0,Medium,601,2024-12-31,2025-12-31
CUST-001307,"Phillips, Walters and Evans",Mid-Market,Energy,106832.83,test,0,Retained,0.41990103012821406,41.99,0,Medium,602,2024-12-31,2025-12-31
CUST-001029,Fields Inc,Mid-Market,Energy,110470.33,test,0,Retained,0.4191646874544178,41.92,0,Medium,603,2024-12-31,2025-12-31
CUST-002325,Mack Inc,Mid-Market,Banking,153618.48,train,0,Retained,0.4185971310560001,41.86,0,Medium,604,2024-12-31,2025-12-31
CUST-001538,Parks LLC,Mid-Market,Education,117755.2,train,0,Retained,0.4183704929355907,41.84,0,Medium,605,2024-12-31,2025-12-31
CUST-000752,"Ramsey, Mason and Mccann",Mid-Market,Transportation,125959.14,validation,0,Retained,0.41749510774894216,41.75,0,Medium,606,2024-12-31,2025-12-31
CUST-000311,"Beltran, Lozano and Mcgee",Mid-Market,Insurance,47265.92,train,0,Retained,0.4169305204014587,41.69,0,Medium,607,2024-12-31,2025-12-31
CUST-002453,Schneider Inc,SMB,Education,15967.34,train,0,Retained,0.4149014274789306,41.49,0,Medium,608,2024-12-31,2025-12-31
CUST-001035,Bell-Bennett,Mid-Market,Professional Services,134105.95,train,0,Retained,0.4136872997942278,41.37,0,Medium,609,2024-12-31,2025-12-31
CUST-000056,Jones-Young,SMB,Banking,33604.99,train,0,Retained,0.4131949811788491,41.32,0,Medium,610,2024-12-31,2025-12-31
CUST-001042,Wheeler-Austin,SMB,Technology,25880.11,train,0,Retained,0.41303272197884106,41.3,0,Medium,611,2024-12-31,2025-12-31
CUST-000601,Stevens PLC,Mid-Market,Retail,143179.61,test,0,Retained,0.4121734488070591,41.22,0,Medium,612,2024-12-31,2025-12-31
CUST-000410,Collier-Gillespie,Enterprise,Retail,649457.45,train,0,Retained,0.411523043934479,41.15,0,Medium,613,2024-12-31,2025-12-31
CUST-000110,Johnson-Doyle,SMB,Retail,7213.16,train,0,Retained,0.41150599870624394,41.15,0,Medium,614,2024-12-31,2025-12-31
CUST-001064,Armstrong-Young,Mid-Market,Transportation,135864.05,train,0,Retained,0.40986165033496513,40.99,0,Medium,615,2024-12-31,2025-12-31
CUST-001767,White-Carlson,Mid-Market,Education,145500.01,train,0,Retained,0.4092143743367061,40.92,0,Medium,616,2024-12-31,2025-12-31
CUST-001784,Dickson Group,SMB,Professional Services,20010.26,train,0,Retained,0.40839630558029755,40.84,0,Medium,617,2024-12-31,2025-12-31
CUST-001095,Jones Ltd,SMB,Manufacturing,26279.72,validation,0,Retained,0.4070435381417276,40.7,0,Medium,618,2024-12-31,2025-12-31
CUST-000248,"Matthews, Smith and Hubbard",Enterprise,Retail,202733.59,validation,0,Retained,0.4063451116119463,40.63,0,Medium,619,2024-12-31,2025-12-31
CUST-001008,"Johnson, Haynes and Meza",SMB,Telecommunications,7681.74,train,0,Retained,0.4063006538741,40.63,0,Medium,620,2024-12-31,2025-12-31
CUST-002014,"Newman, Jenkins and Cooper",SMB,Healthcare,49445.49,train,0,Retained,0.40607972354628535,40.61,0,Medium,621,2024-12-31,2025-12-31
CUST-001504,Wright-Espinoza,Mid-Market,Banking,82118.21,train,0,Retained,0.40449756003529574,40.45,0,Medium,622,2024-12-31,2025-12-31
CUST-001027,Rivera Inc,SMB,Healthcare,27339.49,train,0,Retained,0.4041243954375574,40.41,0,Medium,623,2024-12-31,2025-12-31
CUST-000994,"Wright, Mcknight and Stephens",SMB,Energy,19898.83,train,0,Retained,0.40033867770973935,40.03,0,Medium,624,2024-12-31,2025-12-31
CUST-000079,Jones Inc,Mid-Market,Banking,131066.41,test,0,Retained,0.39975477353953626,39.98,0,Medium,625,2024-12-31,2025-12-31
CUST-000603,"Becker, Lara and Baker",SMB,Technology,14995.12,train,0,Retained,0.3985346938286189,39.85,0,Medium,626,2024-12-31,2025-12-31
CUST-002349,Mccoy Ltd,Mid-Market,Professional Services,113307.43,validation,0,Retained,0.397893553569015,39.79,0,Medium,627,2024-12-31,2025-12-31
CUST-000879,Baxter LLC,Mid-Market,Transportation,116726.68,train,0,Retained,0.3969067425856694,39.69,0,Medium,628,2024-12-31,2025-12-31
CUST-000332,"Turner, Ortiz and Taylor",Mid-Market,Media,69865.76,train,0,Retained,0.3957980543142768,39.58,0,Medium,629,2024-12-31,2025-12-31
CUST-000537,"Mendoza, Jenkins and Ortiz",SMB,Media,19351.36,test,1,Churned,0.3955795934720786,39.56,0,Medium,630,2024-12-31,2025-12-31
CUST-001889,Baldwin-Garcia,Mid-Market,Professional Services,91551.3,test,0,Retained,0.3953059147198872,39.53,0,Medium,631,2024-12-31,2025-12-31
CUST-002345,Martin and Sons,Mid-Market,Media,74303.47,train,0,Retained,0.39304967156105286,39.3,0,Medium,632,2024-12-31,2025-12-31
CUST-001487,Perez-Rojas,SMB,Banking,21849.64,train,1,Churned,0.39221731234741,39.22,0,Medium,633,2024-12-31,2025-12-31
CUST-002493,"Chavez, Sanchez and Bird",Mid-Market,Healthcare,87893.06,train,0,Retained,0.39177787186744883,39.18,0,Medium,634,2024-12-31,2025-12-31
CUST-001713,Neal LLC,SMB,Transportation,38691.42,train,0,Retained,0.39028441634743577,39.03,0,Medium,635,2024-12-31,2025-12-31
CUST-002237,"Hines, Bradford and Jennings",SMB,Banking,35190.5,train,0,Retained,0.38809045294059485,38.81,0,Medium,636,2024-12-31,2025-12-31
CUST-002174,"Richard, Davis and Rogers",SMB,Technology,16799.59,train,0,Retained,0.38746127513035455,38.75,0,Medium,637,2024-12-31,2025-12-31
CUST-001308,"Wong, Bernard and Smith",SMB,Banking,37011.41,train,0,Retained,0.3866508485141508,38.67,0,Medium,638,2024-12-31,2025-12-31
CUST-000047,Anderson Group,SMB,Manufacturing,33432.25,train,0,Retained,0.38620720991531177,38.62,0,Medium,639,2024-12-31,2025-12-31
CUST-000274,Hoover-Campbell,SMB,Telecommunications,33893.38,train,0,Retained,0.38556530912740883,38.56,0,Medium,640,2024-12-31,2025-12-31
CUST-000245,"Fernandez, Kim and George",Mid-Market,Retail,141398.59,train,1,Churned,0.3824087695993561,38.24,0,Medium,641,2024-12-31,2025-12-31
CUST-002321,Carroll-Arnold,Mid-Market,Retail,191599.49,train,0,Retained,0.38052249137003485,38.05,0,Medium,642,2024-12-31,2025-12-31
CUST-001112,Marquez-Fletcher,Mid-Market,Technology,122975.28,train,1,Churned,0.3803371664750281,38.03,0,Medium,643,2024-12-31,2025-12-31
CUST-000716,Levy-May,SMB,Insurance,33878.96,train,0,Retained,0.378839913439742,37.88,0,Medium,644,2024-12-31,2025-12-31
CUST-001717,"Peck, Andersen and Mitchell",Mid-Market,Media,189954.29,train,0,Retained,0.37814247528547484,37.81,0,Medium,645,2024-12-31,2025-12-31
CUST-000840,Miller Inc,Mid-Market,Technology,84432.44,train,0,Retained,0.3770140723336396,37.7,0,Medium,646,2024-12-31,2025-12-31
CUST-002072,Ward-Fields,Mid-Market,Banking,122222.35,validation,0,Retained,0.3768783331027299,37.69,0,Medium,647,2024-12-31,2025-12-31
CUST-002444,Harrington-Alvarez,Mid-Market,Retail,57013.65,train,0,Retained,0.37625595263801986,37.63,0,Medium,648,2024-12-31,2025-12-31
CUST-001369,Hanson PLC,Mid-Market,Manufacturing,135703.54,train,0,Retained,0.37618427673794597,37.62,0,Medium,649,2024-12-31,2025-12-31
CUST-000370,Edwards-Scott,Mid-Market,Banking,69478.15,train,0,Retained,0.37570431362315626,37.57,0,Medium,650,2024-12-31,2025-12-31
CUST-001976,Schmidt-Mendoza,Enterprise,Telecommunications,193734.15,train,0,Retained,0.3756549826106526,37.57,0,Medium,651,2024-12-31,2025-12-31
CUST-001545,"Phillips, Terry and Lopez",Mid-Market,Professional Services,108005.65,test,0,Retained,0.3751282764167386,37.51,0,Medium,652,2024-12-31,2025-12-31
CUST-001156,Bryant-Meyer,Enterprise,Transportation,419668.5,train,0,Retained,0.3728723140571032,37.29,0,Medium,653,2024-12-31,2025-12-31
CUST-001780,"Andrews, Romero and Sullivan",Mid-Market,Technology,236495.45,train,0,Retained,0.37182052782448527,37.18,0,Medium,654,2024-12-31,2025-12-31
CUST-001888,Mendez Inc,SMB,Insurance,31814.65,train,0,Retained,0.3717191902276354,37.17,0,Medium,655,2024-12-31,2025-12-31
CUST-001934,Butler-Aguirre,Enterprise,Retail,384722.74,train,0,Retained,0.3712104746571774,37.12,0,Medium,656,2024-12-31,2025-12-31
CUST-000990,Holland Group,Mid-Market,Healthcare,122026.38,train,0,Retained,0.37080189188019186,37.08,0,Medium,657,2024-12-31,2025-12-31
CUST-001566,"Brown, Jensen and Rice",Mid-Market,Retail,139738.2,train,0,Retained,0.37072060897006165,37.07,0,Medium,658,2024-12-31,2025-12-31
CUST-000153,Manning Group,Mid-Market,Manufacturing,139632.18,validation,0,Retained,0.3700478542858957,37.0,0,Medium,659,2024-12-31,2025-12-31
CUST-000633,Simon Ltd,SMB,Professional Services,41485.48,test,0,Retained,0.36988193369418365,36.99,0,Medium,660,2024-12-31,2025-12-31
CUST-001114,Stevens-Robinson,SMB,Technology,23512.49,train,0,Retained,0.3698692094328107,36.99,0,Medium,661,2024-12-31,2025-12-31
CUST-001850,Mullins-Gutierrez,Mid-Market,Banking,81637.4,train,0,Retained,0.36877274741359,36.88,0,Medium,662,2024-12-31,2025-12-31
CUST-000437,Ortiz-Morgan,Enterprise,Education,889437.38,train,0,Retained,0.3681713621119279,36.82,0,Medium,663,2024-12-31,2025-12-31
CUST-000336,"Avery, Horton and Fernandez",SMB,Professional Services,36111.72,validation,0,Retained,0.36599620362033636,36.6,0,Medium,664,2024-12-31,2025-12-31
CUST-001202,"Marks, Stone and Watts",SMB,Manufacturing,20007.23,test,0,Retained,0.36442168697592525,36.44,0,Medium,665,2024-12-31,2025-12-31
CUST-000608,"Hill, Martinez and Rhodes",Mid-Market,Energy,88848.53,train,0,Retained,0.36423417890926363,36.42,0,Medium,666,2024-12-31,2025-12-31
CUST-001748,Peterson Group,SMB,Insurance,40004.65,train,0,Retained,0.36295882803708235,36.3,0,Medium,667,2024-12-31,2025-12-31
CUST-000761,Moore-Dawson,Mid-Market,Technology,81826.99,train,0,Retained,0.3625976614853022,36.26,0,Medium,668,2024-12-31,2025-12-31
CUST-001352,Kaufman-Walker,Mid-Market,Telecommunications,108939.72,train,0,Retained,0.3625905837364017,36.26,0,Medium,669,2024-12-31,2025-12-31
CUST-001454,Olsen Ltd,SMB,Manufacturing,16596.04,test,0,Retained,0.36171995337711277,36.17,0,Medium,670,2024-12-31,2025-12-31
CUST-001455,Brock-Peters,Enterprise,Technology,512740.63,validation,0,Retained,0.35991412878194706,35.99,0,Medium,671,2024-12-31,2025-12-31
CUST-001398,"Mann, Martin and Oconnell",SMB,Telecommunications,28993.48,train,0,Retained,0.35922847591868634,35.92,0,Medium,672,2024-12-31,2025-12-31
CUST-000661,Foster Inc,Mid-Market,Technology,56039.24,train,0,Retained,0.35891153931090747,35.89,0,Medium,673,2024-12-31,2025-12-31
CUST-002107,Beltran Inc,Mid-Market,Transportation,161434.2,train,0,Retained,0.35779668970091727,35.78,0,Medium,674,2024-12-31,2025-12-31
CUST-002079,Smith PLC,Mid-Market,Healthcare,164280.77,train,0,Retained,0.357048144355291,35.7,0,Medium,675,2024-12-31,2025-12-31
CUST-000597,Salas-Fitzgerald,SMB,Energy,32809.38,train,0,Retained,0.3555238516075221,35.55,0,Medium,676,2024-12-31,2025-12-31
CUST-002318,"Miller, Mcdonald and Miller",SMB,Telecommunications,33166.47,train,0,Retained,0.3551829821429101,35.52,0,Medium,677,2024-12-31,2025-12-31
CUST-000576,"Cole, Pierce and Bryan",Enterprise,Manufacturing,196235.05,train,0,Retained,0.35388753827667546,35.39,0,Medium,678,2024-12-31,2025-12-31
CUST-000903,Abbott Ltd,Mid-Market,Professional Services,174982.39,train,0,Retained,0.35337204180110793,35.34,0,Medium,679,2024-12-31,2025-12-31
CUST-002306,Price Group,SMB,Manufacturing,26374.76,train,0,Retained,0.35317472828905916,35.32,0,Medium,680,2024-12-31,2025-12-31
CUST-000141,Hernandez Inc,SMB,Healthcare,14803.22,test,0,Retained,0.352084340445171,35.21,0,Medium,681,2024-12-31,2025-12-31
CUST-000350,"Smith, Garrison and Thomas",Mid-Market,Energy,93059.47,train,0,Retained,0.3509861468119261,35.1,0,Medium,682,2024-12-31,2025-12-31
CUST-001603,Duncan-Williams,SMB,Energy,18440.53,train,0,Retained,0.35062778014906737,35.06,0,Medium,683,2024-12-31,2025-12-31
CUST-001009,"Thomas, Vaughan and Copeland",Mid-Market,Telecommunications,167623.26,validation,0,Retained,0.35030429388212636,35.03,0,Medium,684,2024-12-31,2025-12-31
CUST-000579,"Mcmillan, Fischer and Gonzalez",Mid-Market,Media,105324.82,train,0,Retained,0.3492218977441707,34.92,0,Medium,685,2024-12-31,2025-12-31
CUST-000629,"Morrison, Hebert and Rogers",Mid-Market,Banking,135072.32,train,0,Retained,0.3485641301359305,34.86,0,Medium,686,2024-12-31,2025-12-31
CUST-000932,Moore-Ayala,Mid-Market,Energy,64648.91,test,0,Retained,0.34740729536563214,34.74,0,Medium,687,2024-12-31,2025-12-31
CUST-001921,"Jackson, Garza and Meyers",Mid-Market,Healthcare,198267.39,train,0,Retained,0.34664103866045887,34.66,0,Medium,688,2024-12-31,2025-12-31
CUST-000819,Smith-Lewis,SMB,Insurance,13250.14,train,0,Retained,0.3455284787981428,34.55,0,Medium,689,2024-12-31,2025-12-31
CUST-001177,Kelley and Sons,SMB,Transportation,30141.86,test,0,Retained,0.34512361211081194,34.51,0,Medium,690,2024-12-31,2025-12-31
CUST-000726,Williamson Ltd,SMB,Manufacturing,23780.17,validation,0,Retained,0.34477072424074495,34.48,0,Medium,691,2024-12-31,2025-12-31
CUST-001613,"Rios, Carrillo and Jackson",Mid-Market,Banking,149440.2,train,0,Retained,0.34394392283569736,34.39,0,Medium,692,2024-12-31,2025-12-31
CUST-001597,"Reyes, Torres and Williams",Mid-Market,Education,94264.87,test,0,Retained,0.34388470448845326,34.39,0,Medium,693,2024-12-31,2025-12-31
CUST-001377,Winters PLC,SMB,Professional Services,45006.5,train,0,Retained,0.3392762195869644,33.93,0,Medium,694,2024-12-31,2025-12-31
CUST-001298,Hamilton-Smith,Mid-Market,Professional Services,87284.11,validation,0,Retained,0.3391829613940849,33.92,0,Medium,695,2024-12-31,2025-12-31
CUST-001085,Vaughn-Williams,Mid-Market,Healthcare,177321.52,train,0,Retained,0.33661796446451814,33.66,0,Medium,696,2024-12-31,2025-12-31
CUST-000328,Rodriguez-Hall,Mid-Market,Manufacturing,78290.59,train,0,Retained,0.33612886675522075,33.61,0,Medium,697,2024-12-31,2025-12-31
CUST-000255,Roberts-Landry,Mid-Market,Insurance,45960.65,train,0,Retained,0.33587638755262633,33.59,0,Medium,698,2024-12-31,2025-12-31
CUST-001719,"Gomez, Anderson and Hart",SMB,Insurance,9264.9,train,0,Retained,0.33461875983959977,33.46,0,Medium,699,2024-12-31,2025-12-31
CUST-001097,"Johnson, Lee and Whitaker",Mid-Market,Professional Services,145058.26,test,0,Retained,0.3345731702738739,33.46,0,Medium,700,2024-12-31,2025-12-31
CUST-002361,"Morgan, Guzman and Kirby",SMB,Technology,32724.07,train,0,Retained,0.3344403204889357,33.44,0,Medium,701,2024-12-31,2025-12-31
CUST-001224,"Brandt, Carter and Boyd",SMB,Energy,20065.97,test,0,Retained,0.33412155339651556,33.41,0,Medium,702,2024-12-31,2025-12-31
CUST-001893,Ortega LLC,Mid-Market,Transportation,83543.0,train,0,Retained,0.3332428518715746,33.32,0,Medium,703,2024-12-31,2025-12-31
CUST-000875,Smith-Noble,SMB,Banking,18317.33,train,0,Retained,0.3331784847900738,33.32,0,Medium,704,2024-12-31,2025-12-31
CUST-002208,Murphy-Silva,SMB,Telecommunications,17707.59,train,0,Retained,0.3317915135614037,33.18,0,Medium,705,2024-12-31,2025-12-31
CUST-002469,Garcia-Thomas,SMB,Energy,20109.3,train,0,Retained,0.33122851367689105,33.12,0,Medium,706,2024-12-31,2025-12-31
CUST-002056,Davis-Ortiz,Mid-Market,Insurance,164179.77,train,0,Retained,0.3306520084812809,33.07,0,Medium,707,2024-12-31,2025-12-31
CUST-002219,Vazquez Ltd,Mid-Market,Professional Services,91796.45,validation,0,Retained,0.33058853011354733,33.06,0,Medium,708,2024-12-31,2025-12-31
CUST-001754,"Charles, Wiggins and Cook",SMB,Retail,9851.56,validation,0,Retained,0.326641725378624,32.66,0,Medium,709,2024-12-31,2025-12-31
CUST-002093,Clark Inc,Mid-Market,Insurance,122799.61,train,0,Retained,0.32654450090586273,32.65,0,Medium,710,2024-12-31,2025-12-31
CUST-001315,"Phelps, York and Randolph",Mid-Market,Retail,207141.08,train,0,Retained,0.32643886779884546,32.64,0,Medium,711,2024-12-31,2025-12-31
CUST-000019,"Adams, Zuniga and Wong",Mid-Market,Transportation,119232.06,test,0,Retained,0.325509033356672,32.55,0,Medium,712,2024-12-31,2025-12-31
CUST-000327,Richards-Carson,Mid-Market,Healthcare,143006.57,train,0,Retained,0.3243446898016423,32.43,0,Medium,713,2024-12-31,2025-12-31
CUST-000001,"Rodriguez, Figueroa and Sanchez",Mid-Market,Healthcare,83709.45,train,0,Retained,0.3238296409148411,32.38,0,Medium,714,2024-12-31,2025-12-31
CUST-002075,Duran PLC,Mid-Market,Transportation,184499.18,train,0,Retained,0.32354375551671893,32.35,0,Medium,715,2024-12-31,2025-12-31
CUST-000284,"Sanford, Rivera and Garcia",SMB,Insurance,38103.11,train,0,Retained,0.32321146494235486,32.32,0,Medium,716,2024-12-31,2025-12-31
CUST-000711,Figueroa Inc,SMB,Healthcare,12189.65,train,0,Retained,0.3216965590978264,32.17,0,Medium,717,2024-12-31,2025-12-31
CUST-001738,Morgan Group,Mid-Market,Transportation,137020.09,validation,0,Retained,0.32013640234097956,32.01,0,Medium,718,2024-12-31,2025-12-31
CUST-000836,"Brown, Howard and Smith",SMB,Banking,29998.23,train,0,Retained,0.31900037174658136,31.9,0,Medium,719,2024-12-31,2025-12-31
CUST-000957,Haynes-Watson,Mid-Market,Transportation,77792.61,validation,0,Retained,0.3183179225380968,31.83,0,Medium,720,2024-12-31,2025-12-31
CUST-001582,Larson-Holmes,SMB,Telecommunications,14529.38,train,1,Churned,0.3166989658505261,31.67,0,Medium,721,2024-12-31,2025-12-31
CUST-000885,Lewis Inc,SMB,Media,34255.44,train,0,Retained,0.31548238715681454,31.55,0,Medium,722,2024-12-31,2025-12-31
CUST-000958,"Miller, Davis and Anderson",Enterprise,Retail,954589.35,test,0,Retained,0.31501045582530635,31.5,0,Medium,723,2024-12-31,2025-12-31
CUST-001238,"Moon, Farmer and Hill",Mid-Market,Insurance,144979.42,train,0,Retained,0.3136904831325711,31.37,0,Medium,724,2024-12-31,2025-12-31
CUST-000859,Sellers-Riddle,SMB,Transportation,37185.09,train,0,Retained,0.31260500756932763,31.26,0,Medium,725,2024-12-31,2025-12-31
CUST-001631,"Hughes, Whitney and Romero",SMB,Banking,27056.19,train,0,Retained,0.31143067663977564,31.14,0,Medium,726,2024-12-31,2025-12-31
CUST-000039,Harrell LLC,Mid-Market,Healthcare,256632.14,train,0,Retained,0.3098319280300425,30.98,0,Medium,727,2024-12-31,2025-12-31
CUST-001103,Thompson-Harrell,Mid-Market,Technology,51500.53,train,0,Retained,0.30820655559703813,30.82,0,Medium,728,2024-12-31,2025-12-31
CUST-000374,"Watson, Anderson and Brown",Mid-Market,Manufacturing,216202.89,validation,0,Retained,0.30715153930386596,30.72,0,Medium,729,2024-12-31,2025-12-31
CUST-001956,Kane-Bennett,Mid-Market,Telecommunications,129025.56,train,0,Retained,0.30659573365935894,30.66,0,Medium,730,2024-12-31,2025-12-31
CUST-001925,"Gardner, Morris and Oconnell",Mid-Market,Insurance,169027.92,train,0,Retained,0.3061109070596162,30.61,0,Medium,731,2024-12-31,2025-12-31
CUST-002015,"Buchanan, Tucker and Wade",SMB,Education,18176.2,train,0,Retained,0.3060543830122022,30.61,0,Medium,732,2024-12-31,2025-12-31
CUST-002152,Jensen-Gomez,Mid-Market,Professional Services,209461.28,test,0,Retained,0.306040452401458,30.6,0,Medium,733,2024-12-31,2025-12-31
CUST-000221,Garcia-Smith,Mid-Market,Media,113831.27,test,0,Retained,0.30440252374773374,30.44,0,Medium,734,2024-12-31,2025-12-31
CUST-002210,Robinson-Rodriguez,Mid-Market,Education,105136.37,train,0,Retained,0.3032692119232267,30.33,0,Medium,735,2024-12-31,2025-12-31
CUST-001689,Tate LLC,Mid-Market,Retail,78197.1,train,0,Retained,0.30284806396302283,30.28,0,Medium,736,2024-12-31,2025-12-31
CUST-000041,Ryan PLC,Mid-Market,Energy,154000.75,validation,0,Retained,0.3026209879654807,30.26,0,Medium,737,2024-12-31,2025-12-31
CUST-001219,Velasquez Group,SMB,Energy,41704.63,train,0,Retained,0.3023778892041758,30.24,0,Medium,738,2024-12-31,2025-12-31
CUST-001189,White-Morales,SMB,Healthcare,26399.25,train,0,Retained,0.3018040890540157,30.18,0,Medium,739,2024-12-31,2025-12-31
CUST-000901,Wright PLC,SMB,Banking,18463.98,validation,0,Retained,0.3013447296151269,30.13,0,Medium,740,2024-12-31,2025-12-31
CUST-000705,Sanders and Sons,Mid-Market,Energy,135026.17,train,0,Retained,0.30021118032165894,30.02,0,Medium,741,2024-12-31,2025-12-31
CUST-002127,Martinez-Massey,Mid-Market,Retail,204426.0,train,0,Retained,0.29986770214952,29.99,0,Medium,742,2024-12-31,2025-12-31
CUST-001022,Gray Ltd,SMB,Technology,35038.86,train,1,Churned,0.2991741788403781,29.92,0,Medium,743,2024-12-31,2025-12-31
CUST-001959,Reilly Group,Mid-Market,Telecommunications,42827.71,train,0,Retained,0.29916521519687234,29.92,0,Medium,744,2024-12-31,2025-12-31
CUST-000105,Nolan-Flynn,SMB,Manufacturing,34212.13,train,0,Retained,0.29905230496875324,29.91,0,Medium,745,2024-12-31,2025-12-31
CUST-001982,Warner PLC,Mid-Market,Media,136460.03,train,0,Retained,0.2977523499489067,29.78,0,Medium,746,2024-12-31,2025-12-31
CUST-002243,Smith Inc,Mid-Market,Insurance,54504.05,validation,0,Retained,0.296831715879323,29.68,0,Medium,747,2024-12-31,2025-12-31
CUST-001318,"Carpenter, Lynn and Howard",SMB,Technology,19524.27,train,0,Retained,0.29628278518601414,29.63,0,Medium,748,2024-12-31,2025-12-31
CUST-000211,"Pierce, Bell and Chavez",Mid-Market,Manufacturing,90452.04,train,0,Retained,0.29431489436903663,29.43,0,Medium,749,2024-12-31,2025-12-31
CUST-000344,Davis-Lewis,SMB,Telecommunications,19077.21,train,0,Retained,0.29276078367623215,29.28,0,Medium,750,2024-12-31,2025-12-31
CUST-001766,"Williams, Reyes and Miller",Mid-Market,Transportation,77412.79,train,0,Retained,0.2924967551239006,29.25,0,Medium,751,2024-12-31,2025-12-31
CUST-000112,"Shields, Cochran and Adams",Mid-Market,Energy,134326.37,train,0,Retained,0.292429825717762,29.24,0,Medium,752,2024-12-31,2025-12-31
CUST-001350,"Hudson, Bennett and Gray",Mid-Market,Technology,109560.18,train,0,Retained,0.2913989906920933,29.14,0,Medium,753,2024-12-31,2025-12-31
CUST-001111,"Owen, Walker and Franklin",SMB,Telecommunications,16482.14,test,0,Retained,0.29120478194230187,29.12,0,Medium,754,2024-12-31,2025-12-31
CUST-000571,"Khan, Pena and Ruiz",SMB,Manufacturing,47500.73,train,0,Retained,0.2911876510169116,29.12,0,Medium,755,2024-12-31,2025-12-31
CUST-001361,"Whitaker, Johnson and Williams",Mid-Market,Technology,236573.85,test,0,Retained,0.29059722230318524,29.06,0,Medium,756,2024-12-31,2025-12-31
CUST-001159,Martin Group,SMB,Insurance,15265.02,train,0,Retained,0.28865517618380243,28.87,0,Medium,757,2024-12-31,2025-12-31
CUST-000212,King-Martinez,Mid-Market,Manufacturing,139484.26,train,0,Retained,0.2883280643906937,28.83,0,Medium,758,2024-12-31,2025-12-31
CUST-001873,"Shannon, Robinson and Greene",SMB,Professional Services,36401.1,train,0,Retained,0.287797153443073,28.78,0,Medium,759,2024-12-31,2025-12-31
CUST-000659,Bryant-Brown,SMB,Technology,49710.01,validation,0,Retained,0.28663863582933896,28.66,0,Medium,760,2024-12-31,2025-12-31
CUST-002113,Owens PLC,Mid-Market,Media,86350.7,train,0,Retained,0.28619789796696365,28.62,0,Medium,761,2024-12-31,2025-12-31
CUST-001602,Hernandez-Rogers,SMB,Education,23838.68,test,0,Retained,0.2849920274001652,28.5,0,Medium,762,2024-12-31,2025-12-31
CUST-001293,"Parks, Johnson and Love",Mid-Market,Retail,224344.66,train,0,Retained,0.2843236233397258,28.43,0,Medium,763,2024-12-31,2025-12-31
CUST-000064,"West, Henderson and Ramirez",Mid-Market,Healthcare,135975.77,train,0,Retained,0.28290970176169766,28.29,0,Medium,764,2024-12-31,2025-12-31
CUST-002022,Joseph LLC,SMB,Telecommunications,15031.71,test,0,Retained,0.28281032853719323,28.28,0,Medium,765,2024-12-31,2025-12-31
CUST-000119,May-Ross,Mid-Market,Healthcare,183660.85,train,0,Retained,0.2825733429640148,28.26,0,Medium,766,2024-12-31,2025-12-31
CUST-000940,Shaw Inc,Mid-Market,Media,72145.53,train,0,Retained,0.2810224124255104,28.1,0,Medium,767,2024-12-31,2025-12-31
CUST-002215,Vega-Richmond,Mid-Market,Energy,38263.47,validation,0,Retained,0.28070432515655486,28.07,0,Medium,768,2024-12-31,2025-12-31
CUST-001698,Chapman Group,SMB,Media,34866.69,validation,0,Retained,0.27912912052031735,27.91,0,Medium,769,2024-12-31,2025-12-31
CUST-002258,Aguilar-Holland,SMB,Transportation,7039.15,train,0,Retained,0.27826052983414895,27.83,0,Medium,770,2024-12-31,2025-12-31
CUST-000725,Wagner LLC,Mid-Market,Education,165990.09,validation,0,Retained,0.278121979454903,27.81,0,Medium,771,2024-12-31,2025-12-31
CUST-001586,"Howe, Moore and Johnson",Mid-Market,Insurance,96243.33,test,0,Retained,0.27739826235832793,27.74,0,Medium,772,2024-12-31,2025-12-31
CUST-000566,"Edwards, Hines and Jimenez",SMB,Professional Services,11942.09,validation,0,Retained,0.2765612002675003,27.66,0,Medium,773,2024-12-31,2025-12-31
CUST-001147,Glover-Chan,Mid-Market,Transportation,45231.8,validation,0,Retained,0.27622402118144856,27.62,0,Medium,774,2024-12-31,2025-12-31
CUST-002407,"Higgins, Hobbs and Meyer",Mid-Market,Energy,45496.34,train,0,Retained,0.27547348544418915,27.55,0,Medium,775,2024-12-31,2025-12-31
CUST-001110,"Smith, Buck and Holland",Enterprise,Banking,267354.0,train,0,Retained,0.2744858751918597,27.45,0,Medium,776,2024-12-31,2025-12-31
CUST-001724,"Duarte, Gutierrez and Cook",SMB,Energy,36438.17,train,0,Retained,0.27379842525371106,27.38,0,Medium,777,2024-12-31,2025-12-31
CUST-001515,Martinez-Gonzales,Mid-Market,Insurance,175678.88,train,1,Churned,0.27353211989021475,27.35,0,Medium,778,2024-12-31,2025-12-31
CUST-000820,Goodwin-Stokes,Mid-Market,Energy,106887.04,test,0,Retained,0.27301549886929044,27.3,0,Medium,779,2024-12-31,2025-12-31
CUST-001951,Jacobson Ltd,Mid-Market,Banking,271483.79,test,0,Retained,0.27197702330715817,27.2,0,Medium,780,2024-12-31,2025-12-31
CUST-001447,"Clark, Carpenter and Nguyen",SMB,Energy,12601.01,test,0,Retained,0.27120389999535216,27.12,0,Medium,781,2024-12-31,2025-12-31
CUST-000296,Williams Inc,Mid-Market,Professional Services,66470.32,validation,0,Retained,0.27091581783149987,27.09,0,Medium,782,2024-12-31,2025-12-31
CUST-002080,Watson-Washington,Mid-Market,Banking,138794.19,train,0,Retained,0.27080752167492556,27.08,0,Medium,783,2024-12-31,2025-12-31
CUST-002084,"Norris, Cisneros and Mathis",Mid-Market,Education,229662.83,test,0,Retained,0.27066035855946396,27.07,0,Medium,784,2024-12-31,2025-12-31
CUST-001887,"Vasquez, Thomas and Mack",Mid-Market,Transportation,70617.38,train,0,Retained,0.2703602100029361,27.04,0,Medium,785,2024-12-31,2025-12-31
CUST-000179,"Williams, Johnson and Wright",Mid-Market,Banking,129746.72,validation,0,Retained,0.2689974888062102,26.9,0,Medium,786,2024-12-31,2025-12-31
CUST-000425,Welch-Hogan,Mid-Market,Retail,140410.02,train,0,Retained,0.2689167553681061,26.89,0,Medium,787,2024-12-31,2025-12-31
CUST-000439,Davis-Gregory,Mid-Market,Telecommunications,81889.28,test,0,Retained,0.2689165528816231,26.89,0,Medium,788,2024-12-31,2025-12-31
CUST-001818,Hanson-Gibson,SMB,Education,36520.45,train,1,Churned,0.26878457241346576,26.88,0,Medium,789,2024-12-31,2025-12-31
CUST-002273,Porter LLC,Mid-Market,Healthcare,94629.68,train,0,Retained,0.26794343520538916,26.79,0,Medium,790,2024-12-31,2025-12-31
CUST-000420,Thompson Ltd,Mid-Market,Technology,219456.51,test,0,Retained,0.26775961885884547,26.78,0,Medium,791,2024-12-31,2025-12-31
CUST-000710,Edwards-Williams,Mid-Market,Insurance,112462.96,test,0,Retained,0.26734147650581425,26.73,0,Medium,792,2024-12-31,2025-12-31
CUST-001937,Bishop Inc,Mid-Market,Manufacturing,53356.3,train,0,Retained,0.2666420365297665,26.66,0,Medium,793,2024-12-31,2025-12-31
CUST-000548,"Moore, Hopkins and Le",Mid-Market,Professional Services,122173.94,train,0,Retained,0.2658704247808136,26.59,0,Medium,794,2024-12-31,2025-12-31
CUST-000531,Hicks-Martinez,Mid-Market,Insurance,130239.06,validation,1,Churned,0.2655405861691523,26.55,0,Medium,795,2024-12-31,2025-12-31
CUST-001173,Campbell Inc,Enterprise,Retail,551584.95,train,0,Retained,0.2650933471716742,26.51,0,Medium,796,2024-12-31,2025-12-31
CUST-000543,Torres and Sons,Mid-Market,Professional Services,91691.03,test,0,Retained,0.26424588609184385,26.42,0,Medium,797,2024-12-31,2025-12-31
CUST-000152,"Simmons, Meadows and Griffin",Mid-Market,Healthcare,154240.82,train,0,Retained,0.2641424694008947,26.41,0,Medium,798,2024-12-31,2025-12-31
CUST-001790,Peters-Short,Mid-Market,Retail,144041.14,train,1,Churned,0.2640208981520385,26.4,0,Medium,799,2024-12-31,2025-12-31
CUST-000159,Mccarthy Inc,Strategic,Retail,1170103.72,validation,0,Retained,0.26278321049516873,26.28,0,Medium,800,2024-12-31,2025-12-31
CUST-000512,"Whitney, Gould and Jones",Mid-Market,Manufacturing,34833.68,train,0,Retained,0.2625318060185822,26.25,0,Medium,801,2024-12-31,2025-12-31
CUST-001309,"Thomas, Williams and Armstrong",Mid-Market,Energy,91464.18,train,0,Retained,0.2618351728725526,26.18,0,Medium,802,2024-12-31,2025-12-31
CUST-001026,"Walker, Cunningham and Zuniga",Mid-Market,Technology,84906.28,train,0,Retained,0.2617199349695896,26.17,0,Medium,803,2024-12-31,2025-12-31
CUST-000516,Osborne LLC,Enterprise,Transportation,867634.57,train,1,Churned,0.26121966420718407,26.12,0,Medium,804,2024-12-31,2025-12-31
CUST-002179,Perry LLC,SMB,Energy,24542.5,train,0,Retained,0.26012944356436624,26.01,0,Medium,805,2024-12-31,2025-12-31
CUST-000944,Murphy-Tran,Mid-Market,Professional Services,63863.59,test,0,Retained,0.2587837915738987,25.88,0,Medium,806,2024-12-31,2025-12-31
CUST-000016,Galloway-Wyatt,Mid-Market,Energy,125710.37,train,0,Retained,0.2586901111637983,25.87,0,Medium,807,2024-12-31,2025-12-31
CUST-001775,Durham-Myers,Mid-Market,Healthcare,139918.2,train,0,Retained,0.25803894855184095,25.8,0,Medium,808,2024-12-31,2025-12-31
CUST-000536,Parker Ltd,SMB,Professional Services,16867.45,train,0,Retained,0.25697939147958254,25.7,0,Medium,809,2024-12-31,2025-12-31
CUST-000283,"Pollard, Simpson and Johnson",Mid-Market,Transportation,208282.08,train,0,Retained,0.2559960323538963,25.6,0,Medium,810,2024-12-31,2025-12-31
CUST-001990,"Norton, French and Miller",SMB,Professional Services,30932.99,train,0,Retained,0.2553381704273618,25.53,0,Medium,811,2024-12-31,2025-12-31
CUST-002374,Glover-Hammond,SMB,Telecommunications,35360.51,test,0,Retained,0.253379287657173,25.34,0,Medium,812,2024-12-31,2025-12-31
CUST-000972,Foster-Williams,Mid-Market,Insurance,113428.37,test,0,Retained,0.2531131594262726,25.31,0,Medium,813,2024-12-31,2025-12-31
CUST-000811,"Chavez, Jones and Williams",SMB,Professional Services,26349.29,train,0,Retained,0.25264004280703894,25.26,0,Medium,814,2024-12-31,2025-12-31
CUST-002292,Clay Inc,Mid-Market,Professional Services,170547.37,train,0,Retained,0.25235783220566055,25.24,0,Medium,815,2024-12-31,2025-12-31
CUST-000197,Marshall-Petersen,SMB,Transportation,16193.14,train,0,Retained,0.2494426255466307,24.94,0,Medium,816,2024-12-31,2025-12-31
CUST-001422,Maldonado-Mosley,Strategic,Media,1456255.56,test,0,Retained,0.24928978431582208,24.93,0,Medium,817,2024-12-31,2025-12-31
CUST-001222,Wilson-Malone,Enterprise,Banking,286674.21,validation,0,Retained,0.24890724725110117,24.89,0,Medium,818,2024-12-31,2025-12-31
CUST-000203,Peterson-Beard,SMB,Professional Services,20641.78,validation,1,Churned,0.247965094156674,24.8,0,Medium,819,2024-12-31,2025-12-31
CUST-000682,"Robinson, Shields and Brown",Mid-Market,Education,153427.1,train,0,Retained,0.24651456050702017,24.65,0,Medium,820,2024-12-31,2025-12-31
CUST-002171,Mitchell Inc,Mid-Market,Energy,171173.05,train,0,Retained,0.24621375335696802,24.62,0,Medium,821,2024-12-31,2025-12-31
CUST-001089,"Cohen, Compton and Perez",Mid-Market,Telecommunications,69397.46,train,0,Retained,0.24548372554499934,24.55,0,Medium,822,2024-12-31,2025-12-31
CUST-002479,Miller-Fields,Mid-Market,Technology,233869.78,test,0,Retained,0.2453932071021113,24.54,0,Medium,823,2024-12-31,2025-12-31
CUST-001770,"Chang, Lamb and Miller",Mid-Market,Media,177423.93,train,0,Retained,0.2448183365481961,24.48,0,Medium,824,2024-12-31,2025-12-31
CUST-001181,"Jones, Cummings and Conway",Mid-Market,Energy,72387.08,validation,0,Retained,0.24480802622644263,24.48,0,Medium,825,2024-12-31,2025-12-31
CUST-000063,Wright and Sons,Mid-Market,Education,110020.61,test,0,Retained,0.24421503799422753,24.42,0,Medium,826,2024-12-31,2025-12-31
CUST-000154,Green-Wright,SMB,Telecommunications,33919.34,train,0,Retained,0.2440186148097463,24.4,0,Medium,827,2024-12-31,2025-12-31
CUST-001324,Joseph Ltd,Mid-Market,Education,173722.73,train,0,Retained,0.24268508539165717,24.27,0,Medium,828,2024-12-31,2025-12-31
CUST-001044,"Martin, Preston and Moore",Mid-Market,Transportation,134074.33,train,0,Retained,0.24117141754391894,24.12,0,Medium,829,2024-12-31,2025-12-31
CUST-000360,Boone-Simmons,Mid-Market,Technology,175779.07,train,0,Retained,0.24109844122146587,24.11,0,Medium,830,2024-12-31,2025-12-31
CUST-001440,"Melton, Henry and Joyce",SMB,Energy,17881.24,train,0,Retained,0.24103316639057762,24.1,0,Medium,831,2024-12-31,2025-12-31
CUST-000988,Ramirez-Stephenson,Mid-Market,Healthcare,150787.96,train,0,Retained,0.24015215167243917,24.02,0,Medium,832,2024-12-31,2025-12-31
CUST-001376,"Gordon, Wilson and Olson",Mid-Market,Insurance,95764.43,train,0,Retained,0.23956120668455547,23.96,0,Medium,833,2024-12-31,2025-12-31
CUST-001149,Powell-Sanford,Mid-Market,Banking,180248.12,test,0,Retained,0.23911937495452576,23.91,0,Medium,834,2024-12-31,2025-12-31
CUST-001863,Scott PLC,Mid-Market,Retail,157658.42,train,0,Retained,0.23874456690088344,23.87,0,Medium,835,2024-12-31,2025-12-31
CUST-001674,"Williams, Hughes and Hubbard",Enterprise,Retail,483630.72,train,0,Retained,0.2383294184760606,23.83,0,Medium,836,2024-12-31,2025-12-31
CUST-002182,Ray and Sons,Mid-Market,Education,179213.58,train,0,Retained,0.238128732872484,23.81,0,Medium,837,2024-12-31,2025-12-31
CUST-001251,Thomas-Santiago,Mid-Market,Technology,98076.4,train,0,Retained,0.23634644823350826,23.63,0,Medium,838,2024-12-31,2025-12-31
CUST-000924,"Yang, Wilson and Zimmerman",Mid-Market,Healthcare,202626.34,train,0,Retained,0.23547735387241228,23.55,0,Medium,839,2024-12-31,2025-12-31
CUST-002139,Wolf Ltd,Mid-Market,Media,163173.53,validation,0,Retained,0.23403014182316714,23.4,0,Medium,840,2024-12-31,2025-12-31
CUST-000444,Collins Group,SMB,Banking,20524.34,validation,0,Retained,0.23349275345324064,23.35,0,Medium,841,2024-12-31,2025-12-31
CUST-000338,Bass PLC,Mid-Market,Insurance,145399.58,train,0,Retained,0.23292166095485964,23.29,0,Medium,842,2024-12-31,2025-12-31
CUST-000641,Young-Molina,SMB,Media,20550.52,train,0,Retained,0.2326180586751806,23.26,0,Medium,843,2024-12-31,2025-12-31
CUST-001379,"Reynolds, Fisher and Golden",SMB,Technology,19889.68,validation,0,Retained,0.2326171495187429,23.26,0,Medium,844,2024-12-31,2025-12-31
CUST-002042,Johnson PLC,Mid-Market,Professional Services,100378.85,train,0,Retained,0.23250608610456175,23.25,0,Medium,845,2024-12-31,2025-12-31
CUST-001964,Ellis-Jackson,SMB,Manufacturing,31719.01,train,0,Retained,0.23209845225937073,23.21,0,Medium,846,2024-12-31,2025-12-31
CUST-001999,Flores LLC,Mid-Market,Professional Services,58772.69,train,0,Retained,0.23195866852476735,23.2,0,Medium,847,2024-12-31,2025-12-31
CUST-001910,"Schneider, Porter and Hanna",SMB,Education,7796.25,validation,0,Retained,0.23195830312420693,23.2,0,Medium,848,2024-12-31,2025-12-31
CUST-000887,"Wallace, Smith and Cooper",SMB,Media,17520.26,test,1,Churned,0.23054217968965987,23.05,0,Medium,849,2024-12-31,2025-12-31
CUST-000636,Thompson Ltd,Mid-Market,Manufacturing,160801.41,train,0,Retained,0.23017815286564106,23.02,0,Medium,850,2024-12-31,2025-12-31
CUST-000222,Harrison-Alexander,Mid-Market,Media,121387.38,train,0,Retained,0.23015327079240683,23.02,0,Medium,851,2024-12-31,2025-12-31
CUST-000873,Kramer-Shannon,Mid-Market,Banking,131544.58,train,0,Retained,0.23009199243134457,23.01,0,Medium,852,2024-12-31,2025-12-31
CUST-001891,Waters-Smith,Mid-Market,Insurance,38164.95,train,0,Retained,0.2298587278865638,22.99,0,Medium,853,2024-12-31,2025-12-31
CUST-000062,Powell LLC,Mid-Market,Technology,95948.31,train,0,Retained,0.22922910492308682,22.92,0,Medium,854,2024-12-31,2025-12-31
CUST-001108,Byrd LLC,Mid-Market,Media,102961.67,test,0,Retained,0.22868336132442096,22.87,0,Medium,855,2024-12-31,2025-12-31
CUST-001563,Hebert-Collier,Mid-Market,Insurance,184438.94,test,0,Retained,0.22860836688509595,22.86,0,Medium,856,2024-12-31,2025-12-31
CUST-001469,Nunez-Freeman,Mid-Market,Manufacturing,87336.72,test,0,Retained,0.22734030644878886,22.73,0,Medium,857,2024-12-31,2025-12-31
CUST-001041,"Jones, Mcmahon and Spence",Mid-Market,Healthcare,182046.01,train,0,Retained,0.22722010851475458,22.72,0,Medium,858,2024-12-31,2025-12-31
CUST-000476,Gilbert-Bullock,SMB,Technology,23331.83,train,0,Retained,0.2256640584918048,22.57,0,Medium,859,2024-12-31,2025-12-31
CUST-001987,Cruz Ltd,Enterprise,Banking,448511.24,train,0,Retained,0.2250578016805007,22.51,0,Medium,860,2024-12-31,2025-12-31
CUST-000812,"Wilson, Sweeney and Wong",SMB,Energy,33785.09,train,0,Retained,0.22494235680195135,22.49,0,Medium,861,2024-12-31,2025-12-31
CUST-002383,"Harrell, Moore and Cox",SMB,Telecommunications,43408.53,train,0,Retained,0.22484748986740574,22.48,0,Medium,862,2024-12-31,2025-12-31
CUST-001772,"Mcdonald, Bryant and Cohen",Mid-Market,Banking,143792.84,train,0,Retained,0.22469319428931367,22.47,0,Medium,863,2024-12-31,2025-12-31
CUST-000017,James Group,Mid-Market,Manufacturing,202215.56,validation,0,Retained,0.22460876261884266,22.46,0,Medium,864,2024-12-31,2025-12-31
CUST-001126,"Erickson, Armstrong and Lee",SMB,Insurance,7271.86,test,0,Retained,0.22407317670226412,22.41,0,Medium,865,2024-12-31,2025-12-31
CUST-000934,Williams Inc,Mid-Market,Banking,197933.82,test,0,Retained,0.22403778649520104,22.4,0,Medium,866,2024-12-31,2025-12-31
CUST-001060,"Contreras, Miller and Cooper",Mid-Market,Banking,162913.15,train,0,Retained,0.22287068464122292,22.29,0,Medium,867,2024-12-31,2025-12-31
CUST-001765,Williams-Johnson,Mid-Market,Media,157947.16,train,0,Retained,0.2220937897775017,22.21,0,Medium,868,2024-12-31,2025-12-31
CUST-000193,Short-Garcia,SMB,Transportation,17472.76,train,0,Retained,0.22122929032955876,22.12,0,Medium,869,2024-12-31,2025-12-31
CUST-002249,Higgins Group,SMB,Technology,50706.69,train,0,Retained,0.2211807794981078,22.12,0,Medium,870,2024-12-31,2025-12-31
CUST-001647,"Mcbride, Huffman and Parker",Mid-Market,Energy,124090.96,test,0,Retained,0.22025832253460667,22.03,0,Medium,871,2024-12-31,2025-12-31
CUST-000115,Torres-Pope,Enterprise,Education,260485.71,train,0,Retained,0.22018411473561858,22.02,0,Medium,872,2024-12-31,2025-12-31
CUST-001291,Harris Ltd,Mid-Market,Professional Services,113453.82,test,0,Retained,0.21926386450464153,21.93,0,Medium,873,2024-12-31,2025-12-31
CUST-001929,"Wood, Martin and Sanchez",SMB,Transportation,13447.63,train,0,Retained,0.21882626707974365,21.88,0,Medium,874,2024-12-31,2025-12-31
CUST-000672,Avila LLC,SMB,Retail,50954.17,test,0,Retained,0.21811833603017686,21.81,0,Medium,875,2024-12-31,2025-12-31
CUST-000279,Pollard and Sons,Mid-Market,Energy,89761.08,train,0,Retained,0.21658894976488366,21.66,0,Medium,876,2024-12-31,2025-12-31
CUST-001229,"Morgan, Sherman and Williams",SMB,Professional Services,18648.41,train,0,Retained,0.21531459733618677,21.53,0,Medium,877,2024-12-31,2025-12-31
CUST-000559,Gross-Valencia,Mid-Market,Healthcare,64132.02,train,0,Retained,0.2140068270561206,21.4,0,Medium,878,2024-12-31,2025-12-31
CUST-002214,Stewart Group,SMB,Education,20386.14,train,0,Retained,0.21385690071492267,21.39,0,Medium,879,2024-12-31,2025-12-31
CUST-000631,Small-Anderson,Mid-Market,Manufacturing,278998.36,validation,0,Retained,0.21223406521797367,21.22,0,Medium,880,2024-12-31,2025-12-31
CUST-000194,Reid-Poole,Mid-Market,Transportation,126642.07,train,0,Retained,0.21222979220545257,21.22,0,Medium,881,2024-12-31,2025-12-31
CUST-000388,Davis PLC,Mid-Market,Education,127233.35,train,0,Retained,0.21173138597476257,21.17,0,Medium,882,2024-12-31,2025-12-31
CUST-000959,Jones-Bradley,SMB,Telecommunications,24847.33,validation,0,Retained,0.2111110263761565,21.11,0,Medium,883,2024-12-31,2025-12-31
CUST-001862,"Garrison, Rogers and Adams",Mid-Market,Energy,151554.57,train,0,Retained,0.2106615810326771,21.07,0,Medium,884,2024-12-31,2025-12-31
CUST-001600,Maddox-Mullins,Mid-Market,Manufacturing,146156.07,train,0,Retained,0.20930644452580788,20.93,0,Medium,885,2024-12-31,2025-12-31
CUST-000447,"Henderson, Cox and Cox",Mid-Market,Healthcare,136495.87,train,0,Retained,0.20833404251060078,20.83,0,Medium,886,2024-12-31,2025-12-31
CUST-001774,Callahan PLC,Mid-Market,Insurance,319754.22,train,0,Retained,0.20723795795617314,20.72,0,Medium,887,2024-12-31,2025-12-31
CUST-000116,Walker Ltd,Mid-Market,Telecommunications,139799.87,train,0,Retained,0.20716870682500105,20.72,0,Medium,888,2024-12-31,2025-12-31
CUST-000580,"Morales, Williams and Williams",Mid-Market,Professional Services,148490.08,train,0,Retained,0.20689645127376965,20.69,0,Medium,889,2024-12-31,2025-12-31
CUST-000683,"Holder, Young and Hendricks",Mid-Market,Manufacturing,117660.62,train,0,Retained,0.20594476169475606,20.59,0,Medium,890,2024-12-31,2025-12-31
CUST-000784,Bennett-Velasquez,Mid-Market,Telecommunications,34719.01,train,0,Retained,0.20585747401763285,20.59,0,Medium,891,2024-12-31,2025-12-31
CUST-001693,"Mack, Griffin and Sims",Mid-Market,Transportation,88551.43,test,0,Retained,0.205511105696345,20.55,0,Medium,892,2024-12-31,2025-12-31
CUST-002132,Tate Inc,Mid-Market,Technology,155638.87,test,0,Retained,0.20534798603086177,20.53,0,Medium,893,2024-12-31,2025-12-31
CUST-001655,Hernandez-Lopez,Mid-Market,Professional Services,135572.42,test,0,Retained,0.20489840798455183,20.49,0,Medium,894,2024-12-31,2025-12-31
CUST-000610,Blevins-Ballard,Mid-Market,Banking,283676.4,test,0,Retained,0.20424711430201906,20.42,0,Medium,895,2024-12-31,2025-12-31
CUST-000950,Hall LLC,SMB,Insurance,9161.84,train,0,Retained,0.2042322492740877,20.42,0,Medium,896,2024-12-31,2025-12-31
CUST-000337,"Newton, Moore and Perry",Mid-Market,Technology,164440.47,test,0,Retained,0.2041076074179002,20.41,0,Medium,897,2024-12-31,2025-12-31
CUST-002146,"Dalton, Turner and Mccarthy",Mid-Market,Telecommunications,109387.36,train,0,Retained,0.20366665773147188,20.37,0,Medium,898,2024-12-31,2025-12-31
CUST-000709,"Harrison, Franco and Rocha",Mid-Market,Energy,48949.55,train,0,Retained,0.20329340462735124,20.33,0,Medium,899,2024-12-31,2025-12-31
CUST-001617,Todd Inc,SMB,Professional Services,34235.5,test,0,Retained,0.20312194762979646,20.31,0,Medium,900,2024-12-31,2025-12-31
CUST-001034,"Barnes, Jackson and Gutierrez",Mid-Market,Manufacturing,245779.41,test,0,Retained,0.20290388404699292,20.29,0,Medium,901,2024-12-31,2025-12-31
CUST-001584,Foley Inc,Mid-Market,Banking,170441.34,validation,0,Retained,0.20288654840065154,20.29,0,Medium,902,2024-12-31,2025-12-31
CUST-000513,"Sullivan, Palmer and Brady",Enterprise,Healthcare,770915.69,train,0,Retained,0.2026262309053935,20.26,0,Medium,903,2024-12-31,2025-12-31
CUST-002418,Mitchell-Glover,Mid-Market,Manufacturing,152486.15,validation,0,Retained,0.20195473204361392,20.2,0,Medium,904,2024-12-31,2025-12-31
CUST-002369,Young-Hawkins,Mid-Market,Technology,139122.28,validation,0,Retained,0.20037973338105106,20.04,0,Medium,905,2024-12-31,2025-12-31
CUST-001942,"Robinson, Townsend and Hopkins",Mid-Market,Healthcare,131251.47,validation,0,Retained,0.19998946302482953,20.0,0,Medium,906,2024-12-31,2025-12-31
CUST-001245,"Hester, Thompson and Daniels",Mid-Market,Manufacturing,211603.03,train,0,Retained,0.19966067436993648,19.97,0,Medium,907,2024-12-31,2025-12-31
CUST-001206,"Brown, Schneider and Moore",Mid-Market,Banking,123892.7,train,0,Retained,0.19965537966072305,19.97,0,Medium,908,2024-12-31,2025-12-31
CUST-000981,Orr Group,SMB,Media,31323.26,validation,0,Retained,0.19956038703318957,19.96,0,Medium,909,2024-12-31,2025-12-31
CUST-001726,"Campbell, Tyler and Parker",Mid-Market,Retail,186592.89,train,0,Retained,0.1985320329626935,19.85,0,Medium,910,2024-12-31,2025-12-31
CUST-001436,Lowe Ltd,SMB,Technology,40856.71,train,0,Retained,0.19678348373192428,19.68,0,Medium,911,2024-12-31,2025-12-31
CUST-001274,Bowers LLC,SMB,Energy,26819.18,train,0,Retained,0.19612229612065643,19.61,0,Medium,912,2024-12-31,2025-12-31
CUST-001980,Holland Inc,Mid-Market,Insurance,150782.8,train,0,Retained,0.19517244278474818,19.52,0,Medium,913,2024-12-31,2025-12-31
CUST-002416,"Zhang, Cunningham and Kline",Mid-Market,Telecommunications,109921.94,train,0,Retained,0.19515948546405815,19.52,0,Medium,914,2024-12-31,2025-12-31
CUST-000325,"Diaz, Gibbs and Smith",Mid-Market,Healthcare,61239.04,train,0,Retained,0.19503621383117462,19.5,0,Medium,915,2024-12-31,2025-12-31
CUST-000061,"Brown, Valdez and Lucas",Mid-Market,Media,123595.26,test,0,Retained,0.1948657830565571,19.49,0,Medium,916,2024-12-31,2025-12-31
CUST-000793,Ewing-Mendoza,Enterprise,Transportation,337958.99,validation,0,Retained,0.19408938439780393,19.41,0,Medium,917,2024-12-31,2025-12-31
CUST-001962,Harris-Martinez,Mid-Market,Education,227110.27,validation,0,Retained,0.19392140469306385,19.39,0,Medium,918,2024-12-31,2025-12-31
CUST-000503,Morgan-Lopez,SMB,Insurance,22465.79,train,0,Retained,0.19381698089654478,19.38,0,Medium,919,2024-12-31,2025-12-31
CUST-001620,Cooper Inc,Mid-Market,Manufacturing,229036.05,train,0,Retained,0.19348296899726072,19.35,0,Medium,920,2024-12-31,2025-12-31
CUST-001347,Keith-Williams,Mid-Market,Technology,105964.19,train,0,Retained,0.19347496984267534,19.35,0,Medium,921,2024-12-31,2025-12-31
CUST-000954,Barnes Inc,Mid-Market,Healthcare,136490.01,test,0,Retained,0.193345462925008,19.33,0,Medium,922,2024-12-31,2025-12-31
CUST-000744,"Alvarez, Williams and Jones",Mid-Market,Retail,196130.91,train,0,Retained,0.19315797639496451,19.32,0,Medium,923,2024-12-31,2025-12-31
CUST-001570,Hudson and Sons,SMB,Education,7096.3,train,0,Retained,0.19297725842457403,19.3,0,Medium,924,2024-12-31,2025-12-31
CUST-001394,"Sanders, Taylor and Shields",SMB,Telecommunications,13513.75,train,0,Retained,0.19279482116927846,19.28,0,Medium,925,2024-12-31,2025-12-31
CUST-000023,Perez Inc,Mid-Market,Media,174515.13,test,0,Retained,0.1921750555940793,19.22,0,Medium,926,2024-12-31,2025-12-31
CUST-000192,"Wood, Hunter and Peterson",Mid-Market,Telecommunications,125371.44,validation,1,Churned,0.19193638549130335,19.19,0,Medium,927,2024-12-31,2025-12-31
CUST-001396,"Avery, Garcia and Romero",SMB,Energy,8137.07,train,0,Retained,0.1918247602837609,19.18,0,Medium,928,2024-12-31,2025-12-31
CUST-000980,Johnson Inc,Mid-Market,Education,243866.02,train,0,Retained,0.1909547437132915,19.1,0,Medium,929,2024-12-31,2025-12-31
CUST-000489,King-Smith,SMB,Education,16580.65,train,0,Retained,0.18934898753069782,18.93,0,Medium,930,2024-12-31,2025-12-31
CUST-001922,Wilson PLC,Mid-Market,Media,131077.32,train,0,Retained,0.1887486709759859,18.87,0,Medium,931,2024-12-31,2025-12-31
CUST-001096,"Powell, Deleon and Warren",Mid-Market,Retail,388210.0,train,0,Retained,0.1884958503419698,18.85,0,Medium,932,2024-12-31,2025-12-31
CUST-000737,"Frey, Santos and Johnson",SMB,Insurance,18588.48,train,0,Retained,0.18801274561425496,18.8,0,Medium,933,2024-12-31,2025-12-31
CUST-001160,Perez Ltd,Mid-Market,Banking,128946.94,train,0,Retained,0.187817528017607,18.78,0,Medium,934,2024-12-31,2025-12-31
CUST-000290,"James, Stewart and Higgins",Mid-Market,Manufacturing,124089.27,train,0,Retained,0.18717492119978502,18.72,0,Low,935,2024-12-31,2025-12-31
CUST-000177,Curry Inc,Mid-Market,Professional Services,114808.59,train,0,Retained,0.18662140765825963,18.66,0,Low,936,2024-12-31,2025-12-31
CUST-001796,Guerrero Group,Mid-Market,Insurance,154709.67,train,0,Retained,0.186595272428081,18.66,0,Low,937,2024-12-31,2025-12-31
CUST-001530,"Pineda, Meyer and King",Mid-Market,Banking,64545.28,train,0,Retained,0.18526271049391854,18.53,0,Low,938,2024-12-31,2025-12-31
CUST-001900,Cook-Turner,Enterprise,Retail,296251.93,train,0,Retained,0.18489135468134935,18.49,0,Low,939,2024-12-31,2025-12-31
CUST-000621,Santos-Avila,SMB,Energy,35769.12,validation,0,Retained,0.183616747106149,18.36,0,Low,940,2024-12-31,2025-12-31
CUST-000617,"Perez, Hall and Garcia",Mid-Market,Energy,129745.69,test,0,Retained,0.18177222523137102,18.18,0,Low,941,2024-12-31,2025-12-31
CUST-002417,"Wade, Richard and Hall",Mid-Market,Technology,45768.43,train,0,Retained,0.1815266807305659,18.15,0,Low,942,2024-12-31,2025-12-31
CUST-000674,"Gray, Hall and Murray",Mid-Market,Education,87732.28,train,0,Retained,0.18145938858980878,18.15,0,Low,943,2024-12-31,2025-12-31
CUST-001715,"Clark, Brown and Duncan",Mid-Market,Telecommunications,44505.49,validation,0,Retained,0.18135802874388265,18.14,0,Low,944,2024-12-31,2025-12-31
CUST-000131,"Parker, Ortiz and Powell",Mid-Market,Technology,150552.03,train,0,Retained,0.1811994516752662,18.12,0,Low,945,2024-12-31,2025-12-31
CUST-000509,Jackson-Wallace,Mid-Market,Insurance,135428.7,train,0,Retained,0.18076025872102033,18.08,0,Low,946,2024-12-31,2025-12-31
CUST-000868,"Stanton, Reid and Terry",Mid-Market,Technology,190974.72,test,0,Retained,0.17950061776189583,17.95,0,Low,947,2024-12-31,2025-12-31
CUST-001773,"Miranda, Ruiz and Meza",Mid-Market,Education,246696.13,train,0,Retained,0.17912148939214467,17.91,0,Low,948,2024-12-31,2025-12-31
CUST-001638,"Hill, Brown and Scott",Mid-Market,Professional Services,93315.21,train,0,Retained,0.17738827235807808,17.74,0,Low,949,2024-12-31,2025-12-31
CUST-001277,Walker-Lewis,Mid-Market,Energy,205364.98,train,0,Retained,0.1773465747681649,17.73,0,Low,950,2024-12-31,2025-12-31
CUST-001886,Bishop and Sons,Mid-Market,Manufacturing,212634.65,validation,0,Retained,0.17596652043391367,17.6,0,Low,951,2024-12-31,2025-12-31
CUST-001507,"Aguirre, Cohen and Mitchell",Mid-Market,Technology,173077.91,validation,0,Retained,0.17596540654566964,17.6,0,Low,952,2024-12-31,2025-12-31
CUST-001731,Robles-Brewer,Mid-Market,Transportation,156749.26,train,0,Retained,0.17352186352422694,17.35,0,Low,953,2024-12-31,2025-12-31
CUST-002025,Williams LLC,Enterprise,Healthcare,253856.35,validation,0,Retained,0.17201913247201497,17.2,0,Low,954,2024-12-31,2025-12-31
CUST-000847,"Alexander, Robinson and Coleman",Enterprise,Transportation,652226.86,train,0,Retained,0.17053625876509435,17.05,0,Low,955,2024-12-31,2025-12-31
CUST-001055,Davis-Stephens,Mid-Market,Technology,227676.1,train,0,Retained,0.17031818639892254,17.03,0,Low,956,2024-12-31,2025-12-31
CUST-000863,Burton-Brooks,Mid-Market,Insurance,384407.75,train,0,Retained,0.16999980020997618,17.0,0,Low,957,2024-12-31,2025-12-31
CUST-000182,"Gould, Marshall and Scott",Mid-Market,Technology,254608.98,train,0,Retained,0.16873981140841457,16.87,0,Low,958,2024-12-31,2025-12-31
CUST-001184,Phelps LLC,Mid-Market,Retail,181914.4,train,0,Retained,0.16835213355803488,16.84,0,Low,959,2024-12-31,2025-12-31
CUST-000409,Jackson-Meza,Mid-Market,Insurance,179695.34,train,0,Retained,0.16754002479555485,16.75,0,Low,960,2024-12-31,2025-12-31
CUST-000035,"Dyer, Potter and Mack",Mid-Market,Healthcare,231159.05,validation,0,Retained,0.16705951549931666,16.71,0,Low,961,2024-12-31,2025-12-31
CUST-001696,Ellis Group,SMB,Telecommunications,47105.71,validation,0,Retained,0.16593387297982323,16.59,0,Low,962,2024-12-31,2025-12-31
CUST-000233,"Clark, Guerrero and Moore",Mid-Market,Insurance,35428.16,validation,0,Retained,0.16586335226079024,16.59,0,Low,963,2024-12-31,2025-12-31
CUST-000258,"Bryan, Smith and Booth",Mid-Market,Insurance,45296.58,train,0,Retained,0.16556900962529333,16.56,0,Low,964,2024-12-31,2025-12-31
CUST-000218,Erickson and Sons,SMB,Professional Services,42114.93,validation,0,Retained,0.16419171088179457,16.42,0,Low,965,2024-12-31,2025-12-31
CUST-001723,Mclaughlin and Sons,Mid-Market,Media,98230.52,validation,0,Retained,0.16339288206656913,16.34,0,Low,966,2024-12-31,2025-12-31
CUST-000908,"Wheeler, Rice and Levine",Mid-Market,Media,107110.88,test,0,Retained,0.16324034594659462,16.32,0,Low,967,2024-12-31,2025-12-31
CUST-001272,"Williams, Randolph and Gilbert",Mid-Market,Technology,285407.52,train,0,Retained,0.16318068937017136,16.32,0,Low,968,2024-12-31,2025-12-31
CUST-000278,Gibson-Morris,SMB,Healthcare,19781.88,train,0,Retained,0.16191589400706524,16.19,0,Low,969,2024-12-31,2025-12-31
CUST-001092,"Davis, Alexander and Mcintyre",Mid-Market,Manufacturing,96039.8,train,0,Retained,0.16060637030667446,16.06,0,Low,970,2024-12-31,2025-12-31
CUST-002441,Smith-Kelley,Mid-Market,Telecommunications,167851.81,train,0,Retained,0.1603629887671127,16.04,0,Low,971,2024-12-31,2025-12-31
CUST-001413,Dunn Ltd,SMB,Banking,14770.85,train,0,Retained,0.15988837001840353,15.99,0,Low,972,2024-12-31,2025-12-31
CUST-001988,Schmidt-Phillips,Mid-Market,Professional Services,140656.58,train,0,Retained,0.15974685310525372,15.97,0,Low,973,2024-12-31,2025-12-31
CUST-000314,Byrd-Le,Mid-Market,Manufacturing,214001.6,validation,0,Retained,0.15946666650277072,15.95,0,Low,974,2024-12-31,2025-12-31
CUST-002187,Hernandez-Hernandez,Mid-Market,Retail,54510.23,validation,0,Retained,0.15889809792863757,15.89,0,Low,975,2024-12-31,2025-12-31
CUST-001799,Hudson-Gentry,Mid-Market,Media,43964.43,validation,0,Retained,0.15883219309569707,15.88,0,Low,976,2024-12-31,2025-12-31
CUST-001728,Peterson-Ramsey,Mid-Market,Telecommunications,115721.08,train,0,Retained,0.15881108836506236,15.88,0,Low,977,2024-12-31,2025-12-31
CUST-000605,"Evans, David and Hendrix",Mid-Market,Education,126240.59,train,0,Retained,0.15836078376959203,15.84,0,Low,978,2024-12-31,2025-12-31
CUST-001668,Patterson Inc,Mid-Market,Retail,89365.04,train,0,Retained,0.15796722751931558,15.8,0,Low,979,2024-12-31,2025-12-31
CUST-000341,Garcia-Jennings,Enterprise,Media,181856.95,train,0,Retained,0.15749810871304937,15.75,0,Low,980,2024-12-31,2025-12-31
CUST-001231,Ellis-Lawrence,Mid-Market,Transportation,125774.94,test,0,Retained,0.15692660504740952,15.69,0,Low,981,2024-12-31,2025-12-31
CUST-002077,"Marsh, Nelson and Wolfe",Mid-Market,Professional Services,228358.25,train,0,Retained,0.1567041321574236,15.67,0,Low,982,2024-12-31,2025-12-31
CUST-002109,Richardson-Lawrence,SMB,Professional Services,39512.91,train,0,Retained,0.1564782595665201,15.65,0,Low,983,2024-12-31,2025-12-31
CUST-001544,Washington Group,Mid-Market,Retail,125986.94,train,0,Retained,0.15583068939595224,15.58,0,Low,984,2024-12-31,2025-12-31
CUST-000750,"Allen, Davenport and Price",Mid-Market,Energy,34318.0,validation,0,Retained,0.1547006218440577,15.47,0,Low,985,2024-12-31,2025-12-31
CUST-001448,"Hensley, Lopez and Baker",Mid-Market,Retail,203302.91,train,0,Retained,0.1544321667123084,15.44,0,Low,986,2024-12-31,2025-12-31
CUST-000550,Miller Ltd,Mid-Market,Education,81158.45,train,0,Retained,0.154102635331582,15.41,0,Low,987,2024-12-31,2025-12-31
CUST-002368,Leon Group,Mid-Market,Media,178274.35,train,0,Retained,0.15357056432452604,15.36,0,Low,988,2024-12-31,2025-12-31
CUST-000275,Monroe-Carpenter,Mid-Market,Education,62861.43,train,0,Retained,0.15349939243036964,15.35,0,Low,989,2024-12-31,2025-12-31
CUST-000319,Buchanan LLC,Mid-Market,Telecommunications,110357.23,train,0,Retained,0.15297497413243383,15.3,0,Low,990,2024-12-31,2025-12-31
CUST-001721,"Hall, Roberts and Lee",Mid-Market,Healthcare,302921.78,train,0,Retained,0.15272516350604562,15.27,0,Low,991,2024-12-31,2025-12-31
CUST-000776,"Weber, Wheeler and Gonzalez",Mid-Market,Education,182163.22,train,0,Retained,0.15266230224055563,15.27,0,Low,992,2024-12-31,2025-12-31
CUST-001270,Rivera Ltd,Mid-Market,Healthcare,259933.12,validation,0,Retained,0.15126774464295645,15.13,0,Low,993,2024-12-31,2025-12-31
CUST-000143,Gibson Ltd,Mid-Market,Media,56960.4,train,0,Retained,0.15075865430793872,15.08,0,Low,994,2024-12-31,2025-12-31
CUST-001412,"Gonzalez, Smith and Padilla",SMB,Telecommunications,7774.51,train,0,Retained,0.1506131107862572,15.06,0,Low,995,2024-12-31,2025-12-31
CUST-000220,Terry-Martinez,Mid-Market,Banking,181810.56,train,0,Retained,0.14990881044846527,14.99,0,Low,996,2024-12-31,2025-12-31
CUST-000930,"Proctor, Burton and Crawford",Mid-Market,Telecommunications,112985.95,train,0,Retained,0.1498061439752305,14.98,0,Low,997,2024-12-31,2025-12-31
CUST-002471,Williams and Sons,Mid-Market,Manufacturing,274782.0,train,0,Retained,0.14940127534836214,14.94,0,Low,998,2024-12-31,2025-12-31
CUST-001832,"Osborne, Harrison and Hunt",Mid-Market,Banking,90456.93,train,0,Retained,0.14899251652668885,14.9,0,Low,999,2024-12-31,2025-12-31
CUST-001658,Hall Inc,Mid-Market,Banking,266488.81,train,0,Retained,0.14854801558131633,14.85,0,Low,1000,2024-12-31,2025-12-31
CUST-000917,Miller-Mccall,SMB,Education,31298.87,train,0,Retained,0.14839497751529124,14.84,0,Low,1001,2024-12-31,2025-12-31
CUST-000280,"Reyes, Chase and Jenkins",Mid-Market,Telecommunications,105140.05,train,0,Retained,0.14809378729142353,14.81,0,Low,1002,2024-12-31,2025-12-31
CUST-002316,Rhodes-Holland,Mid-Market,Transportation,117199.57,train,0,Retained,0.14540402512143313,14.54,0,Low,1003,2024-12-31,2025-12-31
CUST-002410,"Vargas, Allen and Schroeder",SMB,Technology,22146.87,train,0,Retained,0.14510557724995685,14.51,0,Low,1004,2024-12-31,2025-12-31
CUST-000587,Whitney PLC,Enterprise,Insurance,184695.93,train,0,Retained,0.14487259113852785,14.49,0,Low,1005,2024-12-31,2025-12-31
CUST-000025,"Walter, Edwards and Rios",Mid-Market,Banking,42198.9,train,0,Retained,0.1447551546590927,14.48,0,Low,1006,2024-12-31,2025-12-31
CUST-000746,White LLC,Mid-Market,Telecommunications,190804.06,train,0,Retained,0.14469232956289707,14.47,0,Low,1007,2024-12-31,2025-12-31
CUST-002404,"Ramos, Reed and Cain",Mid-Market,Energy,95203.55,train,0,Retained,0.144459555154653,14.45,0,Low,1008,2024-12-31,2025-12-31
CUST-001755,Garcia Ltd,Mid-Market,Healthcare,147316.35,train,0,Retained,0.14410893620796622,14.41,0,Low,1009,2024-12-31,2025-12-31
CUST-000616,Sanchez Ltd,Mid-Market,Energy,237581.28,train,0,Retained,0.143554516583107,14.36,0,Low,1010,2024-12-31,2025-12-31
CUST-001697,"Aguirre, Franklin and Snyder",Mid-Market,Transportation,220947.29,train,0,Retained,0.14219469327342413,14.22,0,Low,1011,2024-12-31,2025-12-31
CUST-002387,Mitchell-Jackson,Mid-Market,Insurance,146601.1,train,0,Retained,0.14215395685197071,14.22,0,Low,1012,2024-12-31,2025-12-31
CUST-001152,"Lee, Rhodes and Sims",SMB,Technology,29960.55,train,0,Retained,0.141097157239741,14.11,0,Low,1013,2024-12-31,2025-12-31
CUST-002430,Dawson-Anderson,Mid-Market,Banking,161239.02,train,0,Retained,0.14082453972311937,14.08,0,Low,1014,2024-12-31,2025-12-31
CUST-000059,Lee-Davis,SMB,Telecommunications,25944.96,train,0,Retained,0.1399673275841822,14.0,0,Low,1015,2024-12-31,2025-12-31
CUST-000416,"Hicks, Bullock and Bailey",SMB,Technology,14850.77,train,0,Retained,0.13957723287548152,13.96,0,Low,1016,2024-12-31,2025-12-31
CUST-000010,Abbott-Munoz,Mid-Market,Education,203935.73,train,0,Retained,0.1385658314435004,13.86,0,Low,1017,2024-12-31,2025-12-31
CUST-001137,"Carpenter, Oliver and Kennedy",Mid-Market,Professional Services,92434.2,train,0,Retained,0.13842634313917787,13.84,0,Low,1018,2024-12-31,2025-12-31
CUST-001132,Arroyo LLC,Mid-Market,Professional Services,100532.72,train,0,Retained,0.13642699523059654,13.64,0,Low,1019,2024-12-31,2025-12-31
CUST-000831,"Price, Carlson and Andrews",Enterprise,Manufacturing,354449.96,train,0,Retained,0.13619591512006327,13.62,0,Low,1020,2024-12-31,2025-12-31
CUST-000128,Diaz Inc,Mid-Market,Healthcare,129439.69,train,0,Retained,0.13558987281106913,13.56,0,Low,1021,2024-12-31,2025-12-31
CUST-000201,"Barnett, Rogers and Snyder",Mid-Market,Retail,135644.64,train,0,Retained,0.13518359700062133,13.52,0,Low,1022,2024-12-31,2025-12-31
CUST-000462,Burch-Montoya,SMB,Insurance,9213.24,validation,0,Retained,0.13438011608973965,13.44,0,Low,1023,2024-12-31,2025-12-31
CUST-002197,Clarke-Ramirez,Enterprise,Healthcare,176832.63,validation,0,Retained,0.13401473524758514,13.4,0,Low,1024,2024-12-31,2025-12-31
CUST-000304,Jones LLC,Enterprise,Technology,458749.11,train,0,Retained,0.1329205209650083,13.29,0,Low,1025,2024-12-31,2025-12-31
CUST-001575,Sandoval-Ferguson,SMB,Professional Services,17802.14,train,0,Retained,0.1328314535711767,13.28,0,Low,1026,2024-12-31,2025-12-31
CUST-001385,Lopez-Fletcher,Enterprise,Energy,282884.52,train,0,Retained,0.1318934598434161,13.19,0,Low,1027,2024-12-31,2025-12-31
CUST-000295,"Brennan, Wallace and Benson",Mid-Market,Professional Services,179749.74,validation,0,Retained,0.13178360043177936,13.18,0,Low,1028,2024-12-31,2025-12-31
CUST-000523,Green LLC,Enterprise,Transportation,198965.19,validation,0,Retained,0.13106861351050011,13.11,0,Low,1029,2024-12-31,2025-12-31
CUST-000639,Holden Group,Mid-Market,Banking,140377.27,train,0,Retained,0.13070252698937015,13.07,0,Low,1030,2024-12-31,2025-12-31
CUST-001052,Little Inc,Mid-Market,Education,244628.73,train,0,Retained,0.13052392364026452,13.05,0,Low,1031,2024-12-31,2025-12-31
CUST-000475,Blake Group,Strategic,Transportation,1021202.05,validation,0,Retained,0.1304925801778368,13.05,0,Low,1032,2024-12-31,2025-12-31
CUST-000412,Graham Group,Mid-Market,Manufacturing,30548.99,validation,0,Retained,0.12959393146302087,12.96,0,Low,1033,2024-12-31,2025-12-31
CUST-001918,Haynes and Sons,Enterprise,Professional Services,309951.76,train,0,Retained,0.12786385739462544,12.79,0,Low,1034,2024-12-31,2025-12-31
CUST-000171,Meadows PLC,Mid-Market,Transportation,157789.77,train,0,Retained,0.12764486998949795,12.76,0,Low,1035,2024-12-31,2025-12-31
CUST-002234,"Ramos, Davidson and Smith",Mid-Market,Telecommunications,155314.63,train,0,Retained,0.1273540365955724,12.74,0,Low,1036,2024-12-31,2025-12-31
CUST-001519,Ford-Moody,Enterprise,Manufacturing,572756.6,test,0,Retained,0.12713304491935917,12.71,0,Low,1037,2024-12-31,2025-12-31
CUST-000826,Bruce-Williamson,Mid-Market,Professional Services,280739.8,train,0,Retained,0.12711679096466483,12.71,0,Low,1038,2024-12-31,2025-12-31
CUST-001497,Diaz-Green,Mid-Market,Manufacturing,107031.82,train,0,Retained,0.12684562520187115,12.68,0,Low,1039,2024-12-31,2025-12-31
CUST-000405,Graham Group,Mid-Market,Professional Services,124021.75,train,0,Retained,0.12626222829764638,12.63,0,Low,1040,2024-12-31,2025-12-31
CUST-000877,Harris-Barker,Mid-Market,Education,183417.08,train,0,Retained,0.12596644419419314,12.6,0,Low,1041,2024-12-31,2025-12-31
CUST-002144,Edwards-Bennett,Mid-Market,Technology,150640.56,train,0,Retained,0.12565781435043644,12.57,0,Low,1042,2024-12-31,2025-12-31
CUST-001639,Zamora-Briggs,Enterprise,Retail,794126.53,train,0,Retained,0.1254935477505743,12.55,0,Low,1043,2024-12-31,2025-12-31
CUST-001605,Ayala-Anderson,Enterprise,Transportation,552354.22,train,0,Retained,0.12523382644391273,12.52,0,Low,1044,2024-12-31,2025-12-31
CUST-002038,"Wilson, Johnson and Williamson",Enterprise,Retail,1263494.08,train,0,Retained,0.12501780729260373,12.5,0,Low,1045,2024-12-31,2025-12-31
CUST-002283,Alexander Ltd,Mid-Market,Retail,139651.43,train,0,Retained,0.12489404864120607,12.49,0,Low,1046,2024-12-31,2025-12-31
CUST-000384,"Gallegos, Adams and White",Mid-Market,Healthcare,140987.42,train,0,Retained,0.12483152716508612,12.48,0,Low,1047,2024-12-31,2025-12-31
CUST-001968,Miller PLC,SMB,Healthcare,20081.35,train,0,Retained,0.1243572092034662,12.44,0,Low,1048,2024-12-31,2025-12-31
CUST-000852,"Norris, Callahan and Bishop",Mid-Market,Manufacturing,67072.84,train,0,Retained,0.1232586762490252,12.33,0,Low,1049,2024-12-31,2025-12-31
CUST-001320,Stewart Group,Mid-Market,Insurance,162836.85,validation,0,Retained,0.122680963688158,12.27,0,Low,1050,2024-12-31,2025-12-31
CUST-000206,Freeman-Chang,SMB,Banking,15303.43,train,0,Retained,0.12264357707455523,12.26,0,Low,1051,2024-12-31,2025-12-31
CUST-000677,Mendez-Mayer,Mid-Market,Insurance,144351.02,train,0,Retained,0.12223278486168898,12.22,0,Low,1052,2024-12-31,2025-12-31
CUST-001072,Flowers LLC,Mid-Market,Professional Services,146741.64,test,0,Retained,0.12202790047246273,12.2,0,Low,1053,2024-12-31,2025-12-31
CUST-000748,Goodwin Ltd,Enterprise,Energy,243324.69,train,0,Retained,0.12160365989370078,12.16,0,Low,1054,2024-12-31,2025-12-31
CUST-002224,Turner-Mayer,Mid-Market,Telecommunications,112888.78,train,0,Retained,0.12117120507957606,12.12,0,Low,1055,2024-12-31,2025-12-31
CUST-000979,Aguilar LLC,Mid-Market,Education,47400.09,train,0,Retained,0.12044752411385022,12.04,0,Low,1056,2024-12-31,2025-12-31
CUST-000506,Morrison-Short,Mid-Market,Manufacturing,194127.05,test,0,Retained,0.12004698900531548,12.0,0,Low,1057,2024-12-31,2025-12-31
CUST-002131,Archer-Dixon,Mid-Market,Telecommunications,218428.52,train,0,Retained,0.12002406060250422,12.0,0,Low,1058,2024-12-31,2025-12-31
CUST-001299,"Wilson, Smith and Cortez",Enterprise,Transportation,563138.13,test,0,Retained,0.11978619214355662,11.98,0,Low,1059,2024-12-31,2025-12-31
CUST-002096,Williams-Rodriguez,Enterprise,Retail,545837.1,validation,0,Retained,0.11947845563438715,11.95,0,Low,1060,2024-12-31,2025-12-31
CUST-002270,Gordon LLC,Mid-Market,Technology,155190.43,test,0,Retained,0.11854051289225312,11.85,0,Low,1061,2024-12-31,2025-12-31
CUST-001682,White PLC,Mid-Market,Education,277427.13,validation,0,Retained,0.11831765106018415,11.83,0,Low,1062,2024-12-31,2025-12-31
CUST-000668,Kane-Knox,Mid-Market,Education,46866.51,train,0,Retained,0.11456508586412763,11.46,0,Low,1063,2024-12-31,2025-12-31
CUST-001919,Jackson Inc,SMB,Technology,8553.01,train,0,Retained,0.11359329636585593,11.36,0,Low,1064,2024-12-31,2025-12-31
CUST-000907,Cruz-Allen,Enterprise,Technology,941508.18,train,0,Retained,0.11357548839971573,11.36,0,Low,1065,2024-12-31,2025-12-31
CUST-000313,Robinson-Lee,SMB,Healthcare,10766.33,train,0,Retained,0.11292053326773775,11.29,0,Low,1066,2024-12-31,2025-12-31
CUST-000501,"Rivera, Martinez and Richardson",Enterprise,Transportation,344179.23,train,0,Retained,0.11238810185893862,11.24,0,Low,1067,2024-12-31,2025-12-31
CUST-001559,Duncan Group,Mid-Market,Media,252146.43,train,0,Retained,0.11223506027205596,11.22,0,Low,1068,2024-12-31,2025-12-31
CUST-001954,Maxwell LLC,Enterprise,Retail,514723.94,train,0,Retained,0.11179660528228703,11.18,0,Low,1069,2024-12-31,2025-12-31
CUST-002338,"Leonard, Ballard and Miller",Mid-Market,Education,288657.69,test,0,Retained,0.10912338818329077,10.91,0,Low,1070,2024-12-31,2025-12-31
CUST-001370,Jackson-Jennings,Mid-Market,Energy,200440.44,train,0,Retained,0.10895248888008101,10.9,0,Low,1071,2024-12-31,2025-12-31
CUST-001989,Wolfe-Salazar,Mid-Market,Banking,240888.22,test,0,Retained,0.10873609696519183,10.87,0,Low,1072,2024-12-31,2025-12-31
CUST-000791,"Porter, Schultz and Allen",Mid-Market,Manufacturing,174877.07,train,0,Retained,0.10870692443741085,10.87,0,Low,1073,2024-12-31,2025-12-31
CUST-001817,English-Dominguez,Enterprise,Manufacturing,562116.31,train,0,Retained,0.1086909534396733,10.87,0,Low,1074,2024-12-31,2025-12-31
CUST-001019,Conner-Yu,Mid-Market,Media,258607.86,test,0,Retained,0.10866591933147944,10.87,0,Low,1075,2024-12-31,2025-12-31
CUST-002399,Barnes-Blackwell,Enterprise,Banking,377749.01,train,0,Retained,0.10850503993464972,10.85,0,Low,1076,2024-12-31,2025-12-31
CUST-001193,"Brown, Dunlap and Moore",Mid-Market,Media,80898.13,train,0,Retained,0.10839800850016042,10.84,0,Low,1077,2024-12-31,2025-12-31
CUST-001236,"Ochoa, Garcia and Sandoval",Enterprise,Telecommunications,291418.8,train,0,Retained,0.10749618849239864,10.75,0,Low,1078,2024-12-31,2025-12-31
CUST-001978,"Mullins, Steele and Russell",Mid-Market,Energy,152892.7,train,0,Retained,0.10714077442032051,10.71,0,Low,1079,2024-12-31,2025-12-31
CUST-000575,"Lee, Tran and Jones",Mid-Market,Professional Services,133040.63,train,0,Retained,0.10679303895919057,10.68,0,Low,1080,2024-12-31,2025-12-31
CUST-001543,Howard-Taylor,Mid-Market,Transportation,273814.15,train,0,Retained,0.10652583753847464,10.65,0,Low,1081,2024-12-31,2025-12-31
CUST-000460,"Valentine, Joyce and Murray",Mid-Market,Healthcare,161636.55,train,0,Retained,0.10610774912857443,10.61,0,Low,1082,2024-12-31,2025-12-31
CUST-001923,"Walker, Brock and Simmons",Mid-Market,Banking,41517.86,validation,0,Retained,0.10579413156062352,10.58,0,Low,1083,2024-12-31,2025-12-31
CUST-000946,"Mueller, Stevenson and Sanchez",Mid-Market,Manufacturing,293747.52,test,0,Retained,0.10579095375550202,10.58,0,Low,1084,2024-12-31,2025-12-31
CUST-001670,"Crosby, Armstrong and Herrera",Mid-Market,Education,118874.63,train,0,Retained,0.10507796451334186,10.51,0,Low,1085,2024-12-31,2025-12-31
CUST-001283,Cruz PLC,Mid-Market,Banking,178300.74,validation,0,Retained,0.10438992265440136,10.44,0,Low,1086,2024-12-31,2025-12-31
CUST-001801,"Haas, Cooper and Davis",Mid-Market,Media,142567.24,train,0,Retained,0.10414277664254905,10.41,0,Low,1087,2024-12-31,2025-12-31
CUST-000003,"Mcclain, Miller and Henderson",SMB,Energy,11382.81,test,0,Retained,0.10389278496115892,10.39,0,Low,1088,2024-12-31,2025-12-31
CUST-000547,"Ferguson, Shaw and Jackson",Enterprise,Transportation,319810.54,test,0,Retained,0.10389270493745398,10.39,0,Low,1089,2024-12-31,2025-12-31
CUST-001267,Lopez and Sons,Mid-Market,Telecommunications,133629.01,train,0,Retained,0.10291671892566107,10.29,0,Low,1090,2024-12-31,2025-12-31
CUST-001769,Edwards-Roth,Mid-Market,Technology,131477.4,train,0,Retained,0.10276785579146137,10.28,0,Low,1091,2024-12-31,2025-12-31
CUST-000734,Chung-Stevens,Mid-Market,Insurance,86711.87,train,0,Retained,0.1026729633974816,10.27,0,Low,1092,2024-12-31,2025-12-31
CUST-001833,Berry-Rivera,Mid-Market,Transportation,75374.94,test,0,Retained,0.1021388876272632,10.21,0,Low,1093,2024-12-31,2025-12-31
CUST-000367,"Le, Lewis and Hayes",Mid-Market,Media,117857.78,train,0,Retained,0.10110811735641347,10.11,0,Low,1094,2024-12-31,2025-12-31
CUST-001666,Jones Group,Mid-Market,Professional Services,230429.82,train,0,Retained,0.10087683929527179,10.09,0,Low,1095,2024-12-31,2025-12-31
CUST-001246,"Morris, Wilson and Bell",Mid-Market,Professional Services,347668.9,train,0,Retained,0.10048987280897874,10.05,0,Low,1096,2024-12-31,2025-12-31
CUST-000465,"Rosales, Mitchell and Hines",Mid-Market,Transportation,202700.2,train,0,Retained,0.09992381878685823,9.99,0,Low,1097,2024-12-31,2025-12-31
CUST-002301,Solis LLC,Mid-Market,Transportation,173481.09,train,0,Retained,0.09983990372059671,9.98,0,Low,1098,2024-12-31,2025-12-31
CUST-001043,Bush-Reynolds,Enterprise,Professional Services,476093.01,train,0,Retained,0.09935389468518306,9.94,0,Low,1099,2024-12-31,2025-12-31
CUST-001214,Mcgee-Smith,Mid-Market,Telecommunications,245536.19,train,0,Retained,0.09818166074094471,9.82,0,Low,1100,2024-12-31,2025-12-31
CUST-000714,Hudson-Sanchez,Mid-Market,Banking,123632.28,validation,0,Retained,0.09754977443709646,9.75,0,Low,1101,2024-12-31,2025-12-31
CUST-001470,"Griffin, Miller and Austin",Mid-Market,Telecommunications,255537.22,test,0,Retained,0.09752844133001258,9.75,0,Low,1102,2024-12-31,2025-12-31
CUST-001248,"Butler, Adkins and Skinner",Enterprise,Technology,722985.03,train,0,Retained,0.0971987452301371,9.72,0,Low,1103,2024-12-31,2025-12-31
CUST-000396,Reed Inc,Mid-Market,Telecommunications,59709.1,test,0,Retained,0.09671806173704219,9.67,0,Low,1104,2024-12-31,2025-12-31
CUST-001646,"Anderson, Delgado and Carpenter",Mid-Market,Manufacturing,288256.57,train,0,Retained,0.09652718094986822,9.65,0,Low,1105,2024-12-31,2025-12-31
CUST-001491,Mcdonald-Pitts,SMB,Insurance,49471.68,train,0,Retained,0.09566960767544924,9.57,0,Low,1106,2024-12-31,2025-12-31
CUST-002240,"Serrano, Marsh and Gonzalez",Mid-Market,Manufacturing,216539.85,test,0,Retained,0.09550672594028813,9.55,0,Low,1107,2024-12-31,2025-12-31
CUST-002260,Mccann-Sanders,Enterprise,Manufacturing,997873.43,train,0,Retained,0.09520136740933535,9.52,0,Low,1108,2024-12-31,2025-12-31
CUST-001914,"Contreras, Ellis and Gregory",Mid-Market,Manufacturing,157213.0,train,0,Retained,0.09515579197471392,9.52,0,Low,1109,2024-12-31,2025-12-31
CUST-002413,Williams Ltd,Mid-Market,Media,224999.32,train,0,Retained,0.09486469326763257,9.49,0,Low,1110,2024-12-31,2025-12-31
CUST-002235,Fuller LLC,Enterprise,Banking,495042.63,validation,0,Retained,0.09459541676415678,9.46,0,Low,1111,2024-12-31,2025-12-31
CUST-000922,Wilson-Salazar,Mid-Market,Professional Services,187648.18,train,0,Retained,0.09449629709395062,9.45,0,Low,1112,2024-12-31,2025-12-31
CUST-002067,"Castillo, Graham and Scott",Mid-Market,Media,234657.21,test,0,Retained,0.09437402775006122,9.44,0,Low,1113,2024-12-31,2025-12-31
CUST-000477,Scott and Sons,Mid-Market,Technology,85154.26,train,0,Retained,0.09356407529479245,9.36,0,Low,1114,2024-12-31,2025-12-31
CUST-001078,Hernandez PLC,Enterprise,Telecommunications,261229.55,train,0,Retained,0.09356038249525046,9.36,0,Low,1115,2024-12-31,2025-12-31
CUST-001791,Parker Group,Mid-Market,Transportation,148002.39,validation,0,Retained,0.09349794079556496,9.35,0,Low,1116,2024-12-31,2025-12-31
CUST-001408,"Hale, Gilbert and Craig",Mid-Market,Manufacturing,71111.18,train,0,Retained,0.09337336136602074,9.34,0,Low,1117,2024-12-31,2025-12-31
CUST-002305,Smith and Sons,Mid-Market,Banking,222324.71,train,0,Retained,0.09275350235843709,9.28,0,Low,1118,2024-12-31,2025-12-31
CUST-002391,Hardin-Villanueva,Mid-Market,Insurance,181177.36,train,0,Retained,0.09251110189837071,9.25,0,Low,1119,2024-12-31,2025-12-31
CUST-000551,"Baker, Clark and Armstrong",SMB,Energy,17095.7,train,0,Retained,0.09188040639635837,9.19,0,Low,1120,2024-12-31,2025-12-31
CUST-000570,Williams-Campbell,Enterprise,Retail,1223006.7,train,0,Retained,0.09185867825455228,9.19,0,Low,1121,2024-12-31,2025-12-31
CUST-001006,Thompson PLC,Mid-Market,Professional Services,178628.48,train,0,Retained,0.09176923065397903,9.18,0,Low,1122,2024-12-31,2025-12-31
CUST-001088,Ramirez-Vasquez,Enterprise,Banking,982508.77,train,0,Retained,0.09120787604157533,9.12,0,Low,1123,2024-12-31,2025-12-31
CUST-001429,Woods LLC,Enterprise,Banking,870993.2,train,0,Retained,0.09033057652726548,9.03,0,Low,1124,2024-12-31,2025-12-31
CUST-001337,"Vincent, Anderson and Mason",Enterprise,Insurance,975713.47,train,0,Retained,0.09009709488616796,9.01,0,Low,1125,2024-12-31,2025-12-31
CUST-000421,Marshall-Elliott,Mid-Market,Professional Services,245154.11,test,0,Retained,0.09007384437991342,9.01,0,Low,1126,2024-12-31,2025-12-31
CUST-001836,"Curry, Acosta and Elliott",Enterprise,Telecommunications,365158.31,train,0,Retained,0.09001014111299822,9.0,0,Low,1127,2024-12-31,2025-12-31
CUST-002140,"Saunders, Sparks and Harris",Mid-Market,Technology,144872.96,train,0,Retained,0.08944341802705456,8.94,0,Low,1128,2024-12-31,2025-12-31
CUST-002180,"Robertson, Powers and Kelley",SMB,Telecommunications,19416.13,train,0,Retained,0.0884844993485589,8.85,0,Low,1129,2024-12-31,2025-12-31
CUST-000184,"Higgins, Strickland and Martin",Mid-Market,Banking,92493.22,train,0,Retained,0.08803622179790731,8.8,0,Low,1130,2024-12-31,2025-12-31
CUST-001442,Fox Group,Enterprise,Insurance,1009313.63,test,0,Retained,0.08799003578283303,8.8,0,Low,1131,2024-12-31,2025-12-31
CUST-002151,"Brown, Baker and Garza",Enterprise,Insurance,329979.31,validation,0,Retained,0.0874437700452264,8.74,0,Low,1132,2024-12-31,2025-12-31
CUST-000093,"Garcia, Humphrey and Baker",Mid-Market,Healthcare,174404.9,train,0,Retained,0.0869847227548788,8.7,0,Low,1133,2024-12-31,2025-12-31
CUST-001175,Decker-Dudley,Mid-Market,Retail,127196.35,validation,0,Retained,0.08685676275191387,8.69,0,Low,1134,2024-12-31,2025-12-31
CUST-002120,Crosby-Richardson,Mid-Market,Telecommunications,133846.96,test,0,Retained,0.08506115578581275,8.51,0,Low,1135,2024-12-31,2025-12-31
CUST-001624,"Webb, Blair and Thomas",Mid-Market,Telecommunications,76182.5,train,0,Retained,0.08471645577937141,8.47,0,Low,1136,2024-12-31,2025-12-31
CUST-002153,Flores-Johnson,Strategic,Retail,3987445.82,train,0,Retained,0.08398152273833624,8.4,0,Low,1137,2024-12-31,2025-12-31
CUST-002172,Davies-Morales,Mid-Market,Telecommunications,95945.15,train,0,Retained,0.0828408853519659,8.28,0,Low,1138,2024-12-31,2025-12-31
CUST-000170,Hooper PLC,Enterprise,Technology,745700.91,train,0,Retained,0.08282401616196401,8.28,0,Low,1139,2024-12-31,2025-12-31
CUST-000912,Matthews Inc,Enterprise,Energy,529666.89,train,0,Retained,0.08251848069683729,8.25,0,Low,1140,2024-12-31,2025-12-31
CUST-000490,Cooper Ltd,Mid-Market,Retail,289906.57,train,0,Retained,0.08244312116434833,8.24,0,Low,1141,2024-12-31,2025-12-31
CUST-000210,"Wood, Tran and Cooper",Enterprise,Technology,491376.42,train,0,Retained,0.0818265497171322,8.18,0,Low,1142,2024-12-31,2025-12-31
CUST-001196,Carr-Huffman,Mid-Market,Healthcare,234958.13,train,0,Retained,0.0813593590927248,8.14,0,Low,1143,2024-12-31,2025-12-31
CUST-001353,Gomez-Parrish,Mid-Market,Manufacturing,89537.02,train,0,Retained,0.0804518657197974,8.05,0,Low,1144,2024-12-31,2025-12-31
CUST-001012,"Robinson, Fox and Smith",Enterprise,Manufacturing,508599.13,validation,0,Retained,0.080268093946956,8.03,0,Low,1145,2024-12-31,2025-12-31
CUST-001712,Carter and Sons,Enterprise,Manufacturing,629737.88,train,0,Retained,0.07948509146371513,7.95,0,Low,1146,2024-12-31,2025-12-31
CUST-002159,Watkins-Lozano,Mid-Market,Technology,163090.59,train,0,Retained,0.07871960754884802,7.87,0,Low,1147,2024-12-31,2025-12-31
CUST-001169,"Jennings, Smith and Fisher",Mid-Market,Healthcare,188944.84,validation,0,Retained,0.07856174228498485,7.86,0,Low,1148,2024-12-31,2025-12-31
CUST-001475,Edwards Ltd,Mid-Market,Retail,90770.14,test,0,Retained,0.07792486944993707,7.79,0,Low,1149,2024-12-31,2025-12-31
CUST-001598,"Cunningham, Murphy and Wolfe",Enterprise,Education,581288.84,train,0,Retained,0.07784248359601094,7.78,0,Low,1150,2024-12-31,2025-12-31
CUST-000673,Nunez-Stephens,Mid-Market,Healthcare,63193.31,train,0,Retained,0.07779307801010052,7.78,0,Low,1151,2024-12-31,2025-12-31
CUST-000867,"Smith, Schroeder and Oconnor",Enterprise,Technology,314976.79,train,0,Retained,0.07769245693271988,7.77,0,Low,1152,2024-12-31,2025-12-31
CUST-001636,Reed LLC,Enterprise,Media,440249.45,train,0,Retained,0.07758816759377474,7.76,0,Low,1153,2024-12-31,2025-12-31
CUST-001279,"Moreno, Barajas and Colon",Mid-Market,Healthcare,171340.0,train,0,Retained,0.07748396198536259,7.75,0,Low,1154,2024-12-31,2025-12-31
CUST-000364,"Kelley, Nguyen and Vang",Enterprise,Transportation,1080397.6,train,0,Retained,0.07740749364667436,7.74,0,Low,1155,2024-12-31,2025-12-31
CUST-000422,"Cole, Glass and Cunningham",Mid-Market,Energy,195733.89,train,0,Retained,0.07730667041458066,7.73,0,Low,1156,2024-12-31,2025-12-31
CUST-002060,Davenport-Torres,Enterprise,Healthcare,575165.46,train,0,Retained,0.07698651591820695,7.7,0,Low,1157,2024-12-31,2025-12-31
CUST-001595,Kane and Sons,Mid-Market,Telecommunications,69085.89,train,0,Retained,0.07625638166821701,7.63,0,Low,1158,2024-12-31,2025-12-31
CUST-000591,"Williams, Castillo and Warren",Mid-Market,Technology,245228.63,train,0,Retained,0.07595229053642721,7.6,0,Low,1159,2024-12-31,2025-12-31
CUST-001823,House-Johnston,Mid-Market,Insurance,106654.72,train,0,Retained,0.07593124594892385,7.59,0,Low,1160,2024-12-31,2025-12-31
CUST-001550,"Hunter, Gross and Andrade",Enterprise,Manufacturing,545935.64,train,0,Retained,0.07592933111392876,7.59,0,Low,1161,2024-12-31,2025-12-31
CUST-000853,Martin-Taylor,Mid-Market,Professional Services,176515.8,validation,0,Retained,0.07591658643752813,7.59,0,Low,1162,2024-12-31,2025-12-31
CUST-000323,Taylor and Sons,Enterprise,Healthcare,205132.69,test,0,Retained,0.07492911204401707,7.49,0,Low,1163,2024-12-31,2025-12-31
CUST-001707,"Guerrero, Graves and Armstrong",Mid-Market,Professional Services,165555.81,train,0,Retained,0.0747438625179781,7.47,0,Low,1164,2024-12-31,2025-12-31
CUST-000857,"Adams, Hodge and Duke",Mid-Market,Insurance,199444.42,validation,0,Retained,0.07468749958305922,7.47,0,Low,1165,2024-12-31,2025-12-31
CUST-000872,Kelley-Anderson,Mid-Market,Insurance,112077.61,train,0,Retained,0.0741878716506469,7.42,0,Low,1166,2024-12-31,2025-12-31
CUST-000851,Clark Ltd,Mid-Market,Insurance,210469.34,train,0,Retained,0.07407716975217908,7.41,0,Low,1167,2024-12-31,2025-12-31
CUST-001090,Mccann-Ramos,Mid-Market,Transportation,178373.86,train,0,Retained,0.07265649834482775,7.27,0,Low,1168,2024-12-31,2025-12-31
CUST-001335,"Kennedy, Rowe and Diaz",Enterprise,Education,587586.8,train,0,Retained,0.0720697394595169,7.21,0,Low,1169,2024-12-31,2025-12-31
CUST-001882,Ramirez Inc,Enterprise,Professional Services,321339.17,train,0,Retained,0.07205380813583089,7.21,0,Low,1170,2024-12-31,2025-12-31
CUST-001874,Erickson Inc,Enterprise,Banking,696052.18,train,0,Retained,0.07182194466809533,7.18,0,Low,1171,2024-12-31,2025-12-31
CUST-000469,Brown-Shaw,Mid-Market,Transportation,162159.97,test,1,Churned,0.07166622174969926,7.17,0,Low,1172,2024-12-31,2025-12-31
CUST-001847,Washington PLC,Enterprise,Professional Services,705010.31,train,0,Retained,0.07141288372023526,7.14,0,Low,1173,2024-12-31,2025-12-31
CUST-000445,"Conner, Li and Santiago",Enterprise,Retail,532967.16,train,0,Retained,0.07135739130657753,7.14,0,Low,1174,2024-12-31,2025-12-31
CUST-001640,Raymond LLC,Mid-Market,Professional Services,225364.9,train,0,Retained,0.07128238513471036,7.13,0,Low,1175,2024-12-31,2025-12-31
CUST-000216,"Carlson, Hooper and Wall",Enterprise,Banking,790501.62,train,0,Retained,0.07113347805030487,7.11,0,Low,1176,2024-12-31,2025-12-31
CUST-000267,Valentine-Holland,Mid-Market,Banking,202762.23,train,0,Retained,0.07103259935056698,7.1,0,Low,1177,2024-12-31,2025-12-31
CUST-001803,Abbott-Phelps,Enterprise,Manufacturing,350788.25,train,0,Retained,0.0709489073298446,7.09,0,Low,1178,2024-12-31,2025-12-31
CUST-002322,Palmer PLC,Mid-Market,Manufacturing,326989.1,train,0,Retained,0.07017304327430779,7.02,0,Low,1179,2024-12-31,2025-12-31
CUST-001596,"Delgado, Guzman and Smith",Enterprise,Technology,411561.91,test,0,Retained,0.07001345751408104,7.0,0,Low,1180,2024-12-31,2025-12-31
CUST-001702,Brown LLC,Enterprise,Transportation,688505.87,train,0,Retained,0.06885690713461592,6.89,0,Low,1181,2024-12-31,2025-12-31
CUST-001551,"Vincent, Parsons and Allen",Mid-Market,Professional Services,146286.2,train,0,Retained,0.06847803448863356,6.85,0,Low,1182,2024-12-31,2025-12-31
CUST-001056,Watson Group,Mid-Market,Manufacturing,117072.68,train,0,Retained,0.0680279099830712,6.8,0,Low,1183,2024-12-31,2025-12-31
CUST-001622,Singh and Sons,Enterprise,Manufacturing,908108.86,test,0,Retained,0.0680094183900246,6.8,0,Low,1184,2024-12-31,2025-12-31
CUST-002286,Oneill and Sons,Enterprise,Insurance,211633.01,train,0,Retained,0.0674990022623668,6.75,0,Low,1185,2024-12-31,2025-12-31
CUST-002460,Chapman-Henry,Strategic,Retail,4192019.15,validation,0,Retained,0.06676918334672387,6.68,0,Low,1186,2024-12-31,2025-12-31
CUST-000766,Hawkins-Hunt,Mid-Market,Energy,149863.21,train,0,Retained,0.06660949067384325,6.66,0,Low,1187,2024-12-31,2025-12-31
CUST-000866,Gibson-Freeman,Enterprise,Education,617609.1,train,0,Retained,0.06588242344008685,6.59,0,Low,1188,2024-12-31,2025-12-31
CUST-001066,"Johnson, Duncan and Black",Enterprise,Banking,736828.63,train,0,Retained,0.06575431104503711,6.58,0,Low,1189,2024-12-31,2025-12-31
CUST-001555,Rodriguez-Mills,Mid-Market,Energy,175310.59,train,0,Retained,0.06520550582599455,6.52,0,Low,1190,2024-12-31,2025-12-31
CUST-002019,Watson-Roberts,Mid-Market,Manufacturing,333794.52,train,0,Retained,0.06519765611302358,6.52,0,Low,1191,2024-12-31,2025-12-31
CUST-000760,Marquez Inc,SMB,Telecommunications,7616.73,train,0,Retained,0.06499579316856004,6.5,0,Low,1192,2024-12-31,2025-12-31
CUST-001015,"Stark, Schroeder and Mathis",Mid-Market,Media,60633.1,train,0,Retained,0.06496247622001738,6.5,0,Low,1193,2024-12-31,2025-12-31
CUST-001210,Hunter PLC,Enterprise,Technology,466836.6,train,0,Retained,0.06489656194969558,6.49,0,Low,1194,2024-12-31,2025-12-31
CUST-001574,Pierce PLC,Mid-Market,Telecommunications,208093.84,validation,1,Churned,0.06487288772759497,6.49,0,Low,1195,2024-12-31,2025-12-31
CUST-001890,Jones Ltd,Enterprise,Technology,465680.22,train,0,Retained,0.06443490383127126,6.44,0,Low,1196,2024-12-31,2025-12-31
CUST-000224,Wilson-Jones,Mid-Market,Education,132836.65,validation,0,Retained,0.06443320402264509,6.44,0,Low,1197,2024-12-31,2025-12-31
CUST-000139,"Harvey, Davis and Crane",Mid-Market,Energy,227595.08,train,0,Retained,0.0643866111706605,6.44,0,Low,1198,2024-12-31,2025-12-31
CUST-002136,Jimenez Inc,Mid-Market,Technology,57739.55,train,0,Retained,0.06434186996314682,6.43,0,Low,1199,2024-12-31,2025-12-31
CUST-001105,Curry-Barker,Enterprise,Education,1036732.71,test,0,Retained,0.06392424709652215,6.39,0,Low,1200,2024-12-31,2025-12-31
CUST-001340,"Martin, Palmer and Griffin",Enterprise,Education,780485.84,test,0,Retained,0.06369140921941581,6.37,0,Low,1201,2024-12-31,2025-12-31
CUST-002359,Barber-Harrison,Mid-Market,Manufacturing,48402.59,train,0,Retained,0.06353570003818182,6.35,0,Low,1202,2024-12-31,2025-12-31
CUST-000962,Haynes-Moss,Enterprise,Retail,889449.0,validation,0,Retained,0.06345016935835214,6.35,0,Low,1203,2024-12-31,2025-12-31
CUST-002143,Beard-Wilson,Mid-Market,Telecommunications,239563.3,train,0,Retained,0.06331826884980198,6.33,0,Low,1204,2024-12-31,2025-12-31
CUST-001401,Baker LLC,Enterprise,Retail,736461.16,train,0,Retained,0.06308466672538704,6.31,0,Low,1205,2024-12-31,2025-12-31
CUST-000581,"Cook, Wells and Bryant",Strategic,Retail,2717854.27,train,0,Retained,0.06257761270367165,6.26,0,Low,1206,2024-12-31,2025-12-31
CUST-001087,Morgan LLC,Enterprise,Retail,281236.82,test,1,Churned,0.0624388448857135,6.24,0,Low,1207,2024-12-31,2025-12-31
CUST-001139,Moreno-Gutierrez,Strategic,Technology,2773467.75,train,0,Retained,0.06221891028900725,6.22,0,Low,1208,2024-12-31,2025-12-31
CUST-001589,"Ross, Hardin and Navarro",Mid-Market,Professional Services,91661.29,validation,0,Retained,0.06175189729910427,6.18,0,Low,1209,2024-12-31,2025-12-31
CUST-001532,"Robinson, Rodriguez and Chen",Mid-Market,Technology,213013.74,validation,0,Retained,0.06169984903248657,6.17,0,Low,1210,2024-12-31,2025-12-31
CUST-001729,"Choi, Collier and Lee",Mid-Market,Technology,220134.04,train,0,Retained,0.061110967526371796,6.11,0,Low,1211,2024-12-31,2025-12-31
CUST-000589,"Soto, Carlson and Baker",Mid-Market,Professional Services,183147.58,train,0,Retained,0.06104411429514149,6.1,0,Low,1212,2024-12-31,2025-12-31
CUST-001779,Campbell LLC,Mid-Market,Professional Services,129246.51,validation,0,Retained,0.0608218201071958,6.08,0,Low,1213,2024-12-31,2025-12-31
CUST-002500,"Johnson, Collier and Powers",Enterprise,Manufacturing,576060.74,train,0,Retained,0.060773163464044676,6.08,0,Low,1214,2024-12-31,2025-12-31
CUST-000515,"Gregory, Kim and Martinez",Enterprise,Education,297757.55,train,0,Retained,0.06073468683144795,6.07,0,Low,1215,2024-12-31,2025-12-31
CUST-002037,Mccullough-Taylor,Enterprise,Professional Services,578703.25,train,0,Retained,0.0606615868558164,6.07,0,Low,1216,2024-12-31,2025-12-31
CUST-001947,Clark-King,SMB,Banking,29420.52,train,0,Retained,0.06031669057905189,6.03,0,Low,1217,2024-12-31,2025-12-31
CUST-001523,Huang LLC,Enterprise,Transportation,606588.21,validation,0,Retained,0.060228374267863614,6.02,0,Low,1218,2024-12-31,2025-12-31
CUST-000043,Rodriguez LLC,Mid-Market,Transportation,207495.69,train,0,Retained,0.06018771399220899,6.02,0,Low,1219,2024-12-31,2025-12-31
CUST-002212,King-Lawrence,Enterprise,Media,734410.79,validation,0,Retained,0.05993199710282534,5.99,0,Low,1220,2024-12-31,2025-12-31
CUST-000403,"Hall, Hansen and Barnett",Mid-Market,Professional Services,175730.67,train,0,Retained,0.05955100687998373,5.96,0,Low,1221,2024-12-31,2025-12-31
CUST-000535,Salazar Inc,Mid-Market,Energy,84929.02,train,0,Retained,0.059428011876244836,5.94,0,Low,1222,2024-12-31,2025-12-31
CUST-001304,James-Short,Enterprise,Media,439371.92,test,1,Churned,0.05928807421816149,5.93,0,Low,1223,2024-12-31,2025-12-31
CUST-001834,Yu-Yates,Mid-Market,Telecommunications,45941.81,train,0,Retained,0.05879218939673823,5.88,0,Low,1224,2024-12-31,2025-12-31
CUST-000600,Fox-Edwards,Mid-Market,Insurance,238200.66,train,0,Retained,0.05867890920964693,5.87,0,Low,1225,2024-12-31,2025-12-31
CUST-001381,Bell-Ballard,Enterprise,Healthcare,324097.71,train,0,Retained,0.05848070965362043,5.85,0,Low,1226,2024-12-31,2025-12-31
CUST-000696,Rivera Inc,Mid-Market,Manufacturing,268521.75,train,0,Retained,0.05839596495056899,5.84,0,Low,1227,2024-12-31,2025-12-31
CUST-002118,Spencer LLC,Strategic,Transportation,1826186.57,test,0,Retained,0.05816912507326159,5.82,0,Low,1228,2024-12-31,2025-12-31
CUST-001228,Bryant and Sons,Enterprise,Education,473914.19,validation,0,Retained,0.05808987565000018,5.81,0,Low,1229,2024-12-31,2025-12-31
CUST-002419,"Armstrong, Taylor and Gray",Enterprise,Technology,545538.57,validation,0,Retained,0.058001425299519745,5.8,0,Low,1230,2024-12-31,2025-12-31
CUST-000914,Hunter-Fuller,Mid-Market,Media,83851.12,train,0,Retained,0.05788312046693586,5.79,0,Low,1231,2024-12-31,2025-12-31
CUST-000619,Smith PLC,Mid-Market,Telecommunications,57071.58,test,0,Retained,0.05784294349280214,5.78,0,Low,1232,2024-12-31,2025-12-31
CUST-002362,"Mcdonald, Ware and Sharp",Mid-Market,Technology,70161.65,validation,0,Retained,0.056536674523916634,5.65,0,Low,1233,2024-12-31,2025-12-31
CUST-001241,"Tanner, Hunt and Cameron",Mid-Market,Healthcare,116757.98,train,0,Retained,0.05652420312655767,5.65,0,Low,1234,2024-12-31,2025-12-31
CUST-000698,"Calderon, Williams and Bennett",Enterprise,Healthcare,806074.4,train,0,Retained,0.05641977761024879,5.64,0,Low,1235,2024-12-31,2025-12-31
CUST-002163,"Robertson, Fisher and Smith",Mid-Market,Banking,86671.32,test,0,Retained,0.056407205180866754,5.64,0,Low,1236,2024-12-31,2025-12-31
CUST-001981,Castillo LLC,Enterprise,Technology,303465.17,train,0,Retained,0.05577754159256925,5.58,0,Low,1237,2024-12-31,2025-12-31
CUST-002263,Hawkins Inc,Enterprise,Healthcare,738941.76,test,0,Retained,0.05502144163698934,5.5,0,Low,1238,2024-12-31,2025-12-31
CUST-001165,"Vang, Stanley and Valdez",Mid-Market,Healthcare,90667.81,train,0,Retained,0.05428412015248726,5.43,0,Low,1239,2024-12-31,2025-12-31
CUST-001974,Baird-Williams,Mid-Market,Telecommunications,222945.4,test,0,Retained,0.054243333923463734,5.42,0,Low,1240,2024-12-31,2025-12-31
CUST-000113,"Rodriguez, Brennan and Garrison",Mid-Market,Manufacturing,114838.03,train,0,Retained,0.054004929989221254,5.4,0,Low,1241,2024-12-31,2025-12-31
CUST-000923,Parker Ltd,Strategic,Healthcare,3648542.8,train,0,Retained,0.05333420170974733,5.33,0,Low,1242,2024-12-31,2025-12-31
CUST-000920,Collins Group,Enterprise,Retail,1195788.43,train,0,Retained,0.052676718036176386,5.27,0,Low,1243,2024-12-31,2025-12-31
CUST-001046,Terry-Bowen,Enterprise,Insurance,1081358.42,validation,0,Retained,0.05254657866611587,5.25,0,Low,1244,2024-12-31,2025-12-31
CUST-001458,Taylor-Barry,Mid-Market,Technology,164484.47,train,0,Retained,0.05230340645680471,5.23,0,Low,1245,2024-12-31,2025-12-31
CUST-001824,Good PLC,Enterprise,Healthcare,559089.25,train,0,Retained,0.052105507821205335,5.21,0,Low,1246,2024-12-31,2025-12-31
CUST-000089,Suarez LLC,Mid-Market,Media,267933.1,train,0,Retained,0.05155134253443954,5.16,0,Low,1247,2024-12-31,2025-12-31
CUST-002491,"Bernard, Flores and Fleming",Mid-Market,Education,94295.8,train,0,Retained,0.05147198366636904,5.15,0,Low,1248,2024-12-31,2025-12-31
CUST-000053,Chapman and Sons,Enterprise,Education,1026961.04,train,0,Retained,0.051435889147799986,5.14,0,Low,1249,2024-12-31,2025-12-31
CUST-000160,Russell-Daniels,Enterprise,Healthcare,564675.42,train,0,Retained,0.05139557079013478,5.14,0,Low,1250,2024-12-31,2025-12-31
CUST-001400,Frost-Graham,Enterprise,Healthcare,1086980.6,train,0,Retained,0.05019761963257941,5.02,0,Low,1251,2024-12-31,2025-12-31
CUST-001645,Browning-Murphy,Mid-Market,Media,192421.38,train,0,Retained,0.05018857705920179,5.02,0,Low,1252,2024-12-31,2025-12-31
CUST-000825,"Price, Long and Wilson",Mid-Market,Healthcare,216342.27,train,0,Retained,0.050182702379912,5.02,0,Low,1253,2024-12-31,2025-12-31
CUST-000856,Werner-Carter,Mid-Market,Media,139864.13,test,0,Retained,0.05014116563652948,5.01,0,Low,1254,2024-12-31,2025-12-31
CUST-001466,Dillon-Mccarty,Enterprise,Manufacturing,1190576.86,train,0,Retained,0.05003091023432678,5.0,0,Low,1255,2024-12-31,2025-12-31
CUST-001552,"Brown, Coffey and Fuentes",Enterprise,Insurance,792393.65,validation,0,Retained,0.04988041214532871,4.99,0,Low,1256,2024-12-31,2025-12-31
CUST-002356,"Brown, Orozco and Butler",Mid-Market,Manufacturing,395673.67,train,0,Retained,0.049816301877066704,4.98,0,Low,1257,2024-12-31,2025-12-31
CUST-000174,Lewis-Murphy,Enterprise,Manufacturing,918083.52,train,0,Retained,0.04962043566719386,4.96,0,Low,1258,2024-12-31,2025-12-31
CUST-001192,Wilson Ltd,Enterprise,Retail,1476355.04,train,0,Retained,0.049527337993662754,4.95,0,Low,1259,2024-12-31,2025-12-31
CUST-000956,Morse PLC,Enterprise,Banking,634426.38,train,0,Retained,0.04948475377625439,4.95,0,Low,1260,2024-12-31,2025-12-31
CUST-001328,Thompson PLC,Mid-Market,Transportation,221364.71,test,0,Retained,0.048974320636336825,4.9,0,Low,1261,2024-12-31,2025-12-31
CUST-001829,"Davis, Kennedy and Harmon",Mid-Market,Media,92295.49,train,0,Retained,0.04895143913370849,4.9,0,Low,1262,2024-12-31,2025-12-31
CUST-001282,"Blackwell, James and Hogan",Mid-Market,Telecommunications,103148.01,train,0,Retained,0.04890847279804335,4.89,0,Low,1263,2024-12-31,2025-12-31
CUST-002494,Clark-Haley,Enterprise,Banking,513471.34,train,0,Retained,0.04865554444494539,4.87,0,Low,1264,2024-12-31,2025-12-31
CUST-001733,"Huang, Ford and Olsen",Mid-Market,Healthcare,234048.2,train,0,Retained,0.048461604163118635,4.85,0,Low,1265,2024-12-31,2025-12-31
CUST-002112,"Perez, Rodriguez and Rollins",Mid-Market,Telecommunications,67548.24,validation,0,Retained,0.04828850550512523,4.83,0,Low,1266,2024-12-31,2025-12-31
CUST-001540,"Moody, Martinez and Hall",Mid-Market,Manufacturing,34377.36,train,0,Retained,0.04813299266272024,4.81,0,Low,1267,2024-12-31,2025-12-31
CUST-001061,"Gutierrez, Avila and Perez",Mid-Market,Professional Services,178609.46,train,0,Retained,0.04784446900886961,4.78,0,Low,1268,2024-12-31,2025-12-31
CUST-002097,"Palmer, Brown and Wilson",Mid-Market,Banking,277457.6,train,0,Retained,0.04754885557096787,4.75,0,Low,1269,2024-12-31,2025-12-31
CUST-001212,Solis-West,Strategic,Insurance,2455365.66,train,0,Retained,0.04753776769808589,4.75,0,Low,1270,2024-12-31,2025-12-31
CUST-001785,Peterson Ltd,Mid-Market,Banking,92787.56,train,0,Retained,0.04734996498182898,4.73,0,Low,1271,2024-12-31,2025-12-31
CUST-001463,Combs-Davis,Strategic,Retail,3724870.39,train,0,Retained,0.046950952829886025,4.7,0,Low,1272,2024-12-31,2025-12-31
CUST-000195,"Hernandez, Thompson and Boyd",Enterprise,Insurance,1190324.75,train,0,Retained,0.04689871910106829,4.69,0,Low,1273,2024-12-31,2025-12-31
CUST-000486,Jones-Fox,Enterprise,Insurance,855839.24,train,0,Retained,0.04677672272352169,4.68,0,Low,1274,2024-12-31,2025-12-31
CUST-000188,Vargas Ltd,Mid-Market,Technology,165720.13,validation,0,Retained,0.046735201249194086,4.67,0,Low,1275,2024-12-31,2025-12-31
CUST-001104,"Arnold, Cooper and Monroe",Mid-Market,Media,154392.95,train,0,Retained,0.04662921534910927,4.66,0,Low,1276,2024-12-31,2025-12-31
CUST-000764,Ward-Nelson,Enterprise,Professional Services,396939.27,test,0,Retained,0.04661879274974797,4.66,0,Low,1277,2024-12-31,2025-12-31
CUST-000494,"Marshall, Dominguez and Welch",Enterprise,Professional Services,1089224.08,train,0,Retained,0.046581669350396745,4.66,0,Low,1278,2024-12-31,2025-12-31
CUST-002393,Carrillo Ltd,Enterprise,Insurance,716312.89,train,0,Retained,0.04603269399905402,4.6,0,Low,1279,2024-12-31,2025-12-31
CUST-001663,Perez Group,Enterprise,Energy,228387.12,test,0,Retained,0.04602527859512832,4.6,0,Low,1280,2024-12-31,2025-12-31
CUST-002429,Thomas and Sons,Enterprise,Education,603342.17,validation,0,Retained,0.045791343197510194,4.58,0,Low,1281,2024-12-31,2025-12-31
CUST-000375,"Hoffman, Santiago and Jenkins",Enterprise,Healthcare,422632.14,train,0,Retained,0.04574464424686889,4.57,0,Low,1282,2024-12-31,2025-12-31
CUST-002162,Murray Group,Enterprise,Retail,902809.48,test,0,Retained,0.045470200512194255,4.55,0,Low,1283,2024-12-31,2025-12-31
CUST-001482,Jackson Inc,Mid-Market,Telecommunications,180817.22,train,0,Retained,0.04531462037454846,4.53,0,Low,1284,2024-12-31,2025-12-31
CUST-000491,"Fuller, Ingram and Moss",Enterprise,Insurance,579183.26,train,0,Retained,0.045097014515366574,4.51,0,Low,1285,2024-12-31,2025-12-31
CUST-001190,Nelson-Cruz,Enterprise,Professional Services,770549.23,validation,0,Retained,0.04462200513678641,4.46,0,Low,1286,2024-12-31,2025-12-31
CUST-001199,Brown Ltd,Strategic,Energy,1194232.68,train,0,Retained,0.044497678914055636,4.45,0,Low,1287,2024-12-31,2025-12-31
CUST-002178,"Brock, Reynolds and Fernandez",Enterprise,Professional Services,491201.87,train,0,Retained,0.04414177685641871,4.41,0,Low,1288,2024-12-31,2025-12-31
CUST-000609,Huang-Foster,Mid-Market,Media,151194.25,validation,0,Retained,0.04384597360360728,4.38,0,Low,1289,2024-12-31,2025-12-31
CUST-001166,Williams Inc,Mid-Market,Healthcare,199225.39,validation,0,Retained,0.04375338076700232,4.38,0,Low,1290,2024-12-31,2025-12-31
CUST-001030,"Santiago, Daniel and Rogers",Strategic,Transportation,3307315.54,train,0,Retained,0.04329893115052855,4.33,0,Low,1291,2024-12-31,2025-12-31
CUST-000436,Cox LLC,Strategic,Retail,2553258.44,test,0,Retained,0.043157032113643856,4.32,0,Low,1292,2024-12-31,2025-12-31
CUST-000860,"Martinez, Cline and Wright",Mid-Market,Manufacturing,71246.93,train,0,Retained,0.04286898659782306,4.29,0,Low,1293,2024-12-31,2025-12-31
CUST-000424,Hernandez-Jones,Mid-Market,Transportation,75317.92,train,0,Retained,0.042182322638307006,4.22,0,Low,1294,2024-12-31,2025-12-31
CUST-000123,Chandler-Edwards,Mid-Market,Education,74157.5,train,0,Retained,0.04205727822129937,4.21,0,Low,1295,2024-12-31,2025-12-31
CUST-000695,Price LLC,Enterprise,Healthcare,324296.35,train,0,Retained,0.04182282683841258,4.18,0,Low,1296,2024-12-31,2025-12-31
CUST-001679,Gallegos-Hayes,Enterprise,Education,530460.1,validation,0,Retained,0.04174813560017439,4.17,0,Low,1297,2024-12-31,2025-12-31
CUST-002142,"Payne, Cisneros and Johnson",Mid-Market,Media,82174.82,validation,0,Retained,0.04167755360353504,4.17,0,Low,1298,2024-12-31,2025-12-31
CUST-001432,Porter and Sons,Enterprise,Technology,558888.44,train,0,Retained,0.041423183216434026,4.14,0,Low,1299,2024-12-31,2025-12-31
CUST-000072,House-Glover,Mid-Market,Telecommunications,144751.52,validation,1,Churned,0.04130368916333783,4.13,0,Low,1300,2024-12-31,2025-12-31
CUST-000624,"Rodgers, Jefferson and Johnson",Enterprise,Media,420783.99,validation,0,Retained,0.041169976800509524,4.12,0,Low,1301,2024-12-31,2025-12-31
CUST-000786,Vargas PLC,Mid-Market,Manufacturing,331624.74,test,0,Retained,0.04094631452211893,4.09,0,Low,1302,2024-12-31,2025-12-31
CUST-001703,Thomas Inc,Enterprise,Media,1329999.93,train,0,Retained,0.04001004306069827,4.0,0,Low,1303,2024-12-31,2025-12-31
CUST-000996,Castillo-Harrington,Mid-Market,Energy,88803.64,train,0,Retained,0.03974177330172049,3.97,0,Low,1304,2024-12-31,2025-12-31
CUST-001564,Owen-Brown,Strategic,Manufacturing,551248.88,train,0,Retained,0.03968904100756606,3.97,0,Low,1305,2024-12-31,2025-12-31
CUST-002467,"Jackson, Mendez and Nguyen",Enterprise,Media,744058.08,train,0,Retained,0.039347173317331896,3.93,0,Low,1306,2024-12-31,2025-12-31
CUST-000952,Blake Group,Mid-Market,Insurance,112494.08,validation,0,Retained,0.03928985922342453,3.93,0,Low,1307,2024-12-31,2025-12-31
CUST-000909,Peck-Anderson,Strategic,Insurance,4088289.32,train,0,Retained,0.03900293946556954,3.9,0,Low,1308,2024-12-31,2025-12-31
CUST-002147,Jordan-Edwards,Mid-Market,Energy,240303.96,train,0,Retained,0.038806492413778336,3.88,0,Low,1309,2024-12-31,2025-12-31
CUST-000586,Richardson Ltd,Enterprise,Education,1254425.09,train,0,Retained,0.03865388476756446,3.87,0,Low,1310,2024-12-31,2025-12-31
CUST-002414,West PLC,Mid-Market,Telecommunications,191158.11,train,0,Retained,0.038482903177325646,3.85,0,Low,1311,2024-12-31,2025-12-31
CUST-002036,Morgan-Rodriguez,Mid-Market,Banking,85787.72,train,0,Retained,0.03847576723757881,3.85,0,Low,1312,2024-12-31,2025-12-31
CUST-000602,Payne-Lowe,Mid-Market,Telecommunications,155372.37,validation,0,Retained,0.038372366118548294,3.84,0,Low,1313,2024-12-31,2025-12-31
CUST-002415,"Smith, Morgan and Young",Mid-Market,Telecommunications,41939.26,train,0,Retained,0.03830428017712286,3.83,0,Low,1314,2024-12-31,2025-12-31
CUST-000720,"Bernard, Warren and Combs",Mid-Market,Telecommunications,54249.61,train,0,Retained,0.03828294308089566,3.83,0,Low,1315,2024-12-31,2025-12-31
CUST-000449,Lee-Cooke,Enterprise,Transportation,1190913.87,train,0,Retained,0.03819367852750846,3.82,0,Low,1316,2024-12-31,2025-12-31
CUST-002342,Santos Group,Mid-Market,Banking,118406.02,train,0,Retained,0.037815795288443144,3.78,0,Low,1317,2024-12-31,2025-12-31
CUST-002261,Reeves Ltd,Enterprise,Technology,1025395.26,test,0,Retained,0.03741878345380245,3.74,0,Low,1318,2024-12-31,2025-12-31
CUST-002297,"Castillo, Fuller and Adams",Mid-Market,Energy,149896.16,train,0,Retained,0.03741403279705183,3.74,0,Low,1319,2024-12-31,2025-12-31
CUST-001099,Hull Ltd,Mid-Market,Telecommunications,109122.46,train,0,Retained,0.03734946427360689,3.73,0,Low,1320,2024-12-31,2025-12-31
CUST-002398,"Whitney, Lloyd and Liu",Mid-Market,Banking,137390.05,validation,0,Retained,0.03730216961035808,3.73,0,Low,1321,2024-12-31,2025-12-31
CUST-000380,Boone LLC,Mid-Market,Energy,186651.06,validation,0,Retained,0.036956352149673126,3.7,0,Low,1322,2024-12-31,2025-12-31
CUST-000438,"Williams, Mccoy and Cook",Mid-Market,Media,227957.54,train,0,Retained,0.036919911866661055,3.69,0,Low,1323,2024-12-31,2025-12-31
CUST-002353,"Garza, Carr and Gregory",Mid-Market,Energy,166584.73,train,0,Retained,0.03684704174334037,3.68,0,Low,1324,2024-12-31,2025-12-31
CUST-000640,Boyle-Smith,Enterprise,Healthcare,509473.82,train,0,Retained,0.03670412868079863,3.67,0,Low,1325,2024-12-31,2025-12-31
CUST-001548,"Martin, Schmidt and Cole",Strategic,Manufacturing,2589620.48,train,0,Retained,0.03666108047484393,3.67,0,Low,1326,2024-12-31,2025-12-31
CUST-000027,Baker and Sons,Enterprise,Transportation,876520.31,test,0,Retained,0.0365311591934505,3.65,0,Low,1327,2024-12-31,2025-12-31
CUST-000045,"Arroyo, Miller and Tucker",Enterprise,Healthcare,797506.46,train,0,Retained,0.03608696639606209,3.61,0,Low,1328,2024-12-31,2025-12-31
CUST-002078,Davis-Carpenter,Mid-Market,Healthcare,168015.52,train,0,Retained,0.035899575217876255,3.59,0,Low,1329,2024-12-31,2025-12-31
CUST-000769,Smith-Gutierrez,Enterprise,Insurance,495079.39,train,0,Retained,0.035840615564640986,3.58,0,Low,1330,2024-12-31,2025-12-31
CUST-000092,"Smith, Montoya and Evans",Enterprise,Manufacturing,1086363.65,train,0,Retained,0.035767238328748785,3.58,0,Low,1331,2024-12-31,2025-12-31
CUST-002311,Hunt-Burns,Mid-Market,Telecommunications,213557.86,validation,0,Retained,0.035719817785358265,3.57,0,Low,1332,2024-12-31,2025-12-31
CUST-000120,"Rivera, Johnson and Wiley",Enterprise,Healthcare,626661.3,train,0,Retained,0.035700758839855934,3.57,0,Low,1333,2024-12-31,2025-12-31
CUST-001372,Cruz-Rodriguez,Enterprise,Transportation,1060207.21,train,0,Retained,0.0356730469400265,3.57,0,Low,1334,2024-12-31,2025-12-31
CUST-001969,Atkins-Robinson,Mid-Market,Healthcare,122442.0,test,0,Retained,0.035423365922996476,3.54,0,Low,1335,2024-12-31,2025-12-31
CUST-001062,Randall PLC,Enterprise,Professional Services,808409.32,validation,0,Retained,0.03535126054880452,3.54,0,Low,1336,2024-12-31,2025-12-31
CUST-000688,"Shelton, Peters and Williams",Enterprise,Retail,1032026.86,train,0,Retained,0.035230612828813075,3.52,0,Low,1337,2024-12-31,2025-12-31
CUST-000978,Parks-Pace,Enterprise,Retail,440773.03,train,0,Retained,0.034752045812357905,3.48,0,Low,1338,2024-12-31,2025-12-31
CUST-002016,"Wilkinson, Wallace and Torres",Mid-Market,Banking,146821.65,test,0,Retained,0.034731500587851134,3.47,0,Low,1339,2024-12-31,2025-12-31
CUST-000704,Dominguez Ltd,SMB,Education,19383.31,test,0,Retained,0.034622665357303566,3.46,0,Low,1340,2024-12-31,2025-12-31
CUST-001759,Lambert-Nelson,Mid-Market,Banking,232905.51,train,0,Retained,0.03456648004518785,3.46,0,Low,1341,2024-12-31,2025-12-31
CUST-001967,"Whitehead, Lane and Tran",Mid-Market,Telecommunications,47097.59,validation,0,Retained,0.03443725717585733,3.44,0,Low,1342,2024-12-31,2025-12-31
CUST-000722,Duran Group,Enterprise,Education,240773.94,test,0,Retained,0.034431127360146974,3.44,0,Low,1343,2024-12-31,2025-12-31
CUST-001761,"Castro, Garcia and Daniels",Enterprise,Retail,619293.25,test,0,Retained,0.034149988432126584,3.41,0,Low,1344,2024-12-31,2025-12-31
CUST-001405,Bowman Group,Mid-Market,Banking,192718.13,train,0,Retained,0.03374746202151222,3.37,0,Low,1345,2024-12-31,2025-12-31
CUST-000077,"Woods, Calhoun and Schmidt",Mid-Market,Technology,137274.34,train,0,Retained,0.0335370338900862,3.35,0,Low,1346,2024-12-31,2025-12-31
CUST-000348,Willis and Sons,Enterprise,Banking,592345.94,train,0,Retained,0.03312954364331832,3.31,0,Low,1347,2024-12-31,2025-12-31
CUST-001083,Powell-Montgomery,Enterprise,Professional Services,516092.62,train,0,Retained,0.03267801475915325,3.27,0,Low,1348,2024-12-31,2025-12-31
CUST-000910,"Fisher, Payne and Thompson",Mid-Market,Energy,248687.95,validation,0,Retained,0.03252986323154476,3.25,0,Low,1349,2024-12-31,2025-12-31
CUST-001961,Cortez-Chen,Enterprise,Insurance,707880.05,test,1,Churned,0.032266174921132734,3.23,0,Low,1350,2024-12-31,2025-12-31
CUST-001167,Wallace-Martinez,Mid-Market,Media,86916.51,validation,0,Retained,0.032188423028321436,3.22,0,Low,1351,2024-12-31,2025-12-31
CUST-001869,Davis-Garcia,Enterprise,Banking,712892.81,train,0,Retained,0.03205499401454455,3.21,0,Low,1352,2024-12-31,2025-12-31
CUST-002170,Pittman PLC,Enterprise,Manufacturing,346849.63,train,0,Retained,0.0318798485613851,3.19,0,Low,1353,2024-12-31,2025-12-31
CUST-000052,Walker LLC,Enterprise,Technology,919995.42,train,0,Retained,0.031868333414650084,3.19,0,Low,1354,2024-12-31,2025-12-31
CUST-001232,"Taylor, Porter and Moreno",Mid-Market,Insurance,192916.88,train,0,Retained,0.0317972355861405,3.18,0,Low,1355,2024-12-31,2025-12-31
CUST-001695,Dean LLC,Mid-Market,Professional Services,100813.96,train,0,Retained,0.03171374855564149,3.17,0,Low,1356,2024-12-31,2025-12-31
CUST-001578,"Jordan, Swanson and Franklin",Mid-Market,Healthcare,142510.11,train,0,Retained,0.03170566401132821,3.17,0,Low,1357,2024-12-31,2025-12-31
CUST-001912,Brown-French,Enterprise,Insurance,637945.13,train,0,Retained,0.03169806233190387,3.17,0,Low,1358,2024-12-31,2025-12-31
CUST-001416,Spears-Andrews,Enterprise,Technology,1203484.71,validation,0,Retained,0.031590023378607446,3.16,0,Low,1359,2024-12-31,2025-12-31
CUST-000376,"Pugh, Henderson and Moon",Mid-Market,Telecommunications,138752.76,train,0,Retained,0.03151391543967182,3.15,0,Low,1360,2024-12-31,2025-12-31
CUST-000339,Crosby-Ramirez,Mid-Market,Healthcare,42959.3,validation,0,Retained,0.03146947460757834,3.15,0,Low,1361,2024-12-31,2025-12-31
CUST-000132,Spencer-Lee,Enterprise,Technology,479439.98,train,0,Retained,0.031391775179207417,3.14,0,Low,1362,2024-12-31,2025-12-31
CUST-001474,Miller LLC,Mid-Market,Transportation,48224.45,train,0,Retained,0.03128594020151825,3.13,0,Low,1363,2024-12-31,2025-12-31
CUST-002279,"Yates, Brown and Hernandez",Enterprise,Media,592011.18,train,0,Retained,0.030888370533138112,3.09,0,Low,1364,2024-12-31,2025-12-31
CUST-001233,Tran Group,Enterprise,Telecommunications,949766.53,train,0,Retained,0.030698021917840577,3.07,0,Low,1365,2024-12-31,2025-12-31
CUST-000055,Jones Inc,Enterprise,Technology,675600.64,train,0,Retained,0.0305793078110722,3.06,0,Low,1366,2024-12-31,2025-12-31
CUST-000230,Kerr-Evans,Enterprise,Manufacturing,713509.66,test,0,Retained,0.030243874501162733,3.02,0,Low,1367,2024-12-31,2025-12-31
CUST-000976,Martinez Inc,Mid-Market,Telecommunications,138101.02,test,0,Retained,0.030144997676449233,3.01,0,Low,1368,2024-12-31,2025-12-31
CUST-001495,"Ferguson, Stout and Olson",Enterprise,Retail,1146372.63,train,0,Retained,0.03008471094940819,3.01,0,Low,1369,2024-12-31,2025-12-31
CUST-002425,"Fox, Chapman and Stone",Mid-Market,Energy,317997.39,test,0,Retained,0.029917574696797372,2.99,0,Low,1370,2024-12-31,2025-12-31
CUST-001588,"Wright, Scott and Evans",Enterprise,Energy,149760.9,test,0,Retained,0.029716111013194203,2.97,0,Low,1371,2024-12-31,2025-12-31
CUST-000767,Johnson LLC,Mid-Market,Healthcare,194743.79,train,0,Retained,0.02960272415247439,2.96,0,Low,1372,2024-12-31,2025-12-31
CUST-000821,Ray PLC,Enterprise,Media,686735.8,train,0,Retained,0.029439729032274802,2.94,0,Low,1373,2024-12-31,2025-12-31
CUST-001146,Johnston and Sons,Mid-Market,Banking,218608.19,train,0,Retained,0.02934299802634098,2.93,0,Low,1374,2024-12-31,2025-12-31
CUST-000830,Brooks and Sons,Mid-Market,Retail,323989.44,test,0,Retained,0.029236548775614705,2.92,0,Low,1375,2024-12-31,2025-12-31
CUST-002161,Jackson-Ryan,Enterprise,Banking,629258.48,train,0,Retained,0.02903923303512613,2.9,0,Low,1376,2024-12-31,2025-12-31
CUST-000378,Bell-Lane,Enterprise,Telecommunications,1173616.16,train,0,Retained,0.02895505599682808,2.9,0,Low,1377,2024-12-31,2025-12-31
CUST-000102,"Patterson, Smith and Jones",Mid-Market,Education,76083.37,train,0,Retained,0.02887556494613981,2.89,0,Low,1378,2024-12-31,2025-12-31
CUST-000569,Levy-Lewis,Mid-Market,Professional Services,152098.21,train,0,Retained,0.028873533536559963,2.89,0,Low,1379,2024-12-31,2025-12-31
CUST-000941,Walker PLC,Enterprise,Retail,756678.03,test,0,Retained,0.028707958263890384,2.87,0,Low,1380,2024-12-31,2025-12-31
CUST-001188,"Adams, Quinn and Watson",Enterprise,Manufacturing,269065.59,train,0,Retained,0.02850240143089858,2.85,0,Low,1381,2024-12-31,2025-12-31
CUST-000214,"Tapia, Vaughn and Lee",Mid-Market,Professional Services,96220.39,train,0,Retained,0.02824458365087211,2.82,0,Low,1382,2024-12-31,2025-12-31
CUST-001667,"Burns, Nguyen and Ellis",Mid-Market,Technology,400070.04,train,0,Retained,0.028221072514923548,2.82,0,Low,1383,2024-12-31,2025-12-31
CUST-002200,Edwards LLC,Mid-Market,Transportation,212024.06,test,0,Retained,0.02811952258513625,2.81,0,Low,1384,2024-12-31,2025-12-31
CUST-002355,Henderson LLC,Enterprise,Media,309979.38,train,0,Retained,0.027874399841846205,2.79,0,Low,1385,2024-12-31,2025-12-31
CUST-001830,"Miller, Schultz and Yates",Enterprise,Education,259439.21,validation,0,Retained,0.02786967274126347,2.79,0,Low,1386,2024-12-31,2025-12-31
CUST-002268,Anderson-Mcclain,Mid-Market,Telecommunications,236171.1,train,0,Retained,0.02769163941815566,2.77,0,Low,1387,2024-12-31,2025-12-31
CUST-002307,Holland-Best,Mid-Market,Manufacturing,117423.68,train,0,Retained,0.027655417441586023,2.77,0,Low,1388,2024-12-31,2025-12-31
CUST-002228,Ruiz-Gutierrez,Enterprise,Media,1731257.21,train,0,Retained,0.02763461870473098,2.76,0,Low,1389,2024-12-31,2025-12-31
CUST-001763,Andrews-Jackson,Strategic,Technology,6240907.37,train,0,Retained,0.027499811780417664,2.75,0,Low,1390,2024-12-31,2025-12-31
CUST-000426,"Brown, Romero and Collins",Enterprise,Healthcare,491476.27,train,0,Retained,0.02739434224576048,2.74,0,Low,1391,2024-12-31,2025-12-31
CUST-001399,Brock and Sons,Enterprise,Retail,1695105.28,train,0,Retained,0.02699195680623576,2.7,0,Low,1392,2024-12-31,2025-12-31
CUST-002033,"Cantrell, Rivera and Thornton",Enterprise,Manufacturing,603562.48,train,0,Retained,0.02679356618803687,2.68,0,Low,1393,2024-12-31,2025-12-31
CUST-001191,Marsh-Banks,Enterprise,Telecommunications,617894.93,validation,0,Retained,0.02677962464362577,2.68,0,Low,1394,2024-12-31,2025-12-31
CUST-001940,"Young, Wilson and Moreno",Enterprise,Banking,604982.37,train,0,Retained,0.026448149087292816,2.64,0,Low,1395,2024-12-31,2025-12-31
CUST-000078,Yu Inc,Strategic,Media,5316768.55,train,0,Retained,0.02638087677883014,2.64,0,Low,1396,2024-12-31,2025-12-31
CUST-000082,Sandoval-Cunningham,Enterprise,Healthcare,597830.53,train,0,Retained,0.02617247165775915,2.62,0,Low,1397,2024-12-31,2025-12-31
CUST-002300,"Meadows, Robles and Anderson",Enterprise,Professional Services,139690.46,train,0,Retained,0.026168938001411637,2.62,0,Low,1398,2024-12-31,2025-12-31
CUST-000200,Christensen PLC,Enterprise,Energy,794136.78,validation,0,Retained,0.025977368578179293,2.6,0,Low,1399,2024-12-31,2025-12-31
CUST-002340,Horton and Sons,Mid-Market,Manufacturing,253404.96,test,0,Retained,0.02587213054315585,2.59,0,Low,1400,2024-12-31,2025-12-31
CUST-000715,"Pena, Cohen and Scott",Enterprise,Energy,1282463.87,train,0,Retained,0.025797130394969222,2.58,0,Low,1401,2024-12-31,2025-12-31
CUST-000623,Pearson and Sons,Enterprise,Healthcare,541871.9,validation,0,Retained,0.025790391265181227,2.58,0,Low,1402,2024-12-31,2025-12-31
CUST-000997,Durham-Shaw,Mid-Market,Education,124597.22,train,0,Retained,0.025693129628172436,2.57,0,Low,1403,2024-12-31,2025-12-31
CUST-000528,Contreras-Mckinney,Enterprise,Telecommunications,127467.37,train,0,Retained,0.025690195536292947,2.57,0,Low,1404,2024-12-31,2025-12-31
CUST-000427,Johnson-Wood,Enterprise,Telecommunications,620574.14,train,0,Retained,0.025665979040210892,2.57,0,Low,1405,2024-12-31,2025-12-31
CUST-000747,Ali PLC,Enterprise,Energy,623077.04,validation,0,Retained,0.025498481349887567,2.55,0,Low,1406,2024-12-31,2025-12-31
CUST-001054,Ruiz-Jacobson,Mid-Market,Technology,253685.99,train,0,Retained,0.02517135427067286,2.52,0,Low,1407,2024-12-31,2025-12-31
CUST-001153,Perez LLC,Enterprise,Telecommunications,610950.88,train,0,Retained,0.024818442153904184,2.48,0,Low,1408,2024-12-31,2025-12-31
CUST-000484,Mendez and Sons,Enterprise,Education,450616.99,train,0,Retained,0.02470896703583932,2.47,0,Low,1409,2024-12-31,2025-12-31
CUST-000665,Mitchell and Sons,Enterprise,Healthcare,378700.5,train,0,Retained,0.024672903851277777,2.47,0,Low,1410,2024-12-31,2025-12-31
CUST-000050,"Harris, Collins and Carney",Enterprise,Transportation,1120146.19,train,0,Retained,0.02419314261508658,2.42,0,Low,1411,2024-12-31,2025-12-31
CUST-000299,"Sparks, Jackson and Miller",Enterprise,Professional Services,315973.33,validation,0,Retained,0.023927161083836294,2.39,0,Low,1412,2024-12-31,2025-12-31
CUST-001386,Lane Inc,Enterprise,Retail,714309.74,train,0,Retained,0.023621956486464934,2.36,0,Low,1413,2024-12-31,2025-12-31
CUST-002264,Galvan-Ruiz,Enterprise,Energy,304934.31,train,0,Retained,0.023295121929620924,2.33,0,Low,1414,2024-12-31,2025-12-31
CUST-000111,Patton-Jenkins,Enterprise,Manufacturing,696660.18,train,0,Retained,0.023286594811106964,2.33,0,Low,1415,2024-12-31,2025-12-31
CUST-000780,"Mccann, Taylor and Flores",Enterprise,Manufacturing,1026311.72,validation,0,Retained,0.023244774252145817,2.32,0,Low,1416,2024-12-31,2025-12-31
CUST-000049,Hickman Ltd,Enterprise,Retail,882938.6,test,0,Retained,0.023205928936954754,2.32,0,Low,1417,2024-12-31,2025-12-31
CUST-000565,Li PLC,Strategic,Retail,6168276.98,train,0,Retained,0.023063042270903524,2.31,0,Low,1418,2024-12-31,2025-12-31
CUST-000666,Cannon Ltd,Enterprise,Transportation,1007560.48,train,0,Retained,0.02302396449349199,2.3,0,Low,1419,2024-12-31,2025-12-31
CUST-000721,Landry Ltd,Enterprise,Energy,1238936.31,validation,0,Retained,0.022954704948415998,2.3,0,Low,1420,2024-12-31,2025-12-31
CUST-001994,Wong Ltd,Enterprise,Telecommunications,385764.86,train,0,Retained,0.022886973890269786,2.29,0,Low,1421,2024-12-31,2025-12-31
CUST-001451,Haynes-Watson,Enterprise,Transportation,1129812.64,train,0,Retained,0.022632432744680353,2.26,0,Low,1422,2024-12-31,2025-12-31
CUST-001740,Larson LLC,Enterprise,Insurance,462540.67,test,0,Retained,0.02260405115579305,2.26,0,Low,1423,2024-12-31,2025-12-31
CUST-000929,Nelson-Brown,Enterprise,Insurance,765411.26,validation,0,Retained,0.022451698389479958,2.25,0,Low,1424,2024-12-31,2025-12-31
CUST-002026,"Martinez, Green and Lopez",Enterprise,Transportation,667904.9,test,0,Retained,0.02244460898479527,2.24,0,Low,1425,2024-12-31,2025-12-31
CUST-001846,Green Ltd,Enterprise,Energy,1167845.45,test,0,Retained,0.022153933995660742,2.22,0,Low,1426,2024-12-31,2025-12-31
CUST-001965,Robinson-Phillips,Mid-Market,Technology,365058.69,train,0,Retained,0.0220385390835482,2.2,0,Low,1427,2024-12-31,2025-12-31
CUST-000524,"Griffin, Davies and Mitchell",Strategic,Healthcare,1815839.22,train,0,Retained,0.021997473476028994,2.2,0,Low,1428,2024-12-31,2025-12-31
CUST-001742,Crawford and Sons,Mid-Market,Technology,53246.2,validation,0,Retained,0.021978683985240482,2.2,0,Low,1429,2024-12-31,2025-12-31
CUST-001014,Brown-Hernandez,Enterprise,Telecommunications,765435.4,test,0,Retained,0.021261920499759737,2.13,0,Low,1430,2024-12-31,2025-12-31
CUST-000136,"Lawson, Morris and Ramos",Enterprise,Retail,1104232.03,train,0,Retained,0.02123377273439358,2.12,0,Low,1431,2024-12-31,2025-12-31
CUST-001073,Bartlett-Sloan,Mid-Market,Telecommunications,130535.47,train,0,Retained,0.020955016329601436,2.1,0,Low,1432,2024-12-31,2025-12-31
CUST-002032,Smith Ltd,Enterprise,Energy,544322.49,train,0,Retained,0.02091959976223459,2.09,0,Low,1433,2024-12-31,2025-12-31
CUST-000743,Lewis Ltd,Mid-Market,Professional Services,230645.59,train,0,Retained,0.020797214528287446,2.08,0,Low,1434,2024-12-31,2025-12-31
CUST-000149,Bryant Group,Strategic,Transportation,4327779.44,test,0,Retained,0.019967479620732767,2.0,0,Low,1435,2024-12-31,2025-12-31
CUST-000728,"Arnold, Smith and Moreno",Enterprise,Media,841763.29,validation,0,Retained,0.019916500212854717,1.99,0,Low,1436,2024-12-31,2025-12-31
CUST-001615,Hanson-Alexander,Enterprise,Education,291574.77,train,0,Retained,0.01953508749204388,1.95,0,Low,1437,2024-12-31,2025-12-31
CUST-000892,May Ltd,Enterprise,Technology,313314.53,validation,0,Retained,0.019518816865201988,1.95,0,Low,1438,2024-12-31,2025-12-31
CUST-002221,Fowler-Haynes,Enterprise,Professional Services,547788.55,test,0,Retained,0.019368602250784166,1.94,0,Low,1439,2024-12-31,2025-12-31
CUST-001185,"Edwards, Rodgers and Davis",Mid-Market,Energy,256049.93,test,0,Retained,0.018989856218177923,1.9,0,Low,1440,2024-12-31,2025-12-31
CUST-002129,"Nelson, Clarke and Schneider",Enterprise,Transportation,534220.05,validation,0,Retained,0.018927726315951805,1.89,0,Low,1441,2024-12-31,2025-12-31
CUST-000945,Wood LLC,Enterprise,Media,1238740.34,train,0,Retained,0.018907565121478506,1.89,0,Low,1442,2024-12-31,2025-12-31
CUST-001427,Wright-Davis,Enterprise,Media,1009730.64,train,0,Retained,0.018758314603296754,1.88,0,Low,1443,2024-12-31,2025-12-31
CUST-000985,Underwood-Foster,Enterprise,Telecommunications,343410.98,train,0,Retained,0.018738022330436113,1.87,0,Low,1444,2024-12-31,2025-12-31
CUST-001371,Carlson-Jones,Mid-Market,Energy,91053.53,validation,0,Retained,0.018551103329234948,1.86,0,Low,1445,2024-12-31,2025-12-31
CUST-002402,"Bishop, Thomas and Powell",Mid-Market,Manufacturing,264472.95,train,0,Retained,0.01845637712333781,1.85,0,Low,1446,2024-12-31,2025-12-31
CUST-001611,Powers Group,Mid-Market,Telecommunications,311303.46,train,0,Retained,0.018388769342041436,1.84,0,Low,1447,2024-12-31,2025-12-31
CUST-000117,Ross LLC,Mid-Market,Education,313272.2,train,0,Retained,0.018356172320934793,1.84,0,Low,1448,2024-12-31,2025-12-31
CUST-001880,Hammond-Schwartz,Mid-Market,Professional Services,136171.86,train,0,Retained,0.018316402856616548,1.83,0,Low,1449,2024-12-31,2025-12-31
CUST-001671,"Liu, Buchanan and Meyer",Enterprise,Media,499647.56,validation,0,Retained,0.018294072857840547,1.83,0,Low,1450,2024-12-31,2025-12-31
CUST-000305,"Evans, Hayden and Vaughn",Strategic,Banking,1459754.19,train,0,Retained,0.018003691998565184,1.8,0,Low,1451,2024-12-31,2025-12-31
CUST-000480,Barnes PLC,Enterprise,Manufacturing,228412.79,validation,0,Retained,0.01798894183798121,1.8,0,Low,1452,2024-12-31,2025-12-31
CUST-001050,Miller-Colon,Enterprise,Technology,353916.46,train,0,Retained,0.01793388547140897,1.79,0,Low,1453,2024-12-31,2025-12-31
CUST-000076,"Daniels, Adkins and Brown",Mid-Market,Education,211206.07,train,0,Retained,0.017813791451552315,1.78,0,Low,1454,2024-12-31,2025-12-31
CUST-001082,"Washington, Lynch and Johnson",Enterprise,Energy,725985.75,train,0,Retained,0.017497220513207606,1.75,0,Low,1455,2024-12-31,2025-12-31
CUST-000555,Evans-Jones,Enterprise,Education,822151.97,train,0,Retained,0.01744316205655411,1.74,0,Low,1456,2024-12-31,2025-12-31
CUST-000358,"Williams, Logan and Camacho",Strategic,Technology,2277462.96,train,0,Retained,0.017242565797501358,1.72,0,Low,1457,2024-12-31,2025-12-31
CUST-002207,Young Inc,Enterprise,Media,1248430.59,train,0,Retained,0.017130481080803003,1.71,0,Low,1458,2024-12-31,2025-12-31
CUST-001359,Cortez-Olson,Mid-Market,Transportation,62435.93,validation,0,Retained,0.017000050592400315,1.7,0,Low,1459,2024-12-31,2025-12-31
CUST-000498,Robertson-Hays,Enterprise,Manufacturing,626265.02,train,0,Retained,0.01686526917486456,1.69,0,Low,1460,2024-12-31,2025-12-31
CUST-001477,Nelson-Wallace,Mid-Market,Insurance,35704.84,validation,0,Retained,0.016855163414089606,1.69,0,Low,1461,2024-12-31,2025-12-31
CUST-001892,Hernandez-Bowman,Mid-Market,Telecommunications,50066.73,train,0,Retained,0.016696053580379868,1.67,0,Low,1462,2024-12-31,2025-12-31
CUST-000316,"Lucas, Parker and Alexander",Mid-Market,Technology,233626.38,test,0,Retained,0.01669569563965386,1.67,0,Low,1463,2024-12-31,2025-12-31
CUST-000164,Smith-Bell,Enterprise,Energy,434301.8,train,0,Retained,0.01656528085985891,1.66,0,Low,1464,2024-12-31,2025-12-31
CUST-000915,"Wang, Henderson and Morales",Enterprise,Retail,1327584.98,test,0,Retained,0.016561879225249827,1.66,0,Low,1465,2024-12-31,2025-12-31
CUST-000107,"Wright, Garcia and Deleon",Mid-Market,Insurance,302589.14,validation,0,Retained,0.01644556106208105,1.64,0,Low,1466,2024-12-31,2025-12-31
CUST-000697,Boone-Davis,Enterprise,Education,1245319.05,train,0,Retained,0.016296540440228515,1.63,0,Low,1467,2024-12-31,2025-12-31
CUST-000209,Holt-Torres,Enterprise,Retail,954458.31,train,0,Retained,0.016287814932269308,1.63,0,Low,1468,2024-12-31,2025-12-31
CUST-001732,Moore-Murray,Enterprise,Telecommunications,410704.24,train,0,Retained,0.016252466868612113,1.63,0,Low,1469,2024-12-31,2025-12-31
CUST-001644,Berry Group,Enterprise,Education,774705.79,train,0,Retained,0.01607142852565793,1.61,0,Low,1470,2024-12-31,2025-12-31
CUST-000794,Ferguson-Mclean,Mid-Market,Energy,121895.24,train,0,Retained,0.01605522395648276,1.61,0,Low,1471,2024-12-31,2025-12-31
CUST-000321,Coffey-Phillips,Enterprise,Professional Services,266784.55,test,0,Retained,0.01603884041041222,1.6,0,Low,1472,2024-12-31,2025-12-31
CUST-000649,"Zhang, Brooks and Miles",Enterprise,Technology,504708.01,train,0,Retained,0.01600583271594759,1.6,0,Low,1473,2024-12-31,2025-12-31
CUST-001993,Harvey-Diaz,Enterprise,Energy,1129621.72,train,0,Retained,0.01585621092906961,1.59,0,Low,1474,2024-12-31,2025-12-31
CUST-001148,Mendez Ltd,Enterprise,Energy,631084.21,train,0,Retained,0.015830240277685835,1.58,0,Low,1475,2024-12-31,2025-12-31
CUST-001865,Navarro PLC,Enterprise,Retail,924574.21,train,0,Retained,0.015792206253891057,1.58,0,Low,1476,2024-12-31,2025-12-31
CUST-000765,Miller Group,Strategic,Transportation,1920707.9,train,0,Retained,0.01564408875691081,1.56,0,Low,1477,2024-12-31,2025-12-31
CUST-000492,Anderson-Bell,Enterprise,Media,1310261.25,train,0,Retained,0.015583729204270048,1.56,0,Low,1478,2024-12-31,2025-12-31
CUST-000680,"Powers, Brennan and Sanchez",Enterprise,Energy,624952.9,train,0,Retained,0.015386812678436125,1.54,0,Low,1479,2024-12-31,2025-12-31
CUST-001835,Jackson-Neal,Enterprise,Banking,1131674.17,validation,0,Retained,0.01535471367277016,1.54,0,Low,1480,2024-12-31,2025-12-31
CUST-001576,"Ramos, Gomez and Edwards",Mid-Market,Banking,162877.54,validation,0,Retained,0.015037455702890239,1.5,0,Low,1481,2024-12-31,2025-12-31
CUST-002400,"Spencer, Torres and Newton",Mid-Market,Retail,64203.83,train,0,Retained,0.014832121237035738,1.48,0,Low,1482,2024-12-31,2025-12-31
CUST-001409,Allen-Smith,Strategic,Media,1294488.26,test,0,Retained,0.014783791385877283,1.48,0,Low,1483,2024-12-31,2025-12-31
CUST-000850,Gonzales Inc,Mid-Market,Banking,79405.29,test,0,Retained,0.014598379581441731,1.46,0,Low,1484,2024-12-31,2025-12-31
CUST-001154,Anderson-Reyes,Enterprise,Education,1010033.68,test,0,Retained,0.014591785270407862,1.46,0,Low,1485,2024-12-31,2025-12-31
CUST-002233,"Johnson, Williams and May",Enterprise,Energy,1457908.29,train,0,Retained,0.014526396443912662,1.45,0,Low,1486,2024-12-31,2025-12-31
CUST-000130,Cortez LLC,Mid-Market,Telecommunications,327441.72,train,0,Retained,0.014506290131513187,1.45,0,Low,1487,2024-12-31,2025-12-31
CUST-002003,"Bryan, Lam and Hayes",Mid-Market,Energy,34809.16,train,0,Retained,0.014336889257839996,1.43,0,Low,1488,2024-12-31,2025-12-31
CUST-000895,Bell-Lewis,Enterprise,Retail,1144505.47,train,0,Retained,0.014199069882586858,1.42,0,Low,1489,2024-12-31,2025-12-31
CUST-001741,"Hodge, Mckinney and Nelson",Enterprise,Telecommunications,350193.71,train,0,Retained,0.014169169171513878,1.42,0,Low,1490,2024-12-31,2025-12-31
CUST-001040,Barron and Sons,Enterprise,Media,677433.39,train,0,Retained,0.014140533231286221,1.41,0,Low,1491,2024-12-31,2025-12-31
CUST-001854,Jackson Group,Enterprise,Manufacturing,311356.41,train,0,Retained,0.014016477944693122,1.4,0,Low,1492,2024-12-31,2025-12-31
CUST-001572,"Ray, Craig and Park",Enterprise,Energy,629508.99,test,0,Retained,0.013994819633027598,1.4,0,Low,1493,2024-12-31,2025-12-31
CUST-001461,Ross Ltd,Strategic,Technology,3200513.49,train,0,Retained,0.013993372455660475,1.4,0,Low,1494,2024-12-31,2025-12-31
CUST-000431,"Huang, Cole and Pacheco",Enterprise,Telecommunications,283889.09,train,0,Retained,0.013714451873556632,1.37,0,Low,1495,2024-12-31,2025-12-31
CUST-000893,Jones PLC,Enterprise,Professional Services,964614.4,train,0,Retained,0.013634647828646474,1.36,0,Low,1496,2024-12-31,2025-12-31
CUST-001567,"Jones, Torres and Blackburn",Mid-Market,Professional Services,327558.1,train,0,Retained,0.013456416869585059,1.35,0,Low,1497,2024-12-31,2025-12-31
CUST-000983,Williams Group,Enterprise,Technology,697126.97,train,0,Retained,0.013407909718359604,1.34,0,Low,1498,2024-12-31,2025-12-31
CUST-000094,Newton and Sons,Mid-Market,Professional Services,247921.22,train,0,Retained,0.013355352924140158,1.34,0,Low,1499,2024-12-31,2025-12-31
CUST-001709,Davis LLC,Enterprise,Education,1102305.6,test,0,Retained,0.013335754911774257,1.33,0,Low,1500,2024-12-31,2025-12-31
CUST-001933,Mann PLC,Mid-Market,Media,324611.85,test,0,Retained,0.013186353198881473,1.32,0,Low,1501,2024-12-31,2025-12-31
CUST-001606,Castillo and Sons,Enterprise,Professional Services,475969.18,test,0,Retained,0.01297383290663794,1.3,0,Low,1502,2024-12-31,2025-12-31
CUST-000894,Bishop and Sons,Enterprise,Banking,945591.58,train,0,Retained,0.012792435706674606,1.28,0,Low,1503,2024-12-31,2025-12-31
CUST-000499,"Kennedy, Johnson and Lucas",Enterprise,Retail,1020776.57,test,0,Retained,0.01277304106786448,1.28,0,Low,1504,2024-12-31,2025-12-31
CUST-002177,Pearson LLC,Enterprise,Education,770675.11,train,0,Retained,0.012705500226278314,1.27,0,Low,1505,2024-12-31,2025-12-31
CUST-002377,Lloyd-Estes,Strategic,Banking,2786105.49,test,0,Retained,0.012500495626752454,1.25,0,Low,1506,2024-12-31,2025-12-31
CUST-002435,Williams-Hernandez,Enterprise,Energy,814203.85,validation,0,Retained,0.012394315438262443,1.24,0,Low,1507,2024-12-31,2025-12-31
CUST-001809,Graham-Clark,Enterprise,Media,363251.12,train,0,Retained,0.012148731006208524,1.21,0,Low,1508,2024-12-31,2025-12-31
CUST-001183,Williams-Li,Enterprise,Healthcare,1018871.06,train,0,Retained,0.012031778610290882,1.2,0,Low,1509,2024-12-31,2025-12-31
CUST-000349,Schroeder-Kramer,Enterprise,Technology,483138.96,train,0,Retained,0.01192073069854208,1.19,0,Low,1510,2024-12-31,2025-12-31
CUST-001011,Davis and Sons,Mid-Market,Telecommunications,217045.73,validation,0,Retained,0.011808474457099136,1.18,0,Low,1511,2024-12-31,2025-12-31
CUST-000302,Estrada-Nolan,Enterprise,Retail,774556.9,train,0,Retained,0.01170076774470489,1.17,0,Low,1512,2024-12-31,2025-12-31
CUST-002485,Nelson-King,Enterprise,Healthcare,1159457.83,validation,0,Retained,0.0114371223809932,1.14,0,Low,1513,2024-12-31,2025-12-31
CUST-002408,"Campbell, Davis and Arnold",Enterprise,Energy,1143303.14,train,0,Retained,0.011412408127326853,1.14,0,Low,1514,2024-12-31,2025-12-31
CUST-002087,Mclean Group,Strategic,Insurance,3226528.94,validation,0,Retained,0.01133952178528733,1.13,0,Low,1515,2024-12-31,2025-12-31
CUST-000066,Morton-Chase,Enterprise,Technology,1241878.64,train,0,Retained,0.011272737322788,1.13,0,Low,1516,2024-12-31,2025-12-31
CUST-000584,"Kirby, Wheeler and Romero",Mid-Market,Healthcare,117812.78,train,0,Retained,0.011238975775196504,1.12,0,Low,1517,2024-12-31,2025-12-31
CUST-002422,Poole-Miller,Strategic,Technology,1904676.06,train,0,Retained,0.01113271998706481,1.11,0,Low,1518,2024-12-31,2025-12-31
CUST-002472,"Willis, Vasquez and Goodwin",Enterprise,Energy,338245.02,train,0,Retained,0.01096727977698848,1.1,0,Low,1519,2024-12-31,2025-12-31
CUST-002381,"Wilson, Harris and Ward",Enterprise,Insurance,265077.68,train,0,Retained,0.010949809737446154,1.09,0,Low,1520,2024-12-31,2025-12-31
CUST-000759,Miller-Montgomery,Mid-Market,Banking,256302.01,train,0,Retained,0.01078013400352968,1.08,0,Low,1521,2024-12-31,2025-12-31
CUST-001117,"Levy, Franco and Hoffman",Strategic,Media,3404511.99,train,0,Retained,0.010696231048614164,1.07,0,Low,1522,2024-12-31,2025-12-31
CUST-001218,"Powers, Clements and Cox",Mid-Market,Banking,94933.36,train,0,Retained,0.010586413126669377,1.06,0,Low,1523,2024-12-31,2025-12-31
CUST-001995,Castro and Sons,Enterprise,Professional Services,996429.77,validation,0,Retained,0.010566954439048235,1.06,0,Low,1524,2024-12-31,2025-12-31
CUST-000307,Castaneda-Rodriguez,Enterprise,Transportation,1010925.43,train,0,Retained,0.010545578645570028,1.05,0,Low,1525,2024-12-31,2025-12-31
CUST-000483,"Andrews, Higgins and Carter",Enterprise,Healthcare,826013.4,train,0,Retained,0.0105329365867012,1.05,0,Low,1526,2024-12-31,2025-12-31
CUST-001025,"Johnson, Guzman and Mccall",Strategic,Technology,1717350.49,train,0,Retained,0.010377707583586401,1.04,0,Low,1527,2024-12-31,2025-12-31
CUST-000514,Cisneros and Sons,Mid-Market,Telecommunications,208577.02,train,0,Retained,0.010374186411943716,1.04,0,Low,1528,2024-12-31,2025-12-31
CUST-001634,"House, Smith and Wright",Enterprise,Healthcare,605909.96,train,0,Retained,0.010302554269067845,1.03,0,Low,1529,2024-12-31,2025-12-31
CUST-001629,Alvarado-Durham,Mid-Market,Insurance,231518.87,test,0,Retained,0.010227638846268131,1.02,0,Low,1530,2024-12-31,2025-12-31
CUST-000507,"Carter, Garcia and Murphy",Mid-Market,Manufacturing,230948.49,train,0,Retained,0.010180494383271564,1.02,0,Low,1531,2024-12-31,2025-12-31
CUST-001945,Thompson-Santiago,Enterprise,Transportation,623538.14,train,0,Retained,0.010149141835016244,1.01,0,Low,1532,2024-12-31,2025-12-31
CUST-000938,"Rios, Walker and Wright",Enterprise,Manufacturing,924515.33,train,0,Retained,0.010111816325799017,1.01,0,Low,1533,2024-12-31,2025-12-31
CUST-002021,Huber-Montgomery,Strategic,Transportation,3288347.23,train,0,Retained,0.010065864973439788,1.01,0,Low,1534,2024-12-31,2025-12-31
CUST-000703,Burgess Group,Enterprise,Professional Services,502307.0,train,0,Retained,0.010053838620981139,1.01,0,Low,1535,2024-12-31,2025-12-31
CUST-000196,"Nelson, Morton and Medina",Enterprise,Insurance,448959.95,validation,0,Retained,0.009914064578437017,0.99,0,Low,1536,2024-12-31,2025-12-31
CUST-001301,Haynes Inc,Mid-Market,Professional Services,70253.07,train,0,Retained,0.00981196513046345,0.98,0,Low,1537,2024-12-31,2025-12-31
CUST-002110,Nunez-Rodriguez,Strategic,Transportation,1715146.59,train,0,Retained,0.00975307334448168,0.98,0,Low,1538,2024-12-31,2025-12-31
CUST-002313,Davis-Henderson,Enterprise,Professional Services,737739.83,train,0,Retained,0.009593011053506703,0.96,0,Low,1539,2024-12-31,2025-12-31
CUST-001704,"Lane, Morrison and Rivera",Strategic,Transportation,1219880.96,train,0,Retained,0.009445808314861057,0.94,0,Low,1540,2024-12-31,2025-12-31
CUST-000121,White-Estes,Enterprise,Insurance,925981.93,train,0,Retained,0.009205281873451498,0.92,0,Low,1541,2024-12-31,2025-12-31
CUST-000845,Adams PLC,Mid-Market,Professional Services,363298.17,train,0,Retained,0.00918358071222123,0.92,0,Low,1542,2024-12-31,2025-12-31
CUST-000157,"Mitchell, Nelson and Flores",Enterprise,Energy,186746.87,train,0,Retained,0.009167095731905103,0.92,0,Low,1543,2024-12-31,2025-12-31
CUST-001452,Ramirez-White,Enterprise,Healthcare,1242619.2,train,0,Retained,0.009158920314719505,0.92,0,Low,1544,2024-12-31,2025-12-31
CUST-002089,Preston-Harper,Enterprise,Insurance,803149.77,test,0,Retained,0.009154944733883796,0.92,0,Low,1545,2024-12-31,2025-12-31
CUST-000146,Stafford Inc,Enterprise,Professional Services,950010.09,train,0,Retained,0.009117034271157053,0.91,0,Low,1546,2024-12-31,2025-12-31
CUST-000306,Bruce-Gonzalez,Enterprise,Technology,602529.81,train,0,Retained,0.00908796291208787,0.91,0,Low,1547,2024-12-31,2025-12-31
CUST-000846,Weaver-Sherman,Enterprise,Retail,1469037.01,validation,0,Retained,0.009052095220540395,0.91,0,Low,1548,2024-12-31,2025-12-31
CUST-000839,Mckinney-Wallace,Enterprise,Energy,339977.15,train,0,Retained,0.008799805469750455,0.88,0,Low,1549,2024-12-31,2025-12-31
CUST-001225,"Rodriguez, Prince and Vasquez",Strategic,Healthcare,6704940.0,train,0,Retained,0.008792255510564118,0.88,0,Low,1550,2024-12-31,2025-12-31
CUST-000186,Johnston-Odonnell,Enterprise,Professional Services,736003.8,train,0,Retained,0.008617621891164776,0.86,0,Low,1551,2024-12-31,2025-12-31
CUST-000075,Novak PLC,Enterprise,Telecommunications,128916.75,test,0,Retained,0.00858727936061702,0.86,0,Low,1552,2024-12-31,2025-12-31
CUST-001972,Riley-Snow,Strategic,Media,4459476.19,train,0,Retained,0.008440504200201118,0.84,0,Low,1553,2024-12-31,2025-12-31
CUST-001877,"Pratt, Lopez and Rodriguez",Enterprise,Transportation,879326.7,train,0,Retained,0.008268814887811506,0.83,0,Low,1554,2024-12-31,2025-12-31
CUST-002385,Montes-Hammond,Enterprise,Media,902308.28,test,0,Retained,0.008228655458883382,0.82,0,Low,1555,2024-12-31,2025-12-31
CUST-000797,Rodriguez and Sons,Enterprise,Energy,1092324.76,train,0,Retained,0.008212039608053362,0.82,0,Low,1556,2024-12-31,2025-12-31
CUST-001778,Rodriguez-Mendoza,Enterprise,Insurance,671057.67,test,0,Retained,0.007935545027679831,0.79,0,Low,1557,2024-12-31,2025-12-31
CUST-001368,Burke-Norton,Enterprise,Insurance,1190775.11,train,0,Retained,0.007842747631103018,0.78,0,Low,1558,2024-12-31,2025-12-31
CUST-001650,Stewart PLC,Enterprise,Healthcare,865754.71,train,0,Retained,0.0077863944132031656,0.78,0,Low,1559,2024-12-31,2025-12-31
CUST-001501,Evans-Cannon,Enterprise,Retail,1029000.2,train,0,Retained,0.007693051614657487,0.77,0,Low,1560,2024-12-31,2025-12-31
CUST-001517,Snyder LLC,Enterprise,Healthcare,508227.84,validation,0,Retained,0.007535740197109869,0.75,0,Low,1561,2024-12-31,2025-12-31
CUST-000138,"Jackson, Miller and Robertson",Mid-Market,Transportation,163795.86,train,0,Retained,0.007533084699261754,0.75,0,Low,1562,2024-12-31,2025-12-31
CUST-000998,Nelson-Johnson,Enterprise,Telecommunications,967578.33,train,0,Retained,0.00751215741357444,0.75,0,Low,1563,2024-12-31,2025-12-31
CUST-001662,Henry-Taylor,Enterprise,Insurance,1287847.02,train,0,Retained,0.00738253051201679,0.74,0,Low,1564,2024-12-31,2025-12-31
CUST-000779,Alexander-Jordan,Enterprise,Banking,1114393.63,validation,0,Retained,0.00737998599282006,0.74,0,Low,1565,2024-12-31,2025-12-31
CUST-001866,Meyer Ltd,Enterprise,Retail,761412.1,train,0,Retained,0.007337685096145598,0.73,0,Low,1566,2024-12-31,2025-12-31
CUST-000538,"Jones, Compton and Day",Enterprise,Manufacturing,450565.94,validation,0,Retained,0.00733055092952916,0.73,0,Low,1567,2024-12-31,2025-12-31
CUST-000792,"Moore, Henderson and Bennett",Enterprise,Technology,1465322.44,validation,0,Retained,0.007238733148730861,0.72,0,Low,1568,2024-12-31,2025-12-31
CUST-001781,"Robles, Nguyen and Banks",Enterprise,Professional Services,706754.13,validation,0,Retained,0.007215005265822449,0.72,0,Low,1569,2024-12-31,2025-12-31
CUST-000022,"Watts, Robinson and Nguyen",Enterprise,Insurance,136467.25,train,0,Retained,0.007193504245416573,0.72,0,Low,1570,2024-12-31,2025-12-31
CUST-000287,"Booker, Jones and Harrington",Enterprise,Technology,678939.95,train,0,Retained,0.007190736983081481,0.72,0,Low,1571,2024-12-31,2025-12-31
CUST-001860,"Blanchard, Davis and Schmidt",Enterprise,Banking,762222.29,train,0,Retained,0.007187809784813443,0.72,0,Low,1572,2024-12-31,2025-12-31
CUST-001289,"Smith, Jones and Santiago",Strategic,Banking,5248220.16,validation,0,Retained,0.007108326838865033,0.71,0,Low,1573,2024-12-31,2025-12-31
CUST-000525,Gonzalez-Taylor,Enterprise,Banking,851014.15,train,0,Retained,0.007040897318483208,0.7,0,Low,1574,2024-12-31,2025-12-31
CUST-002007,Mullen-Jones,Enterprise,Transportation,1143772.74,validation,0,Retained,0.007021595392985686,0.7,0,Low,1575,2024-12-31,2025-12-31
CUST-001750,Short PLC,Enterprise,Retail,1050082.16,train,0,Retained,0.007004273338928745,0.7,0,Low,1576,2024-12-31,2025-12-31
CUST-002253,Reynolds and Sons,Enterprise,Healthcare,679504.3,train,0,Retained,0.006939206864437088,0.69,0,Low,1577,2024-12-31,2025-12-31
CUST-002397,Orr Inc,Enterprise,Media,568459.82,train,0,Retained,0.006873144562953304,0.69,0,Low,1578,2024-12-31,2025-12-31
CUST-000564,Wright-Grimes,Enterprise,Media,1151970.66,train,0,Retained,0.006863861147325683,0.69,0,Low,1579,2024-12-31,2025-12-31
CUST-001038,Phillips LLC,Strategic,Professional Services,1663797.18,test,0,Retained,0.006813058488514076,0.68,0,Low,1580,2024-12-31,2025-12-31
CUST-001768,"Soto, Vaughn and Griffin",Enterprise,Energy,820255.64,train,0,Retained,0.006790128689208523,0.68,0,Low,1581,2024-12-31,2025-12-31
CUST-001568,"Davis, Hardy and Schmidt",Enterprise,Telecommunications,1010883.74,train,0,Retained,0.006664739381567629,0.67,0,Low,1582,2024-12-31,2025-12-31
CUST-002403,"Harris, Stephens and Kramer",Enterprise,Insurance,344727.02,train,0,Retained,0.006584030135021786,0.66,0,Low,1583,2024-12-31,2025-12-31
CUST-001751,"Haney, Harris and Johnson",Strategic,Media,2583095.79,validation,0,Retained,0.006499971135041523,0.65,0,Low,1584,2024-12-31,2025-12-31
CUST-000081,"Sanchez, Wheeler and Harvey",Enterprise,Banking,1605100.47,train,0,Retained,0.006390654773756234,0.64,0,Low,1585,2024-12-31,2025-12-31
CUST-001343,Williams-Juarez,Strategic,Technology,3054264.84,train,0,Retained,0.006336904290886588,0.63,0,Low,1586,2024-12-31,2025-12-31
CUST-001197,"Mcpherson, Anderson and Knapp",Enterprise,Banking,612740.77,train,0,Retained,0.006263428827408521,0.63,0,Low,1587,2024-12-31,2025-12-31
CUST-000226,Hernandez PLC,Enterprise,Energy,1238445.16,validation,0,Retained,0.006251934988672122,0.63,0,Low,1588,2024-12-31,2025-12-31
CUST-000963,Chavez-Hall,Enterprise,Healthcare,887744.39,train,0,Retained,0.006141949787834178,0.61,0,Low,1589,2024-12-31,2025-12-31
CUST-000989,Mendez PLC,Enterprise,Manufacturing,947955.14,train,0,Retained,0.00609941694613059,0.61,0,Low,1590,2024-12-31,2025-12-31
CUST-000024,Morales-Jones,Enterprise,Transportation,1221316.13,validation,0,Retained,0.00596047998638116,0.6,0,Low,1591,2024-12-31,2025-12-31
CUST-000768,"Davis, George and Nguyen",Enterprise,Manufacturing,893916.56,train,0,Retained,0.0059242234808735686,0.59,0,Low,1592,2024-12-31,2025-12-31
CUST-001895,"Smith, Zimmerman and Wise",Enterprise,Professional Services,1195027.6,train,0,Retained,0.005880605139248993,0.59,0,Low,1593,2024-12-31,2025-12-31
CUST-002434,Rodriguez-Wood,Strategic,Insurance,4657322.76,train,0,Retained,0.005857514579895048,0.59,0,Low,1594,2024-12-31,2025-12-31
CUST-000638,Morales Inc,Enterprise,Technology,815597.02,train,0,Retained,0.005822316455088244,0.58,0,Low,1595,2024-12-31,2025-12-31
CUST-001915,"Hernandez, Riley and Buckley",Enterprise,Energy,836757.33,train,0,Retained,0.005812799688678919,0.58,0,Low,1596,2024-12-31,2025-12-31
CUST-001120,"Nguyen, Hill and Douglas",Mid-Market,Telecommunications,117165.54,train,0,Retained,0.005779292685295887,0.58,0,Low,1597,2024-12-31,2025-12-31
CUST-000166,Medina-Navarro,Enterprise,Professional Services,961498.0,train,0,Retained,0.005718665995691702,0.57,0,Low,1598,2024-12-31,2025-12-31
CUST-000700,"Ramsey, Hansen and Mendoza",Enterprise,Telecommunications,1104346.87,test,0,Retained,0.005716577202143954,0.57,0,Low,1599,2024-12-31,2025-12-31
CUST-002052,Houston PLC,Enterprise,Manufacturing,1203551.16,train,0,Retained,0.005608289971798817,0.56,0,Low,1600,2024-12-31,2025-12-31
CUST-001705,Williams Group,Enterprise,Insurance,1012093.7,test,0,Retained,0.005538663789595467,0.55,0,Low,1601,2024-12-31,2025-12-31
CUST-000777,Taylor Inc,Enterprise,Education,1360275.21,test,0,Retained,0.005506382411044237,0.55,0,Low,1602,2024-12-31,2025-12-31
CUST-001529,Moore-Chandler,Enterprise,Manufacturing,1542369.43,test,0,Retained,0.005494669281298152,0.55,0,Low,1603,2024-12-31,2025-12-31
CUST-002254,"Lewis, Holloway and Acosta",Strategic,Technology,3764235.07,validation,0,Retained,0.005453315476150575,0.55,0,Low,1604,2024-12-31,2025-12-31
CUST-000855,"Bell, Campbell and Ryan",Enterprise,Insurance,211024.04,test,0,Retained,0.005327992363539461,0.53,0,Low,1605,2024-12-31,2025-12-31
CUST-001864,Murray-Leonard,Enterprise,Telecommunications,717862.55,train,0,Retained,0.005323863012245902,0.53,0,Low,1606,2024-12-31,2025-12-31
CUST-000971,Hernandez-Dawson,Enterprise,Education,1021672.38,validation,0,Retained,0.005188545747072323,0.52,0,Low,1607,2024-12-31,2025-12-31
CUST-000874,Williams Ltd,Enterprise,Transportation,283158.74,test,0,Retained,0.005058405337774371,0.51,0,Low,1608,2024-12-31,2025-12-31
CUST-001395,Adkins Group,Mid-Market,Telecommunications,148583.93,train,0,Retained,0.004979598240242233,0.5,0,Low,1609,2024-12-31,2025-12-31
CUST-002057,Perry-Peters,Enterprise,Manufacturing,956133.32,validation,0,Retained,0.004973521144488405,0.5,0,Low,1610,2024-12-31,2025-12-31
CUST-001388,Ortiz-Rodriguez,Strategic,Telecommunications,1907380.02,validation,0,Retained,0.004888611011429465,0.49,0,Low,1611,2024-12-31,2025-12-31
CUST-001322,"Hernandez, Knight and Aguirre",Enterprise,Manufacturing,857719.29,train,0,Retained,0.0048405684713913625,0.48,0,Low,1612,2024-12-31,2025-12-31
CUST-002281,Martin-Mcdonald,Enterprise,Manufacturing,1054145.14,test,0,Retained,0.004732709473101031,0.47,0,Low,1613,2024-12-31,2025-12-31
CUST-001151,"Watson, Smith and Morris",Strategic,Healthcare,5067522.38,test,0,Retained,0.004695331450765575,0.47,0,Low,1614,2024-12-31,2025-12-31
CUST-002222,"Martinez, Camacho and Mathews",Strategic,Healthcare,4259350.1,train,0,Retained,0.004599747656055239,0.46,0,Low,1615,2024-12-31,2025-12-31
CUST-000069,Russell Group,Enterprise,Media,868700.94,train,0,Retained,0.0045549495972687926,0.46,0,Low,1616,2024-12-31,2025-12-31
CUST-001091,Adams-Butler,Strategic,Technology,4205336.56,train,0,Retained,0.004512202238619617,0.45,0,Low,1617,2024-12-31,2025-12-31
CUST-002376,"Munoz, Garcia and Williams",Enterprise,Retail,1150753.31,test,0,Retained,0.004429427850016817,0.44,0,Low,1618,2024-12-31,2025-12-31
CUST-000611,Williams-Moses,Enterprise,Media,1147296.96,train,0,Retained,0.004299992230002331,0.43,0,Low,1619,2024-12-31,2025-12-31
CUST-002294,Brooks-Hickman,Enterprise,Telecommunications,849454.52,train,0,Retained,0.004288023593107635,0.43,0,Low,1620,2024-12-31,2025-12-31
CUST-000735,Branch and Sons,Enterprise,Energy,994381.22,validation,0,Retained,0.0041583718081721,0.42,0,Low,1621,2024-12-31,2025-12-31
CUST-001488,Sims-Anderson,Enterprise,Energy,532160.5,test,0,Retained,0.004128542039942516,0.41,0,Low,1622,2024-12-31,2025-12-31
CUST-001252,Adams and Sons,Mid-Market,Banking,219151.26,test,0,Retained,0.004116805276591866,0.41,0,Low,1623,2024-12-31,2025-12-31
CUST-001805,Smith PLC,Enterprise,Energy,660799.34,train,0,Retained,0.004028107788743916,0.4,0,Low,1624,2024-12-31,2025-12-31
CUST-002201,Lester Group,Strategic,Banking,2151199.91,test,0,Retained,0.003986536998061102,0.4,0,Low,1625,2024-12-31,2025-12-31
CUST-000861,"Morris, Wright and Bridges",Enterprise,Manufacturing,764599.61,train,0,Retained,0.003940613537126992,0.39,0,Low,1626,2024-12-31,2025-12-31
CUST-001305,Wells PLC,Strategic,Professional Services,3320029.55,train,0,Retained,0.003907503950963726,0.39,0,Low,1627,2024-12-31,2025-12-31
CUST-000231,"Branch, Torres and Oliver",Enterprise,Telecommunications,496846.06,test,0,Retained,0.0038790720119250646,0.39,0,Low,1628,2024-12-31,2025-12-31
CUST-001161,Clark Inc,Enterprise,Transportation,770609.33,test,0,Retained,0.003845161439913106,0.38,0,Low,1629,2024-12-31,2025-12-31
CUST-000823,Wilson-Lambert,Enterprise,Transportation,1304121.87,test,0,Retained,0.003758493730983545,0.38,0,Low,1630,2024-12-31,2025-12-31
CUST-002372,"Johnson, Brown and Jordan",Enterprise,Banking,791561.03,train,0,Retained,0.003594471689169034,0.36,0,Low,1631,2024-12-31,2025-12-31
CUST-000343,Lopez-Martinez,Enterprise,Professional Services,966754.68,train,0,Retained,0.0035199230333133585,0.35,0,Low,1632,2024-12-31,2025-12-31
CUST-001913,Sullivan and Sons,Strategic,Technology,6130960.73,test,0,Retained,0.003501469076380097,0.35,0,Low,1633,2024-12-31,2025-12-31
CUST-002366,"Curry, Estrada and Anderson",Enterprise,Media,1122188.66,train,0,Retained,0.003419126826998074,0.34,0,Low,1634,2024-12-31,2025-12-31
CUST-002082,Moore and Sons,Strategic,Technology,4597969.28,test,0,Retained,0.003384918330970936,0.34,0,Low,1635,2024-12-31,2025-12-31
CUST-000745,Lam-Elliott,Enterprise,Transportation,835811.41,train,0,Retained,0.0032751840161578524,0.33,0,Low,1636,2024-12-31,2025-12-31
CUST-001278,Rivera-Carter,Enterprise,Insurance,833094.77,test,0,Retained,0.00322763682585935,0.32,0,Low,1637,2024-12-31,2025-12-31
CUST-000155,"Ramirez, Strickland and Washington",Enterprise,Insurance,857234.62,train,0,Retained,0.0031360367378266297,0.31,0,Low,1638,2024-12-31,2025-12-31
CUST-002047,Hughes-Smith,Enterprise,Energy,1038111.21,test,0,Retained,0.003086554054051772,0.31,0,Low,1639,2024-12-31,2025-12-31
CUST-001297,Russell-Hayes,Strategic,Banking,4917902.61,test,0,Retained,0.003050536500108305,0.31,0,Low,1640,2024-12-31,2025-12-31
CUST-001180,Hernandez-Davis,Enterprise,Technology,1433131.13,train,0,Retained,0.0030103653183415433,0.3,0,Low,1641,2024-12-31,2025-12-31
CUST-000351,Fernandez and Sons,Enterprise,Technology,275256.12,test,0,Retained,0.0029730607533797688,0.3,0,Low,1642,2024-12-31,2025-12-31
CUST-000775,Ward and Sons,Enterprise,Insurance,1161713.58,train,0,Retained,0.0028746429742320177,0.29,0,Low,1643,2024-12-31,2025-12-31
CUST-000598,Thornton PLC,Enterprise,Energy,1087900.31,train,0,Retained,0.002874551731167276,0.29,0,Low,1644,2024-12-31,2025-12-31
CUST-002475,Johnson-Schultz,Strategic,Insurance,2125174.35,train,0,Retained,0.0028594828222526223,0.29,0,Low,1645,2024-12-31,2025-12-31
CUST-001036,Kramer-Lane,Enterprise,Banking,1132526.18,train,0,Retained,0.0028132765894300737,0.28,0,Low,1646,2024-12-31,2025-12-31
CUST-000648,Mendoza Group,Mid-Market,Telecommunications,262798.33,test,0,Retained,0.0028082456135928124,0.28,0,Low,1647,2024-12-31,2025-12-31
CUST-000257,Cordova Group,Strategic,Energy,3829487.32,test,0,Retained,0.0028067093194032904,0.28,0,Low,1648,2024-12-31,2025-12-31
CUST-000751,"Rivera, Campos and Taylor",Enterprise,Healthcare,882367.35,validation,0,Retained,0.0028052790654083085,0.28,0,Low,1649,2024-12-31,2025-12-31
CUST-000448,Bean LLC,Enterprise,Banking,557367.86,train,0,Retained,0.002797067004927021,0.28,0,Low,1650,2024-12-31,2025-12-31
CUST-000684,"Flores, Harper and Chambers",Enterprise,Energy,1010985.6,test,0,Retained,0.0027713295211370696,0.28,0,Low,1651,2024-12-31,2025-12-31
CUST-002384,Martinez and Sons,Enterprise,Insurance,1576095.95,train,0,Retained,0.002765460763666746,0.28,0,Low,1652,2024-12-31,2025-12-31
CUST-000068,Novak and Sons,Enterprise,Healthcare,681770.27,test,0,Retained,0.0026676635758064522,0.27,0,Low,1653,2024-12-31,2025-12-31
CUST-001581,Smith-Johnson,Enterprise,Energy,364924.71,validation,0,Retained,0.0026288204068724984,0.26,0,Low,1654,2024-12-31,2025-12-31
CUST-000773,Thomas-Jackson,Strategic,Retail,5195929.38,train,0,Retained,0.002509337839875226,0.25,0,Low,1655,2024-12-31,2025-12-31
CUST-002175,Knight PLC,Enterprise,Manufacturing,1412477.47,train,0,Retained,0.0025026364543095777,0.25,0,Low,1656,2024-12-31,2025-12-31
CUST-000974,Crane Group,Strategic,Retail,5682473.18,train,0,Retained,0.002479301900965849,0.25,0,Low,1657,2024-12-31,2025-12-31
CUST-001610,Cohen-Johnston,Enterprise,Telecommunications,1156970.56,train,0,Retained,0.0024476379154618577,0.24,0,Low,1658,2024-12-31,2025-12-31
CUST-001612,Bailey-Flores,Enterprise,Telecommunications,741071.45,train,0,Retained,0.0024281561659545807,0.24,0,Low,1659,2024-12-31,2025-12-31
CUST-001217,"Walsh, Wu and Hart",Enterprise,Insurance,1203190.31,validation,0,Retained,0.002358498166357078,0.24,0,Low,1660,2024-12-31,2025-12-31
CUST-001207,Christian-Booth,Enterprise,Telecommunications,548491.45,train,0,Retained,0.002281556316981204,0.23,0,Low,1661,2024-12-31,2025-12-31
CUST-002481,Fernandez-Jackson,Enterprise,Transportation,1095837.32,test,0,Retained,0.0022781039853318327,0.23,0,Low,1662,2024-12-31,2025-12-31
CUST-001351,"Valdez, Houston and Black",Enterprise,Insurance,1015188.1,train,0,Retained,0.00212122773438442,0.21,0,Low,1663,2024-12-31,2025-12-31
CUST-001257,"Stevenson, Hancock and Newton",Enterprise,Professional Services,1260121.4,test,0,Retained,0.002110137401903324,0.21,0,Low,1664,2024-12-31,2025-12-31
CUST-000824,Rose-Fowler,Enterprise,Banking,870669.38,train,0,Retained,0.0020900010038535292,0.21,0,Low,1665,2024-12-31,2025-12-31
CUST-000247,Davis Ltd,Strategic,Transportation,4422021.84,train,0,Retained,0.00208632225199528,0.21,0,Low,1666,2024-12-31,2025-12-31
CUST-001339,Bates PLC,Enterprise,Telecommunications,831498.96,train,0,Retained,0.0020221208712424194,0.2,0,Low,1667,2024-12-31,2025-12-31
CUST-001573,Andrade-Jackson,Strategic,Banking,1251846.87,validation,0,Retained,0.0019361421867567096,0.19,0,Low,1668,2024-12-31,2025-12-31
CUST-001906,"Barker, Tucker and Mcclure",Enterprise,Telecommunications,772559.64,train,0,Retained,0.0019263388802281858,0.19,0,Low,1669,2024-12-31,2025-12-31
CUST-001525,"Wright, Wise and Ramos",Enterprise,Manufacturing,1079601.17,train,0,Retained,0.0018696005623701605,0.19,0,Low,1670,2024-12-31,2025-12-31
CUST-000650,Todd-Pham,Enterprise,Banking,1255865.54,train,0,Retained,0.0018500184239993547,0.19,0,Low,1671,2024-12-31,2025-12-31
CUST-000896,"Hernandez, Jenkins and Parks",Strategic,Professional Services,3402785.4,train,0,Retained,0.0018453682512825018,0.18,0,Low,1672,2024-12-31,2025-12-31
CUST-001534,"Wilson, Mccormick and Smith",Strategic,Media,6227106.94,train,0,Retained,0.001845013747431059,0.18,0,Low,1673,2024-12-31,2025-12-31
CUST-000647,Richardson-Walker,Strategic,Banking,3562706.51,train,0,Retained,0.0018222294847480204,0.18,0,Low,1674,2024-12-31,2025-12-31
CUST-001001,"Howard, Silva and Hall",Strategic,Healthcare,3534526.74,train,0,Retained,0.0017788334614811767,0.18,0,Low,1675,2024-12-31,2025-12-31
CUST-000967,"Howard, Townsend and Hayes",Strategic,Education,2150553.39,train,0,Retained,0.0017705023923433615,0.18,0,Low,1676,2024-12-31,2025-12-31
CUST-002464,Weaver LLC,Strategic,Professional Services,3173654.18,validation,0,Retained,0.0017636100328526753,0.18,0,Low,1677,2024-12-31,2025-12-31
CUST-000585,"Patel, Erickson and Evans",Enterprise,Professional Services,441445.99,train,0,Retained,0.0016461135974101507,0.16,0,Low,1678,2024-12-31,2025-12-31
CUST-002336,"Church, Guzman and Tucker",Enterprise,Media,1280545.81,validation,0,Retained,0.0016029416277524716,0.16,0,Low,1679,2024-12-31,2025-12-31
CUST-001360,Mendoza-Garza,Enterprise,Telecommunications,1268545.69,train,0,Retained,0.0015929635266244623,0.16,0,Low,1680,2024-12-31,2025-12-31
CUST-001164,Wise-Dean,Enterprise,Telecommunications,998917.8,train,0,Retained,0.0015795585007847346,0.16,0,Low,1681,2024-12-31,2025-12-31
CUST-001255,Molina Inc,Enterprise,Manufacturing,1252145.28,validation,0,Retained,0.0015534540589126952,0.16,0,Low,1682,2024-12-31,2025-12-31
CUST-001024,"Fry, Myers and Gamble",Enterprise,Insurance,250928.85,train,0,Retained,0.001540334961654162,0.15,0,Low,1683,2024-12-31,2025-12-31
CUST-001247,Aguilar-Bender,Enterprise,Professional Services,939781.08,train,0,Retained,0.0015230639652583837,0.15,0,Low,1684,2024-12-31,2025-12-31
CUST-001554,"Moore, Campbell and Ortiz",Strategic,Manufacturing,5038699.24,train,0,Retained,0.0015206374062111069,0.15,0,Low,1685,2024-12-31,2025-12-31
CUST-000185,Rodriguez-Johnson,Strategic,Telecommunications,4537278.45,test,0,Retained,0.0015033030314638104,0.15,0,Low,1686,2024-12-31,2025-12-31
CUST-001580,"King, Nixon and West",Enterprise,Energy,1757095.9,train,0,Retained,0.0014517065400639385,0.15,0,Low,1687,2024-12-31,2025-12-31
CUST-002302,Yates-Manning,Strategic,Energy,3437945.73,train,0,Retained,0.0014374363800906738,0.14,0,Low,1688,2024-12-31,2025-12-31
CUST-001392,"Olson, Wood and Peters",Enterprise,Telecommunications,692486.92,train,0,Retained,0.0013748711548744578,0.14,0,Low,1689,2024-12-31,2025-12-31
CUST-002165,Hudson-Morris,Strategic,Insurance,5059337.73,validation,0,Retained,0.0013385779309698258,0.13,0,Low,1690,2024-12-31,2025-12-31
CUST-002257,Williamson and Sons,Strategic,Manufacturing,3574327.42,validation,0,Retained,0.0013325512495185286,0.13,0,Low,1691,2024-12-31,2025-12-31
CUST-002227,"Sullivan, Johnson and Delacruz",Strategic,Technology,6982476.24,test,0,Retained,0.0012899573316975427,0.13,0,Low,1692,2024-12-31,2025-12-31
CUST-000814,"Thompson, Moore and Castro",Strategic,Manufacturing,3172139.69,train,0,Retained,0.0011987803406978356,0.12,0,Low,1693,2024-12-31,2025-12-31
CUST-001583,Smith-Joyce,Enterprise,Banking,1006410.44,train,0,Retained,0.0011298046680500242,0.11,0,Low,1694,2024-12-31,2025-12-31
CUST-000401,Wilson-Jimenez,Strategic,Retail,4907645.37,train,0,Retained,0.0011255858855710014,0.11,0,Low,1695,2024-12-31,2025-12-31
CUST-000392,Ware and Sons,Strategic,Insurance,4132414.88,train,0,Retained,0.0010845195628024285,0.11,0,Low,1696,2024-12-31,2025-12-31
CUST-001295,Bauer PLC,Strategic,Banking,3932152.02,train,0,Retained,0.0010555640695242383,0.11,0,Low,1697,2024-12-31,2025-12-31
CUST-001539,"Brown, Kelly and Moore",Strategic,Media,4339029.86,train,0,Retained,0.0010337244745716545,0.1,0,Low,1698,2024-12-31,2025-12-31
CUST-002331,Clark Inc,Strategic,Telecommunications,2816585.25,train,0,Retained,0.0009926562968152746,0.1,0,Low,1699,2024-12-31,2025-12-31
CUST-002255,Barnes Group,Strategic,Professional Services,5009980.97,train,0,Retained,0.000990755729363742,0.1,0,Low,1700,2024-12-31,2025-12-31
CUST-002329,Edwards-Ramsey,Strategic,Transportation,4488074.42,train,0,Retained,0.0009758300853392047,0.1,0,Low,1701,2024-12-31,2025-12-31
CUST-001614,Jensen-Branch,Strategic,Transportation,4919059.87,validation,0,Retained,0.000942288100057285,0.09,0,Low,1702,2024-12-31,2025-12-31
CUST-002482,Medina Group,Enterprise,Professional Services,1499495.87,train,0,Retained,0.000941674564769826,0.09,0,Low,1703,2024-12-31,2025-12-31
CUST-000127,"Mcdaniel, Bentley and Mclaughlin",Strategic,Energy,3724691.09,train,0,Retained,0.0009397710294465733,0.09,0,Low,1704,2024-12-31,2025-12-31
CUST-002226,Welch-Suarez,Strategic,Energy,4630966.58,validation,0,Retained,0.0009373702250863365,0.09,0,Low,1705,2024-12-31,2025-12-31
CUST-000309,"Phillips, Spence and Barrett",Strategic,Technology,4491071.76,validation,0,Retained,0.0009236386607551939,0.09,0,Low,1706,2024-12-31,2025-12-31
CUST-002070,"Brown, Flores and Johns",Strategic,Education,2123576.26,train,0,Retained,0.0008978497207964951,0.09,0,Low,1707,2024-12-31,2025-12-31
CUST-000070,Hancock Inc,Enterprise,Education,958613.26,train,0,Retained,0.0008936413817638829,0.09,0,Low,1708,2024-12-31,2025-12-31
CUST-002412,Green-Romero,Strategic,Education,3706099.57,test,0,Retained,0.000876961938340875,0.09,0,Low,1709,2024-12-31,2025-12-31
CUST-000652,"Marks, Miller and Griffin",Strategic,Manufacturing,4038724.94,train,0,Retained,0.0008711365233156916,0.09,0,Low,1710,2024-12-31,2025-12-31
CUST-000114,Gonzalez Group,Strategic,Transportation,532589.34,train,0,Retained,0.0008549944839709,0.09,0,Low,1711,2024-12-31,2025-12-31
CUST-001849,Larson and Sons,Enterprise,Education,941515.69,validation,0,Retained,0.0008544375590614226,0.09,0,Low,1712,2024-12-31,2025-12-31
CUST-001872,Brown PLC,Strategic,Technology,4369613.12,test,0,Retained,0.0008345157264003303,0.08,0,Low,1713,2024-12-31,2025-12-31
CUST-000417,"Mullen, Brewer and Hernandez",Enterprise,Transportation,591193.66,train,0,Retained,0.0008336451206367932,0.08,0,Low,1714,2024-12-31,2025-12-31
CUST-000240,"Walker, Hernandez and Baker",Enterprise,Insurance,1760763.79,validation,0,Retained,0.00081043408350782,0.08,0,Low,1715,2024-12-31,2025-12-31
CUST-000790,Fuentes Group,Strategic,Energy,1084369.62,train,0,Retained,0.0008025798639401177,0.08,0,Low,1716,2024-12-31,2025-12-31
CUST-002011,"Weaver, Anderson and Reed",Enterprise,Professional Services,2614915.63,train,0,Retained,0.0007539877416790485,0.08,0,Low,1717,2024-12-31,2025-12-31
CUST-001958,Brown-Graham,Strategic,Technology,4157843.16,train,0,Retained,0.0007048370222043548,0.07,0,Low,1718,2024-12-31,2025-12-31
CUST-001098,Wright Group,Enterprise,Telecommunications,1621418.21,train,0,Retained,0.0007008173701635288,0.07,0,Low,1719,2024-12-31,2025-12-31
CUST-002323,Gutierrez-Marshall,Strategic,Healthcare,4616379.96,train,0,Retained,0.0006951685504709514,0.07,0,Low,1720,2024-12-31,2025-12-31
CUST-001129,"Evans, Jackson and Sandoval",Enterprise,Healthcare,824597.12,test,0,Retained,0.0006923429524277327,0.07,0,Low,1721,2024-12-31,2025-12-31
CUST-000969,Aguirre LLC,Enterprise,Telecommunications,1613161.35,train,0,Retained,0.0006804762417604804,0.07,0,Low,1722,2024-12-31,2025-12-31
CUST-000918,Herrera Group,Enterprise,Banking,1414659.87,train,0,Retained,0.0006763123237804885,0.07,0,Low,1723,2024-12-31,2025-12-31
CUST-000394,"Miller, Ramos and Coleman",Enterprise,Media,999360.74,train,0,Retained,0.0006238797314565282,0.06,0,Low,1724,2024-12-31,2025-12-31
CUST-002455,"Todd, Bernard and Boyd",Enterprise,Professional Services,1470797.23,train,0,Retained,0.0006038470847201739,0.06,0,Low,1725,2024-12-31,2025-12-31
CUST-000207,"Alvarez, Joseph and West",Strategic,Healthcare,3741456.77,validation,0,Retained,0.000586951943094307,0.06,0,Low,1726,2024-12-31,2025-12-31
CUST-000368,Gutierrez Group,Strategic,Insurance,6233810.27,train,0,Retained,0.0005690323699138852,0.06,0,Low,1727,2024-12-31,2025-12-31
CUST-000612,Reed Group,Strategic,Healthcare,4003976.2,train,0,Retained,0.000541329354427563,0.05,0,Low,1728,2024-12-31,2025-12-31
CUST-002122,"Garcia, Kim and Barrett",Enterprise,Education,1058648.13,train,0,Retained,0.000541096690355683,0.05,0,Low,1729,2024-12-31,2025-12-31
CUST-001484,"Brown, Wise and Warren",Strategic,Technology,3855442.92,train,0,Retained,0.0005162536094765536,0.05,0,Low,1730,2024-12-31,2025-12-31
CUST-000135,Mitchell-Jordan,Enterprise,Manufacturing,2111290.51,train,0,Retained,0.000507505968296159,0.05,0,Low,1731,2024-12-31,2025-12-31
CUST-001528,Price-Ali,Strategic,Manufacturing,4980238.66,train,0,Retained,0.0005047805692027599,0.05,0,Low,1732,2024-12-31,2025-12-31
CUST-001084,"Steele, Williams and Preston",Enterprise,Telecommunications,986495.44,train,0,Retained,0.0004724038256450114,0.05,0,Low,1733,2024-12-31,2025-12-31
CUST-002288,"Macdonald, Willis and Silva",Strategic,Energy,5594265.83,train,0,Retained,0.00046008351983898855,0.05,0,Low,1734,2024-12-31,2025-12-31
CUST-000464,Spencer-Garcia,Strategic,Transportation,3665819.98,test,0,Retained,0.0004575019358345301,0.05,0,Low,1735,2024-12-31,2025-12-31
CUST-000397,Gregory-Watkins,Enterprise,Telecommunications,1349636.11,test,0,Retained,0.00045017751650358487,0.05,0,Low,1736,2024-12-31,2025-12-31
CUST-000169,"Yates, Ramsey and Pittman",Enterprise,Energy,1309880.87,train,0,Retained,0.0004448206739272178,0.04,0,Low,1737,2024-12-31,2025-12-31
CUST-001373,Mills PLC,Enterprise,Energy,1013293.86,train,0,Retained,0.000440844579776192,0.04,0,Low,1738,2024-12-31,2025-12-31
CUST-002039,Griffin Inc,Strategic,Insurance,2668465.4,train,0,Retained,0.0004321424030704266,0.04,0,Low,1739,2024-12-31,2025-12-31
CUST-001275,"Robinson, White and Jones",Strategic,Healthcare,3044827.67,test,0,Retained,0.00040038486378595487,0.04,0,Low,1740,2024-12-31,2025-12-31
CUST-001382,"Johnston, Coleman and Scott",Strategic,Insurance,5611680.03,train,0,Retained,0.0003765510225507264,0.04,0,Low,1741,2024-12-31,2025-12-31
CUST-001415,Perez-Mccarty,Strategic,Insurance,4413993.3,test,0,Retained,0.0003717479595533121,0.04,0,Low,1742,2024-12-31,2025-12-31
CUST-000561,"Rodriguez, Allen and Martinez",Enterprise,Energy,1502691.3,train,0,Retained,0.00035662149221896356,0.04,0,Low,1743,2024-12-31,2025-12-31
CUST-000087,"Ferrell, Jones and Lewis",Enterprise,Telecommunications,1148077.18,train,0,Retained,0.00035233903127876486,0.04,0,Low,1744,2024-12-31,2025-12-31
CUST-000671,"Long, Anderson and Irwin",Strategic,Energy,4832203.28,train,0,Retained,0.00022409680526288,0.02,0,Low,1745,2024-12-31,2025-12-31
CUST-002390,"Fisher, Perez and Pham",Strategic,Banking,5856797.48,train,0,Retained,0.00022146737478353321,0.02,0,Low,1746,2024-12-31,2025-12-31
CUST-001069,Stokes and Sons,Strategic,Energy,2164682.3,validation,0,Retained,0.00021794571369039456,0.02,0,Low,1747,2024-12-31,2025-12-31
CUST-001992,"Cox, Williams and Reyes",Strategic,Manufacturing,4679867.28,train,0,Retained,0.00021254588052471945,0.02,0,Low,1748,2024-12-31,2025-12-31
CUST-002074,"Mayer, Palmer and Miranda",Enterprise,Insurance,1211336.75,train,0,Retained,0.00021242263784513997,0.02,0,Low,1749,2024-12-31,2025-12-31
CUST-001916,Moss Group,Strategic,Media,3874584.53,test,0,Retained,0.00017831633692627952,0.02,0,Low,1750,2024-12-31,2025-12-31
CUST-001935,Schwartz-Harris,Strategic,Insurance,3802178.6,train,0,Retained,0.000174347793783136,0.02,0,Low,1751,2024-12-31,2025-12-31
CUST-001941,Montgomery PLC,Strategic,Professional Services,4727320.98,train,0,Retained,0.00017384922562637035,0.02,0,Low,1752,2024-12-31,2025-12-31
CUST-001977,"Nicholson, Chavez and Allen",Strategic,Media,5608184.14,validation,0,Retained,0.0001694396689520388,0.02,0,Low,1753,2024-12-31,2025-12-31
CUST-000487,"Hartman, Romero and Smith",Strategic,Insurance,5461795.14,train,0,Retained,0.00016469628297068612,0.02,0,Low,1754,2024-12-31,2025-12-31
CUST-001172,Hunt PLC,Strategic,Healthcare,4436252.37,train,0,Retained,0.0001604769990823848,0.02,0,Low,1755,2024-12-31,2025-12-31
CUST-000252,"Graham, Olsen and Costa",Strategic,Professional Services,6003646.56,train,0,Retained,0.00015632371234876305,0.02,0,Low,1756,2024-12-31,2025-12-31
CUST-001450,White-Coleman,Strategic,Media,3554617.81,train,0,Retained,9.112184805704837e-05,0.01,0,Low,1757,2024-12-31,2025-12-31
CUST-001911,Levy-Smith,Strategic,Energy,3038353.64,train,0,Retained,8.261443804631002e-05,0.01,0,Low,1758,2024-12-31,2025-12-31
CUST-001673,Stone Group,Strategic,Education,4074208.78,test,0,Retained,7.804020702173677e-05,0.01,0,Low,1759,2024-12-31,2025-12-31
CUST-000886,Wheeler PLC,Strategic,Telecommunications,6293616.61,train,0,Retained,6.706775071634861e-05,0.01,0,Low,1760,2024-12-31,2025-12-31
CUST-000140,Chambers and Sons,Strategic,Professional Services,5683191.15,train,0,Retained,4.1166515051131294e-05,0.0,0,Low,1761,2024-12-31,2025-12-31
CUST-002492,Reid-Petty,Strategic,Technology,5955530.37,train,0,Retained,3.80283129893159e-05,0.0,0,Low,1762,2024-12-31,2025-12-31
CUST-001021,"Buchanan, Walker and Chapman",Strategic,Healthcare,4020084.34,train,0,Retained,3.786614894189387e-05,0.0,0,Low,1763,2024-12-31,2025-12-31
CUST-002181,Burton PLC,Strategic,Manufacturing,7901215.11,test,0,Retained,3.6050364889410925e-05,0.0,0,Low,1764,2024-12-31,2025-12-31
CUST-002157,Jenkins-Brown,Strategic,Energy,4413616.01,train,0,Retained,3.262191350304398e-05,0.0,0,Low,1765,2024-12-31,2025-12-31
CUST-001815,Proctor-Taylor,Strategic,Healthcare,5227000.58,validation,0,Retained,2.827835304526401e-05,0.0,0,Low,1766,2024-12-31,2025-12-31
CUST-001142,Thomas-Huffman,Strategic,Professional Services,5451779.54,validation,0,Retained,2.718857749956558e-05,0.0,0,Low,1767,2024-12-31,2025-12-31
CUST-000510,Williams-Berg,Strategic,Manufacturing,1681587.85,train,0,Retained,2.5295557176750407e-05,0.0,0,Low,1768,2024-12-31,2025-12-31
CUST-001374,"Barnes, Hernandez and Davis",Strategic,Media,5527661.18,train,0,Retained,2.3711253213305802e-05,0.0,0,Low,1769,2024-12-31,2025-12-31
CUST-002064,White-Knox,Strategic,Insurance,7279054.31,validation,0,Retained,2.269817638558784e-05,0.0,0,Low,1770,2024-12-31,2025-12-31
CUST-000723,Kirby and Sons,Strategic,Manufacturing,5580082.08,train,0,Retained,2.221251141836702e-05,0.0,0,Low,1771,2024-12-31,2025-12-31
CUST-000676,Johnson Ltd,Strategic,Insurance,3667889.18,train,0,Retained,2.186123033707056e-05,0.0,0,Low,1772,2024-12-31,2025-12-31
CUST-000266,Gay Inc,Strategic,Energy,3657722.19,train,0,Retained,1.5975104823991493e-05,0.0,0,Low,1773,2024-12-31,2025-12-31
CUST-002259,Smith and Sons,Strategic,Technology,8227586.44,train,0,Retained,1.1547912758531217e-05,0.0,0,Low,1774,2024-12-31,2025-12-31
CUST-000468,Wilkerson-Arias,Strategic,Healthcare,7318879.11,train,0,Retained,9.59790819972427e-06,0.0,0,Low,1775,2024-12-31,2025-12-31
CUST-001479,Gutierrez-White,Strategic,Media,4494240.76,train,0,Retained,8.949892532106245e-06,0.0,0,Low,1776,2024-12-31,2025-12-31
CUST-000902,"Griffith, Mitchell and Pugh",Strategic,Technology,4492516.55,train,0,Retained,5.972206876083118e-06,0.0,0,Low,1777,2024-12-31,2025-12-31
CUST-002059,Roberts-Henry,Strategic,Transportation,4560092.92,validation,0,Retained,5.340640432315818e-06,0.0,0,Low,1778,2024-12-31,2025-12-31
CUST-001931,"Bennett, Moore and Hobbs",Strategic,Banking,5623718.57,train,0,Retained,4.885189228066867e-06,0.0,0,Low,1779,2024-12-31,2025-12-31
CUST-001930,"Williams, Garcia and Boone",Strategic,Healthcare,4210662.17,train,0,Retained,4.7893827186941355e-06,0.0,0,Low,1780,2024-12-31,2025-12-31
CUST-000156,Hill Inc,Strategic,Healthcare,3148794.11,train,0,Retained,3.889252742662398e-06,0.0,0,Low,1781,2024-12-31,2025-12-31
CUST-000789,"Clark, Salinas and Guerra",Strategic,Transportation,7153625.21,test,0,Retained,3.611696405971284e-06,0.0,0,Low,1782,2024-12-31,2025-12-31
CUST-000925,"Smith, Crawford and Reed",Strategic,Retail,3641492.76,train,0,Retained,2.060058676837124e-06,0.0,0,Low,1783,2024-12-31,2025-12-31
CUST-002394,"Acevedo, Miller and Edwards",Strategic,Telecommunications,6820631.55,train,0,Retained,1.937700334059107e-06,0.0,0,Low,1784,2024-12-31,2025-12-31
CUST-002314,Austin-Hamilton,Strategic,Education,6814375.86,train,0,Retained,3.58308463010695e-07,0.0,0,Low,1785,2024-12-31,2025-12-31
CUST-002017,Villanueva LLC,Strategic,Healthcare,8615230.71,train,0,Retained,2.6712464876611356e-07,0.0,0,Low,1786,2024-12-31,2025-12-31
CUST-002382,"Carter, Alexander and Hunter",Strategic,Healthcare,6852611.87,validation,0,Retained,4.4241911800377805e-08,0.0,0,Low,1787,2024-12-31,2025-12-31
