subscription_id,customer_id,customer_name,product_code,product_name,actual_risk_flag,predicted_renewal_risk_probability,predicted_renewal_risk_flag,predicted_risk_band
SUB-00000003,CUST-000001,"Rodriguez, Figueroa and Sanchez",NC-CONTAINER,Nexus Container Platform,0,0.23590209066904141,0,Low
SUB-00005369,CUST-001548,"Martin, Schmidt and Cole",NC-COMPUTE,Nexus Compute,1,0.24442068544625412,0,Low
SUB-00000004,CUST-000001,"Rodriguez, Figueroa and Sanchez",NC-WAREHOUSE,Nexus Data Warehouse,1,0.846838575519382,1,Critical
SUB-00000005,CUST-000001,"Rodriguez, Figueroa and Sanchez",NC-STORAGE,Nexus Storage,0,0.8421403556839732,1,Critical
SUB-00000006,CUST-000002,Doyle Ltd,NC-ANALYTICS,Nexus Analytics,1,0.8471181773186346,1,Critical
SUB-00000007,CUST-000002,Doyle Ltd,NC-STORAGE,Nexus Storage,0,0.5551239661030342,1,High
SUB-00000008,CUST-000003,"Mcclain, Miller and Henderson",NC-INTEGRATION,Nexus Integration,1,0.49418067078241307,0,Medium
SUB-00000001,CUST-000001,"Rodriguez, Figueroa and Sanchez",NC-ANALYTICS,Nexus Analytics,1,0.8541532477617069,1,Critical
SUB-00000002,CUST-000001,"Rodriguez, Figueroa and Sanchez",NC-SQL,Nexus SQL Database,0,0.2357090049403851,0,Low
SUB-00000009,CUST-000004,Davis and Sons,NC-INTEGRATION,Nexus Integration,1,0.8230156506065732,1,Critical
SUB-00000010,CUST-000004,Davis and Sons,NC-SQL,Nexus SQL Database,0,0.5370032481965854,1,High
SUB-00000011,CUST-000004,Davis and Sons,NC-STORAGE,Nexus Storage,1,0.8252182582456359,1,Critical
SUB-00000012,CUST-000004,Davis and Sons,NC-WAREHOUSE,Nexus Data Warehouse,1,0.8366606671487367,1,Critical
SUB-00000013,CUST-000005,"Guzman, Hoffman and Baldwin",NC-AIMODEL,Nexus AI Models,1,0.8478402415081323,1,Critical
SUB-00000014,CUST-000005,"Guzman, Hoffman and Baldwin",NC-SECURITY,Nexus Cloud Security,1,0.8345554316554544,1,Critical
SUB-00000015,CUST-000006,"Gardner, Robinson and Lawrence",NC-CONTAINER,Nexus Container Platform,0,0.22362240272103892,0,Low
SUB-00000016,CUST-000006,"Gardner, Robinson and Lawrence",NC-WAREHOUSE,Nexus Data Warehouse,0,0.24113357381877945,0,Low
SUB-00000017,CUST-000007,Blake and Sons,NC-COMPUTE,Nexus Compute,1,0.18970864641561302,0,Low
SUB-00000018,CUST-000007,Blake and Sons,NC-INTEGRATION,Nexus Integration,0,0.18573273241395366,0,Low
SUB-00000019,CUST-000008,"Henderson, Ramirez and Lewis",NC-COMPUTE,Nexus Compute,0,0.23062266930669342,0,Low
SUB-00000020,CUST-000009,Garcia-James,NC-SECURITY,Nexus Cloud Security,1,0.24666339991517436,0,Low
SUB-00000021,CUST-000009,Garcia-James,NC-CONTAINER,Nexus Container Platform,1,0.8509264402718967,1,Critical
SUB-00000022,CUST-000009,Garcia-James,NC-ANALYTICS,Nexus Analytics,1,0.8467460942303522,1,Critical
SUB-00000023,CUST-000009,Garcia-James,NC-AISEARCH,Nexus AI Search,1,0.5987602737593862,1,High
SUB-00000024,CUST-000009,Garcia-James,NC-STORAGE,Nexus Storage,1,0.24885414216911528,0,Low
SUB-00000025,CUST-000010,Abbott-Munoz,NC-COMPUTE,Nexus Compute,1,0.7946222648994803,1,Critical
SUB-00000026,CUST-000010,Abbott-Munoz,NC-INTEGRATION,Nexus Integration,1,0.1855012803117033,0,Low
SUB-00000027,CUST-000010,Abbott-Munoz,NC-ANALYTICS,Nexus Analytics,1,0.18769977005482055,0,Low
SUB-00000028,CUST-000010,Abbott-Munoz,NC-SQL,Nexus SQL Database,1,0.18900902421500643,0,Low
SUB-00000029,CUST-000010,Abbott-Munoz,NC-STORAGE,Nexus Storage,1,0.18566186181558353,0,Low
SUB-00000030,CUST-000011,Blair PLC,NC-INTEGRATION,Nexus Integration,0,0.22517680811924845,0,Low
SUB-00000031,CUST-000011,Blair PLC,NC-STORAGE,Nexus Storage,1,0.8263145979450764,1,Critical
SUB-00000032,CUST-000011,Blair PLC,NC-COMPUTE,Nexus Compute,1,0.8226050853745013,1,Critical
SUB-00000033,CUST-000012,Dudley Group,NC-WAREHOUSE,Nexus Data Warehouse,1,0.8214807580891497,1,Critical
SUB-00000034,CUST-000012,Dudley Group,NC-SECURITY,Nexus Cloud Security,1,0.5127018160372212,1,High
SUB-00000035,CUST-000013,Arnold Ltd,NC-SQL,Nexus SQL Database,0,0.1784492144737096,0,Low
SUB-00000036,CUST-000014,"Mcclure, Ward and Lee",NC-STORAGE,Nexus Storage,0,0.8145439158986503,1,Critical
SUB-00000037,CUST-000014,"Mcclure, Ward and Lee",NC-INTEGRATION,Nexus Integration,1,0.5139460214776614,1,High
SUB-00000038,CUST-000014,"Mcclure, Ward and Lee",NC-SECURITY,Nexus Cloud Security,1,0.8001355813896516,1,Critical
SUB-00000039,CUST-000015,Williams and Sons,NC-SECURITY,Nexus Cloud Security,0,0.5590650979279663,1,High
SUB-00000040,CUST-000015,Williams and Sons,NC-CONTAINER,Nexus Container Platform,0,0.23285365988389034,0,Low
SUB-00000041,CUST-000016,Galloway-Wyatt,NC-CONTAINER,Nexus Container Platform,0,0.19955635505609073,0,Low
SUB-00000042,CUST-000016,Galloway-Wyatt,NC-SQL,Nexus SQL Database,0,0.1902765986393317,0,Low
SUB-00000043,CUST-000016,Galloway-Wyatt,NC-COMPUTE,Nexus Compute,0,0.492746580450276,0,Medium
SUB-00000044,CUST-000016,Galloway-Wyatt,NC-WAREHOUSE,Nexus Data Warehouse,1,0.48909042826001137,0,Medium
SUB-00000045,CUST-000017,James Group,NC-WAREHOUSE,Nexus Data Warehouse,0,0.20232396353080467,0,Low
SUB-00000046,CUST-000017,James Group,NC-CONTAINER,Nexus Container Platform,0,0.20383953544369168,0,Low
SUB-00000047,CUST-000017,James Group,NC-ANALYTICS,Nexus Analytics,1,0.5097203463772899,1,High
SUB-00000048,CUST-000017,James Group,NC-INTEGRATION,Nexus Integration,0,0.5261427017388919,1,High
SUB-00000049,CUST-000018,"Flowers, Martin and Kelly",NC-STORAGE,Nexus Storage,0,0.22710988312202773,0,Low
SUB-00000050,CUST-000018,"Flowers, Martin and Kelly",NC-AIMODEL,Nexus AI Models,1,0.8456860815674321,1,Critical
SUB-00000051,CUST-000019,"Adams, Zuniga and Wong",NC-STORAGE,Nexus Storage,1,0.8287501764236124,1,Critical
SUB-00000052,CUST-000019,"Adams, Zuniga and Wong",NC-INTEGRATION,Nexus Integration,1,0.2035057641515577,0,Low
SUB-00000053,CUST-000019,"Adams, Zuniga and Wong",NC-CONTAINER,Nexus Container Platform,0,0.5142912384178229,1,High
SUB-00000054,CUST-000019,"Adams, Zuniga and Wong",NC-WAREHOUSE,Nexus Data Warehouse,1,0.2094019389522355,0,Low
SUB-00000055,CUST-000019,"Adams, Zuniga and Wong",NC-SECURITY,Nexus Cloud Security,1,0.5335626437006205,1,High
SUB-00000056,CUST-000020,"Reid, Ferguson and Sanchez",NC-INTEGRATION,Nexus Integration,0,0.47375548388416916,0,Medium
SUB-00000057,CUST-000020,"Reid, Ferguson and Sanchez",NC-ANALYTICS,Nexus Analytics,1,0.192546848730419,0,Low
SUB-00000058,CUST-000021,Gray-Mayo,NC-SQL,Nexus SQL Database,0,0.8258779150265239,1,Critical
SUB-00000059,CUST-000021,Gray-Mayo,NC-COMPUTE,Nexus Compute,1,0.21165785950092197,0,Low
SUB-00000060,CUST-000021,Gray-Mayo,NC-INTEGRATION,Nexus Integration,1,0.8149474184818035,1,Critical
SUB-00000061,CUST-000021,Gray-Mayo,NC-CONTAINER,Nexus Container Platform,0,0.5155763733915505,1,High
SUB-00000062,CUST-000021,Gray-Mayo,NC-WAREHOUSE,Nexus Data Warehouse,0,0.5304724766606381,1,High
SUB-00000063,CUST-000022,"Watts, Robinson and Nguyen",NC-COMPUTE,Nexus Compute,1,0.5810911525091841,1,High
SUB-00000064,CUST-000022,"Watts, Robinson and Nguyen",NC-STORAGE,Nexus Storage,1,0.8305015832015151,1,Critical
SUB-00000065,CUST-000022,"Watts, Robinson and Nguyen",NC-CONTAINER,Nexus Container Platform,0,0.23316766586971188,0,Low
SUB-00000066,CUST-000022,"Watts, Robinson and Nguyen",NC-AIMODEL,Nexus AI Models,0,0.2597481797145487,0,Medium
SUB-00000067,CUST-000022,"Watts, Robinson and Nguyen",NC-ANALYTICS,Nexus Analytics,0,0.22626439158657952,0,Low
SUB-00000068,CUST-000023,Perez Inc,NC-COMPUTE,Nexus Compute,0,0.21834506498354173,0,Low
SUB-00000069,CUST-000023,Perez Inc,NC-INTEGRATION,Nexus Integration,0,0.23369875807101592,0,Low
SUB-00000070,CUST-000024,Morales-Jones,NC-CONTAINER,Nexus Container Platform,1,0.5379647616241419,1,High
SUB-00000071,CUST-000024,Morales-Jones,NC-WAREHOUSE,Nexus Data Warehouse,0,0.20348994259239883,0,Low
SUB-00000072,CUST-000024,Morales-Jones,NC-INTEGRATION,Nexus Integration,1,0.8271128449780957,1,Critical
SUB-00000073,CUST-000024,Morales-Jones,NC-ANALYTICS,Nexus Analytics,1,0.5159668194374715,1,High
SUB-00000074,CUST-000024,Morales-Jones,NC-COMPUTE,Nexus Compute,1,0.8256603225502285,1,Critical
SUB-00000075,CUST-000024,Morales-Jones,NC-STORAGE,Nexus Storage,1,0.5347196426513598,1,High
SUB-00000076,CUST-000024,Morales-Jones,NC-SQL,Nexus SQL Database,0,0.20312349995757306,0,Low
SUB-00000077,CUST-000025,"Walter, Edwards and Rios",NC-STORAGE,Nexus Storage,1,0.5597704196113878,1,High
SUB-00000078,CUST-000025,"Walter, Edwards and Rios",NC-SQL,Nexus SQL Database,0,0.5470736294206622,1,High
SUB-00000079,CUST-000025,"Walter, Edwards and Rios",NC-CONTAINER,Nexus Container Platform,1,0.8288921368678281,1,Critical
SUB-00000080,CUST-000026,Wilkerson-Day,NC-STORAGE,Nexus Storage,0,0.21915227198263804,0,Low
SUB-00000081,CUST-000026,Wilkerson-Day,NC-AISEARCH,Nexus AI Search,1,0.8449749570253463,1,Critical
SUB-00000082,CUST-000027,Baker and Sons,NC-INTEGRATION,Nexus Integration,1,0.5413868364666833,1,High
SUB-00000083,CUST-000027,Baker and Sons,NC-ANALYTICS,Nexus Analytics,1,0.8200691240284098,1,Critical
SUB-00000084,CUST-000027,Baker and Sons,NC-WAREHOUSE,Nexus Data Warehouse,1,0.5249132066105281,1,High
SUB-00000085,CUST-000027,Baker and Sons,NC-SECURITY,Nexus Cloud Security,1,0.19567698343086468,0,Low
SUB-00000086,CUST-000027,Baker and Sons,NC-STORAGE,Nexus Storage,0,0.21375491411885622,0,Low
SUB-00000087,CUST-000027,Baker and Sons,NC-COMPUTE,Nexus Compute,0,0.21693625810757988,0,Low
SUB-00000088,CUST-000028,"Hoffman, Baker and Richards",NC-SQL,Nexus SQL Database,1,0.7915913522121487,1,Critical
SUB-00000089,CUST-000028,"Hoffman, Baker and Richards",NC-INTEGRATION,Nexus Integration,1,0.4730824801911958,0,Medium
SUB-00000090,CUST-000029,"Ross, Robinson and Bright",NC-SECURITY,Nexus Cloud Security,1,0.16863097018681378,0,Low
SUB-00000091,CUST-000029,"Ross, Robinson and Bright",NC-SQL,Nexus SQL Database,1,0.7917303505781639,1,Critical
SUB-00000092,CUST-000030,"Snyder, Campos and Callahan",NC-INTEGRATION,Nexus Integration,1,0.567635450981662,1,High
SUB-00000093,CUST-000030,"Snyder, Campos and Callahan",NC-ANALYTICS,Nexus Analytics,1,0.8471716453060364,1,Critical
SUB-00000094,CUST-000031,Burton Ltd,NC-CONTAINER,Nexus Container Platform,1,0.5792045890257412,1,High
SUB-00000095,CUST-000031,Burton Ltd,NC-INTEGRATION,Nexus Integration,1,0.5598935648200115,1,High
SUB-00000096,CUST-000031,Burton Ltd,NC-SECURITY,Nexus Cloud Security,1,0.8493530645721565,1,Critical
SUB-00000097,CUST-000032,Carlson-Cruz,NC-ANALYTICS,Nexus Analytics,1,0.8244023693502335,1,Critical
SUB-00000098,CUST-000033,"Ferrell, Rice and Maddox",NC-COMPUTE,Nexus Compute,1,0.547547123999539,1,High
SUB-00000099,CUST-000033,"Ferrell, Rice and Maddox",NC-INTEGRATION,Nexus Integration,1,0.5268694361654114,1,High
SUB-00000100,CUST-000034,Frazier Inc,NC-SECURITY,Nexus Cloud Security,0,0.1913629773850947,0,Low
SUB-00000101,CUST-000034,Frazier Inc,NC-SQL,Nexus SQL Database,0,0.5195249998402343,1,High
SUB-00000102,CUST-000034,Frazier Inc,NC-ANALYTICS,Nexus Analytics,0,0.21984196667197703,0,Low
SUB-00000103,CUST-000034,Frazier Inc,NC-CONTAINER,Nexus Container Platform,0,0.19158211978510895,0,Low
SUB-00000104,CUST-000034,Frazier Inc,NC-INTEGRATION,Nexus Integration,0,0.483850252891694,0,Medium
SUB-00000105,CUST-000034,Frazier Inc,NC-STORAGE,Nexus Storage,0,0.14659322692538002,0,Low
SUB-00000106,CUST-000034,Frazier Inc,NC-WAREHOUSE,Nexus Data Warehouse,0,0.44596498780269656,0,Medium
SUB-00000107,CUST-000035,"Dyer, Potter and Mack",NC-SQL,Nexus SQL Database,1,0.2515711213764415,0,Medium
SUB-00000108,CUST-000035,"Dyer, Potter and Mack",NC-AIMODEL,Nexus AI Models,0,0.25096103151013266,0,Medium
SUB-00000109,CUST-000035,"Dyer, Potter and Mack",NC-SECURITY,Nexus Cloud Security,0,0.23377741309546005,0,Low
SUB-00000110,CUST-000035,"Dyer, Potter and Mack",NC-STORAGE,Nexus Storage,1,0.5761026314671661,1,High
SUB-00000111,CUST-000035,"Dyer, Potter and Mack",NC-COMPUTE,Nexus Compute,1,0.8505435618395008,1,Critical
SUB-00000112,CUST-000036,Rodriguez-Graham,NC-INTEGRATION,Nexus Integration,1,0.774750231186041,1,Critical
SUB-00000113,CUST-000037,Smith-Bowen,NC-COMPUTE,Nexus Compute,1,0.5520105361177787,1,High
SUB-00000114,CUST-000038,"Baker, Mason and White",NC-COMPUTE,Nexus Compute,0,0.22559160993888497,0,Low
SUB-00000115,CUST-000039,Harrell LLC,NC-STORAGE,Nexus Storage,1,0.5782509170893496,1,High
SUB-00000116,CUST-000039,Harrell LLC,NC-COMPUTE,Nexus Compute,1,0.5587457810941663,1,High
SUB-00000117,CUST-000039,Harrell LLC,NC-SECURITY,Nexus Cloud Security,1,0.5755809215597936,1,High
SUB-00000118,CUST-000039,Harrell LLC,NC-CONTAINER,Nexus Container Platform,1,0.23441331487883157,0,Low
SUB-00000119,CUST-000039,Harrell LLC,NC-SQL,Nexus SQL Database,1,0.8433419496407516,1,Critical
SUB-00000120,CUST-000040,"Romero, Gonzalez and Brooks",NC-SQL,Nexus SQL Database,0,0.4903327005082318,0,Medium
SUB-00000121,CUST-000040,"Romero, Gonzalez and Brooks",NC-COMPUTE,Nexus Compute,0,0.18544959127024946,0,Low
SUB-00000122,CUST-000041,Ryan PLC,NC-CONTAINER,Nexus Container Platform,1,0.7964655736879174,1,Critical
SUB-00000123,CUST-000041,Ryan PLC,NC-SQL,Nexus SQL Database,1,0.4877908101213313,0,Medium
SUB-00000124,CUST-000041,Ryan PLC,NC-COMPUTE,Nexus Compute,0,0.19702082875243418,0,Low
SUB-00000125,CUST-000041,Ryan PLC,NC-ANALYTICS,Nexus Analytics,0,0.5122243103565252,1,High
SUB-00000126,CUST-000041,Ryan PLC,NC-SECURITY,Nexus Cloud Security,1,0.49009384801998007,0,Medium
SUB-00000127,CUST-000042,George Group,NC-CONTAINER,Nexus Container Platform,0,0.23062113205365345,0,Low
SUB-00000128,CUST-000042,George Group,NC-STORAGE,Nexus Storage,1,0.5679640555798252,1,High
SUB-00000129,CUST-000042,George Group,NC-WAREHOUSE,Nexus Data Warehouse,0,0.8362171403649625,1,Critical
SUB-00000130,CUST-000043,Rodriguez LLC,NC-SQL,Nexus SQL Database,1,0.8294552567210722,1,Critical
SUB-00000131,CUST-000043,Rodriguez LLC,NC-INTEGRATION,Nexus Integration,1,0.5356777398798993,1,High
SUB-00000132,CUST-000043,Rodriguez LLC,NC-WAREHOUSE,Nexus Data Warehouse,0,0.8291642380435779,1,Critical
SUB-00000133,CUST-000043,Rodriguez LLC,NC-COMPUTE,Nexus Compute,1,0.2035859246366511,0,Low
SUB-00000134,CUST-000043,Rodriguez LLC,NC-ANALYTICS,Nexus Analytics,1,0.20973762371137827,0,Low
SUB-00000135,CUST-000044,Allen-Allen,NC-ANALYTICS,Nexus Analytics,0,0.19086279739186424,0,Low
SUB-00000136,CUST-000045,"Arroyo, Miller and Tucker",NC-SECURITY,Nexus Cloud Security,1,0.24927937325385507,0,Low
SUB-00000137,CUST-000045,"Arroyo, Miller and Tucker",NC-SQL,Nexus SQL Database,0,0.2408027614276671,0,Low
SUB-00000138,CUST-000045,"Arroyo, Miller and Tucker",NC-STORAGE,Nexus Storage,1,0.5896908832063236,1,High
SUB-00000139,CUST-000045,"Arroyo, Miller and Tucker",NC-COMPUTE,Nexus Compute,0,0.22899297939323318,0,Low
SUB-00000140,CUST-000045,"Arroyo, Miller and Tucker",NC-AIMODEL,Nexus AI Models,0,0.23902221376891497,0,Low
SUB-00000141,CUST-000046,Spence PLC,NC-SQL,Nexus SQL Database,0,0.8425927660867949,1,Critical
SUB-00000142,CUST-000046,Spence PLC,NC-CONTAINER,Nexus Container Platform,0,0.22026057734729124,0,Low
SUB-00000143,CUST-000046,Spence PLC,NC-INTEGRATION,Nexus Integration,1,0.8326094162274134,1,Critical
SUB-00000144,CUST-000047,Anderson Group,NC-SQL,Nexus SQL Database,0,0.20667655474867974,0,Low
SUB-00000145,CUST-000047,Anderson Group,NC-SECURITY,Nexus Cloud Security,0,0.20265221669155029,0,Low
SUB-00000146,CUST-000048,"Martin, Rose and Obrien",NC-ANALYTICS,Nexus Analytics,1,0.23006341736508257,0,Low
SUB-00000147,CUST-000048,"Martin, Rose and Obrien",NC-WAREHOUSE,Nexus Data Warehouse,0,0.5339214838647334,1,High
SUB-00000148,CUST-000048,"Martin, Rose and Obrien",NC-STORAGE,Nexus Storage,1,0.8348967152068976,1,Critical
SUB-00000149,CUST-000048,"Martin, Rose and Obrien",NC-INTEGRATION,Nexus Integration,0,0.20931997108797928,0,Low
SUB-00000150,CUST-000049,Hickman Ltd,NC-STORAGE,Nexus Storage,1,0.7842294511978477,1,Critical
SUB-00000151,CUST-000049,Hickman Ltd,NC-ANALYTICS,Nexus Analytics,1,0.810584024722674,1,Critical
SUB-00000152,CUST-000049,Hickman Ltd,NC-COMPUTE,Nexus Compute,1,0.5023806537456379,1,High
SUB-00000153,CUST-000049,Hickman Ltd,NC-SQL,Nexus SQL Database,0,0.2026630051087126,0,Low
SUB-00000154,CUST-000049,Hickman Ltd,NC-INTEGRATION,Nexus Integration,1,0.7994092347020708,1,Critical
SUB-00000155,CUST-000049,Hickman Ltd,NC-WAREHOUSE,Nexus Data Warehouse,1,0.18147047788616694,0,Low
SUB-00000156,CUST-000050,"Harris, Collins and Carney",NC-SQL,Nexus SQL Database,1,0.5275006063717319,1,High
SUB-00000157,CUST-000050,"Harris, Collins and Carney",NC-WAREHOUSE,Nexus Data Warehouse,0,0.5199059261424456,1,High
SUB-00000158,CUST-000050,"Harris, Collins and Carney",NC-STORAGE,Nexus Storage,1,0.8190169596211666,1,Critical
SUB-00000159,CUST-000050,"Harris, Collins and Carney",NC-INTEGRATION,Nexus Integration,1,0.5208723629881442,1,High
SUB-00000160,CUST-000050,"Harris, Collins and Carney",NC-COMPUTE,Nexus Compute,1,0.8334117743727427,1,Critical
SUB-00000161,CUST-000050,"Harris, Collins and Carney",NC-CONTAINER,Nexus Container Platform,1,0.2027236727021943,0,Low
SUB-00000162,CUST-000050,"Harris, Collins and Carney",NC-SECURITY,Nexus Cloud Security,0,0.20193917168008826,0,Low
SUB-00000163,CUST-000051,"Brooks, Lam and Hayes",NC-COMPUTE,Nexus Compute,0,0.1863518347549906,0,Low
SUB-00000164,CUST-000051,"Brooks, Lam and Hayes",NC-SQL,Nexus SQL Database,0,0.4908607702134417,0,Medium
SUB-00000165,CUST-000051,"Brooks, Lam and Hayes",NC-CONTAINER,Nexus Container Platform,1,0.7953820664477959,1,Critical
SUB-00000166,CUST-000051,"Brooks, Lam and Hayes",NC-INTEGRATION,Nexus Integration,0,0.18857387868422104,0,Low
SUB-00000167,CUST-000052,Walker LLC,NC-STORAGE,Nexus Storage,1,0.8193127500036375,1,Critical
SUB-00000168,CUST-000052,Walker LLC,NC-WAREHOUSE,Nexus Data Warehouse,0,0.19366251580890465,0,Low
SUB-00000169,CUST-000052,Walker LLC,NC-INTEGRATION,Nexus Integration,1,0.8204219353797246,1,Critical
SUB-00000170,CUST-000052,Walker LLC,NC-COMPUTE,Nexus Compute,1,0.7997697837367138,1,Critical
SUB-00000171,CUST-000052,Walker LLC,NC-SECURITY,Nexus Cloud Security,1,0.2105812037795173,0,Low
SUB-00000172,CUST-000052,Walker LLC,NC-CONTAINER,Nexus Container Platform,1,0.207779130403195,0,Low
SUB-00000173,CUST-000052,Walker LLC,NC-AIMODEL,Nexus AI Models,1,0.5510807030631057,1,High
SUB-00000174,CUST-000053,Chapman and Sons,NC-AIMODEL,Nexus AI Models,0,0.8005207840904635,1,Critical
SUB-00000175,CUST-000053,Chapman and Sons,NC-ANALYTICS,Nexus Analytics,1,0.18868242773597874,0,Low
SUB-00000176,CUST-000053,Chapman and Sons,NC-AISEARCH,Nexus AI Search,1,0.7938960780613293,1,Critical
SUB-00000177,CUST-000053,Chapman and Sons,NC-COMPUTE,Nexus Compute,1,0.4888647643292323,0,Medium
SUB-00000178,CUST-000053,Chapman and Sons,NC-WAREHOUSE,Nexus Data Warehouse,1,0.7862237834566977,1,Critical
SUB-00000179,CUST-000053,Chapman and Sons,NC-SQL,Nexus SQL Database,0,0.47705896863770175,0,Medium
SUB-00000180,CUST-000053,Chapman and Sons,NC-SECURITY,Nexus Cloud Security,1,0.7986619503400055,1,Critical
SUB-00000181,CUST-000054,"Robinson, Jones and Welch",NC-SQL,Nexus SQL Database,0,0.5516995734085808,1,High
SUB-00000182,CUST-000054,"Robinson, Jones and Welch",NC-SECURITY,Nexus Cloud Security,1,0.8365532791115107,1,Critical
SUB-00000183,CUST-000054,"Robinson, Jones and Welch",NC-INTEGRATION,Nexus Integration,0,0.23995512099145866,0,Low
SUB-00000184,CUST-000055,Jones Inc,NC-CONTAINER,Nexus Container Platform,1,0.8246967198370535,1,Critical
SUB-00000185,CUST-000055,Jones Inc,NC-COMPUTE,Nexus Compute,0,0.2043668181968086,0,Low
SUB-00000186,CUST-000055,Jones Inc,NC-STORAGE,Nexus Storage,1,0.5227217660817043,1,High
SUB-00000187,CUST-000055,Jones Inc,NC-AIMODEL,Nexus AI Models,1,0.8305606481842595,1,Critical
SUB-00000188,CUST-000055,Jones Inc,NC-WAREHOUSE,Nexus Data Warehouse,1,0.8080385855424639,1,Critical
SUB-00000189,CUST-000055,Jones Inc,NC-AISEARCH,Nexus AI Search,0,0.525213956892025,1,High
SUB-00000190,CUST-000056,Jones-Young,NC-SQL,Nexus SQL Database,1,0.2282396479420696,0,Low
SUB-00000191,CUST-000056,Jones-Young,NC-SECURITY,Nexus Cloud Security,1,0.8205260088530015,1,Critical
SUB-00000192,CUST-000057,"Washington, Ryan and Cummings",NC-COMPUTE,Nexus Compute,1,0.8322694335643405,1,Critical
SUB-00000193,CUST-000058,"Johnston, Sanchez and Kennedy",NC-CONTAINER,Nexus Container Platform,1,0.8025206620396556,1,Critical
SUB-00000194,CUST-000058,"Johnston, Sanchez and Kennedy",NC-SECURITY,Nexus Cloud Security,1,0.7874450453437134,1,Critical
SUB-00000195,CUST-000058,"Johnston, Sanchez and Kennedy",NC-AIMODEL,Nexus AI Models,0,0.19504938249641013,0,Low
SUB-00000196,CUST-000059,Lee-Davis,NC-INTEGRATION,Nexus Integration,0,0.19841565025610747,0,Low
SUB-00000197,CUST-000059,Lee-Davis,NC-SQL,Nexus SQL Database,1,0.8127243644488862,1,Critical
SUB-00000198,CUST-000059,Lee-Davis,NC-SECURITY,Nexus Cloud Security,1,0.8084673627100402,1,Critical
SUB-00000199,CUST-000060,Gomez-Jenkins,NC-SQL,Nexus SQL Database,0,0.2068465818516634,0,Low
SUB-00000200,CUST-000060,Gomez-Jenkins,NC-COMPUTE,Nexus Compute,1,0.8162076467092142,1,Critical
SUB-00000201,CUST-000060,Gomez-Jenkins,NC-INTEGRATION,Nexus Integration,1,0.8075988656636964,1,Critical
SUB-00000202,CUST-000061,"Brown, Valdez and Lucas",NC-STORAGE,Nexus Storage,1,0.23257167380125385,0,Low
SUB-00000203,CUST-000061,"Brown, Valdez and Lucas",NC-SQL,Nexus SQL Database,1,0.23655422447222155,0,Low
SUB-00000204,CUST-000061,"Brown, Valdez and Lucas",NC-SECURITY,Nexus Cloud Security,1,0.23261453160230056,0,Low
SUB-00000205,CUST-000062,Powell LLC,NC-INTEGRATION,Nexus Integration,0,0.5078962843162038,1,High
SUB-00000206,CUST-000062,Powell LLC,NC-STORAGE,Nexus Storage,0,0.819901145137181,1,Critical
SUB-00000207,CUST-000062,Powell LLC,NC-ANALYTICS,Nexus Analytics,1,0.19924324966081627,0,Low
SUB-00000208,CUST-000062,Powell LLC,NC-COMPUTE,Nexus Compute,0,0.5275942278547329,1,High
SUB-00000209,CUST-000062,Powell LLC,NC-WAREHOUSE,Nexus Data Warehouse,1,0.19907736137483606,0,Low
SUB-00000210,CUST-000063,Wright and Sons,NC-COMPUTE,Nexus Compute,1,0.17763780060667173,0,Low
SUB-00000211,CUST-000063,Wright and Sons,NC-STORAGE,Nexus Storage,1,0.7967606136267136,1,Critical
SUB-00000212,CUST-000064,"West, Henderson and Ramirez",NC-INTEGRATION,Nexus Integration,1,0.24663151620933552,0,Low
SUB-00000213,CUST-000064,"West, Henderson and Ramirez",NC-SQL,Nexus SQL Database,0,0.2501796716968315,0,Medium
SUB-00000214,CUST-000064,"West, Henderson and Ramirez",NC-ANALYTICS,Nexus Analytics,1,0.8532916833286822,1,Critical
SUB-00000215,CUST-000064,"West, Henderson and Ramirez",NC-STORAGE,Nexus Storage,0,0.2346928350347358,0,Low
SUB-00000216,CUST-000065,Baxter Inc,NC-STORAGE,Nexus Storage,1,0.8227682294230896,1,Critical
SUB-00000217,CUST-000066,Morton-Chase,NC-COMPUTE,Nexus Compute,0,0.5325973975261619,1,High
SUB-00000218,CUST-000066,Morton-Chase,NC-SECURITY,Nexus Cloud Security,0,0.5018221426476681,1,High
SUB-00000219,CUST-000066,Morton-Chase,NC-AIMODEL,Nexus AI Models,0,0.2140587216112516,0,Low
SUB-00000220,CUST-000066,Morton-Chase,NC-WAREHOUSE,Nexus Data Warehouse,0,0.20699391702701495,0,Low
SUB-00000221,CUST-000066,Morton-Chase,NC-STORAGE,Nexus Storage,1,0.8095384786846119,1,Critical
SUB-00000222,CUST-000067,Williams PLC,NC-WAREHOUSE,Nexus Data Warehouse,0,0.24089529684436398,0,Low
SUB-00000223,CUST-000067,Williams PLC,NC-COMPUTE,Nexus Compute,1,0.8325585750464968,1,Critical
SUB-00000224,CUST-000067,Williams PLC,NC-CONTAINER,Nexus Container Platform,0,0.5516702302305638,1,High
SUB-00000225,CUST-000068,Novak and Sons,NC-SECURITY,Nexus Cloud Security,1,0.8395549502928621,1,Critical
SUB-00000226,CUST-000068,Novak and Sons,NC-INTEGRATION,Nexus Integration,0,0.23279101486976556,0,Low
SUB-00000227,CUST-000068,Novak and Sons,NC-ANALYTICS,Nexus Analytics,1,0.5654718041815426,1,High
SUB-00000228,CUST-000068,Novak and Sons,NC-CONTAINER,Nexus Container Platform,1,0.8426550726630833,1,Critical
SUB-00000229,CUST-000068,Novak and Sons,NC-COMPUTE,Nexus Compute,1,0.8534608921521022,1,Critical
SUB-00000230,CUST-000069,Russell Group,NC-CONTAINER,Nexus Container Platform,1,0.8310768734934322,1,Critical
SUB-00000231,CUST-000069,Russell Group,NC-STORAGE,Nexus Storage,0,0.5492964451957921,1,High
SUB-00000232,CUST-000069,Russell Group,NC-WAREHOUSE,Nexus Data Warehouse,0,0.22697405176073637,0,Low
SUB-00000233,CUST-000069,Russell Group,NC-COMPUTE,Nexus Compute,0,0.23439289191982293,0,Low
SUB-00000234,CUST-000070,Hancock Inc,NC-SECURITY,Nexus Cloud Security,1,0.7918900304724616,1,Critical
SUB-00000235,CUST-000070,Hancock Inc,NC-SQL,Nexus SQL Database,1,0.7942743602779327,1,Critical
SUB-00000236,CUST-000070,Hancock Inc,NC-WAREHOUSE,Nexus Data Warehouse,1,0.46207780275377247,0,Medium
SUB-00000237,CUST-000070,Hancock Inc,NC-AISEARCH,Nexus AI Search,1,0.4866537763552207,0,Medium
SUB-00000238,CUST-000070,Hancock Inc,NC-CONTAINER,Nexus Container Platform,1,0.49073006121846463,0,Medium
SUB-00000239,CUST-000070,Hancock Inc,NC-COMPUTE,Nexus Compute,0,0.4826367764053686,0,Medium
SUB-00000240,CUST-000070,Hancock Inc,NC-ANALYTICS,Nexus Analytics,0,0.18550168128902622,0,Low
SUB-00000241,CUST-000071,Gray Group,NC-ANALYTICS,Nexus Analytics,1,0.49808559292565696,0,Medium
SUB-00000242,CUST-000071,Gray Group,NC-STORAGE,Nexus Storage,1,0.4943535821469878,0,Medium
SUB-00000243,CUST-000071,Gray Group,NC-SQL,Nexus SQL Database,1,0.4776597040117257,0,Medium
SUB-00000244,CUST-000072,House-Glover,NC-INTEGRATION,Nexus Integration,1,0.8176946079243624,1,Critical
SUB-00000245,CUST-000072,House-Glover,NC-AISEARCH,Nexus AI Search,1,0.5383551455264635,1,High
SUB-00000246,CUST-000073,Henderson-Bernard,NC-STORAGE,Nexus Storage,0,0.5682404287504921,1,High
SUB-00000247,CUST-000074,"Stanley, Tucker and Lee",NC-STORAGE,Nexus Storage,1,0.8148315027131832,1,Critical
SUB-00000248,CUST-000074,"Stanley, Tucker and Lee",NC-SQL,Nexus SQL Database,1,0.5173747337680425,1,High
SUB-00000249,CUST-000074,"Stanley, Tucker and Lee",NC-INTEGRATION,Nexus Integration,1,0.8015146651177504,1,Critical
SUB-00000250,CUST-000075,Novak PLC,NC-ANALYTICS,Nexus Analytics,1,0.20687536445182048,0,Low
SUB-00000251,CUST-000075,Novak PLC,NC-WAREHOUSE,Nexus Data Warehouse,0,0.8116881198780116,1,Critical
SUB-00000252,CUST-000075,Novak PLC,NC-STORAGE,Nexus Storage,0,0.5216053407253803,1,High
SUB-00000253,CUST-000075,Novak PLC,NC-AISEARCH,Nexus AI Search,1,0.823710229893728,1,Critical
SUB-00000254,CUST-000076,"Daniels, Adkins and Brown",NC-SECURITY,Nexus Cloud Security,1,0.7956652933581821,1,Critical
SUB-00000255,CUST-000076,"Daniels, Adkins and Brown",NC-SQL,Nexus SQL Database,1,0.47606545857595384,0,Medium
SUB-00000256,CUST-000076,"Daniels, Adkins and Brown",NC-ANALYTICS,Nexus Analytics,1,0.4748138969908874,0,Medium
SUB-00000257,CUST-000076,"Daniels, Adkins and Brown",NC-WAREHOUSE,Nexus Data Warehouse,1,0.7895369767167969,1,Critical
SUB-00000258,CUST-000076,"Daniels, Adkins and Brown",NC-COMPUTE,Nexus Compute,1,0.7967190407819872,1,Critical
SUB-00000259,CUST-000077,"Woods, Calhoun and Schmidt",NC-SQL,Nexus SQL Database,0,0.5311996142272583,1,High
SUB-00000260,CUST-000077,"Woods, Calhoun and Schmidt",NC-CONTAINER,Nexus Container Platform,0,0.5283688125260414,1,High
SUB-00000261,CUST-000077,"Woods, Calhoun and Schmidt",NC-WAREHOUSE,Nexus Data Warehouse,1,0.5108041517968459,1,High
SUB-00000262,CUST-000077,"Woods, Calhoun and Schmidt",NC-SECURITY,Nexus Cloud Security,1,0.5025420940798847,1,High
SUB-00000263,CUST-000078,Yu Inc,NC-WAREHOUSE,Nexus Data Warehouse,1,0.22309107071578033,0,Low
SUB-00000264,CUST-000078,Yu Inc,NC-SECURITY,Nexus Cloud Security,0,0.18699042622434042,0,Low
SUB-00000265,CUST-000078,Yu Inc,NC-STORAGE,Nexus Storage,1,0.5935807945315664,1,High
SUB-00000266,CUST-000078,Yu Inc,NC-INTEGRATION,Nexus Integration,1,0.5910595733723316,1,High
SUB-00000267,CUST-000078,Yu Inc,NC-ANALYTICS,Nexus Analytics,1,0.8313330705233145,1,Critical
SUB-00000268,CUST-000079,Jones Inc,NC-WAREHOUSE,Nexus Data Warehouse,1,0.2374262248514949,0,Low
SUB-00000269,CUST-000079,Jones Inc,NC-ANALYTICS,Nexus Analytics,1,0.8304793301939993,1,Critical
SUB-00000270,CUST-000079,Jones Inc,NC-SECURITY,Nexus Cloud Security,1,0.5349666735534869,1,High
SUB-00000271,CUST-000079,Jones Inc,NC-STORAGE,Nexus Storage,0,0.22057184913393427,0,Low
SUB-00000272,CUST-000079,Jones Inc,NC-CONTAINER,Nexus Container Platform,1,0.8396534590879737,1,Critical
SUB-00000273,CUST-000080,"Hensley, Powell and David",NC-INTEGRATION,Nexus Integration,0,0.19003357461622983,0,Low
SUB-00000274,CUST-000081,"Sanchez, Wheeler and Harvey",NC-CONTAINER,Nexus Container Platform,0,0.5481089291758523,1,High
SUB-00000275,CUST-000081,"Sanchez, Wheeler and Harvey",NC-SQL,Nexus SQL Database,1,0.8388556392498285,1,Critical
SUB-00000276,CUST-000081,"Sanchez, Wheeler and Harvey",NC-STORAGE,Nexus Storage,0,0.22122767895014706,0,Low
SUB-00000277,CUST-000081,"Sanchez, Wheeler and Harvey",NC-SECURITY,Nexus Cloud Security,1,0.2256168085951968,0,Low
SUB-00000278,CUST-000081,"Sanchez, Wheeler and Harvey",NC-WAREHOUSE,Nexus Data Warehouse,1,0.23936407578568442,0,Low
SUB-00000279,CUST-000081,"Sanchez, Wheeler and Harvey",NC-AISEARCH,Nexus AI Search,1,0.8404841242508648,1,Critical
SUB-00000280,CUST-000081,"Sanchez, Wheeler and Harvey",NC-INTEGRATION,Nexus Integration,1,0.5577365203366097,1,High
SUB-00000281,CUST-000082,Sandoval-Cunningham,NC-WAREHOUSE,Nexus Data Warehouse,1,0.8422080588556532,1,Critical
SUB-00000282,CUST-000082,Sandoval-Cunningham,NC-STORAGE,Nexus Storage,0,0.5747580309122271,1,High
SUB-00000283,CUST-000082,Sandoval-Cunningham,NC-CONTAINER,Nexus Container Platform,1,0.8509063007021291,1,Critical
SUB-00000284,CUST-000082,Sandoval-Cunningham,NC-AIMODEL,Nexus AI Models,0,0.2654025782327683,0,Medium
SUB-00000285,CUST-000082,Sandoval-Cunningham,NC-COMPUTE,Nexus Compute,0,0.5740284379784115,1,High
SUB-00000286,CUST-000082,Sandoval-Cunningham,NC-SQL,Nexus SQL Database,0,0.234006406546518,0,Low
SUB-00000287,CUST-000083,Donovan-Harris,NC-STORAGE,Nexus Storage,1,0.8225417013642954,1,Critical
SUB-00000288,CUST-000083,Donovan-Harris,NC-SQL,Nexus SQL Database,0,0.2145372785522032,0,Low
SUB-00000289,CUST-000083,Donovan-Harris,NC-COMPUTE,Nexus Compute,0,0.5275444837304888,1,High
SUB-00000290,CUST-000084,"Edwards, Baker and Anderson",NC-SQL,Nexus SQL Database,1,0.8347509778846417,1,Critical
SUB-00000291,CUST-000084,"Edwards, Baker and Anderson",NC-COMPUTE,Nexus Compute,0,0.8326946727474711,1,Critical
SUB-00000292,CUST-000084,"Edwards, Baker and Anderson",NC-WAREHOUSE,Nexus Data Warehouse,0,0.5564872954111595,1,High
SUB-00000293,CUST-000084,"Edwards, Baker and Anderson",NC-CONTAINER,Nexus Container Platform,1,0.8286392431523768,1,Critical
SUB-00000294,CUST-000084,"Edwards, Baker and Anderson",NC-STORAGE,Nexus Storage,0,0.5333982898695087,1,High
SUB-00000295,CUST-000085,"Evans, Stewart and Walton",NC-SQL,Nexus SQL Database,0,0.5078590381994637,1,High
SUB-00000296,CUST-000085,"Evans, Stewart and Walton",NC-STORAGE,Nexus Storage,0,0.20092250864422584,0,Low
SUB-00000297,CUST-000085,"Evans, Stewart and Walton",NC-WAREHOUSE,Nexus Data Warehouse,0,0.212142716022364,0,Low
SUB-00000298,CUST-000086,Smith PLC,NC-STORAGE,Nexus Storage,0,0.19192341741170774,0,Low
SUB-00000299,CUST-000087,"Ferrell, Jones and Lewis",NC-ANALYTICS,Nexus Analytics,1,0.809625997437235,1,Critical
SUB-00000300,CUST-000087,"Ferrell, Jones and Lewis",NC-STORAGE,Nexus Storage,0,0.19593978940347037,0,Low
SUB-00000301,CUST-000087,"Ferrell, Jones and Lewis",NC-CONTAINER,Nexus Container Platform,1,0.8127051465026293,1,Critical
SUB-00000302,CUST-000087,"Ferrell, Jones and Lewis",NC-COMPUTE,Nexus Compute,0,0.19448259135920576,0,Low
SUB-00000303,CUST-000087,"Ferrell, Jones and Lewis",NC-INTEGRATION,Nexus Integration,1,0.5077184094437507,1,High
SUB-00000304,CUST-000087,"Ferrell, Jones and Lewis",NC-SECURITY,Nexus Cloud Security,0,0.18527242320650558,0,Low
SUB-00000305,CUST-000087,"Ferrell, Jones and Lewis",NC-SQL,Nexus SQL Database,0,0.5123448051733603,1,High
SUB-00000306,CUST-000088,Anderson-Bailey,NC-WAREHOUSE,Nexus Data Warehouse,1,0.20482168315674068,0,Low
SUB-00000307,CUST-000088,Anderson-Bailey,NC-COMPUTE,Nexus Compute,0,0.2032103391419583,0,Low
SUB-00000308,CUST-000089,Suarez LLC,NC-WAREHOUSE,Nexus Data Warehouse,0,0.5404477456761991,1,High
SUB-00000309,CUST-000089,Suarez LLC,NC-SQL,Nexus SQL Database,1,0.5621558658796506,1,High
SUB-00000310,CUST-000089,Suarez LLC,NC-STORAGE,Nexus Storage,1,0.2334506976033768,0,Low
SUB-00000311,CUST-000089,Suarez LLC,NC-COMPUTE,Nexus Compute,0,0.5383904166228802,1,High
SUB-00000312,CUST-000089,Suarez LLC,NC-CONTAINER,Nexus Container Platform,1,0.5412001785090276,1,High
SUB-00000313,CUST-000090,Moore-Bass,NC-WAREHOUSE,Nexus Data Warehouse,0,0.8418511914936707,1,Critical
SUB-00000314,CUST-000090,Moore-Bass,NC-AIMODEL,Nexus AI Models,0,0.5977710989222935,1,High
SUB-00000315,CUST-000090,Moore-Bass,NC-CONTAINER,Nexus Container Platform,0,0.5794933063569775,1,High
SUB-00000316,CUST-000090,Moore-Bass,NC-SECURITY,Nexus Cloud Security,0,0.5579225262296604,1,High
SUB-00000317,CUST-000091,"Turner, Riggs and Roman",NC-INTEGRATION,Nexus Integration,0,0.2024707949505448,0,Low
SUB-00000318,CUST-000091,"Turner, Riggs and Roman",NC-ANALYTICS,Nexus Analytics,0,0.19244283672104273,0,Low
SUB-00000319,CUST-000091,"Turner, Riggs and Roman",NC-STORAGE,Nexus Storage,1,0.8063950433947709,1,Critical
SUB-00000320,CUST-000092,"Smith, Montoya and Evans",NC-ANALYTICS,Nexus Analytics,1,0.8025799763522455,1,Critical
SUB-00000321,CUST-000092,"Smith, Montoya and Evans",NC-STORAGE,Nexus Storage,1,0.5169806936632847,1,High
SUB-00000322,CUST-000092,"Smith, Montoya and Evans",NC-SQL,Nexus SQL Database,1,0.823772525568122,1,Critical
SUB-00000323,CUST-000092,"Smith, Montoya and Evans",NC-WAREHOUSE,Nexus Data Warehouse,1,0.5355299715339095,1,High
SUB-00000324,CUST-000092,"Smith, Montoya and Evans",NC-INTEGRATION,Nexus Integration,0,0.5170152898011765,1,High
SUB-00000325,CUST-000092,"Smith, Montoya and Evans",NC-CONTAINER,Nexus Container Platform,1,0.5120443853700085,1,High
SUB-00000326,CUST-000092,"Smith, Montoya and Evans",NC-SECURITY,Nexus Cloud Security,1,0.5036434259058555,1,High
SUB-00000327,CUST-000093,"Garcia, Humphrey and Baker",NC-ANALYTICS,Nexus Analytics,0,0.2525053721324177,0,Medium
SUB-00000328,CUST-000093,"Garcia, Humphrey and Baker",NC-WAREHOUSE,Nexus Data Warehouse,1,0.5624423000364407,1,High
SUB-00000329,CUST-000093,"Garcia, Humphrey and Baker",NC-CONTAINER,Nexus Container Platform,1,0.5609175826662921,1,High
SUB-00000330,CUST-000093,"Garcia, Humphrey and Baker",NC-STORAGE,Nexus Storage,1,0.8510525620286828,1,Critical
SUB-00000331,CUST-000094,Newton and Sons,NC-CONTAINER,Nexus Container Platform,0,0.22474937761578445,0,Low
SUB-00000332,CUST-000094,Newton and Sons,NC-SECURITY,Nexus Cloud Security,0,0.21061834209127855,0,Low
SUB-00000333,CUST-000094,Newton and Sons,NC-ANALYTICS,Nexus Analytics,1,0.5517574724236123,1,High
SUB-00000334,CUST-000094,Newton and Sons,NC-WAREHOUSE,Nexus Data Warehouse,1,0.5504642501556899,1,High
SUB-00000335,CUST-000094,Newton and Sons,NC-COMPUTE,Nexus Compute,1,0.5366046354432881,1,High
SUB-00000336,CUST-000095,Campbell-Clark,NC-SECURITY,Nexus Cloud Security,1,0.4938133836823081,0,Medium
SUB-00000337,CUST-000096,Harris-Walters,NC-WAREHOUSE,Nexus Data Warehouse,0,0.8097441269460346,1,Critical
SUB-00000338,CUST-000096,Harris-Walters,NC-STORAGE,Nexus Storage,1,0.8094074836778599,1,Critical
SUB-00000339,CUST-000096,Harris-Walters,NC-CONTAINER,Nexus Container Platform,0,0.4862621792229277,0,Medium
SUB-00000340,CUST-000097,Wagner-King,NC-STORAGE,Nexus Storage,1,0.837991707198115,1,Critical
SUB-00000341,CUST-000098,Davis Group,NC-ANALYTICS,Nexus Analytics,1,0.7654057782228118,1,Critical
SUB-00000342,CUST-000098,Davis Group,NC-AISEARCH,Nexus AI Search,0,0.49470309247507516,0,Medium
SUB-00000343,CUST-000098,Davis Group,NC-CONTAINER,Nexus Container Platform,1,0.7645655851349824,1,Critical
SUB-00000344,CUST-000098,Davis Group,NC-STORAGE,Nexus Storage,0,0.2132557172423145,0,Low
SUB-00000345,CUST-000098,Davis Group,NC-INTEGRATION,Nexus Integration,1,0.8243622483947044,1,Critical
SUB-00000346,CUST-000098,Davis Group,NC-COMPUTE,Nexus Compute,1,0.5379462710523334,1,High
SUB-00000347,CUST-000099,Williams-Cook,NC-SECURITY,Nexus Cloud Security,0,0.5774575095615696,1,High
SUB-00000348,CUST-000099,Williams-Cook,NC-ANALYTICS,Nexus Analytics,1,0.8536922201674256,1,Critical
SUB-00000349,CUST-000099,Williams-Cook,NC-INTEGRATION,Nexus Integration,1,0.2401985348023363,0,Low
SUB-00000350,CUST-000099,Williams-Cook,NC-WAREHOUSE,Nexus Data Warehouse,1,0.8453209655265258,1,Critical
SUB-00000351,CUST-000099,Williams-Cook,NC-COMPUTE,Nexus Compute,1,0.8418723707518937,1,Critical
SUB-00000352,CUST-000100,Walsh LLC,NC-AISEARCH,Nexus AI Search,1,0.23104815998160508,0,Low
SUB-00000353,CUST-000100,Walsh LLC,NC-SECURITY,Nexus Cloud Security,0,0.20972451821621926,0,Low
SUB-00000354,CUST-000100,Walsh LLC,NC-CONTAINER,Nexus Container Platform,1,0.8224971619668993,1,Critical
SUB-00000355,CUST-000101,Figueroa PLC,NC-WAREHOUSE,Nexus Data Warehouse,1,0.8422346412984729,1,Critical
SUB-00000356,CUST-000101,Figueroa PLC,NC-AISEARCH,Nexus AI Search,1,0.5808484158090647,1,High
SUB-00000357,CUST-000102,"Patterson, Smith and Jones",NC-SQL,Nexus SQL Database,1,0.4687592034922556,0,Medium
SUB-00000358,CUST-000102,"Patterson, Smith and Jones",NC-INTEGRATION,Nexus Integration,1,0.783885444939721,1,Critical
SUB-00000359,CUST-000102,"Patterson, Smith and Jones",NC-COMPUTE,Nexus Compute,0,0.17241552341273642,0,Low
SUB-00000360,CUST-000103,"Mckee, Gardner and Davenport",NC-ANALYTICS,Nexus Analytics,1,0.7973929670711426,1,Critical
SUB-00000361,CUST-000103,"Mckee, Gardner and Davenport",NC-CONTAINER,Nexus Container Platform,1,0.8083397252638552,1,Critical
SUB-00000362,CUST-000104,"Tran, Jordan and Williams",NC-COMPUTE,Nexus Compute,0,0.49281264872895436,0,Medium
SUB-00000363,CUST-000104,"Tran, Jordan and Williams",NC-CONTAINER,Nexus Container Platform,0,0.5135019547961446,1,High
SUB-00000364,CUST-000104,"Tran, Jordan and Williams",NC-WAREHOUSE,Nexus Data Warehouse,0,0.49710056385467416,0,Medium
SUB-00000365,CUST-000105,Nolan-Flynn,NC-ANALYTICS,Nexus Analytics,0,0.5202552476174067,1,High
SUB-00000366,CUST-000105,Nolan-Flynn,NC-COMPUTE,Nexus Compute,1,0.8160459795349307,1,Critical
SUB-00000367,CUST-000105,Nolan-Flynn,NC-SECURITY,Nexus Cloud Security,0,0.4935719610293619,0,Medium
SUB-00000368,CUST-000106,Nolan and Sons,NC-SQL,Nexus SQL Database,0,0.5609946541013158,1,High
SUB-00000369,CUST-000106,Nolan and Sons,NC-INTEGRATION,Nexus Integration,0,0.2305621283539406,0,Low
SUB-00000370,CUST-000106,Nolan and Sons,NC-SECURITY,Nexus Cloud Security,1,0.8377272274904985,1,Critical
SUB-00000371,CUST-000107,"Wright, Garcia and Deleon",NC-WAREHOUSE,Nexus Data Warehouse,0,0.5780491973985944,1,High
SUB-00000372,CUST-000107,"Wright, Garcia and Deleon",NC-COMPUTE,Nexus Compute,0,0.24605433749974975,0,Low
SUB-00000373,CUST-000107,"Wright, Garcia and Deleon",NC-SQL,Nexus SQL Database,1,0.8510835659754917,1,Critical
SUB-00000374,CUST-000107,"Wright, Garcia and Deleon",NC-AIMODEL,Nexus AI Models,0,0.24618396619274166,0,Low
SUB-00000375,CUST-000107,"Wright, Garcia and Deleon",NC-ANALYTICS,Nexus Analytics,0,0.23532002949993452,0,Low
SUB-00000376,CUST-000108,Dickson-Brady,NC-COMPUTE,Nexus Compute,0,0.8391338466234564,1,Critical
SUB-00000377,CUST-000108,Dickson-Brady,NC-SQL,Nexus SQL Database,1,0.8437424228746133,1,Critical
SUB-00000378,CUST-000109,Hancock and Sons,NC-SECURITY,Nexus Cloud Security,0,0.5080502705446911,1,High
SUB-00000379,CUST-000109,Hancock and Sons,NC-INTEGRATION,Nexus Integration,0,0.8079096458004231,1,Critical
SUB-00000380,CUST-000109,Hancock and Sons,NC-ANALYTICS,Nexus Analytics,0,0.19866611399858652,0,Low
SUB-00000381,CUST-000110,Johnson-Doyle,NC-SQL,Nexus SQL Database,1,0.182667609725786,0,Low
SUB-00000382,CUST-000110,Johnson-Doyle,NC-CONTAINER,Nexus Container Platform,0,0.7914158378128103,1,Critical
SUB-00000383,CUST-000111,Patton-Jenkins,NC-CONTAINER,Nexus Container Platform,0,0.19281251284464757,0,Low
SUB-00000384,CUST-000111,Patton-Jenkins,NC-SQL,Nexus SQL Database,1,0.8112495113290302,1,Critical
SUB-00000385,CUST-000111,Patton-Jenkins,NC-WAREHOUSE,Nexus Data Warehouse,1,0.826815371101051,1,Critical
SUB-00000386,CUST-000111,Patton-Jenkins,NC-INTEGRATION,Nexus Integration,1,0.8204021783220948,1,Critical
SUB-00000387,CUST-000111,Patton-Jenkins,NC-COMPUTE,Nexus Compute,0,0.2027329596930049,0,Low
SUB-00000388,CUST-000111,Patton-Jenkins,NC-SECURITY,Nexus Cloud Security,0,0.21786524171557928,0,Low
SUB-00000389,CUST-000112,"Shields, Cochran and Adams",NC-STORAGE,Nexus Storage,1,0.801379497523294,1,Critical
SUB-00000390,CUST-000112,"Shields, Cochran and Adams",NC-ANALYTICS,Nexus Analytics,0,0.19950425080786321,0,Low
SUB-00000391,CUST-000112,"Shields, Cochran and Adams",NC-INTEGRATION,Nexus Integration,0,0.19784298296996397,0,Low
SUB-00000392,CUST-000112,"Shields, Cochran and Adams",NC-SECURITY,Nexus Cloud Security,1,0.7936934407161865,1,Critical
SUB-00000393,CUST-000113,"Rodriguez, Brennan and Garrison",NC-ANALYTICS,Nexus Analytics,1,0.8256337798959648,1,Critical
SUB-00000394,CUST-000113,"Rodriguez, Brennan and Garrison",NC-CONTAINER,Nexus Container Platform,0,0.5089504268475089,1,High
SUB-00000395,CUST-000114,Gonzalez Group,NC-INTEGRATION,Nexus Integration,1,0.5127642036752695,1,High
SUB-00000396,CUST-000114,Gonzalez Group,NC-COMPUTE,Nexus Compute,1,0.8456062106720689,1,Critical
SUB-00000397,CUST-000114,Gonzalez Group,NC-CONTAINER,Nexus Container Platform,1,0.8036792641162702,1,Critical
SUB-00000398,CUST-000114,Gonzalez Group,NC-WAREHOUSE,Nexus Data Warehouse,0,0.5191552444568925,1,High
SUB-00000399,CUST-000114,Gonzalez Group,NC-SECURITY,Nexus Cloud Security,1,0.8257244579782882,1,Critical
SUB-00000400,CUST-000114,Gonzalez Group,NC-AIMODEL,Nexus AI Models,1,0.26433040049361917,0,Medium
SUB-00000401,CUST-000115,Torres-Pope,NC-INTEGRATION,Nexus Integration,0,0.78195971637874,1,Critical
SUB-00000402,CUST-000115,Torres-Pope,NC-SQL,Nexus SQL Database,0,0.18021623774190054,0,Low
SUB-00000403,CUST-000115,Torres-Pope,NC-STORAGE,Nexus Storage,1,0.783601355653381,1,Critical
SUB-00000404,CUST-000115,Torres-Pope,NC-AISEARCH,Nexus AI Search,0,0.19584335401766903,0,Low
SUB-00000405,CUST-000116,Walker Ltd,NC-WAREHOUSE,Nexus Data Warehouse,1,0.5072433031678462,1,High
SUB-00000406,CUST-000116,Walker Ltd,NC-CONTAINER,Nexus Container Platform,0,0.1965617001104225,0,Low
SUB-00000407,CUST-000116,Walker Ltd,NC-COMPUTE,Nexus Compute,0,0.503949079621811,1,High
SUB-00000408,CUST-000116,Walker Ltd,NC-SECURITY,Nexus Cloud Security,0,0.19143607752061728,0,Low
SUB-00000409,CUST-000117,Ross LLC,NC-CONTAINER,Nexus Container Platform,1,0.7864515978695197,1,Critical
SUB-00000410,CUST-000117,Ross LLC,NC-SQL,Nexus SQL Database,1,0.18028338860271167,0,Low
SUB-00000411,CUST-000117,Ross LLC,NC-ANALYTICS,Nexus Analytics,0,0.1873374328054047,0,Low
SUB-00000412,CUST-000117,Ross LLC,NC-WAREHOUSE,Nexus Data Warehouse,1,0.7985074304526187,1,Critical
SUB-00000413,CUST-000117,Ross LLC,NC-SECURITY,Nexus Cloud Security,1,0.7955180360080258,1,Critical
SUB-00000414,CUST-000118,Rasmussen LLC,NC-SECURITY,Nexus Cloud Security,1,0.8348706863835686,1,Critical
SUB-00000415,CUST-000118,Rasmussen LLC,NC-COMPUTE,Nexus Compute,0,0.5653289175974238,1,High
SUB-00000416,CUST-000119,May-Ross,NC-CONTAINER,Nexus Container Platform,1,0.5770149119501177,1,High
SUB-00000417,CUST-000119,May-Ross,NC-SQL,Nexus SQL Database,0,0.2417845759352662,0,Low
SUB-00000418,CUST-000119,May-Ross,NC-COMPUTE,Nexus Compute,0,0.24014440493594655,0,Low
SUB-00000419,CUST-000119,May-Ross,NC-SECURITY,Nexus Cloud Security,1,0.8504788754227086,1,Critical
SUB-00000420,CUST-000120,"Rivera, Johnson and Wiley",NC-COMPUTE,Nexus Compute,0,0.5710102461995271,1,High
SUB-00000421,CUST-000120,"Rivera, Johnson and Wiley",NC-AISEARCH,Nexus AI Search,1,0.5834163305825792,1,High
SUB-00000422,CUST-000120,"Rivera, Johnson and Wiley",NC-SQL,Nexus SQL Database,0,0.2605933886751848,0,Medium
SUB-00000423,CUST-000120,"Rivera, Johnson and Wiley",NC-INTEGRATION,Nexus Integration,1,0.23893576732526808,0,Low
SUB-00000424,CUST-000120,"Rivera, Johnson and Wiley",NC-SECURITY,Nexus Cloud Security,1,0.853849800307661,1,Critical
SUB-00000425,CUST-000120,"Rivera, Johnson and Wiley",NC-STORAGE,Nexus Storage,1,0.5850124936515693,1,High
SUB-00000426,CUST-000121,White-Estes,NC-COMPUTE,Nexus Compute,0,0.5645248085830707,1,High
SUB-00000427,CUST-000121,White-Estes,NC-STORAGE,Nexus Storage,0,0.5540852447060163,1,High
SUB-00000428,CUST-000121,White-Estes,NC-INTEGRATION,Nexus Integration,1,0.5567480302446046,1,High
SUB-00000429,CUST-000122,Johnson-Carlson,NC-CONTAINER,Nexus Container Platform,0,0.8212304879858028,1,Critical
SUB-00000430,CUST-000122,Johnson-Carlson,NC-WAREHOUSE,Nexus Data Warehouse,1,0.8231277418600818,1,Critical
SUB-00000431,CUST-000122,Johnson-Carlson,NC-SECURITY,Nexus Cloud Security,1,0.8188670264649323,1,Critical
SUB-00000432,CUST-000122,Johnson-Carlson,NC-COMPUTE,Nexus Compute,1,0.8220245316182918,1,Critical
SUB-00000433,CUST-000123,Chandler-Edwards,NC-CONTAINER,Nexus Container Platform,1,0.18554679961796694,0,Low
SUB-00000434,CUST-000123,Chandler-Edwards,NC-WAREHOUSE,Nexus Data Warehouse,0,0.48859441389861885,0,Medium
SUB-00000435,CUST-000124,"Joyce, Wilson and Lam",NC-STORAGE,Nexus Storage,0,0.4734458459142021,0,Medium
SUB-00000436,CUST-000125,Scott Ltd,NC-SQL,Nexus SQL Database,1,0.7893951155718173,1,Critical
SUB-00000437,CUST-000125,Scott Ltd,NC-STORAGE,Nexus Storage,0,0.4706014336776732,0,Medium
SUB-00000438,CUST-000126,Smith-Frost,NC-SECURITY,Nexus Cloud Security,0,0.1897510128544082,0,Low
SUB-00000439,CUST-000126,Smith-Frost,NC-INTEGRATION,Nexus Integration,1,0.8161462640349408,1,Critical
SUB-00000440,CUST-000127,"Mcdaniel, Bentley and Mclaughlin",NC-INTEGRATION,Nexus Integration,1,0.8074434230713768,1,Critical
SUB-00000441,CUST-000127,"Mcdaniel, Bentley and Mclaughlin",NC-CONTAINER,Nexus Container Platform,1,0.827230836994942,1,Critical
SUB-00000442,CUST-000127,"Mcdaniel, Bentley and Mclaughlin",NC-COMPUTE,Nexus Compute,1,0.1950420693826994,0,Low
SUB-00000443,CUST-000127,"Mcdaniel, Bentley and Mclaughlin",NC-STORAGE,Nexus Storage,1,0.793628773493287,1,Critical
SUB-00000444,CUST-000127,"Mcdaniel, Bentley and Mclaughlin",NC-SQL,Nexus SQL Database,0,0.21298057478183047,0,Low
SUB-00000445,CUST-000128,Diaz Inc,NC-SQL,Nexus SQL Database,0,0.23731066008846047,0,Low
SUB-00000446,CUST-000128,Diaz Inc,NC-STORAGE,Nexus Storage,0,0.5669744480141773,1,High
SUB-00000447,CUST-000128,Diaz Inc,NC-SECURITY,Nexus Cloud Security,1,0.8400097968286565,1,Critical
SUB-00000448,CUST-000128,Diaz Inc,NC-INTEGRATION,Nexus Integration,1,0.5793744375691219,1,High
SUB-00000449,CUST-000129,"Mccall, Hanson and Alvarado",NC-ANALYTICS,Nexus Analytics,1,0.7821047414036542,1,Critical
SUB-00000450,CUST-000129,"Mccall, Hanson and Alvarado",NC-WAREHOUSE,Nexus Data Warehouse,1,0.4768115048771597,0,Medium
SUB-00000451,CUST-000130,Cortez LLC,NC-STORAGE,Nexus Storage,0,0.19284886305817026,0,Low
SUB-00000452,CUST-000130,Cortez LLC,NC-AISEARCH,Nexus AI Search,1,0.8174227555562701,1,Critical
SUB-00000453,CUST-000130,Cortez LLC,NC-AIMODEL,Nexus AI Models,1,0.20550330955524862,0,Low
SUB-00000454,CUST-000130,Cortez LLC,NC-CONTAINER,Nexus Container Platform,1,0.4985006500679702,0,Medium
SUB-00000455,CUST-000130,Cortez LLC,NC-ANALYTICS,Nexus Analytics,1,0.5222170656506044,1,High
SUB-00000456,CUST-000131,"Parker, Ortiz and Powell",NC-WAREHOUSE,Nexus Data Warehouse,0,0.5288729757927279,1,High
SUB-00000457,CUST-000131,"Parker, Ortiz and Powell",NC-COMPUTE,Nexus Compute,1,0.8225444649535417,1,Critical
SUB-00000458,CUST-000131,"Parker, Ortiz and Powell",NC-AIMODEL,Nexus AI Models,1,0.8251667570089125,1,Critical
SUB-00000459,CUST-000131,"Parker, Ortiz and Powell",NC-SECURITY,Nexus Cloud Security,1,0.8195643208908491,1,Critical
SUB-00000460,CUST-000131,"Parker, Ortiz and Powell",NC-ANALYTICS,Nexus Analytics,0,0.5299597531324548,1,High
SUB-00000461,CUST-000132,Spencer-Lee,NC-INTEGRATION,Nexus Integration,0,0.20799236162763735,0,Low
SUB-00000462,CUST-000132,Spencer-Lee,NC-SECURITY,Nexus Cloud Security,0,0.49669479036233805,0,Medium
SUB-00000463,CUST-000132,Spencer-Lee,NC-STORAGE,Nexus Storage,0,0.1994195932756441,0,Low
SUB-00000464,CUST-000132,Spencer-Lee,NC-SQL,Nexus SQL Database,1,0.8188330420025615,1,Critical
SUB-00000465,CUST-000133,"Bentley, Byrd and Orr",NC-STORAGE,Nexus Storage,1,0.17019160522910848,0,Low
SUB-00000466,CUST-000134,"Carroll, Sullivan and Bass",NC-SECURITY,Nexus Cloud Security,0,0.2385177144960062,0,Low
SUB-00000467,CUST-000135,Mitchell-Jordan,NC-ANALYTICS,Nexus Analytics,1,0.20786533304760066,0,Low
SUB-00000468,CUST-000135,Mitchell-Jordan,NC-AISEARCH,Nexus AI Search,0,0.5280794981841359,1,High
SUB-00000469,CUST-000135,Mitchell-Jordan,NC-INTEGRATION,Nexus Integration,0,0.19191961270854915,0,Low
SUB-00000470,CUST-000135,Mitchell-Jordan,NC-STORAGE,Nexus Storage,0,0.5147196675472965,1,High
SUB-00000471,CUST-000135,Mitchell-Jordan,NC-AIMODEL,Nexus AI Models,1,0.8270493076598531,1,Critical
SUB-00000472,CUST-000135,Mitchell-Jordan,NC-SQL,Nexus SQL Database,0,0.19962366733158066,0,Low
SUB-00000473,CUST-000135,Mitchell-Jordan,NC-WAREHOUSE,Nexus Data Warehouse,0,0.19892462519509105,0,Low
SUB-00000474,CUST-000136,"Lawson, Morris and Ramos",NC-STORAGE,Nexus Storage,1,0.78286939988978,1,Critical
SUB-00000475,CUST-000136,"Lawson, Morris and Ramos",NC-INTEGRATION,Nexus Integration,0,0.17786013685099955,0,Low
SUB-00000476,CUST-000136,"Lawson, Morris and Ramos",NC-WAREHOUSE,Nexus Data Warehouse,1,0.4974244324050413,0,Medium
SUB-00000477,CUST-000136,"Lawson, Morris and Ramos",NC-AIMODEL,Nexus AI Models,0,0.2001764508854057,0,Low
SUB-00000478,CUST-000136,"Lawson, Morris and Ramos",NC-ANALYTICS,Nexus Analytics,0,0.18006213402418753,0,Low
SUB-00000479,CUST-000136,"Lawson, Morris and Ramos",NC-SECURITY,Nexus Cloud Security,1,0.8131451751187271,1,Critical
SUB-00000480,CUST-000136,"Lawson, Morris and Ramos",NC-COMPUTE,Nexus Compute,1,0.19452763498858475,0,Low
SUB-00000481,CUST-000137,"Lewis, Kennedy and Santana",NC-AIMODEL,Nexus AI Models,1,0.23346071213230882,0,Low
SUB-00000482,CUST-000137,"Lewis, Kennedy and Santana",NC-SQL,Nexus SQL Database,1,0.8413630406844085,1,Critical
SUB-00000483,CUST-000137,"Lewis, Kennedy and Santana",NC-AISEARCH,Nexus AI Search,1,0.8417238564072287,1,Critical
SUB-00000484,CUST-000137,"Lewis, Kennedy and Santana",NC-CONTAINER,Nexus Container Platform,1,0.5444749793095808,1,High
SUB-00000485,CUST-000137,"Lewis, Kennedy and Santana",NC-COMPUTE,Nexus Compute,1,0.22062993059882294,0,Low
SUB-00000486,CUST-000138,"Jackson, Miller and Robertson",NC-WAREHOUSE,Nexus Data Warehouse,1,0.21907923452398798,0,Low
SUB-00000487,CUST-000138,"Jackson, Miller and Robertson",NC-AISEARCH,Nexus AI Search,0,0.21813133645461646,0,Low
SUB-00000488,CUST-000138,"Jackson, Miller and Robertson",NC-INTEGRATION,Nexus Integration,1,0.8268109478443868,1,Critical
SUB-00000489,CUST-000139,"Harvey, Davis and Crane",NC-ANALYTICS,Nexus Analytics,0,0.18792343446405185,0,Low
SUB-00000490,CUST-000139,"Harvey, Davis and Crane",NC-SQL,Nexus SQL Database,0,0.5084221424128076,1,High
SUB-00000491,CUST-000139,"Harvey, Davis and Crane",NC-COMPUTE,Nexus Compute,0,0.49228273227473124,0,Medium
SUB-00000492,CUST-000140,Chambers and Sons,NC-COMPUTE,Nexus Compute,0,0.22986487756516855,0,Low
SUB-00000493,CUST-000140,Chambers and Sons,NC-AISEARCH,Nexus AI Search,1,0.5575275765289415,1,High
SUB-00000494,CUST-000140,Chambers and Sons,NC-WAREHOUSE,Nexus Data Warehouse,1,0.5422724503504388,1,High
SUB-00000495,CUST-000140,Chambers and Sons,NC-SQL,Nexus SQL Database,1,0.8010891185664201,1,Critical
SUB-00000496,CUST-000140,Chambers and Sons,NC-STORAGE,Nexus Storage,1,0.8308866004937077,1,Critical
SUB-00000497,CUST-000140,Chambers and Sons,NC-AIMODEL,Nexus AI Models,1,0.8373815431900273,1,Critical
SUB-00000498,CUST-000140,Chambers and Sons,NC-INTEGRATION,Nexus Integration,0,0.19854475866073323,0,Low
SUB-00000499,CUST-000140,Chambers and Sons,NC-CONTAINER,Nexus Container Platform,0,0.23845144183424355,0,Low
SUB-00000500,CUST-000141,Hernandez Inc,NC-CONTAINER,Nexus Container Platform,1,0.22585090507638741,0,Low
SUB-00000501,CUST-000141,Hernandez Inc,NC-SQL,Nexus SQL Database,0,0.5516057205407682,1,High
SUB-00000502,CUST-000142,Riggs PLC,NC-AISEARCH,Nexus AI Search,1,0.826073456496812,1,Critical
SUB-00000503,CUST-000142,Riggs PLC,NC-CONTAINER,Nexus Container Platform,1,0.8275672981019963,1,Critical
SUB-00000504,CUST-000142,Riggs PLC,NC-ANALYTICS,Nexus Analytics,1,0.21993312634632303,0,Low
SUB-00000505,CUST-000143,Gibson Ltd,NC-SECURITY,Nexus Cloud Security,0,0.23131822905383365,0,Low
SUB-00000506,CUST-000143,Gibson Ltd,NC-STORAGE,Nexus Storage,0,0.2333566115494767,0,Low
SUB-00000507,CUST-000143,Gibson Ltd,NC-INTEGRATION,Nexus Integration,1,0.5573782113732901,1,High
SUB-00000508,CUST-000144,"Lee, Horton and Snyder",NC-WAREHOUSE,Nexus Data Warehouse,1,0.5410845974742786,1,High
SUB-00000509,CUST-000144,"Lee, Horton and Snyder",NC-COMPUTE,Nexus Compute,1,0.8281828562312353,1,Critical
SUB-00000510,CUST-000145,Hernandez Ltd,NC-SQL,Nexus SQL Database,1,0.7865385226125967,1,Critical
SUB-00000511,CUST-000145,Hernandez Ltd,NC-COMPUTE,Nexus Compute,0,0.46195342966301345,0,Medium
SUB-00000512,CUST-000145,Hernandez Ltd,NC-AIMODEL,Nexus AI Models,0,0.1906294431801564,0,Low
SUB-00000513,CUST-000145,Hernandez Ltd,NC-CONTAINER,Nexus Container Platform,1,0.7937612648636043,1,Critical
SUB-00000514,CUST-000145,Hernandez Ltd,NC-AISEARCH,Nexus AI Search,0,0.17608376350624444,0,Low
SUB-00000515,CUST-000146,Stafford Inc,NC-INTEGRATION,Nexus Integration,0,0.22296309142845103,0,Low
SUB-00000516,CUST-000146,Stafford Inc,NC-COMPUTE,Nexus Compute,1,0.5411645703886091,1,High
SUB-00000517,CUST-000146,Stafford Inc,NC-SECURITY,Nexus Cloud Security,1,0.23154250684194996,0,Low
SUB-00000518,CUST-000146,Stafford Inc,NC-ANALYTICS,Nexus Analytics,0,0.21494144471739307,0,Low
SUB-00000519,CUST-000146,Stafford Inc,NC-WAREHOUSE,Nexus Data Warehouse,0,0.2191922812065001,0,Low
SUB-00000520,CUST-000147,Robinson-Brock,NC-COMPUTE,Nexus Compute,1,0.8023542746555613,1,Critical
SUB-00000521,CUST-000147,Robinson-Brock,NC-STORAGE,Nexus Storage,1,0.8024326345799457,1,Critical
SUB-00000522,CUST-000148,"Holmes, Williams and Wright",NC-SQL,Nexus SQL Database,0,0.219749218761852,0,Low
SUB-00000523,CUST-000148,"Holmes, Williams and Wright",NC-COMPUTE,Nexus Compute,1,0.8152793208097414,1,Critical
SUB-00000524,CUST-000149,Bryant Group,NC-ANALYTICS,Nexus Analytics,1,0.8277843942173141,1,Critical
SUB-00000525,CUST-000149,Bryant Group,NC-CONTAINER,Nexus Container Platform,1,0.5493544495053105,1,High
SUB-00000526,CUST-000149,Bryant Group,NC-SECURITY,Nexus Cloud Security,0,0.5181244880213929,1,High
SUB-00000527,CUST-000149,Bryant Group,NC-COMPUTE,Nexus Compute,1,0.6088876010958739,1,High
SUB-00000528,CUST-000149,Bryant Group,NC-INTEGRATION,Nexus Integration,1,0.4796237025137652,0,Medium
SUB-00000529,CUST-000149,Bryant Group,NC-STORAGE,Nexus Storage,1,0.4977053117506102,0,Medium
SUB-00000530,CUST-000150,"Schmidt, Hansen and Stewart",NC-SQL,Nexus SQL Database,1,0.8343937650629697,1,Critical
SUB-00000531,CUST-000151,Salazar-Ball,NC-CONTAINER,Nexus Container Platform,0,0.20380844990281527,0,Low
SUB-00000532,CUST-000151,Salazar-Ball,NC-COMPUTE,Nexus Compute,0,0.21711444750625533,0,Low
SUB-00000533,CUST-000152,"Simmons, Meadows and Griffin",NC-SECURITY,Nexus Cloud Security,0,0.23159513750231261,0,Low
SUB-00000534,CUST-000152,"Simmons, Meadows and Griffin",NC-ANALYTICS,Nexus Analytics,1,0.8428607250255562,1,Critical
SUB-00000535,CUST-000152,"Simmons, Meadows and Griffin",NC-WAREHOUSE,Nexus Data Warehouse,1,0.23520000559201976,0,Low
SUB-00000536,CUST-000152,"Simmons, Meadows and Griffin",NC-CONTAINER,Nexus Container Platform,0,0.23434758753390741,0,Low
SUB-00000537,CUST-000153,Manning Group,NC-STORAGE,Nexus Storage,1,0.5312091275345998,1,High
SUB-00000538,CUST-000153,Manning Group,NC-SECURITY,Nexus Cloud Security,1,0.5138787581725228,1,High
SUB-00000539,CUST-000153,Manning Group,NC-COMPUTE,Nexus Compute,0,0.21325809607437443,0,Low
SUB-00000540,CUST-000153,Manning Group,NC-INTEGRATION,Nexus Integration,1,0.822854325078162,1,Critical
SUB-00000541,CUST-000154,Green-Wright,NC-ANALYTICS,Nexus Analytics,1,0.18807755465328269,0,Low
SUB-00000542,CUST-000154,Green-Wright,NC-AIMODEL,Nexus AI Models,1,0.2121014867038178,0,Low
SUB-00000543,CUST-000155,"Ramirez, Strickland and Washington",NC-COMPUTE,Nexus Compute,1,0.8457180619955479,1,Critical
SUB-00000544,CUST-000155,"Ramirez, Strickland and Washington",NC-INTEGRATION,Nexus Integration,1,0.5551124350478469,1,High
SUB-00000545,CUST-000155,"Ramirez, Strickland and Washington",NC-WAREHOUSE,Nexus Data Warehouse,0,0.2372787683408913,0,Low
SUB-00000546,CUST-000155,"Ramirez, Strickland and Washington",NC-SECURITY,Nexus Cloud Security,1,0.8340667885118065,1,Critical
SUB-00000547,CUST-000155,"Ramirez, Strickland and Washington",NC-STORAGE,Nexus Storage,1,0.24406351635859774,0,Low
SUB-00000548,CUST-000156,Hill Inc,NC-AISEARCH,Nexus AI Search,1,0.6288628438482156,1,High
SUB-00000549,CUST-000156,Hill Inc,NC-COMPUTE,Nexus Compute,0,0.21101519090046947,0,Low
SUB-00000550,CUST-000156,Hill Inc,NC-WAREHOUSE,Nexus Data Warehouse,0,0.8286212229764286,1,Critical
SUB-00000551,CUST-000156,Hill Inc,NC-SECURITY,Nexus Cloud Security,1,0.8249390131561442,1,Critical
SUB-00000552,CUST-000156,Hill Inc,NC-STORAGE,Nexus Storage,1,0.5107871943210727,1,High
SUB-00000553,CUST-000156,Hill Inc,NC-CONTAINER,Nexus Container Platform,0,0.5895485244314232,1,High
SUB-00000554,CUST-000156,Hill Inc,NC-AIMODEL,Nexus AI Models,1,0.5993751063435996,1,High
SUB-00000555,CUST-000157,"Mitchell, Nelson and Flores",NC-CONTAINER,Nexus Container Platform,0,0.19089379225320813,0,Low
SUB-00000556,CUST-000157,"Mitchell, Nelson and Flores",NC-WAREHOUSE,Nexus Data Warehouse,1,0.8075894934616867,1,Critical
SUB-00000557,CUST-000157,"Mitchell, Nelson and Flores",NC-SQL,Nexus SQL Database,1,0.801215563601928,1,Critical
SUB-00000558,CUST-000158,"Miller, Hernandez and Reyes",NC-ANALYTICS,Nexus Analytics,1,0.47701930120482194,0,Medium
SUB-00000559,CUST-000158,"Miller, Hernandez and Reyes",NC-INTEGRATION,Nexus Integration,0,0.17758403246038412,0,Low
SUB-00000560,CUST-000158,"Miller, Hernandez and Reyes",NC-SQL,Nexus SQL Database,0,0.4571396043391263,0,Medium
SUB-00000561,CUST-000159,Mccarthy Inc,NC-CONTAINER,Nexus Container Platform,1,0.7661008780974631,1,Critical
SUB-00000562,CUST-000159,Mccarthy Inc,NC-SECURITY,Nexus Cloud Security,1,0.837695799654226,1,Critical
SUB-00000563,CUST-000159,Mccarthy Inc,NC-INTEGRATION,Nexus Integration,1,0.8028097378680279,1,Critical
SUB-00000564,CUST-000159,Mccarthy Inc,NC-ANALYTICS,Nexus Analytics,1,0.7814222992749643,1,Critical
SUB-00000565,CUST-000159,Mccarthy Inc,NC-SQL,Nexus SQL Database,0,0.23662658708208706,0,Low
SUB-00000566,CUST-000159,Mccarthy Inc,NC-STORAGE,Nexus Storage,1,0.4636655417246375,0,Medium
SUB-00000567,CUST-000159,Mccarthy Inc,NC-WAREHOUSE,Nexus Data Warehouse,1,0.4415467122699379,0,Medium
SUB-00000568,CUST-000160,Russell-Daniels,NC-AISEARCH,Nexus AI Search,0,0.2613520809441133,0,Medium
SUB-00000569,CUST-000160,Russell-Daniels,NC-ANALYTICS,Nexus Analytics,0,0.5583516143897621,1,High
SUB-00000570,CUST-000160,Russell-Daniels,NC-COMPUTE,Nexus Compute,0,0.23563485753679378,0,Low
SUB-00000571,CUST-000160,Russell-Daniels,NC-CONTAINER,Nexus Container Platform,1,0.8489439622069873,1,Critical
SUB-00000572,CUST-000161,Brown-Wall,NC-COMPUTE,Nexus Compute,1,0.8038182744309237,1,Critical
SUB-00000573,CUST-000161,Brown-Wall,NC-INTEGRATION,Nexus Integration,1,0.8157071133347146,1,Critical
SUB-00000574,CUST-000162,Stein-Silva,NC-CONTAINER,Nexus Container Platform,1,0.2118552710416356,0,Low
SUB-00000575,CUST-000163,"Smith, Gilmore and Johnston",NC-ANALYTICS,Nexus Analytics,0,0.22621988440877047,0,Low
SUB-00000576,CUST-000163,"Smith, Gilmore and Johnston",NC-COMPUTE,Nexus Compute,1,0.832290042277992,1,Critical
SUB-00000577,CUST-000163,"Smith, Gilmore and Johnston",NC-WAREHOUSE,Nexus Data Warehouse,1,0.5682010355953643,1,High
SUB-00000578,CUST-000164,Smith-Bell,NC-STORAGE,Nexus Storage,1,0.19589002378080772,0,Low
SUB-00000579,CUST-000164,Smith-Bell,NC-SECURITY,Nexus Cloud Security,1,0.7941077489630358,1,Critical
SUB-00000580,CUST-000164,Smith-Bell,NC-COMPUTE,Nexus Compute,0,0.19694370064641242,0,Low
SUB-00000581,CUST-000165,Castaneda-Ashley,NC-STORAGE,Nexus Storage,0,0.5132179663147491,1,High
SUB-00000582,CUST-000165,Castaneda-Ashley,NC-ANALYTICS,Nexus Analytics,0,0.527005654632226,1,High
SUB-00000583,CUST-000165,Castaneda-Ashley,NC-CONTAINER,Nexus Container Platform,1,0.5328381965210414,1,High
SUB-00000584,CUST-000165,Castaneda-Ashley,NC-INTEGRATION,Nexus Integration,0,0.20723016142816758,0,Low
SUB-00000585,CUST-000166,Medina-Navarro,NC-SECURITY,Nexus Cloud Security,1,0.8237531776907,1,Critical
SUB-00000586,CUST-000166,Medina-Navarro,NC-WAREHOUSE,Nexus Data Warehouse,1,0.21281096918847306,0,Low
SUB-00000587,CUST-000166,Medina-Navarro,NC-CONTAINER,Nexus Container Platform,1,0.5262546159214662,1,High
SUB-00000588,CUST-000166,Medina-Navarro,NC-COMPUTE,Nexus Compute,1,0.5486630510876521,1,High
SUB-00000589,CUST-000166,Medina-Navarro,NC-STORAGE,Nexus Storage,1,0.21534541449899705,0,Low
SUB-00000590,CUST-000167,"Hurst, Freeman and Nelson",NC-AISEARCH,Nexus AI Search,0,0.24124414497738195,0,Low
SUB-00000591,CUST-000167,"Hurst, Freeman and Nelson",NC-SQL,Nexus SQL Database,1,0.8245138724189573,1,Critical
SUB-00000592,CUST-000167,"Hurst, Freeman and Nelson",NC-INTEGRATION,Nexus Integration,0,0.826324732741268,1,Critical
SUB-00000593,CUST-000168,Johnson-Rogers,NC-COMPUTE,Nexus Compute,0,0.17855985256517204,0,Low
SUB-00000594,CUST-000169,"Yates, Ramsey and Pittman",NC-SQL,Nexus SQL Database,1,0.7982025562386932,1,Critical
SUB-00000595,CUST-000169,"Yates, Ramsey and Pittman",NC-ANALYTICS,Nexus Analytics,1,0.7942736869897893,1,Critical
SUB-00000596,CUST-000169,"Yates, Ramsey and Pittman",NC-COMPUTE,Nexus Compute,1,0.806210210351225,1,Critical
SUB-00000597,CUST-000169,"Yates, Ramsey and Pittman",NC-SECURITY,Nexus Cloud Security,0,0.2003945674799492,0,Low
SUB-00000598,CUST-000169,"Yates, Ramsey and Pittman",NC-INTEGRATION,Nexus Integration,1,0.1895548319625147,0,Low
SUB-00000599,CUST-000169,"Yates, Ramsey and Pittman",NC-WAREHOUSE,Nexus Data Warehouse,1,0.7964395444306389,1,Critical
SUB-00000600,CUST-000169,"Yates, Ramsey and Pittman",NC-STORAGE,Nexus Storage,0,0.1969620535953488,0,Low
SUB-00000601,CUST-000170,Hooper PLC,NC-STORAGE,Nexus Storage,1,0.49049874414907096,0,Medium
SUB-00000602,CUST-000170,Hooper PLC,NC-INTEGRATION,Nexus Integration,0,0.5294337567325562,1,High
SUB-00000603,CUST-000170,Hooper PLC,NC-AIMODEL,Nexus AI Models,1,0.5330873611303419,1,High
SUB-00000604,CUST-000171,Meadows PLC,NC-INTEGRATION,Nexus Integration,1,0.21608166564946896,0,Low
SUB-00000605,CUST-000171,Meadows PLC,NC-COMPUTE,Nexus Compute,1,0.5146439761993743,1,High
SUB-00000606,CUST-000171,Meadows PLC,NC-AIMODEL,Nexus AI Models,0,0.8325972037748496,1,Critical
SUB-00000607,CUST-000171,Meadows PLC,NC-CONTAINER,Nexus Container Platform,1,0.8162024274673866,1,Critical
SUB-00000608,CUST-000172,"Alvarado, Miller and Patterson",NC-WAREHOUSE,Nexus Data Warehouse,0,0.21986308436171575,0,Low
SUB-00000609,CUST-000172,"Alvarado, Miller and Patterson",NC-ANALYTICS,Nexus Analytics,1,0.825570557162093,1,Critical
SUB-00000610,CUST-000172,"Alvarado, Miller and Patterson",NC-STORAGE,Nexus Storage,1,0.8305287343413156,1,Critical
SUB-00000611,CUST-000173,White-Green,NC-WAREHOUSE,Nexus Data Warehouse,1,0.8452002067551836,1,Critical
SUB-00000612,CUST-000173,White-Green,NC-COMPUTE,Nexus Compute,0,0.23830586939978288,0,Low
SUB-00000613,CUST-000174,Lewis-Murphy,NC-INTEGRATION,Nexus Integration,1,0.5194512034828535,1,High
SUB-00000614,CUST-000174,Lewis-Murphy,NC-CONTAINER,Nexus Container Platform,1,0.812901562125909,1,Critical
SUB-00000615,CUST-000174,Lewis-Murphy,NC-SECURITY,Nexus Cloud Security,1,0.5126885833586865,1,High
SUB-00000616,CUST-000174,Lewis-Murphy,NC-COMPUTE,Nexus Compute,0,0.527397909917705,1,High
SUB-00000617,CUST-000174,Lewis-Murphy,NC-ANALYTICS,Nexus Analytics,0,0.20578281374207869,0,Low
SUB-00000618,CUST-000175,Ramirez-Bean,NC-WAREHOUSE,Nexus Data Warehouse,1,0.8503624084775858,1,Critical
SUB-00000619,CUST-000175,Ramirez-Bean,NC-SECURITY,Nexus Cloud Security,1,0.8474116100064989,1,Critical
SUB-00000620,CUST-000176,King-Miller,NC-COMPUTE,Nexus Compute,0,0.20299138346266096,0,Low
SUB-00000621,CUST-000176,King-Miller,NC-STORAGE,Nexus Storage,0,0.19028037888262883,0,Low
SUB-00000622,CUST-000177,Curry Inc,NC-INTEGRATION,Nexus Integration,1,0.8216534274544701,1,Critical
SUB-00000623,CUST-000177,Curry Inc,NC-SQL,Nexus SQL Database,1,0.8353014597635523,1,Critical
SUB-00000624,CUST-000177,Curry Inc,NC-AIMODEL,Nexus AI Models,1,0.5498260145086462,1,High
SUB-00000625,CUST-000178,Walker-Jones,NC-CONTAINER,Nexus Container Platform,1,0.21171484263167487,0,Low
SUB-00000626,CUST-000178,Walker-Jones,NC-ANALYTICS,Nexus Analytics,1,0.8246210482713769,1,Critical
SUB-00000627,CUST-000178,Walker-Jones,NC-SQL,Nexus SQL Database,1,0.530605527960525,1,High
SUB-00000628,CUST-000179,"Williams, Johnson and Wright",NC-ANALYTICS,Nexus Analytics,1,0.5423189442805951,1,High
SUB-00000629,CUST-000179,"Williams, Johnson and Wright",NC-CONTAINER,Nexus Container Platform,1,0.5617224920785597,1,High
SUB-00000630,CUST-000179,"Williams, Johnson and Wright",NC-SECURITY,Nexus Cloud Security,0,0.23264605773814898,0,Low
SUB-00000631,CUST-000180,Howell and Sons,NC-ANALYTICS,Nexus Analytics,1,0.8184917702980051,1,Critical
SUB-00000632,CUST-000180,Howell and Sons,NC-SQL,Nexus SQL Database,1,0.8182935162429326,1,Critical
SUB-00000633,CUST-000181,Wells Inc,NC-CONTAINER,Nexus Container Platform,0,0.534181660152963,1,High
SUB-00000634,CUST-000181,Wells Inc,NC-INTEGRATION,Nexus Integration,0,0.5273449572760531,1,High
SUB-00000635,CUST-000182,"Gould, Marshall and Scott",NC-STORAGE,Nexus Storage,0,0.5243914359558578,1,High
SUB-00000636,CUST-000182,"Gould, Marshall and Scott",NC-SQL,Nexus SQL Database,1,0.8122691491808172,1,Critical
SUB-00000637,CUST-000182,"Gould, Marshall and Scott",NC-WAREHOUSE,Nexus Data Warehouse,1,0.8113534298699279,1,Critical
SUB-00000638,CUST-000182,"Gould, Marshall and Scott",NC-CONTAINER,Nexus Container Platform,0,0.5230227575623299,1,High
SUB-00000639,CUST-000182,"Gould, Marshall and Scott",NC-ANALYTICS,Nexus Analytics,1,0.5302922116522896,1,High
SUB-00000640,CUST-000183,Jackson-Lawson,NC-ANALYTICS,Nexus Analytics,1,0.8229250876389258,1,Critical
SUB-00000641,CUST-000184,"Higgins, Strickland and Martin",NC-SQL,Nexus SQL Database,1,0.8316078258211482,1,Critical
SUB-00000642,CUST-000184,"Higgins, Strickland and Martin",NC-COMPUTE,Nexus Compute,1,0.21971510409701983,0,Low
SUB-00000643,CUST-000184,"Higgins, Strickland and Martin",NC-ANALYTICS,Nexus Analytics,0,0.22119786381116482,0,Low
SUB-00000644,CUST-000184,"Higgins, Strickland and Martin",NC-AISEARCH,Nexus AI Search,1,0.8439817814066106,1,Critical
SUB-00000645,CUST-000185,Rodriguez-Johnson,NC-SECURITY,Nexus Cloud Security,1,0.556716994502386,1,High
SUB-00000646,CUST-000185,Rodriguez-Johnson,NC-INTEGRATION,Nexus Integration,1,0.2280598940048284,0,Low
SUB-00000647,CUST-000185,Rodriguez-Johnson,NC-CONTAINER,Nexus Container Platform,1,0.1778782273163728,0,Low
SUB-00000648,CUST-000185,Rodriguez-Johnson,NC-WAREHOUSE,Nexus Data Warehouse,0,0.541669076152719,1,High
SUB-00000649,CUST-000185,Rodriguez-Johnson,NC-STORAGE,Nexus Storage,1,0.5072884045705615,1,High
SUB-00000650,CUST-000186,Johnston-Odonnell,NC-CONTAINER,Nexus Container Platform,1,0.23527304604357285,0,Low
SUB-00000651,CUST-000186,Johnston-Odonnell,NC-ANALYTICS,Nexus Analytics,1,0.8218347877617139,1,Critical
SUB-00000652,CUST-000186,Johnston-Odonnell,NC-INTEGRATION,Nexus Integration,0,0.2050990602703898,0,Low
SUB-00000653,CUST-000186,Johnston-Odonnell,NC-AISEARCH,Nexus AI Search,1,0.8332312341087512,1,Critical
SUB-00000654,CUST-000186,Johnston-Odonnell,NC-SQL,Nexus SQL Database,1,0.21133278835137545,0,Low
SUB-00000655,CUST-000186,Johnston-Odonnell,NC-SECURITY,Nexus Cloud Security,1,0.5178187923477086,1,High
SUB-00000656,CUST-000187,Sanders-Espinoza,NC-AISEARCH,Nexus AI Search,0,0.22872861273660394,0,Low
SUB-00000657,CUST-000187,Sanders-Espinoza,NC-STORAGE,Nexus Storage,1,0.2286446006632376,0,Low
SUB-00000658,CUST-000187,Sanders-Espinoza,NC-AIMODEL,Nexus AI Models,0,0.2268907399812826,0,Low
SUB-00000659,CUST-000187,Sanders-Espinoza,NC-SQL,Nexus SQL Database,0,0.8325371209595791,1,Critical
SUB-00000660,CUST-000187,Sanders-Espinoza,NC-ANALYTICS,Nexus Analytics,1,0.8327154165058511,1,Critical
SUB-00000661,CUST-000187,Sanders-Espinoza,NC-WAREHOUSE,Nexus Data Warehouse,0,0.5340306646063985,1,High
SUB-00000662,CUST-000187,Sanders-Espinoza,NC-CONTAINER,Nexus Container Platform,1,0.8242065163545664,1,Critical
SUB-00000663,CUST-000188,Vargas Ltd,NC-SECURITY,Nexus Cloud Security,1,0.5201270614634107,1,High
SUB-00000664,CUST-000188,Vargas Ltd,NC-SQL,Nexus SQL Database,0,0.19846566300210874,0,Low
SUB-00000665,CUST-000188,Vargas Ltd,NC-WAREHOUSE,Nexus Data Warehouse,1,0.5272907126124369,1,High
SUB-00000666,CUST-000189,Garcia LLC,NC-INTEGRATION,Nexus Integration,0,0.18850857843707497,0,Low
SUB-00000667,CUST-000189,Garcia LLC,NC-CONTAINER,Nexus Container Platform,0,0.4906024563604894,0,Medium
SUB-00000668,CUST-000190,"Burke, Martinez and Riggs",NC-SQL,Nexus SQL Database,0,0.19187544156683378,0,Low
SUB-00000669,CUST-000191,Reed Group,NC-SECURITY,Nexus Cloud Security,0,0.4905907345614973,0,Medium
SUB-00000670,CUST-000191,Reed Group,NC-COMPUTE,Nexus Compute,0,0.48003270460114256,0,Medium
SUB-00000671,CUST-000191,Reed Group,NC-SQL,Nexus SQL Database,0,0.20493890134659257,0,Low
SUB-00000672,CUST-000191,Reed Group,NC-INTEGRATION,Nexus Integration,1,0.49012020738123807,0,Medium
SUB-00000673,CUST-000191,Reed Group,NC-WAREHOUSE,Nexus Data Warehouse,1,0.19825540047085818,0,Low
SUB-00000674,CUST-000191,Reed Group,NC-AISEARCH,Nexus AI Search,1,0.5170759530731747,1,High
SUB-00000675,CUST-000191,Reed Group,NC-AIMODEL,Nexus AI Models,1,0.8127828421655541,1,Critical
SUB-00000676,CUST-000192,"Wood, Hunter and Peterson",NC-ANALYTICS,Nexus Analytics,1,0.8198019439488348,1,Critical
SUB-00000677,CUST-000192,"Wood, Hunter and Peterson",NC-STORAGE,Nexus Storage,1,0.516921650793827,1,High
SUB-00000678,CUST-000192,"Wood, Hunter and Peterson",NC-CONTAINER,Nexus Container Platform,1,0.8177410730603976,1,Critical
SUB-00000679,CUST-000193,Short-Garcia,NC-COMPUTE,Nexus Compute,0,0.5244840673505429,1,High
SUB-00000680,CUST-000193,Short-Garcia,NC-STORAGE,Nexus Storage,1,0.8083525794905014,1,Critical
SUB-00000681,CUST-000193,Short-Garcia,NC-WAREHOUSE,Nexus Data Warehouse,1,0.8225191086006508,1,Critical
SUB-00000682,CUST-000194,Reid-Poole,NC-ANALYTICS,Nexus Analytics,1,0.5417871592400365,1,High
SUB-00000683,CUST-000194,Reid-Poole,NC-SECURITY,Nexus Cloud Security,1,0.5125425108446945,1,High
SUB-00000684,CUST-000195,"Hernandez, Thompson and Boyd",NC-INTEGRATION,Nexus Integration,1,0.8403620048002359,1,Critical
SUB-00000685,CUST-000195,"Hernandez, Thompson and Boyd",NC-SQL,Nexus SQL Database,1,0.8422636879796673,1,Critical
SUB-00000686,CUST-000195,"Hernandez, Thompson and Boyd",NC-COMPUTE,Nexus Compute,1,0.5727898269265815,1,High
SUB-00000687,CUST-000195,"Hernandez, Thompson and Boyd",NC-ANALYTICS,Nexus Analytics,1,0.5490067681581668,1,High
SUB-00000688,CUST-000195,"Hernandez, Thompson and Boyd",NC-STORAGE,Nexus Storage,1,0.5484288490670244,1,High
SUB-00000689,CUST-000196,"Nelson, Morton and Medina",NC-ANALYTICS,Nexus Analytics,1,0.847541095026161,1,Critical
SUB-00000690,CUST-000196,"Nelson, Morton and Medina",NC-AISEARCH,Nexus AI Search,1,0.8535255185541851,1,Critical
SUB-00000691,CUST-000196,"Nelson, Morton and Medina",NC-SQL,Nexus SQL Database,0,0.83580267726846,1,Critical
SUB-00000692,CUST-000196,"Nelson, Morton and Medina",NC-CONTAINER,Nexus Container Platform,1,0.2262925734805701,0,Low
SUB-00000693,CUST-000196,"Nelson, Morton and Medina",NC-AIMODEL,Nexus AI Models,1,0.8485169654816697,1,Critical
SUB-00000694,CUST-000197,Marshall-Petersen,NC-SECURITY,Nexus Cloud Security,1,0.501251443357912,1,High
SUB-00000695,CUST-000198,"Adams, Christian and Rivas",NC-SQL,Nexus SQL Database,1,0.8232553211586792,1,Critical
SUB-00000696,CUST-000198,"Adams, Christian and Rivas",NC-INTEGRATION,Nexus Integration,0,0.5471928287362114,1,High
SUB-00000697,CUST-000198,"Adams, Christian and Rivas",NC-WAREHOUSE,Nexus Data Warehouse,1,0.8281070467421543,1,Critical
SUB-00000698,CUST-000198,"Adams, Christian and Rivas",NC-SECURITY,Nexus Cloud Security,0,0.5298539602039591,1,High
SUB-00000699,CUST-000198,"Adams, Christian and Rivas",NC-STORAGE,Nexus Storage,1,0.8225099573430849,1,Critical
SUB-00000700,CUST-000199,Ramirez Group,NC-CONTAINER,Nexus Container Platform,1,0.8063918537066224,1,Critical
SUB-00000701,CUST-000199,Ramirez Group,NC-SQL,Nexus SQL Database,0,0.18396333031484377,0,Low
SUB-00000702,CUST-000199,Ramirez Group,NC-COMPUTE,Nexus Compute,0,0.1868332466762215,0,Low
SUB-00000703,CUST-000200,Christensen PLC,NC-CONTAINER,Nexus Container Platform,1,0.5015467639274612,1,High
SUB-00000704,CUST-000200,Christensen PLC,NC-ANALYTICS,Nexus Analytics,0,0.19973346889297922,0,Low
SUB-00000705,CUST-000200,Christensen PLC,NC-WAREHOUSE,Nexus Data Warehouse,1,0.18470113058469162,0,Low
SUB-00000706,CUST-000200,Christensen PLC,NC-STORAGE,Nexus Storage,1,0.800235378587147,1,Critical
SUB-00000707,CUST-000200,Christensen PLC,NC-INTEGRATION,Nexus Integration,0,0.5116369309927808,1,High
SUB-00000708,CUST-000201,"Barnett, Rogers and Snyder",NC-WAREHOUSE,Nexus Data Warehouse,1,0.7955232195524395,1,Critical
SUB-00000709,CUST-000201,"Barnett, Rogers and Snyder",NC-SECURITY,Nexus Cloud Security,0,0.19313282793262762,0,Low
SUB-00000710,CUST-000201,"Barnett, Rogers and Snyder",NC-SQL,Nexus SQL Database,0,0.5047330677205693,1,High
SUB-00000711,CUST-000201,"Barnett, Rogers and Snyder",NC-STORAGE,Nexus Storage,1,0.5054907960933436,1,High
SUB-00000712,CUST-000201,"Barnett, Rogers and Snyder",NC-COMPUTE,Nexus Compute,0,0.4837262741575947,0,Medium
SUB-00000713,CUST-000202,White-Lewis,NC-COMPUTE,Nexus Compute,1,0.8085837414985859,1,Critical
SUB-00000714,CUST-000203,Peterson-Beard,NC-WAREHOUSE,Nexus Data Warehouse,1,0.5189842839891142,1,High
SUB-00000715,CUST-000203,Peterson-Beard,NC-SECURITY,Nexus Cloud Security,1,0.8138024423425847,1,Critical
SUB-00000716,CUST-000204,"Beard, Peters and Black",NC-SQL,Nexus SQL Database,1,0.8061210999767988,1,Critical
SUB-00000717,CUST-000204,"Beard, Peters and Black",NC-ANALYTICS,Nexus Analytics,1,0.8100847580992979,1,Critical
SUB-00000718,CUST-000204,"Beard, Peters and Black",NC-CONTAINER,Nexus Container Platform,0,0.8078603871002238,1,Critical
SUB-00000719,CUST-000205,Miller Ltd,NC-SQL,Nexus SQL Database,1,0.8293204232965236,1,Critical
SUB-00000720,CUST-000205,Miller Ltd,NC-STORAGE,Nexus Storage,0,0.20448415428034816,0,Low
SUB-00000721,CUST-000205,Miller Ltd,NC-INTEGRATION,Nexus Integration,1,0.5153007184211454,1,High
SUB-00000722,CUST-000205,Miller Ltd,NC-WAREHOUSE,Nexus Data Warehouse,1,0.5268389205769813,1,High
SUB-00000723,CUST-000205,Miller Ltd,NC-COMPUTE,Nexus Compute,1,0.8146702966452142,1,Critical
SUB-00000724,CUST-000206,Freeman-Chang,NC-ANALYTICS,Nexus Analytics,0,0.5510635066203127,1,High
SUB-00000725,CUST-000206,Freeman-Chang,NC-WAREHOUSE,Nexus Data Warehouse,1,0.8244687717833111,1,Critical
SUB-00000726,CUST-000207,"Alvarez, Joseph and West",NC-INTEGRATION,Nexus Integration,1,0.5721483472907086,1,High
SUB-00000727,CUST-000207,"Alvarez, Joseph and West",NC-SQL,Nexus SQL Database,1,0.8841612178724642,1,Critical
SUB-00000728,CUST-000207,"Alvarez, Joseph and West",NC-CONTAINER,Nexus Container Platform,1,0.5153192113141697,1,High
SUB-00000729,CUST-000207,"Alvarez, Joseph and West",NC-COMPUTE,Nexus Compute,1,0.6131678127358688,1,High
SUB-00000730,CUST-000207,"Alvarez, Joseph and West",NC-WAREHOUSE,Nexus Data Warehouse,1,0.8239126645649594,1,Critical
SUB-00000731,CUST-000208,Davis and Sons,NC-ANALYTICS,Nexus Analytics,1,0.539525324629511,1,High
SUB-00000732,CUST-000208,Davis and Sons,NC-INTEGRATION,Nexus Integration,0,0.20355367776715835,0,Low
SUB-00000733,CUST-000209,Holt-Torres,NC-STORAGE,Nexus Storage,1,0.4847013821342985,0,Medium
SUB-00000734,CUST-000209,Holt-Torres,NC-COMPUTE,Nexus Compute,1,0.48834439842542865,0,Medium
SUB-00000735,CUST-000209,Holt-Torres,NC-CONTAINER,Nexus Container Platform,1,0.7931604376432787,1,Critical
SUB-00000736,CUST-000209,Holt-Torres,NC-AIMODEL,Nexus AI Models,0,0.20257945994788235,0,Low
SUB-00000737,CUST-000209,Holt-Torres,NC-SQL,Nexus SQL Database,1,0.18855047307204148,0,Low
SUB-00000738,CUST-000210,"Wood, Tran and Cooper",NC-COMPUTE,Nexus Compute,0,0.5212720841950507,1,High
SUB-00000739,CUST-000210,"Wood, Tran and Cooper",NC-WAREHOUSE,Nexus Data Warehouse,0,0.49888373555750987,0,Medium
SUB-00000740,CUST-000210,"Wood, Tran and Cooper",NC-ANALYTICS,Nexus Analytics,1,0.19460861327733728,0,Low
SUB-00000741,CUST-000210,"Wood, Tran and Cooper",NC-CONTAINER,Nexus Container Platform,0,0.8148467674425921,1,Critical
SUB-00000742,CUST-000210,"Wood, Tran and Cooper",NC-INTEGRATION,Nexus Integration,0,0.19458958107292793,0,Low
SUB-00000743,CUST-000210,"Wood, Tran and Cooper",NC-SQL,Nexus SQL Database,0,0.5154013076830842,1,High
SUB-00000744,CUST-000211,"Pierce, Bell and Chavez",NC-AISEARCH,Nexus AI Search,1,0.5488773774057334,1,High
SUB-00000745,CUST-000211,"Pierce, Bell and Chavez",NC-SECURITY,Nexus Cloud Security,0,0.5064208937218181,1,High
SUB-00000746,CUST-000211,"Pierce, Bell and Chavez",NC-CONTAINER,Nexus Container Platform,1,0.2051026415784085,0,Low
SUB-00000747,CUST-000212,King-Martinez,NC-SQL,Nexus SQL Database,1,0.5335527092660279,1,High
SUB-00000748,CUST-000212,King-Martinez,NC-STORAGE,Nexus Storage,0,0.2115043041936387,0,Low
SUB-00000749,CUST-000213,Stewart Ltd,NC-CONTAINER,Nexus Container Platform,0,0.8341055849371386,1,Critical
SUB-00000750,CUST-000213,Stewart Ltd,NC-SQL,Nexus SQL Database,0,0.2140939609936752,0,Low
SUB-00000751,CUST-000213,Stewart Ltd,NC-STORAGE,Nexus Storage,1,0.8342932877948525,1,Critical
SUB-00000752,CUST-000214,"Tapia, Vaughn and Lee",NC-COMPUTE,Nexus Compute,1,0.5265265393016243,1,High
SUB-00000753,CUST-000214,"Tapia, Vaughn and Lee",NC-CONTAINER,Nexus Container Platform,0,0.22571588976442133,0,Low
SUB-00000754,CUST-000214,"Tapia, Vaughn and Lee",NC-ANALYTICS,Nexus Analytics,1,0.8299368856998417,1,Critical
SUB-00000755,CUST-000214,"Tapia, Vaughn and Lee",NC-SQL,Nexus SQL Database,1,0.21513098439327297,0,Low
SUB-00000756,CUST-000215,"Washington, Hardy and Bray",NC-WAREHOUSE,Nexus Data Warehouse,0,0.18210673915412395,0,Low
SUB-00000757,CUST-000215,"Washington, Hardy and Bray",NC-CONTAINER,Nexus Container Platform,1,0.49125128401141466,0,Medium
SUB-00000758,CUST-000216,"Carlson, Hooper and Wall",NC-WAREHOUSE,Nexus Data Warehouse,1,0.5684077029970441,1,High
SUB-00000759,CUST-000216,"Carlson, Hooper and Wall",NC-INTEGRATION,Nexus Integration,1,0.833750731046182,1,Critical
SUB-00000760,CUST-000216,"Carlson, Hooper and Wall",NC-COMPUTE,Nexus Compute,1,0.8241988977530221,1,Critical
SUB-00000761,CUST-000216,"Carlson, Hooper and Wall",NC-CONTAINER,Nexus Container Platform,1,0.2324552913689488,0,Low
SUB-00000762,CUST-000217,Perez-White,NC-COMPUTE,Nexus Compute,0,0.18602567520613744,0,Low
SUB-00000763,CUST-000217,Perez-White,NC-WAREHOUSE,Nexus Data Warehouse,1,0.8125421683683621,1,Critical
SUB-00000764,CUST-000218,Erickson and Sons,NC-SECURITY,Nexus Cloud Security,1,0.2155510958025721,0,Low
SUB-00000765,CUST-000218,Erickson and Sons,NC-ANALYTICS,Nexus Analytics,1,0.5258714447079413,1,High
SUB-00000766,CUST-000218,Erickson and Sons,NC-STORAGE,Nexus Storage,1,0.2082671758728287,0,Low
SUB-00000767,CUST-000219,Williams-Brown,NC-AISEARCH,Nexus AI Search,1,0.1977233169989458,0,Low
SUB-00000768,CUST-000219,Williams-Brown,NC-CONTAINER,Nexus Container Platform,1,0.8063030670407006,1,Critical
SUB-00000769,CUST-000220,Terry-Martinez,NC-COMPUTE,Nexus Compute,1,0.5405622813043092,1,High
SUB-00000770,CUST-000220,Terry-Martinez,NC-STORAGE,Nexus Storage,1,0.22454285996007584,0,Low
SUB-00000771,CUST-000220,Terry-Martinez,NC-ANALYTICS,Nexus Analytics,1,0.22592289267443194,0,Low
SUB-00000772,CUST-000220,Terry-Martinez,NC-INTEGRATION,Nexus Integration,0,0.5597046419300592,1,High
SUB-00000773,CUST-000220,Terry-Martinez,NC-AIMODEL,Nexus AI Models,0,0.8510386395753397,1,Critical
SUB-00000774,CUST-000221,Garcia-Smith,NC-SQL,Nexus SQL Database,1,0.8357143811029288,1,Critical
SUB-00000775,CUST-000221,Garcia-Smith,NC-ANALYTICS,Nexus Analytics,1,0.5634019075250007,1,High
SUB-00000776,CUST-000221,Garcia-Smith,NC-CONTAINER,Nexus Container Platform,0,0.21870339600611413,0,Low
SUB-00000777,CUST-000221,Garcia-Smith,NC-WAREHOUSE,Nexus Data Warehouse,1,0.8321247164501323,1,Critical
SUB-00000778,CUST-000222,Harrison-Alexander,NC-CONTAINER,Nexus Container Platform,0,0.2199116246554972,0,Low
SUB-00000779,CUST-000222,Harrison-Alexander,NC-STORAGE,Nexus Storage,1,0.21985408869977377,0,Low
SUB-00000780,CUST-000222,Harrison-Alexander,NC-ANALYTICS,Nexus Analytics,1,0.8310826104706526,1,Critical
SUB-00000781,CUST-000223,Sheppard LLC,NC-SQL,Nexus SQL Database,1,0.20067546716191104,0,Low
SUB-00000782,CUST-000223,Sheppard LLC,NC-INTEGRATION,Nexus Integration,1,0.8011473271727758,1,Critical
SUB-00000783,CUST-000223,Sheppard LLC,NC-STORAGE,Nexus Storage,0,0.1897112002398255,0,Low
SUB-00000784,CUST-000224,Wilson-Jones,NC-INTEGRATION,Nexus Integration,0,0.18466569702627686,0,Low
SUB-00000785,CUST-000224,Wilson-Jones,NC-COMPUTE,Nexus Compute,0,0.48618281153840404,0,Medium
SUB-00000786,CUST-000224,Wilson-Jones,NC-STORAGE,Nexus Storage,0,0.48485020762511355,0,Medium
SUB-00000787,CUST-000224,Wilson-Jones,NC-SQL,Nexus SQL Database,1,0.48886194264111327,0,Medium
SUB-00000788,CUST-000224,Wilson-Jones,NC-ANALYTICS,Nexus Analytics,0,0.1751256162419834,0,Low
SUB-00000789,CUST-000225,Jones-Soto,NC-WAREHOUSE,Nexus Data Warehouse,1,0.5105098247016168,1,High
SUB-00000790,CUST-000225,Jones-Soto,NC-SECURITY,Nexus Cloud Security,1,0.484089588523375,0,Medium
SUB-00000791,CUST-000226,Hernandez PLC,NC-CONTAINER,Nexus Container Platform,0,0.18460662905671452,0,Low
SUB-00000792,CUST-000226,Hernandez PLC,NC-SECURITY,Nexus Cloud Security,1,0.17965347978479634,0,Low
SUB-00000793,CUST-000226,Hernandez PLC,NC-AIMODEL,Nexus AI Models,1,0.5008354843814999,1,High
SUB-00000794,CUST-000226,Hernandez PLC,NC-ANALYTICS,Nexus Analytics,1,0.5204516312099869,1,High
SUB-00000795,CUST-000226,Hernandez PLC,NC-COMPUTE,Nexus Compute,0,0.19996359767444213,0,Low
SUB-00000796,CUST-000226,Hernandez PLC,NC-STORAGE,Nexus Storage,0,0.5074031340959987,1,High
SUB-00000797,CUST-000226,Hernandez PLC,NC-SQL,Nexus SQL Database,0,0.47810347293657685,0,Medium
SUB-00000798,CUST-000227,Miller-Wright,NC-AIMODEL,Nexus AI Models,1,0.8421950622955754,1,Critical
SUB-00000799,CUST-000227,Miller-Wright,NC-CONTAINER,Nexus Container Platform,1,0.7410699783382855,1,High
SUB-00000800,CUST-000227,Miller-Wright,NC-SQL,Nexus SQL Database,0,0.22401665830399997,0,Low
SUB-00000801,CUST-000227,Miller-Wright,NC-COMPUTE,Nexus Compute,1,0.17737638497945932,0,Low
SUB-00000802,CUST-000227,Miller-Wright,NC-INTEGRATION,Nexus Integration,1,0.8293649801213661,1,Critical
SUB-00000803,CUST-000227,Miller-Wright,NC-ANALYTICS,Nexus Analytics,1,0.8103101173388418,1,Critical
SUB-00000804,CUST-000228,"Duran, Obrien and Gibbs",NC-ANALYTICS,Nexus Analytics,0,0.22831928179285213,0,Low
SUB-00000805,CUST-000228,"Duran, Obrien and Gibbs",NC-STORAGE,Nexus Storage,0,0.22588923870817293,0,Low
SUB-00000806,CUST-000229,Rowe Group,NC-ANALYTICS,Nexus Analytics,1,0.5078696251174104,1,High
SUB-00000807,CUST-000230,Kerr-Evans,NC-CONTAINER,Nexus Container Platform,0,0.20820247158311034,0,Low
SUB-00000808,CUST-000230,Kerr-Evans,NC-WAREHOUSE,Nexus Data Warehouse,1,0.8079129238601241,1,Critical
SUB-00000809,CUST-000230,Kerr-Evans,NC-SECURITY,Nexus Cloud Security,0,0.5353489080239199,1,High
SUB-00000810,CUST-000230,Kerr-Evans,NC-COMPUTE,Nexus Compute,1,0.5111376369658142,1,High
SUB-00000811,CUST-000230,Kerr-Evans,NC-SQL,Nexus SQL Database,1,0.8083618021770931,1,Critical
SUB-00000812,CUST-000230,Kerr-Evans,NC-INTEGRATION,Nexus Integration,1,0.8136511242286697,1,Critical
SUB-00000813,CUST-000231,"Branch, Torres and Oliver",NC-ANALYTICS,Nexus Analytics,1,0.8212409947475633,1,Critical
SUB-00000814,CUST-000231,"Branch, Torres and Oliver",NC-CONTAINER,Nexus Container Platform,0,0.20620244430970938,0,Low
SUB-00000815,CUST-000231,"Branch, Torres and Oliver",NC-WAREHOUSE,Nexus Data Warehouse,1,0.201808601811166,0,Low
SUB-00000816,CUST-000231,"Branch, Torres and Oliver",NC-COMPUTE,Nexus Compute,1,0.8047017783049577,1,Critical
SUB-00000817,CUST-000231,"Branch, Torres and Oliver",NC-SECURITY,Nexus Cloud Security,1,0.4954153677718318,0,Medium
SUB-00000818,CUST-000231,"Branch, Torres and Oliver",NC-INTEGRATION,Nexus Integration,0,0.5239604011620154,1,High
SUB-00000819,CUST-000231,"Branch, Torres and Oliver",NC-STORAGE,Nexus Storage,1,0.8036374233013445,1,Critical
SUB-00000820,CUST-000232,"Choi, Garcia and Farmer",NC-COMPUTE,Nexus Compute,0,0.2036959717129318,0,Low
SUB-00000821,CUST-000233,"Clark, Guerrero and Moore",NC-ANALYTICS,Nexus Analytics,1,0.8518696119763162,1,Critical
SUB-00000822,CUST-000233,"Clark, Guerrero and Moore",NC-COMPUTE,Nexus Compute,1,0.8428719090755019,1,Critical
SUB-00000823,CUST-000234,Arnold and Sons,NC-ANALYTICS,Nexus Analytics,0,0.20624197021052496,0,Low
SUB-00000824,CUST-000235,Ortiz Ltd,NC-ANALYTICS,Nexus Analytics,0,0.20707066554569725,0,Low
SUB-00000825,CUST-000236,"Harrison, Johnson and Roberts",NC-STORAGE,Nexus Storage,0,0.4773631116969015,0,Medium
SUB-00000826,CUST-000237,Warner-Gibson,NC-WAREHOUSE,Nexus Data Warehouse,1,0.4898095208462687,0,Medium
SUB-00000827,CUST-000238,"Hall, Baker and Moody",NC-WAREHOUSE,Nexus Data Warehouse,1,0.8205196873911563,1,Critical
SUB-00000828,CUST-000238,"Hall, Baker and Moody",NC-SECURITY,Nexus Cloud Security,0,0.19194042541453799,0,Low
SUB-00000829,CUST-000239,"Guerrero, Peck and Coleman",NC-ANALYTICS,Nexus Analytics,0,0.19403943764858803,0,Low
SUB-00000830,CUST-000239,"Guerrero, Peck and Coleman",NC-CONTAINER,Nexus Container Platform,0,0.49613811647585565,0,Medium
SUB-00000831,CUST-000239,"Guerrero, Peck and Coleman",NC-SECURITY,Nexus Cloud Security,0,0.5143413144029434,1,High
SUB-00000832,CUST-000240,"Walker, Hernandez and Baker",NC-WAREHOUSE,Nexus Data Warehouse,0,0.25407291976136537,0,Medium
SUB-00000833,CUST-000240,"Walker, Hernandez and Baker",NC-CONTAINER,Nexus Container Platform,1,0.8431114564407162,1,Critical
SUB-00000834,CUST-000240,"Walker, Hernandez and Baker",NC-STORAGE,Nexus Storage,0,0.5627430334356264,1,High
SUB-00000835,CUST-000240,"Walker, Hernandez and Baker",NC-ANALYTICS,Nexus Analytics,0,0.2514182639594235,0,Medium
SUB-00000836,CUST-000240,"Walker, Hernandez and Baker",NC-SQL,Nexus SQL Database,1,0.8428481093713344,1,Critical
SUB-00000837,CUST-000240,"Walker, Hernandez and Baker",NC-INTEGRATION,Nexus Integration,1,0.8391027800957928,1,Critical
SUB-00000838,CUST-000240,"Walker, Hernandez and Baker",NC-SECURITY,Nexus Cloud Security,0,0.5479964894391818,1,High
SUB-00000839,CUST-000241,Jones and Sons,NC-STORAGE,Nexus Storage,1,0.2409672487596492,0,Low
SUB-00000840,CUST-000242,Larson-Holloway,NC-COMPUTE,Nexus Compute,0,0.5213375441456277,1,High
SUB-00000841,CUST-000242,Larson-Holloway,NC-SQL,Nexus SQL Database,1,0.8303977058151616,1,Critical
SUB-00000842,CUST-000242,Larson-Holloway,NC-STORAGE,Nexus Storage,1,0.8265962077999218,1,Critical
SUB-00000843,CUST-000243,Gonzales-Harrison,NC-CONTAINER,Nexus Container Platform,0,0.5032016557229105,1,High
SUB-00000844,CUST-000243,Gonzales-Harrison,NC-ANALYTICS,Nexus Analytics,0,0.4828814000267473,0,Medium
SUB-00000845,CUST-000243,Gonzales-Harrison,NC-COMPUTE,Nexus Compute,0,0.7971661842554572,1,Critical
SUB-00000846,CUST-000243,Gonzales-Harrison,NC-SECURITY,Nexus Cloud Security,0,0.7918936951762218,1,Critical
SUB-00000847,CUST-000244,Lyons-Bender,NC-INTEGRATION,Nexus Integration,1,0.7748252237031488,1,Critical
SUB-00000848,CUST-000244,Lyons-Bender,NC-COMPUTE,Nexus Compute,1,0.7798153599050395,1,Critical
SUB-00000849,CUST-000244,Lyons-Bender,NC-STORAGE,Nexus Storage,0,0.1663233061348802,0,Low
SUB-00000850,CUST-000245,"Fernandez, Kim and George",NC-STORAGE,Nexus Storage,1,0.8063263780686213,1,Critical
SUB-00000851,CUST-000245,"Fernandez, Kim and George",NC-COMPUTE,Nexus Compute,1,0.7930888128342044,1,Critical
SUB-00000852,CUST-000246,Navarro-Munoz,NC-SQL,Nexus SQL Database,0,0.5038636522123902,1,High
SUB-00000853,CUST-000246,Navarro-Munoz,NC-ANALYTICS,Nexus Analytics,1,0.19222615392963852,0,Low
SUB-00000854,CUST-000247,Davis Ltd,NC-COMPUTE,Nexus Compute,0,0.5232450354164578,1,High
SUB-00000855,CUST-000247,Davis Ltd,NC-CONTAINER,Nexus Container Platform,0,0.18158748402736435,0,Low
SUB-00000856,CUST-000247,Davis Ltd,NC-SECURITY,Nexus Cloud Security,1,0.548146512515483,1,High
SUB-00000857,CUST-000247,Davis Ltd,NC-INTEGRATION,Nexus Integration,0,0.17879636787205572,0,Low
SUB-00000858,CUST-000247,Davis Ltd,NC-STORAGE,Nexus Storage,1,0.5446388607230347,1,High
SUB-00000859,CUST-000248,"Matthews, Smith and Hubbard",NC-SECURITY,Nexus Cloud Security,1,0.7924280590183607,1,Critical
SUB-00000860,CUST-000248,"Matthews, Smith and Hubbard",NC-CONTAINER,Nexus Container Platform,0,0.48311257781257405,0,Medium
SUB-00000861,CUST-000248,"Matthews, Smith and Hubbard",NC-SQL,Nexus SQL Database,0,0.47834019163494984,0,Medium
SUB-00000862,CUST-000248,"Matthews, Smith and Hubbard",NC-ANALYTICS,Nexus Analytics,1,0.48324345232837684,0,Medium
SUB-00000863,CUST-000249,Johnston-Hines,NC-SECURITY,Nexus Cloud Security,1,0.5049084260853756,1,High
SUB-00000864,CUST-000249,Johnston-Hines,NC-INTEGRATION,Nexus Integration,1,0.7887791957634593,1,Critical
SUB-00000865,CUST-000249,Johnston-Hines,NC-COMPUTE,Nexus Compute,1,0.5043055183222834,1,High
SUB-00000866,CUST-000249,Johnston-Hines,NC-STORAGE,Nexus Storage,0,0.7906948065587528,1,Critical
SUB-00000867,CUST-000250,Ruiz Ltd,NC-WAREHOUSE,Nexus Data Warehouse,0,0.5321492378517826,1,High
SUB-00000868,CUST-000250,Ruiz Ltd,NC-STORAGE,Nexus Storage,1,0.6179123411303635,1,High
SUB-00000869,CUST-000250,Ruiz Ltd,NC-SECURITY,Nexus Cloud Security,0,0.5076494548710704,1,High
SUB-00000870,CUST-000250,Ruiz Ltd,NC-SQL,Nexus SQL Database,0,0.2494494710170669,0,Low
SUB-00000871,CUST-000250,Ruiz Ltd,NC-ANALYTICS,Nexus Analytics,0,0.22643792230830795,0,Low
SUB-00000872,CUST-000251,Moon-White,NC-ANALYTICS,Nexus Analytics,1,0.5487617728008579,1,High
SUB-00000873,CUST-000251,Moon-White,NC-WAREHOUSE,Nexus Data Warehouse,1,0.5686171361246801,1,High
SUB-00000874,CUST-000252,"Graham, Olsen and Costa",NC-ANALYTICS,Nexus Analytics,1,0.8461602295486458,1,Critical
SUB-00000875,CUST-000252,"Graham, Olsen and Costa",NC-COMPUTE,Nexus Compute,1,0.5675742865269605,1,High
SUB-00000876,CUST-000252,"Graham, Olsen and Costa",NC-SQL,Nexus SQL Database,0,0.21299121680106112,0,Low
SUB-00000877,CUST-000252,"Graham, Olsen and Costa",NC-STORAGE,Nexus Storage,0,0.23468275395834545,0,Low
SUB-00000878,CUST-000252,"Graham, Olsen and Costa",NC-AISEARCH,Nexus AI Search,1,0.5514077054215681,1,High
SUB-00000879,CUST-000252,"Graham, Olsen and Costa",NC-WAREHOUSE,Nexus Data Warehouse,0,0.517298268023185,1,High
SUB-00000880,CUST-000252,"Graham, Olsen and Costa",NC-AIMODEL,Nexus AI Models,0,0.2638569279580226,0,Medium
SUB-00000881,CUST-000253,Bailey-Cook,NC-CONTAINER,Nexus Container Platform,1,0.8344602367020999,1,Critical
SUB-00000882,CUST-000253,Bailey-Cook,NC-AISEARCH,Nexus AI Search,1,0.8350244331310316,1,Critical
SUB-00000883,CUST-000253,Bailey-Cook,NC-SQL,Nexus SQL Database,0,0.21421330718302634,0,Low
SUB-00000884,CUST-000254,"Garcia, Martin and Jenkins",NC-SQL,Nexus SQL Database,0,0.527659931079167,1,High
SUB-00000885,CUST-000254,"Garcia, Martin and Jenkins",NC-COMPUTE,Nexus Compute,0,0.5037434271777511,1,High
SUB-00000886,CUST-000254,"Garcia, Martin and Jenkins",NC-ANALYTICS,Nexus Analytics,0,0.8228424385853347,1,Critical
SUB-00000887,CUST-000255,Roberts-Landry,NC-SECURITY,Nexus Cloud Security,1,0.8481790095135178,1,Critical
SUB-00000888,CUST-000255,Roberts-Landry,NC-STORAGE,Nexus Storage,1,0.8388636666280245,1,Critical
SUB-00000889,CUST-000255,Roberts-Landry,NC-CONTAINER,Nexus Container Platform,1,0.5553629809416893,1,High
SUB-00000890,CUST-000255,Roberts-Landry,NC-ANALYTICS,Nexus Analytics,1,0.8517453253975398,1,Critical
SUB-00000891,CUST-000255,Roberts-Landry,NC-INTEGRATION,Nexus Integration,1,0.5773359323321,1,High
SUB-00000892,CUST-000256,"Johnson, Miller and King",NC-SECURITY,Nexus Cloud Security,0,0.18694130230064201,0,Low
SUB-00000893,CUST-000256,"Johnson, Miller and King",NC-STORAGE,Nexus Storage,1,0.4703512339744902,0,Medium
SUB-00000894,CUST-000256,"Johnson, Miller and King",NC-ANALYTICS,Nexus Analytics,0,0.19051392088391167,0,Low
SUB-00000895,CUST-000257,Cordova Group,NC-SQL,Nexus SQL Database,1,0.1957032430127292,0,Low
SUB-00000896,CUST-000257,Cordova Group,NC-INTEGRATION,Nexus Integration,0,0.5179443112904091,1,High
SUB-00000897,CUST-000257,Cordova Group,NC-SECURITY,Nexus Cloud Security,0,0.21371289648822972,0,Low
SUB-00000898,CUST-000257,Cordova Group,NC-COMPUTE,Nexus Compute,0,0.20758442985809022,0,Low
SUB-00000899,CUST-000257,Cordova Group,NC-WAREHOUSE,Nexus Data Warehouse,1,0.17811594834365094,0,Low
SUB-00000900,CUST-000257,Cordova Group,NC-ANALYTICS,Nexus Analytics,0,0.20540114782727653,0,Low
SUB-00000901,CUST-000257,Cordova Group,NC-CONTAINER,Nexus Container Platform,0,0.4854715352615528,0,Medium
SUB-00000902,CUST-000257,Cordova Group,NC-STORAGE,Nexus Storage,1,0.4906635886872763,0,Medium
SUB-00000903,CUST-000258,"Bryan, Smith and Booth",NC-WAREHOUSE,Nexus Data Warehouse,0,0.2355996935451398,0,Low
SUB-00000904,CUST-000258,"Bryan, Smith and Booth",NC-SECURITY,Nexus Cloud Security,0,0.8365266105019814,1,Critical
SUB-00000905,CUST-000258,"Bryan, Smith and Booth",NC-SQL,Nexus SQL Database,0,0.23398558112475604,0,Low
SUB-00000906,CUST-000259,Gutierrez-Lopez,NC-SECURITY,Nexus Cloud Security,0,0.17370437426509044,0,Low
SUB-00000907,CUST-000259,Gutierrez-Lopez,NC-SQL,Nexus SQL Database,0,0.8098626561512334,1,Critical
SUB-00000908,CUST-000259,Gutierrez-Lopez,NC-CONTAINER,Nexus Container Platform,0,0.811521107227715,1,Critical
SUB-00000909,CUST-000259,Gutierrez-Lopez,NC-STORAGE,Nexus Storage,0,0.49838055201022413,0,Medium
SUB-00000910,CUST-000259,Gutierrez-Lopez,NC-AIMODEL,Nexus AI Models,0,0.21615211427910286,0,Low
SUB-00000911,CUST-000259,Gutierrez-Lopez,NC-AISEARCH,Nexus AI Search,1,0.21061303308087578,0,Low
SUB-00000912,CUST-000260,Dean-Jimenez,NC-CONTAINER,Nexus Container Platform,0,0.17799076973280864,0,Low
SUB-00000913,CUST-000260,Dean-Jimenez,NC-COMPUTE,Nexus Compute,1,0.7888576072928284,1,Critical
SUB-00000914,CUST-000261,Wolf-Harris,NC-SQL,Nexus SQL Database,0,0.22810389887582722,0,Low
SUB-00000915,CUST-000261,Wolf-Harris,NC-STORAGE,Nexus Storage,1,0.8379117674030557,1,Critical
SUB-00000916,CUST-000262,"Anderson, Roberts and Gilmore",NC-ANALYTICS,Nexus Analytics,0,0.5142781251716911,1,High
SUB-00000917,CUST-000262,"Anderson, Roberts and Gilmore",NC-SQL,Nexus SQL Database,0,0.5074631682831913,1,High
SUB-00000918,CUST-000263,Martinez-Dudley,NC-SECURITY,Nexus Cloud Security,0,0.8018479979820455,1,Critical
SUB-00000919,CUST-000264,"Lloyd, Mckinney and Collins",NC-CONTAINER,Nexus Container Platform,0,0.7972850487179223,1,Critical
SUB-00000920,CUST-000264,"Lloyd, Mckinney and Collins",NC-INTEGRATION,Nexus Integration,1,0.7971824045044694,1,Critical
SUB-00000921,CUST-000265,Tran Inc,NC-SECURITY,Nexus Cloud Security,0,0.531069790787564,1,High
SUB-00000922,CUST-000265,Tran Inc,NC-COMPUTE,Nexus Compute,0,0.2166009024043427,0,Low
SUB-00000923,CUST-000266,Gay Inc,NC-AISEARCH,Nexus AI Search,1,0.1593212449142874,0,Low
SUB-00000924,CUST-000266,Gay Inc,NC-ANALYTICS,Nexus Analytics,0,0.19461064392563818,0,Low
SUB-00000925,CUST-000266,Gay Inc,NC-COMPUTE,Nexus Compute,1,0.7927644143199849,1,Critical
SUB-00000926,CUST-000266,Gay Inc,NC-INTEGRATION,Nexus Integration,0,0.5545489729669844,1,High
SUB-00000927,CUST-000266,Gay Inc,NC-CONTAINER,Nexus Container Platform,1,0.4981190365619555,0,Medium
SUB-00000928,CUST-000266,Gay Inc,NC-WAREHOUSE,Nexus Data Warehouse,0,0.2308714419544713,0,Low
SUB-00000929,CUST-000267,Valentine-Holland,NC-ANALYTICS,Nexus Analytics,1,0.5501908759108646,1,High
SUB-00000930,CUST-000267,Valentine-Holland,NC-STORAGE,Nexus Storage,0,0.5451177399135007,1,High
SUB-00000931,CUST-000267,Valentine-Holland,NC-SECURITY,Nexus Cloud Security,0,0.8319288421813519,1,Critical
SUB-00000932,CUST-000267,Valentine-Holland,NC-SQL,Nexus SQL Database,1,0.5625870433480075,1,High
SUB-00000933,CUST-000268,Jimenez Ltd,NC-SQL,Nexus SQL Database,0,0.506950769589419,1,High
SUB-00000934,CUST-000268,Jimenez Ltd,NC-ANALYTICS,Nexus Analytics,1,0.5066835494815931,1,High
SUB-00000935,CUST-000269,Hicks-Hill,NC-ANALYTICS,Nexus Analytics,0,0.8363204771384521,1,Critical
SUB-00000936,CUST-000270,Baird-Sanchez,NC-SQL,Nexus SQL Database,0,0.22614895007778835,0,Low
SUB-00000937,CUST-000270,Baird-Sanchez,NC-COMPUTE,Nexus Compute,0,0.5356361109675692,1,High
SUB-00000938,CUST-000270,Baird-Sanchez,NC-STORAGE,Nexus Storage,0,0.2332649290982177,0,Low
SUB-00000939,CUST-000270,Baird-Sanchez,NC-CONTAINER,Nexus Container Platform,1,0.22438967029859805,0,Low
SUB-00000940,CUST-000271,"Thomas, Lee and Greene",NC-CONTAINER,Nexus Container Platform,0,0.466304658323588,0,Medium
SUB-00000941,CUST-000271,"Thomas, Lee and Greene",NC-SECURITY,Nexus Cloud Security,0,0.23080931030993124,0,Low
SUB-00000942,CUST-000271,"Thomas, Lee and Greene",NC-AIMODEL,Nexus AI Models,1,0.8137386045310729,1,Critical
SUB-00000943,CUST-000271,"Thomas, Lee and Greene",NC-COMPUTE,Nexus Compute,1,0.5085441333660259,1,High
SUB-00000944,CUST-000271,"Thomas, Lee and Greene",NC-ANALYTICS,Nexus Analytics,0,0.1917913475192084,0,Low
SUB-00000945,CUST-000271,"Thomas, Lee and Greene",NC-WAREHOUSE,Nexus Data Warehouse,0,0.8236205582214624,1,Critical
SUB-00000946,CUST-000271,"Thomas, Lee and Greene",NC-STORAGE,Nexus Storage,0,0.5810046416592208,1,High
SUB-00000947,CUST-000272,"Suarez, Shields and Hill",NC-SECURITY,Nexus Cloud Security,1,0.832333692941172,1,Critical
SUB-00000948,CUST-000272,"Suarez, Shields and Hill",NC-WAREHOUSE,Nexus Data Warehouse,0,0.5383112356792412,1,High
SUB-00000949,CUST-000273,Morgan-French,NC-SQL,Nexus SQL Database,1,0.8415527106826355,1,Critical
SUB-00000950,CUST-000273,Morgan-French,NC-STORAGE,Nexus Storage,0,0.22024902508636074,0,Low
SUB-00000951,CUST-000274,Hoover-Campbell,NC-COMPUTE,Nexus Compute,0,0.19824214595390244,0,Low
SUB-00000952,CUST-000274,Hoover-Campbell,NC-ANALYTICS,Nexus Analytics,1,0.49684206341275616,0,Medium
SUB-00000953,CUST-000275,Monroe-Carpenter,NC-COMPUTE,Nexus Compute,1,0.7866904436558269,1,Critical
SUB-00000954,CUST-000275,Monroe-Carpenter,NC-CONTAINER,Nexus Container Platform,0,0.17257594260143103,0,Low
SUB-00000955,CUST-000276,"Burns, Hernandez and Ryan",NC-CONTAINER,Nexus Container Platform,1,0.494456564582103,0,Medium
SUB-00000956,CUST-000276,"Burns, Hernandez and Ryan",NC-STORAGE,Nexus Storage,1,0.19045956579494952,0,Low
SUB-00000957,CUST-000276,"Burns, Hernandez and Ryan",NC-WAREHOUSE,Nexus Data Warehouse,1,0.7960724717650568,1,Critical
SUB-00000958,CUST-000277,Cook-Hines,NC-ANALYTICS,Nexus Analytics,1,0.8287348132606128,1,Critical
SUB-00000959,CUST-000277,Cook-Hines,NC-INTEGRATION,Nexus Integration,0,0.8270707191971655,1,Critical
SUB-00000960,CUST-000278,Gibson-Morris,NC-INTEGRATION,Nexus Integration,1,0.2300272809194674,0,Low
SUB-00000961,CUST-000279,Pollard and Sons,NC-INTEGRATION,Nexus Integration,1,0.19834022320210037,0,Low
SUB-00000962,CUST-000279,Pollard and Sons,NC-SECURITY,Nexus Cloud Security,1,0.19703056647488165,0,Low
SUB-00000963,CUST-000280,"Reyes, Chase and Jenkins",NC-SECURITY,Nexus Cloud Security,0,0.5037768863578793,1,High
SUB-00000964,CUST-000280,"Reyes, Chase and Jenkins",NC-INTEGRATION,Nexus Integration,0,0.8161702836960064,1,Critical
SUB-00000965,CUST-000280,"Reyes, Chase and Jenkins",NC-WAREHOUSE,Nexus Data Warehouse,1,0.8128665250157012,1,Critical
SUB-00000966,CUST-000280,"Reyes, Chase and Jenkins",NC-COMPUTE,Nexus Compute,1,0.8157224073798259,1,Critical
SUB-00000967,CUST-000280,"Reyes, Chase and Jenkins",NC-STORAGE,Nexus Storage,0,0.5178895123355821,1,High
SUB-00000968,CUST-000281,Garner-Thornton,NC-ANALYTICS,Nexus Analytics,1,0.20330384922649927,0,Low
SUB-00000969,CUST-000282,Hughes-Alvarado,NC-WAREHOUSE,Nexus Data Warehouse,0,0.20639873813553528,0,Low
SUB-00000970,CUST-000282,Hughes-Alvarado,NC-SECURITY,Nexus Cloud Security,1,0.5124094537536261,1,High
SUB-00000971,CUST-000282,Hughes-Alvarado,NC-SQL,Nexus SQL Database,1,0.21966142176844547,0,Low
SUB-00000972,CUST-000283,"Pollard, Simpson and Johnson",NC-SECURITY,Nexus Cloud Security,1,0.21632311943027113,0,Low
SUB-00000973,CUST-000283,"Pollard, Simpson and Johnson",NC-CONTAINER,Nexus Container Platform,1,0.5226304979065043,1,High
SUB-00000974,CUST-000283,"Pollard, Simpson and Johnson",NC-ANALYTICS,Nexus Analytics,1,0.20504944071011622,0,Low
SUB-00000975,CUST-000284,"Sanford, Rivera and Garcia",NC-SECURITY,Nexus Cloud Security,0,0.549184826713119,1,High
SUB-00000976,CUST-000284,"Sanford, Rivera and Garcia",NC-SQL,Nexus SQL Database,1,0.5685691953076649,1,High
SUB-00000977,CUST-000284,"Sanford, Rivera and Garcia",NC-WAREHOUSE,Nexus Data Warehouse,1,0.8343465142903039,1,Critical
SUB-00000978,CUST-000285,Garcia-Lozano,NC-WAREHOUSE,Nexus Data Warehouse,0,0.1834514086922015,0,Low
SUB-00000979,CUST-000285,Garcia-Lozano,NC-ANALYTICS,Nexus Analytics,0,0.2115779133523357,0,Low
SUB-00000980,CUST-000285,Garcia-Lozano,NC-INTEGRATION,Nexus Integration,0,0.5155475948696772,1,High
SUB-00000981,CUST-000285,Garcia-Lozano,NC-SECURITY,Nexus Cloud Security,0,0.7698241022000847,1,Critical
SUB-00000982,CUST-000285,Garcia-Lozano,NC-COMPUTE,Nexus Compute,0,0.443566161616284,0,Medium
SUB-00000983,CUST-000285,Garcia-Lozano,NC-SQL,Nexus SQL Database,1,0.4333166212149619,0,Medium
SUB-00000984,CUST-000285,Garcia-Lozano,NC-CONTAINER,Nexus Container Platform,0,0.5256634840041005,1,High
SUB-00000985,CUST-000285,Garcia-Lozano,NC-STORAGE,Nexus Storage,0,0.17373320079177804,0,Low
SUB-00000986,CUST-000286,Bowen Group,NC-STORAGE,Nexus Storage,0,0.2378979976751359,0,Low
SUB-00000987,CUST-000286,Bowen Group,NC-ANALYTICS,Nexus Analytics,1,0.8346952371374521,1,Critical
SUB-00000988,CUST-000287,"Booker, Jones and Harrington",NC-CONTAINER,Nexus Container Platform,1,0.8171210273840653,1,Critical
SUB-00000989,CUST-000287,"Booker, Jones and Harrington",NC-SECURITY,Nexus Cloud Security,1,0.527189574815027,1,High
SUB-00000990,CUST-000287,"Booker, Jones and Harrington",NC-INTEGRATION,Nexus Integration,1,0.501977179579288,1,High
SUB-00000991,CUST-000288,Morgan-Schwartz,NC-SQL,Nexus SQL Database,0,0.8168441216203209,1,Critical
SUB-00000992,CUST-000288,Morgan-Schwartz,NC-SECURITY,Nexus Cloud Security,0,0.21278310401675624,0,Low
SUB-00000993,CUST-000288,Morgan-Schwartz,NC-WAREHOUSE,Nexus Data Warehouse,0,0.19536529520624143,0,Low
SUB-00000994,CUST-000288,Morgan-Schwartz,NC-INTEGRATION,Nexus Integration,0,0.5288044535401706,1,High
SUB-00000995,CUST-000289,"Miller, Murphy and Craig",NC-COMPUTE,Nexus Compute,0,0.5260615412856561,1,High
SUB-00000996,CUST-000289,"Miller, Murphy and Craig",NC-STORAGE,Nexus Storage,1,0.8228967174274067,1,Critical
SUB-00000997,CUST-000290,"James, Stewart and Higgins",NC-SECURITY,Nexus Cloud Security,1,0.21118318024577967,0,Low
SUB-00000998,CUST-000290,"James, Stewart and Higgins",NC-INTEGRATION,Nexus Integration,0,0.2028261336215313,0,Low
SUB-00000999,CUST-000290,"James, Stewart and Higgins",NC-CONTAINER,Nexus Container Platform,0,0.5255660989547315,1,High
SUB-00001000,CUST-000291,Brennan-Johnson,NC-CONTAINER,Nexus Container Platform,1,0.800259599665651,1,Critical
SUB-00001001,CUST-000291,Brennan-Johnson,NC-COMPUTE,Nexus Compute,0,0.47093195999010556,0,Medium
SUB-00001002,CUST-000292,Young Ltd,NC-SQL,Nexus SQL Database,0,0.539334766087189,1,High
SUB-00001003,CUST-000292,Young Ltd,NC-SECURITY,Nexus Cloud Security,0,0.21545927665697032,0,Low
SUB-00001004,CUST-000292,Young Ltd,NC-COMPUTE,Nexus Compute,1,0.5215137328056835,1,High
SUB-00001005,CUST-000292,Young Ltd,NC-ANALYTICS,Nexus Analytics,0,0.8160376315089217,1,Critical
SUB-00001006,CUST-000293,Bright-Francis,NC-ANALYTICS,Nexus Analytics,1,0.8025379857531935,1,Critical
SUB-00001007,CUST-000293,Bright-Francis,NC-COMPUTE,Nexus Compute,1,0.791120003602727,1,Critical
SUB-00001008,CUST-000293,Bright-Francis,NC-STORAGE,Nexus Storage,1,0.7867831772726214,1,Critical
SUB-00001009,CUST-000294,Good-Hodges,NC-SECURITY,Nexus Cloud Security,0,0.19408620275800342,0,Low
SUB-00001010,CUST-000294,Good-Hodges,NC-WAREHOUSE,Nexus Data Warehouse,0,0.2071810787798224,0,Low
SUB-00001011,CUST-000295,"Brennan, Wallace and Benson",NC-INTEGRATION,Nexus Integration,1,0.546594532009261,1,High
SUB-00001012,CUST-000295,"Brennan, Wallace and Benson",NC-AISEARCH,Nexus AI Search,0,0.22643884474447923,0,Low
SUB-00001013,CUST-000295,"Brennan, Wallace and Benson",NC-WAREHOUSE,Nexus Data Warehouse,1,0.22888876111317566,0,Low
SUB-00001014,CUST-000295,"Brennan, Wallace and Benson",NC-COMPUTE,Nexus Compute,1,0.5463047110985854,1,High
SUB-00001015,CUST-000295,"Brennan, Wallace and Benson",NC-STORAGE,Nexus Storage,1,0.533403051336817,1,High
SUB-00001016,CUST-000296,Williams Inc,NC-INTEGRATION,Nexus Integration,0,0.21156627157626723,0,Low
SUB-00001017,CUST-000296,Williams Inc,NC-CONTAINER,Nexus Container Platform,0,0.5285882241963923,1,High
SUB-00001018,CUST-000297,Howard-Jordan,NC-CONTAINER,Nexus Container Platform,1,0.17055677933507662,0,Low
SUB-00001019,CUST-000298,Schmidt PLC,NC-STORAGE,Nexus Storage,0,0.47362599324744187,0,Medium
SUB-00001020,CUST-000298,Schmidt PLC,NC-SQL,Nexus SQL Database,1,0.4983091796655988,0,Medium
SUB-00001021,CUST-000298,Schmidt PLC,NC-CONTAINER,Nexus Container Platform,0,0.47357268325694296,0,Medium
SUB-00001022,CUST-000299,"Sparks, Jackson and Miller",NC-STORAGE,Nexus Storage,1,0.8255052078793129,1,Critical
SUB-00001023,CUST-000299,"Sparks, Jackson and Miller",NC-SQL,Nexus SQL Database,1,0.8288693745997266,1,Critical
SUB-00001024,CUST-000299,"Sparks, Jackson and Miller",NC-INTEGRATION,Nexus Integration,0,0.21438454972355536,0,Low
SUB-00001025,CUST-000300,Harvey-Allen,NC-SQL,Nexus SQL Database,1,0.8364845044308216,1,Critical
SUB-00001026,CUST-000301,"Thomas, Murray and King",NC-SQL,Nexus SQL Database,0,0.2289095128056725,0,Low
SUB-00001027,CUST-000301,"Thomas, Murray and King",NC-COMPUTE,Nexus Compute,1,0.8341489888631511,1,Critical
SUB-00001028,CUST-000301,"Thomas, Murray and King",NC-INTEGRATION,Nexus Integration,1,0.8344136541697283,1,Critical
SUB-00001029,CUST-000302,Estrada-Nolan,NC-CONTAINER,Nexus Container Platform,1,0.4875920838791523,0,Medium
SUB-00001030,CUST-000302,Estrada-Nolan,NC-COMPUTE,Nexus Compute,1,0.4829530898617048,0,Medium
SUB-00001031,CUST-000302,Estrada-Nolan,NC-STORAGE,Nexus Storage,1,0.7935221026115595,1,Critical
SUB-00001032,CUST-000302,Estrada-Nolan,NC-ANALYTICS,Nexus Analytics,0,0.7906350328477664,1,Critical
SUB-00001033,CUST-000303,Santana-Byrd,NC-WAREHOUSE,Nexus Data Warehouse,0,0.2155037898380123,0,Low
SUB-00001034,CUST-000303,Santana-Byrd,NC-INTEGRATION,Nexus Integration,1,0.8136671163504388,1,Critical
SUB-00001035,CUST-000303,Santana-Byrd,NC-CONTAINER,Nexus Container Platform,1,0.5132039398835808,1,High
SUB-00001036,CUST-000303,Santana-Byrd,NC-ANALYTICS,Nexus Analytics,1,0.8248103159221041,1,Critical
SUB-00001037,CUST-000304,Jones LLC,NC-COMPUTE,Nexus Compute,1,0.8110508763687584,1,Critical
SUB-00001038,CUST-000304,Jones LLC,NC-SECURITY,Nexus Cloud Security,0,0.5270671793355187,1,High
SUB-00001039,CUST-000304,Jones LLC,NC-WAREHOUSE,Nexus Data Warehouse,0,0.2016231669161729,0,Low
SUB-00001040,CUST-000304,Jones LLC,NC-ANALYTICS,Nexus Analytics,1,0.21942503534433,0,Low
SUB-00001041,CUST-000304,Jones LLC,NC-SQL,Nexus SQL Database,0,0.20232346610996113,0,Low
SUB-00001042,CUST-000304,Jones LLC,NC-INTEGRATION,Nexus Integration,1,0.806012519435762,1,Critical
SUB-00001043,CUST-000304,Jones LLC,NC-STORAGE,Nexus Storage,0,0.20291303678869235,0,Low
SUB-00001044,CUST-000305,"Evans, Hayden and Vaughn",NC-SECURITY,Nexus Cloud Security,1,0.2270171522972916,0,Low
SUB-00001045,CUST-000305,"Evans, Hayden and Vaughn",NC-WAREHOUSE,Nexus Data Warehouse,1,0.2437602866999702,0,Low
SUB-00001046,CUST-000305,"Evans, Hayden and Vaughn",NC-INTEGRATION,Nexus Integration,1,0.8488597041255197,1,Critical
SUB-00001047,CUST-000305,"Evans, Hayden and Vaughn",NC-SQL,Nexus SQL Database,1,0.26986628011493086,0,Medium
SUB-00001048,CUST-000305,"Evans, Hayden and Vaughn",NC-CONTAINER,Nexus Container Platform,0,0.6009780562865765,1,High
SUB-00001049,CUST-000305,"Evans, Hayden and Vaughn",NC-COMPUTE,Nexus Compute,1,0.8562141263066648,1,Critical
SUB-00001050,CUST-000306,Bruce-Gonzalez,NC-STORAGE,Nexus Storage,0,0.20006060076175528,0,Low
SUB-00001051,CUST-000306,Bruce-Gonzalez,NC-SQL,Nexus SQL Database,1,0.806985043026824,1,Critical
SUB-00001052,CUST-000306,Bruce-Gonzalez,NC-SECURITY,Nexus Cloud Security,1,0.8112104550045696,1,Critical
SUB-00001053,CUST-000307,Castaneda-Rodriguez,NC-SECURITY,Nexus Cloud Security,0,0.5348530258522125,1,High
SUB-00001054,CUST-000307,Castaneda-Rodriguez,NC-SQL,Nexus SQL Database,1,0.21375940237639146,0,Low
SUB-00001055,CUST-000307,Castaneda-Rodriguez,NC-AISEARCH,Nexus AI Search,0,0.24188796084066982,0,Low
SUB-00001056,CUST-000307,Castaneda-Rodriguez,NC-ANALYTICS,Nexus Analytics,0,0.5400726327328205,1,High
SUB-00001057,CUST-000307,Castaneda-Rodriguez,NC-CONTAINER,Nexus Container Platform,0,0.20462787747141087,0,Low
SUB-00001058,CUST-000307,Castaneda-Rodriguez,NC-STORAGE,Nexus Storage,1,0.8111077634383984,1,Critical
SUB-00001059,CUST-000308,Armstrong-Andrews,NC-STORAGE,Nexus Storage,1,0.8272586968600095,1,Critical
SUB-00001060,CUST-000308,Armstrong-Andrews,NC-INTEGRATION,Nexus Integration,0,0.20336449404567924,0,Low
SUB-00001061,CUST-000309,"Phillips, Spence and Barrett",NC-WAREHOUSE,Nexus Data Warehouse,1,0.5536447039185562,1,High
SUB-00001062,CUST-000309,"Phillips, Spence and Barrett",NC-STORAGE,Nexus Storage,1,0.8340150645042321,1,Critical
SUB-00001063,CUST-000309,"Phillips, Spence and Barrett",NC-CONTAINER,Nexus Container Platform,1,0.849039134729882,1,Critical
SUB-00001064,CUST-000309,"Phillips, Spence and Barrett",NC-SQL,Nexus SQL Database,0,0.19883230570703517,0,Low
SUB-00001065,CUST-000309,"Phillips, Spence and Barrett",NC-SECURITY,Nexus Cloud Security,0,0.20235039387696396,0,Low
SUB-00001066,CUST-000310,Smith-Grimes,NC-COMPUTE,Nexus Compute,1,0.8270310361600003,1,Critical
SUB-00001067,CUST-000311,"Beltran, Lozano and Mcgee",NC-SECURITY,Nexus Cloud Security,1,0.8471562375834162,1,Critical
SUB-00001068,CUST-000311,"Beltran, Lozano and Mcgee",NC-STORAGE,Nexus Storage,1,0.5764539025164412,1,High
SUB-00001069,CUST-000311,"Beltran, Lozano and Mcgee",NC-INTEGRATION,Nexus Integration,1,0.8369857991388231,1,Critical
SUB-00001070,CUST-000311,"Beltran, Lozano and Mcgee",NC-AIMODEL,Nexus AI Models,0,0.250244313357445,0,Medium
SUB-00001071,CUST-000311,"Beltran, Lozano and Mcgee",NC-COMPUTE,Nexus Compute,1,0.5563695099740348,1,High
SUB-00001072,CUST-000312,Parsons-Hall,NC-ANALYTICS,Nexus Analytics,1,0.8229451647734688,1,Critical
SUB-00001073,CUST-000312,Parsons-Hall,NC-STORAGE,Nexus Storage,1,0.5040737561997151,1,High
SUB-00001074,CUST-000313,Robinson-Lee,NC-CONTAINER,Nexus Container Platform,1,0.22611654422742575,0,Low
SUB-00001075,CUST-000314,Byrd-Le,NC-ANALYTICS,Nexus Analytics,0,0.2042904360431694,0,Low
SUB-00001076,CUST-000314,Byrd-Le,NC-STORAGE,Nexus Storage,1,0.8094534430031506,1,Critical
SUB-00001077,CUST-000314,Byrd-Le,NC-WAREHOUSE,Nexus Data Warehouse,1,0.5337173639355132,1,High
SUB-00001078,CUST-000314,Byrd-Le,NC-COMPUTE,Nexus Compute,0,0.5281542805568707,1,High
SUB-00001079,CUST-000315,"Becker, Taylor and Davis",NC-STORAGE,Nexus Storage,0,0.20386016278870103,0,Low
SUB-00001080,CUST-000316,"Lucas, Parker and Alexander",NC-WAREHOUSE,Nexus Data Warehouse,1,0.8101743639883492,1,Critical
SUB-00001081,CUST-000316,"Lucas, Parker and Alexander",NC-SQL,Nexus SQL Database,1,0.8243967806266369,1,Critical
SUB-00001082,CUST-000316,"Lucas, Parker and Alexander",NC-COMPUTE,Nexus Compute,0,0.19607066278642502,0,Low
SUB-00001083,CUST-000316,"Lucas, Parker and Alexander",NC-INTEGRATION,Nexus Integration,0,0.20063194838746434,0,Low
SUB-00001084,CUST-000317,"Diaz, Anderson and Browning",NC-ANALYTICS,Nexus Analytics,1,0.18435056652451612,0,Low
SUB-00001085,CUST-000317,"Diaz, Anderson and Browning",NC-WAREHOUSE,Nexus Data Warehouse,0,0.1930427887426114,0,Low
SUB-00001086,CUST-000318,Burgess-Thompson,NC-INTEGRATION,Nexus Integration,1,0.18220007965605217,0,Low
SUB-00001087,CUST-000318,Burgess-Thompson,NC-SQL,Nexus SQL Database,1,0.49784526081035785,0,Medium
SUB-00001088,CUST-000319,Buchanan LLC,NC-AISEARCH,Nexus AI Search,1,0.20967315817644552,0,Low
SUB-00001089,CUST-000319,Buchanan LLC,NC-SECURITY,Nexus Cloud Security,1,0.49676137833046347,0,Medium
SUB-00001090,CUST-000319,Buchanan LLC,NC-INTEGRATION,Nexus Integration,0,0.19196224450430982,0,Low
SUB-00001091,CUST-000320,"Shaw, Nelson and Martin",NC-COMPUTE,Nexus Compute,1,0.5241008513499392,1,High
SUB-00001092,CUST-000321,Coffey-Phillips,NC-SECURITY,Nexus Cloud Security,0,0.5293502496927623,1,High
SUB-00001093,CUST-000321,Coffey-Phillips,NC-CONTAINER,Nexus Container Platform,0,0.2046981317574703,0,Low
SUB-00001094,CUST-000321,Coffey-Phillips,NC-COMPUTE,Nexus Compute,0,0.20606054244374658,0,Low
SUB-00001095,CUST-000322,Brock-Mcdonald,NC-SECURITY,Nexus Cloud Security,0,0.228866754189171,0,Low
SUB-00001096,CUST-000322,Brock-Mcdonald,NC-WAREHOUSE,Nexus Data Warehouse,1,0.2288553734861539,0,Low
SUB-00001097,CUST-000322,Brock-Mcdonald,NC-SQL,Nexus SQL Database,1,0.8474398432978233,1,Critical
SUB-00001098,CUST-000323,Taylor and Sons,NC-ANALYTICS,Nexus Analytics,1,0.5777868864439704,1,High
SUB-00001099,CUST-000323,Taylor and Sons,NC-INTEGRATION,Nexus Integration,0,0.8510332973238623,1,Critical
SUB-00001100,CUST-000323,Taylor and Sons,NC-COMPUTE,Nexus Compute,1,0.8512209018391752,1,Critical
SUB-00001101,CUST-000323,Taylor and Sons,NC-SQL,Nexus SQL Database,1,0.23090246311373278,0,Low
SUB-00001102,CUST-000324,"Ramsey, Whitney and Coffey",NC-SECURITY,Nexus Cloud Security,1,0.20267857150284438,0,Low
SUB-00001103,CUST-000325,"Diaz, Gibbs and Smith",NC-ANALYTICS,Nexus Analytics,1,0.8465051510126442,1,Critical
SUB-00001104,CUST-000325,"Diaz, Gibbs and Smith",NC-CONTAINER,Nexus Container Platform,1,0.5654924172503153,1,High
SUB-00001105,CUST-000326,"Martinez, Richardson and Curry",NC-SQL,Nexus SQL Database,0,0.19851811025758279,0,Low
SUB-00001106,CUST-000326,"Martinez, Richardson and Curry",NC-SECURITY,Nexus Cloud Security,0,0.1902105390906625,0,Low
SUB-00001107,CUST-000326,"Martinez, Richardson and Curry",NC-COMPUTE,Nexus Compute,1,0.1917093090124942,0,Low
SUB-00001108,CUST-000327,Richards-Carson,NC-STORAGE,Nexus Storage,0,0.2477168878836001,0,Low
SUB-00001109,CUST-000327,Richards-Carson,NC-WAREHOUSE,Nexus Data Warehouse,1,0.5653819260216442,1,High
SUB-00001110,CUST-000327,Richards-Carson,NC-ANALYTICS,Nexus Analytics,0,0.58276228467406,1,High
SUB-00001111,CUST-000328,Rodriguez-Hall,NC-SQL,Nexus SQL Database,0,0.2043089457626267,0,Low
SUB-00001112,CUST-000328,Rodriguez-Hall,NC-SECURITY,Nexus Cloud Security,0,0.2004658386062421,0,Low
SUB-00001113,CUST-000328,Rodriguez-Hall,NC-ANALYTICS,Nexus Analytics,1,0.5172597749330797,1,High
SUB-00001114,CUST-000328,Rodriguez-Hall,NC-COMPUTE,Nexus Compute,1,0.8134533249818224,1,Critical
SUB-00001115,CUST-000329,Harvey PLC,NC-INTEGRATION,Nexus Integration,0,0.17839239306343882,0,Low
SUB-00001116,CUST-000330,Herman-Walker,NC-CONTAINER,Nexus Container Platform,0,0.2624031559675693,0,Medium
SUB-00001117,CUST-000330,Herman-Walker,NC-COMPUTE,Nexus Compute,1,0.6325817431276323,1,High
SUB-00001118,CUST-000330,Herman-Walker,NC-SQL,Nexus SQL Database,0,0.22189870530981254,0,Low
SUB-00001119,CUST-000330,Herman-Walker,NC-ANALYTICS,Nexus Analytics,1,0.8280465995719939,1,Critical
SUB-00001120,CUST-000330,Herman-Walker,NC-STORAGE,Nexus Storage,0,0.5721353269913991,1,High
SUB-00001121,CUST-000330,Herman-Walker,NC-INTEGRATION,Nexus Integration,0,0.5610692509380895,1,High
SUB-00001122,CUST-000330,Herman-Walker,NC-SECURITY,Nexus Cloud Security,0,0.20407586481318815,0,Low
SUB-00001123,CUST-000330,Herman-Walker,NC-AIMODEL,Nexus AI Models,0,0.8340568880124523,1,Critical
SUB-00001124,CUST-000330,Herman-Walker,NC-AISEARCH,Nexus AI Search,0,0.26201018948527227,0,Medium
SUB-00001125,CUST-000331,Reid Group,NC-SECURITY,Nexus Cloud Security,0,0.17437312642490752,0,Low
SUB-00001126,CUST-000331,Reid Group,NC-SQL,Nexus SQL Database,1,0.7896823108372268,1,Critical
SUB-00001127,CUST-000331,Reid Group,NC-STORAGE,Nexus Storage,0,0.18806615217533462,0,Low
SUB-00001128,CUST-000332,"Turner, Ortiz and Taylor",NC-INTEGRATION,Nexus Integration,1,0.8397451064793624,1,Critical
SUB-00001129,CUST-000332,"Turner, Ortiz and Taylor",NC-SQL,Nexus SQL Database,1,0.8420828133816087,1,Critical
SUB-00001130,CUST-000333,Torres Group,NC-SQL,Nexus SQL Database,1,0.8047570256342048,1,Critical
SUB-00001131,CUST-000333,Torres Group,NC-WAREHOUSE,Nexus Data Warehouse,1,0.8044319173394106,1,Critical
SUB-00001132,CUST-000333,Torres Group,NC-CONTAINER,Nexus Container Platform,1,0.47374888892249967,0,Medium
SUB-00001133,CUST-000334,Davis PLC,NC-CONTAINER,Nexus Container Platform,1,0.22357682979903848,0,Low
SUB-00001134,CUST-000335,Price LLC,NC-ANALYTICS,Nexus Analytics,0,0.1919673956516837,0,Low
SUB-00001135,CUST-000336,"Avery, Horton and Fernandez",NC-COMPUTE,Nexus Compute,1,0.8194861419687336,1,Critical
SUB-00001136,CUST-000336,"Avery, Horton and Fernandez",NC-STORAGE,Nexus Storage,0,0.2037424866812896,0,Low
SUB-00001137,CUST-000336,"Avery, Horton and Fernandez",NC-ANALYTICS,Nexus Analytics,0,0.21075673340285656,0,Low
SUB-00001138,CUST-000337,"Newton, Moore and Perry",NC-ANALYTICS,Nexus Analytics,0,0.20473754718034806,0,Low
SUB-00001139,CUST-000337,"Newton, Moore and Perry",NC-INTEGRATION,Nexus Integration,0,0.5030387216156007,1,High
SUB-00001140,CUST-000337,"Newton, Moore and Perry",NC-STORAGE,Nexus Storage,0,0.19989897763043207,0,Low
SUB-00001141,CUST-000337,"Newton, Moore and Perry",NC-CONTAINER,Nexus Container Platform,1,0.822953018013368,1,Critical
SUB-00001142,CUST-000338,Bass PLC,NC-ANALYTICS,Nexus Analytics,1,0.5619840983736134,1,High
SUB-00001143,CUST-000338,Bass PLC,NC-SECURITY,Nexus Cloud Security,0,0.23003932860081686,0,Low
SUB-00001144,CUST-000338,Bass PLC,NC-CONTAINER,Nexus Container Platform,0,0.23081861212156532,0,Low
SUB-00001145,CUST-000338,Bass PLC,NC-AISEARCH,Nexus AI Search,1,0.5978602601548672,1,High
SUB-00001146,CUST-000338,Bass PLC,NC-WAREHOUSE,Nexus Data Warehouse,0,0.5819623276541687,1,High
SUB-00001147,CUST-000339,Crosby-Ramirez,NC-WAREHOUSE,Nexus Data Warehouse,1,0.8459667128492113,1,Critical
SUB-00001148,CUST-000339,Crosby-Ramirez,NC-STORAGE,Nexus Storage,0,0.565678133371639,1,High
SUB-00001149,CUST-000339,Crosby-Ramirez,NC-CONTAINER,Nexus Container Platform,1,0.8443427021831958,1,Critical
SUB-00001150,CUST-000339,Crosby-Ramirez,NC-ANALYTICS,Nexus Analytics,0,0.23681386316980707,0,Low
SUB-00001151,CUST-000340,"Wood, Ramos and Sampson",NC-WAREHOUSE,Nexus Data Warehouse,1,0.8044583283149509,1,Critical
SUB-00001152,CUST-000340,"Wood, Ramos and Sampson",NC-SECURITY,Nexus Cloud Security,0,0.18890160253408295,0,Low
SUB-00001153,CUST-000341,Garcia-Jennings,NC-SQL,Nexus SQL Database,0,0.22274849315990852,0,Low
SUB-00001154,CUST-000341,Garcia-Jennings,NC-ANALYTICS,Nexus Analytics,1,0.8305550479955619,1,Critical
SUB-00001155,CUST-000341,Garcia-Jennings,NC-AIMODEL,Nexus AI Models,1,0.582527281441228,1,High
SUB-00001156,CUST-000341,Garcia-Jennings,NC-COMPUTE,Nexus Compute,1,0.5350847261135017,1,High
SUB-00001157,CUST-000342,"Winters, Newman and Brown",NC-STORAGE,Nexus Storage,0,0.5138314152107621,1,High
SUB-00001158,CUST-000342,"Winters, Newman and Brown",NC-CONTAINER,Nexus Container Platform,0,0.2028540643520006,0,Low
SUB-00001159,CUST-000343,Lopez-Martinez,NC-INTEGRATION,Nexus Integration,0,0.5308576481549738,1,High
SUB-00001160,CUST-000343,Lopez-Martinez,NC-WAREHOUSE,Nexus Data Warehouse,0,0.5329738548210818,1,High
SUB-00001161,CUST-000343,Lopez-Martinez,NC-SQL,Nexus SQL Database,0,0.2239409987827076,0,Low
SUB-00001162,CUST-000343,Lopez-Martinez,NC-SECURITY,Nexus Cloud Security,0,0.8337283301627124,1,Critical
SUB-00001163,CUST-000343,Lopez-Martinez,NC-CONTAINER,Nexus Container Platform,0,0.5530752813247819,1,High
SUB-00001164,CUST-000343,Lopez-Martinez,NC-ANALYTICS,Nexus Analytics,0,0.22648624896802477,0,Low
SUB-00001165,CUST-000344,Davis-Lewis,NC-SECURITY,Nexus Cloud Security,0,0.18377775237526617,0,Low
SUB-00001166,CUST-000345,"Harper, Smith and Buchanan",NC-AISEARCH,Nexus AI Search,1,0.18268245564881128,0,Low
SUB-00001167,CUST-000345,"Harper, Smith and Buchanan",NC-COMPUTE,Nexus Compute,1,0.4538987952215727,0,Medium
SUB-00001168,CUST-000345,"Harper, Smith and Buchanan",NC-SQL,Nexus SQL Database,1,0.47763581718756926,0,Medium
SUB-00001169,CUST-000346,Zhang PLC,NC-COMPUTE,Nexus Compute,1,0.8414672344053469,1,Critical
SUB-00001170,CUST-000346,Zhang PLC,NC-STORAGE,Nexus Storage,1,0.23241250364853824,0,Low
SUB-00001171,CUST-000346,Zhang PLC,NC-CONTAINER,Nexus Container Platform,0,0.5598116594385122,1,High
SUB-00001172,CUST-000346,Zhang PLC,NC-SECURITY,Nexus Cloud Security,0,0.21818258732355156,0,Low
SUB-00001173,CUST-000346,Zhang PLC,NC-ANALYTICS,Nexus Analytics,1,0.8307015256629926,1,Critical
SUB-00001174,CUST-000347,Jones PLC,NC-COMPUTE,Nexus Compute,1,0.20435328483541396,0,Low
SUB-00001175,CUST-000348,Willis and Sons,NC-SQL,Nexus SQL Database,1,0.568009268615464,1,High
SUB-00001176,CUST-000348,Willis and Sons,NC-SECURITY,Nexus Cloud Security,1,0.8470188645501306,1,Critical
SUB-00001177,CUST-000348,Willis and Sons,NC-AIMODEL,Nexus AI Models,1,0.8374165972851199,1,Critical
SUB-00001178,CUST-000348,Willis and Sons,NC-CONTAINER,Nexus Container Platform,1,0.5380014480252274,1,High
SUB-00001179,CUST-000348,Willis and Sons,NC-ANALYTICS,Nexus Analytics,1,0.5652657350132615,1,High
SUB-00001180,CUST-000349,Schroeder-Kramer,NC-STORAGE,Nexus Storage,1,0.8233771020046347,1,Critical
SUB-00001181,CUST-000349,Schroeder-Kramer,NC-WAREHOUSE,Nexus Data Warehouse,1,0.8213163319661476,1,Critical
SUB-00001182,CUST-000349,Schroeder-Kramer,NC-SQL,Nexus SQL Database,0,0.515539322058446,1,High
SUB-00001183,CUST-000350,"Smith, Garrison and Thomas",NC-CONTAINER,Nexus Container Platform,0,0.19719391847296303,0,Low
SUB-00001184,CUST-000350,"Smith, Garrison and Thomas",NC-COMPUTE,Nexus Compute,1,0.8096571196702983,1,Critical
SUB-00001185,CUST-000351,Fernandez and Sons,NC-STORAGE,Nexus Storage,0,0.5212350363311804,1,High
SUB-00001186,CUST-000351,Fernandez and Sons,NC-AISEARCH,Nexus AI Search,1,0.529791696527683,1,High
SUB-00001187,CUST-000351,Fernandez and Sons,NC-SECURITY,Nexus Cloud Security,1,0.8167946403059064,1,Critical
SUB-00001188,CUST-000351,Fernandez and Sons,NC-WAREHOUSE,Nexus Data Warehouse,0,0.5007566050120725,1,High
SUB-00001189,CUST-000352,Guerrero Inc,NC-SECURITY,Nexus Cloud Security,0,0.1920811999804999,0,Low
SUB-00001190,CUST-000352,Guerrero Inc,NC-COMPUTE,Nexus Compute,0,0.8071106233313805,1,Critical
SUB-00001191,CUST-000352,Guerrero Inc,NC-CONTAINER,Nexus Container Platform,1,0.49006985535473857,0,Medium
SUB-00001192,CUST-000352,Guerrero Inc,NC-INTEGRATION,Nexus Integration,0,0.1821084569809188,0,Low
SUB-00001193,CUST-000352,Guerrero Inc,NC-ANALYTICS,Nexus Analytics,0,0.19807344755085296,0,Low
SUB-00001194,CUST-000353,Smith and Sons,NC-SQL,Nexus SQL Database,1,0.8224010475264214,1,Critical
SUB-00001195,CUST-000353,Smith and Sons,NC-SECURITY,Nexus Cloud Security,0,0.19582745391703388,0,Low
SUB-00001196,CUST-000353,Smith and Sons,NC-STORAGE,Nexus Storage,1,0.8135744357306293,1,Critical
SUB-00001197,CUST-000354,"Morris, Thompson and Williams",NC-WAREHOUSE,Nexus Data Warehouse,0,0.5316431371065045,1,High
SUB-00001198,CUST-000354,"Morris, Thompson and Williams",NC-STORAGE,Nexus Storage,0,0.5476470242198287,1,High
SUB-00001199,CUST-000355,"Fisher, Wilson and Brown",NC-AISEARCH,Nexus AI Search,1,0.8229816420101601,1,Critical
SUB-00001200,CUST-000355,"Fisher, Wilson and Brown",NC-CONTAINER,Nexus Container Platform,0,0.4865491337093979,0,Medium
SUB-00001201,CUST-000355,"Fisher, Wilson and Brown",NC-AIMODEL,Nexus AI Models,0,0.5282085518679784,1,High
SUB-00001202,CUST-000356,Strickland-Palmer,NC-COMPUTE,Nexus Compute,0,0.8169415778134077,1,Critical
SUB-00001203,CUST-000356,Strickland-Palmer,NC-STORAGE,Nexus Storage,1,0.8269926837926154,1,Critical
SUB-00001204,CUST-000356,Strickland-Palmer,NC-SQL,Nexus SQL Database,0,0.8305931229619603,1,Critical
SUB-00001205,CUST-000356,Strickland-Palmer,NC-CONTAINER,Nexus Container Platform,0,0.8284054169800119,1,Critical
SUB-00001206,CUST-000357,Hayes and Sons,NC-INTEGRATION,Nexus Integration,1,0.5135422326107214,1,High
SUB-00001207,CUST-000357,Hayes and Sons,NC-WAREHOUSE,Nexus Data Warehouse,1,0.8163745868124702,1,Critical
SUB-00001208,CUST-000358,"Williams, Logan and Camacho",NC-COMPUTE,Nexus Compute,1,0.4686949657580899,0,Medium
SUB-00001209,CUST-000358,"Williams, Logan and Camacho",NC-ANALYTICS,Nexus Analytics,1,0.8154730507673965,1,Critical
SUB-00001210,CUST-000358,"Williams, Logan and Camacho",NC-STORAGE,Nexus Storage,0,0.507786753839479,1,High
SUB-00001211,CUST-000358,"Williams, Logan and Camacho",NC-CONTAINER,Nexus Container Platform,0,0.20883301740910098,0,Low
SUB-00001212,CUST-000358,"Williams, Logan and Camacho",NC-INTEGRATION,Nexus Integration,0,0.5693961338821738,1,High
SUB-00001213,CUST-000359,"Turner, Schneider and Johnson",NC-CONTAINER,Nexus Container Platform,1,0.4944932724742369,0,Medium
SUB-00001214,CUST-000359,"Turner, Schneider and Johnson",NC-SQL,Nexus SQL Database,1,0.7918808004282191,1,Critical
SUB-00001215,CUST-000360,Boone-Simmons,NC-SQL,Nexus SQL Database,0,0.20248980598500543,0,Low
SUB-00001216,CUST-000360,Boone-Simmons,NC-CONTAINER,Nexus Container Platform,1,0.8203214023389702,1,Critical
SUB-00001217,CUST-000360,Boone-Simmons,NC-INTEGRATION,Nexus Integration,1,0.19695060987236124,0,Low
SUB-00001218,CUST-000361,Henry Group,NC-ANALYTICS,Nexus Analytics,1,0.8040059759457622,1,Critical
SUB-00001219,CUST-000362,Lam LLC,NC-STORAGE,Nexus Storage,0,0.8215973417917272,1,Critical
SUB-00001220,CUST-000362,Lam LLC,NC-SQL,Nexus SQL Database,0,0.8237517370636844,1,Critical
SUB-00001221,CUST-000363,"Hernandez, Martinez and Weber",NC-WAREHOUSE,Nexus Data Warehouse,0,0.19571346359648437,0,Low
SUB-00001222,CUST-000363,"Hernandez, Martinez and Weber",NC-ANALYTICS,Nexus Analytics,0,0.8064212923508655,1,Critical
SUB-00001223,CUST-000363,"Hernandez, Martinez and Weber",NC-SQL,Nexus SQL Database,1,0.5038645958616923,1,High
SUB-00001224,CUST-000363,"Hernandez, Martinez and Weber",NC-INTEGRATION,Nexus Integration,0,0.496357736309183,0,Medium
SUB-00001225,CUST-000363,"Hernandez, Martinez and Weber",NC-CONTAINER,Nexus Container Platform,1,0.7878689091664814,1,Critical
SUB-00001226,CUST-000363,"Hernandez, Martinez and Weber",NC-SECURITY,Nexus Cloud Security,0,0.5013173369326409,1,High
SUB-00001227,CUST-000363,"Hernandez, Martinez and Weber",NC-STORAGE,Nexus Storage,1,0.49317331090711547,0,Medium
SUB-00001228,CUST-000364,"Kelley, Nguyen and Vang",NC-SQL,Nexus SQL Database,1,0.2129120211720823,0,Low
SUB-00001229,CUST-000364,"Kelley, Nguyen and Vang",NC-ANALYTICS,Nexus Analytics,0,0.20446727431904557,0,Low
SUB-00001230,CUST-000364,"Kelley, Nguyen and Vang",NC-WAREHOUSE,Nexus Data Warehouse,0,0.5212326704868855,1,High
SUB-00001231,CUST-000364,"Kelley, Nguyen and Vang",NC-STORAGE,Nexus Storage,0,0.20018632476975426,0,Low
SUB-00001232,CUST-000364,"Kelley, Nguyen and Vang",NC-INTEGRATION,Nexus Integration,1,0.5165208825507615,1,High
SUB-00001233,CUST-000364,"Kelley, Nguyen and Vang",NC-COMPUTE,Nexus Compute,1,0.819877434293783,1,Critical
SUB-00001234,CUST-000364,"Kelley, Nguyen and Vang",NC-CONTAINER,Nexus Container Platform,1,0.821482610857506,1,Critical
SUB-00001235,CUST-000365,"Phillips, Wagner and Jordan",NC-WAREHOUSE,Nexus Data Warehouse,1,0.8090991267229155,1,Critical
SUB-00001236,CUST-000365,"Phillips, Wagner and Jordan",NC-STORAGE,Nexus Storage,0,0.23689732644258907,0,Low
SUB-00001237,CUST-000365,"Phillips, Wagner and Jordan",NC-ANALYTICS,Nexus Analytics,0,0.5250256919320966,1,High
SUB-00001238,CUST-000365,"Phillips, Wagner and Jordan",NC-AIMODEL,Nexus AI Models,0,0.5018121074050419,1,High
SUB-00001239,CUST-000365,"Phillips, Wagner and Jordan",NC-COMPUTE,Nexus Compute,1,0.7917573835475472,1,Critical
SUB-00001240,CUST-000365,"Phillips, Wagner and Jordan",NC-AISEARCH,Nexus AI Search,0,0.19730111783916943,0,Low
SUB-00001241,CUST-000365,"Phillips, Wagner and Jordan",NC-SQL,Nexus SQL Database,0,0.5624363869438315,1,High
SUB-00001242,CUST-000365,"Phillips, Wagner and Jordan",NC-INTEGRATION,Nexus Integration,1,0.7655965067676908,1,Critical
SUB-00001243,CUST-000365,"Phillips, Wagner and Jordan",NC-SECURITY,Nexus Cloud Security,1,0.8382431935570173,1,Critical
SUB-00001244,CUST-000366,"Wilson, Pena and Rich",NC-WAREHOUSE,Nexus Data Warehouse,1,0.7913934070600135,1,Critical
SUB-00001245,CUST-000366,"Wilson, Pena and Rich",NC-SECURITY,Nexus Cloud Security,1,0.47132888169429565,0,Medium
SUB-00001246,CUST-000367,"Le, Lewis and Hayes",NC-ANALYTICS,Nexus Analytics,1,0.8425950124079177,1,Critical
SUB-00001247,CUST-000367,"Le, Lewis and Hayes",NC-INTEGRATION,Nexus Integration,0,0.2187145424666907,0,Low
SUB-00001248,CUST-000367,"Le, Lewis and Hayes",NC-COMPUTE,Nexus Compute,1,0.21999148845028546,0,Low
SUB-00001249,CUST-000367,"Le, Lewis and Hayes",NC-CONTAINER,Nexus Container Platform,0,0.5622688835597969,1,High
SUB-00001250,CUST-000367,"Le, Lewis and Hayes",NC-WAREHOUSE,Nexus Data Warehouse,0,0.22608854433150488,0,Low
SUB-00001251,CUST-000368,Gutierrez Group,NC-SECURITY,Nexus Cloud Security,0,0.5460584735217399,1,High
SUB-00001252,CUST-000368,Gutierrez Group,NC-ANALYTICS,Nexus Analytics,1,0.8724181929877263,1,Critical
SUB-00001253,CUST-000368,Gutierrez Group,NC-COMPUTE,Nexus Compute,1,0.5770953087231727,1,High
SUB-00001254,CUST-000368,Gutierrez Group,NC-AIMODEL,Nexus AI Models,0,0.5239577961165569,1,High
SUB-00001255,CUST-000368,Gutierrez Group,NC-AISEARCH,Nexus AI Search,1,0.8288529290086908,1,Critical
SUB-00001256,CUST-000368,Gutierrez Group,NC-STORAGE,Nexus Storage,1,0.513432369952368,1,High
SUB-00001257,CUST-000368,Gutierrez Group,NC-WAREHOUSE,Nexus Data Warehouse,1,0.5619421398354971,1,High
SUB-00001258,CUST-000368,Gutierrez Group,NC-SQL,Nexus SQL Database,1,0.8572930628384351,1,Critical
SUB-00001259,CUST-000369,Perry-Davis,NC-CONTAINER,Nexus Container Platform,1,0.17009699859952757,0,Low
SUB-00001260,CUST-000369,Perry-Davis,NC-SQL,Nexus SQL Database,0,0.1684423358176715,0,Low
SUB-00001261,CUST-000370,Edwards-Scott,NC-SQL,Nexus SQL Database,0,0.2373745357663308,0,Low
SUB-00001262,CUST-000370,Edwards-Scott,NC-INTEGRATION,Nexus Integration,0,0.833317298628272,1,Critical
SUB-00001263,CUST-000371,Mcdaniel Group,NC-SQL,Nexus SQL Database,1,0.8431351104526329,1,Critical
SUB-00001264,CUST-000371,Mcdaniel Group,NC-SECURITY,Nexus Cloud Security,0,0.23539647993634863,0,Low
SUB-00001265,CUST-000372,Davis Inc,NC-COMPUTE,Nexus Compute,1,0.8451425988635604,1,Critical
SUB-00001266,CUST-000373,Reynolds Ltd,NC-CONTAINER,Nexus Container Platform,1,0.829892177008431,1,Critical
SUB-00001267,CUST-000373,Reynolds Ltd,NC-SECURITY,Nexus Cloud Security,0,0.8281227233834848,1,Critical
SUB-00001268,CUST-000373,Reynolds Ltd,NC-STORAGE,Nexus Storage,0,0.5565288580931104,1,High
SUB-00001269,CUST-000374,"Watson, Anderson and Brown",NC-ANALYTICS,Nexus Analytics,1,0.825762373848012,1,Critical
SUB-00001270,CUST-000374,"Watson, Anderson and Brown",NC-STORAGE,Nexus Storage,1,0.21235852858183563,0,Low
SUB-00001271,CUST-000374,"Watson, Anderson and Brown",NC-WAREHOUSE,Nexus Data Warehouse,0,0.2162707414619602,0,Low
SUB-00001272,CUST-000374,"Watson, Anderson and Brown",NC-SQL,Nexus SQL Database,1,0.5108083576674463,1,High
SUB-00001273,CUST-000374,"Watson, Anderson and Brown",NC-COMPUTE,Nexus Compute,1,0.2128443900136449,0,Low
SUB-00001274,CUST-000375,"Hoffman, Santiago and Jenkins",NC-AISEARCH,Nexus AI Search,1,0.8664950197586345,1,Critical
SUB-00001275,CUST-000375,"Hoffman, Santiago and Jenkins",NC-CONTAINER,Nexus Container Platform,1,0.24209009821656385,0,Low
SUB-00001276,CUST-000375,"Hoffman, Santiago and Jenkins",NC-WAREHOUSE,Nexus Data Warehouse,0,0.5902127989148587,1,High
SUB-00001277,CUST-000375,"Hoffman, Santiago and Jenkins",NC-INTEGRATION,Nexus Integration,1,0.5875077345440193,1,High
SUB-00001278,CUST-000375,"Hoffman, Santiago and Jenkins",NC-SECURITY,Nexus Cloud Security,0,0.23949330922989506,0,Low
SUB-00001279,CUST-000375,"Hoffman, Santiago and Jenkins",NC-SQL,Nexus SQL Database,1,0.8551717747156989,1,Critical
SUB-00001280,CUST-000376,"Pugh, Henderson and Moon",NC-SECURITY,Nexus Cloud Security,1,0.802934315427203,1,Critical
SUB-00001281,CUST-000376,"Pugh, Henderson and Moon",NC-STORAGE,Nexus Storage,0,0.19218708358591544,0,Low
SUB-00001282,CUST-000376,"Pugh, Henderson and Moon",NC-ANALYTICS,Nexus Analytics,0,0.20075541173608039,0,Low
SUB-00001283,CUST-000376,"Pugh, Henderson and Moon",NC-WAREHOUSE,Nexus Data Warehouse,0,0.19643770148182516,0,Low
SUB-00001284,CUST-000377,Schmitt PLC,NC-INTEGRATION,Nexus Integration,1,0.7889744363674814,1,Critical
SUB-00001285,CUST-000378,Bell-Lane,NC-COMPUTE,Nexus Compute,1,0.8178391050069933,1,Critical
SUB-00001286,CUST-000378,Bell-Lane,NC-WAREHOUSE,Nexus Data Warehouse,1,0.5178657026598699,1,High
SUB-00001287,CUST-000378,Bell-Lane,NC-INTEGRATION,Nexus Integration,1,0.7995798744829398,1,Critical
SUB-00001288,CUST-000378,Bell-Lane,NC-ANALYTICS,Nexus Analytics,1,0.5221820758045189,1,High
SUB-00001289,CUST-000378,Bell-Lane,NC-CONTAINER,Nexus Container Platform,0,0.20167625193974018,0,Low
SUB-00001290,CUST-000379,Moore Group,NC-STORAGE,Nexus Storage,1,0.513534511023488,1,High
SUB-00001291,CUST-000379,Moore Group,NC-COMPUTE,Nexus Compute,1,0.8144224845705847,1,Critical
SUB-00001292,CUST-000379,Moore Group,NC-INTEGRATION,Nexus Integration,0,0.5129382614594873,1,High
SUB-00001293,CUST-000380,Boone LLC,NC-ANALYTICS,Nexus Analytics,1,0.7989198849032011,1,Critical
SUB-00001294,CUST-000380,Boone LLC,NC-WAREHOUSE,Nexus Data Warehouse,0,0.19806300997233792,0,Low
SUB-00001295,CUST-000380,Boone LLC,NC-CONTAINER,Nexus Container Platform,1,0.49325490257861676,0,Medium
SUB-00001296,CUST-000380,Boone LLC,NC-AIMODEL,Nexus AI Models,1,0.8145097229477197,1,Critical
SUB-00001297,CUST-000381,"Richardson, Farmer and Andrews",NC-ANALYTICS,Nexus Analytics,0,0.46823472164257274,0,Medium
SUB-00001298,CUST-000381,"Richardson, Farmer and Andrews",NC-SQL,Nexus SQL Database,1,0.4871712733560612,0,Medium
SUB-00001299,CUST-000381,"Richardson, Farmer and Andrews",NC-STORAGE,Nexus Storage,1,0.7816065544976234,1,Critical
SUB-00001300,CUST-000382,Bruce-Villegas,NC-CONTAINER,Nexus Container Platform,0,0.17087230749979646,0,Low
SUB-00001301,CUST-000382,Bruce-Villegas,NC-AIMODEL,Nexus AI Models,1,0.8368109078715552,1,Critical
SUB-00001302,CUST-000382,Bruce-Villegas,NC-STORAGE,Nexus Storage,1,0.80374174578372,1,Critical
SUB-00001303,CUST-000382,Bruce-Villegas,NC-INTEGRATION,Nexus Integration,1,0.1783441434359309,0,Low
SUB-00001304,CUST-000382,Bruce-Villegas,NC-AISEARCH,Nexus AI Search,1,0.8091411429264854,1,Critical
SUB-00001305,CUST-000383,"Austin, Day and Johnson",NC-WAREHOUSE,Nexus Data Warehouse,0,0.18015008717822828,0,Low
SUB-00001306,CUST-000384,"Gallegos, Adams and White",NC-SECURITY,Nexus Cloud Security,0,0.5561224845369012,1,High
SUB-00001307,CUST-000384,"Gallegos, Adams and White",NC-INTEGRATION,Nexus Integration,1,0.5787933993759273,1,High
SUB-00001308,CUST-000385,"Farmer, Dorsey and Bell",NC-SQL,Nexus SQL Database,0,0.4710782624508012,0,Medium
SUB-00001309,CUST-000385,"Farmer, Dorsey and Bell",NC-CONTAINER,Nexus Container Platform,1,0.8055186397309636,1,Critical
SUB-00001310,CUST-000385,"Farmer, Dorsey and Bell",NC-ANALYTICS,Nexus Analytics,1,0.7903999548738595,1,Critical
SUB-00001311,CUST-000385,"Farmer, Dorsey and Bell",NC-STORAGE,Nexus Storage,0,0.17138436655057065,0,Low
SUB-00001312,CUST-000386,Kane PLC,NC-COMPUTE,Nexus Compute,0,0.5165480495228884,1,High
SUB-00001313,CUST-000386,Kane PLC,NC-ANALYTICS,Nexus Analytics,0,0.20005871918854587,0,Low
SUB-00001314,CUST-000387,"Morales, Thomas and Schultz",NC-INTEGRATION,Nexus Integration,1,0.8145685962561814,1,Critical
SUB-00001315,CUST-000387,"Morales, Thomas and Schultz",NC-SQL,Nexus SQL Database,0,0.21968804146348864,0,Low
SUB-00001316,CUST-000387,"Morales, Thomas and Schultz",NC-SECURITY,Nexus Cloud Security,1,0.8255623283922625,1,Critical
SUB-00001317,CUST-000387,"Morales, Thomas and Schultz",NC-ANALYTICS,Nexus Analytics,0,0.539680045016622,1,High
SUB-00001318,CUST-000387,"Morales, Thomas and Schultz",NC-CONTAINER,Nexus Container Platform,1,0.8194581046158003,1,Critical
SUB-00001319,CUST-000388,Davis PLC,NC-INTEGRATION,Nexus Integration,1,0.464154916656899,0,Medium
SUB-00001320,CUST-000388,Davis PLC,NC-COMPUTE,Nexus Compute,1,0.7830689516226014,1,Critical
SUB-00001321,CUST-000388,Davis PLC,NC-WAREHOUSE,Nexus Data Warehouse,1,0.17847953285955578,0,Low
SUB-00001322,CUST-000388,Davis PLC,NC-SQL,Nexus SQL Database,1,0.7988212806684264,1,Critical
SUB-00001323,CUST-000388,Davis PLC,NC-SECURITY,Nexus Cloud Security,1,0.7862355811053946,1,Critical
SUB-00001324,CUST-000389,Bennett Group,NC-COMPUTE,Nexus Compute,0,0.528120826269455,1,High
SUB-00001325,CUST-000389,Bennett Group,NC-SECURITY,Nexus Cloud Security,0,0.21028552656603428,0,Low
SUB-00001326,CUST-000389,Bennett Group,NC-ANALYTICS,Nexus Analytics,0,0.539427676626278,1,High
SUB-00001327,CUST-000389,Bennett Group,NC-STORAGE,Nexus Storage,0,0.5220360040808248,1,High
SUB-00001328,CUST-000389,Bennett Group,NC-SQL,Nexus SQL Database,0,0.8294323254057546,1,Critical
SUB-00001329,CUST-000390,Moore-Collins,NC-ANALYTICS,Nexus Analytics,1,0.8435149682831385,1,Critical
SUB-00001330,CUST-000390,Moore-Collins,NC-CONTAINER,Nexus Container Platform,0,0.23348233424518558,0,Low
SUB-00001331,CUST-000390,Moore-Collins,NC-STORAGE,Nexus Storage,0,0.2349177815855701,0,Low
SUB-00001332,CUST-000391,Frank-Bradley,NC-INTEGRATION,Nexus Integration,0,0.195759746458883,0,Low
SUB-00001333,CUST-000391,Frank-Bradley,NC-STORAGE,Nexus Storage,1,0.803413417560443,1,Critical
SUB-00001334,CUST-000391,Frank-Bradley,NC-ANALYTICS,Nexus Analytics,1,0.8184333172462744,1,Critical
SUB-00001335,CUST-000392,Ware and Sons,NC-STORAGE,Nexus Storage,0,0.5245361229787863,1,High
SUB-00001336,CUST-000392,Ware and Sons,NC-WAREHOUSE,Nexus Data Warehouse,0,0.5612915580088563,1,High
SUB-00001337,CUST-000392,Ware and Sons,NC-INTEGRATION,Nexus Integration,0,0.23346139545701905,0,Low
SUB-00001338,CUST-000392,Ware and Sons,NC-SQL,Nexus SQL Database,0,0.5588810062091446,1,High
SUB-00001339,CUST-000392,Ware and Sons,NC-SECURITY,Nexus Cloud Security,1,0.8633118090673367,1,Critical
SUB-00001340,CUST-000392,Ware and Sons,NC-COMPUTE,Nexus Compute,0,0.5493872914877437,1,High
SUB-00001341,CUST-000392,Ware and Sons,NC-ANALYTICS,Nexus Analytics,0,0.6359290084003627,1,High
SUB-00001342,CUST-000392,Ware and Sons,NC-CONTAINER,Nexus Container Platform,0,0.5088665990504165,1,High
SUB-00001343,CUST-000393,Webster Inc,NC-CONTAINER,Nexus Container Platform,0,0.19472770008993562,0,Low
SUB-00001344,CUST-000393,Webster Inc,NC-INTEGRATION,Nexus Integration,0,0.4729452835378455,0,Medium
SUB-00001345,CUST-000393,Webster Inc,NC-ANALYTICS,Nexus Analytics,0,0.1814965199369192,0,Low
SUB-00001346,CUST-000393,Webster Inc,NC-AISEARCH,Nexus AI Search,0,0.20491937600326443,0,Low
SUB-00001347,CUST-000393,Webster Inc,NC-SQL,Nexus SQL Database,0,0.7722868876986476,1,Critical
SUB-00001348,CUST-000393,Webster Inc,NC-COMPUTE,Nexus Compute,0,0.4451705866635843,0,Medium
SUB-00001349,CUST-000394,"Miller, Ramos and Coleman",NC-SECURITY,Nexus Cloud Security,1,0.8352612880147516,1,Critical
SUB-00001350,CUST-000394,"Miller, Ramos and Coleman",NC-AISEARCH,Nexus AI Search,1,0.2431870571802574,0,Low
SUB-00001351,CUST-000394,"Miller, Ramos and Coleman",NC-INTEGRATION,Nexus Integration,1,0.8289132842880993,1,Critical
SUB-00001352,CUST-000394,"Miller, Ramos and Coleman",NC-AIMODEL,Nexus AI Models,0,0.23874070771480743,0,Low
SUB-00001353,CUST-000394,"Miller, Ramos and Coleman",NC-ANALYTICS,Nexus Analytics,1,0.5489300053453952,1,High
SUB-00001354,CUST-000395,"Ramos, Nelson and Fischer",NC-COMPUTE,Nexus Compute,1,0.850041139844956,1,Critical
SUB-00001355,CUST-000395,"Ramos, Nelson and Fischer",NC-SQL,Nexus SQL Database,0,0.5676449195168104,1,High
SUB-00001356,CUST-000396,Reed Inc,NC-COMPUTE,Nexus Compute,1,0.5193257510580042,1,High
SUB-00001357,CUST-000396,Reed Inc,NC-INTEGRATION,Nexus Integration,0,0.19786121760821673,0,Low
SUB-00001358,CUST-000396,Reed Inc,NC-SECURITY,Nexus Cloud Security,0,0.5167233204950168,1,High
SUB-00001359,CUST-000397,Gregory-Watkins,NC-INTEGRATION,Nexus Integration,0,0.19295914348864512,0,Low
SUB-00001360,CUST-000397,Gregory-Watkins,NC-SECURITY,Nexus Cloud Security,0,0.20977614985879373,0,Low
SUB-00001361,CUST-000397,Gregory-Watkins,NC-CONTAINER,Nexus Container Platform,1,0.8138934765368622,1,Critical
SUB-00001362,CUST-000397,Gregory-Watkins,NC-COMPUTE,Nexus Compute,0,0.20302252940553348,0,Low
SUB-00001363,CUST-000397,Gregory-Watkins,NC-SQL,Nexus SQL Database,1,0.8103269802637256,1,Critical
SUB-00001364,CUST-000397,Gregory-Watkins,NC-ANALYTICS,Nexus Analytics,1,0.808792783260221,1,Critical
SUB-00001365,CUST-000397,Gregory-Watkins,NC-WAREHOUSE,Nexus Data Warehouse,0,0.19630725765360962,0,Low
SUB-00001366,CUST-000398,"Estrada, Williams and Foster",NC-WAREHOUSE,Nexus Data Warehouse,1,0.8185026720464922,1,Critical
SUB-00001367,CUST-000398,"Estrada, Williams and Foster",NC-SECURITY,Nexus Cloud Security,1,0.8017718549318672,1,Critical
SUB-00001368,CUST-000398,"Estrada, Williams and Foster",NC-ANALYTICS,Nexus Analytics,1,0.8182590566574951,1,Critical
SUB-00001369,CUST-000399,"Brown, Harris and Dougherty",NC-CONTAINER,Nexus Container Platform,1,0.5177819773550069,1,High
SUB-00001370,CUST-000399,"Brown, Harris and Dougherty",NC-COMPUTE,Nexus Compute,1,0.8171275592841107,1,Critical
SUB-00001371,CUST-000399,"Brown, Harris and Dougherty",NC-STORAGE,Nexus Storage,1,0.5182849235620177,1,High
SUB-00001372,CUST-000400,Duran LLC,NC-AISEARCH,Nexus AI Search,0,0.8208754477454083,1,Critical
SUB-00001373,CUST-000400,Duran LLC,NC-SECURITY,Nexus Cloud Security,0,0.49682040953448936,0,Medium
SUB-00001374,CUST-000400,Duran LLC,NC-WAREHOUSE,Nexus Data Warehouse,0,0.19805266255759602,0,Low
SUB-00001375,CUST-000401,Wilson-Jimenez,NC-AIMODEL,Nexus AI Models,0,0.18412002961047325,0,Low
SUB-00001376,CUST-000401,Wilson-Jimenez,NC-ANALYTICS,Nexus Analytics,1,0.8211053000560657,1,Critical
SUB-00001377,CUST-000401,Wilson-Jimenez,NC-SECURITY,Nexus Cloud Security,0,0.45878220491164007,0,Medium
SUB-00001378,CUST-000401,Wilson-Jimenez,NC-STORAGE,Nexus Storage,0,0.5445476562502476,1,High
SUB-00001379,CUST-000401,Wilson-Jimenez,NC-COMPUTE,Nexus Compute,0,0.19598340767985137,0,Low
SUB-00001380,CUST-000402,Thompson-James,NC-SECURITY,Nexus Cloud Security,0,0.19478359956006314,0,Low
SUB-00001381,CUST-000402,Thompson-James,NC-SQL,Nexus SQL Database,0,0.20301907564689578,0,Low
SUB-00001382,CUST-000402,Thompson-James,NC-INTEGRATION,Nexus Integration,1,0.8124019723207321,1,Critical
SUB-00001383,CUST-000403,"Hall, Hansen and Barnett",NC-WAREHOUSE,Nexus Data Warehouse,1,0.228241254363494,0,Low
SUB-00001384,CUST-000403,"Hall, Hansen and Barnett",NC-INTEGRATION,Nexus Integration,0,0.22470218993206728,0,Low
SUB-00001385,CUST-000403,"Hall, Hansen and Barnett",NC-CONTAINER,Nexus Container Platform,0,0.22561112828590754,0,Low
SUB-00001386,CUST-000403,"Hall, Hansen and Barnett",NC-COMPUTE,Nexus Compute,1,0.8345560844670727,1,Critical
SUB-00001387,CUST-000403,"Hall, Hansen and Barnett",NC-ANALYTICS,Nexus Analytics,0,0.21329716221467054,0,Low
SUB-00001388,CUST-000404,Jones-Hensley,NC-SECURITY,Nexus Cloud Security,1,0.8258347188313918,1,Critical
SUB-00001389,CUST-000404,Jones-Hensley,NC-SQL,Nexus SQL Database,1,0.8294093669624005,1,Critical
SUB-00001390,CUST-000404,Jones-Hensley,NC-STORAGE,Nexus Storage,1,0.8268682136377276,1,Critical
SUB-00001391,CUST-000404,Jones-Hensley,NC-CONTAINER,Nexus Container Platform,1,0.5156237514828358,1,High
SUB-00001392,CUST-000405,Graham Group,NC-SECURITY,Nexus Cloud Security,0,0.20992172094381983,0,Low
SUB-00001393,CUST-000405,Graham Group,NC-COMPUTE,Nexus Compute,0,0.21062075257679486,0,Low
SUB-00001394,CUST-000406,Atkins PLC,NC-STORAGE,Nexus Storage,1,0.5647265094247194,1,High
SUB-00001395,CUST-000406,Atkins PLC,NC-ANALYTICS,Nexus Analytics,1,0.5487707837158458,1,High
SUB-00001396,CUST-000407,Berry-Mckinney,NC-SQL,Nexus SQL Database,0,0.47410680852085996,0,Medium
SUB-00001397,CUST-000408,Roberts-Sullivan,NC-CONTAINER,Nexus Container Platform,1,0.8271688864329773,1,Critical
SUB-00001398,CUST-000408,Roberts-Sullivan,NC-SECURITY,Nexus Cloud Security,1,0.8138410327016836,1,Critical
SUB-00001399,CUST-000409,Jackson-Meza,NC-COMPUTE,Nexus Compute,1,0.556034686703635,1,High
SUB-00001400,CUST-000409,Jackson-Meza,NC-CONTAINER,Nexus Container Platform,0,0.236402501783883,0,Low
SUB-00001401,CUST-000409,Jackson-Meza,NC-SECURITY,Nexus Cloud Security,1,0.5550528944951282,1,High
SUB-00001402,CUST-000410,Collier-Gillespie,NC-WAREHOUSE,Nexus Data Warehouse,0,0.49665216649047206,0,Medium
SUB-00001403,CUST-000410,Collier-Gillespie,NC-STORAGE,Nexus Storage,1,0.7983511300264642,1,Critical
SUB-00001404,CUST-000410,Collier-Gillespie,NC-SQL,Nexus SQL Database,0,0.19275343471667852,0,Low
SUB-00001405,CUST-000410,Collier-Gillespie,NC-CONTAINER,Nexus Container Platform,1,0.8001407527354302,1,Critical
SUB-00001406,CUST-000410,Collier-Gillespie,NC-INTEGRATION,Nexus Integration,0,0.19372298639027094,0,Low
SUB-00001407,CUST-000410,Collier-Gillespie,NC-SECURITY,Nexus Cloud Security,1,0.5053386313731695,1,High
SUB-00001408,CUST-000410,Collier-Gillespie,NC-COMPUTE,Nexus Compute,0,0.1954564712942926,0,Low
SUB-00001409,CUST-000411,Kim Inc,NC-ANALYTICS,Nexus Analytics,1,0.5060160823759,1,High
SUB-00001410,CUST-000412,Graham Group,NC-CONTAINER,Nexus Container Platform,0,0.21297221735634989,0,Low
SUB-00001411,CUST-000412,Graham Group,NC-INTEGRATION,Nexus Integration,0,0.5051076118215243,1,High
SUB-00001412,CUST-000413,"Miller, Harrell and Reese",NC-CONTAINER,Nexus Container Platform,0,0.22836820177762002,0,Low
SUB-00001413,CUST-000413,"Miller, Harrell and Reese",NC-ANALYTICS,Nexus Analytics,1,0.8383711515463879,1,Critical
SUB-00001414,CUST-000413,"Miller, Harrell and Reese",NC-WAREHOUSE,Nexus Data Warehouse,1,0.5684683158302104,1,High
SUB-00001415,CUST-000414,Cook and Sons,NC-INTEGRATION,Nexus Integration,0,0.5605792639832563,1,High
SUB-00001416,CUST-000414,Cook and Sons,NC-ANALYTICS,Nexus Analytics,0,0.2652406659155853,0,Medium
SUB-00001417,CUST-000414,Cook and Sons,NC-STORAGE,Nexus Storage,0,0.20366435332680152,0,Low
SUB-00001418,CUST-000414,Cook and Sons,NC-COMPUTE,Nexus Compute,1,0.591895032455397,1,High
SUB-00001419,CUST-000414,Cook and Sons,NC-SECURITY,Nexus Cloud Security,0,0.5152172252772524,1,High
SUB-00001420,CUST-000414,Cook and Sons,NC-CONTAINER,Nexus Container Platform,0,0.5986163180521623,1,High
SUB-00001421,CUST-000414,Cook and Sons,NC-SQL,Nexus SQL Database,1,0.8550682192819018,1,Critical
SUB-00001422,CUST-000415,Dixon Inc,NC-SQL,Nexus SQL Database,1,0.24853719295952068,0,Low
SUB-00001423,CUST-000415,Dixon Inc,NC-CONTAINER,Nexus Container Platform,1,0.849994932516314,1,Critical
SUB-00001424,CUST-000415,Dixon Inc,NC-SECURITY,Nexus Cloud Security,0,0.573238699647055,1,High
SUB-00001425,CUST-000415,Dixon Inc,NC-WAREHOUSE,Nexus Data Warehouse,1,0.8404964686658601,1,Critical
SUB-00001426,CUST-000416,"Hicks, Bullock and Bailey",NC-CONTAINER,Nexus Container Platform,1,0.5139700161692208,1,High
SUB-00001427,CUST-000417,"Mullen, Brewer and Hernandez",NC-WAREHOUSE,Nexus Data Warehouse,1,0.8223080593763045,1,Critical
SUB-00001428,CUST-000417,"Mullen, Brewer and Hernandez",NC-SQL,Nexus SQL Database,0,0.21049618821123858,0,Low
SUB-00001429,CUST-000417,"Mullen, Brewer and Hernandez",NC-SECURITY,Nexus Cloud Security,1,0.5099894916921495,1,High
SUB-00001430,CUST-000417,"Mullen, Brewer and Hernandez",NC-CONTAINER,Nexus Container Platform,1,0.5122757693244496,1,High
SUB-00001431,CUST-000417,"Mullen, Brewer and Hernandez",NC-STORAGE,Nexus Storage,1,0.817426407704171,1,Critical
SUB-00001432,CUST-000417,"Mullen, Brewer and Hernandez",NC-COMPUTE,Nexus Compute,0,0.19966309918026726,0,Low
SUB-00001433,CUST-000418,Thomas and Sons,NC-CONTAINER,Nexus Container Platform,0,0.23072069712667828,0,Low
SUB-00001434,CUST-000418,Thomas and Sons,NC-ANALYTICS,Nexus Analytics,1,0.5586614223137383,1,High
SUB-00001435,CUST-000418,Thomas and Sons,NC-INTEGRATION,Nexus Integration,1,0.834218191490772,1,Critical
SUB-00001436,CUST-000419,Morrison Ltd,NC-INTEGRATION,Nexus Integration,1,0.8126175795660433,1,Critical
SUB-00001437,CUST-000419,Morrison Ltd,NC-WAREHOUSE,Nexus Data Warehouse,1,0.8108390161480887,1,Critical
SUB-00001438,CUST-000420,Thompson Ltd,NC-ANALYTICS,Nexus Analytics,1,0.529689762924647,1,High
SUB-00001439,CUST-000420,Thompson Ltd,NC-AIMODEL,Nexus AI Models,0,0.21157654355185826,0,Low
SUB-00001440,CUST-000420,Thompson Ltd,NC-INTEGRATION,Nexus Integration,1,0.5230917309882784,1,High
SUB-00001441,CUST-000420,Thompson Ltd,NC-SECURITY,Nexus Cloud Security,1,0.8067301833118848,1,Critical
SUB-00001442,CUST-000420,Thompson Ltd,NC-SQL,Nexus SQL Database,0,0.5161189942109563,1,High
SUB-00001443,CUST-000421,Marshall-Elliott,NC-SECURITY,Nexus Cloud Security,0,0.2235421745889235,0,Low
SUB-00001444,CUST-000421,Marshall-Elliott,NC-COMPUTE,Nexus Compute,1,0.833503588250176,1,Critical
SUB-00001445,CUST-000421,Marshall-Elliott,NC-CONTAINER,Nexus Container Platform,1,0.5335971026209774,1,High
SUB-00001446,CUST-000422,"Cole, Glass and Cunningham",NC-AIMODEL,Nexus AI Models,0,0.19710736782533572,0,Low
SUB-00001447,CUST-000422,"Cole, Glass and Cunningham",NC-INTEGRATION,Nexus Integration,1,0.19573043279065583,0,Low
SUB-00001448,CUST-000422,"Cole, Glass and Cunningham",NC-AISEARCH,Nexus AI Search,0,0.21006806289572683,0,Low
SUB-00001449,CUST-000423,"Downs, Morris and Maddox",NC-SECURITY,Nexus Cloud Security,0,0.2236508694971761,0,Low
SUB-00001450,CUST-000424,Hernandez-Jones,NC-SECURITY,Nexus Cloud Security,0,0.20195948316578677,0,Low
SUB-00001451,CUST-000424,Hernandez-Jones,NC-INTEGRATION,Nexus Integration,0,0.5337971043007006,1,High
SUB-00001452,CUST-000424,Hernandez-Jones,NC-ANALYTICS,Nexus Analytics,1,0.8179535836148288,1,Critical
SUB-00001453,CUST-000425,Welch-Hogan,NC-CONTAINER,Nexus Container Platform,1,0.7990767601659411,1,Critical
SUB-00001454,CUST-000425,Welch-Hogan,NC-WAREHOUSE,Nexus Data Warehouse,0,0.5069372201742394,1,High
SUB-00001455,CUST-000425,Welch-Hogan,NC-COMPUTE,Nexus Compute,1,0.5030646587358681,1,High
SUB-00001456,CUST-000425,Welch-Hogan,NC-SQL,Nexus SQL Database,1,0.5049480004825079,1,High
SUB-00001457,CUST-000426,"Brown, Romero and Collins",NC-ANALYTICS,Nexus Analytics,1,0.8440397604449769,1,Critical
SUB-00001458,CUST-000426,"Brown, Romero and Collins",NC-COMPUTE,Nexus Compute,0,0.8398549008970386,1,Critical
SUB-00001459,CUST-000426,"Brown, Romero and Collins",NC-SECURITY,Nexus Cloud Security,1,0.5675693064609297,1,High
SUB-00001460,CUST-000426,"Brown, Romero and Collins",NC-INTEGRATION,Nexus Integration,1,0.8408022439643504,1,Critical
SUB-00001461,CUST-000426,"Brown, Romero and Collins",NC-CONTAINER,Nexus Container Platform,0,0.5677344521121467,1,High
SUB-00001462,CUST-000426,"Brown, Romero and Collins",NC-STORAGE,Nexus Storage,1,0.25021698936419273,0,Medium
SUB-00001463,CUST-000426,"Brown, Romero and Collins",NC-WAREHOUSE,Nexus Data Warehouse,1,0.8375229979893145,1,Critical
SUB-00001464,CUST-000427,Johnson-Wood,NC-AIMODEL,Nexus AI Models,1,0.8230608359599318,1,Critical
SUB-00001465,CUST-000427,Johnson-Wood,NC-INTEGRATION,Nexus Integration,0,0.5218057047465603,1,High
SUB-00001466,CUST-000427,Johnson-Wood,NC-STORAGE,Nexus Storage,1,0.493895549266039,0,Medium
SUB-00001467,CUST-000427,Johnson-Wood,NC-COMPUTE,Nexus Compute,1,0.5054378279518107,1,High
SUB-00001468,CUST-000427,Johnson-Wood,NC-AISEARCH,Nexus AI Search,1,0.8162169345380959,1,Critical
SUB-00001469,CUST-000427,Johnson-Wood,NC-ANALYTICS,Nexus Analytics,0,0.5248893482562562,1,High
SUB-00001470,CUST-000427,Johnson-Wood,NC-CONTAINER,Nexus Container Platform,1,0.8175186508974392,1,Critical
SUB-00001471,CUST-000428,Jones-Lin,NC-SQL,Nexus SQL Database,0,0.819601723067411,1,Critical
SUB-00001472,CUST-000428,Jones-Lin,NC-CONTAINER,Nexus Container Platform,1,0.8391963868698539,1,Critical
SUB-00001473,CUST-000428,Jones-Lin,NC-SECURITY,Nexus Cloud Security,0,0.25128035418200606,0,Medium
SUB-00001474,CUST-000428,Jones-Lin,NC-INTEGRATION,Nexus Integration,0,0.18535280360889372,0,Low
SUB-00001475,CUST-000428,Jones-Lin,NC-ANALYTICS,Nexus Analytics,0,0.2565549736394726,0,Medium
SUB-00001476,CUST-000429,Gilbert PLC,NC-STORAGE,Nexus Storage,1,0.8340038567477361,1,Critical
SUB-00001477,CUST-000430,Ford-Spencer,NC-SQL,Nexus SQL Database,0,0.8034047910694593,1,Critical
SUB-00001478,CUST-000430,Ford-Spencer,NC-STORAGE,Nexus Storage,1,0.8010509317572749,1,Critical
SUB-00001479,CUST-000431,"Huang, Cole and Pacheco",NC-ANALYTICS,Nexus Analytics,1,0.5049324570782154,1,High
SUB-00001480,CUST-000431,"Huang, Cole and Pacheco",NC-STORAGE,Nexus Storage,1,0.8105287760809959,1,Critical
SUB-00001481,CUST-000431,"Huang, Cole and Pacheco",NC-COMPUTE,Nexus Compute,0,0.19669333766911465,0,Low
SUB-00001482,CUST-000431,"Huang, Cole and Pacheco",NC-INTEGRATION,Nexus Integration,1,0.8134026487040029,1,Critical
SUB-00001483,CUST-000431,"Huang, Cole and Pacheco",NC-SQL,Nexus SQL Database,1,0.8260130902864632,1,Critical
SUB-00001484,CUST-000432,"Lopez, Jacobs and Mason",NC-CONTAINER,Nexus Container Platform,0,0.49662487833789937,0,Medium
SUB-00001485,CUST-000433,Hayes LLC,NC-STORAGE,Nexus Storage,0,0.24028006940058125,0,Low
SUB-00001486,CUST-000433,Hayes LLC,NC-COMPUTE,Nexus Compute,0,0.24101370338614728,0,Low
SUB-00001487,CUST-000433,Hayes LLC,NC-WAREHOUSE,Nexus Data Warehouse,0,0.22848235622882285,0,Low
SUB-00001488,CUST-000434,"Miller, Lucas and Williams",NC-SECURITY,Nexus Cloud Security,0,0.7955976299062631,1,Critical
SUB-00001489,CUST-000435,"Kim, Gonzales and Mills",NC-CONTAINER,Nexus Container Platform,0,0.5171553870734813,1,High
SUB-00001490,CUST-000435,"Kim, Gonzales and Mills",NC-STORAGE,Nexus Storage,0,0.19358534513554218,0,Low
SUB-00001491,CUST-000435,"Kim, Gonzales and Mills",NC-ANALYTICS,Nexus Analytics,0,0.21947422146952222,0,Low
SUB-00001492,CUST-000435,"Kim, Gonzales and Mills",NC-WAREHOUSE,Nexus Data Warehouse,0,0.20951987271498967,0,Low
SUB-00001493,CUST-000435,"Kim, Gonzales and Mills",NC-SECURITY,Nexus Cloud Security,0,0.20439483981354878,0,Low
SUB-00001494,CUST-000436,Cox LLC,NC-CONTAINER,Nexus Container Platform,1,0.21715340627093105,0,Low
SUB-00001495,CUST-000436,Cox LLC,NC-ANALYTICS,Nexus Analytics,1,0.8155395750016494,1,Critical
SUB-00001496,CUST-000436,Cox LLC,NC-STORAGE,Nexus Storage,0,0.7972117178363816,1,Critical
SUB-00001497,CUST-000436,Cox LLC,NC-INTEGRATION,Nexus Integration,1,0.4320083926764309,0,Medium
SUB-00001498,CUST-000436,Cox LLC,NC-AIMODEL,Nexus AI Models,1,0.4762212389170806,0,Medium
SUB-00001499,CUST-000436,Cox LLC,NC-SQL,Nexus SQL Database,0,0.5792615375861035,1,High
SUB-00001500,CUST-000437,Ortiz-Morgan,NC-INTEGRATION,Nexus Integration,1,0.17912114880704602,0,Low
SUB-00001501,CUST-000437,Ortiz-Morgan,NC-CONTAINER,Nexus Container Platform,1,0.18929364220900302,0,Low
SUB-00001502,CUST-000437,Ortiz-Morgan,NC-AISEARCH,Nexus AI Search,1,0.18923018475059933,0,Low
SUB-00001503,CUST-000437,Ortiz-Morgan,NC-WAREHOUSE,Nexus Data Warehouse,1,0.801774129939441,1,Critical
SUB-00001504,CUST-000437,Ortiz-Morgan,NC-SECURITY,Nexus Cloud Security,1,0.7714817883114014,1,Critical
SUB-00001505,CUST-000437,Ortiz-Morgan,NC-SQL,Nexus SQL Database,1,0.47027359618166403,0,Medium
SUB-00001506,CUST-000437,Ortiz-Morgan,NC-STORAGE,Nexus Storage,1,0.7897657304927729,1,Critical
SUB-00001507,CUST-000438,"Williams, Mccoy and Cook",NC-COMPUTE,Nexus Compute,1,0.2335868760677574,0,Low
SUB-00001508,CUST-000438,"Williams, Mccoy and Cook",NC-STORAGE,Nexus Storage,0,0.23361186769417927,0,Low
SUB-00001509,CUST-000438,"Williams, Mccoy and Cook",NC-SQL,Nexus SQL Database,1,0.5623363429412619,1,High
SUB-00001510,CUST-000439,Davis-Gregory,NC-AISEARCH,Nexus AI Search,1,0.8302844972274451,1,Critical
SUB-00001511,CUST-000439,Davis-Gregory,NC-WAREHOUSE,Nexus Data Warehouse,0,0.19536789786101785,0,Low
SUB-00001512,CUST-000440,King-York,NC-SECURITY,Nexus Cloud Security,1,0.4996904453643799,0,Medium
SUB-00001513,CUST-000440,King-York,NC-ANALYTICS,Nexus Analytics,0,0.18497507211141684,0,Low
SUB-00001514,CUST-000440,King-York,NC-COMPUTE,Nexus Compute,0,0.1959853178797398,0,Low
SUB-00001515,CUST-000441,"Marks, Cook and Aguilar",NC-SQL,Nexus SQL Database,1,0.8343770110319623,1,Critical
SUB-00001516,CUST-000442,Rangel LLC,NC-COMPUTE,Nexus Compute,1,0.5562327383834514,1,High
SUB-00001517,CUST-000442,Rangel LLC,NC-SECURITY,Nexus Cloud Security,0,0.5727969502698578,1,High
SUB-00001518,CUST-000442,Rangel LLC,NC-AISEARCH,Nexus AI Search,1,0.5781186121408338,1,High
SUB-00001519,CUST-000443,"Hale, Myers and Larson",NC-SQL,Nexus SQL Database,1,0.5516546114584799,1,High
SUB-00001520,CUST-000443,"Hale, Myers and Larson",NC-STORAGE,Nexus Storage,0,0.22611770523295424,0,Low
SUB-00001521,CUST-000444,Collins Group,NC-INTEGRATION,Nexus Integration,1,0.21114509772446352,0,Low
SUB-00001522,CUST-000444,Collins Group,NC-SQL,Nexus SQL Database,1,0.8359835993732685,1,Critical
SUB-00001523,CUST-000445,"Conner, Li and Santiago",NC-STORAGE,Nexus Storage,1,0.48309754868155647,0,Medium
SUB-00001524,CUST-000445,"Conner, Li and Santiago",NC-ANALYTICS,Nexus Analytics,1,0.49977451102749476,0,Medium
SUB-00001525,CUST-000445,"Conner, Li and Santiago",NC-SECURITY,Nexus Cloud Security,1,0.8124049849414863,1,Critical
SUB-00001526,CUST-000446,"Osborn, Gaines and Davis",NC-INTEGRATION,Nexus Integration,0,0.8061758757407204,1,Critical
SUB-00001527,CUST-000446,"Osborn, Gaines and Davis",NC-WAREHOUSE,Nexus Data Warehouse,0,0.218220564639898,0,Low
SUB-00001528,CUST-000446,"Osborn, Gaines and Davis",NC-AISEARCH,Nexus AI Search,0,0.5333172444147617,1,High
SUB-00001529,CUST-000447,"Henderson, Cox and Cox",NC-AIMODEL,Nexus AI Models,0,0.6000007865618724,1,High
SUB-00001530,CUST-000447,"Henderson, Cox and Cox",NC-SQL,Nexus SQL Database,1,0.24928546352131478,0,Low
SUB-00001531,CUST-000447,"Henderson, Cox and Cox",NC-ANALYTICS,Nexus Analytics,1,0.8422667165278053,1,Critical
SUB-00001532,CUST-000448,Bean LLC,NC-WAREHOUSE,Nexus Data Warehouse,1,0.8421418677501635,1,Critical
SUB-00001533,CUST-000448,Bean LLC,NC-ANALYTICS,Nexus Analytics,1,0.8349811553202512,1,Critical
SUB-00001534,CUST-000448,Bean LLC,NC-INTEGRATION,Nexus Integration,1,0.5607677369117949,1,High
SUB-00001535,CUST-000448,Bean LLC,NC-SQL,Nexus SQL Database,1,0.824008010732717,1,Critical
SUB-00001536,CUST-000448,Bean LLC,NC-AIMODEL,Nexus AI Models,0,0.25071557428824504,0,Medium
SUB-00001537,CUST-000449,Lee-Cooke,NC-SQL,Nexus SQL Database,1,0.8180800317951061,1,Critical
SUB-00001538,CUST-000449,Lee-Cooke,NC-ANALYTICS,Nexus Analytics,0,0.2215437291148851,0,Low
SUB-00001539,CUST-000449,Lee-Cooke,NC-SECURITY,Nexus Cloud Security,1,0.8132498048973732,1,Critical
SUB-00001540,CUST-000449,Lee-Cooke,NC-INTEGRATION,Nexus Integration,1,0.5418085287482151,1,High
SUB-00001541,CUST-000449,Lee-Cooke,NC-WAREHOUSE,Nexus Data Warehouse,1,0.5338318447132936,1,High
SUB-00001542,CUST-000449,Lee-Cooke,NC-STORAGE,Nexus Storage,1,0.8296130964748245,1,Critical
SUB-00001543,CUST-000449,Lee-Cooke,NC-COMPUTE,Nexus Compute,1,0.5134679771028143,1,High
SUB-00001544,CUST-000450,Jones Inc,NC-SECURITY,Nexus Cloud Security,1,0.785193986733241,1,Critical
SUB-00001545,CUST-000451,"Wise, Conley and Stephenson",NC-CONTAINER,Nexus Container Platform,1,0.8097196179728869,1,Critical
SUB-00001546,CUST-000451,"Wise, Conley and Stephenson",NC-SQL,Nexus SQL Database,0,0.49529539112252396,0,Medium
SUB-00001547,CUST-000452,Stanley PLC,NC-ANALYTICS,Nexus Analytics,1,0.48480454238803244,0,Medium
SUB-00001548,CUST-000452,Stanley PLC,NC-SECURITY,Nexus Cloud Security,1,0.47134187626449786,0,Medium
SUB-00001549,CUST-000453,Harper and Sons,NC-STORAGE,Nexus Storage,1,0.1914262629962392,0,Low
SUB-00001550,CUST-000453,Harper and Sons,NC-AISEARCH,Nexus AI Search,1,0.7733611506423577,1,Critical
SUB-00001551,CUST-000453,Harper and Sons,NC-SECURITY,Nexus Cloud Security,0,0.15557891211061567,0,Low
SUB-00001552,CUST-000453,Harper and Sons,NC-ANALYTICS,Nexus Analytics,1,0.8089087747361556,1,Critical
SUB-00001553,CUST-000453,Harper and Sons,NC-AIMODEL,Nexus AI Models,0,0.5434343635459563,1,High
SUB-00001554,CUST-000453,Harper and Sons,NC-INTEGRATION,Nexus Integration,0,0.5064522773637952,1,High
SUB-00001555,CUST-000453,Harper and Sons,NC-CONTAINER,Nexus Container Platform,0,0.20576176615002348,0,Low
SUB-00001556,CUST-000453,Harper and Sons,NC-SQL,Nexus SQL Database,0,0.1850841865325412,0,Low
SUB-00001557,CUST-000454,White Ltd,NC-ANALYTICS,Nexus Analytics,1,0.5514682098139183,1,High
SUB-00001558,CUST-000454,White Ltd,NC-STORAGE,Nexus Storage,1,0.547769912050638,1,High
SUB-00001559,CUST-000454,White Ltd,NC-CONTAINER,Nexus Container Platform,1,0.826582267119387,1,Critical
SUB-00001560,CUST-000455,"Lamb, Martin and Kim",NC-STORAGE,Nexus Storage,0,0.21213034388967267,0,Low
SUB-00001561,CUST-000455,"Lamb, Martin and Kim",NC-CONTAINER,Nexus Container Platform,0,0.5273262699545919,1,High
SUB-00001562,CUST-000456,Diaz-Ball,NC-INTEGRATION,Nexus Integration,0,0.21738713888343703,0,Low
SUB-00001563,CUST-000456,Diaz-Ball,NC-ANALYTICS,Nexus Analytics,0,0.5189598684337324,1,High
SUB-00001564,CUST-000456,Diaz-Ball,NC-CONTAINER,Nexus Container Platform,1,0.8193270171255372,1,Critical
SUB-00001565,CUST-000457,Bishop-Goodwin,NC-SECURITY,Nexus Cloud Security,1,0.7897418585817693,1,Critical
SUB-00001566,CUST-000457,Bishop-Goodwin,NC-COMPUTE,Nexus Compute,1,0.7939552712783988,1,Critical
SUB-00001567,CUST-000457,Bishop-Goodwin,NC-STORAGE,Nexus Storage,0,0.5084378587940026,1,High
SUB-00001568,CUST-000457,Bishop-Goodwin,NC-WAREHOUSE,Nexus Data Warehouse,0,0.1820547103787669,0,Low
SUB-00001569,CUST-000457,Bishop-Goodwin,NC-CONTAINER,Nexus Container Platform,1,0.8077644001718268,1,Critical
SUB-00001570,CUST-000458,Young-Allen,NC-CONTAINER,Nexus Container Platform,1,0.8155013437674892,1,Critical
SUB-00001571,CUST-000459,Mckee-Lee,NC-ANALYTICS,Nexus Analytics,1,0.7912977562835123,1,Critical
SUB-00001572,CUST-000460,"Valentine, Joyce and Murray",NC-SQL,Nexus SQL Database,1,0.8531901744636406,1,Critical
SUB-00001573,CUST-000460,"Valentine, Joyce and Murray",NC-CONTAINER,Nexus Container Platform,1,0.8503973727924011,1,Critical
SUB-00001574,CUST-000460,"Valentine, Joyce and Murray",NC-WAREHOUSE,Nexus Data Warehouse,0,0.5621911320446188,1,High
SUB-00001575,CUST-000461,Strickland-Shaw,NC-WAREHOUSE,Nexus Data Warehouse,0,0.20092116101491034,0,Low
SUB-00001576,CUST-000461,Strickland-Shaw,NC-INTEGRATION,Nexus Integration,1,0.7969102353185628,1,Critical
SUB-00001577,CUST-000461,Strickland-Shaw,NC-CONTAINER,Nexus Container Platform,1,0.19855332756461472,0,Low
SUB-00001578,CUST-000462,Burch-Montoya,NC-CONTAINER,Nexus Container Platform,1,0.832655477525827,1,Critical
SUB-00001579,CUST-000462,Burch-Montoya,NC-INTEGRATION,Nexus Integration,1,0.5647656247110645,1,High
SUB-00001580,CUST-000463,"Taylor, Wright and Davidson",NC-SECURITY,Nexus Cloud Security,1,0.1883692144762497,0,Low
SUB-00001581,CUST-000463,"Taylor, Wright and Davidson",NC-ANALYTICS,Nexus Analytics,1,0.7998666096712691,1,Critical
SUB-00001582,CUST-000464,Spencer-Garcia,NC-STORAGE,Nexus Storage,0,0.576822174724214,1,High
SUB-00001583,CUST-000464,Spencer-Garcia,NC-SQL,Nexus SQL Database,1,0.5130436869017715,1,High
SUB-00001584,CUST-000464,Spencer-Garcia,NC-ANALYTICS,Nexus Analytics,0,0.193009885176669,0,Low
SUB-00001585,CUST-000464,Spencer-Garcia,NC-INTEGRATION,Nexus Integration,0,0.2259935305273256,0,Low
SUB-00001586,CUST-000464,Spencer-Garcia,NC-CONTAINER,Nexus Container Platform,1,0.8264565168702094,1,Critical
SUB-00001587,CUST-000464,Spencer-Garcia,NC-COMPUTE,Nexus Compute,0,0.20191473343174177,0,Low
SUB-00001588,CUST-000465,"Rosales, Mitchell and Hines",NC-INTEGRATION,Nexus Integration,0,0.218720964567337,0,Low
SUB-00001589,CUST-000465,"Rosales, Mitchell and Hines",NC-STORAGE,Nexus Storage,1,0.5362147786314568,1,High
SUB-00001590,CUST-000465,"Rosales, Mitchell and Hines",NC-SECURITY,Nexus Cloud Security,1,0.5347175901552702,1,High
SUB-00001591,CUST-000465,"Rosales, Mitchell and Hines",NC-COMPUTE,Nexus Compute,1,0.8147027351484745,1,Critical
SUB-00001592,CUST-000465,"Rosales, Mitchell and Hines",NC-SQL,Nexus SQL Database,1,0.8192729336842925,1,Critical
SUB-00001593,CUST-000466,Cole-Palmer,NC-ANALYTICS,Nexus Analytics,1,0.8359225197793977,1,Critical
SUB-00001594,CUST-000467,Davis-Lozano,NC-CONTAINER,Nexus Container Platform,1,0.2114201040818598,0,Low
SUB-00001595,CUST-000467,Davis-Lozano,NC-SQL,Nexus SQL Database,1,0.836257515899393,1,Critical
SUB-00001596,CUST-000468,Wilkerson-Arias,NC-AISEARCH,Nexus AI Search,1,0.21924443728647802,0,Low
SUB-00001597,CUST-000468,Wilkerson-Arias,NC-COMPUTE,Nexus Compute,1,0.8519232152987505,1,Critical
SUB-00001598,CUST-000468,Wilkerson-Arias,NC-ANALYTICS,Nexus Analytics,0,0.24200347453329857,0,Low
SUB-00001599,CUST-000468,Wilkerson-Arias,NC-WAREHOUSE,Nexus Data Warehouse,1,0.5929507296749034,1,High
SUB-00001600,CUST-000468,Wilkerson-Arias,NC-INTEGRATION,Nexus Integration,1,0.5478171579555311,1,High
SUB-00001601,CUST-000468,Wilkerson-Arias,NC-SECURITY,Nexus Cloud Security,1,0.5908377830155288,1,High
SUB-00001602,CUST-000468,Wilkerson-Arias,NC-CONTAINER,Nexus Container Platform,1,0.5772277958868937,1,High
SUB-00001603,CUST-000468,Wilkerson-Arias,NC-SQL,Nexus SQL Database,1,0.8759343706797897,1,Critical
SUB-00001604,CUST-000468,Wilkerson-Arias,NC-STORAGE,Nexus Storage,1,0.8530333140572218,1,Critical
SUB-00001605,CUST-000469,Brown-Shaw,NC-WAREHOUSE,Nexus Data Warehouse,1,0.8215192813484684,1,Critical
SUB-00001606,CUST-000469,Brown-Shaw,NC-INTEGRATION,Nexus Integration,1,0.8266463798216728,1,Critical
SUB-00001607,CUST-000470,Hughes Inc,NC-SQL,Nexus SQL Database,1,0.8097144203011639,1,Critical
SUB-00001608,CUST-000470,Hughes Inc,NC-CONTAINER,Nexus Container Platform,1,0.8161928296174799,1,Critical
SUB-00001609,CUST-000471,Walker-Flores,NC-ANALYTICS,Nexus Analytics,0,0.19212369335307003,0,Low
SUB-00001610,CUST-000471,Walker-Flores,NC-CONTAINER,Nexus Container Platform,0,0.5136395543602277,1,High
SUB-00001611,CUST-000472,Combs Ltd,NC-COMPUTE,Nexus Compute,0,0.5607397825834708,1,High
SUB-00001612,CUST-000472,Combs Ltd,NC-WAREHOUSE,Nexus Data Warehouse,0,0.2218183777055753,0,Low
SUB-00001613,CUST-000473,Moody-Taylor,NC-ANALYTICS,Nexus Analytics,1,0.8056110386037141,1,Critical
SUB-00001614,CUST-000473,Moody-Taylor,NC-COMPUTE,Nexus Compute,1,0.5169134709940503,1,High
SUB-00001615,CUST-000473,Moody-Taylor,NC-CONTAINER,Nexus Container Platform,1,0.8035424285256313,1,Critical
SUB-00001616,CUST-000474,Lowery-Kennedy,NC-INTEGRATION,Nexus Integration,0,0.7935745559824596,1,Critical
SUB-00001617,CUST-000474,Lowery-Kennedy,NC-COMPUTE,Nexus Compute,0,0.19051853335311705,0,Low
SUB-00001618,CUST-000474,Lowery-Kennedy,NC-WAREHOUSE,Nexus Data Warehouse,1,0.8045166012976144,1,Critical
SUB-00001619,CUST-000475,Blake Group,NC-SECURITY,Nexus Cloud Security,0,0.19937198188775465,0,Low
SUB-00001620,CUST-000475,Blake Group,NC-INTEGRATION,Nexus Integration,0,0.5852273324510894,1,High
SUB-00001621,CUST-000475,Blake Group,NC-STORAGE,Nexus Storage,0,0.2442113412351262,0,Low
SUB-00001622,CUST-000475,Blake Group,NC-CONTAINER,Nexus Container Platform,1,0.8476776001365393,1,Critical
SUB-00001623,CUST-000475,Blake Group,NC-SQL,Nexus SQL Database,1,0.7868066498187183,1,Critical
SUB-00001624,CUST-000475,Blake Group,NC-COMPUTE,Nexus Compute,1,0.5069470020699128,1,High
SUB-00001625,CUST-000475,Blake Group,NC-WAREHOUSE,Nexus Data Warehouse,0,0.45597607319425576,0,Medium
SUB-00001626,CUST-000475,Blake Group,NC-ANALYTICS,Nexus Analytics,1,0.8366433475605459,1,Critical
SUB-00001627,CUST-000476,Gilbert-Bullock,NC-WAREHOUSE,Nexus Data Warehouse,1,0.5170678217526667,1,High
SUB-00001628,CUST-000476,Gilbert-Bullock,NC-CONTAINER,Nexus Container Platform,1,0.1902706468588535,0,Low
SUB-00001629,CUST-000477,Scott and Sons,NC-INTEGRATION,Nexus Integration,1,0.19780178642098778,0,Low
SUB-00001630,CUST-000477,Scott and Sons,NC-AIMODEL,Nexus AI Models,0,0.5324811328724308,1,High
SUB-00001631,CUST-000477,Scott and Sons,NC-ANALYTICS,Nexus Analytics,0,0.20394384281192293,0,Low
SUB-00001632,CUST-000477,Scott and Sons,NC-WAREHOUSE,Nexus Data Warehouse,1,0.8245363414204322,1,Critical
SUB-00001633,CUST-000478,"Bentley, Lynch and Henderson",NC-INTEGRATION,Nexus Integration,0,0.20445882982733857,0,Low
SUB-00001634,CUST-000479,Young-Martinez,NC-CONTAINER,Nexus Container Platform,1,0.8436985250104174,1,Critical
SUB-00001635,CUST-000480,Barnes PLC,NC-STORAGE,Nexus Storage,1,0.535699488375043,1,High
SUB-00001636,CUST-000480,Barnes PLC,NC-INTEGRATION,Nexus Integration,0,0.1984288134876477,0,Low
SUB-00001637,CUST-000480,Barnes PLC,NC-SECURITY,Nexus Cloud Security,0,0.5156304482309267,1,High
SUB-00001638,CUST-000480,Barnes PLC,NC-CONTAINER,Nexus Container Platform,1,0.8270400777876238,1,Critical
SUB-00001639,CUST-000480,Barnes PLC,NC-WAREHOUSE,Nexus Data Warehouse,0,0.529888873014701,1,High
SUB-00001640,CUST-000480,Barnes PLC,NC-SQL,Nexus SQL Database,0,0.21075945130955717,0,Low
SUB-00001641,CUST-000481,Brown-Copeland,NC-WAREHOUSE,Nexus Data Warehouse,1,0.8358357728117264,1,Critical
SUB-00001642,CUST-000482,Carlson-Smith,NC-WAREHOUSE,Nexus Data Warehouse,1,0.21067224328893489,0,Low
SUB-00001643,CUST-000482,Carlson-Smith,NC-SQL,Nexus SQL Database,0,0.21969472529854664,0,Low
SUB-00001644,CUST-000482,Carlson-Smith,NC-CONTAINER,Nexus Container Platform,1,0.8153676945249826,1,Critical
SUB-00001645,CUST-000483,"Andrews, Higgins and Carter",NC-CONTAINER,Nexus Container Platform,0,0.839429018001991,1,Critical
SUB-00001646,CUST-000483,"Andrews, Higgins and Carter",NC-SQL,Nexus SQL Database,0,0.2528447050889174,0,Medium
SUB-00001647,CUST-000483,"Andrews, Higgins and Carter",NC-STORAGE,Nexus Storage,1,0.8338757023459789,1,Critical
SUB-00001648,CUST-000483,"Andrews, Higgins and Carter",NC-SECURITY,Nexus Cloud Security,1,0.5514238544999995,1,High
SUB-00001649,CUST-000483,"Andrews, Higgins and Carter",NC-INTEGRATION,Nexus Integration,1,0.8409939141650501,1,Critical
SUB-00001650,CUST-000483,"Andrews, Higgins and Carter",NC-COMPUTE,Nexus Compute,1,0.8421864442031622,1,Critical
SUB-00001651,CUST-000483,"Andrews, Higgins and Carter",NC-WAREHOUSE,Nexus Data Warehouse,0,0.5865948914940124,1,High
SUB-00001652,CUST-000484,Mendez and Sons,NC-COMPUTE,Nexus Compute,1,0.7877665464331506,1,Critical
SUB-00001653,CUST-000484,Mendez and Sons,NC-STORAGE,Nexus Storage,0,0.48849713783048737,0,Medium
SUB-00001654,CUST-000484,Mendez and Sons,NC-ANALYTICS,Nexus Analytics,0,0.1885222727476288,0,Low
SUB-00001655,CUST-000484,Mendez and Sons,NC-SECURITY,Nexus Cloud Security,1,0.7965379994261681,1,Critical
SUB-00001656,CUST-000485,"Butler, Beck and Miller",NC-STORAGE,Nexus Storage,1,0.8341298200820675,1,Critical
SUB-00001657,CUST-000485,"Butler, Beck and Miller",NC-SQL,Nexus SQL Database,0,0.550677975676415,1,High
SUB-00001658,CUST-000485,"Butler, Beck and Miller",NC-INTEGRATION,Nexus Integration,0,0.22557626516746246,0,Low
SUB-00001659,CUST-000486,Jones-Fox,NC-COMPUTE,Nexus Compute,1,0.8348989490440436,1,Critical
SUB-00001660,CUST-000486,Jones-Fox,NC-INTEGRATION,Nexus Integration,0,0.23579355825826825,0,Low
SUB-00001661,CUST-000486,Jones-Fox,NC-SQL,Nexus SQL Database,0,0.5584513423788481,1,High
SUB-00001662,CUST-000486,Jones-Fox,NC-CONTAINER,Nexus Container Platform,0,0.22478909924979035,0,Low
SUB-00001663,CUST-000486,Jones-Fox,NC-SECURITY,Nexus Cloud Security,1,0.5524573273922755,1,High
SUB-00001664,CUST-000486,Jones-Fox,NC-WAREHOUSE,Nexus Data Warehouse,1,0.5713397018395243,1,High
SUB-00001665,CUST-000487,"Hartman, Romero and Smith",NC-AIMODEL,Nexus AI Models,0,0.25872361065119676,0,Medium
SUB-00001666,CUST-000487,"Hartman, Romero and Smith",NC-INTEGRATION,Nexus Integration,1,0.5197197697448077,1,High
SUB-00001667,CUST-000487,"Hartman, Romero and Smith",NC-SQL,Nexus SQL Database,1,0.8518450905534097,1,Critical
SUB-00001668,CUST-000487,"Hartman, Romero and Smith",NC-SECURITY,Nexus Cloud Security,1,0.19192259829692318,0,Low
SUB-00001669,CUST-000487,"Hartman, Romero and Smith",NC-COMPUTE,Nexus Compute,0,0.23838419554912024,0,Low
SUB-00001670,CUST-000487,"Hartman, Romero and Smith",NC-STORAGE,Nexus Storage,1,0.8325282088104593,1,Critical
SUB-00001671,CUST-000487,"Hartman, Romero and Smith",NC-WAREHOUSE,Nexus Data Warehouse,1,0.5877477511143265,1,High
SUB-00001672,CUST-000487,"Hartman, Romero and Smith",NC-AISEARCH,Nexus AI Search,1,0.21464605071114398,0,Low
SUB-00001673,CUST-000488,Williams-Hughes,NC-SQL,Nexus SQL Database,1,0.25162403713825965,0,Medium
SUB-00001674,CUST-000488,Williams-Hughes,NC-WAREHOUSE,Nexus Data Warehouse,0,0.23201963202323186,0,Low
SUB-00001675,CUST-000488,Williams-Hughes,NC-CONTAINER,Nexus Container Platform,1,0.8472435482386221,1,Critical
SUB-00001676,CUST-000488,Williams-Hughes,NC-AISEARCH,Nexus AI Search,1,0.5979511906841682,1,High
SUB-00001677,CUST-000488,Williams-Hughes,NC-STORAGE,Nexus Storage,0,0.5725402190856362,1,High
SUB-00001678,CUST-000489,King-Smith,NC-WAREHOUSE,Nexus Data Warehouse,0,0.16844403837592434,0,Low
SUB-00001679,CUST-000489,King-Smith,NC-SECURITY,Nexus Cloud Security,1,0.1649225671120048,0,Low
SUB-00001680,CUST-000490,Cooper Ltd,NC-ANALYTICS,Nexus Analytics,0,0.5060644350386506,1,High
SUB-00001681,CUST-000490,Cooper Ltd,NC-WAREHOUSE,Nexus Data Warehouse,1,0.48581811707537365,0,Medium
SUB-00001682,CUST-000490,Cooper Ltd,NC-SECURITY,Nexus Cloud Security,0,0.4992104006487357,0,Medium
SUB-00001683,CUST-000490,Cooper Ltd,NC-AISEARCH,Nexus AI Search,1,0.8193661822078088,1,Critical
SUB-00001684,CUST-000490,Cooper Ltd,NC-CONTAINER,Nexus Container Platform,1,0.19382081087146086,0,Low
SUB-00001685,CUST-000491,"Fuller, Ingram and Moss",NC-SECURITY,Nexus Cloud Security,1,0.5547924412583999,1,High
SUB-00001686,CUST-000491,"Fuller, Ingram and Moss",NC-INTEGRATION,Nexus Integration,1,0.8386088551397575,1,Critical
SUB-00001687,CUST-000491,"Fuller, Ingram and Moss",NC-ANALYTICS,Nexus Analytics,0,0.5632772731508036,1,High
SUB-00001688,CUST-000491,"Fuller, Ingram and Moss",NC-COMPUTE,Nexus Compute,1,0.8356341161788295,1,Critical
SUB-00001689,CUST-000492,Anderson-Bell,NC-WAREHOUSE,Nexus Data Warehouse,0,0.21944666247418035,0,Low
SUB-00001690,CUST-000492,Anderson-Bell,NC-COMPUTE,Nexus Compute,1,0.8282482248332216,1,Critical
SUB-00001691,CUST-000492,Anderson-Bell,NC-STORAGE,Nexus Storage,1,0.834647822703667,1,Critical
SUB-00001692,CUST-000492,Anderson-Bell,NC-AISEARCH,Nexus AI Search,0,0.8494698826165824,1,Critical
SUB-00001693,CUST-000492,Anderson-Bell,NC-SQL,Nexus SQL Database,1,0.8347209989080517,1,Critical
SUB-00001694,CUST-000492,Anderson-Bell,NC-CONTAINER,Nexus Container Platform,0,0.22908247547793972,0,Low
SUB-00001695,CUST-000492,Anderson-Bell,NC-AIMODEL,Nexus AI Models,1,0.8376094715591944,1,Critical
SUB-00001696,CUST-000493,Li-Thompson,NC-COMPUTE,Nexus Compute,0,0.5039724756224077,1,High
SUB-00001697,CUST-000493,Li-Thompson,NC-SQL,Nexus SQL Database,0,0.19881230371433703,0,Low
SUB-00001698,CUST-000493,Li-Thompson,NC-CONTAINER,Nexus Container Platform,0,0.20952906320648776,0,Low
SUB-00001699,CUST-000494,"Marshall, Dominguez and Welch",NC-CONTAINER,Nexus Container Platform,0,0.2177661904870394,0,Low
SUB-00001700,CUST-000494,"Marshall, Dominguez and Welch",NC-COMPUTE,Nexus Compute,1,0.5180034786448904,1,High
SUB-00001701,CUST-000494,"Marshall, Dominguez and Welch",NC-ANALYTICS,Nexus Analytics,1,0.8346184557779482,1,Critical
SUB-00001702,CUST-000494,"Marshall, Dominguez and Welch",NC-SQL,Nexus SQL Database,1,0.5301177998115244,1,High
SUB-00001703,CUST-000494,"Marshall, Dominguez and Welch",NC-SECURITY,Nexus Cloud Security,1,0.8247704531350266,1,Critical
SUB-00001704,CUST-000494,"Marshall, Dominguez and Welch",NC-INTEGRATION,Nexus Integration,1,0.23314251616778184,0,Low
SUB-00001705,CUST-000495,Brown Group,NC-ANALYTICS,Nexus Analytics,1,0.7912919613197852,1,Critical
SUB-00001706,CUST-000496,Carter Inc,NC-STORAGE,Nexus Storage,1,0.8161804505248409,1,Critical
SUB-00001707,CUST-000497,Blackwell LLC,NC-WAREHOUSE,Nexus Data Warehouse,1,0.8174885245354138,1,Critical
SUB-00001708,CUST-000497,Blackwell LLC,NC-COMPUTE,Nexus Compute,0,0.20373208728279543,0,Low
SUB-00001709,CUST-000497,Blackwell LLC,NC-STORAGE,Nexus Storage,0,0.5153337553653361,1,High
SUB-00001710,CUST-000498,Robertson-Hays,NC-CONTAINER,Nexus Container Platform,1,0.8097854472174584,1,Critical
SUB-00001711,CUST-000498,Robertson-Hays,NC-COMPUTE,Nexus Compute,0,0.49116431797675686,0,Medium
SUB-00001712,CUST-000498,Robertson-Hays,NC-STORAGE,Nexus Storage,1,0.5187536668982454,1,High
SUB-00001713,CUST-000499,"Kennedy, Johnson and Lucas",NC-ANALYTICS,Nexus Analytics,1,0.7971405691589319,1,Critical
SUB-00001714,CUST-000499,"Kennedy, Johnson and Lucas",NC-WAREHOUSE,Nexus Data Warehouse,0,0.48529491976109235,0,Medium
SUB-00001715,CUST-000499,"Kennedy, Johnson and Lucas",NC-SQL,Nexus SQL Database,1,0.1938934345863007,0,Low
SUB-00001716,CUST-000499,"Kennedy, Johnson and Lucas",NC-COMPUTE,Nexus Compute,0,0.1797617948852925,0,Low
SUB-00001717,CUST-000499,"Kennedy, Johnson and Lucas",NC-SECURITY,Nexus Cloud Security,1,0.19619118636228225,0,Low
SUB-00001718,CUST-000500,Kelly-Norman,NC-AISEARCH,Nexus AI Search,0,0.8315869730980294,1,Critical
SUB-00001719,CUST-000501,"Rivera, Martinez and Richardson",NC-SQL,Nexus SQL Database,0,0.5344755559958245,1,High
SUB-00001720,CUST-000501,"Rivera, Martinez and Richardson",NC-CONTAINER,Nexus Container Platform,0,0.2037030511556524,0,Low
SUB-00001721,CUST-000501,"Rivera, Martinez and Richardson",NC-INTEGRATION,Nexus Integration,1,0.8185910739854579,1,Critical
SUB-00001722,CUST-000501,"Rivera, Martinez and Richardson",NC-ANALYTICS,Nexus Analytics,1,0.8177154476789342,1,Critical
SUB-00001723,CUST-000502,Paul-Kline,NC-CONTAINER,Nexus Container Platform,0,0.17164670228066736,0,Low
SUB-00001724,CUST-000502,Paul-Kline,NC-AISEARCH,Nexus AI Search,0,0.18501515161525667,0,Low
SUB-00001725,CUST-000502,Paul-Kline,NC-SECURITY,Nexus Cloud Security,0,0.48189877563449757,0,Medium
SUB-00001726,CUST-000502,Paul-Kline,NC-AIMODEL,Nexus AI Models,0,0.18838260265041432,0,Low
SUB-00001727,CUST-000502,Paul-Kline,NC-WAREHOUSE,Nexus Data Warehouse,1,0.4695344834682922,0,Medium
SUB-00001728,CUST-000503,Morgan-Lopez,NC-STORAGE,Nexus Storage,0,0.22379257437468927,0,Low
SUB-00001729,CUST-000503,Morgan-Lopez,NC-WAREHOUSE,Nexus Data Warehouse,1,0.5688841198646388,1,High
SUB-00001730,CUST-000504,"Jimenez, Glass and Stone",NC-ANALYTICS,Nexus Analytics,1,0.5583523748007327,1,High
SUB-00001731,CUST-000505,Acosta Inc,NC-SECURITY,Nexus Cloud Security,0,0.8194001745486681,1,Critical
SUB-00001732,CUST-000505,Acosta Inc,NC-ANALYTICS,Nexus Analytics,1,0.8295168175619422,1,Critical
SUB-00001733,CUST-000505,Acosta Inc,NC-SQL,Nexus SQL Database,0,0.5386261026519918,1,High
SUB-00001734,CUST-000506,Morrison-Short,NC-COMPUTE,Nexus Compute,1,0.5066591052210013,1,High
SUB-00001735,CUST-000506,Morrison-Short,NC-WAREHOUSE,Nexus Data Warehouse,0,0.21374132456396921,0,Low
SUB-00001736,CUST-000506,Morrison-Short,NC-SECURITY,Nexus Cloud Security,0,0.19678498124675883,0,Low
SUB-00001737,CUST-000506,Morrison-Short,NC-STORAGE,Nexus Storage,1,0.20269980186264833,0,Low
SUB-00001738,CUST-000507,"Carter, Garcia and Murphy",NC-CONTAINER,Nexus Container Platform,0,0.5059274892642157,1,High
SUB-00001739,CUST-000507,"Carter, Garcia and Murphy",NC-WAREHOUSE,Nexus Data Warehouse,1,0.5300333130248462,1,High
SUB-00001740,CUST-000507,"Carter, Garcia and Murphy",NC-SQL,Nexus SQL Database,1,0.8131049161719343,1,Critical
SUB-00001741,CUST-000507,"Carter, Garcia and Murphy",NC-COMPUTE,Nexus Compute,1,0.8240521250907055,1,Critical
SUB-00001742,CUST-000507,"Carter, Garcia and Murphy",NC-ANALYTICS,Nexus Analytics,0,0.5309747821523925,1,High
SUB-00001743,CUST-000508,Parker-Morrison,NC-WAREHOUSE,Nexus Data Warehouse,0,0.22124249307772148,0,Low
SUB-00001744,CUST-000508,Parker-Morrison,NC-CONTAINER,Nexus Container Platform,0,0.2245103965433364,0,Low
SUB-00001745,CUST-000508,Parker-Morrison,NC-INTEGRATION,Nexus Integration,0,0.5404457113543667,1,High
SUB-00001746,CUST-000509,Jackson-Wallace,NC-SQL,Nexus SQL Database,0,0.5672154554443114,1,High
SUB-00001747,CUST-000509,Jackson-Wallace,NC-INTEGRATION,Nexus Integration,1,0.8378845436729008,1,Critical
SUB-00001748,CUST-000510,Williams-Berg,NC-INTEGRATION,Nexus Integration,0,0.19545249329323644,0,Low
SUB-00001749,CUST-000510,Williams-Berg,NC-CONTAINER,Nexus Container Platform,1,0.8459810723799273,1,Critical
SUB-00001750,CUST-000510,Williams-Berg,NC-WAREHOUSE,Nexus Data Warehouse,0,0.17886891719920436,0,Low
SUB-00001751,CUST-000510,Williams-Berg,NC-AIMODEL,Nexus AI Models,1,0.20775179070793615,0,Low
SUB-00001752,CUST-000510,Williams-Berg,NC-ANALYTICS,Nexus Analytics,1,0.8172379693487061,1,Critical
SUB-00001753,CUST-000511,Mendez-Graham,NC-ANALYTICS,Nexus Analytics,0,0.5608814293785026,1,High
SUB-00001754,CUST-000511,Mendez-Graham,NC-SQL,Nexus SQL Database,0,0.5448811580716145,1,High
SUB-00001755,CUST-000511,Mendez-Graham,NC-WAREHOUSE,Nexus Data Warehouse,1,0.8311948126221477,1,Critical
SUB-00001756,CUST-000511,Mendez-Graham,NC-INTEGRATION,Nexus Integration,1,0.5468444511320251,1,High
SUB-00001757,CUST-000511,Mendez-Graham,NC-STORAGE,Nexus Storage,0,0.5402339317073941,1,High
SUB-00001758,CUST-000512,"Whitney, Gould and Jones",NC-SECURITY,Nexus Cloud Security,1,0.19734247155446516,0,Low
SUB-00001759,CUST-000512,"Whitney, Gould and Jones",NC-COMPUTE,Nexus Compute,1,0.8163084041958727,1,Critical
SUB-00001760,CUST-000513,"Sullivan, Palmer and Brady",NC-SQL,Nexus SQL Database,1,0.5856903299992056,1,High
SUB-00001761,CUST-000513,"Sullivan, Palmer and Brady",NC-STORAGE,Nexus Storage,1,0.8439442974119995,1,Critical
SUB-00001762,CUST-000513,"Sullivan, Palmer and Brady",NC-SECURITY,Nexus Cloud Security,0,0.24457405050445039,0,Low
SUB-00001763,CUST-000514,Cisneros and Sons,NC-COMPUTE,Nexus Compute,1,0.19261249553335735,0,Low
SUB-00001764,CUST-000514,Cisneros and Sons,NC-STORAGE,Nexus Storage,0,0.49645275398705646,0,Medium
SUB-00001765,CUST-000514,Cisneros and Sons,NC-CONTAINER,Nexus Container Platform,1,0.8059551218902142,1,Critical
SUB-00001766,CUST-000515,"Gregory, Kim and Martinez",NC-CONTAINER,Nexus Container Platform,1,0.792258531538963,1,Critical
SUB-00001767,CUST-000515,"Gregory, Kim and Martinez",NC-COMPUTE,Nexus Compute,1,0.4598253323522392,0,Medium
SUB-00001768,CUST-000515,"Gregory, Kim and Martinez",NC-SQL,Nexus SQL Database,1,0.18670033428633298,0,Low
SUB-00001769,CUST-000516,Osborne LLC,NC-STORAGE,Nexus Storage,1,0.5406790560868915,1,High
SUB-00001770,CUST-000516,Osborne LLC,NC-CONTAINER,Nexus Container Platform,1,0.5356164979010669,1,High
SUB-00001771,CUST-000516,Osborne LLC,NC-SECURITY,Nexus Cloud Security,1,0.8251324129098097,1,Critical
SUB-00001772,CUST-000517,Reyes-Bradley,NC-WAREHOUSE,Nexus Data Warehouse,0,0.1881211739394478,0,Low
SUB-00001773,CUST-000518,"Hernandez, Cole and Watson",NC-ANALYTICS,Nexus Analytics,0,0.507782622185499,1,High
SUB-00001774,CUST-000519,Hines-Berry,NC-COMPUTE,Nexus Compute,0,0.8130062595941481,1,Critical
SUB-00001775,CUST-000519,Hines-Berry,NC-SQL,Nexus SQL Database,0,0.5275057657022896,1,High
SUB-00001776,CUST-000519,Hines-Berry,NC-CONTAINER,Nexus Container Platform,0,0.8084330627667233,1,Critical
SUB-00001777,CUST-000520,"Richardson, Edwards and Ramirez",NC-SECURITY,Nexus Cloud Security,1,0.8086158411659924,1,Critical
SUB-00001778,CUST-000520,"Richardson, Edwards and Ramirez",NC-AIMODEL,Nexus AI Models,0,0.5141279990052183,1,High
SUB-00001779,CUST-000521,Johnson and Sons,NC-SECURITY,Nexus Cloud Security,0,0.808501922242138,1,Critical
SUB-00001780,CUST-000521,Johnson and Sons,NC-SQL,Nexus SQL Database,0,0.20071059646815645,0,Low
SUB-00001781,CUST-000522,Holmes-Mcintyre,NC-CONTAINER,Nexus Container Platform,1,0.7867788565646705,1,Critical
SUB-00001782,CUST-000522,Holmes-Mcintyre,NC-SQL,Nexus SQL Database,0,0.19085145749969612,0,Low
SUB-00001783,CUST-000522,Holmes-Mcintyre,NC-COMPUTE,Nexus Compute,1,0.8000714889049075,1,Critical
SUB-00001784,CUST-000523,Green LLC,NC-STORAGE,Nexus Storage,1,0.8277636493343117,1,Critical
SUB-00001785,CUST-000523,Green LLC,NC-COMPUTE,Nexus Compute,1,0.8143240886051243,1,Critical
SUB-00001786,CUST-000523,Green LLC,NC-SECURITY,Nexus Cloud Security,0,0.2161345157299604,0,Low
SUB-00001787,CUST-000524,"Griffin, Davies and Mitchell",NC-CONTAINER,Nexus Container Platform,1,0.8591205394439447,1,Critical
SUB-00001788,CUST-000524,"Griffin, Davies and Mitchell",NC-AIMODEL,Nexus AI Models,1,0.8765584535175446,1,Critical
SUB-00001789,CUST-000524,"Griffin, Davies and Mitchell",NC-INTEGRATION,Nexus Integration,1,0.8472506461155226,1,Critical
SUB-00001790,CUST-000524,"Griffin, Davies and Mitchell",NC-ANALYTICS,Nexus Analytics,1,0.8376096799974333,1,Critical
SUB-00001791,CUST-000524,"Griffin, Davies and Mitchell",NC-COMPUTE,Nexus Compute,0,0.5805654312221232,1,High
SUB-00001792,CUST-000524,"Griffin, Davies and Mitchell",NC-WAREHOUSE,Nexus Data Warehouse,1,0.5593386123264517,1,High
SUB-00001793,CUST-000524,"Griffin, Davies and Mitchell",NC-AISEARCH,Nexus AI Search,0,0.24941659142297376,0,Low
SUB-00001794,CUST-000524,"Griffin, Davies and Mitchell",NC-SQL,Nexus SQL Database,0,0.5212060458819134,1,High
SUB-00001795,CUST-000524,"Griffin, Davies and Mitchell",NC-SECURITY,Nexus Cloud Security,1,0.8660075306223093,1,Critical
SUB-00001796,CUST-000525,Gonzalez-Taylor,NC-COMPUTE,Nexus Compute,0,0.5414811604196772,1,High
SUB-00001797,CUST-000525,Gonzalez-Taylor,NC-INTEGRATION,Nexus Integration,0,0.23033458173808802,0,Low
SUB-00001798,CUST-000525,Gonzalez-Taylor,NC-AIMODEL,Nexus AI Models,1,0.5693333422366547,1,High
SUB-00001799,CUST-000525,Gonzalez-Taylor,NC-ANALYTICS,Nexus Analytics,1,0.8389109666595526,1,Critical
SUB-00001800,CUST-000526,Hayes Ltd,NC-ANALYTICS,Nexus Analytics,1,0.8182529610684618,1,Critical
SUB-00001801,CUST-000526,Hayes Ltd,NC-CONTAINER,Nexus Container Platform,0,0.5031475536942419,1,High
SUB-00001802,CUST-000526,Hayes Ltd,NC-SECURITY,Nexus Cloud Security,1,0.5135624242593201,1,High
SUB-00001803,CUST-000527,Osborn-Cochran,NC-INTEGRATION,Nexus Integration,1,0.8224506631151752,1,Critical
SUB-00001804,CUST-000528,Contreras-Mckinney,NC-ANALYTICS,Nexus Analytics,0,0.18897242240227782,0,Low
SUB-00001805,CUST-000528,Contreras-Mckinney,NC-WAREHOUSE,Nexus Data Warehouse,0,0.21580841413199078,0,Low
SUB-00001806,CUST-000528,Contreras-Mckinney,NC-AISEARCH,Nexus AI Search,0,0.20842791209806558,0,Low
SUB-00001807,CUST-000529,"Daniels, Vance and York",NC-COMPUTE,Nexus Compute,1,0.5679810173733578,1,High
SUB-00001808,CUST-000529,"Daniels, Vance and York",NC-INTEGRATION,Nexus Integration,0,0.2254849567596377,0,Low
SUB-00001809,CUST-000530,"Mckinney, Graves and Thompson",NC-CONTAINER,Nexus Container Platform,1,0.8338594844410949,1,Critical
SUB-00001810,CUST-000531,Hicks-Martinez,NC-ANALYTICS,Nexus Analytics,1,0.8414539543575457,1,Critical
SUB-00001811,CUST-000531,Hicks-Martinez,NC-COMPUTE,Nexus Compute,1,0.8500035865682117,1,Critical
SUB-00001812,CUST-000532,Conner and Sons,NC-SECURITY,Nexus Cloud Security,1,0.1684607946429869,0,Low
SUB-00001813,CUST-000533,Johnson-Spencer,NC-INTEGRATION,Nexus Integration,1,0.8155217569980094,1,Critical
SUB-00001814,CUST-000533,Johnson-Spencer,NC-CONTAINER,Nexus Container Platform,0,0.20472058304537394,0,Low
SUB-00001815,CUST-000533,Johnson-Spencer,NC-STORAGE,Nexus Storage,1,0.20462495954357235,0,Low
SUB-00001816,CUST-000534,Mcdonald-Bird,NC-CONTAINER,Nexus Container Platform,1,0.8324753671253641,1,Critical
SUB-00001817,CUST-000534,Mcdonald-Bird,NC-WAREHOUSE,Nexus Data Warehouse,0,0.5690557006173037,1,High
SUB-00001818,CUST-000534,Mcdonald-Bird,NC-STORAGE,Nexus Storage,0,0.5650831698315425,1,High
SUB-00001819,CUST-000535,Salazar Inc,NC-SQL,Nexus SQL Database,1,0.8002893528865778,1,Critical
SUB-00001820,CUST-000535,Salazar Inc,NC-STORAGE,Nexus Storage,0,0.4829307629443826,0,Medium
SUB-00001821,CUST-000535,Salazar Inc,NC-INTEGRATION,Nexus Integration,1,0.4833109088299416,0,Medium
SUB-00001822,CUST-000536,Parker Ltd,NC-CONTAINER,Nexus Container Platform,0,0.2039858958963996,0,Low
SUB-00001823,CUST-000536,Parker Ltd,NC-SECURITY,Nexus Cloud Security,1,0.8175736751748618,1,Critical
SUB-00001824,CUST-000536,Parker Ltd,NC-STORAGE,Nexus Storage,1,0.21713112954754482,0,Low
SUB-00001825,CUST-000537,"Mendoza, Jenkins and Ortiz",NC-CONTAINER,Nexus Container Platform,1,0.5475653682279583,1,High
SUB-00001826,CUST-000538,"Jones, Compton and Day",NC-CONTAINER,Nexus Container Platform,1,0.519558079837287,1,High
SUB-00001827,CUST-000538,"Jones, Compton and Day",NC-SECURITY,Nexus Cloud Security,0,0.5252735588338712,1,High
SUB-00001828,CUST-000538,"Jones, Compton and Day",NC-STORAGE,Nexus Storage,0,0.21905475853491566,0,Low
SUB-00001829,CUST-000538,"Jones, Compton and Day",NC-WAREHOUSE,Nexus Data Warehouse,1,0.8191903120126249,1,Critical
SUB-00001830,CUST-000539,Owens-Holmes,NC-WAREHOUSE,Nexus Data Warehouse,1,0.21420614595922788,0,Low
SUB-00001831,CUST-000540,Humphrey PLC,NC-ANALYTICS,Nexus Analytics,0,0.23491149667248978,0,Low
SUB-00001832,CUST-000540,Humphrey PLC,NC-STORAGE,Nexus Storage,0,0.5382661838533362,1,High
SUB-00001833,CUST-000540,Humphrey PLC,NC-AISEARCH,Nexus AI Search,1,0.8402991788848356,1,Critical
SUB-00001834,CUST-000540,Humphrey PLC,NC-SQL,Nexus SQL Database,0,0.5597424546272202,1,High
SUB-00001835,CUST-000540,Humphrey PLC,NC-INTEGRATION,Nexus Integration,0,0.5581736070957165,1,High
SUB-00001836,CUST-000541,"Matthews, Saunders and Anderson",NC-WAREHOUSE,Nexus Data Warehouse,1,0.8174640335731325,1,Critical
SUB-00001837,CUST-000542,"Bartlett, Brown and Martinez",NC-INTEGRATION,Nexus Integration,0,0.20414304182707152,0,Low
SUB-00001838,CUST-000542,"Bartlett, Brown and Martinez",NC-WAREHOUSE,Nexus Data Warehouse,0,0.5197622388221126,1,High
SUB-00001839,CUST-000543,Torres and Sons,NC-AIMODEL,Nexus AI Models,1,0.5509702942776759,1,High
SUB-00001840,CUST-000543,Torres and Sons,NC-ANALYTICS,Nexus Analytics,1,0.8298408471534273,1,Critical
SUB-00001841,CUST-000543,Torres and Sons,NC-INTEGRATION,Nexus Integration,1,0.8210771688771912,1,Critical
SUB-00001842,CUST-000544,Donovan-Perez,NC-SQL,Nexus SQL Database,1,0.810940061238454,1,Critical
SUB-00001843,CUST-000544,Donovan-Perez,NC-STORAGE,Nexus Storage,0,0.2098501203346741,0,Low
SUB-00001844,CUST-000545,"Jacobson, Singleton and King",NC-SECURITY,Nexus Cloud Security,0,0.8066045909785425,1,Critical
SUB-00001845,CUST-000546,"Huber, Hill and Weber",NC-WAREHOUSE,Nexus Data Warehouse,1,0.4996850676889035,0,Medium
SUB-00001846,CUST-000546,"Huber, Hill and Weber",NC-COMPUTE,Nexus Compute,1,0.8036326995171296,1,Critical
SUB-00001847,CUST-000547,"Ferguson, Shaw and Jackson",NC-INTEGRATION,Nexus Integration,0,0.20483360184325747,0,Low
SUB-00001848,CUST-000547,"Ferguson, Shaw and Jackson",NC-CONTAINER,Nexus Container Platform,1,0.8315824739585435,1,Critical
SUB-00001849,CUST-000547,"Ferguson, Shaw and Jackson",NC-COMPUTE,Nexus Compute,1,0.5392036803464317,1,High
SUB-00001850,CUST-000548,"Moore, Hopkins and Le",NC-COMPUTE,Nexus Compute,1,0.5292867097660487,1,High
SUB-00001851,CUST-000548,"Moore, Hopkins and Le",NC-AISEARCH,Nexus AI Search,1,0.8451500314292003,1,Critical
SUB-00001852,CUST-000549,"Morgan, Bradshaw and Williams",NC-CONTAINER,Nexus Container Platform,1,0.7982853537936204,1,Critical
SUB-00001853,CUST-000549,"Morgan, Bradshaw and Williams",NC-COMPUTE,Nexus Compute,0,0.19834769317725964,0,Low
SUB-00001854,CUST-000549,"Morgan, Bradshaw and Williams",NC-WAREHOUSE,Nexus Data Warehouse,1,0.8043292499532659,1,Critical
SUB-00001855,CUST-000550,Miller Ltd,NC-SQL,Nexus SQL Database,1,0.46911040904664947,0,Medium
SUB-00001856,CUST-000550,Miller Ltd,NC-CONTAINER,Nexus Container Platform,0,0.4857256475933365,0,Medium
SUB-00001857,CUST-000550,Miller Ltd,NC-SECURITY,Nexus Cloud Security,1,0.482790697740746,0,Medium
SUB-00001858,CUST-000550,Miller Ltd,NC-COMPUTE,Nexus Compute,1,0.7839027747302073,1,Critical
SUB-00001859,CUST-000550,Miller Ltd,NC-ANALYTICS,Nexus Analytics,0,0.4897072718855338,0,Medium
SUB-00001860,CUST-000551,"Baker, Clark and Armstrong",NC-COMPUTE,Nexus Compute,0,0.47386303855781514,0,Medium
SUB-00001861,CUST-000551,"Baker, Clark and Armstrong",NC-INTEGRATION,Nexus Integration,1,0.7889804860282681,1,Critical
SUB-00001862,CUST-000552,"Fowler, Jimenez and Burton",NC-STORAGE,Nexus Storage,1,0.2261773920454229,0,Low
SUB-00001863,CUST-000553,May-Turner,NC-CONTAINER,Nexus Container Platform,0,0.5335438494440515,1,High
SUB-00001864,CUST-000553,May-Turner,NC-COMPUTE,Nexus Compute,0,0.21955441835800674,0,Low
SUB-00001865,CUST-000553,May-Turner,NC-ANALYTICS,Nexus Analytics,0,0.5186967688913197,1,High
SUB-00001866,CUST-000553,May-Turner,NC-STORAGE,Nexus Storage,1,0.21702779303007153,0,Low
SUB-00001867,CUST-000553,May-Turner,NC-INTEGRATION,Nexus Integration,1,0.5230548638619094,1,High
SUB-00001868,CUST-000554,Ballard Ltd,NC-ANALYTICS,Nexus Analytics,0,0.5480761587791453,1,High
SUB-00001869,CUST-000555,Evans-Jones,NC-CONTAINER,Nexus Container Platform,0,0.46250995945857953,0,Medium
SUB-00001870,CUST-000555,Evans-Jones,NC-SECURITY,Nexus Cloud Security,1,0.45987248645290724,0,Medium
SUB-00001871,CUST-000555,Evans-Jones,NC-SQL,Nexus SQL Database,1,0.48689742253694135,0,Medium
SUB-00001872,CUST-000555,Evans-Jones,NC-WAREHOUSE,Nexus Data Warehouse,0,0.4864878924853583,0,Medium
SUB-00001873,CUST-000555,Evans-Jones,NC-INTEGRATION,Nexus Integration,0,0.18388940262186662,0,Low
SUB-00001874,CUST-000556,Moore Group,NC-INTEGRATION,Nexus Integration,0,0.5475391636582181,1,High
SUB-00001875,CUST-000556,Moore Group,NC-SQL,Nexus SQL Database,0,0.5538018492220145,1,High
SUB-00001876,CUST-000556,Moore Group,NC-COMPUTE,Nexus Compute,0,0.547658206506053,1,High
SUB-00001877,CUST-000556,Moore Group,NC-CONTAINER,Nexus Container Platform,0,0.2140972551138195,0,Low
SUB-00001878,CUST-000556,Moore Group,NC-AISEARCH,Nexus AI Search,0,0.5885045456576632,1,High
SUB-00001879,CUST-000557,Marshall-Peterson,NC-STORAGE,Nexus Storage,1,0.851590953285874,1,Critical
SUB-00001880,CUST-000557,Marshall-Peterson,NC-AISEARCH,Nexus AI Search,0,0.5808595263241083,1,High
SUB-00001881,CUST-000558,Edwards Ltd,NC-SQL,Nexus SQL Database,1,0.8400127840290781,1,Critical
SUB-00001882,CUST-000558,Edwards Ltd,NC-ANALYTICS,Nexus Analytics,0,0.22391647492962316,0,Low
SUB-00001883,CUST-000558,Edwards Ltd,NC-SECURITY,Nexus Cloud Security,0,0.21694471425522546,0,Low
SUB-00001884,CUST-000559,Gross-Valencia,NC-SECURITY,Nexus Cloud Security,0,0.24703968856393413,0,Low
SUB-00001885,CUST-000559,Gross-Valencia,NC-COMPUTE,Nexus Compute,0,0.25008596621431295,0,Medium
SUB-00001886,CUST-000559,Gross-Valencia,NC-WAREHOUSE,Nexus Data Warehouse,0,0.5640519088952296,1,High
SUB-00001887,CUST-000559,Gross-Valencia,NC-STORAGE,Nexus Storage,1,0.235556249064217,0,Low
SUB-00001888,CUST-000560,Anderson-Wood,NC-COMPUTE,Nexus Compute,1,0.20309089507448694,0,Low
SUB-00001889,CUST-000561,"Rodriguez, Allen and Martinez",NC-AIMODEL,Nexus AI Models,1,0.8054682510767484,1,Critical
SUB-00001890,CUST-000561,"Rodriguez, Allen and Martinez",NC-AISEARCH,Nexus AI Search,1,0.5179846294715691,1,High
SUB-00001891,CUST-000561,"Rodriguez, Allen and Martinez",NC-ANALYTICS,Nexus Analytics,0,0.1922048277276972,0,Low
SUB-00001892,CUST-000561,"Rodriguez, Allen and Martinez",NC-CONTAINER,Nexus Container Platform,1,0.8049114465939989,1,Critical
SUB-00001893,CUST-000561,"Rodriguez, Allen and Martinez",NC-SECURITY,Nexus Cloud Security,0,0.5141071803324986,1,High
SUB-00001894,CUST-000562,Wright-Davis,NC-INTEGRATION,Nexus Integration,0,0.5593727355743553,1,High
SUB-00001895,CUST-000562,Wright-Davis,NC-CONTAINER,Nexus Container Platform,0,0.233220287734396,0,Low
SUB-00001896,CUST-000563,Dougherty-Lin,NC-WAREHOUSE,Nexus Data Warehouse,1,0.8508013922042481,1,Critical
SUB-00001897,CUST-000563,Dougherty-Lin,NC-SQL,Nexus SQL Database,1,0.5805901989878458,1,High
SUB-00001898,CUST-000563,Dougherty-Lin,NC-ANALYTICS,Nexus Analytics,0,0.2335778247302841,0,Low
SUB-00001899,CUST-000563,Dougherty-Lin,NC-COMPUTE,Nexus Compute,0,0.8495579081779815,1,Critical
SUB-00001900,CUST-000564,Wright-Grimes,NC-ANALYTICS,Nexus Analytics,1,0.8335084929248644,1,Critical
SUB-00001901,CUST-000564,Wright-Grimes,NC-SQL,Nexus SQL Database,1,0.23382242754033666,0,Low
SUB-00001902,CUST-000564,Wright-Grimes,NC-COMPUTE,Nexus Compute,0,0.22670568775688052,0,Low
SUB-00001903,CUST-000564,Wright-Grimes,NC-STORAGE,Nexus Storage,1,0.5546165118529824,1,High
SUB-00001904,CUST-000564,Wright-Grimes,NC-SECURITY,Nexus Cloud Security,1,0.5436643120302179,1,High
SUB-00001905,CUST-000564,Wright-Grimes,NC-WAREHOUSE,Nexus Data Warehouse,1,0.8459753531804369,1,Critical
SUB-00001906,CUST-000564,Wright-Grimes,NC-CONTAINER,Nexus Container Platform,1,0.5307132354014771,1,High
SUB-00001907,CUST-000565,Li PLC,NC-COMPUTE,Nexus Compute,1,0.5585317704753388,1,High
SUB-00001908,CUST-000565,Li PLC,NC-INTEGRATION,Nexus Integration,1,0.8201887256893782,1,Critical
SUB-00001909,CUST-000565,Li PLC,NC-SECURITY,Nexus Cloud Security,0,0.15840774105774605,0,Low
SUB-00001910,CUST-000565,Li PLC,NC-CONTAINER,Nexus Container Platform,1,0.4973265866553228,0,Medium
SUB-00001911,CUST-000565,Li PLC,NC-WAREHOUSE,Nexus Data Warehouse,0,0.21066149639226953,0,Low
SUB-00001912,CUST-000565,Li PLC,NC-SQL,Nexus SQL Database,1,0.5042827592379036,1,High
SUB-00001913,CUST-000566,"Edwards, Hines and Jimenez",NC-COMPUTE,Nexus Compute,0,0.5156907250162869,1,High
SUB-00001914,CUST-000567,"Owens, Koch and Jimenez",NC-CONTAINER,Nexus Container Platform,0,0.4773457314841404,0,Medium
SUB-00001915,CUST-000568,Landry PLC,NC-WAREHOUSE,Nexus Data Warehouse,0,0.2090350152843253,0,Low
SUB-00001916,CUST-000568,Landry PLC,NC-STORAGE,Nexus Storage,1,0.8087621551370808,1,Critical
SUB-00001917,CUST-000568,Landry PLC,NC-ANALYTICS,Nexus Analytics,1,0.2004600143835963,0,Low
SUB-00001918,CUST-000568,Landry PLC,NC-CONTAINER,Nexus Container Platform,1,0.8175591233929526,1,Critical
SUB-00001919,CUST-000569,Levy-Lewis,NC-COMPUTE,Nexus Compute,0,0.54420350291265,1,High
SUB-00001920,CUST-000569,Levy-Lewis,NC-SECURITY,Nexus Cloud Security,1,0.5428445960316051,1,High
SUB-00001921,CUST-000569,Levy-Lewis,NC-WAREHOUSE,Nexus Data Warehouse,1,0.8340491152080651,1,Critical
SUB-00001922,CUST-000570,Williams-Campbell,NC-WAREHOUSE,Nexus Data Warehouse,0,0.49412413742070477,0,Medium
SUB-00001923,CUST-000570,Williams-Campbell,NC-AIMODEL,Nexus AI Models,1,0.20771475715809132,0,Low
SUB-00001924,CUST-000570,Williams-Campbell,NC-CONTAINER,Nexus Container Platform,1,0.4865539940730803,0,Medium
SUB-00001925,CUST-000570,Williams-Campbell,NC-ANALYTICS,Nexus Analytics,1,0.802839257273881,1,Critical
SUB-00001926,CUST-000570,Williams-Campbell,NC-COMPUTE,Nexus Compute,1,0.7940591191674722,1,Critical
SUB-00001927,CUST-000570,Williams-Campbell,NC-INTEGRATION,Nexus Integration,1,0.49835916661068463,0,Medium
SUB-00001928,CUST-000570,Williams-Campbell,NC-SECURITY,Nexus Cloud Security,1,0.5050254106471802,1,High
SUB-00001929,CUST-000571,"Khan, Pena and Ruiz",NC-INTEGRATION,Nexus Integration,1,0.8037635652064442,1,Critical
SUB-00001930,CUST-000571,"Khan, Pena and Ruiz",NC-CONTAINER,Nexus Container Platform,1,0.8159436254466175,1,Critical
SUB-00001931,CUST-000571,"Khan, Pena and Ruiz",NC-STORAGE,Nexus Storage,0,0.19150743958955044,0,Low
SUB-00001932,CUST-000572,"Smith, Rodriguez and Anderson",NC-AISEARCH,Nexus AI Search,0,0.1824020077355356,0,Low
SUB-00001933,CUST-000572,"Smith, Rodriguez and Anderson",NC-SQL,Nexus SQL Database,0,0.477243625462135,0,Medium
SUB-00001934,CUST-000572,"Smith, Rodriguez and Anderson",NC-AIMODEL,Nexus AI Models,0,0.49528876323278476,0,Medium
SUB-00001935,CUST-000573,Luna-Gallagher,NC-SECURITY,Nexus Cloud Security,1,0.8088966698051961,1,Critical
SUB-00001936,CUST-000573,Luna-Gallagher,NC-COMPUTE,Nexus Compute,0,0.8040532167307705,1,Critical
SUB-00001937,CUST-000573,Luna-Gallagher,NC-WAREHOUSE,Nexus Data Warehouse,1,0.813843592464061,1,Critical
SUB-00001938,CUST-000573,Luna-Gallagher,NC-CONTAINER,Nexus Container Platform,1,0.8122190602822341,1,Critical
SUB-00001939,CUST-000573,Luna-Gallagher,NC-SQL,Nexus SQL Database,1,0.8044602098405871,1,Critical
SUB-00001940,CUST-000573,Luna-Gallagher,NC-STORAGE,Nexus Storage,0,0.48703707549727354,0,Medium
SUB-00001941,CUST-000573,Luna-Gallagher,NC-ANALYTICS,Nexus Analytics,1,0.7923300563809188,1,Critical
SUB-00001942,CUST-000574,Williams-Williams,NC-CONTAINER,Nexus Container Platform,0,0.5473983169489547,1,High
SUB-00001943,CUST-000574,Williams-Williams,NC-WAREHOUSE,Nexus Data Warehouse,1,0.8244218638684815,1,Critical
SUB-00001944,CUST-000574,Williams-Williams,NC-SQL,Nexus SQL Database,1,0.8361785298014792,1,Critical
SUB-00001945,CUST-000575,"Lee, Tran and Jones",NC-STORAGE,Nexus Storage,0,0.21144852816237533,0,Low
SUB-00001946,CUST-000575,"Lee, Tran and Jones",NC-CONTAINER,Nexus Container Platform,0,0.21045714550517583,0,Low
SUB-00001947,CUST-000575,"Lee, Tran and Jones",NC-WAREHOUSE,Nexus Data Warehouse,1,0.5512445620738068,1,High
SUB-00001948,CUST-000575,"Lee, Tran and Jones",NC-COMPUTE,Nexus Compute,0,0.21576659139943472,0,Low
SUB-00001949,CUST-000576,"Cole, Pierce and Bryan",NC-INTEGRATION,Nexus Integration,1,0.2041453457627576,0,Low
SUB-00001950,CUST-000576,"Cole, Pierce and Bryan",NC-CONTAINER,Nexus Container Platform,1,0.8187061610957282,1,Critical
SUB-00001951,CUST-000576,"Cole, Pierce and Bryan",NC-SQL,Nexus SQL Database,1,0.8107136152746585,1,Critical
SUB-00001952,CUST-000577,"Becker, Wilson and Hester",NC-COMPUTE,Nexus Compute,0,0.19041359622956325,0,Low
SUB-00001953,CUST-000577,"Becker, Wilson and Hester",NC-INTEGRATION,Nexus Integration,1,0.4937879202632206,0,Medium
SUB-00001954,CUST-000577,"Becker, Wilson and Hester",NC-ANALYTICS,Nexus Analytics,0,0.20524308004243821,0,Low
SUB-00001955,CUST-000578,Brooks-Hatfield,NC-COMPUTE,Nexus Compute,0,0.5292765691101716,1,High
SUB-00001956,CUST-000578,Brooks-Hatfield,NC-STORAGE,Nexus Storage,0,0.20421135424355663,0,Low
SUB-00001957,CUST-000578,Brooks-Hatfield,NC-INTEGRATION,Nexus Integration,0,0.5266230373716208,1,High
SUB-00001958,CUST-000579,"Mcmillan, Fischer and Gonzalez",NC-AIMODEL,Nexus AI Models,0,0.5788055373224681,1,High
SUB-00001959,CUST-000579,"Mcmillan, Fischer and Gonzalez",NC-INTEGRATION,Nexus Integration,1,0.833010946655719,1,Critical
SUB-00001960,CUST-000579,"Mcmillan, Fischer and Gonzalez",NC-SQL,Nexus SQL Database,0,0.2232526739216731,0,Low
SUB-00001961,CUST-000579,"Mcmillan, Fischer and Gonzalez",NC-ANALYTICS,Nexus Analytics,0,0.23794891004216256,0,Low
SUB-00001962,CUST-000579,"Mcmillan, Fischer and Gonzalez",NC-STORAGE,Nexus Storage,0,0.5591863236762714,1,High
SUB-00001963,CUST-000580,"Morales, Williams and Williams",NC-CONTAINER,Nexus Container Platform,0,0.8272672558023626,1,Critical
SUB-00001964,CUST-000580,"Morales, Williams and Williams",NC-SECURITY,Nexus Cloud Security,1,0.5239155849276801,1,High
SUB-00001965,CUST-000580,"Morales, Williams and Williams",NC-COMPUTE,Nexus Compute,0,0.5272684348928942,1,High
SUB-00001966,CUST-000580,"Morales, Williams and Williams",NC-WAREHOUSE,Nexus Data Warehouse,0,0.5522705134253761,1,High
SUB-00001967,CUST-000580,"Morales, Williams and Williams",NC-ANALYTICS,Nexus Analytics,1,0.5490578360159472,1,High
SUB-00001968,CUST-000581,"Cook, Wells and Bryant",NC-INTEGRATION,Nexus Integration,1,0.7968291684865204,1,Critical
SUB-00001969,CUST-000581,"Cook, Wells and Bryant",NC-CONTAINER,Nexus Container Platform,1,0.16653388973984468,0,Low
SUB-00001970,CUST-000581,"Cook, Wells and Bryant",NC-SECURITY,Nexus Cloud Security,0,0.8151787415651977,1,Critical
SUB-00001971,CUST-000581,"Cook, Wells and Bryant",NC-STORAGE,Nexus Storage,0,0.20282557179922442,0,Low
SUB-00001972,CUST-000581,"Cook, Wells and Bryant",NC-ANALYTICS,Nexus Analytics,1,0.5134291727548109,1,High
SUB-00001973,CUST-000582,"Barry, Taylor and Velazquez",NC-WAREHOUSE,Nexus Data Warehouse,1,0.20296821973497137,0,Low
SUB-00001974,CUST-000583,Martin-Ewing,NC-COMPUTE,Nexus Compute,1,0.5244615572361507,1,High
SUB-00001975,CUST-000583,Martin-Ewing,NC-CONTAINER,Nexus Container Platform,0,0.5039243184787312,1,High
SUB-00001976,CUST-000583,Martin-Ewing,NC-INTEGRATION,Nexus Integration,1,0.5104346050448613,1,High
SUB-00001977,CUST-000584,"Kirby, Wheeler and Romero",NC-STORAGE,Nexus Storage,0,0.23313861396016639,0,Low
SUB-00001978,CUST-000584,"Kirby, Wheeler and Romero",NC-CONTAINER,Nexus Container Platform,1,0.23375893627449998,0,Low
SUB-00001979,CUST-000584,"Kirby, Wheeler and Romero",NC-SQL,Nexus SQL Database,1,0.5704600271421382,1,High
SUB-00001980,CUST-000585,"Patel, Erickson and Evans",NC-STORAGE,Nexus Storage,1,0.8225345154118517,1,Critical
SUB-00001981,CUST-000585,"Patel, Erickson and Evans",NC-AIMODEL,Nexus AI Models,1,0.5521654118328734,1,High
SUB-00001982,CUST-000585,"Patel, Erickson and Evans",NC-SECURITY,Nexus Cloud Security,0,0.21535117499354609,0,Low
SUB-00001983,CUST-000585,"Patel, Erickson and Evans",NC-COMPUTE,Nexus Compute,1,0.21012386984722337,0,Low
SUB-00001984,CUST-000586,Richardson Ltd,NC-STORAGE,Nexus Storage,0,0.1797465604911217,0,Low
SUB-00001985,CUST-000586,Richardson Ltd,NC-INTEGRATION,Nexus Integration,1,0.4756291850394274,0,Medium
SUB-00001986,CUST-000586,Richardson Ltd,NC-SQL,Nexus SQL Database,0,0.177002884823693,0,Low
SUB-00001987,CUST-000586,Richardson Ltd,NC-COMPUTE,Nexus Compute,1,0.7779676086396887,1,Critical
SUB-00001988,CUST-000586,Richardson Ltd,NC-SECURITY,Nexus Cloud Security,1,0.466672060590702,0,Medium
SUB-00001989,CUST-000587,Whitney PLC,NC-AISEARCH,Nexus AI Search,1,0.8630213679023296,1,Critical
SUB-00001990,CUST-000587,Whitney PLC,NC-SECURITY,Nexus Cloud Security,1,0.8372740982019276,1,Critical
SUB-00001991,CUST-000587,Whitney PLC,NC-STORAGE,Nexus Storage,1,0.8406876185030964,1,Critical
SUB-00001992,CUST-000587,Whitney PLC,NC-COMPUTE,Nexus Compute,1,0.568168514880017,1,High
SUB-00001993,CUST-000587,Whitney PLC,NC-SQL,Nexus SQL Database,0,0.2383804305382121,0,Low
SUB-00001994,CUST-000587,Whitney PLC,NC-WAREHOUSE,Nexus Data Warehouse,1,0.8362580479394177,1,Critical
SUB-00001995,CUST-000588,Robles-Swanson,NC-SQL,Nexus SQL Database,1,0.5720013101585402,1,High
SUB-00001996,CUST-000589,"Soto, Carlson and Baker",NC-COMPUTE,Nexus Compute,1,0.547780534895105,1,High
SUB-00001997,CUST-000589,"Soto, Carlson and Baker",NC-WAREHOUSE,Nexus Data Warehouse,1,0.5294560451013095,1,High
SUB-00001998,CUST-000589,"Soto, Carlson and Baker",NC-CONTAINER,Nexus Container Platform,1,0.22622617632334907,0,Low
SUB-00001999,CUST-000589,"Soto, Carlson and Baker",NC-INTEGRATION,Nexus Integration,0,0.21225963245502621,0,Low
SUB-00002000,CUST-000589,"Soto, Carlson and Baker",NC-SQL,Nexus SQL Database,1,0.5320695992800247,1,High
SUB-00002001,CUST-000590,"Patton, Parsons and Lane",NC-SECURITY,Nexus Cloud Security,0,0.1925134824874351,0,Low
SUB-00002002,CUST-000590,"Patton, Parsons and Lane",NC-CONTAINER,Nexus Container Platform,1,0.7953959346172533,1,Critical
SUB-00002003,CUST-000590,"Patton, Parsons and Lane",NC-AIMODEL,Nexus AI Models,1,0.5198238435615914,1,High
SUB-00002004,CUST-000590,"Patton, Parsons and Lane",NC-STORAGE,Nexus Storage,1,0.7945088714747925,1,Critical
SUB-00002005,CUST-000591,"Williams, Castillo and Warren",NC-CONTAINER,Nexus Container Platform,0,0.21168718870661235,0,Low
SUB-00002006,CUST-000591,"Williams, Castillo and Warren",NC-SQL,Nexus SQL Database,1,0.20365659803891367,0,Low
SUB-00002007,CUST-000591,"Williams, Castillo and Warren",NC-STORAGE,Nexus Storage,1,0.5128835840546689,1,High
SUB-00002008,CUST-000591,"Williams, Castillo and Warren",NC-WAREHOUSE,Nexus Data Warehouse,0,0.19846090754546686,0,Low
SUB-00002009,CUST-000591,"Williams, Castillo and Warren",NC-SECURITY,Nexus Cloud Security,0,0.19440464844481575,0,Low
SUB-00002010,CUST-000592,"Harvey, Randall and Hernandez",NC-ANALYTICS,Nexus Analytics,1,0.213723094798343,0,Low
SUB-00002011,CUST-000592,"Harvey, Randall and Hernandez",NC-WAREHOUSE,Nexus Data Warehouse,1,0.8358657827363651,1,Critical
SUB-00002012,CUST-000592,"Harvey, Randall and Hernandez",NC-STORAGE,Nexus Storage,0,0.21637308955236642,0,Low
SUB-00002013,CUST-000593,"Allen, Armstrong and Graves",NC-INTEGRATION,Nexus Integration,1,0.8432553494722262,1,Critical
SUB-00002014,CUST-000594,Smith LLC,NC-COMPUTE,Nexus Compute,0,0.19632396369729352,0,Low
SUB-00002015,CUST-000594,Smith LLC,NC-SQL,Nexus SQL Database,0,0.20354626110932278,0,Low
SUB-00002016,CUST-000595,Hernandez-Vaughn,NC-INTEGRATION,Nexus Integration,0,0.48625506916690586,0,Medium
SUB-00002017,CUST-000595,Hernandez-Vaughn,NC-WAREHOUSE,Nexus Data Warehouse,1,0.2011218550837942,0,Low
SUB-00002018,CUST-000595,Hernandez-Vaughn,NC-ANALYTICS,Nexus Analytics,1,0.19054104913801087,0,Low
SUB-00002019,CUST-000596,Shaw-Carr,NC-CONTAINER,Nexus Container Platform,1,0.5069295111994605,1,High
SUB-00002020,CUST-000596,Shaw-Carr,NC-SECURITY,Nexus Cloud Security,0,0.18229799878743944,0,Low
SUB-00002021,CUST-000596,Shaw-Carr,NC-COMPUTE,Nexus Compute,1,0.18451373430632295,0,Low
SUB-00002022,CUST-000596,Shaw-Carr,NC-SQL,Nexus SQL Database,0,0.8108531185313345,1,Critical
SUB-00002023,CUST-000597,Salas-Fitzgerald,NC-SQL,Nexus SQL Database,1,0.1927653801007007,0,Low
SUB-00002024,CUST-000597,Salas-Fitzgerald,NC-STORAGE,Nexus Storage,1,0.47382916938161146,0,Medium
SUB-00002025,CUST-000598,Thornton PLC,NC-AISEARCH,Nexus AI Search,0,0.19894036740433188,0,Low
SUB-00002026,CUST-000598,Thornton PLC,NC-WAREHOUSE,Nexus Data Warehouse,0,0.49487149746108744,0,Medium
SUB-00002027,CUST-000598,Thornton PLC,NC-COMPUTE,Nexus Compute,1,0.8043488913184242,1,Critical
SUB-00002028,CUST-000598,Thornton PLC,NC-ANALYTICS,Nexus Analytics,1,0.7958249634475502,1,Critical
SUB-00002029,CUST-000598,Thornton PLC,NC-STORAGE,Nexus Storage,1,0.807261473080341,1,Critical
SUB-00002030,CUST-000598,Thornton PLC,NC-SECURITY,Nexus Cloud Security,1,0.8092558353104141,1,Critical
SUB-00002031,CUST-000598,Thornton PLC,NC-INTEGRATION,Nexus Integration,0,0.5061364645738626,1,High
SUB-00002032,CUST-000599,Hoffman Ltd,NC-SECURITY,Nexus Cloud Security,0,0.5215454901231455,1,High
SUB-00002033,CUST-000599,Hoffman Ltd,NC-SQL,Nexus SQL Database,0,0.2124083325337246,0,Low
SUB-00002034,CUST-000599,Hoffman Ltd,NC-WAREHOUSE,Nexus Data Warehouse,1,0.5076348063977713,1,High
SUB-00002035,CUST-000600,Fox-Edwards,NC-INTEGRATION,Nexus Integration,0,0.5759321829998731,1,High
SUB-00002036,CUST-000600,Fox-Edwards,NC-AISEARCH,Nexus AI Search,0,0.2599189705104616,0,Medium
SUB-00002037,CUST-000600,Fox-Edwards,NC-SQL,Nexus SQL Database,1,0.8413293220352245,1,Critical
SUB-00002038,CUST-000601,Stevens PLC,NC-STORAGE,Nexus Storage,0,0.7939470505412646,1,Critical
SUB-00002039,CUST-000601,Stevens PLC,NC-SQL,Nexus SQL Database,1,0.5056480345080469,1,High
SUB-00002040,CUST-000601,Stevens PLC,NC-CONTAINER,Nexus Container Platform,0,0.18383340899839182,0,Low
SUB-00002041,CUST-000602,Payne-Lowe,NC-COMPUTE,Nexus Compute,1,0.8185340892799847,1,Critical
SUB-00002042,CUST-000602,Payne-Lowe,NC-STORAGE,Nexus Storage,1,0.2062471985941428,0,Low
SUB-00002043,CUST-000602,Payne-Lowe,NC-ANALYTICS,Nexus Analytics,1,0.8201709470326192,1,Critical
SUB-00002044,CUST-000602,Payne-Lowe,NC-SQL,Nexus SQL Database,0,0.1954967065751341,0,Low
SUB-00002045,CUST-000603,"Becker, Lara and Baker",NC-SQL,Nexus SQL Database,1,0.8040606735861757,1,Critical
SUB-00002046,CUST-000603,"Becker, Lara and Baker",NC-INTEGRATION,Nexus Integration,1,0.8017694752960749,1,Critical
SUB-00002047,CUST-000603,"Becker, Lara and Baker",NC-WAREHOUSE,Nexus Data Warehouse,1,0.8085744093353675,1,Critical
SUB-00002048,CUST-000604,Lee-Wright,NC-STORAGE,Nexus Storage,0,0.20260361832817558,0,Low
SUB-00002049,CUST-000605,"Evans, David and Hendrix",NC-INTEGRATION,Nexus Integration,0,0.4844014829252449,0,Medium
SUB-00002050,CUST-000605,"Evans, David and Hendrix",NC-COMPUTE,Nexus Compute,1,0.7820785877497741,1,Critical
SUB-00002051,CUST-000605,"Evans, David and Hendrix",NC-STORAGE,Nexus Storage,1,0.7851481610153871,1,Critical
SUB-00002052,CUST-000605,"Evans, David and Hendrix",NC-ANALYTICS,Nexus Analytics,1,0.7978806973495133,1,Critical
SUB-00002053,CUST-000606,Bush-Vaughn,NC-COMPUTE,Nexus Compute,1,0.21102613645901053,0,Low
SUB-00002054,CUST-000606,Bush-Vaughn,NC-STORAGE,Nexus Storage,1,0.8144646794330065,1,Critical
SUB-00002055,CUST-000606,Bush-Vaughn,NC-SECURITY,Nexus Cloud Security,1,0.8210177206836462,1,Critical
SUB-00002056,CUST-000606,Bush-Vaughn,NC-ANALYTICS,Nexus Analytics,0,0.20691444910902887,0,Low
SUB-00002057,CUST-000607,Stewart-Bailey,NC-STORAGE,Nexus Storage,0,0.5271674694775292,1,High
SUB-00002058,CUST-000608,"Hill, Martinez and Rhodes",NC-AIMODEL,Nexus AI Models,0,0.19983430834560797,0,Low
SUB-00002059,CUST-000608,"Hill, Martinez and Rhodes",NC-STORAGE,Nexus Storage,1,0.5039141069787911,1,High
SUB-00002060,CUST-000609,Huang-Foster,NC-STORAGE,Nexus Storage,1,0.8282775587752652,1,Critical
SUB-00002061,CUST-000609,Huang-Foster,NC-INTEGRATION,Nexus Integration,1,0.5435564672782925,1,High
SUB-00002062,CUST-000610,Blevins-Ballard,NC-CONTAINER,Nexus Container Platform,0,0.21988040009138948,0,Low
SUB-00002063,CUST-000610,Blevins-Ballard,NC-SQL,Nexus SQL Database,0,0.23623119322197564,0,Low
SUB-00002064,CUST-000610,Blevins-Ballard,NC-COMPUTE,Nexus Compute,0,0.23297480503492526,0,Low
SUB-00002065,CUST-000610,Blevins-Ballard,NC-WAREHOUSE,Nexus Data Warehouse,0,0.2367346801584204,0,Low
SUB-00002066,CUST-000610,Blevins-Ballard,NC-SECURITY,Nexus Cloud Security,1,0.8385205091021504,1,Critical
SUB-00002067,CUST-000611,Williams-Moses,NC-SECURITY,Nexus Cloud Security,1,0.564493962875379,1,High
SUB-00002068,CUST-000611,Williams-Moses,NC-WAREHOUSE,Nexus Data Warehouse,1,0.23179665993662094,0,Low
SUB-00002069,CUST-000611,Williams-Moses,NC-COMPUTE,Nexus Compute,1,0.8368053640788499,1,Critical
SUB-00002070,CUST-000611,Williams-Moses,NC-CONTAINER,Nexus Container Platform,1,0.8322428548120692,1,Critical
SUB-00002071,CUST-000611,Williams-Moses,NC-INTEGRATION,Nexus Integration,1,0.5356458191129224,1,High
SUB-00002072,CUST-000611,Williams-Moses,NC-AISEARCH,Nexus AI Search,1,0.5759305896540318,1,High
SUB-00002073,CUST-000611,Williams-Moses,NC-ANALYTICS,Nexus Analytics,0,0.24520027444305215,0,Low
SUB-00002074,CUST-000612,Reed Group,NC-INTEGRATION,Nexus Integration,1,0.8384679047637669,1,Critical
SUB-00002075,CUST-000612,Reed Group,NC-SQL,Nexus SQL Database,1,0.8557815181988031,1,Critical
SUB-00002076,CUST-000612,Reed Group,NC-WAREHOUSE,Nexus Data Warehouse,1,0.8219971044277466,1,Critical
SUB-00002077,CUST-000612,Reed Group,NC-ANALYTICS,Nexus Analytics,1,0.8254834785170516,1,Critical
SUB-00002078,CUST-000612,Reed Group,NC-CONTAINER,Nexus Container Platform,0,0.8390233906193466,1,Critical
SUB-00002079,CUST-000612,Reed Group,NC-AIMODEL,Nexus AI Models,0,0.27489547862448127,0,Medium
SUB-00002080,CUST-000613,"Scott, Mendoza and Harris",NC-WAREHOUSE,Nexus Data Warehouse,0,0.8000296875098211,1,Critical
SUB-00002081,CUST-000614,"Nelson, Hoffman and Nelson",NC-SECURITY,Nexus Cloud Security,0,0.5425257953783921,1,High
SUB-00002082,CUST-000614,"Nelson, Hoffman and Nelson",NC-WAREHOUSE,Nexus Data Warehouse,1,0.8480400082534291,1,Critical
SUB-00002083,CUST-000614,"Nelson, Hoffman and Nelson",NC-CONTAINER,Nexus Container Platform,1,0.8374922203622605,1,Critical
SUB-00002084,CUST-000614,"Nelson, Hoffman and Nelson",NC-SQL,Nexus SQL Database,0,0.8438242832651967,1,Critical
SUB-00002085,CUST-000614,"Nelson, Hoffman and Nelson",NC-ANALYTICS,Nexus Analytics,1,0.8467959107259607,1,Critical
SUB-00002086,CUST-000615,Gilbert PLC,NC-SECURITY,Nexus Cloud Security,1,0.5017238476022987,1,High
SUB-00002087,CUST-000615,Gilbert PLC,NC-STORAGE,Nexus Storage,0,0.1966946536556638,0,Low
SUB-00002088,CUST-000615,Gilbert PLC,NC-CONTAINER,Nexus Container Platform,0,0.19695017329265974,0,Low
SUB-00002089,CUST-000616,Sanchez Ltd,NC-SECURITY,Nexus Cloud Security,1,0.4896801219583403,0,Medium
SUB-00002090,CUST-000616,Sanchez Ltd,NC-STORAGE,Nexus Storage,1,0.4868688604932418,0,Medium
SUB-00002091,CUST-000616,Sanchez Ltd,NC-ANALYTICS,Nexus Analytics,0,0.1997551857361072,0,Low
SUB-00002092,CUST-000616,Sanchez Ltd,NC-WAREHOUSE,Nexus Data Warehouse,0,0.4959835386331195,0,Medium
SUB-00002093,CUST-000617,"Perez, Hall and Garcia",NC-WAREHOUSE,Nexus Data Warehouse,1,0.2001166749517902,0,Low
SUB-00002094,CUST-000617,"Perez, Hall and Garcia",NC-COMPUTE,Nexus Compute,1,0.5056315682733763,1,High
SUB-00002095,CUST-000618,Love-Garcia,NC-SQL,Nexus SQL Database,1,0.4947691286046676,0,Medium
SUB-00002096,CUST-000618,Love-Garcia,NC-ANALYTICS,Nexus Analytics,0,0.1824378172237868,0,Low
SUB-00002097,CUST-000619,Smith PLC,NC-ANALYTICS,Nexus Analytics,1,0.8198814729991789,1,Critical
SUB-00002098,CUST-000619,Smith PLC,NC-CONTAINER,Nexus Container Platform,1,0.5170952700544983,1,High
SUB-00002099,CUST-000620,Russell Group,NC-WAREHOUSE,Nexus Data Warehouse,1,0.8222228501493049,1,Critical
SUB-00002100,CUST-000620,Russell Group,NC-SECURITY,Nexus Cloud Security,0,0.8203292657967286,1,Critical
SUB-00002101,CUST-000621,Santos-Avila,NC-INTEGRATION,Nexus Integration,1,0.47379326708447866,0,Medium
SUB-00002102,CUST-000621,Santos-Avila,NC-COMPUTE,Nexus Compute,1,0.7892020799966865,1,Critical
SUB-00002103,CUST-000622,Morris-Brewer,NC-SECURITY,Nexus Cloud Security,1,0.7999370371528906,1,Critical
SUB-00002104,CUST-000622,Morris-Brewer,NC-INTEGRATION,Nexus Integration,0,0.5132915370117102,1,High
SUB-00002105,CUST-000623,Pearson and Sons,NC-SQL,Nexus SQL Database,0,0.23953043369797256,0,Low
SUB-00002106,CUST-000623,Pearson and Sons,NC-SECURITY,Nexus Cloud Security,0,0.2408623059784454,0,Low
SUB-00002107,CUST-000623,Pearson and Sons,NC-COMPUTE,Nexus Compute,0,0.2272247730361793,0,Low
SUB-00002108,CUST-000623,Pearson and Sons,NC-ANALYTICS,Nexus Analytics,1,0.5786763830632333,1,High
SUB-00002109,CUST-000623,Pearson and Sons,NC-CONTAINER,Nexus Container Platform,1,0.2545477090038636,0,Medium
SUB-00002110,CUST-000624,"Rodgers, Jefferson and Johnson",NC-STORAGE,Nexus Storage,1,0.8447235537084035,1,Critical
SUB-00002111,CUST-000624,"Rodgers, Jefferson and Johnson",NC-ANALYTICS,Nexus Analytics,1,0.5309352411990867,1,High
SUB-00002112,CUST-000624,"Rodgers, Jefferson and Johnson",NC-COMPUTE,Nexus Compute,0,0.221937301017237,0,Low
SUB-00002113,CUST-000625,Butler and Sons,NC-AIMODEL,Nexus AI Models,0,0.21753497117819026,0,Low
SUB-00002114,CUST-000625,Butler and Sons,NC-SQL,Nexus SQL Database,0,0.527981645801735,1,High
SUB-00002115,CUST-000626,Osborn Group,NC-INTEGRATION,Nexus Integration,1,0.5608766196075324,1,High
SUB-00002116,CUST-000626,Osborn Group,NC-SECURITY,Nexus Cloud Security,1,0.8399612192827537,1,Critical
SUB-00002117,CUST-000626,Osborn Group,NC-CONTAINER,Nexus Container Platform,1,0.8496628417243204,1,Critical
SUB-00002118,CUST-000626,Osborn Group,NC-COMPUTE,Nexus Compute,0,0.24640140771550637,0,Low
SUB-00002119,CUST-000626,Osborn Group,NC-STORAGE,Nexus Storage,1,0.5758071865259881,1,High
SUB-00002120,CUST-000627,Lopez-Curry,NC-CONTAINER,Nexus Container Platform,0,0.4858910151430313,0,Medium
SUB-00002121,CUST-000627,Lopez-Curry,NC-COMPUTE,Nexus Compute,1,0.7966599616135842,1,Critical
SUB-00002122,CUST-000627,Lopez-Curry,NC-INTEGRATION,Nexus Integration,1,0.18223592475393627,0,Low
SUB-00002123,CUST-000628,Mcdowell-Smith,NC-WAREHOUSE,Nexus Data Warehouse,1,0.20064129794185212,0,Low
SUB-00002124,CUST-000628,Mcdowell-Smith,NC-ANALYTICS,Nexus Analytics,1,0.18763275598391504,0,Low
SUB-00002125,CUST-000628,Mcdowell-Smith,NC-CONTAINER,Nexus Container Platform,0,0.796366548058991,1,Critical
SUB-00002126,CUST-000628,Mcdowell-Smith,NC-SECURITY,Nexus Cloud Security,0,0.7946853242464619,1,Critical
SUB-00002127,CUST-000628,Mcdowell-Smith,NC-SQL,Nexus SQL Database,0,0.5101085878931496,1,High
SUB-00002128,CUST-000629,"Morrison, Hebert and Rogers",NC-ANALYTICS,Nexus Analytics,1,0.5502318751339119,1,High
SUB-00002129,CUST-000629,"Morrison, Hebert and Rogers",NC-INTEGRATION,Nexus Integration,1,0.21881848837536744,0,Low
SUB-00002130,CUST-000629,"Morrison, Hebert and Rogers",NC-STORAGE,Nexus Storage,1,0.8407256095523208,1,Critical
SUB-00002131,CUST-000629,"Morrison, Hebert and Rogers",NC-SECURITY,Nexus Cloud Security,1,0.5564439159473826,1,High
SUB-00002132,CUST-000629,"Morrison, Hebert and Rogers",NC-CONTAINER,Nexus Container Platform,0,0.5601111758129792,1,High
SUB-00002133,CUST-000630,Hays-Daniels,NC-WAREHOUSE,Nexus Data Warehouse,1,0.24290000627973532,0,Low
SUB-00002134,CUST-000630,Hays-Daniels,NC-STORAGE,Nexus Storage,0,0.23071967144886904,0,Low
SUB-00002135,CUST-000631,Small-Anderson,NC-ANALYTICS,Nexus Analytics,1,0.5121577448541036,1,High
SUB-00002136,CUST-000631,Small-Anderson,NC-AIMODEL,Nexus AI Models,1,0.533625161860966,1,High
SUB-00002137,CUST-000631,Small-Anderson,NC-INTEGRATION,Nexus Integration,1,0.8235977953060468,1,Critical
SUB-00002138,CUST-000631,Small-Anderson,NC-SECURITY,Nexus Cloud Security,1,0.822147271942178,1,Critical
SUB-00002139,CUST-000631,Small-Anderson,NC-WAREHOUSE,Nexus Data Warehouse,1,0.8142372700705466,1,Critical
SUB-00002140,CUST-000632,"Mcdonald, Lee and Rodriguez",NC-CONTAINER,Nexus Container Platform,1,0.8339265332486321,1,Critical
SUB-00002141,CUST-000633,Simon Ltd,NC-CONTAINER,Nexus Container Platform,0,0.53578537507855,1,High
SUB-00002142,CUST-000633,Simon Ltd,NC-ANALYTICS,Nexus Analytics,1,0.525067311313615,1,High
SUB-00002143,CUST-000633,Simon Ltd,NC-SQL,Nexus SQL Database,1,0.525655134161186,1,High
SUB-00002144,CUST-000634,Higgins-Smith,NC-INTEGRATION,Nexus Integration,0,0.19161292852406298,0,Low
SUB-00002145,CUST-000634,Higgins-Smith,NC-WAREHOUSE,Nexus Data Warehouse,1,0.8184792926670763,1,Critical
SUB-00002146,CUST-000635,Gibbs-Bradley,NC-WAREHOUSE,Nexus Data Warehouse,1,0.551370645460541,1,High
SUB-00002147,CUST-000635,Gibbs-Bradley,NC-STORAGE,Nexus Storage,0,0.2257534793010285,0,Low
SUB-00002148,CUST-000636,Thompson Ltd,NC-INTEGRATION,Nexus Integration,1,0.8220665517461709,1,Critical
SUB-00002149,CUST-000636,Thompson Ltd,NC-ANALYTICS,Nexus Analytics,0,0.21467951254443832,0,Low
SUB-00002150,CUST-000636,Thompson Ltd,NC-STORAGE,Nexus Storage,1,0.5284400810018597,1,High
SUB-00002151,CUST-000637,Wilcox-Robertson,NC-COMPUTE,Nexus Compute,0,0.8231655350413192,1,Critical
SUB-00002152,CUST-000637,Wilcox-Robertson,NC-STORAGE,Nexus Storage,0,0.5267940891244586,1,High
SUB-00002153,CUST-000637,Wilcox-Robertson,NC-ANALYTICS,Nexus Analytics,1,0.22835716822628235,0,Low
SUB-00002154,CUST-000637,Wilcox-Robertson,NC-WAREHOUSE,Nexus Data Warehouse,0,0.21371415679936243,0,Low
SUB-00002155,CUST-000637,Wilcox-Robertson,NC-INTEGRATION,Nexus Integration,1,0.8267224135140905,1,Critical
SUB-00002156,CUST-000638,Morales Inc,NC-SECURITY,Nexus Cloud Security,1,0.5144413128498019,1,High
SUB-00002157,CUST-000638,Morales Inc,NC-CONTAINER,Nexus Container Platform,0,0.2079354558510863,0,Low
SUB-00002158,CUST-000638,Morales Inc,NC-COMPUTE,Nexus Compute,0,0.49216092907276915,0,Medium
SUB-00002159,CUST-000638,Morales Inc,NC-AISEARCH,Nexus AI Search,0,0.22117681145058884,0,Low
SUB-00002160,CUST-000638,Morales Inc,NC-INTEGRATION,Nexus Integration,1,0.8103418621036226,1,Critical
SUB-00002161,CUST-000638,Morales Inc,NC-WAREHOUSE,Nexus Data Warehouse,1,0.8260403829950675,1,Critical
SUB-00002162,CUST-000638,Morales Inc,NC-SQL,Nexus SQL Database,0,0.20544084567710505,0,Low
SUB-00002163,CUST-000639,Holden Group,NC-AISEARCH,Nexus AI Search,0,0.24065949932661004,0,Low
SUB-00002164,CUST-000639,Holden Group,NC-COMPUTE,Nexus Compute,0,0.2335629072014128,0,Low
SUB-00002165,CUST-000640,Boyle-Smith,NC-AISEARCH,Nexus AI Search,0,0.2510748221484713,0,Medium
SUB-00002166,CUST-000640,Boyle-Smith,NC-COMPUTE,Nexus Compute,0,0.5604091113617444,1,High
SUB-00002167,CUST-000640,Boyle-Smith,NC-SECURITY,Nexus Cloud Security,1,0.24959532408466953,0,Low
SUB-00002168,CUST-000640,Boyle-Smith,NC-WAREHOUSE,Nexus Data Warehouse,0,0.26052563969164083,0,Medium
SUB-00002169,CUST-000641,Young-Molina,NC-COMPUTE,Nexus Compute,0,0.5277783140032929,1,High
SUB-00002170,CUST-000641,Young-Molina,NC-STORAGE,Nexus Storage,1,0.5477694594476373,1,High
SUB-00002171,CUST-000641,Young-Molina,NC-SECURITY,Nexus Cloud Security,0,0.5449887405887544,1,High
SUB-00002172,CUST-000642,Turner-Sharp,NC-ANALYTICS,Nexus Analytics,1,0.5513664719989004,1,High
SUB-00002173,CUST-000642,Turner-Sharp,NC-SECURITY,Nexus Cloud Security,0,0.2145450676233302,0,Low
SUB-00002174,CUST-000643,Green LLC,NC-INTEGRATION,Nexus Integration,1,0.8340343284857028,1,Critical
SUB-00002175,CUST-000644,"Young, Contreras and Marshall",NC-COMPUTE,Nexus Compute,1,0.8435555111464258,1,Critical
SUB-00002176,CUST-000645,Sullivan PLC,NC-SQL,Nexus SQL Database,1,0.22688600103400816,0,Low
SUB-00002177,CUST-000645,Sullivan PLC,NC-INTEGRATION,Nexus Integration,0,0.21811037259234198,0,Low
SUB-00002178,CUST-000645,Sullivan PLC,NC-ANALYTICS,Nexus Analytics,0,0.22147514061213713,0,Low
SUB-00002179,CUST-000646,"Carrillo, Vaughn and Fowler",NC-STORAGE,Nexus Storage,1,0.1857790067789813,0,Low
SUB-00002180,CUST-000647,Richardson-Walker,NC-INTEGRATION,Nexus Integration,0,0.28077043546197056,0,Medium
SUB-00002181,CUST-000647,Richardson-Walker,NC-STORAGE,Nexus Storage,0,0.20989902955921327,0,Low
SUB-00002182,CUST-000647,Richardson-Walker,NC-ANALYTICS,Nexus Analytics,1,0.8720465756979691,1,Critical
SUB-00002183,CUST-000647,Richardson-Walker,NC-CONTAINER,Nexus Container Platform,1,0.5194111194741019,1,High
SUB-00002184,CUST-000647,Richardson-Walker,NC-WAREHOUSE,Nexus Data Warehouse,1,0.8261702251404645,1,Critical
SUB-00002185,CUST-000648,Mendoza Group,NC-WAREHOUSE,Nexus Data Warehouse,1,0.8122480004086651,1,Critical
SUB-00002186,CUST-000648,Mendoza Group,NC-AIMODEL,Nexus AI Models,0,0.21983606917722776,0,Low
SUB-00002187,CUST-000648,Mendoza Group,NC-SECURITY,Nexus Cloud Security,1,0.8167581878591458,1,Critical
SUB-00002188,CUST-000648,Mendoza Group,NC-INTEGRATION,Nexus Integration,0,0.2052435250841514,0,Low
SUB-00002189,CUST-000648,Mendoza Group,NC-CONTAINER,Nexus Container Platform,1,0.19672881395923883,0,Low
SUB-00002190,CUST-000649,"Zhang, Brooks and Miles",NC-CONTAINER,Nexus Container Platform,1,0.5171578808780847,1,High
SUB-00002191,CUST-000649,"Zhang, Brooks and Miles",NC-WAREHOUSE,Nexus Data Warehouse,1,0.8198573177057302,1,Critical
SUB-00002192,CUST-000649,"Zhang, Brooks and Miles",NC-ANALYTICS,Nexus Analytics,0,0.20938514907014535,0,Low
SUB-00002193,CUST-000649,"Zhang, Brooks and Miles",NC-SQL,Nexus SQL Database,1,0.8125372000514491,1,Critical
SUB-00002194,CUST-000649,"Zhang, Brooks and Miles",NC-STORAGE,Nexus Storage,1,0.8042821583260559,1,Critical
SUB-00002195,CUST-000649,"Zhang, Brooks and Miles",NC-SECURITY,Nexus Cloud Security,0,0.2106375229673412,0,Low
SUB-00002196,CUST-000649,"Zhang, Brooks and Miles",NC-AIMODEL,Nexus AI Models,0,0.5502036795262841,1,High
SUB-00002197,CUST-000650,Todd-Pham,NC-COMPUTE,Nexus Compute,0,0.5476300035782374,1,High
SUB-00002198,CUST-000650,Todd-Pham,NC-SQL,Nexus SQL Database,1,0.8306872526690227,1,Critical
SUB-00002199,CUST-000650,Todd-Pham,NC-SECURITY,Nexus Cloud Security,1,0.5621768038223071,1,High
SUB-00002200,CUST-000650,Todd-Pham,NC-INTEGRATION,Nexus Integration,1,0.23015400391623647,0,Low
SUB-00002201,CUST-000650,Todd-Pham,NC-STORAGE,Nexus Storage,1,0.8333797019588183,1,Critical
SUB-00002202,CUST-000650,Todd-Pham,NC-WAREHOUSE,Nexus Data Warehouse,1,0.8346642329503359,1,Critical
SUB-00002203,CUST-000651,Gill Ltd,NC-CONTAINER,Nexus Container Platform,0,0.20997434389838016,0,Low
SUB-00002204,CUST-000652,"Marks, Miller and Griffin",NC-COMPUTE,Nexus Compute,1,0.7686301895268627,1,Critical
SUB-00002205,CUST-000652,"Marks, Miller and Griffin",NC-SQL,Nexus SQL Database,1,0.8211041960716945,1,Critical
SUB-00002206,CUST-000652,"Marks, Miller and Griffin",NC-AISEARCH,Nexus AI Search,1,0.8338699354641318,1,Critical
SUB-00002207,CUST-000652,"Marks, Miller and Griffin",NC-SECURITY,Nexus Cloud Security,0,0.20485352554223965,0,Low
SUB-00002208,CUST-000652,"Marks, Miller and Griffin",NC-WAREHOUSE,Nexus Data Warehouse,0,0.25126254618521626,0,Medium
SUB-00002209,CUST-000653,"Cox, Stark and Rodriguez",NC-WAREHOUSE,Nexus Data Warehouse,1,0.476944412384789,0,Medium
SUB-00002210,CUST-000653,"Cox, Stark and Rodriguez",NC-SECURITY,Nexus Cloud Security,1,0.7871303793373423,1,Critical
SUB-00002211,CUST-000653,"Cox, Stark and Rodriguez",NC-ANALYTICS,Nexus Analytics,1,0.1802517417963677,0,Low
SUB-00002212,CUST-000654,"Leach, Harris and Herrera",NC-COMPUTE,Nexus Compute,1,0.8256801013517705,1,Critical
SUB-00002213,CUST-000654,"Leach, Harris and Herrera",NC-ANALYTICS,Nexus Analytics,1,0.8170578240694905,1,Critical
SUB-00002214,CUST-000654,"Leach, Harris and Herrera",NC-STORAGE,Nexus Storage,1,0.8207370118261925,1,Critical
SUB-00002215,CUST-000654,"Leach, Harris and Herrera",NC-AIMODEL,Nexus AI Models,0,0.2135937905911509,0,Low
SUB-00002216,CUST-000654,"Leach, Harris and Herrera",NC-WAREHOUSE,Nexus Data Warehouse,0,0.5136336536743754,1,High
SUB-00002217,CUST-000655,Murphy PLC,NC-CONTAINER,Nexus Container Platform,1,0.8452213222211392,1,Critical
SUB-00002218,CUST-000656,Wilson-Harris,NC-STORAGE,Nexus Storage,1,0.8083722417789057,1,Critical
SUB-00002219,CUST-000656,Wilson-Harris,NC-SECURITY,Nexus Cloud Security,1,0.8064611428676369,1,Critical
SUB-00002220,CUST-000657,"Burns, Nolan and Griffin",NC-WAREHOUSE,Nexus Data Warehouse,1,0.4782575487057526,0,Medium
SUB-00002221,CUST-000657,"Burns, Nolan and Griffin",NC-CONTAINER,Nexus Container Platform,0,0.7872976126789191,1,Critical
SUB-00002222,CUST-000657,"Burns, Nolan and Griffin",NC-ANALYTICS,Nexus Analytics,0,0.1883442490362607,0,Low
SUB-00002223,CUST-000657,"Burns, Nolan and Griffin",NC-SECURITY,Nexus Cloud Security,1,0.7852131021305057,1,Critical
SUB-00002224,CUST-000658,Chavez PLC,NC-STORAGE,Nexus Storage,1,0.793819621504578,1,Critical
SUB-00002225,CUST-000658,Chavez PLC,NC-SECURITY,Nexus Cloud Security,1,0.8051161902169673,1,Critical
SUB-00002226,CUST-000658,Chavez PLC,NC-WAREHOUSE,Nexus Data Warehouse,0,0.19794827700204312,0,Low
SUB-00002227,CUST-000658,Chavez PLC,NC-CONTAINER,Nexus Container Platform,1,0.8079321637375504,1,Critical
SUB-00002228,CUST-000658,Chavez PLC,NC-COMPUTE,Nexus Compute,1,0.7979674985895648,1,Critical
SUB-00002229,CUST-000659,Bryant-Brown,NC-WAREHOUSE,Nexus Data Warehouse,1,0.5172809252113821,1,High
SUB-00002230,CUST-000659,Bryant-Brown,NC-AIMODEL,Nexus AI Models,0,0.216583089953283,0,Low
SUB-00002231,CUST-000659,Bryant-Brown,NC-SECURITY,Nexus Cloud Security,1,0.4973420372691583,0,Medium
SUB-00002232,CUST-000660,Chambers-Parker,NC-ANALYTICS,Nexus Analytics,0,0.48422606916420446,0,Medium
SUB-00002233,CUST-000660,Chambers-Parker,NC-SECURITY,Nexus Cloud Security,1,0.18580853225541544,0,Low
SUB-00002234,CUST-000660,Chambers-Parker,NC-INTEGRATION,Nexus Integration,0,0.1833661020026201,0,Low
SUB-00002235,CUST-000661,Foster Inc,NC-SECURITY,Nexus Cloud Security,1,0.5229768326933381,1,High
SUB-00002236,CUST-000661,Foster Inc,NC-STORAGE,Nexus Storage,0,0.21184079400655018,0,Low
SUB-00002237,CUST-000661,Foster Inc,NC-AISEARCH,Nexus AI Search,0,0.21038073985082495,0,Low
SUB-00002238,CUST-000661,Foster Inc,NC-CONTAINER,Nexus Container Platform,0,0.5031302060603466,1,High
SUB-00002239,CUST-000661,Foster Inc,NC-COMPUTE,Nexus Compute,0,0.5260263232465036,1,High
SUB-00002240,CUST-000662,"Robinson, Jones and Henderson",NC-CONTAINER,Nexus Container Platform,0,0.5480494078828037,1,High
SUB-00002241,CUST-000662,"Robinson, Jones and Henderson",NC-SECURITY,Nexus Cloud Security,0,0.5648492076894741,1,High
SUB-00002242,CUST-000663,"Brown, Mcknight and Michael",NC-INTEGRATION,Nexus Integration,1,0.5135749804593098,1,High
SUB-00002243,CUST-000663,"Brown, Mcknight and Michael",NC-STORAGE,Nexus Storage,1,0.19007427460797524,0,Low
SUB-00002244,CUST-000664,Andersen Group,NC-ANALYTICS,Nexus Analytics,0,0.5071332134644493,1,High
SUB-00002245,CUST-000665,Mitchell and Sons,NC-AISEARCH,Nexus AI Search,1,0.8631733697988949,1,Critical
SUB-00002246,CUST-000665,Mitchell and Sons,NC-COMPUTE,Nexus Compute,1,0.5628329978559582,1,High
SUB-00002247,CUST-000665,Mitchell and Sons,NC-INTEGRATION,Nexus Integration,1,0.2466702963491106,0,Low
SUB-00002248,CUST-000666,Cannon Ltd,NC-WAREHOUSE,Nexus Data Warehouse,1,0.8249072246847038,1,Critical
SUB-00002249,CUST-000666,Cannon Ltd,NC-SQL,Nexus SQL Database,1,0.8123071060279617,1,Critical
SUB-00002250,CUST-000666,Cannon Ltd,NC-CONTAINER,Nexus Container Platform,1,0.20769348643036897,0,Low
SUB-00002251,CUST-000666,Cannon Ltd,NC-AISEARCH,Nexus AI Search,1,0.21265051437055413,0,Low
SUB-00002252,CUST-000667,"Stuart, Brooks and Vance",NC-INTEGRATION,Nexus Integration,0,0.2179296394725629,0,Low
SUB-00002253,CUST-000667,"Stuart, Brooks and Vance",NC-CONTAINER,Nexus Container Platform,0,0.2366425048264448,0,Low
SUB-00002254,CUST-000667,"Stuart, Brooks and Vance",NC-SQL,Nexus SQL Database,0,0.23876571253118145,0,Low
SUB-00002255,CUST-000667,"Stuart, Brooks and Vance",NC-AISEARCH,Nexus AI Search,0,0.25631138118973273,0,Medium
SUB-00002256,CUST-000667,"Stuart, Brooks and Vance",NC-ANALYTICS,Nexus Analytics,0,0.5617723663104665,1,High
SUB-00002257,CUST-000667,"Stuart, Brooks and Vance",NC-COMPUTE,Nexus Compute,0,0.838794133018952,1,Critical
SUB-00002258,CUST-000668,Kane-Knox,NC-CONTAINER,Nexus Container Platform,0,0.46307115265941967,0,Medium
SUB-00002259,CUST-000668,Kane-Knox,NC-INTEGRATION,Nexus Integration,1,0.7813675354404888,1,Critical
SUB-00002260,CUST-000668,Kane-Knox,NC-SQL,Nexus SQL Database,0,0.18565642665782875,0,Low
SUB-00002261,CUST-000668,Kane-Knox,NC-STORAGE,Nexus Storage,0,0.1779310793665335,0,Low
SUB-00002262,CUST-000669,Miller-Brandt,NC-INTEGRATION,Nexus Integration,0,0.5026800985719082,1,High
SUB-00002263,CUST-000669,Miller-Brandt,NC-STORAGE,Nexus Storage,0,0.5031968201099696,1,High
SUB-00002264,CUST-000669,Miller-Brandt,NC-COMPUTE,Nexus Compute,0,0.8159656036322441,1,Critical
SUB-00002265,CUST-000670,"Anderson, Dalton and Wilson",NC-WAREHOUSE,Nexus Data Warehouse,1,0.5379303760208268,1,High
SUB-00002266,CUST-000670,"Anderson, Dalton and Wilson",NC-COMPUTE,Nexus Compute,0,0.5473338937861393,1,High
SUB-00002267,CUST-000671,"Long, Anderson and Irwin",NC-ANALYTICS,Nexus Analytics,1,0.8498872818930641,1,Critical
SUB-00002268,CUST-000671,"Long, Anderson and Irwin",NC-AIMODEL,Nexus AI Models,1,0.17896968280511108,0,Low
SUB-00002269,CUST-000671,"Long, Anderson and Irwin",NC-STORAGE,Nexus Storage,1,0.7685750422425672,1,Critical
SUB-00002270,CUST-000671,"Long, Anderson and Irwin",NC-SQL,Nexus SQL Database,0,0.48136099628415036,0,Medium
SUB-00002271,CUST-000671,"Long, Anderson and Irwin",NC-SECURITY,Nexus Cloud Security,0,0.4463867662000876,0,Medium
SUB-00002272,CUST-000672,Avila LLC,NC-INTEGRATION,Nexus Integration,1,0.18803985357166067,0,Low
SUB-00002273,CUST-000672,Avila LLC,NC-COMPUTE,Nexus Compute,0,0.18040667003078067,0,Low
SUB-00002274,CUST-000672,Avila LLC,NC-CONTAINER,Nexus Container Platform,0,0.188093697280657,0,Low
SUB-00002275,CUST-000673,Nunez-Stephens,NC-ANALYTICS,Nexus Analytics,1,0.8531104007957648,1,Critical
SUB-00002276,CUST-000673,Nunez-Stephens,NC-CONTAINER,Nexus Container Platform,1,0.5592776271767123,1,High
SUB-00002277,CUST-000674,"Gray, Hall and Murray",NC-SQL,Nexus SQL Database,1,0.783578589252284,1,Critical
SUB-00002278,CUST-000674,"Gray, Hall and Murray",NC-WAREHOUSE,Nexus Data Warehouse,1,0.17332635405760632,0,Low
SUB-00002279,CUST-000674,"Gray, Hall and Murray",NC-INTEGRATION,Nexus Integration,1,0.17681462326478914,0,Low
SUB-00002280,CUST-000675,Hill Ltd,NC-WAREHOUSE,Nexus Data Warehouse,1,0.6205505450582959,1,High
SUB-00002281,CUST-000675,Hill Ltd,NC-SECURITY,Nexus Cloud Security,1,0.5305486824155288,1,High
SUB-00002282,CUST-000675,Hill Ltd,NC-ANALYTICS,Nexus Analytics,1,0.8288866637248021,1,Critical
SUB-00002283,CUST-000675,Hill Ltd,NC-SQL,Nexus SQL Database,0,0.8095086025837316,1,Critical
SUB-00002284,CUST-000675,Hill Ltd,NC-INTEGRATION,Nexus Integration,0,0.1877385821642508,0,Low
SUB-00002285,CUST-000675,Hill Ltd,NC-AISEARCH,Nexus AI Search,0,0.8366681605221019,1,Critical
SUB-00002286,CUST-000675,Hill Ltd,NC-AIMODEL,Nexus AI Models,0,0.2333630168459742,0,Low
SUB-00002287,CUST-000675,Hill Ltd,NC-STORAGE,Nexus Storage,0,0.5225872604522394,1,High
SUB-00002288,CUST-000675,Hill Ltd,NC-COMPUTE,Nexus Compute,0,0.5348763095863162,1,High
SUB-00002289,CUST-000676,Johnson Ltd,NC-AIMODEL,Nexus AI Models,1,0.573352671795117,1,High
SUB-00002290,CUST-000676,Johnson Ltd,NC-INTEGRATION,Nexus Integration,1,0.6062618763815831,1,High
SUB-00002291,CUST-000676,Johnson Ltd,NC-WAREHOUSE,Nexus Data Warehouse,1,0.5924768740584189,1,High
SUB-00002292,CUST-000676,Johnson Ltd,NC-SQL,Nexus SQL Database,0,0.1938955627088484,0,Low
SUB-00002293,CUST-000676,Johnson Ltd,NC-CONTAINER,Nexus Container Platform,1,0.5973522540678424,1,High
SUB-00002294,CUST-000676,Johnson Ltd,NC-SECURITY,Nexus Cloud Security,1,0.8457434547313435,1,Critical
SUB-00002295,CUST-000677,Mendez-Mayer,NC-STORAGE,Nexus Storage,0,0.23577833896493433,0,Low
SUB-00002296,CUST-000677,Mendez-Mayer,NC-INTEGRATION,Nexus Integration,0,0.5628176714571863,1,High
SUB-00002297,CUST-000677,Mendez-Mayer,NC-WAREHOUSE,Nexus Data Warehouse,1,0.8511737455723146,1,Critical
SUB-00002298,CUST-000678,Allen Inc,NC-STORAGE,Nexus Storage,1,0.49569691823470813,0,Medium
SUB-00002299,CUST-000678,Allen Inc,NC-WAREHOUSE,Nexus Data Warehouse,1,0.5196105111655118,1,High
SUB-00002300,CUST-000679,Wheeler Group,NC-SQL,Nexus SQL Database,0,0.49048330911636995,0,Medium
SUB-00002301,CUST-000679,Wheeler Group,NC-WAREHOUSE,Nexus Data Warehouse,1,0.7982269864830479,1,Critical
SUB-00002302,CUST-000679,Wheeler Group,NC-CONTAINER,Nexus Container Platform,0,0.4809020952035224,0,Medium
SUB-00002303,CUST-000679,Wheeler Group,NC-AIMODEL,Nexus AI Models,1,0.8056652052164425,1,Critical
SUB-00002304,CUST-000679,Wheeler Group,NC-SECURITY,Nexus Cloud Security,0,0.19581204838237232,0,Low
SUB-00002305,CUST-000680,"Powers, Brennan and Sanchez",NC-SECURITY,Nexus Cloud Security,1,0.8117597218470728,1,Critical
SUB-00002306,CUST-000680,"Powers, Brennan and Sanchez",NC-CONTAINER,Nexus Container Platform,1,0.19848771354312222,0,Low
SUB-00002307,CUST-000680,"Powers, Brennan and Sanchez",NC-WAREHOUSE,Nexus Data Warehouse,1,0.8037515210273646,1,Critical
SUB-00002308,CUST-000680,"Powers, Brennan and Sanchez",NC-INTEGRATION,Nexus Integration,1,0.8017491161494986,1,Critical
SUB-00002309,CUST-000680,"Powers, Brennan and Sanchez",NC-COMPUTE,Nexus Compute,1,0.4927859344715766,0,Medium
SUB-00002310,CUST-000680,"Powers, Brennan and Sanchez",NC-STORAGE,Nexus Storage,1,0.5062591644326527,1,High
SUB-00002311,CUST-000681,Morales and Sons,NC-ANALYTICS,Nexus Analytics,1,0.7818733200486787,1,Critical
SUB-00002312,CUST-000682,"Robinson, Shields and Brown",NC-INTEGRATION,Nexus Integration,1,0.46465703361839183,0,Medium
SUB-00002313,CUST-000682,"Robinson, Shields and Brown",NC-COMPUTE,Nexus Compute,1,0.7968507359284983,1,Critical
SUB-00002314,CUST-000682,"Robinson, Shields and Brown",NC-CONTAINER,Nexus Container Platform,0,0.17731774780844153,0,Low
SUB-00002315,CUST-000682,"Robinson, Shields and Brown",NC-ANALYTICS,Nexus Analytics,0,0.17421915386250558,0,Low
SUB-00002316,CUST-000682,"Robinson, Shields and Brown",NC-SQL,Nexus SQL Database,0,0.47131735617515685,0,Medium
SUB-00002317,CUST-000683,"Holder, Young and Hendricks",NC-WAREHOUSE,Nexus Data Warehouse,1,0.8172966068728684,1,Critical
SUB-00002318,CUST-000683,"Holder, Young and Hendricks",NC-ANALYTICS,Nexus Analytics,0,0.5200139276732677,1,High
SUB-00002319,CUST-000683,"Holder, Young and Hendricks",NC-STORAGE,Nexus Storage,0,0.5287151220950039,1,High
SUB-00002320,CUST-000683,"Holder, Young and Hendricks",NC-INTEGRATION,Nexus Integration,0,0.2021499543207457,0,Low
SUB-00002321,CUST-000684,"Flores, Harper and Chambers",NC-ANALYTICS,Nexus Analytics,1,0.4966691725574712,0,Medium
SUB-00002322,CUST-000684,"Flores, Harper and Chambers",NC-STORAGE,Nexus Storage,1,0.812584709202341,1,Critical
SUB-00002323,CUST-000684,"Flores, Harper and Chambers",NC-AISEARCH,Nexus AI Search,1,0.21345760962309268,0,Low
SUB-00002324,CUST-000684,"Flores, Harper and Chambers",NC-SQL,Nexus SQL Database,1,0.7947112219216473,1,Critical
SUB-00002325,CUST-000684,"Flores, Harper and Chambers",NC-INTEGRATION,Nexus Integration,1,0.8128793824875362,1,Critical
SUB-00002326,CUST-000685,Young-Walter,NC-WAREHOUSE,Nexus Data Warehouse,1,0.5587122891763867,1,High
SUB-00002327,CUST-000685,Young-Walter,NC-SECURITY,Nexus Cloud Security,1,0.5658660378150904,1,High
SUB-00002328,CUST-000686,"Boyd, Gutierrez and Hill",NC-SECURITY,Nexus Cloud Security,0,0.46774492566498277,0,Medium
SUB-00002329,CUST-000686,"Boyd, Gutierrez and Hill",NC-CONTAINER,Nexus Container Platform,1,0.18847307225774682,0,Low
SUB-00002330,CUST-000686,"Boyd, Gutierrez and Hill",NC-COMPUTE,Nexus Compute,1,0.8004501090722659,1,Critical
SUB-00002331,CUST-000687,"Fry, Hobbs and Buck",NC-INTEGRATION,Nexus Integration,0,0.5477155066084244,1,High
SUB-00002332,CUST-000688,"Shelton, Peters and Williams",NC-AIMODEL,Nexus AI Models,1,0.8147560707293194,1,Critical
SUB-00002333,CUST-000688,"Shelton, Peters and Williams",NC-SECURITY,Nexus Cloud Security,1,0.814859147901339,1,Critical
SUB-00002334,CUST-000688,"Shelton, Peters and Williams",NC-CONTAINER,Nexus Container Platform,1,0.7840109602846345,1,Critical
SUB-00002335,CUST-000688,"Shelton, Peters and Williams",NC-AISEARCH,Nexus AI Search,0,0.20243964094144046,0,Low
SUB-00002336,CUST-000688,"Shelton, Peters and Williams",NC-COMPUTE,Nexus Compute,0,0.19005240943223853,0,Low
SUB-00002337,CUST-000688,"Shelton, Peters and Williams",NC-STORAGE,Nexus Storage,1,0.7896361664138921,1,Critical
SUB-00002338,CUST-000689,David-Powers,NC-SECURITY,Nexus Cloud Security,0,0.23277203956122877,0,Low
SUB-00002339,CUST-000689,David-Powers,NC-STORAGE,Nexus Storage,0,0.5614795856852207,1,High
SUB-00002340,CUST-000689,David-Powers,NC-SQL,Nexus SQL Database,0,0.5411789952514758,1,High
SUB-00002341,CUST-000689,David-Powers,NC-WAREHOUSE,Nexus Data Warehouse,0,0.5478205957893537,1,High
SUB-00002342,CUST-000690,"Flores, Butler and Hernandez",NC-STORAGE,Nexus Storage,1,0.8002663634379878,1,Critical
SUB-00002343,CUST-000690,"Flores, Butler and Hernandez",NC-INTEGRATION,Nexus Integration,1,0.4774670286307208,0,Medium
SUB-00002344,CUST-000690,"Flores, Butler and Hernandez",NC-SECURITY,Nexus Cloud Security,0,0.7984091646163242,1,Critical
SUB-00002345,CUST-000691,White-Medina,NC-WAREHOUSE,Nexus Data Warehouse,1,0.8383247132586785,1,Critical
SUB-00002346,CUST-000692,Atkinson LLC,NC-COMPUTE,Nexus Compute,0,0.4737144501842415,0,Medium
SUB-00002347,CUST-000692,Atkinson LLC,NC-WAREHOUSE,Nexus Data Warehouse,1,0.45641961835621797,0,Medium
SUB-00002348,CUST-000692,Atkinson LLC,NC-SECURITY,Nexus Cloud Security,0,0.16874816720734936,0,Low
SUB-00002349,CUST-000693,"Thomas, Ford and Brown",NC-AIMODEL,Nexus AI Models,0,0.5351870795478942,1,High
SUB-00002350,CUST-000693,"Thomas, Ford and Brown",NC-CONTAINER,Nexus Container Platform,1,0.8143741822084941,1,Critical
SUB-00002351,CUST-000693,"Thomas, Ford and Brown",NC-WAREHOUSE,Nexus Data Warehouse,0,0.19625298912063255,0,Low
SUB-00002352,CUST-000694,Faulkner-Grant,NC-WAREHOUSE,Nexus Data Warehouse,0,0.21373635355363882,0,Low
SUB-00002353,CUST-000694,Faulkner-Grant,NC-CONTAINER,Nexus Container Platform,1,0.5475156484858055,1,High
SUB-00002354,CUST-000695,Price LLC,NC-CONTAINER,Nexus Container Platform,0,0.24555759689296142,0,Low
SUB-00002355,CUST-000695,Price LLC,NC-INTEGRATION,Nexus Integration,0,0.5726324815180162,1,High
SUB-00002356,CUST-000695,Price LLC,NC-AISEARCH,Nexus AI Search,1,0.2438739992343445,0,Low
SUB-00002357,CUST-000696,Rivera Inc,NC-CONTAINER,Nexus Container Platform,1,0.527719842035223,1,High
SUB-00002358,CUST-000696,Rivera Inc,NC-STORAGE,Nexus Storage,0,0.21234512038535147,0,Low
SUB-00002359,CUST-000696,Rivera Inc,NC-INTEGRATION,Nexus Integration,1,0.8225830816975739,1,Critical
SUB-00002360,CUST-000696,Rivera Inc,NC-COMPUTE,Nexus Compute,0,0.20025801734876486,0,Low
SUB-00002361,CUST-000696,Rivera Inc,NC-ANALYTICS,Nexus Analytics,1,0.8239011186795951,1,Critical
SUB-00002362,CUST-000697,Boone-Davis,NC-STORAGE,Nexus Storage,1,0.48532743981334675,0,Medium
SUB-00002363,CUST-000697,Boone-Davis,NC-ANALYTICS,Nexus Analytics,1,0.18199348306860294,0,Low
SUB-00002364,CUST-000697,Boone-Davis,NC-SECURITY,Nexus Cloud Security,1,0.16634639279534144,0,Low
SUB-00002365,CUST-000697,Boone-Davis,NC-INTEGRATION,Nexus Integration,1,0.4718253391085314,0,Medium
SUB-00002366,CUST-000698,"Calderon, Williams and Bennett",NC-INTEGRATION,Nexus Integration,0,0.22619499149572111,0,Low
SUB-00002367,CUST-000698,"Calderon, Williams and Bennett",NC-CONTAINER,Nexus Container Platform,1,0.23404010115644852,0,Low
SUB-00002368,CUST-000698,"Calderon, Williams and Bennett",NC-SQL,Nexus SQL Database,1,0.8460546148752538,1,Critical
SUB-00002369,CUST-000698,"Calderon, Williams and Bennett",NC-ANALYTICS,Nexus Analytics,1,0.5619516919982005,1,High
SUB-00002370,CUST-000699,"Morrison, Russo and Lopez",NC-CONTAINER,Nexus Container Platform,0,0.5481258399835168,1,High
SUB-00002371,CUST-000699,"Morrison, Russo and Lopez",NC-INTEGRATION,Nexus Integration,1,0.5477005506794462,1,High
SUB-00002372,CUST-000699,"Morrison, Russo and Lopez",NC-SECURITY,Nexus Cloud Security,0,0.22386255981799813,0,Low
SUB-00002373,CUST-000700,"Ramsey, Hansen and Mendoza",NC-COMPUTE,Nexus Compute,1,0.19530435471062305,0,Low
SUB-00002374,CUST-000700,"Ramsey, Hansen and Mendoza",NC-CONTAINER,Nexus Container Platform,0,0.18955044122754558,0,Low
SUB-00002375,CUST-000700,"Ramsey, Hansen and Mendoza",NC-ANALYTICS,Nexus Analytics,1,0.5345386100182671,1,High
SUB-00002376,CUST-000700,"Ramsey, Hansen and Mendoza",NC-SQL,Nexus SQL Database,1,0.8165971507863868,1,Critical
SUB-00002377,CUST-000700,"Ramsey, Hansen and Mendoza",NC-SECURITY,Nexus Cloud Security,0,0.21024985478969174,0,Low
SUB-00002378,CUST-000701,Turner-Stout,NC-INTEGRATION,Nexus Integration,1,0.2174371297556284,0,Low
SUB-00002379,CUST-000701,Turner-Stout,NC-WAREHOUSE,Nexus Data Warehouse,1,0.5391627106369908,1,High
SUB-00002380,CUST-000701,Turner-Stout,NC-SQL,Nexus SQL Database,1,0.8232879439327859,1,Critical
SUB-00002381,CUST-000702,Giles Ltd,NC-INTEGRATION,Nexus Integration,1,0.46764280859366897,0,Medium
SUB-00002382,CUST-000702,Giles Ltd,NC-SECURITY,Nexus Cloud Security,0,0.46206462900410616,0,Medium
SUB-00002383,CUST-000702,Giles Ltd,NC-WAREHOUSE,Nexus Data Warehouse,1,0.17590260724321405,0,Low
SUB-00002384,CUST-000703,Burgess Group,NC-CONTAINER,Nexus Container Platform,0,0.2113005213622917,0,Low
SUB-00002385,CUST-000703,Burgess Group,NC-STORAGE,Nexus Storage,1,0.542845260087104,1,High
SUB-00002386,CUST-000703,Burgess Group,NC-INTEGRATION,Nexus Integration,1,0.8186484649730182,1,Critical
SUB-00002387,CUST-000703,Burgess Group,NC-SECURITY,Nexus Cloud Security,1,0.8193768603293984,1,Critical
SUB-00002388,CUST-000703,Burgess Group,NC-SQL,Nexus SQL Database,1,0.8245981809815566,1,Critical
SUB-00002389,CUST-000703,Burgess Group,NC-ANALYTICS,Nexus Analytics,1,0.5346418714663891,1,High
SUB-00002390,CUST-000704,Dominguez Ltd,NC-ANALYTICS,Nexus Analytics,1,0.46324656667085556,0,Medium
SUB-00002391,CUST-000704,Dominguez Ltd,NC-SQL,Nexus SQL Database,0,0.17986383687459062,0,Low
SUB-00002392,CUST-000705,Sanders and Sons,NC-SECURITY,Nexus Cloud Security,0,0.183192352545813,0,Low
SUB-00002393,CUST-000705,Sanders and Sons,NC-INTEGRATION,Nexus Integration,0,0.5048088293188685,1,High
SUB-00002394,CUST-000705,Sanders and Sons,NC-COMPUTE,Nexus Compute,1,0.48635918711925114,0,Medium
SUB-00002395,CUST-000705,Sanders and Sons,NC-AIMODEL,Nexus AI Models,1,0.8142554866986907,1,Critical
SUB-00002396,CUST-000705,Sanders and Sons,NC-CONTAINER,Nexus Container Platform,1,0.19743687351577505,0,Low
SUB-00002397,CUST-000706,"Morris, Campbell and Owens",NC-CONTAINER,Nexus Container Platform,0,0.1884810550075055,0,Low
SUB-00002398,CUST-000707,"Howard, Green and Hunt",NC-STORAGE,Nexus Storage,1,0.8408111744700186,1,Critical
SUB-00002399,CUST-000707,"Howard, Green and Hunt",NC-COMPUTE,Nexus Compute,1,0.8286733125933066,1,Critical
SUB-00002400,CUST-000708,Owens-Lang,NC-COMPUTE,Nexus Compute,1,0.2282137423439671,0,Low
SUB-00002401,CUST-000708,Owens-Lang,NC-SECURITY,Nexus Cloud Security,1,0.8342700153714927,1,Critical
SUB-00002402,CUST-000708,Owens-Lang,NC-ANALYTICS,Nexus Analytics,1,0.23109648111023895,0,Low
SUB-00002403,CUST-000709,"Harrison, Franco and Rocha",NC-WAREHOUSE,Nexus Data Warehouse,0,0.19960688461070064,0,Low
SUB-00002404,CUST-000709,"Harrison, Franco and Rocha",NC-SECURITY,Nexus Cloud Security,1,0.799429984876208,1,Critical
SUB-00002405,CUST-000710,Edwards-Williams,NC-COMPUTE,Nexus Compute,1,0.55517950673698,1,High
SUB-00002406,CUST-000710,Edwards-Williams,NC-SECURITY,Nexus Cloud Security,1,0.8416910947941579,1,Critical
SUB-00002407,CUST-000710,Edwards-Williams,NC-STORAGE,Nexus Storage,1,0.5577179538709583,1,High
SUB-00002408,CUST-000711,Figueroa Inc,NC-SQL,Nexus SQL Database,0,0.23330696170707105,0,Low
SUB-00002409,CUST-000711,Figueroa Inc,NC-CONTAINER,Nexus Container Platform,0,0.5683750204515293,1,High
SUB-00002410,CUST-000711,Figueroa Inc,NC-WAREHOUSE,Nexus Data Warehouse,1,0.840022605551625,1,Critical
SUB-00002411,CUST-000712,Tran-Silva,NC-CONTAINER,Nexus Container Platform,0,0.20950197896635409,0,Low
SUB-00002412,CUST-000712,Tran-Silva,NC-INTEGRATION,Nexus Integration,0,0.5108964588203687,1,High
SUB-00002413,CUST-000713,"Butler, Hernandez and Rivera",NC-COMPUTE,Nexus Compute,1,0.5572095750365759,1,High
SUB-00002414,CUST-000713,"Butler, Hernandez and Rivera",NC-SQL,Nexus SQL Database,1,0.23563042985946506,0,Low
SUB-00002415,CUST-000713,"Butler, Hernandez and Rivera",NC-SECURITY,Nexus Cloud Security,1,0.8314041905911723,1,Critical
SUB-00002416,CUST-000713,"Butler, Hernandez and Rivera",NC-ANALYTICS,Nexus Analytics,0,0.23825745260279427,0,Low
SUB-00002417,CUST-000714,Hudson-Sanchez,NC-CONTAINER,Nexus Container Platform,1,0.8277901436116136,1,Critical
SUB-00002418,CUST-000714,Hudson-Sanchez,NC-SECURITY,Nexus Cloud Security,0,0.2221406410694943,0,Low
SUB-00002419,CUST-000714,Hudson-Sanchez,NC-WAREHOUSE,Nexus Data Warehouse,0,0.2232398469246276,0,Low
SUB-00002420,CUST-000714,Hudson-Sanchez,NC-STORAGE,Nexus Storage,0,0.5591744158897443,1,High
SUB-00002421,CUST-000715,"Pena, Cohen and Scott",NC-INTEGRATION,Nexus Integration,0,0.8095731782859246,1,Critical
SUB-00002422,CUST-000715,"Pena, Cohen and Scott",NC-ANALYTICS,Nexus Analytics,1,0.5116814962507855,1,High
SUB-00002423,CUST-000715,"Pena, Cohen and Scott",NC-WAREHOUSE,Nexus Data Warehouse,1,0.47793722023322993,0,Medium
SUB-00002424,CUST-000715,"Pena, Cohen and Scott",NC-SQL,Nexus SQL Database,1,0.48971590493661626,0,Medium
SUB-00002425,CUST-000715,"Pena, Cohen and Scott",NC-CONTAINER,Nexus Container Platform,1,0.7920505755860912,1,Critical
SUB-00002426,CUST-000716,Levy-May,NC-CONTAINER,Nexus Container Platform,1,0.8433979389820684,1,Critical
SUB-00002427,CUST-000716,Levy-May,NC-WAREHOUSE,Nexus Data Warehouse,1,0.22617556048324486,0,Low
SUB-00002428,CUST-000716,Levy-May,NC-SQL,Nexus SQL Database,1,0.2306968876526832,0,Low
SUB-00002429,CUST-000717,Murray-Oconnor,NC-ANALYTICS,Nexus Analytics,1,0.8227462707878342,1,Critical
SUB-00002430,CUST-000717,Murray-Oconnor,NC-COMPUTE,Nexus Compute,0,0.5106259392533135,1,High
SUB-00002431,CUST-000718,Jackson-Cortez,NC-SQL,Nexus SQL Database,0,0.8123600921419634,1,Critical
SUB-00002432,CUST-000719,White-Preston,NC-STORAGE,Nexus Storage,0,0.19854371545110572,0,Low
SUB-00002433,CUST-000720,"Bernard, Warren and Combs",NC-INTEGRATION,Nexus Integration,1,0.8049968185653539,1,Critical
SUB-00002434,CUST-000720,"Bernard, Warren and Combs",NC-COMPUTE,Nexus Compute,1,0.5175175380117724,1,High
SUB-00002435,CUST-000721,Landry Ltd,NC-ANALYTICS,Nexus Analytics,0,0.19564155670566272,0,Low
SUB-00002436,CUST-000721,Landry Ltd,NC-SECURITY,Nexus Cloud Security,0,0.1773776184589921,0,Low
SUB-00002437,CUST-000721,Landry Ltd,NC-CONTAINER,Nexus Container Platform,0,0.1943561964575308,0,Low
SUB-00002438,CUST-000721,Landry Ltd,NC-COMPUTE,Nexus Compute,1,0.18444688435497567,0,Low
SUB-00002439,CUST-000721,Landry Ltd,NC-SQL,Nexus SQL Database,1,0.49794277069810255,0,Medium
SUB-00002440,CUST-000721,Landry Ltd,NC-INTEGRATION,Nexus Integration,1,0.4760414498112276,0,Medium
SUB-00002441,CUST-000722,Duran Group,NC-COMPUTE,Nexus Compute,1,0.778978736837088,1,Critical
SUB-00002442,CUST-000722,Duran Group,NC-AIMODEL,Nexus AI Models,1,0.7949147598599507,1,Critical
SUB-00002443,CUST-000722,Duran Group,NC-WAREHOUSE,Nexus Data Warehouse,1,0.7815727185055861,1,Critical
SUB-00002444,CUST-000722,Duran Group,NC-INTEGRATION,Nexus Integration,1,0.7836893959489277,1,Critical
SUB-00002445,CUST-000723,Kirby and Sons,NC-COMPUTE,Nexus Compute,1,0.7757658239811088,1,Critical
SUB-00002446,CUST-000723,Kirby and Sons,NC-WAREHOUSE,Nexus Data Warehouse,0,0.1985522432658242,0,Low
SUB-00002447,CUST-000723,Kirby and Sons,NC-SECURITY,Nexus Cloud Security,1,0.4613860980875547,0,Medium
SUB-00002448,CUST-000723,Kirby and Sons,NC-AISEARCH,Nexus AI Search,1,0.6091164770639265,1,High
SUB-00002449,CUST-000723,Kirby and Sons,NC-CONTAINER,Nexus Container Platform,1,0.552703681132141,1,High
SUB-00002450,CUST-000723,Kirby and Sons,NC-INTEGRATION,Nexus Integration,1,0.8265799443620148,1,Critical
SUB-00002451,CUST-000724,Mann Inc,NC-CONTAINER,Nexus Container Platform,0,0.5353021532886446,1,High
SUB-00002452,CUST-000724,Mann Inc,NC-AIMODEL,Nexus AI Models,1,0.827827890857448,1,Critical
SUB-00002453,CUST-000725,Wagner LLC,NC-SQL,Nexus SQL Database,0,0.17533109189968027,0,Low
SUB-00002454,CUST-000725,Wagner LLC,NC-AIMODEL,Nexus AI Models,1,0.7952991892531033,1,Critical
SUB-00002455,CUST-000726,Williamson Ltd,NC-STORAGE,Nexus Storage,1,0.4959138348250756,0,Medium
SUB-00002456,CUST-000726,Williamson Ltd,NC-SQL,Nexus SQL Database,1,0.5071472156621962,1,High
SUB-00002457,CUST-000726,Williamson Ltd,NC-ANALYTICS,Nexus Analytics,0,0.5001260028120638,1,High
SUB-00002458,CUST-000727,"Durham, Hopkins and Smith",NC-SECURITY,Nexus Cloud Security,0,0.5004702912346546,1,High
SUB-00002459,CUST-000727,"Durham, Hopkins and Smith",NC-STORAGE,Nexus Storage,1,0.8181887264288684,1,Critical
SUB-00002460,CUST-000727,"Durham, Hopkins and Smith",NC-WAREHOUSE,Nexus Data Warehouse,0,0.1940056882358497,0,Low
SUB-00002461,CUST-000727,"Durham, Hopkins and Smith",NC-COMPUTE,Nexus Compute,0,0.19313494745306795,0,Low
SUB-00002462,CUST-000728,"Arnold, Smith and Moreno",NC-WAREHOUSE,Nexus Data Warehouse,0,0.5505077099953214,1,High
SUB-00002463,CUST-000728,"Arnold, Smith and Moreno",NC-CONTAINER,Nexus Container Platform,1,0.21765042963903247,0,Low
SUB-00002464,CUST-000728,"Arnold, Smith and Moreno",NC-STORAGE,Nexus Storage,1,0.8484764128194532,1,Critical
SUB-00002465,CUST-000728,"Arnold, Smith and Moreno",NC-SECURITY,Nexus Cloud Security,0,0.5574505071641299,1,High
SUB-00002466,CUST-000728,"Arnold, Smith and Moreno",NC-INTEGRATION,Nexus Integration,1,0.5679625447125594,1,High
SUB-00002467,CUST-000728,"Arnold, Smith and Moreno",NC-COMPUTE,Nexus Compute,0,0.23078394165041574,0,Low
SUB-00002468,CUST-000728,"Arnold, Smith and Moreno",NC-ANALYTICS,Nexus Analytics,1,0.5489110514139952,1,High
SUB-00002469,CUST-000729,Nichols-Mitchell,NC-SECURITY,Nexus Cloud Security,1,0.7954062051779724,1,Critical
SUB-00002470,CUST-000729,Nichols-Mitchell,NC-CONTAINER,Nexus Container Platform,0,0.5063489992260951,1,High
SUB-00002471,CUST-000729,Nichols-Mitchell,NC-SQL,Nexus SQL Database,0,0.18827780834914554,0,Low
SUB-00002472,CUST-000730,"Li, Craig and Drake",NC-SQL,Nexus SQL Database,0,0.24321031317859243,0,Low
SUB-00002473,CUST-000730,"Li, Craig and Drake",NC-WAREHOUSE,Nexus Data Warehouse,0,0.8331764902307764,1,Critical
SUB-00002474,CUST-000730,"Li, Craig and Drake",NC-COMPUTE,Nexus Compute,0,0.21340980749629918,0,Low
SUB-00002475,CUST-000730,"Li, Craig and Drake",NC-SECURITY,Nexus Cloud Security,0,0.5213336919574654,1,High
SUB-00002476,CUST-000731,Rodriguez Inc,NC-SQL,Nexus SQL Database,0,0.1903317666413661,0,Low
SUB-00002477,CUST-000732,"Hernandez, Lee and Fox",NC-INTEGRATION,Nexus Integration,0,0.1662529378225344,0,Low
SUB-00002478,CUST-000732,"Hernandez, Lee and Fox",NC-WAREHOUSE,Nexus Data Warehouse,1,0.7911521095972412,1,Critical
SUB-00002479,CUST-000732,"Hernandez, Lee and Fox",NC-CONTAINER,Nexus Container Platform,0,0.17800780143124922,0,Low
SUB-00002480,CUST-000733,Adams-Sanders,NC-INTEGRATION,Nexus Integration,0,0.17619792815766755,0,Low
SUB-00002481,CUST-000734,Chung-Stevens,NC-SQL,Nexus SQL Database,1,0.8511778393450917,1,Critical
SUB-00002482,CUST-000734,Chung-Stevens,NC-STORAGE,Nexus Storage,0,0.24707597655878866,0,Low
SUB-00002483,CUST-000735,Branch and Sons,NC-SECURITY,Nexus Cloud Security,1,0.4978387026200862,0,Medium
SUB-00002484,CUST-000735,Branch and Sons,NC-ANALYTICS,Nexus Analytics,0,0.5015396293906156,1,High
SUB-00002485,CUST-000735,Branch and Sons,NC-INTEGRATION,Nexus Integration,1,0.4847648332279454,0,Medium
SUB-00002486,CUST-000735,Branch and Sons,NC-CONTAINER,Nexus Container Platform,1,0.5126088614064215,1,High
SUB-00002487,CUST-000735,Branch and Sons,NC-STORAGE,Nexus Storage,0,0.18096010689711364,0,Low
SUB-00002488,CUST-000735,Branch and Sons,NC-WAREHOUSE,Nexus Data Warehouse,1,0.7896764918853779,1,Critical
SUB-00002489,CUST-000736,Sutton-Abbott,NC-COMPUTE,Nexus Compute,1,0.809599035031557,1,Critical
SUB-00002490,CUST-000736,Sutton-Abbott,NC-ANALYTICS,Nexus Analytics,0,0.20013456820399164,0,Low
SUB-00002491,CUST-000736,Sutton-Abbott,NC-WAREHOUSE,Nexus Data Warehouse,0,0.1869627832024216,0,Low
SUB-00002492,CUST-000737,"Frey, Santos and Johnson",NC-INTEGRATION,Nexus Integration,1,0.8363011187279817,1,Critical
SUB-00002493,CUST-000737,"Frey, Santos and Johnson",NC-SECURITY,Nexus Cloud Security,0,0.5420225241729634,1,High
SUB-00002494,CUST-000737,"Frey, Santos and Johnson",NC-STORAGE,Nexus Storage,1,0.5655064029454109,1,High
SUB-00002495,CUST-000738,Gray-Tran,NC-INTEGRATION,Nexus Integration,1,0.5245455398312768,1,High
SUB-00002496,CUST-000738,Gray-Tran,NC-SECURITY,Nexus Cloud Security,1,0.5080632213496215,1,High
SUB-00002497,CUST-000739,Walsh Ltd,NC-SQL,Nexus SQL Database,1,0.8110406836346274,1,Critical
SUB-00002498,CUST-000739,Walsh Ltd,NC-STORAGE,Nexus Storage,1,0.4644109289707218,0,Medium
SUB-00002499,CUST-000739,Walsh Ltd,NC-SECURITY,Nexus Cloud Security,0,0.20424737241860616,0,Low
SUB-00002500,CUST-000739,Walsh Ltd,NC-CONTAINER,Nexus Container Platform,0,0.45058497629464245,0,Medium
SUB-00002501,CUST-000739,Walsh Ltd,NC-COMPUTE,Nexus Compute,0,0.1582646452940082,0,Low
SUB-00002502,CUST-000739,Walsh Ltd,NC-ANALYTICS,Nexus Analytics,1,0.8159574639135693,1,Critical
SUB-00002503,CUST-000740,Miller Group,NC-COMPUTE,Nexus Compute,1,0.7913843180466282,1,Critical
SUB-00002504,CUST-000740,Miller Group,NC-CONTAINER,Nexus Container Platform,1,0.17636495784859396,0,Low
SUB-00002505,CUST-000741,"Mueller, Knight and Hodge",NC-ANALYTICS,Nexus Analytics,0,0.8057952312180521,1,Critical
SUB-00002506,CUST-000741,"Mueller, Knight and Hodge",NC-WAREHOUSE,Nexus Data Warehouse,0,0.8181810061907225,1,Critical
SUB-00002507,CUST-000742,Jacobson Inc,NC-COMPUTE,Nexus Compute,0,0.2174367677834179,0,Low
SUB-00002508,CUST-000742,Jacobson Inc,NC-SECURITY,Nexus Cloud Security,1,0.8258941442907555,1,Critical
SUB-00002509,CUST-000743,Lewis Ltd,NC-INTEGRATION,Nexus Integration,1,0.8205394298771989,1,Critical
SUB-00002510,CUST-000743,Lewis Ltd,NC-SQL,Nexus SQL Database,0,0.22764943809366042,0,Low
SUB-00002511,CUST-000743,Lewis Ltd,NC-SECURITY,Nexus Cloud Security,0,0.21047090418664788,0,Low
SUB-00002512,CUST-000743,Lewis Ltd,NC-STORAGE,Nexus Storage,0,0.20992612625026139,0,Low
SUB-00002513,CUST-000743,Lewis Ltd,NC-CONTAINER,Nexus Container Platform,1,0.5265741360804668,1,High
SUB-00002514,CUST-000744,"Alvarez, Williams and Jones",NC-INTEGRATION,Nexus Integration,1,0.5022270567432962,1,High
SUB-00002515,CUST-000744,"Alvarez, Williams and Jones",NC-SQL,Nexus SQL Database,1,0.48774872813999426,0,Medium
SUB-00002516,CUST-000744,"Alvarez, Williams and Jones",NC-WAREHOUSE,Nexus Data Warehouse,1,0.7969987923873995,1,Critical
SUB-00002517,CUST-000744,"Alvarez, Williams and Jones",NC-COMPUTE,Nexus Compute,1,0.4832057793393526,0,Medium
SUB-00002518,CUST-000745,Lam-Elliott,NC-SQL,Nexus SQL Database,0,0.5100150020293216,1,High
SUB-00002519,CUST-000745,Lam-Elliott,NC-WAREHOUSE,Nexus Data Warehouse,1,0.8274964172057742,1,Critical
SUB-00002520,CUST-000745,Lam-Elliott,NC-AIMODEL,Nexus AI Models,1,0.5455556525219497,1,High
SUB-00002521,CUST-000745,Lam-Elliott,NC-COMPUTE,Nexus Compute,1,0.8097127363927871,1,Critical
SUB-00002522,CUST-000746,White LLC,NC-STORAGE,Nexus Storage,0,0.2058143025547266,0,Low
SUB-00002523,CUST-000746,White LLC,NC-WAREHOUSE,Nexus Data Warehouse,0,0.19334544280655655,0,Low
SUB-00002524,CUST-000746,White LLC,NC-INTEGRATION,Nexus Integration,0,0.1974842139396059,0,Low
SUB-00002525,CUST-000746,White LLC,NC-SQL,Nexus SQL Database,1,0.5211783995621537,1,High
SUB-00002526,CUST-000747,Ali PLC,NC-WAREHOUSE,Nexus Data Warehouse,1,0.18420576887137263,0,Low
SUB-00002527,CUST-000747,Ali PLC,NC-SECURITY,Nexus Cloud Security,0,0.18899381089663253,0,Low
SUB-00002528,CUST-000747,Ali PLC,NC-CONTAINER,Nexus Container Platform,1,0.19200054143315648,0,Low
SUB-00002529,CUST-000747,Ali PLC,NC-SQL,Nexus SQL Database,0,0.19858840145112622,0,Low
SUB-00002530,CUST-000748,Goodwin Ltd,NC-STORAGE,Nexus Storage,0,0.7940010520995275,1,Critical
SUB-00002531,CUST-000748,Goodwin Ltd,NC-INTEGRATION,Nexus Integration,0,0.5048410042969481,1,High
SUB-00002532,CUST-000748,Goodwin Ltd,NC-AIMODEL,Nexus AI Models,1,0.8058151016324118,1,Critical
SUB-00002533,CUST-000748,Goodwin Ltd,NC-CONTAINER,Nexus Container Platform,1,0.7954046775669913,1,Critical
SUB-00002534,CUST-000748,Goodwin Ltd,NC-ANALYTICS,Nexus Analytics,1,0.5143239233319676,1,High
SUB-00002535,CUST-000748,Goodwin Ltd,NC-AISEARCH,Nexus AI Search,0,0.5064564041061737,1,High
SUB-00002536,CUST-000748,Goodwin Ltd,NC-SQL,Nexus SQL Database,0,0.19509405628200097,0,Low
SUB-00002537,CUST-000749,Hickman-Evans,NC-INTEGRATION,Nexus Integration,1,0.5130929004799564,1,High
SUB-00002538,CUST-000749,Hickman-Evans,NC-ANALYTICS,Nexus Analytics,1,0.8163069951779464,1,Critical
SUB-00002539,CUST-000750,"Allen, Davenport and Price",NC-STORAGE,Nexus Storage,1,0.7971305328619779,1,Critical
SUB-00002540,CUST-000750,"Allen, Davenport and Price",NC-COMPUTE,Nexus Compute,1,0.801454178098451,1,Critical
SUB-00002541,CUST-000751,"Rivera, Campos and Taylor",NC-SQL,Nexus SQL Database,1,0.5777646589210168,1,High
SUB-00002542,CUST-000751,"Rivera, Campos and Taylor",NC-SECURITY,Nexus Cloud Security,1,0.8352996844898423,1,Critical
SUB-00002543,CUST-000751,"Rivera, Campos and Taylor",NC-INTEGRATION,Nexus Integration,1,0.5743936505121922,1,High
SUB-00002544,CUST-000751,"Rivera, Campos and Taylor",NC-COMPUTE,Nexus Compute,0,0.5625444641179902,1,High
SUB-00002545,CUST-000751,"Rivera, Campos and Taylor",NC-STORAGE,Nexus Storage,0,0.24176528158365396,0,Low
SUB-00002546,CUST-000752,"Ramsey, Mason and Mccann",NC-CONTAINER,Nexus Container Platform,1,0.5343375873231484,1,High
SUB-00002547,CUST-000752,"Ramsey, Mason and Mccann",NC-ANALYTICS,Nexus Analytics,1,0.8310880286422494,1,Critical
SUB-00002548,CUST-000752,"Ramsey, Mason and Mccann",NC-WAREHOUSE,Nexus Data Warehouse,1,0.21992336070083404,0,Low
SUB-00002549,CUST-000752,"Ramsey, Mason and Mccann",NC-INTEGRATION,Nexus Integration,0,0.20379442767272735,0,Low
SUB-00002550,CUST-000752,"Ramsey, Mason and Mccann",NC-SQL,Nexus SQL Database,1,0.5188559910659681,1,High
SUB-00002551,CUST-000753,Davis and Sons,NC-SECURITY,Nexus Cloud Security,0,0.5454401952626213,1,High
SUB-00002552,CUST-000753,Davis and Sons,NC-STORAGE,Nexus Storage,1,0.8226645204427285,1,Critical
SUB-00002553,CUST-000754,Peterson PLC,NC-WAREHOUSE,Nexus Data Warehouse,0,0.19861516091160672,0,Low
SUB-00002554,CUST-000754,Peterson PLC,NC-CONTAINER,Nexus Container Platform,1,0.8125512693281323,1,Critical
SUB-00002555,CUST-000755,"Sanders, Ayala and Johnson",NC-INTEGRATION,Nexus Integration,0,0.1879464852949985,0,Low
SUB-00002556,CUST-000755,"Sanders, Ayala and Johnson",NC-SECURITY,Nexus Cloud Security,1,0.4799161666581574,0,Medium
SUB-00002557,CUST-000755,"Sanders, Ayala and Johnson",NC-ANALYTICS,Nexus Analytics,1,0.19720349268763346,0,Low
SUB-00002558,CUST-000756,Bowers-Hayes,NC-CONTAINER,Nexus Container Platform,1,0.4906816760508334,0,Medium
SUB-00002559,CUST-000757,Kelly Group,NC-COMPUTE,Nexus Compute,0,0.18409328315658477,0,Low
SUB-00002560,CUST-000757,Kelly Group,NC-SQL,Nexus SQL Database,0,0.4758119611076376,0,Medium
SUB-00002561,CUST-000757,Kelly Group,NC-INTEGRATION,Nexus Integration,0,0.1689455038632495,0,Low
SUB-00002562,CUST-000757,Kelly Group,NC-WAREHOUSE,Nexus Data Warehouse,0,0.49930146993703095,0,Medium
SUB-00002563,CUST-000757,Kelly Group,NC-ANALYTICS,Nexus Analytics,0,0.4771125371935543,0,Medium
SUB-00002564,CUST-000757,Kelly Group,NC-STORAGE,Nexus Storage,1,0.805220537186546,1,Critical
SUB-00002565,CUST-000758,Lopez-Willis,NC-INTEGRATION,Nexus Integration,1,0.8342423646079077,1,Critical
SUB-00002566,CUST-000758,Lopez-Willis,NC-STORAGE,Nexus Storage,1,0.8338491787520365,1,Critical
SUB-00002567,CUST-000759,Miller-Montgomery,NC-AIMODEL,Nexus AI Models,1,0.8523489278212141,1,Critical
SUB-00002568,CUST-000759,Miller-Montgomery,NC-AISEARCH,Nexus AI Search,1,0.8438884930184939,1,Critical
SUB-00002569,CUST-000759,Miller-Montgomery,NC-STORAGE,Nexus Storage,0,0.23476288896664024,0,Low
SUB-00002570,CUST-000759,Miller-Montgomery,NC-CONTAINER,Nexus Container Platform,0,0.21752066194955416,0,Low
SUB-00002571,CUST-000759,Miller-Montgomery,NC-ANALYTICS,Nexus Analytics,1,0.8326973125780492,1,Critical
SUB-00002572,CUST-000760,Marquez Inc,NC-WAREHOUSE,Nexus Data Warehouse,1,0.5101501935043065,1,High
SUB-00002573,CUST-000760,Marquez Inc,NC-SQL,Nexus SQL Database,1,0.18813548734972185,0,Low
SUB-00002574,CUST-000760,Marquez Inc,NC-CONTAINER,Nexus Container Platform,1,0.8102347898902905,1,Critical
SUB-00002575,CUST-000761,Moore-Dawson,NC-WAREHOUSE,Nexus Data Warehouse,0,0.810307460117335,1,Critical
SUB-00002576,CUST-000761,Moore-Dawson,NC-STORAGE,Nexus Storage,1,0.5251445069298079,1,High
SUB-00002577,CUST-000761,Moore-Dawson,NC-COMPUTE,Nexus Compute,1,0.8219544107413121,1,Critical
SUB-00002578,CUST-000762,"Moore, Price and Ward",NC-CONTAINER,Nexus Container Platform,1,0.8382084018056107,1,Critical
SUB-00002579,CUST-000763,Smith LLC,NC-SQL,Nexus SQL Database,0,0.8033980201473933,1,Critical
SUB-00002580,CUST-000763,Smith LLC,NC-COMPUTE,Nexus Compute,0,0.45961795929038585,0,Medium
SUB-00002581,CUST-000763,Smith LLC,NC-SECURITY,Nexus Cloud Security,0,0.17921149642481463,0,Low
SUB-00002582,CUST-000764,Ward-Nelson,NC-SECURITY,Nexus Cloud Security,1,0.8341037944761629,1,Critical
SUB-00002583,CUST-000764,Ward-Nelson,NC-INTEGRATION,Nexus Integration,1,0.2292776432785486,0,Low
SUB-00002584,CUST-000764,Ward-Nelson,NC-CONTAINER,Nexus Container Platform,1,0.8240491063452006,1,Critical
SUB-00002585,CUST-000765,Miller Group,NC-COMPUTE,Nexus Compute,1,0.7936523968667124,1,Critical
SUB-00002586,CUST-000765,Miller Group,NC-AIMODEL,Nexus AI Models,1,0.8182160096713195,1,Critical
SUB-00002587,CUST-000765,Miller Group,NC-SECURITY,Nexus Cloud Security,1,0.817814624366984,1,Critical
SUB-00002588,CUST-000765,Miller Group,NC-INTEGRATION,Nexus Integration,0,0.481406834198076,0,Medium
SUB-00002589,CUST-000765,Miller Group,NC-ANALYTICS,Nexus Analytics,0,0.22946968605623846,0,Low
SUB-00002590,CUST-000766,Hawkins-Hunt,NC-INTEGRATION,Nexus Integration,0,0.48395671658422584,0,Medium
SUB-00002591,CUST-000766,Hawkins-Hunt,NC-WAREHOUSE,Nexus Data Warehouse,1,0.8114002939822718,1,Critical
SUB-00002592,CUST-000766,Hawkins-Hunt,NC-CONTAINER,Nexus Container Platform,1,0.8083985768251729,1,Critical
SUB-00002593,CUST-000766,Hawkins-Hunt,NC-ANALYTICS,Nexus Analytics,1,0.799994653185843,1,Critical
SUB-00002594,CUST-000766,Hawkins-Hunt,NC-SECURITY,Nexus Cloud Security,1,0.1878542171123619,0,Low
SUB-00002595,CUST-000767,Johnson LLC,NC-WAREHOUSE,Nexus Data Warehouse,0,0.582473551209722,1,High
SUB-00002596,CUST-000767,Johnson LLC,NC-SQL,Nexus SQL Database,1,0.853225354517924,1,Critical
SUB-00002597,CUST-000767,Johnson LLC,NC-COMPUTE,Nexus Compute,0,0.2479365772047215,0,Low
SUB-00002598,CUST-000767,Johnson LLC,NC-SECURITY,Nexus Cloud Security,1,0.842307030228952,1,Critical
SUB-00002599,CUST-000767,Johnson LLC,NC-ANALYTICS,Nexus Analytics,1,0.8526881274922945,1,Critical
SUB-00002600,CUST-000768,"Davis, George and Nguyen",NC-INTEGRATION,Nexus Integration,1,0.5020770647231387,1,High
SUB-00002601,CUST-000768,"Davis, George and Nguyen",NC-AISEARCH,Nexus AI Search,1,0.21350040755349456,0,Low
SUB-00002602,CUST-000768,"Davis, George and Nguyen",NC-AIMODEL,Nexus AI Models,0,0.2087769213439622,0,Low
SUB-00002603,CUST-000769,Smith-Gutierrez,NC-ANALYTICS,Nexus Analytics,1,0.5775855807907105,1,High
SUB-00002604,CUST-000769,Smith-Gutierrez,NC-CONTAINER,Nexus Container Platform,0,0.2500596546325288,0,Medium
SUB-00002605,CUST-000769,Smith-Gutierrez,NC-STORAGE,Nexus Storage,1,0.8439892016432521,1,Critical
SUB-00002606,CUST-000769,Smith-Gutierrez,NC-SQL,Nexus SQL Database,1,0.8472640508737181,1,Critical
SUB-00002607,CUST-000769,Smith-Gutierrez,NC-SECURITY,Nexus Cloud Security,1,0.5828063672240966,1,High
SUB-00002608,CUST-000770,Hardy PLC,NC-STORAGE,Nexus Storage,0,0.20240619661529283,0,Low
SUB-00002609,CUST-000770,Hardy PLC,NC-SQL,Nexus SQL Database,1,0.8093894533680578,1,Critical
SUB-00002610,CUST-000770,Hardy PLC,NC-AIMODEL,Nexus AI Models,1,0.5184315651763497,1,High
SUB-00002611,CUST-000771,Armstrong and Sons,NC-SECURITY,Nexus Cloud Security,1,0.5245470416500003,1,High
SUB-00002612,CUST-000771,Armstrong and Sons,NC-SQL,Nexus SQL Database,1,0.5176223111629472,1,High
SUB-00002613,CUST-000771,Armstrong and Sons,NC-WAREHOUSE,Nexus Data Warehouse,1,0.8182368410952156,1,Critical
SUB-00002614,CUST-000772,"James, Taylor and Turner",NC-WAREHOUSE,Nexus Data Warehouse,1,0.47798694041913586,0,Medium
SUB-00002615,CUST-000772,"James, Taylor and Turner",NC-CONTAINER,Nexus Container Platform,1,0.494650666557161,0,Medium
SUB-00002616,CUST-000773,Thomas-Jackson,NC-COMPUTE,Nexus Compute,1,0.47240651092086944,0,Medium
SUB-00002617,CUST-000773,Thomas-Jackson,NC-WAREHOUSE,Nexus Data Warehouse,0,0.16747810021790427,0,Low
SUB-00002618,CUST-000773,Thomas-Jackson,NC-INTEGRATION,Nexus Integration,1,0.4849018851927415,0,Medium
SUB-00002619,CUST-000773,Thomas-Jackson,NC-SQL,Nexus SQL Database,1,0.18133051683911267,0,Low
SUB-00002620,CUST-000773,Thomas-Jackson,NC-STORAGE,Nexus Storage,1,0.4697961927085224,0,Medium
SUB-00002621,CUST-000773,Thomas-Jackson,NC-AIMODEL,Nexus AI Models,0,0.49724405993065,0,Medium
SUB-00002622,CUST-000773,Thomas-Jackson,NC-ANALYTICS,Nexus Analytics,0,0.194519001627828,0,Low
SUB-00002623,CUST-000773,Thomas-Jackson,NC-AISEARCH,Nexus AI Search,0,0.21918141889437373,0,Low
SUB-00002624,CUST-000773,Thomas-Jackson,NC-SECURITY,Nexus Cloud Security,1,0.8199104601901867,1,Critical
SUB-00002625,CUST-000774,Fisher-Washington,NC-COMPUTE,Nexus Compute,1,0.8266550202902071,1,Critical
SUB-00002626,CUST-000774,Fisher-Washington,NC-ANALYTICS,Nexus Analytics,1,0.8246491291625605,1,Critical
SUB-00002627,CUST-000774,Fisher-Washington,NC-STORAGE,Nexus Storage,0,0.547730671271915,1,High
SUB-00002628,CUST-000775,Ward and Sons,NC-AISEARCH,Nexus AI Search,1,0.5680591472802371,1,High
SUB-00002629,CUST-000775,Ward and Sons,NC-WAREHOUSE,Nexus Data Warehouse,0,0.25256982295897207,0,Medium
SUB-00002630,CUST-000775,Ward and Sons,NC-AIMODEL,Nexus AI Models,1,0.5775602636809476,1,High
SUB-00002631,CUST-000775,Ward and Sons,NC-INTEGRATION,Nexus Integration,0,0.2254491647397581,0,Low
SUB-00002632,CUST-000776,"Weber, Wheeler and Gonzalez",NC-COMPUTE,Nexus Compute,1,0.7810251343339467,1,Critical
SUB-00002633,CUST-000776,"Weber, Wheeler and Gonzalez",NC-CONTAINER,Nexus Container Platform,0,0.18374098625829505,0,Low
SUB-00002634,CUST-000776,"Weber, Wheeler and Gonzalez",NC-STORAGE,Nexus Storage,0,0.17124590983015067,0,Low
SUB-00002635,CUST-000776,"Weber, Wheeler and Gonzalez",NC-SQL,Nexus SQL Database,0,0.18789580838713546,0,Low
SUB-00002636,CUST-000777,Taylor Inc,NC-ANALYTICS,Nexus Analytics,1,0.49453106341668746,0,Medium
SUB-00002637,CUST-000777,Taylor Inc,NC-WAREHOUSE,Nexus Data Warehouse,1,0.4606364721236388,0,Medium
SUB-00002638,CUST-000777,Taylor Inc,NC-AISEARCH,Nexus AI Search,1,0.8134116314462285,1,Critical
SUB-00002639,CUST-000777,Taylor Inc,NC-SQL,Nexus SQL Database,0,0.4806346260287525,0,Medium
SUB-00002640,CUST-000777,Taylor Inc,NC-SECURITY,Nexus Cloud Security,1,0.47512010702279217,0,Medium
SUB-00002641,CUST-000777,Taylor Inc,NC-STORAGE,Nexus Storage,1,0.17244829809563503,0,Low
SUB-00002642,CUST-000777,Taylor Inc,NC-INTEGRATION,Nexus Integration,0,0.17026067557336932,0,Low
SUB-00002643,CUST-000778,Cook-Oliver,NC-AIMODEL,Nexus AI Models,0,0.4956075348459064,0,Medium
SUB-00002644,CUST-000779,Alexander-Jordan,NC-COMPUTE,Nexus Compute,1,0.5658457993043888,1,High
SUB-00002645,CUST-000779,Alexander-Jordan,NC-STORAGE,Nexus Storage,0,0.2143216870066008,0,Low
SUB-00002646,CUST-000779,Alexander-Jordan,NC-SECURITY,Nexus Cloud Security,1,0.8380402387011021,1,Critical
SUB-00002647,CUST-000779,Alexander-Jordan,NC-INTEGRATION,Nexus Integration,1,0.22406134325416704,0,Low
SUB-00002648,CUST-000779,Alexander-Jordan,NC-AIMODEL,Nexus AI Models,1,0.2360038031123436,0,Low
SUB-00002649,CUST-000779,Alexander-Jordan,NC-AISEARCH,Nexus AI Search,1,0.8391675740963712,1,Critical
SUB-00002650,CUST-000780,"Mccann, Taylor and Flores",NC-SECURITY,Nexus Cloud Security,1,0.512191695687033,1,High
SUB-00002651,CUST-000780,"Mccann, Taylor and Flores",NC-INTEGRATION,Nexus Integration,1,0.8127732532694055,1,Critical
SUB-00002652,CUST-000780,"Mccann, Taylor and Flores",NC-WAREHOUSE,Nexus Data Warehouse,1,0.8243527642727061,1,Critical
SUB-00002653,CUST-000780,"Mccann, Taylor and Flores",NC-SQL,Nexus SQL Database,1,0.2146801301132345,0,Low
SUB-00002654,CUST-000780,"Mccann, Taylor and Flores",NC-CONTAINER,Nexus Container Platform,1,0.5401182125075197,1,High
SUB-00002655,CUST-000780,"Mccann, Taylor and Flores",NC-STORAGE,Nexus Storage,0,0.5256241851802507,1,High
SUB-00002656,CUST-000781,"Harris, Edwards and Oconnell",NC-SECURITY,Nexus Cloud Security,1,0.8248923893333688,1,Critical
SUB-00002657,CUST-000781,"Harris, Edwards and Oconnell",NC-COMPUTE,Nexus Compute,1,0.8341896074129941,1,Critical
SUB-00002658,CUST-000781,"Harris, Edwards and Oconnell",NC-SQL,Nexus SQL Database,0,0.22840472361697461,0,Low
SUB-00002659,CUST-000782,Carter-Neal,NC-INTEGRATION,Nexus Integration,1,0.5265761040155501,1,High
SUB-00002660,CUST-000783,Faulkner-Casey,NC-SQL,Nexus SQL Database,0,0.8043104737246137,1,Critical
SUB-00002661,CUST-000783,Faulkner-Casey,NC-WAREHOUSE,Nexus Data Warehouse,0,0.20535862566005772,0,Low
SUB-00002662,CUST-000783,Faulkner-Casey,NC-CONTAINER,Nexus Container Platform,1,0.8061917963304789,1,Critical
SUB-00002663,CUST-000784,Bennett-Velasquez,NC-STORAGE,Nexus Storage,1,0.8058154595170166,1,Critical
SUB-00002664,CUST-000784,Bennett-Velasquez,NC-CONTAINER,Nexus Container Platform,0,0.19413586199287725,0,Low
SUB-00002665,CUST-000784,Bennett-Velasquez,NC-SQL,Nexus SQL Database,0,0.2092534257977223,0,Low
SUB-00002666,CUST-000785,Diaz-Frederick,NC-WAREHOUSE,Nexus Data Warehouse,0,0.5515230889525988,1,High
SUB-00002667,CUST-000785,Diaz-Frederick,NC-CONTAINER,Nexus Container Platform,1,0.21204241694489714,0,Low
SUB-00002668,CUST-000786,Vargas PLC,NC-WAREHOUSE,Nexus Data Warehouse,1,0.8129887953930385,1,Critical
SUB-00002669,CUST-000786,Vargas PLC,NC-COMPUTE,Nexus Compute,1,0.5079827211552788,1,High
SUB-00002670,CUST-000786,Vargas PLC,NC-ANALYTICS,Nexus Analytics,0,0.2132478026091957,0,Low
SUB-00002671,CUST-000786,Vargas PLC,NC-SECURITY,Nexus Cloud Security,0,0.5115600176244518,1,High
SUB-00002672,CUST-000786,Vargas PLC,NC-SQL,Nexus SQL Database,0,0.2044018552302405,0,Low
SUB-00002673,CUST-000787,Maldonado PLC,NC-INTEGRATION,Nexus Integration,0,0.18840636172261285,0,Low
SUB-00002674,CUST-000788,Benton Group,NC-STORAGE,Nexus Storage,0,0.18389957867601459,0,Low
SUB-00002675,CUST-000788,Benton Group,NC-SECURITY,Nexus Cloud Security,1,0.7910657891750356,1,Critical
SUB-00002676,CUST-000788,Benton Group,NC-CONTAINER,Nexus Container Platform,0,0.8069962231131117,1,Critical
SUB-00002677,CUST-000789,"Clark, Salinas and Guerra",NC-COMPUTE,Nexus Compute,1,0.7819762824935037,1,Critical
SUB-00002678,CUST-000789,"Clark, Salinas and Guerra",NC-WAREHOUSE,Nexus Data Warehouse,1,0.798383751383212,1,Critical
SUB-00002679,CUST-000789,"Clark, Salinas and Guerra",NC-SQL,Nexus SQL Database,0,0.23319495585503056,0,Low
SUB-00002680,CUST-000789,"Clark, Salinas and Guerra",NC-STORAGE,Nexus Storage,1,0.8188872573832814,1,Critical
SUB-00002681,CUST-000789,"Clark, Salinas and Guerra",NC-INTEGRATION,Nexus Integration,1,0.24176641525993925,0,Low
SUB-00002682,CUST-000789,"Clark, Salinas and Guerra",NC-AIMODEL,Nexus AI Models,0,0.19825826698759474,0,Low
SUB-00002683,CUST-000789,"Clark, Salinas and Guerra",NC-AISEARCH,Nexus AI Search,1,0.7973374549437162,1,Critical
SUB-00002684,CUST-000789,"Clark, Salinas and Guerra",NC-SECURITY,Nexus Cloud Security,1,0.8513458709583757,1,Critical
SUB-00002685,CUST-000789,"Clark, Salinas and Guerra",NC-CONTAINER,Nexus Container Platform,1,0.1873694205096825,0,Low
SUB-00002686,CUST-000790,Fuentes Group,NC-STORAGE,Nexus Storage,0,0.21621075522383373,0,Low
SUB-00002687,CUST-000790,Fuentes Group,NC-ANALYTICS,Nexus Analytics,1,0.21344488558148486,0,Low
SUB-00002688,CUST-000790,Fuentes Group,NC-SECURITY,Nexus Cloud Security,0,0.2260316726632121,0,Low
SUB-00002689,CUST-000790,Fuentes Group,NC-SQL,Nexus SQL Database,1,0.2339055223149603,0,Low
SUB-00002690,CUST-000790,Fuentes Group,NC-AISEARCH,Nexus AI Search,1,0.77891936855772,1,Critical
SUB-00002691,CUST-000790,Fuentes Group,NC-INTEGRATION,Nexus Integration,1,0.46620277433823804,0,Medium
SUB-00002692,CUST-000791,"Porter, Schultz and Allen",NC-WAREHOUSE,Nexus Data Warehouse,1,0.8125926132164468,1,Critical
SUB-00002693,CUST-000791,"Porter, Schultz and Allen",NC-ANALYTICS,Nexus Analytics,1,0.20183545953586368,0,Low
SUB-00002694,CUST-000791,"Porter, Schultz and Allen",NC-SECURITY,Nexus Cloud Security,1,0.8092211863723874,1,Critical
SUB-00002695,CUST-000791,"Porter, Schultz and Allen",NC-INTEGRATION,Nexus Integration,1,0.8110389104748116,1,Critical
SUB-00002696,CUST-000791,"Porter, Schultz and Allen",NC-SQL,Nexus SQL Database,0,0.2023424484192855,0,Low
SUB-00002697,CUST-000792,"Moore, Henderson and Bennett",NC-SQL,Nexus SQL Database,1,0.8234207528474783,1,Critical
SUB-00002698,CUST-000792,"Moore, Henderson and Bennett",NC-WAREHOUSE,Nexus Data Warehouse,1,0.5046331181944512,1,High
SUB-00002699,CUST-000792,"Moore, Henderson and Bennett",NC-ANALYTICS,Nexus Analytics,1,0.7996254016600438,1,Critical
SUB-00002700,CUST-000792,"Moore, Henderson and Bennett",NC-SECURITY,Nexus Cloud Security,0,0.19913868407551572,0,Low
SUB-00002701,CUST-000792,"Moore, Henderson and Bennett",NC-STORAGE,Nexus Storage,1,0.5002359706446867,1,High
SUB-00002702,CUST-000792,"Moore, Henderson and Bennett",NC-COMPUTE,Nexus Compute,1,0.20466065430971975,0,Low
SUB-00002703,CUST-000793,Ewing-Mendoza,NC-ANALYTICS,Nexus Analytics,1,0.8137288063664354,1,Critical
SUB-00002704,CUST-000793,Ewing-Mendoza,NC-CONTAINER,Nexus Container Platform,0,0.20141936081855147,0,Low
SUB-00002705,CUST-000793,Ewing-Mendoza,NC-WAREHOUSE,Nexus Data Warehouse,0,0.21888581165595783,0,Low
SUB-00002706,CUST-000793,Ewing-Mendoza,NC-INTEGRATION,Nexus Integration,1,0.8262103046339708,1,Critical
SUB-00002707,CUST-000793,Ewing-Mendoza,NC-AISEARCH,Nexus AI Search,1,0.8395227482590101,1,Critical
SUB-00002708,CUST-000794,Ferguson-Mclean,NC-ANALYTICS,Nexus Analytics,1,0.18689620033268403,0,Low
SUB-00002709,CUST-000794,Ferguson-Mclean,NC-COMPUTE,Nexus Compute,1,0.8107346656457151,1,Critical
SUB-00002710,CUST-000794,Ferguson-Mclean,NC-CONTAINER,Nexus Container Platform,0,0.5066805931607377,1,High
SUB-00002711,CUST-000795,"Barnes, Johnson and Schmitt",NC-ANALYTICS,Nexus Analytics,0,0.23200294248936285,0,Low
SUB-00002712,CUST-000795,"Barnes, Johnson and Schmitt",NC-WAREHOUSE,Nexus Data Warehouse,1,0.8347018985939872,1,Critical
SUB-00002713,CUST-000795,"Barnes, Johnson and Schmitt",NC-INTEGRATION,Nexus Integration,0,0.5445678397765706,1,High
SUB-00002714,CUST-000796,"Woodard, Herrera and Little",NC-STORAGE,Nexus Storage,0,0.1986821512612452,0,Low
SUB-00002715,CUST-000797,Rodriguez and Sons,NC-WAREHOUSE,Nexus Data Warehouse,1,0.2070074722157344,0,Low
SUB-00002716,CUST-000797,Rodriguez and Sons,NC-ANALYTICS,Nexus Analytics,0,0.8033047572859894,1,Critical
SUB-00002717,CUST-000797,Rodriguez and Sons,NC-SQL,Nexus SQL Database,1,0.8124392807346904,1,Critical
SUB-00002718,CUST-000797,Rodriguez and Sons,NC-SECURITY,Nexus Cloud Security,1,0.17991938495089277,0,Low
SUB-00002719,CUST-000797,Rodriguez and Sons,NC-STORAGE,Nexus Storage,1,0.4892739813305367,0,Medium
SUB-00002720,CUST-000797,Rodriguez and Sons,NC-COMPUTE,Nexus Compute,0,0.20709734081699457,0,Low
SUB-00002721,CUST-000798,"Ortega, Jackson and Salazar",NC-AIMODEL,Nexus AI Models,1,0.8165553902282612,1,Critical
SUB-00002722,CUST-000799,"Terrell, Byrd and Ross",NC-SECURITY,Nexus Cloud Security,0,0.17645660610861869,0,Low
SUB-00002723,CUST-000799,"Terrell, Byrd and Ross",NC-SQL,Nexus SQL Database,0,0.18001355387451856,0,Low
SUB-00002724,CUST-000799,"Terrell, Byrd and Ross",NC-WAREHOUSE,Nexus Data Warehouse,0,0.17229031258337174,0,Low
SUB-00002725,CUST-000800,Sheppard-Jordan,NC-ANALYTICS,Nexus Analytics,1,0.551353808887712,1,High
SUB-00002726,CUST-000800,Sheppard-Jordan,NC-CONTAINER,Nexus Container Platform,0,0.24084182298683132,0,Low
SUB-00002727,CUST-000800,Sheppard-Jordan,NC-INTEGRATION,Nexus Integration,1,0.8378850612872775,1,Critical
SUB-00002728,CUST-000801,Garcia and Sons,NC-SECURITY,Nexus Cloud Security,1,0.23847813232911844,0,Low
SUB-00002729,CUST-000801,Garcia and Sons,NC-STORAGE,Nexus Storage,0,0.2258101032059086,0,Low
SUB-00002730,CUST-000801,Garcia and Sons,NC-CONTAINER,Nexus Container Platform,0,0.23058845395655453,0,Low
SUB-00002731,CUST-000802,"Burgess, Grant and Watts",NC-ANALYTICS,Nexus Analytics,0,0.8456688186817621,1,Critical
SUB-00002732,CUST-000802,"Burgess, Grant and Watts",NC-SQL,Nexus SQL Database,0,0.8343110527713692,1,Critical
SUB-00002733,CUST-000803,Griffin Group,NC-WAREHOUSE,Nexus Data Warehouse,0,0.18766500309970707,0,Low
SUB-00002734,CUST-000803,Griffin Group,NC-STORAGE,Nexus Storage,0,0.4923648446357079,0,Medium
SUB-00002735,CUST-000803,Griffin Group,NC-COMPUTE,Nexus Compute,0,0.5051447458019585,1,High
SUB-00002736,CUST-000804,Barton-Chapman,NC-ANALYTICS,Nexus Analytics,0,0.22340676045695987,0,Low
SUB-00002737,CUST-000804,Barton-Chapman,NC-COMPUTE,Nexus Compute,0,0.20790444793691135,0,Low
SUB-00002738,CUST-000804,Barton-Chapman,NC-SQL,Nexus SQL Database,0,0.8254371214177179,1,Critical
SUB-00002739,CUST-000804,Barton-Chapman,NC-STORAGE,Nexus Storage,0,0.6021249791431285,1,High
SUB-00002740,CUST-000804,Barton-Chapman,NC-WAREHOUSE,Nexus Data Warehouse,0,0.21856395849028937,0,Low
SUB-00002741,CUST-000805,"Hernandez, Cuevas and Webb",NC-CONTAINER,Nexus Container Platform,1,0.8265514376786086,1,Critical
SUB-00002742,CUST-000805,"Hernandez, Cuevas and Webb",NC-ANALYTICS,Nexus Analytics,0,0.2282335561942014,0,Low
SUB-00002743,CUST-000805,"Hernandez, Cuevas and Webb",NC-SQL,Nexus SQL Database,1,0.5508939385593425,1,High
SUB-00002744,CUST-000806,Perry-Nixon,NC-SECURITY,Nexus Cloud Security,0,0.17634804736870974,0,Low
SUB-00002745,CUST-000806,Perry-Nixon,NC-ANALYTICS,Nexus Analytics,1,0.4637328052060853,0,Medium
SUB-00002746,CUST-000807,Guerra Ltd,NC-ANALYTICS,Nexus Analytics,1,0.804531929409577,1,Critical
SUB-00002747,CUST-000807,Guerra Ltd,NC-WAREHOUSE,Nexus Data Warehouse,1,0.49800556480074526,0,Medium
SUB-00002748,CUST-000807,Guerra Ltd,NC-SECURITY,Nexus Cloud Security,1,0.4918071143783293,0,Medium
SUB-00002749,CUST-000808,Bailey LLC,NC-COMPUTE,Nexus Compute,1,0.835120669940892,1,Critical
SUB-00002750,CUST-000808,Bailey LLC,NC-STORAGE,Nexus Storage,1,0.22444465106966413,0,Low
SUB-00002751,CUST-000808,Bailey LLC,NC-SECURITY,Nexus Cloud Security,0,0.20976319932029794,0,Low
SUB-00002752,CUST-000809,Mueller-Boyd,NC-SQL,Nexus SQL Database,1,0.47783525238919894,0,Medium
SUB-00002753,CUST-000810,Alvarez-Kim,NC-INTEGRATION,Nexus Integration,0,0.21559779474854224,0,Low
SUB-00002754,CUST-000811,"Chavez, Jones and Williams",NC-SQL,Nexus SQL Database,0,0.5255982142783989,1,High
SUB-00002755,CUST-000811,"Chavez, Jones and Williams",NC-WAREHOUSE,Nexus Data Warehouse,1,0.22001777273713713,0,Low
SUB-00002756,CUST-000811,"Chavez, Jones and Williams",NC-STORAGE,Nexus Storage,1,0.8271654448454437,1,Critical
SUB-00002757,CUST-000812,"Wilson, Sweeney and Wong",NC-SECURITY,Nexus Cloud Security,0,0.1807882088562014,0,Low
SUB-00002758,CUST-000812,"Wilson, Sweeney and Wong",NC-STORAGE,Nexus Storage,1,0.18228642553179505,0,Low
SUB-00002759,CUST-000812,"Wilson, Sweeney and Wong",NC-SQL,Nexus SQL Database,1,0.7918122747070154,1,Critical
SUB-00002760,CUST-000813,"Marsh, Spears and Yang",NC-STORAGE,Nexus Storage,1,0.5035188431438394,1,High
SUB-00002761,CUST-000814,"Thompson, Moore and Castro",NC-WAREHOUSE,Nexus Data Warehouse,0,0.4911588325289844,0,Medium
SUB-00002762,CUST-000814,"Thompson, Moore and Castro",NC-ANALYTICS,Nexus Analytics,0,0.5103954497044876,1,High
SUB-00002763,CUST-000814,"Thompson, Moore and Castro",NC-SQL,Nexus SQL Database,1,0.8049413758494733,1,Critical
SUB-00002764,CUST-000814,"Thompson, Moore and Castro",NC-STORAGE,Nexus Storage,1,0.4874946465918074,0,Medium
SUB-00002765,CUST-000814,"Thompson, Moore and Castro",NC-SECURITY,Nexus Cloud Security,1,0.23110289564161327,0,Low
SUB-00002766,CUST-000814,"Thompson, Moore and Castro",NC-INTEGRATION,Nexus Integration,1,0.803603203102812,1,Critical
SUB-00002767,CUST-000815,Hall-Sullivan,NC-WAREHOUSE,Nexus Data Warehouse,0,0.5203800935292633,1,High
SUB-00002768,CUST-000815,Hall-Sullivan,NC-SQL,Nexus SQL Database,0,0.5220374105073651,1,High
SUB-00002769,CUST-000816,Lopez Ltd,NC-STORAGE,Nexus Storage,1,0.18867315418954714,0,Low
SUB-00002770,CUST-000816,Lopez Ltd,NC-CONTAINER,Nexus Container Platform,0,0.17634463961638513,0,Low
SUB-00002771,CUST-000816,Lopez Ltd,NC-INTEGRATION,Nexus Integration,1,0.8000201638335476,1,Critical
SUB-00002772,CUST-000817,Foster-Mclaughlin,NC-SQL,Nexus SQL Database,1,0.2130886554937796,0,Low
SUB-00002773,CUST-000817,Foster-Mclaughlin,NC-COMPUTE,Nexus Compute,0,0.546688481337616,1,High
SUB-00002774,CUST-000817,Foster-Mclaughlin,NC-SECURITY,Nexus Cloud Security,0,0.22346169672630445,0,Low
SUB-00002775,CUST-000818,Cole Group,NC-SECURITY,Nexus Cloud Security,0,0.2301657345511234,0,Low
SUB-00002776,CUST-000818,Cole Group,NC-STORAGE,Nexus Storage,0,0.5382717891373991,1,High
SUB-00002777,CUST-000819,Smith-Lewis,NC-ANALYTICS,Nexus Analytics,1,0.22636834379640688,0,Low
SUB-00002778,CUST-000820,Goodwin-Stokes,NC-ANALYTICS,Nexus Analytics,1,0.81149806942922,1,Critical
SUB-00002779,CUST-000820,Goodwin-Stokes,NC-INTEGRATION,Nexus Integration,1,0.8089787893595797,1,Critical
SUB-00002780,CUST-000820,Goodwin-Stokes,NC-WAREHOUSE,Nexus Data Warehouse,0,0.20121142831751052,0,Low
SUB-00002781,CUST-000820,Goodwin-Stokes,NC-COMPUTE,Nexus Compute,0,0.48458427154772343,0,Medium
SUB-00002782,CUST-000820,Goodwin-Stokes,NC-SECURITY,Nexus Cloud Security,0,0.5049374105356141,1,High
SUB-00002783,CUST-000821,Ray PLC,NC-SECURITY,Nexus Cloud Security,1,0.5611392169387913,1,High
SUB-00002784,CUST-000821,Ray PLC,NC-CONTAINER,Nexus Container Platform,1,0.8292808933505166,1,Critical
SUB-00002785,CUST-000821,Ray PLC,NC-WAREHOUSE,Nexus Data Warehouse,0,0.5368477771382691,1,High
SUB-00002786,CUST-000821,Ray PLC,NC-STORAGE,Nexus Storage,0,0.22868490776672623,0,Low
SUB-00002787,CUST-000821,Ray PLC,NC-INTEGRATION,Nexus Integration,0,0.5694361232528965,1,High
SUB-00002788,CUST-000822,Diaz and Sons,NC-INTEGRATION,Nexus Integration,0,0.24890451887177348,0,Low
SUB-00002789,CUST-000822,Diaz and Sons,NC-SECURITY,Nexus Cloud Security,1,0.5583171954459418,1,High
SUB-00002790,CUST-000822,Diaz and Sons,NC-AISEARCH,Nexus AI Search,1,0.858344204101386,1,Critical
SUB-00002791,CUST-000822,Diaz and Sons,NC-CONTAINER,Nexus Container Platform,1,0.8385936930457695,1,Critical
SUB-00002792,CUST-000823,Wilson-Lambert,NC-ANALYTICS,Nexus Analytics,1,0.8216426131944982,1,Critical
SUB-00002793,CUST-000823,Wilson-Lambert,NC-AISEARCH,Nexus AI Search,0,0.21261502949552677,0,Low
SUB-00002794,CUST-000823,Wilson-Lambert,NC-WAREHOUSE,Nexus Data Warehouse,1,0.8273381620718848,1,Critical
SUB-00002795,CUST-000823,Wilson-Lambert,NC-INTEGRATION,Nexus Integration,1,0.5493990483916593,1,High
SUB-00002796,CUST-000823,Wilson-Lambert,NC-CONTAINER,Nexus Container Platform,0,0.20891516047552738,0,Low
SUB-00002797,CUST-000824,Rose-Fowler,NC-COMPUTE,Nexus Compute,1,0.546476302468596,1,High
SUB-00002798,CUST-000824,Rose-Fowler,NC-INTEGRATION,Nexus Integration,0,0.2235411753049902,0,Low
SUB-00002799,CUST-000824,Rose-Fowler,NC-ANALYTICS,Nexus Analytics,1,0.5604785871624666,1,High
SUB-00002800,CUST-000824,Rose-Fowler,NC-SQL,Nexus SQL Database,0,0.2353903470461732,0,Low
SUB-00002801,CUST-000824,Rose-Fowler,NC-WAREHOUSE,Nexus Data Warehouse,0,0.22541930182458103,0,Low
SUB-00002802,CUST-000825,"Price, Long and Wilson",NC-CONTAINER,Nexus Container Platform,1,0.845547794363824,1,Critical
SUB-00002803,CUST-000825,"Price, Long and Wilson",NC-ANALYTICS,Nexus Analytics,0,0.5610755653165508,1,High
SUB-00002804,CUST-000825,"Price, Long and Wilson",NC-COMPUTE,Nexus Compute,0,0.23830429323752592,0,Low
SUB-00002805,CUST-000826,Bruce-Williamson,NC-CONTAINER,Nexus Container Platform,0,0.5464249656624706,1,High
SUB-00002806,CUST-000826,Bruce-Williamson,NC-SECURITY,Nexus Cloud Security,0,0.22374257420437407,0,Low
SUB-00002807,CUST-000826,Bruce-Williamson,NC-STORAGE,Nexus Storage,0,0.21095505018819677,0,Low
SUB-00002808,CUST-000826,Bruce-Williamson,NC-ANALYTICS,Nexus Analytics,1,0.5503518765628448,1,High
SUB-00002809,CUST-000826,Bruce-Williamson,NC-INTEGRATION,Nexus Integration,1,0.5253853997408805,1,High
SUB-00002810,CUST-000827,"Mccarthy, Evans and Mendez",NC-CONTAINER,Nexus Container Platform,1,0.515999429852646,1,High
SUB-00002811,CUST-000827,"Mccarthy, Evans and Mendez",NC-COMPUTE,Nexus Compute,1,0.20455871590153404,0,Low
SUB-00002812,CUST-000828,Powers LLC,NC-SQL,Nexus SQL Database,0,0.18805801266316372,0,Low
SUB-00002813,CUST-000828,Powers LLC,NC-INTEGRATION,Nexus Integration,1,0.8404004237478373,1,Critical
SUB-00002814,CUST-000828,Powers LLC,NC-CONTAINER,Nexus Container Platform,1,0.8045751514729907,1,Critical
SUB-00002815,CUST-000828,Powers LLC,NC-SECURITY,Nexus Cloud Security,1,0.8131055425512647,1,Critical
SUB-00002816,CUST-000828,Powers LLC,NC-ANALYTICS,Nexus Analytics,1,0.8120316969622188,1,Critical
SUB-00002817,CUST-000828,Powers LLC,NC-COMPUTE,Nexus Compute,1,0.7837788186784316,1,Critical
SUB-00002818,CUST-000828,Powers LLC,NC-WAREHOUSE,Nexus Data Warehouse,1,0.8242618307648454,1,Critical
SUB-00002819,CUST-000828,Powers LLC,NC-STORAGE,Nexus Storage,0,0.8086344673326253,1,Critical
SUB-00002820,CUST-000829,Allen Inc,NC-STORAGE,Nexus Storage,1,0.5159634671403086,1,High
SUB-00002821,CUST-000829,Allen Inc,NC-SQL,Nexus SQL Database,1,0.8176251274330792,1,Critical
SUB-00002822,CUST-000829,Allen Inc,NC-INTEGRATION,Nexus Integration,1,0.8152136374945983,1,Critical
SUB-00002823,CUST-000830,Brooks and Sons,NC-INTEGRATION,Nexus Integration,1,0.8061574008869296,1,Critical
SUB-00002824,CUST-000830,Brooks and Sons,NC-STORAGE,Nexus Storage,0,0.18361224429457276,0,Low
SUB-00002825,CUST-000830,Brooks and Sons,NC-COMPUTE,Nexus Compute,1,0.19538909359638784,0,Low
SUB-00002826,CUST-000830,Brooks and Sons,NC-ANALYTICS,Nexus Analytics,1,0.49234775031146666,0,Medium
SUB-00002827,CUST-000830,Brooks and Sons,NC-CONTAINER,Nexus Container Platform,1,0.482453491662865,0,Medium
SUB-00002828,CUST-000831,"Price, Carlson and Andrews",NC-SECURITY,Nexus Cloud Security,1,0.5164946981925532,1,High
SUB-00002829,CUST-000831,"Price, Carlson and Andrews",NC-STORAGE,Nexus Storage,1,0.1913864999971697,0,Low
SUB-00002830,CUST-000831,"Price, Carlson and Andrews",NC-INTEGRATION,Nexus Integration,1,0.2031646415019565,0,Low
SUB-00002831,CUST-000831,"Price, Carlson and Andrews",NC-WAREHOUSE,Nexus Data Warehouse,0,0.22554150591208597,0,Low
SUB-00002832,CUST-000832,Lopez-Reid,NC-WAREHOUSE,Nexus Data Warehouse,0,0.45700669949336464,0,Medium
SUB-00002833,CUST-000832,Lopez-Reid,NC-AIMODEL,Nexus AI Models,0,0.8027579785674508,1,Critical
SUB-00002834,CUST-000832,Lopez-Reid,NC-STORAGE,Nexus Storage,0,0.47373270230391573,0,Medium
SUB-00002835,CUST-000833,"Ellison, Arias and Thompson",NC-SQL,Nexus SQL Database,1,0.8173499887246108,1,Critical
SUB-00002836,CUST-000833,"Ellison, Arias and Thompson",NC-INTEGRATION,Nexus Integration,0,0.21710212502056103,0,Low
SUB-00002837,CUST-000834,Burns and Sons,NC-WAREHOUSE,Nexus Data Warehouse,0,0.7774934936603198,1,Critical
SUB-00002838,CUST-000834,Burns and Sons,NC-STORAGE,Nexus Storage,0,0.46077270762532013,0,Medium
SUB-00002839,CUST-000834,Burns and Sons,NC-INTEGRATION,Nexus Integration,0,0.4524602695048027,0,Medium
SUB-00002840,CUST-000835,Edwards Group,NC-SECURITY,Nexus Cloud Security,1,0.8256581077164439,1,Critical
SUB-00002841,CUST-000835,Edwards Group,NC-AIMODEL,Nexus AI Models,1,0.5569976724841954,1,High
SUB-00002842,CUST-000835,Edwards Group,NC-SQL,Nexus SQL Database,1,0.5392540670176601,1,High
SUB-00002843,CUST-000836,"Brown, Howard and Smith",NC-SECURITY,Nexus Cloud Security,1,0.5242745212315646,1,High
SUB-00002844,CUST-000836,"Brown, Howard and Smith",NC-CONTAINER,Nexus Container Platform,1,0.5272967423711964,1,High
SUB-00002845,CUST-000836,"Brown, Howard and Smith",NC-COMPUTE,Nexus Compute,0,0.22571305424987576,0,Low
SUB-00002846,CUST-000837,Lee Group,NC-INTEGRATION,Nexus Integration,1,0.8001524004829733,1,Critical
SUB-00002847,CUST-000837,Lee Group,NC-COMPUTE,Nexus Compute,1,0.4909465037422674,0,Medium
SUB-00002848,CUST-000837,Lee Group,NC-ANALYTICS,Nexus Analytics,0,0.4738362344551607,0,Medium
SUB-00002849,CUST-000838,"Wagner, Simpson and Cohen",NC-INTEGRATION,Nexus Integration,1,0.8510341271514104,1,Critical
SUB-00002850,CUST-000838,"Wagner, Simpson and Cohen",NC-STORAGE,Nexus Storage,1,0.8409183046825144,1,Critical
SUB-00002851,CUST-000838,"Wagner, Simpson and Cohen",NC-ANALYTICS,Nexus Analytics,1,0.846304143111144,1,Critical
SUB-00002852,CUST-000838,"Wagner, Simpson and Cohen",NC-CONTAINER,Nexus Container Platform,1,0.8407203109473447,1,Critical
SUB-00002853,CUST-000838,"Wagner, Simpson and Cohen",NC-SECURITY,Nexus Cloud Security,1,0.5774674162223854,1,High
SUB-00002854,CUST-000839,Mckinney-Wallace,NC-STORAGE,Nexus Storage,0,0.5006878818879594,1,High
SUB-00002855,CUST-000839,Mckinney-Wallace,NC-WAREHOUSE,Nexus Data Warehouse,0,0.204719198900673,0,Low
SUB-00002856,CUST-000839,Mckinney-Wallace,NC-COMPUTE,Nexus Compute,0,0.19045359240840132,0,Low
SUB-00002857,CUST-000840,Miller Inc,NC-STORAGE,Nexus Storage,1,0.8218198505412897,1,Critical
SUB-00002858,CUST-000840,Miller Inc,NC-INTEGRATION,Nexus Integration,1,0.5036598275129469,1,High
SUB-00002859,CUST-000840,Miller Inc,NC-SECURITY,Nexus Cloud Security,1,0.8118602509633668,1,Critical
SUB-00002860,CUST-000840,Miller Inc,NC-ANALYTICS,Nexus Analytics,1,0.8150244515627969,1,Critical
SUB-00002861,CUST-000841,Carter LLC,NC-SQL,Nexus SQL Database,0,0.5312657832234191,1,High
SUB-00002862,CUST-000841,Carter LLC,NC-CONTAINER,Nexus Container Platform,1,0.8229041814457108,1,Critical
SUB-00002863,CUST-000841,Carter LLC,NC-COMPUTE,Nexus Compute,0,0.21149043795296002,0,Low
SUB-00002864,CUST-000842,Medina and Sons,NC-AISEARCH,Nexus AI Search,1,0.23884506665167188,0,Low
SUB-00002865,CUST-000842,Medina and Sons,NC-WAREHOUSE,Nexus Data Warehouse,0,0.8278685561014935,1,Critical
SUB-00002866,CUST-000842,Medina and Sons,NC-SQL,Nexus SQL Database,0,0.8291850801272138,1,Critical
SUB-00002867,CUST-000843,Cunningham-Barton,NC-WAREHOUSE,Nexus Data Warehouse,0,0.2129641796534937,0,Low
SUB-00002868,CUST-000843,Cunningham-Barton,NC-ANALYTICS,Nexus Analytics,0,0.8261588432680441,1,Critical
SUB-00002869,CUST-000843,Cunningham-Barton,NC-CONTAINER,Nexus Container Platform,0,0.2124526823082558,0,Low
SUB-00002870,CUST-000844,Dunn-Wilson,NC-CONTAINER,Nexus Container Platform,0,0.21672050281112967,0,Low
SUB-00002871,CUST-000844,Dunn-Wilson,NC-AIMODEL,Nexus AI Models,0,0.24061055443480597,0,Low
SUB-00002872,CUST-000845,Adams PLC,NC-INTEGRATION,Nexus Integration,1,0.8347107173376934,1,Critical
SUB-00002873,CUST-000845,Adams PLC,NC-WAREHOUSE,Nexus Data Warehouse,0,0.22602791349597043,0,Low
SUB-00002874,CUST-000845,Adams PLC,NC-STORAGE,Nexus Storage,1,0.5283548486492112,1,High
SUB-00002875,CUST-000845,Adams PLC,NC-ANALYTICS,Nexus Analytics,1,0.5295275141535883,1,High
SUB-00002876,CUST-000845,Adams PLC,NC-CONTAINER,Nexus Container Platform,1,0.8339698624053883,1,Critical
SUB-00002877,CUST-000846,Weaver-Sherman,NC-SQL,Nexus SQL Database,0,0.485247884961287,0,Medium
SUB-00002878,CUST-000846,Weaver-Sherman,NC-CONTAINER,Nexus Container Platform,1,0.49327185063186435,0,Medium
SUB-00002879,CUST-000846,Weaver-Sherman,NC-SECURITY,Nexus Cloud Security,1,0.7902176490084051,1,Critical
SUB-00002880,CUST-000846,Weaver-Sherman,NC-STORAGE,Nexus Storage,1,0.5127526282223598,1,High
SUB-00002881,CUST-000846,Weaver-Sherman,NC-ANALYTICS,Nexus Analytics,1,0.4840442957272284,0,Medium
SUB-00002882,CUST-000846,Weaver-Sherman,NC-AISEARCH,Nexus AI Search,1,0.8148331084290087,1,Critical
SUB-00002883,CUST-000847,"Alexander, Robinson and Coleman",NC-CONTAINER,Nexus Container Platform,1,0.5237765338830335,1,High
SUB-00002884,CUST-000847,"Alexander, Robinson and Coleman",NC-SQL,Nexus SQL Database,0,0.522666842942335,1,High
SUB-00002885,CUST-000847,"Alexander, Robinson and Coleman",NC-WAREHOUSE,Nexus Data Warehouse,0,0.22062620472341604,0,Low
SUB-00002886,CUST-000848,"Greer, Potter and Evans",NC-AISEARCH,Nexus AI Search,1,0.5802112808377808,1,High
SUB-00002887,CUST-000848,"Greer, Potter and Evans",NC-WAREHOUSE,Nexus Data Warehouse,1,0.23428855084413452,0,Low
SUB-00002888,CUST-000849,Cole LLC,NC-COMPUTE,Nexus Compute,0,0.19023113297110175,0,Low
SUB-00002889,CUST-000850,Gonzales Inc,NC-STORAGE,Nexus Storage,1,0.5417326120007299,1,High
SUB-00002890,CUST-000850,Gonzales Inc,NC-COMPUTE,Nexus Compute,0,0.5605150245603532,1,High
SUB-00002891,CUST-000850,Gonzales Inc,NC-ANALYTICS,Nexus Analytics,1,0.23458601857110079,0,Low
SUB-00002892,CUST-000851,Clark Ltd,NC-COMPUTE,Nexus Compute,1,0.2365857852536281,0,Low
SUB-00002893,CUST-000851,Clark Ltd,NC-WAREHOUSE,Nexus Data Warehouse,1,0.8513705495441168,1,Critical
SUB-00002894,CUST-000851,Clark Ltd,NC-CONTAINER,Nexus Container Platform,1,0.23709838970143732,0,Low
SUB-00002895,CUST-000851,Clark Ltd,NC-SECURITY,Nexus Cloud Security,0,0.5550360566866445,1,High
SUB-00002896,CUST-000851,Clark Ltd,NC-ANALYTICS,Nexus Analytics,1,0.5793592291551872,1,High
SUB-00002897,CUST-000852,"Norris, Callahan and Bishop",NC-STORAGE,Nexus Storage,1,0.8230952992488132,1,Critical
SUB-00002898,CUST-000852,"Norris, Callahan and Bishop",NC-WAREHOUSE,Nexus Data Warehouse,0,0.21431438972178177,0,Low
SUB-00002899,CUST-000852,"Norris, Callahan and Bishop",NC-COMPUTE,Nexus Compute,0,0.8230225808696621,1,Critical
SUB-00002900,CUST-000853,Martin-Taylor,NC-STORAGE,Nexus Storage,0,0.2253955270794522,0,Low
SUB-00002901,CUST-000853,Martin-Taylor,NC-SQL,Nexus SQL Database,1,0.8253468418661977,1,Critical
SUB-00002902,CUST-000853,Martin-Taylor,NC-ANALYTICS,Nexus Analytics,0,0.5299012553577073,1,High
SUB-00002903,CUST-000853,Martin-Taylor,NC-SECURITY,Nexus Cloud Security,0,0.5224276853128083,1,High
SUB-00002904,CUST-000853,Martin-Taylor,NC-CONTAINER,Nexus Container Platform,0,0.525872371028437,1,High
SUB-00002905,CUST-000854,Li Inc,NC-SECURITY,Nexus Cloud Security,0,0.5174942283640039,1,High
SUB-00002906,CUST-000854,Li Inc,NC-WAREHOUSE,Nexus Data Warehouse,0,0.5022257641786113,1,High
SUB-00002907,CUST-000854,Li Inc,NC-SQL,Nexus SQL Database,1,0.208789520197636,0,Low
SUB-00002908,CUST-000854,Li Inc,NC-CONTAINER,Nexus Container Platform,0,0.49925939832257216,0,Medium
SUB-00002909,CUST-000855,"Bell, Campbell and Ryan",NC-AISEARCH,Nexus AI Search,1,0.8615808428821045,1,Critical
SUB-00002910,CUST-000855,"Bell, Campbell and Ryan",NC-WAREHOUSE,Nexus Data Warehouse,1,0.24252327843219615,0,Low
SUB-00002911,CUST-000855,"Bell, Campbell and Ryan",NC-AIMODEL,Nexus AI Models,0,0.2506701810672153,0,Medium
SUB-00002912,CUST-000856,Werner-Carter,NC-INTEGRATION,Nexus Integration,1,0.5575447298981663,1,High
SUB-00002913,CUST-000856,Werner-Carter,NC-SECURITY,Nexus Cloud Security,1,0.8374567657819039,1,Critical
SUB-00002914,CUST-000857,"Adams, Hodge and Duke",NC-SQL,Nexus SQL Database,1,0.8518758582464695,1,Critical
SUB-00002915,CUST-000857,"Adams, Hodge and Duke",NC-WAREHOUSE,Nexus Data Warehouse,1,0.5571075740942866,1,High
SUB-00002916,CUST-000857,"Adams, Hodge and Duke",NC-STORAGE,Nexus Storage,1,0.5623950127808042,1,High
SUB-00002917,CUST-000857,"Adams, Hodge and Duke",NC-ANALYTICS,Nexus Analytics,0,0.2407114534607488,0,Low
SUB-00002918,CUST-000858,"Ochoa, Taylor and Brady",NC-INTEGRATION,Nexus Integration,1,0.5471828297779898,1,High
SUB-00002919,CUST-000859,Sellers-Riddle,NC-SECURITY,Nexus Cloud Security,0,0.5211443214828658,1,High
SUB-00002920,CUST-000859,Sellers-Riddle,NC-INTEGRATION,Nexus Integration,0,0.5237718740973625,1,High
SUB-00002921,CUST-000860,"Martinez, Cline and Wright",NC-STORAGE,Nexus Storage,0,0.823171129325072,1,Critical
SUB-00002922,CUST-000860,"Martinez, Cline and Wright",NC-ANALYTICS,Nexus Analytics,1,0.5306488690150832,1,High
SUB-00002923,CUST-000861,"Morris, Wright and Bridges",NC-INTEGRATION,Nexus Integration,1,0.21771537053694964,0,Low
SUB-00002924,CUST-000861,"Morris, Wright and Bridges",NC-SECURITY,Nexus Cloud Security,1,0.4963583991017531,0,Medium
SUB-00002925,CUST-000861,"Morris, Wright and Bridges",NC-ANALYTICS,Nexus Analytics,1,0.5104549130045551,1,High
SUB-00002926,CUST-000861,"Morris, Wright and Bridges",NC-SQL,Nexus SQL Database,0,0.20069378776470764,0,Low
SUB-00002927,CUST-000862,Burns-Ray,NC-WAREHOUSE,Nexus Data Warehouse,1,0.8109301557330663,1,Critical
SUB-00002928,CUST-000862,Burns-Ray,NC-ANALYTICS,Nexus Analytics,1,0.21211931576713178,0,Low
SUB-00002929,CUST-000862,Burns-Ray,NC-SECURITY,Nexus Cloud Security,1,0.5011346834865982,1,High
SUB-00002930,CUST-000863,Burton-Brooks,NC-STORAGE,Nexus Storage,1,0.23658958197275665,0,Low
SUB-00002931,CUST-000863,Burton-Brooks,NC-INTEGRATION,Nexus Integration,1,0.8487936803954584,1,Critical
SUB-00002932,CUST-000863,Burton-Brooks,NC-ANALYTICS,Nexus Analytics,1,0.578272786203649,1,High
SUB-00002933,CUST-000863,Burton-Brooks,NC-AIMODEL,Nexus AI Models,1,0.8584446791433225,1,Critical
SUB-00002934,CUST-000863,Burton-Brooks,NC-WAREHOUSE,Nexus Data Warehouse,1,0.5664084715012214,1,High
SUB-00002935,CUST-000864,Schultz Inc,NC-COMPUTE,Nexus Compute,1,0.788673239621331,1,Critical
SUB-00002936,CUST-000864,Schultz Inc,NC-ANALYTICS,Nexus Analytics,1,0.7909975737821389,1,Critical
SUB-00002937,CUST-000865,Robertson-Ramirez,NC-INTEGRATION,Nexus Integration,0,0.5099697334282209,1,High
SUB-00002938,CUST-000865,Robertson-Ramirez,NC-ANALYTICS,Nexus Analytics,0,0.5152521114086388,1,High
SUB-00002939,CUST-000865,Robertson-Ramirez,NC-CONTAINER,Nexus Container Platform,0,0.21011674668561628,0,Low
SUB-00002940,CUST-000865,Robertson-Ramirez,NC-WAREHOUSE,Nexus Data Warehouse,0,0.21252564719475964,0,Low
SUB-00002941,CUST-000865,Robertson-Ramirez,NC-SECURITY,Nexus Cloud Security,0,0.2089222737064583,0,Low
SUB-00002942,CUST-000866,Gibson-Freeman,NC-COMPUTE,Nexus Compute,1,0.795461178419078,1,Critical
SUB-00002943,CUST-000866,Gibson-Freeman,NC-CONTAINER,Nexus Container Platform,0,0.48585899694909956,0,Medium
SUB-00002944,CUST-000866,Gibson-Freeman,NC-SQL,Nexus SQL Database,0,0.45736294949052436,0,Medium
SUB-00002945,CUST-000866,Gibson-Freeman,NC-STORAGE,Nexus Storage,0,0.17552664687101707,0,Low
SUB-00002946,CUST-000867,"Smith, Schroeder and Oconnor",NC-SECURITY,Nexus Cloud Security,0,0.4996621653248475,0,Medium
SUB-00002947,CUST-000867,"Smith, Schroeder and Oconnor",NC-SQL,Nexus SQL Database,1,0.8104121870206661,1,Critical
SUB-00002948,CUST-000867,"Smith, Schroeder and Oconnor",NC-INTEGRATION,Nexus Integration,0,0.49756566249148787,0,Medium
SUB-00002949,CUST-000868,"Stanton, Reid and Terry",NC-INTEGRATION,Nexus Integration,1,0.5262656093746061,1,High
SUB-00002950,CUST-000868,"Stanton, Reid and Terry",NC-STORAGE,Nexus Storage,0,0.50541761784413,1,High
SUB-00002951,CUST-000868,"Stanton, Reid and Terry",NC-SQL,Nexus SQL Database,0,0.21378724301648758,0,Low
SUB-00002952,CUST-000868,"Stanton, Reid and Terry",NC-CONTAINER,Nexus Container Platform,1,0.8123538542000529,1,Critical
SUB-00002953,CUST-000869,Flynn Group,NC-INTEGRATION,Nexus Integration,0,0.5066697723447986,1,High
SUB-00002954,CUST-000869,Flynn Group,NC-STORAGE,Nexus Storage,1,0.8226459566324333,1,Critical
SUB-00002955,CUST-000869,Flynn Group,NC-AIMODEL,Nexus AI Models,0,0.22706150300276598,0,Low
SUB-00002956,CUST-000869,Flynn Group,NC-SQL,Nexus SQL Database,1,0.8181046530759748,1,Critical
SUB-00002957,CUST-000870,Donaldson and Sons,NC-INTEGRATION,Nexus Integration,0,0.20343464831034752,0,Low
SUB-00002958,CUST-000870,Donaldson and Sons,NC-CONTAINER,Nexus Container Platform,1,0.8272870406627697,1,Critical
SUB-00002959,CUST-000870,Donaldson and Sons,NC-WAREHOUSE,Nexus Data Warehouse,0,0.21983062680791926,0,Low
SUB-00002960,CUST-000871,Adams-Clayton,NC-STORAGE,Nexus Storage,0,0.5016676621878374,1,High
SUB-00002961,CUST-000871,Adams-Clayton,NC-WAREHOUSE,Nexus Data Warehouse,1,0.48422165686951796,0,Medium
SUB-00002962,CUST-000871,Adams-Clayton,NC-CONTAINER,Nexus Container Platform,1,0.5029920890738226,1,High
SUB-00002963,CUST-000871,Adams-Clayton,NC-COMPUTE,Nexus Compute,0,0.4819906116231972,0,Medium
SUB-00002964,CUST-000872,Kelley-Anderson,NC-SQL,Nexus SQL Database,0,0.8450961724924224,1,Critical
SUB-00002965,CUST-000872,Kelley-Anderson,NC-CONTAINER,Nexus Container Platform,1,0.24817102515073833,0,Low
SUB-00002966,CUST-000872,Kelley-Anderson,NC-SECURITY,Nexus Cloud Security,0,0.23462293449707916,0,Low
SUB-00002967,CUST-000873,Kramer-Shannon,NC-CONTAINER,Nexus Container Platform,1,0.22335378661788652,0,Low
SUB-00002968,CUST-000873,Kramer-Shannon,NC-COMPUTE,Nexus Compute,0,0.5376418965037959,1,High
SUB-00002969,CUST-000873,Kramer-Shannon,NC-WAREHOUSE,Nexus Data Warehouse,1,0.8423963581683624,1,Critical
SUB-00002970,CUST-000873,Kramer-Shannon,NC-ANALYTICS,Nexus Analytics,0,0.5423053090464038,1,High
SUB-00002971,CUST-000873,Kramer-Shannon,NC-SQL,Nexus SQL Database,1,0.22642686933438405,0,Low
SUB-00002972,CUST-000874,Williams Ltd,NC-STORAGE,Nexus Storage,1,0.22064067546021432,0,Low
SUB-00002973,CUST-000874,Williams Ltd,NC-SQL,Nexus SQL Database,0,0.2125696583376096,0,Low
SUB-00002974,CUST-000874,Williams Ltd,NC-SECURITY,Nexus Cloud Security,0,0.5042562329383495,1,High
SUB-00002975,CUST-000874,Williams Ltd,NC-AIMODEL,Nexus AI Models,1,0.5609461768874188,1,High
SUB-00002976,CUST-000875,Smith-Noble,NC-SQL,Nexus SQL Database,0,0.5507084202959655,1,High
SUB-00002977,CUST-000876,Alexander Inc,NC-STORAGE,Nexus Storage,0,0.21876936026924385,0,Low
SUB-00002978,CUST-000876,Alexander Inc,NC-SQL,Nexus SQL Database,0,0.21920534705994435,0,Low
SUB-00002979,CUST-000877,Harris-Barker,NC-WAREHOUSE,Nexus Data Warehouse,0,0.4773069360365426,0,Medium
SUB-00002980,CUST-000877,Harris-Barker,NC-INTEGRATION,Nexus Integration,1,0.4661192810981522,0,Medium
SUB-00002981,CUST-000877,Harris-Barker,NC-ANALYTICS,Nexus Analytics,0,0.17955623831328812,0,Low
SUB-00002982,CUST-000877,Harris-Barker,NC-COMPUTE,Nexus Compute,0,0.46703430817488345,0,Medium
SUB-00002983,CUST-000877,Harris-Barker,NC-SQL,Nexus SQL Database,1,0.48865604442689553,0,Medium
SUB-00002984,CUST-000878,Khan LLC,NC-AIMODEL,Nexus AI Models,0,0.5689322621989658,1,High
SUB-00002985,CUST-000879,Baxter LLC,NC-SQL,Nexus SQL Database,0,0.20565803209516842,0,Low
SUB-00002986,CUST-000879,Baxter LLC,NC-ANALYTICS,Nexus Analytics,0,0.20621293046497,0,Low
SUB-00002987,CUST-000879,Baxter LLC,NC-CONTAINER,Nexus Container Platform,0,0.2169583350082177,0,Low
SUB-00002988,CUST-000879,Baxter LLC,NC-STORAGE,Nexus Storage,0,0.2160615890267914,0,Low
SUB-00002989,CUST-000880,Pena LLC,NC-STORAGE,Nexus Storage,1,0.7868922332947723,1,Critical
SUB-00002990,CUST-000880,Pena LLC,NC-ANALYTICS,Nexus Analytics,1,0.4740219093936404,0,Medium
SUB-00002991,CUST-000880,Pena LLC,NC-COMPUTE,Nexus Compute,0,0.18842167918773203,0,Low
SUB-00002992,CUST-000881,Watson Ltd,NC-STORAGE,Nexus Storage,0,0.19068246764593624,0,Low
SUB-00002993,CUST-000881,Watson Ltd,NC-ANALYTICS,Nexus Analytics,1,0.49847576124594595,0,Medium
SUB-00002994,CUST-000881,Watson Ltd,NC-INTEGRATION,Nexus Integration,1,0.8020656364128216,1,Critical
SUB-00002995,CUST-000882,Williams Ltd,NC-AISEARCH,Nexus AI Search,1,0.22131230180513986,0,Low
SUB-00002996,CUST-000882,Williams Ltd,NC-WAREHOUSE,Nexus Data Warehouse,0,0.22574350320654643,0,Low
SUB-00002997,CUST-000882,Williams Ltd,NC-STORAGE,Nexus Storage,0,0.5332497482691911,1,High
SUB-00002998,CUST-000882,Williams Ltd,NC-INTEGRATION,Nexus Integration,0,0.5385471708018796,1,High
SUB-00002999,CUST-000883,Barber-Fischer,NC-AIMODEL,Nexus AI Models,0,0.201728691017663,0,Low
SUB-00003000,CUST-000883,Barber-Fischer,NC-CONTAINER,Nexus Container Platform,1,0.8000155805685123,1,Critical
SUB-00003001,CUST-000883,Barber-Fischer,NC-STORAGE,Nexus Storage,0,0.1801224946504296,0,Low
SUB-00003002,CUST-000884,Rios-Padilla,NC-STORAGE,Nexus Storage,1,0.17620715050764343,0,Low
SUB-00003003,CUST-000884,Rios-Padilla,NC-WAREHOUSE,Nexus Data Warehouse,0,0.4950894070145588,0,Medium
SUB-00003004,CUST-000884,Rios-Padilla,NC-SQL,Nexus SQL Database,1,0.19040668165480854,0,Low
SUB-00003005,CUST-000885,Lewis Inc,NC-SECURITY,Nexus Cloud Security,1,0.5245857092860866,1,High
SUB-00003006,CUST-000885,Lewis Inc,NC-STORAGE,Nexus Storage,1,0.21184634315105186,0,Low
SUB-00003007,CUST-000886,Wheeler PLC,NC-ANALYTICS,Nexus Analytics,0,0.17986210481309495,0,Low
SUB-00003008,CUST-000886,Wheeler PLC,NC-COMPUTE,Nexus Compute,0,0.23030448604248682,0,Low
SUB-00003009,CUST-000886,Wheeler PLC,NC-INTEGRATION,Nexus Integration,1,0.8170042241283352,1,Critical
SUB-00003010,CUST-000886,Wheeler PLC,NC-CONTAINER,Nexus Container Platform,1,0.5131648909801056,1,High
SUB-00003011,CUST-000886,Wheeler PLC,NC-SECURITY,Nexus Cloud Security,0,0.1948687769797877,0,Low
SUB-00003012,CUST-000886,Wheeler PLC,NC-SQL,Nexus SQL Database,1,0.810709291636541,1,Critical
SUB-00003013,CUST-000886,Wheeler PLC,NC-STORAGE,Nexus Storage,0,0.19815824824865563,0,Low
SUB-00003014,CUST-000887,"Wallace, Smith and Cooper",NC-SQL,Nexus SQL Database,1,0.5511575482515874,1,High
SUB-00003015,CUST-000888,Mcneil Group,NC-WAREHOUSE,Nexus Data Warehouse,1,0.5303722732322951,1,High
SUB-00003016,CUST-000888,Mcneil Group,NC-INTEGRATION,Nexus Integration,1,0.5471250715260761,1,High
SUB-00003017,CUST-000889,"Anderson, Jones and Reyes",NC-INTEGRATION,Nexus Integration,1,0.5349926380338873,1,High
SUB-00003018,CUST-000889,"Anderson, Jones and Reyes",NC-ANALYTICS,Nexus Analytics,1,0.8179779596985164,1,Critical
SUB-00003019,CUST-000890,"Shaffer, Garcia and Richardson",NC-COMPUTE,Nexus Compute,0,0.17022874658138,0,Low
SUB-00003020,CUST-000890,"Shaffer, Garcia and Richardson",NC-SQL,Nexus SQL Database,0,0.16834665422213338,0,Low
SUB-00003021,CUST-000891,Taylor-Ayala,NC-CONTAINER,Nexus Container Platform,0,0.17192643839588406,0,Low
SUB-00003022,CUST-000891,Taylor-Ayala,NC-INTEGRATION,Nexus Integration,1,0.8015543393294883,1,Critical
SUB-00003023,CUST-000891,Taylor-Ayala,NC-ANALYTICS,Nexus Analytics,1,0.46679380778133367,0,Medium
SUB-00003024,CUST-000891,Taylor-Ayala,NC-AISEARCH,Nexus AI Search,0,0.1833693393700285,0,Low
SUB-00003025,CUST-000891,Taylor-Ayala,NC-STORAGE,Nexus Storage,1,0.4742749243769284,0,Medium
SUB-00003026,CUST-000891,Taylor-Ayala,NC-COMPUTE,Nexus Compute,1,0.18148941158795626,0,Low
SUB-00003027,CUST-000892,May Ltd,NC-INTEGRATION,Nexus Integration,0,0.5082710622830303,1,High
SUB-00003028,CUST-000892,May Ltd,NC-STORAGE,Nexus Storage,1,0.5072951578830673,1,High
SUB-00003029,CUST-000892,May Ltd,NC-SECURITY,Nexus Cloud Security,1,0.8013058729405925,1,Critical
SUB-00003030,CUST-000893,Jones PLC,NC-INTEGRATION,Nexus Integration,1,0.8240440554041246,1,Critical
SUB-00003031,CUST-000893,Jones PLC,NC-SECURITY,Nexus Cloud Security,1,0.5493318317788407,1,High
SUB-00003032,CUST-000893,Jones PLC,NC-ANALYTICS,Nexus Analytics,1,0.8288676739219323,1,Critical
SUB-00003033,CUST-000893,Jones PLC,NC-COMPUTE,Nexus Compute,1,0.514967084002116,1,High
SUB-00003034,CUST-000893,Jones PLC,NC-AIMODEL,Nexus AI Models,0,0.24925117640270725,0,Low
SUB-00003035,CUST-000894,Bishop and Sons,NC-COMPUTE,Nexus Compute,1,0.5279048877865625,1,High
SUB-00003036,CUST-000894,Bishop and Sons,NC-WAREHOUSE,Nexus Data Warehouse,1,0.2370405168671972,0,Low
SUB-00003037,CUST-000894,Bishop and Sons,NC-SQL,Nexus SQL Database,1,0.545632005573113,1,High
SUB-00003038,CUST-000894,Bishop and Sons,NC-STORAGE,Nexus Storage,0,0.5415503548411829,1,High
SUB-00003039,CUST-000894,Bishop and Sons,NC-AIMODEL,Nexus AI Models,1,0.8400572153659608,1,Critical
SUB-00003040,CUST-000894,Bishop and Sons,NC-AISEARCH,Nexus AI Search,0,0.23362154820726613,0,Low
SUB-00003041,CUST-000894,Bishop and Sons,NC-CONTAINER,Nexus Container Platform,1,0.8323673226473781,1,Critical
SUB-00003042,CUST-000895,Bell-Lewis,NC-CONTAINER,Nexus Container Platform,1,0.4811471175571586,0,Medium
SUB-00003043,CUST-000895,Bell-Lewis,NC-STORAGE,Nexus Storage,0,0.49268698351779444,0,Medium
SUB-00003044,CUST-000895,Bell-Lewis,NC-AISEARCH,Nexus AI Search,0,0.20194885256815112,0,Low
SUB-00003045,CUST-000895,Bell-Lewis,NC-COMPUTE,Nexus Compute,1,0.7938876806802444,1,Critical
SUB-00003046,CUST-000895,Bell-Lewis,NC-INTEGRATION,Nexus Integration,1,0.7995000314900029,1,Critical
SUB-00003047,CUST-000896,"Hernandez, Jenkins and Parks",NC-WAREHOUSE,Nexus Data Warehouse,0,0.2549100912005183,0,Medium
SUB-00003048,CUST-000896,"Hernandez, Jenkins and Parks",NC-COMPUTE,Nexus Compute,1,0.81189725449522,1,Critical
SUB-00003049,CUST-000896,"Hernandez, Jenkins and Parks",NC-INTEGRATION,Nexus Integration,1,0.5827953861733557,1,High
SUB-00003050,CUST-000896,"Hernandez, Jenkins and Parks",NC-ANALYTICS,Nexus Analytics,1,0.8384049450869783,1,Critical
SUB-00003051,CUST-000896,"Hernandez, Jenkins and Parks",NC-CONTAINER,Nexus Container Platform,1,0.8267511976441971,1,Critical
SUB-00003052,CUST-000896,"Hernandez, Jenkins and Parks",NC-SECURITY,Nexus Cloud Security,0,0.19884501440353336,0,Low
SUB-00003053,CUST-000897,Miller Inc,NC-SQL,Nexus SQL Database,0,0.20044247922781525,0,Low
SUB-00003054,CUST-000897,Miller Inc,NC-ANALYTICS,Nexus Analytics,0,0.799682525204974,1,Critical
SUB-00003055,CUST-000898,Goodwin PLC,NC-INTEGRATION,Nexus Integration,1,0.5272296137573946,1,High
SUB-00003056,CUST-000898,Goodwin PLC,NC-STORAGE,Nexus Storage,0,0.5272443142752539,1,High
SUB-00003057,CUST-000899,"Cruz, Richmond and Edwards",NC-COMPUTE,Nexus Compute,1,0.8227551596802448,1,Critical
SUB-00003058,CUST-000899,"Cruz, Richmond and Edwards",NC-SECURITY,Nexus Cloud Security,0,0.5248043540306117,1,High
SUB-00003059,CUST-000899,"Cruz, Richmond and Edwards",NC-CONTAINER,Nexus Container Platform,0,0.5484516821776803,1,High
SUB-00003060,CUST-000900,Wright Ltd,NC-CONTAINER,Nexus Container Platform,0,0.24015625374666622,0,Low
SUB-00003061,CUST-000900,Wright Ltd,NC-STORAGE,Nexus Storage,0,0.5680689245980233,1,High
SUB-00003062,CUST-000901,Wright PLC,NC-ANALYTICS,Nexus Analytics,0,0.22774312960044948,0,Low
SUB-00003063,CUST-000901,Wright PLC,NC-INTEGRATION,Nexus Integration,1,0.8220693621477577,1,Critical
SUB-00003064,CUST-000902,"Griffith, Mitchell and Pugh",NC-ANALYTICS,Nexus Analytics,1,0.20714444140893007,0,Low
SUB-00003065,CUST-000902,"Griffith, Mitchell and Pugh",NC-STORAGE,Nexus Storage,0,0.18274488297135646,0,Low
SUB-00003066,CUST-000902,"Griffith, Mitchell and Pugh",NC-SECURITY,Nexus Cloud Security,0,0.19370148676304066,0,Low
SUB-00003067,CUST-000902,"Griffith, Mitchell and Pugh",NC-COMPUTE,Nexus Compute,0,0.21552881986361816,0,Low
SUB-00003068,CUST-000902,"Griffith, Mitchell and Pugh",NC-AISEARCH,Nexus AI Search,1,0.8078095117696092,1,Critical
SUB-00003069,CUST-000902,"Griffith, Mitchell and Pugh",NC-AIMODEL,Nexus AI Models,1,0.1910599098673232,0,Low
SUB-00003070,CUST-000903,Abbott Ltd,NC-SQL,Nexus SQL Database,1,0.5483452810198333,1,High
SUB-00003071,CUST-000903,Abbott Ltd,NC-SECURITY,Nexus Cloud Security,0,0.20842663998555097,0,Low
SUB-00003072,CUST-000903,Abbott Ltd,NC-ANALYTICS,Nexus Analytics,0,0.22751831041224474,0,Low
SUB-00003073,CUST-000904,Harris-Lawson,NC-WAREHOUSE,Nexus Data Warehouse,1,0.5310316852411366,1,High
SUB-00003074,CUST-000904,Harris-Lawson,NC-COMPUTE,Nexus Compute,1,0.826374309079064,1,Critical
SUB-00003075,CUST-000904,Harris-Lawson,NC-SQL,Nexus SQL Database,1,0.21877448903380045,0,Low
SUB-00003076,CUST-000905,Adkins LLC,NC-CONTAINER,Nexus Container Platform,0,0.7863986924178384,1,Critical
SUB-00003077,CUST-000905,Adkins LLC,NC-INTEGRATION,Nexus Integration,1,0.1773685119886318,0,Low
SUB-00003078,CUST-000906,"Brown, Hurst and Blevins",NC-CONTAINER,Nexus Container Platform,0,0.20119850824538235,0,Low
SUB-00003079,CUST-000906,"Brown, Hurst and Blevins",NC-SQL,Nexus SQL Database,0,0.5283706146047036,1,High
SUB-00003080,CUST-000907,Cruz-Allen,NC-SECURITY,Nexus Cloud Security,0,0.1959645539713851,0,Low
SUB-00003081,CUST-000907,Cruz-Allen,NC-WAREHOUSE,Nexus Data Warehouse,1,0.8257731412928762,1,Critical
SUB-00003082,CUST-000907,Cruz-Allen,NC-CONTAINER,Nexus Container Platform,1,0.5167165242369679,1,High
SUB-00003083,CUST-000907,Cruz-Allen,NC-STORAGE,Nexus Storage,0,0.1963824116482756,0,Low
SUB-00003084,CUST-000907,Cruz-Allen,NC-ANALYTICS,Nexus Analytics,1,0.811688712337543,1,Critical
SUB-00003085,CUST-000907,Cruz-Allen,NC-COMPUTE,Nexus Compute,1,0.8129247359778717,1,Critical
SUB-00003086,CUST-000907,Cruz-Allen,NC-SQL,Nexus SQL Database,1,0.511198034418993,1,High
SUB-00003087,CUST-000908,"Wheeler, Rice and Levine",NC-SECURITY,Nexus Cloud Security,0,0.2333739529477513,0,Low
SUB-00003088,CUST-000908,"Wheeler, Rice and Levine",NC-SQL,Nexus SQL Database,0,0.5623477848397489,1,High
SUB-00003089,CUST-000908,"Wheeler, Rice and Levine",NC-CONTAINER,Nexus Container Platform,1,0.22388446354399325,0,Low
SUB-00003090,CUST-000909,Peck-Anderson,NC-SECURITY,Nexus Cloud Security,1,0.24701705245511887,0,Low
SUB-00003091,CUST-000909,Peck-Anderson,NC-COMPUTE,Nexus Compute,1,0.22675383695156234,0,Low
SUB-00003092,CUST-000909,Peck-Anderson,NC-CONTAINER,Nexus Container Platform,1,0.8238736990335823,1,Critical
SUB-00003093,CUST-000909,Peck-Anderson,NC-STORAGE,Nexus Storage,1,0.6028648140005413,1,High
SUB-00003094,CUST-000909,Peck-Anderson,NC-WAREHOUSE,Nexus Data Warehouse,1,0.8590287607564242,1,Critical
SUB-00003095,CUST-000909,Peck-Anderson,NC-ANALYTICS,Nexus Analytics,0,0.2578039839479712,0,Medium
SUB-00003096,CUST-000909,Peck-Anderson,NC-SQL,Nexus SQL Database,1,0.8447174609953995,1,Critical
SUB-00003097,CUST-000909,Peck-Anderson,NC-INTEGRATION,Nexus Integration,1,0.5837204901622233,1,High
SUB-00003098,CUST-000910,"Fisher, Payne and Thompson",NC-COMPUTE,Nexus Compute,0,0.5053134283232209,1,High
SUB-00003099,CUST-000910,"Fisher, Payne and Thompson",NC-STORAGE,Nexus Storage,1,0.7971652249689786,1,Critical
SUB-00003100,CUST-000910,"Fisher, Payne and Thompson",NC-CONTAINER,Nexus Container Platform,1,0.48598086660309353,0,Medium
SUB-00003101,CUST-000910,"Fisher, Payne and Thompson",NC-INTEGRATION,Nexus Integration,1,0.8101619792787866,1,Critical
SUB-00003102,CUST-000911,Best-Townsend,NC-SQL,Nexus SQL Database,1,0.8231275918749926,1,Critical
SUB-00003103,CUST-000911,Best-Townsend,NC-INTEGRATION,Nexus Integration,1,0.8207311644412854,1,Critical
SUB-00003104,CUST-000911,Best-Townsend,NC-SECURITY,Nexus Cloud Security,0,0.5220348908233495,1,High
SUB-00003105,CUST-000912,Matthews Inc,NC-SECURITY,Nexus Cloud Security,1,0.4931869294771584,0,Medium
SUB-00003106,CUST-000912,Matthews Inc,NC-INTEGRATION,Nexus Integration,1,0.8081783338197546,1,Critical
SUB-00003107,CUST-000912,Matthews Inc,NC-SQL,Nexus SQL Database,0,0.18527555036127832,0,Low
SUB-00003108,CUST-000912,Matthews Inc,NC-ANALYTICS,Nexus Analytics,1,0.8090301550349408,1,Critical
SUB-00003109,CUST-000913,Lewis-Livingston,NC-SECURITY,Nexus Cloud Security,1,0.47790773216920734,0,Medium
SUB-00003110,CUST-000913,Lewis-Livingston,NC-SQL,Nexus SQL Database,1,0.4986236040794762,0,Medium
SUB-00003111,CUST-000913,Lewis-Livingston,NC-COMPUTE,Nexus Compute,1,0.47455617492098473,0,Medium
SUB-00003112,CUST-000914,Hunter-Fuller,NC-SECURITY,Nexus Cloud Security,0,0.23199700348831098,0,Low
SUB-00003113,CUST-000914,Hunter-Fuller,NC-INTEGRATION,Nexus Integration,1,0.8290630334382417,1,Critical
SUB-00003114,CUST-000915,"Wang, Henderson and Morales",NC-ANALYTICS,Nexus Analytics,1,0.7918118781174842,1,Critical
SUB-00003115,CUST-000915,"Wang, Henderson and Morales",NC-STORAGE,Nexus Storage,1,0.4877104237179988,0,Medium
SUB-00003116,CUST-000915,"Wang, Henderson and Morales",NC-AISEARCH,Nexus AI Search,1,0.5122742098359938,1,High
SUB-00003117,CUST-000915,"Wang, Henderson and Morales",NC-AIMODEL,Nexus AI Models,0,0.20167542807464686,0,Low
SUB-00003118,CUST-000915,"Wang, Henderson and Morales",NC-COMPUTE,Nexus Compute,0,0.49808851939449117,0,Medium
SUB-00003119,CUST-000915,"Wang, Henderson and Morales",NC-SQL,Nexus SQL Database,1,0.8012630959433654,1,Critical
SUB-00003120,CUST-000915,"Wang, Henderson and Morales",NC-INTEGRATION,Nexus Integration,0,0.48563806392848025,0,Medium
SUB-00003121,CUST-000916,"Herrera, Jensen and Ramirez",NC-COMPUTE,Nexus Compute,0,0.17639025787092824,0,Low
SUB-00003122,CUST-000917,Miller-Mccall,NC-SQL,Nexus SQL Database,0,0.4767466032815709,0,Medium
SUB-00003123,CUST-000917,Miller-Mccall,NC-INTEGRATION,Nexus Integration,1,0.7745201407231451,1,Critical
SUB-00003124,CUST-000917,Miller-Mccall,NC-STORAGE,Nexus Storage,1,0.7799813132828747,1,Critical
SUB-00003125,CUST-000918,Herrera Group,NC-CONTAINER,Nexus Container Platform,1,0.836259949070665,1,Critical
SUB-00003126,CUST-000918,Herrera Group,NC-AIMODEL,Nexus AI Models,1,0.8364279358680108,1,Critical
SUB-00003127,CUST-000918,Herrera Group,NC-COMPUTE,Nexus Compute,0,0.2334039658683829,0,Low
SUB-00003128,CUST-000918,Herrera Group,NC-STORAGE,Nexus Storage,1,0.5607066717351928,1,High
SUB-00003129,CUST-000918,Herrera Group,NC-AISEARCH,Nexus AI Search,0,0.23640334950238423,0,Low
SUB-00003130,CUST-000918,Herrera Group,NC-ANALYTICS,Nexus Analytics,1,0.24096255555305143,0,Low
SUB-00003131,CUST-000919,"Walters, Davenport and Becker",NC-COMPUTE,Nexus Compute,0,0.5074799696911975,1,High
SUB-00003132,CUST-000919,"Walters, Davenport and Becker",NC-INTEGRATION,Nexus Integration,0,0.1899750873727096,0,Low
SUB-00003133,CUST-000920,Collins Group,NC-COMPUTE,Nexus Compute,0,0.48612931043709007,0,Medium
SUB-00003134,CUST-000920,Collins Group,NC-AIMODEL,Nexus AI Models,1,0.8257973929230985,1,Critical
SUB-00003135,CUST-000920,Collins Group,NC-INTEGRATION,Nexus Integration,1,0.49945812543508006,0,Medium
SUB-00003136,CUST-000920,Collins Group,NC-CONTAINER,Nexus Container Platform,0,0.17688345018229276,0,Low
SUB-00003137,CUST-000920,Collins Group,NC-WAREHOUSE,Nexus Data Warehouse,1,0.49068037546257204,0,Medium
SUB-00003138,CUST-000920,Collins Group,NC-AISEARCH,Nexus AI Search,1,0.8106805525797313,1,Critical
SUB-00003139,CUST-000921,"Ashley, Allen and Sanchez",NC-INTEGRATION,Nexus Integration,0,0.21603564568612607,0,Low
SUB-00003140,CUST-000921,"Ashley, Allen and Sanchez",NC-ANALYTICS,Nexus Analytics,0,0.5307179881526667,1,High
SUB-00003141,CUST-000921,"Ashley, Allen and Sanchez",NC-WAREHOUSE,Nexus Data Warehouse,1,0.5311902722893305,1,High
SUB-00003142,CUST-000922,Wilson-Salazar,NC-INTEGRATION,Nexus Integration,1,0.8257751218281184,1,Critical
SUB-00003143,CUST-000922,Wilson-Salazar,NC-COMPUTE,Nexus Compute,1,0.21713024420485366,0,Low
SUB-00003144,CUST-000922,Wilson-Salazar,NC-STORAGE,Nexus Storage,0,0.8333674878053481,1,Critical
SUB-00003145,CUST-000922,Wilson-Salazar,NC-WAREHOUSE,Nexus Data Warehouse,1,0.21827310497381716,0,Low
SUB-00003146,CUST-000922,Wilson-Salazar,NC-SQL,Nexus SQL Database,0,0.5516023622533651,1,High
SUB-00003147,CUST-000923,Parker Ltd,NC-WAREHOUSE,Nexus Data Warehouse,1,0.5717440987373631,1,High
SUB-00003148,CUST-000923,Parker Ltd,NC-COMPUTE,Nexus Compute,1,0.5576765841449389,1,High
SUB-00003149,CUST-000923,Parker Ltd,NC-ANALYTICS,Nexus Analytics,1,0.8215949733760299,1,Critical
SUB-00003150,CUST-000923,Parker Ltd,NC-SQL,Nexus SQL Database,1,0.5430682701386232,1,High
SUB-00003151,CUST-000923,Parker Ltd,NC-STORAGE,Nexus Storage,1,0.8550710933077239,1,Critical
SUB-00003152,CUST-000923,Parker Ltd,NC-INTEGRATION,Nexus Integration,0,0.2251293156685808,0,Low
SUB-00003153,CUST-000923,Parker Ltd,NC-SECURITY,Nexus Cloud Security,0,0.5104531315404743,1,High
SUB-00003154,CUST-000923,Parker Ltd,NC-CONTAINER,Nexus Container Platform,0,0.24694781703794944,0,Low
SUB-00003155,CUST-000924,"Yang, Wilson and Zimmerman",NC-AISEARCH,Nexus AI Search,1,0.5971903482080563,1,High
SUB-00003156,CUST-000924,"Yang, Wilson and Zimmerman",NC-STORAGE,Nexus Storage,1,0.24964390015392168,0,Low
SUB-00003157,CUST-000924,"Yang, Wilson and Zimmerman",NC-ANALYTICS,Nexus Analytics,1,0.8461692158309401,1,Critical
SUB-00003158,CUST-000925,"Smith, Crawford and Reed",NC-WAREHOUSE,Nexus Data Warehouse,1,0.8021398127617961,1,Critical
SUB-00003159,CUST-000925,"Smith, Crawford and Reed",NC-SQL,Nexus SQL Database,1,0.5108491777008806,1,High
SUB-00003160,CUST-000925,"Smith, Crawford and Reed",NC-AISEARCH,Nexus AI Search,1,0.5348319286386287,1,High
SUB-00003161,CUST-000925,"Smith, Crawford and Reed",NC-ANALYTICS,Nexus Analytics,1,0.5524940060061674,1,High
SUB-00003162,CUST-000925,"Smith, Crawford and Reed",NC-SECURITY,Nexus Cloud Security,0,0.7918176813296923,1,Critical
SUB-00003163,CUST-000925,"Smith, Crawford and Reed",NC-AIMODEL,Nexus AI Models,0,0.18021724159382382,0,Low
SUB-00003164,CUST-000925,"Smith, Crawford and Reed",NC-COMPUTE,Nexus Compute,1,0.8127606404566404,1,Critical
SUB-00003165,CUST-000926,"Logan, Le and Jackson",NC-SQL,Nexus SQL Database,1,0.8054603557315787,1,Critical
SUB-00003166,CUST-000926,"Logan, Le and Jackson",NC-ANALYTICS,Nexus Analytics,1,0.7980295223647526,1,Critical
SUB-00003167,CUST-000926,"Logan, Le and Jackson",NC-WAREHOUSE,Nexus Data Warehouse,1,0.5160476768726278,1,High
SUB-00003168,CUST-000926,"Logan, Le and Jackson",NC-STORAGE,Nexus Storage,0,0.4818422929457589,0,Medium
SUB-00003169,CUST-000926,"Logan, Le and Jackson",NC-COMPUTE,Nexus Compute,0,0.4935724865264391,0,Medium
SUB-00003170,CUST-000927,Brady LLC,NC-SQL,Nexus SQL Database,0,0.19873951587938135,0,Low
SUB-00003171,CUST-000927,Brady LLC,NC-ANALYTICS,Nexus Analytics,0,0.528047730644908,1,High
SUB-00003172,CUST-000927,Brady LLC,NC-COMPUTE,Nexus Compute,1,0.5241192057492053,1,High
SUB-00003173,CUST-000928,"Tanner, Wise and Johnson",NC-SQL,Nexus SQL Database,1,0.8065570156183701,1,Critical
SUB-00003174,CUST-000928,"Tanner, Wise and Johnson",NC-COMPUTE,Nexus Compute,0,0.2123241653690272,0,Low
SUB-00003175,CUST-000928,"Tanner, Wise and Johnson",NC-SECURITY,Nexus Cloud Security,0,0.4817980787054838,0,Medium
SUB-00003176,CUST-000928,"Tanner, Wise and Johnson",NC-WAREHOUSE,Nexus Data Warehouse,0,0.5604320722325407,1,High
SUB-00003177,CUST-000928,"Tanner, Wise and Johnson",NC-ANALYTICS,Nexus Analytics,1,0.18601289250835912,0,Low
SUB-00003178,CUST-000928,"Tanner, Wise and Johnson",NC-AISEARCH,Nexus AI Search,0,0.6218965298526569,1,High
SUB-00003179,CUST-000929,Nelson-Brown,NC-SECURITY,Nexus Cloud Security,1,0.8379504561567482,1,Critical
SUB-00003180,CUST-000929,Nelson-Brown,NC-AIMODEL,Nexus AI Models,0,0.569575466408767,1,High
SUB-00003181,CUST-000929,Nelson-Brown,NC-AISEARCH,Nexus AI Search,0,0.8436738667081974,1,Critical
SUB-00003182,CUST-000929,Nelson-Brown,NC-SQL,Nexus SQL Database,0,0.5826550032239591,1,High
SUB-00003183,CUST-000929,Nelson-Brown,NC-INTEGRATION,Nexus Integration,1,0.5396491797245369,1,High
SUB-00003184,CUST-000929,Nelson-Brown,NC-STORAGE,Nexus Storage,1,0.5491695015665139,1,High
SUB-00003185,CUST-000929,Nelson-Brown,NC-WAREHOUSE,Nexus Data Warehouse,0,0.23309364676349761,0,Low
SUB-00003186,CUST-000930,"Proctor, Burton and Crawford",NC-ANALYTICS,Nexus Analytics,1,0.5019691938109317,1,High
SUB-00003187,CUST-000930,"Proctor, Burton and Crawford",NC-STORAGE,Nexus Storage,0,0.20556573649323207,0,Low
SUB-00003188,CUST-000930,"Proctor, Burton and Crawford",NC-COMPUTE,Nexus Compute,1,0.5208849894962347,1,High
SUB-00003189,CUST-000930,"Proctor, Burton and Crawford",NC-CONTAINER,Nexus Container Platform,1,0.8055258502067651,1,Critical
SUB-00003190,CUST-000931,"Ward, Porter and Bradley",NC-ANALYTICS,Nexus Analytics,1,0.82481623109813,1,Critical
SUB-00003191,CUST-000931,"Ward, Porter and Bradley",NC-STORAGE,Nexus Storage,0,0.5062970404392472,1,High
SUB-00003192,CUST-000931,"Ward, Porter and Bradley",NC-CONTAINER,Nexus Container Platform,0,0.2032819112288506,0,Low
SUB-00003193,CUST-000931,"Ward, Porter and Bradley",NC-INTEGRATION,Nexus Integration,0,0.21075574851371567,0,Low
SUB-00003194,CUST-000931,"Ward, Porter and Bradley",NC-SECURITY,Nexus Cloud Security,0,0.21083073196220137,0,Low
SUB-00003195,CUST-000932,Moore-Ayala,NC-SQL,Nexus SQL Database,0,0.200352024742964,0,Low
SUB-00003196,CUST-000932,Moore-Ayala,NC-WAREHOUSE,Nexus Data Warehouse,1,0.18746193652765078,0,Low
SUB-00003197,CUST-000933,"Craig, Wilson and Yang",NC-COMPUTE,Nexus Compute,0,0.8086198028635773,1,Critical
SUB-00003198,CUST-000933,"Craig, Wilson and Yang",NC-SQL,Nexus SQL Database,1,0.1987895638624273,0,Low
SUB-00003199,CUST-000933,"Craig, Wilson and Yang",NC-ANALYTICS,Nexus Analytics,1,0.21214100724363003,0,Low
SUB-00003200,CUST-000934,Williams Inc,NC-COMPUTE,Nexus Compute,1,0.23422422339929289,0,Low
SUB-00003201,CUST-000934,Williams Inc,NC-ANALYTICS,Nexus Analytics,1,0.5423766498912708,1,High
SUB-00003202,CUST-000934,Williams Inc,NC-STORAGE,Nexus Storage,1,0.8397881335124465,1,Critical
SUB-00003203,CUST-000934,Williams Inc,NC-INTEGRATION,Nexus Integration,0,0.5594383563208712,1,High
SUB-00003204,CUST-000934,Williams Inc,NC-CONTAINER,Nexus Container Platform,0,0.2196266417604451,0,Low
SUB-00003205,CUST-000935,Williams LLC,NC-ANALYTICS,Nexus Analytics,1,0.23295576646011473,0,Low
SUB-00003206,CUST-000935,Williams LLC,NC-SECURITY,Nexus Cloud Security,0,0.2387166363498687,0,Low
SUB-00003207,CUST-000936,Mora-White,NC-ANALYTICS,Nexus Analytics,1,0.4809080258037018,0,Medium
SUB-00003208,CUST-000936,Mora-White,NC-WAREHOUSE,Nexus Data Warehouse,1,0.19082613960119738,0,Low
SUB-00003209,CUST-000936,Mora-White,NC-INTEGRATION,Nexus Integration,0,0.1801727130020239,0,Low
SUB-00003210,CUST-000937,Tran Ltd,NC-CONTAINER,Nexus Container Platform,0,0.7940116008264475,1,Critical
SUB-00003211,CUST-000938,"Rios, Walker and Wright",NC-AISEARCH,Nexus AI Search,0,0.2161123156828328,0,Low
SUB-00003212,CUST-000938,"Rios, Walker and Wright",NC-WAREHOUSE,Nexus Data Warehouse,1,0.818650429062471,1,Critical
SUB-00003213,CUST-000938,"Rios, Walker and Wright",NC-SQL,Nexus SQL Database,0,0.5302147374334697,1,High
SUB-00003214,CUST-000938,"Rios, Walker and Wright",NC-SECURITY,Nexus Cloud Security,1,0.2122605300051303,0,Low
SUB-00003215,CUST-000938,"Rios, Walker and Wright",NC-STORAGE,Nexus Storage,1,0.8124019167395524,1,Critical
SUB-00003216,CUST-000938,"Rios, Walker and Wright",NC-INTEGRATION,Nexus Integration,1,0.8266120602287252,1,Critical
SUB-00003217,CUST-000938,"Rios, Walker and Wright",NC-COMPUTE,Nexus Compute,0,0.20641011304329868,0,Low
SUB-00003218,CUST-000939,"Flores, Mckenzie and Duncan",NC-CONTAINER,Nexus Container Platform,1,0.8512431198850693,1,Critical
SUB-00003219,CUST-000939,"Flores, Mckenzie and Duncan",NC-SECURITY,Nexus Cloud Security,0,0.5763894152333282,1,High
SUB-00003220,CUST-000940,Shaw Inc,NC-CONTAINER,Nexus Container Platform,1,0.8334036985047426,1,Critical
SUB-00003221,CUST-000940,Shaw Inc,NC-SECURITY,Nexus Cloud Security,1,0.23337035848106538,0,Low
SUB-00003222,CUST-000940,Shaw Inc,NC-STORAGE,Nexus Storage,0,0.22493332848042485,0,Low
SUB-00003223,CUST-000941,Walker PLC,NC-SQL,Nexus SQL Database,1,0.17959730371535038,0,Low
SUB-00003224,CUST-000941,Walker PLC,NC-INTEGRATION,Nexus Integration,1,0.8082446034178173,1,Critical
SUB-00003225,CUST-000941,Walker PLC,NC-COMPUTE,Nexus Compute,1,0.4935335005825671,0,Medium
SUB-00003226,CUST-000942,Finley Inc,NC-SECURITY,Nexus Cloud Security,1,0.7848302555531093,1,Critical
SUB-00003227,CUST-000943,Cline-Ayala,NC-STORAGE,Nexus Storage,0,0.5477113657172317,1,High
SUB-00003228,CUST-000943,Cline-Ayala,NC-CONTAINER,Nexus Container Platform,0,0.21637849481797672,0,Low
SUB-00003229,CUST-000943,Cline-Ayala,NC-SECURITY,Nexus Cloud Security,1,0.8323799494076607,1,Critical
SUB-00003230,CUST-000944,Murphy-Tran,NC-SECURITY,Nexus Cloud Security,1,0.525463658089154,1,High
SUB-00003231,CUST-000944,Murphy-Tran,NC-COMPUTE,Nexus Compute,0,0.2124374294543027,0,Low
SUB-00003232,CUST-000945,Wood LLC,NC-ANALYTICS,Nexus Analytics,1,0.2323464316725423,0,Low
SUB-00003233,CUST-000945,Wood LLC,NC-INTEGRATION,Nexus Integration,1,0.5623131286665916,1,High
SUB-00003234,CUST-000945,Wood LLC,NC-STORAGE,Nexus Storage,0,0.2235175685446812,0,Low
SUB-00003235,CUST-000945,Wood LLC,NC-CONTAINER,Nexus Container Platform,1,0.5372158960336013,1,High
SUB-00003236,CUST-000945,Wood LLC,NC-SQL,Nexus SQL Database,1,0.8319788796267952,1,Critical
SUB-00003237,CUST-000945,Wood LLC,NC-COMPUTE,Nexus Compute,1,0.5682191460269452,1,High
SUB-00003238,CUST-000946,"Mueller, Stevenson and Sanchez",NC-SECURITY,Nexus Cloud Security,0,0.2101627702983432,0,Low
SUB-00003239,CUST-000946,"Mueller, Stevenson and Sanchez",NC-STORAGE,Nexus Storage,0,0.5273793102085518,1,High
SUB-00003240,CUST-000946,"Mueller, Stevenson and Sanchez",NC-COMPUTE,Nexus Compute,1,0.21223096530418661,0,Low
SUB-00003241,CUST-000946,"Mueller, Stevenson and Sanchez",NC-SQL,Nexus SQL Database,0,0.20155046353653314,0,Low
SUB-00003242,CUST-000946,"Mueller, Stevenson and Sanchez",NC-WAREHOUSE,Nexus Data Warehouse,0,0.5128652019540636,1,High
SUB-00003243,CUST-000947,Vargas-Snyder,NC-INTEGRATION,Nexus Integration,0,0.48047406547279137,0,Medium
SUB-00003244,CUST-000947,Vargas-Snyder,NC-SECURITY,Nexus Cloud Security,1,0.18885407335246968,0,Low
SUB-00003245,CUST-000947,Vargas-Snyder,NC-SQL,Nexus SQL Database,1,0.7916319362063574,1,Critical
SUB-00003246,CUST-000948,Oconnor PLC,NC-ANALYTICS,Nexus Analytics,0,0.20897649735760235,0,Low
SUB-00003247,CUST-000948,Oconnor PLC,NC-CONTAINER,Nexus Container Platform,0,0.1914231687278995,0,Low
SUB-00003248,CUST-000948,Oconnor PLC,NC-SECURITY,Nexus Cloud Security,0,0.5028992980236614,1,High
SUB-00003249,CUST-000948,Oconnor PLC,NC-STORAGE,Nexus Storage,0,0.1974285543721741,0,Low
SUB-00003250,CUST-000949,Hernandez Group,NC-INTEGRATION,Nexus Integration,1,0.22505987590591067,0,Low
SUB-00003251,CUST-000949,Hernandez Group,NC-SECURITY,Nexus Cloud Security,0,0.22368124035929612,0,Low
SUB-00003252,CUST-000950,Hall LLC,NC-STORAGE,Nexus Storage,0,0.23841226775831503,0,Low
SUB-00003253,CUST-000951,"Franco, Wiley and Tapia",NC-SQL,Nexus SQL Database,1,0.5309974088527862,1,High
SUB-00003254,CUST-000951,"Franco, Wiley and Tapia",NC-INTEGRATION,Nexus Integration,1,0.8264693987849584,1,Critical
SUB-00003255,CUST-000952,Blake Group,NC-COMPUTE,Nexus Compute,1,0.23642291556667494,0,Low
SUB-00003256,CUST-000952,Blake Group,NC-INTEGRATION,Nexus Integration,0,0.2335922827297556,0,Low
SUB-00003257,CUST-000953,"Acosta, Garcia and Moreno",NC-INTEGRATION,Nexus Integration,0,0.5271707558924573,1,High
SUB-00003258,CUST-000953,"Acosta, Garcia and Moreno",NC-SECURITY,Nexus Cloud Security,1,0.5241549373075014,1,High
SUB-00003259,CUST-000953,"Acosta, Garcia and Moreno",NC-CONTAINER,Nexus Container Platform,1,0.21163131995478196,0,Low
SUB-00003260,CUST-000954,Barnes Inc,NC-WAREHOUSE,Nexus Data Warehouse,0,0.2404500527365989,0,Low
SUB-00003261,CUST-000954,Barnes Inc,NC-CONTAINER,Nexus Container Platform,1,0.23509911122033988,0,Low
SUB-00003262,CUST-000954,Barnes Inc,NC-STORAGE,Nexus Storage,0,0.249341588912366,0,Low
SUB-00003263,CUST-000954,Barnes Inc,NC-SQL,Nexus SQL Database,1,0.564815898421861,1,High
SUB-00003264,CUST-000955,Dawson Inc,NC-INTEGRATION,Nexus Integration,1,0.8146462154993324,1,Critical
SUB-00003265,CUST-000955,Dawson Inc,NC-STORAGE,Nexus Storage,1,0.49295298051470826,0,Medium
SUB-00003266,CUST-000956,Morse PLC,NC-INTEGRATION,Nexus Integration,0,0.2202939275637937,0,Low
SUB-00003267,CUST-000956,Morse PLC,NC-COMPUTE,Nexus Compute,1,0.8388660211249914,1,Critical
SUB-00003268,CUST-000956,Morse PLC,NC-ANALYTICS,Nexus Analytics,1,0.8298221235491829,1,Critical
SUB-00003269,CUST-000956,Morse PLC,NC-SECURITY,Nexus Cloud Security,0,0.21925229503595467,0,Low
SUB-00003270,CUST-000956,Morse PLC,NC-SQL,Nexus SQL Database,0,0.2279448270416837,0,Low
SUB-00003271,CUST-000956,Morse PLC,NC-WAREHOUSE,Nexus Data Warehouse,0,0.2180761704423724,0,Low
SUB-00003272,CUST-000956,Morse PLC,NC-AIMODEL,Nexus AI Models,1,0.5824755792326164,1,High
SUB-00003273,CUST-000957,Haynes-Watson,NC-SECURITY,Nexus Cloud Security,0,0.21735026713873176,0,Low
SUB-00003274,CUST-000957,Haynes-Watson,NC-STORAGE,Nexus Storage,0,0.20339634805758422,0,Low
SUB-00003275,CUST-000957,Haynes-Watson,NC-SQL,Nexus SQL Database,0,0.539061941990267,1,High
SUB-00003276,CUST-000957,Haynes-Watson,NC-AISEARCH,Nexus AI Search,1,0.5561747942208375,1,High
SUB-00003277,CUST-000958,"Miller, Davis and Anderson",NC-WAREHOUSE,Nexus Data Warehouse,1,0.7942500503988436,1,Critical
SUB-00003278,CUST-000958,"Miller, Davis and Anderson",NC-COMPUTE,Nexus Compute,1,0.5018190598980594,1,High
SUB-00003279,CUST-000958,"Miller, Davis and Anderson",NC-CONTAINER,Nexus Container Platform,1,0.18697540182902478,0,Low
SUB-00003280,CUST-000958,"Miller, Davis and Anderson",NC-INTEGRATION,Nexus Integration,1,0.8105626185375435,1,Critical
SUB-00003281,CUST-000958,"Miller, Davis and Anderson",NC-STORAGE,Nexus Storage,1,0.7997079676568251,1,Critical
SUB-00003282,CUST-000958,"Miller, Davis and Anderson",NC-SECURITY,Nexus Cloud Security,0,0.19435960235738692,0,Low
SUB-00003283,CUST-000959,Jones-Bradley,NC-INTEGRATION,Nexus Integration,1,0.1857677882622345,0,Low
SUB-00003284,CUST-000959,Jones-Bradley,NC-ANALYTICS,Nexus Analytics,1,0.2008591483036945,0,Low
SUB-00003285,CUST-000960,Bates-Anderson,NC-INTEGRATION,Nexus Integration,0,0.533745807970164,1,High
SUB-00003286,CUST-000960,Bates-Anderson,NC-STORAGE,Nexus Storage,0,0.21164511188086765,0,Low
SUB-00003287,CUST-000961,Green-Edwards,NC-SECURITY,Nexus Cloud Security,1,0.7976539496149531,1,Critical
SUB-00003288,CUST-000961,Green-Edwards,NC-CONTAINER,Nexus Container Platform,1,0.8026042086608518,1,Critical
SUB-00003289,CUST-000961,Green-Edwards,NC-WAREHOUSE,Nexus Data Warehouse,0,0.1876928226737643,0,Low
SUB-00003290,CUST-000962,Haynes-Moss,NC-AISEARCH,Nexus AI Search,1,0.8184056105936,1,Critical
SUB-00003291,CUST-000962,Haynes-Moss,NC-SECURITY,Nexus Cloud Security,0,0.4911694576477936,0,Medium
SUB-00003292,CUST-000962,Haynes-Moss,NC-STORAGE,Nexus Storage,0,0.1809470351694999,0,Low
SUB-00003293,CUST-000962,Haynes-Moss,NC-WAREHOUSE,Nexus Data Warehouse,1,0.8015063245488625,1,Critical
SUB-00003294,CUST-000962,Haynes-Moss,NC-CONTAINER,Nexus Container Platform,0,0.17849278307470817,0,Low
SUB-00003295,CUST-000962,Haynes-Moss,NC-SQL,Nexus SQL Database,0,0.5127190193569832,1,High
SUB-00003296,CUST-000962,Haynes-Moss,NC-AIMODEL,Nexus AI Models,0,0.8139928851786373,1,Critical
SUB-00003297,CUST-000963,Chavez-Hall,NC-WAREHOUSE,Nexus Data Warehouse,0,0.5798576560301033,1,High
SUB-00003298,CUST-000963,Chavez-Hall,NC-STORAGE,Nexus Storage,1,0.85337840992466,1,Critical
SUB-00003299,CUST-000963,Chavez-Hall,NC-COMPUTE,Nexus Compute,1,0.8347195662907287,1,Critical
SUB-00003300,CUST-000963,Chavez-Hall,NC-ANALYTICS,Nexus Analytics,0,0.5655021551788462,1,High
SUB-00003301,CUST-000963,Chavez-Hall,NC-AIMODEL,Nexus AI Models,1,0.26455857727438176,0,Medium
SUB-00003302,CUST-000963,Chavez-Hall,NC-SQL,Nexus SQL Database,0,0.24241811630846544,0,Low
SUB-00003303,CUST-000963,Chavez-Hall,NC-SECURITY,Nexus Cloud Security,0,0.5615295550849705,1,High
SUB-00003304,CUST-000964,Taylor PLC,NC-CONTAINER,Nexus Container Platform,1,0.8104460435173921,1,Critical
SUB-00003305,CUST-000964,Taylor PLC,NC-STORAGE,Nexus Storage,1,0.8102781412636528,1,Critical
SUB-00003306,CUST-000964,Taylor PLC,NC-INTEGRATION,Nexus Integration,0,0.18565068605980964,0,Low
SUB-00003307,CUST-000965,Moore and Sons,NC-COMPUTE,Nexus Compute,1,0.45394335940226854,0,Medium
SUB-00003308,CUST-000965,Moore and Sons,NC-AISEARCH,Nexus AI Search,0,0.19120919686899993,0,Low
SUB-00003309,CUST-000966,Owens-Russell,NC-STORAGE,Nexus Storage,0,0.5138886557017895,1,High
SUB-00003310,CUST-000966,Owens-Russell,NC-SQL,Nexus SQL Database,0,0.2048860137625125,0,Low
SUB-00003311,CUST-000966,Owens-Russell,NC-CONTAINER,Nexus Container Platform,0,0.18993713974927315,0,Low
SUB-00003312,CUST-000967,"Howard, Townsend and Hayes",NC-WAREHOUSE,Nexus Data Warehouse,0,0.1872625565971792,0,Low
SUB-00003313,CUST-000967,"Howard, Townsend and Hayes",NC-ANALYTICS,Nexus Analytics,0,0.18915429199158484,0,Low
SUB-00003314,CUST-000967,"Howard, Townsend and Hayes",NC-AISEARCH,Nexus AI Search,0,0.45976433641707537,0,Medium
SUB-00003315,CUST-000967,"Howard, Townsend and Hayes",NC-AIMODEL,Nexus AI Models,1,0.7770291550605737,1,Critical
SUB-00003316,CUST-000967,"Howard, Townsend and Hayes",NC-INTEGRATION,Nexus Integration,1,0.8139590039102863,1,Critical
SUB-00003317,CUST-000967,"Howard, Townsend and Hayes",NC-SQL,Nexus SQL Database,0,0.17417575529584267,0,Low
SUB-00003318,CUST-000967,"Howard, Townsend and Hayes",NC-SECURITY,Nexus Cloud Security,0,0.7629496111324391,1,Critical
SUB-00003319,CUST-000968,Baker-Wilson,NC-COMPUTE,Nexus Compute,0,0.5057257490589427,1,High
SUB-00003320,CUST-000968,Baker-Wilson,NC-INTEGRATION,Nexus Integration,1,0.5237014446151291,1,High
SUB-00003321,CUST-000969,Aguirre LLC,NC-STORAGE,Nexus Storage,1,0.5046078000617374,1,High
SUB-00003322,CUST-000969,Aguirre LLC,NC-WAREHOUSE,Nexus Data Warehouse,1,0.8063057100591244,1,Critical
SUB-00003323,CUST-000969,Aguirre LLC,NC-AIMODEL,Nexus AI Models,1,0.5426588090963597,1,High
SUB-00003324,CUST-000969,Aguirre LLC,NC-SQL,Nexus SQL Database,0,0.20725743188723134,0,Low
SUB-00003325,CUST-000969,Aguirre LLC,NC-INTEGRATION,Nexus Integration,1,0.8067428401216153,1,Critical
SUB-00003326,CUST-000969,Aguirre LLC,NC-SECURITY,Nexus Cloud Security,0,0.1935640266894088,0,Low
SUB-00003327,CUST-000969,Aguirre LLC,NC-CONTAINER,Nexus Container Platform,0,0.19119244383661563,0,Low
SUB-00003328,CUST-000970,"Terry, Williams and Huff",NC-WAREHOUSE,Nexus Data Warehouse,0,0.5395252178192997,1,High
SUB-00003329,CUST-000970,"Terry, Williams and Huff",NC-INTEGRATION,Nexus Integration,0,0.5351983472514258,1,High
SUB-00003330,CUST-000971,Hernandez-Dawson,NC-INTEGRATION,Nexus Integration,1,0.7903073655643862,1,Critical
SUB-00003331,CUST-000971,Hernandez-Dawson,NC-SECURITY,Nexus Cloud Security,0,0.17925706878617714,0,Low
SUB-00003332,CUST-000971,Hernandez-Dawson,NC-SQL,Nexus SQL Database,1,0.17964679668397765,0,Low
SUB-00003333,CUST-000971,Hernandez-Dawson,NC-ANALYTICS,Nexus Analytics,0,0.17157111244532028,0,Low
SUB-00003334,CUST-000971,Hernandez-Dawson,NC-COMPUTE,Nexus Compute,0,0.476765830982448,0,Medium
SUB-00003335,CUST-000971,Hernandez-Dawson,NC-WAREHOUSE,Nexus Data Warehouse,0,0.4708213068527158,0,Medium
SUB-00003336,CUST-000972,Foster-Williams,NC-SQL,Nexus SQL Database,0,0.24898731050992223,0,Low
SUB-00003337,CUST-000972,Foster-Williams,NC-INTEGRATION,Nexus Integration,0,0.8394916848231332,1,Critical
SUB-00003338,CUST-000972,Foster-Williams,NC-ANALYTICS,Nexus Analytics,1,0.5807853035344699,1,High
SUB-00003339,CUST-000972,Foster-Williams,NC-CONTAINER,Nexus Container Platform,0,0.2332954273879207,0,Low
SUB-00003340,CUST-000972,Foster-Williams,NC-COMPUTE,Nexus Compute,0,0.5740324408948709,1,High
SUB-00003341,CUST-000973,Green-Ewing,NC-SECURITY,Nexus Cloud Security,1,0.8209385876506742,1,Critical
SUB-00003342,CUST-000974,Crane Group,NC-CONTAINER,Nexus Container Platform,0,0.23042410693754595,0,Low
SUB-00003343,CUST-000974,Crane Group,NC-WAREHOUSE,Nexus Data Warehouse,1,0.7811787936165359,1,Critical
SUB-00003344,CUST-000974,Crane Group,NC-ANALYTICS,Nexus Analytics,0,0.5339917311999408,1,High
SUB-00003345,CUST-000974,Crane Group,NC-SECURITY,Nexus Cloud Security,1,0.15838082864680014,0,Low
SUB-00003346,CUST-000974,Crane Group,NC-COMPUTE,Nexus Compute,1,0.5177748399480543,1,High
SUB-00003347,CUST-000974,Crane Group,NC-STORAGE,Nexus Storage,0,0.7613090718233035,1,Critical
SUB-00003348,CUST-000974,Crane Group,NC-INTEGRATION,Nexus Integration,0,0.4984982048117475,0,Medium
SUB-00003349,CUST-000974,Crane Group,NC-SQL,Nexus SQL Database,1,0.8195651831153246,1,Critical
SUB-00003350,CUST-000975,"Adkins, Wright and Murray",NC-SECURITY,Nexus Cloud Security,1,0.1766529065567383,0,Low
SUB-00003351,CUST-000975,"Adkins, Wright and Murray",NC-COMPUTE,Nexus Compute,1,0.7748101337173661,1,Critical
SUB-00003352,CUST-000976,Martinez Inc,NC-STORAGE,Nexus Storage,1,0.8077615565866839,1,Critical
SUB-00003353,CUST-000976,Martinez Inc,NC-COMPUTE,Nexus Compute,0,0.5062108941454455,1,High
SUB-00003354,CUST-000976,Martinez Inc,NC-ANALYTICS,Nexus Analytics,0,0.8069717924583928,1,Critical
SUB-00003355,CUST-000976,Martinez Inc,NC-SECURITY,Nexus Cloud Security,1,0.20547973836281264,0,Low
SUB-00003356,CUST-000977,Anderson Group,NC-WAREHOUSE,Nexus Data Warehouse,0,0.8363216372814345,1,Critical
SUB-00003357,CUST-000977,Anderson Group,NC-COMPUTE,Nexus Compute,0,0.20034594711098241,0,Low
SUB-00003358,CUST-000977,Anderson Group,NC-INTEGRATION,Nexus Integration,0,0.8229173332322648,1,Critical
SUB-00003359,CUST-000977,Anderson Group,NC-ANALYTICS,Nexus Analytics,0,0.2488291819924935,0,Low
SUB-00003360,CUST-000977,Anderson Group,NC-CONTAINER,Nexus Container Platform,0,0.24115911414535793,0,Low
SUB-00003361,CUST-000977,Anderson Group,NC-SQL,Nexus SQL Database,0,0.23670701235854544,0,Low
SUB-00003362,CUST-000977,Anderson Group,NC-SECURITY,Nexus Cloud Security,0,0.2686894182638107,0,Medium
SUB-00003363,CUST-000978,Parks-Pace,NC-WAREHOUSE,Nexus Data Warehouse,1,0.8002580979644135,1,Critical
SUB-00003364,CUST-000978,Parks-Pace,NC-SECURITY,Nexus Cloud Security,0,0.7915289088113796,1,Critical
SUB-00003365,CUST-000978,Parks-Pace,NC-INTEGRATION,Nexus Integration,1,0.5116714996582583,1,High
SUB-00003366,CUST-000979,Aguilar LLC,NC-SECURITY,Nexus Cloud Security,0,0.17057395265370326,0,Low
SUB-00003367,CUST-000979,Aguilar LLC,NC-ANALYTICS,Nexus Analytics,1,0.17564191060685877,0,Low
SUB-00003368,CUST-000979,Aguilar LLC,NC-CONTAINER,Nexus Container Platform,0,0.46345134782603786,0,Medium
SUB-00003369,CUST-000979,Aguilar LLC,NC-INTEGRATION,Nexus Integration,0,0.17765380098567296,0,Low
SUB-00003370,CUST-000980,Johnson Inc,NC-WAREHOUSE,Nexus Data Warehouse,0,0.18524169141476038,0,Low
SUB-00003371,CUST-000980,Johnson Inc,NC-COMPUTE,Nexus Compute,1,0.485694288577325,0,Medium
SUB-00003372,CUST-000980,Johnson Inc,NC-INTEGRATION,Nexus Integration,1,0.7869789068327483,1,Critical
SUB-00003373,CUST-000980,Johnson Inc,NC-CONTAINER,Nexus Container Platform,1,0.7863282937545055,1,Critical
SUB-00003374,CUST-000980,Johnson Inc,NC-SECURITY,Nexus Cloud Security,1,0.46181408803786644,0,Medium
SUB-00003375,CUST-000981,Orr Group,NC-INTEGRATION,Nexus Integration,1,0.21146764460077672,0,Low
SUB-00003376,CUST-000981,Orr Group,NC-WAREHOUSE,Nexus Data Warehouse,0,0.21866410299666766,0,Low
SUB-00003377,CUST-000982,Davis LLC,NC-CONTAINER,Nexus Container Platform,1,0.8100903853481629,1,Critical
SUB-00003378,CUST-000982,Davis LLC,NC-ANALYTICS,Nexus Analytics,0,0.48970178689074156,0,Medium
SUB-00003379,CUST-000982,Davis LLC,NC-STORAGE,Nexus Storage,0,0.5072102207073084,1,High
SUB-00003380,CUST-000983,Williams Group,NC-AISEARCH,Nexus AI Search,0,0.2119696177706051,0,Low
SUB-00003381,CUST-000983,Williams Group,NC-COMPUTE,Nexus Compute,0,0.2135610924176112,0,Low
SUB-00003382,CUST-000983,Williams Group,NC-AIMODEL,Nexus AI Models,1,0.830109189780736,1,Critical
SUB-00003383,CUST-000983,Williams Group,NC-SQL,Nexus SQL Database,1,0.2006986943276948,0,Low
SUB-00003384,CUST-000983,Williams Group,NC-CONTAINER,Nexus Container Platform,0,0.19734438318927638,0,Low
SUB-00003385,CUST-000983,Williams Group,NC-SECURITY,Nexus Cloud Security,0,0.5098660987131265,1,High
SUB-00003386,CUST-000984,Jackson PLC,NC-CONTAINER,Nexus Container Platform,0,0.5246312458583591,1,High
SUB-00003387,CUST-000984,Jackson PLC,NC-COMPUTE,Nexus Compute,0,0.19667263514317013,0,Low
SUB-00003388,CUST-000984,Jackson PLC,NC-ANALYTICS,Nexus Analytics,1,0.5078510123251,1,High
SUB-00003389,CUST-000985,Underwood-Foster,NC-SQL,Nexus SQL Database,1,0.8149518957675612,1,Critical
SUB-00003390,CUST-000985,Underwood-Foster,NC-CONTAINER,Nexus Container Platform,1,0.5100429103228931,1,High
SUB-00003391,CUST-000985,Underwood-Foster,NC-WAREHOUSE,Nexus Data Warehouse,0,0.5064306048793185,1,High
SUB-00003392,CUST-000985,Underwood-Foster,NC-STORAGE,Nexus Storage,1,0.510703438489241,1,High
SUB-00003393,CUST-000986,Reyes Group,NC-COMPUTE,Nexus Compute,0,0.5276208054295575,1,High
SUB-00003394,CUST-000987,Gomez and Sons,NC-SQL,Nexus SQL Database,0,0.20509559384186873,0,Low
SUB-00003395,CUST-000988,Ramirez-Stephenson,NC-SQL,Nexus SQL Database,0,0.2424338328349809,0,Low
SUB-00003396,CUST-000988,Ramirez-Stephenson,NC-ANALYTICS,Nexus Analytics,0,0.23663888482015347,0,Low
SUB-00003397,CUST-000988,Ramirez-Stephenson,NC-WAREHOUSE,Nexus Data Warehouse,1,0.5828389270689113,1,High
SUB-00003398,CUST-000988,Ramirez-Stephenson,NC-STORAGE,Nexus Storage,1,0.8509871683221727,1,Critical
SUB-00003399,CUST-000988,Ramirez-Stephenson,NC-SECURITY,Nexus Cloud Security,0,0.5551892276709062,1,High
SUB-00003400,CUST-000989,Mendez PLC,NC-SQL,Nexus SQL Database,1,0.5134748647171403,1,High
SUB-00003401,CUST-000989,Mendez PLC,NC-SECURITY,Nexus Cloud Security,1,0.8007649571370379,1,Critical
SUB-00003402,CUST-000989,Mendez PLC,NC-CONTAINER,Nexus Container Platform,1,0.8207441666639086,1,Critical
SUB-00003403,CUST-000989,Mendez PLC,NC-AIMODEL,Nexus AI Models,0,0.23268583896753334,0,Low
SUB-00003404,CUST-000989,Mendez PLC,NC-INTEGRATION,Nexus Integration,0,0.22161223036819533,0,Low
SUB-00003405,CUST-000989,Mendez PLC,NC-ANALYTICS,Nexus Analytics,0,0.2014273245128064,0,Low
SUB-00003406,CUST-000990,Holland Group,NC-SQL,Nexus SQL Database,1,0.25212599595082247,0,Medium
SUB-00003407,CUST-000990,Holland Group,NC-SECURITY,Nexus Cloud Security,0,0.23917770114193174,0,Low
SUB-00003408,CUST-000990,Holland Group,NC-COMPUTE,Nexus Compute,0,0.5584044729330162,1,High
SUB-00003409,CUST-000990,Holland Group,NC-ANALYTICS,Nexus Analytics,1,0.8515504278862434,1,Critical
SUB-00003410,CUST-000990,Holland Group,NC-STORAGE,Nexus Storage,1,0.8446124397824697,1,Critical
SUB-00003411,CUST-000991,Andrade-Mendoza,NC-COMPUTE,Nexus Compute,0,0.21195530215355382,0,Low
SUB-00003412,CUST-000991,Andrade-Mendoza,NC-SQL,Nexus SQL Database,0,0.21883197740533722,0,Low
SUB-00003413,CUST-000992,Ramirez and Sons,NC-STORAGE,Nexus Storage,1,0.7954425976739953,1,Critical
SUB-00003414,CUST-000992,Ramirez and Sons,NC-CONTAINER,Nexus Container Platform,0,0.4851750869870191,0,Medium
SUB-00003415,CUST-000992,Ramirez and Sons,NC-SQL,Nexus SQL Database,0,0.5100752139886898,1,High
SUB-00003416,CUST-000992,Ramirez and Sons,NC-SECURITY,Nexus Cloud Security,0,0.19577067672236761,0,Low
SUB-00003417,CUST-000993,Gonzalez-Wilkerson,NC-INTEGRATION,Nexus Integration,1,0.48027995832690346,0,Medium
SUB-00003418,CUST-000993,Gonzalez-Wilkerson,NC-ANALYTICS,Nexus Analytics,1,0.1800673866022639,0,Low
SUB-00003419,CUST-000993,Gonzalez-Wilkerson,NC-SQL,Nexus SQL Database,1,0.7918770611193339,1,Critical
SUB-00003420,CUST-000994,"Wright, Mcknight and Stephens",NC-INTEGRATION,Nexus Integration,0,0.18993791512143204,0,Low
SUB-00003421,CUST-000995,Mayo Ltd,NC-SQL,Nexus SQL Database,0,0.49462649948691406,0,Medium
SUB-00003422,CUST-000995,Mayo Ltd,NC-COMPUTE,Nexus Compute,0,0.1935598335017825,0,Low
SUB-00003423,CUST-000995,Mayo Ltd,NC-CONTAINER,Nexus Container Platform,0,0.5049770075386121,1,High
SUB-00003424,CUST-000996,Castillo-Harrington,NC-STORAGE,Nexus Storage,0,0.4882907116148673,0,Medium
SUB-00003425,CUST-000996,Castillo-Harrington,NC-WAREHOUSE,Nexus Data Warehouse,0,0.20127025032378276,0,Low
SUB-00003426,CUST-000996,Castillo-Harrington,NC-SQL,Nexus SQL Database,1,0.18831298400717375,0,Low
SUB-00003427,CUST-000997,Durham-Shaw,NC-SECURITY,Nexus Cloud Security,0,0.17168811800329614,0,Low
SUB-00003428,CUST-000997,Durham-Shaw,NC-WAREHOUSE,Nexus Data Warehouse,1,0.7886772120853057,1,Critical
SUB-00003429,CUST-000997,Durham-Shaw,NC-SQL,Nexus SQL Database,1,0.4666373959536731,0,Medium
SUB-00003430,CUST-000998,Nelson-Johnson,NC-WAREHOUSE,Nexus Data Warehouse,1,0.8069738243349172,1,Critical
SUB-00003431,CUST-000998,Nelson-Johnson,NC-INTEGRATION,Nexus Integration,1,0.21134923770681777,0,Low
SUB-00003432,CUST-000998,Nelson-Johnson,NC-SQL,Nexus SQL Database,1,0.7992241332484143,1,Critical
SUB-00003433,CUST-000998,Nelson-Johnson,NC-ANALYTICS,Nexus Analytics,1,0.21185709658517435,0,Low
SUB-00003434,CUST-000998,Nelson-Johnson,NC-SECURITY,Nexus Cloud Security,1,0.5079517405481891,1,High
SUB-00003435,CUST-000998,Nelson-Johnson,NC-CONTAINER,Nexus Container Platform,1,0.80519318199709,1,Critical
SUB-00003436,CUST-000998,Nelson-Johnson,NC-COMPUTE,Nexus Compute,1,0.8128169501764897,1,Critical
SUB-00003437,CUST-000999,"Robinson, Huang and Osborne",NC-SQL,Nexus SQL Database,1,0.8231063527378997,1,Critical
SUB-00003438,CUST-000999,"Robinson, Huang and Osborne",NC-STORAGE,Nexus Storage,1,0.8124803238933347,1,Critical
SUB-00003439,CUST-001000,Stokes Group,NC-SECURITY,Nexus Cloud Security,1,0.8140877784361302,1,Critical
SUB-00003440,CUST-001001,"Howard, Silva and Hall",NC-STORAGE,Nexus Storage,0,0.28709473653925105,0,Medium
SUB-00003441,CUST-001001,"Howard, Silva and Hall",NC-ANALYTICS,Nexus Analytics,0,0.2152857814169647,0,Low
SUB-00003442,CUST-001001,"Howard, Silva and Hall",NC-INTEGRATION,Nexus Integration,1,0.8571775461488733,1,Critical
SUB-00003443,CUST-001001,"Howard, Silva and Hall",NC-AIMODEL,Nexus AI Models,0,0.5807376352677446,1,High
SUB-00003444,CUST-001001,"Howard, Silva and Hall",NC-SECURITY,Nexus Cloud Security,0,0.20699743275049948,0,Low
SUB-00003445,CUST-001001,"Howard, Silva and Hall",NC-SQL,Nexus SQL Database,1,0.5689880124048551,1,High
SUB-00003446,CUST-001001,"Howard, Silva and Hall",NC-AISEARCH,Nexus AI Search,1,0.8412818834397069,1,Critical
SUB-00003447,CUST-001001,"Howard, Silva and Hall",NC-CONTAINER,Nexus Container Platform,1,0.5517514616313042,1,High
SUB-00003448,CUST-001002,Garcia Ltd,NC-COMPUTE,Nexus Compute,1,0.8085627598521278,1,Critical
SUB-00003449,CUST-001002,Garcia Ltd,NC-SQL,Nexus SQL Database,0,0.5276485539287191,1,High
SUB-00003450,CUST-001003,Adams Ltd,NC-ANALYTICS,Nexus Analytics,1,0.24107856935330071,0,Low
SUB-00003451,CUST-001004,Gallagher and Sons,NC-STORAGE,Nexus Storage,1,0.5357352485397475,1,High
SUB-00003452,CUST-001004,Gallagher and Sons,NC-WAREHOUSE,Nexus Data Warehouse,1,0.8176840062258008,1,Critical
SUB-00003453,CUST-001004,Gallagher and Sons,NC-ANALYTICS,Nexus Analytics,0,0.5259332119192518,1,High
SUB-00003454,CUST-001005,"Bradford, Salinas and Kelly",NC-WAREHOUSE,Nexus Data Warehouse,0,0.20413598674836353,0,Low
SUB-00003455,CUST-001005,"Bradford, Salinas and Kelly",NC-INTEGRATION,Nexus Integration,1,0.512890146061777,1,High
SUB-00003456,CUST-001006,Thompson PLC,NC-COMPUTE,Nexus Compute,1,0.8232582002473067,1,Critical
SUB-00003457,CUST-001006,Thompson PLC,NC-SECURITY,Nexus Cloud Security,1,0.8236802736495684,1,Critical
SUB-00003458,CUST-001006,Thompson PLC,NC-SQL,Nexus SQL Database,1,0.8355942995886552,1,Critical
SUB-00003459,CUST-001006,Thompson PLC,NC-WAREHOUSE,Nexus Data Warehouse,1,0.8253327642221944,1,Critical
SUB-00003460,CUST-001007,Drake-Wolfe,NC-STORAGE,Nexus Storage,1,0.47352996251149715,0,Medium
SUB-00003461,CUST-001007,Drake-Wolfe,NC-WAREHOUSE,Nexus Data Warehouse,0,0.16839369736895615,0,Low
SUB-00003462,CUST-001007,Drake-Wolfe,NC-INTEGRATION,Nexus Integration,0,0.4535394221957468,0,Medium
SUB-00003463,CUST-001008,"Johnson, Haynes and Meza",NC-SQL,Nexus SQL Database,1,0.4971465287352054,0,Medium
SUB-00003464,CUST-001008,"Johnson, Haynes and Meza",NC-CONTAINER,Nexus Container Platform,1,0.8102355721520681,1,Critical
SUB-00003465,CUST-001009,"Thomas, Vaughan and Copeland",NC-ANALYTICS,Nexus Analytics,1,0.8190716400385015,1,Critical
SUB-00003466,CUST-001009,"Thomas, Vaughan and Copeland",NC-SQL,Nexus SQL Database,1,0.5202348240757344,1,High
SUB-00003467,CUST-001009,"Thomas, Vaughan and Copeland",NC-INTEGRATION,Nexus Integration,1,0.5032100732953538,1,High
SUB-00003468,CUST-001009,"Thomas, Vaughan and Copeland",NC-WAREHOUSE,Nexus Data Warehouse,0,0.20828406716150946,0,Low
SUB-00003469,CUST-001009,"Thomas, Vaughan and Copeland",NC-SECURITY,Nexus Cloud Security,0,0.49495944977688644,0,Medium
SUB-00003470,CUST-001010,Weaver-Thompson,NC-WAREHOUSE,Nexus Data Warehouse,0,0.5278643607434977,1,High
SUB-00003471,CUST-001010,Weaver-Thompson,NC-INTEGRATION,Nexus Integration,0,0.20950537592201848,0,Low
SUB-00003472,CUST-001011,Davis and Sons,NC-INTEGRATION,Nexus Integration,1,0.4983159517056945,0,Medium
SUB-00003473,CUST-001011,Davis and Sons,NC-ANALYTICS,Nexus Analytics,1,0.8202087202419176,1,Critical
SUB-00003474,CUST-001011,Davis and Sons,NC-COMPUTE,Nexus Compute,0,0.19768952920297586,0,Low
SUB-00003475,CUST-001012,"Robinson, Fox and Smith",NC-ANALYTICS,Nexus Analytics,0,0.8206486201757096,1,Critical
SUB-00003476,CUST-001012,"Robinson, Fox and Smith",NC-SECURITY,Nexus Cloud Security,1,0.505018041125438,1,High
SUB-00003477,CUST-001012,"Robinson, Fox and Smith",NC-COMPUTE,Nexus Compute,0,0.21775584131393022,0,Low
SUB-00003478,CUST-001012,"Robinson, Fox and Smith",NC-INTEGRATION,Nexus Integration,1,0.8174891872421747,1,Critical
SUB-00003479,CUST-001012,"Robinson, Fox and Smith",NC-AIMODEL,Nexus AI Models,1,0.8395480435751788,1,Critical
SUB-00003480,CUST-001013,"Harris, Anderson and Love",NC-INTEGRATION,Nexus Integration,0,0.18559143281497267,0,Low
SUB-00003481,CUST-001013,"Harris, Anderson and Love",NC-CONTAINER,Nexus Container Platform,1,0.48655197291015795,0,Medium
SUB-00003482,CUST-001013,"Harris, Anderson and Love",NC-SQL,Nexus SQL Database,0,0.1880686442324578,0,Low
SUB-00003483,CUST-001014,Brown-Hernandez,NC-AISEARCH,Nexus AI Search,0,0.20538465367462458,0,Low
SUB-00003484,CUST-001014,Brown-Hernandez,NC-INTEGRATION,Nexus Integration,1,0.5001881837913454,1,High
SUB-00003485,CUST-001014,Brown-Hernandez,NC-COMPUTE,Nexus Compute,0,0.1931229299563015,0,Low
SUB-00003486,CUST-001015,"Stark, Schroeder and Mathis",NC-AIMODEL,Nexus AI Models,1,0.24847890975845938,0,Low
SUB-00003487,CUST-001015,"Stark, Schroeder and Mathis",NC-COMPUTE,Nexus Compute,1,0.8412598572419211,1,Critical
SUB-00003488,CUST-001015,"Stark, Schroeder and Mathis",NC-SECURITY,Nexus Cloud Security,1,0.23108015225222991,0,Low
SUB-00003489,CUST-001015,"Stark, Schroeder and Mathis",NC-STORAGE,Nexus Storage,1,0.8394878214474305,1,Critical
SUB-00003490,CUST-001016,Yu-Brooks,NC-ANALYTICS,Nexus Analytics,1,0.2077073819046802,0,Low
SUB-00003491,CUST-001016,Yu-Brooks,NC-WAREHOUSE,Nexus Data Warehouse,0,0.5369350149231903,1,High
SUB-00003492,CUST-001016,Yu-Brooks,NC-CONTAINER,Nexus Container Platform,0,0.5337546768700403,1,High
SUB-00003493,CUST-001017,"Foster, Garcia and Turner",NC-INTEGRATION,Nexus Integration,0,0.2237417069980693,0,Low
SUB-00003494,CUST-001018,Daugherty Ltd,NC-SECURITY,Nexus Cloud Security,0,0.5362860128206852,1,High
SUB-00003495,CUST-001018,Daugherty Ltd,NC-STORAGE,Nexus Storage,0,0.22484437287967346,0,Low
SUB-00003496,CUST-001018,Daugherty Ltd,NC-COMPUTE,Nexus Compute,1,0.22009286864892824,0,Low
SUB-00003497,CUST-001018,Daugherty Ltd,NC-SQL,Nexus SQL Database,1,0.5612057505215722,1,High
SUB-00003498,CUST-001018,Daugherty Ltd,NC-CONTAINER,Nexus Container Platform,1,0.5587391249017862,1,High
SUB-00003499,CUST-001019,Conner-Yu,NC-ANALYTICS,Nexus Analytics,0,0.5492548611402648,1,High
SUB-00003500,CUST-001019,Conner-Yu,NC-WAREHOUSE,Nexus Data Warehouse,1,0.22241578036841497,0,Low
SUB-00003501,CUST-001019,Conner-Yu,NC-SECURITY,Nexus Cloud Security,0,0.5345080655467938,1,High
SUB-00003502,CUST-001019,Conner-Yu,NC-SQL,Nexus SQL Database,1,0.8308275100543454,1,Critical
SUB-00003503,CUST-001019,Conner-Yu,NC-AISEARCH,Nexus AI Search,1,0.5591342067644804,1,High
SUB-00003504,CUST-001020,"Stewart, Mann and Hoffman",NC-SECURITY,Nexus Cloud Security,0,0.18827002098296605,0,Low
SUB-00003505,CUST-001020,"Stewart, Mann and Hoffman",NC-ANALYTICS,Nexus Analytics,0,0.8165619487515946,1,Critical
SUB-00003506,CUST-001021,"Buchanan, Walker and Chapman",NC-COMPUTE,Nexus Compute,0,0.5616017380955429,1,High
SUB-00003507,CUST-001021,"Buchanan, Walker and Chapman",NC-AIMODEL,Nexus AI Models,0,0.25994020642334925,0,Medium
SUB-00003508,CUST-001021,"Buchanan, Walker and Chapman",NC-WAREHOUSE,Nexus Data Warehouse,0,0.2678312829243264,0,Medium
SUB-00003509,CUST-001021,"Buchanan, Walker and Chapman",NC-CONTAINER,Nexus Container Platform,1,0.8267919358979082,1,Critical
SUB-00003510,CUST-001021,"Buchanan, Walker and Chapman",NC-INTEGRATION,Nexus Integration,0,0.2893036150135123,0,Medium
SUB-00003511,CUST-001021,"Buchanan, Walker and Chapman",NC-STORAGE,Nexus Storage,1,0.2167822659138625,0,Low
SUB-00003512,CUST-001021,"Buchanan, Walker and Chapman",NC-ANALYTICS,Nexus Analytics,0,0.20789674092870777,0,Low
SUB-00003513,CUST-001021,"Buchanan, Walker and Chapman",NC-AISEARCH,Nexus AI Search,1,0.5475578369586639,1,High
SUB-00003514,CUST-001022,Gray Ltd,NC-AISEARCH,Nexus AI Search,1,0.8270200234021584,1,Critical
SUB-00003515,CUST-001022,Gray Ltd,NC-AIMODEL,Nexus AI Models,1,0.8190747028365606,1,Critical
SUB-00003516,CUST-001023,"Phillips, Thompson and Smith",NC-STORAGE,Nexus Storage,0,0.8439271694915362,1,Critical
SUB-00003517,CUST-001024,"Fry, Myers and Gamble",NC-ANALYTICS,Nexus Analytics,1,0.2441757417263629,0,Low
SUB-00003518,CUST-001024,"Fry, Myers and Gamble",NC-COMPUTE,Nexus Compute,1,0.5533229000830255,1,High
SUB-00003519,CUST-001024,"Fry, Myers and Gamble",NC-STORAGE,Nexus Storage,1,0.8339011514815076,1,Critical
SUB-00003520,CUST-001024,"Fry, Myers and Gamble",NC-SECURITY,Nexus Cloud Security,1,0.5651545114302835,1,High
SUB-00003521,CUST-001025,"Johnson, Guzman and Mccall",NC-SECURITY,Nexus Cloud Security,1,0.8220598927362007,1,Critical
SUB-00003522,CUST-001025,"Johnson, Guzman and Mccall",NC-WAREHOUSE,Nexus Data Warehouse,1,0.8438074259933752,1,Critical
SUB-00003523,CUST-001025,"Johnson, Guzman and Mccall",NC-CONTAINER,Nexus Container Platform,1,0.5214128059139642,1,High
SUB-00003524,CUST-001025,"Johnson, Guzman and Mccall",NC-COMPUTE,Nexus Compute,0,0.5641120050771999,1,High
SUB-00003525,CUST-001025,"Johnson, Guzman and Mccall",NC-INTEGRATION,Nexus Integration,0,0.22289537580195437,0,Low
SUB-00003526,CUST-001026,"Walker, Cunningham and Zuniga",NC-COMPUTE,Nexus Compute,1,0.809838811545085,1,Critical
SUB-00003527,CUST-001026,"Walker, Cunningham and Zuniga",NC-SQL,Nexus SQL Database,0,0.20267304589975446,0,Low
SUB-00003528,CUST-001027,Rivera Inc,NC-SECURITY,Nexus Cloud Security,1,0.5653000203286002,1,High
SUB-00003529,CUST-001027,Rivera Inc,NC-WAREHOUSE,Nexus Data Warehouse,0,0.24271150379066553,0,Low
SUB-00003530,CUST-001028,Reed LLC,NC-SECURITY,Nexus Cloud Security,1,0.8137118576793523,1,Critical
SUB-00003531,CUST-001029,Fields Inc,NC-INTEGRATION,Nexus Integration,1,0.19633879901587392,0,Low
SUB-00003532,CUST-001029,Fields Inc,NC-AISEARCH,Nexus AI Search,0,0.1960654245173037,0,Low
SUB-00003533,CUST-001030,"Santiago, Daniel and Rogers",NC-SECURITY,Nexus Cloud Security,1,0.8224767483028234,1,Critical
SUB-00003534,CUST-001030,"Santiago, Daniel and Rogers",NC-SQL,Nexus SQL Database,0,0.5459696668341985,1,High
SUB-00003535,CUST-001030,"Santiago, Daniel and Rogers",NC-CONTAINER,Nexus Container Platform,1,0.8348341355127514,1,Critical
SUB-00003536,CUST-001030,"Santiago, Daniel and Rogers",NC-WAREHOUSE,Nexus Data Warehouse,1,0.5862585067309332,1,High
SUB-00003537,CUST-001030,"Santiago, Daniel and Rogers",NC-ANALYTICS,Nexus Analytics,1,0.8267025586916915,1,Critical
SUB-00003538,CUST-001030,"Santiago, Daniel and Rogers",NC-INTEGRATION,Nexus Integration,0,0.22430644657199741,0,Low
SUB-00003539,CUST-001030,"Santiago, Daniel and Rogers",NC-STORAGE,Nexus Storage,1,0.838202419317514,1,Critical
SUB-00003540,CUST-001030,"Santiago, Daniel and Rogers",NC-COMPUTE,Nexus Compute,0,0.17787470781811965,0,Low
SUB-00003541,CUST-001031,Baker and Sons,NC-COMPUTE,Nexus Compute,1,0.5041224594310645,1,High
SUB-00003542,CUST-001032,"Jones, Scott and Rodriguez",NC-SECURITY,Nexus Cloud Security,1,0.4712610566941432,0,Medium
SUB-00003543,CUST-001032,"Jones, Scott and Rodriguez",NC-INTEGRATION,Nexus Integration,1,0.7795346006641728,1,Critical
SUB-00003544,CUST-001033,Williams Group,NC-SQL,Nexus SQL Database,0,0.548234389801965,1,High
SUB-00003545,CUST-001033,Williams Group,NC-CONTAINER,Nexus Container Platform,0,0.23816293654776938,0,Low
SUB-00003546,CUST-001033,Williams Group,NC-INTEGRATION,Nexus Integration,1,0.2230765383197121,0,Low
SUB-00003547,CUST-001034,"Barnes, Jackson and Gutierrez",NC-ANALYTICS,Nexus Analytics,1,0.8128395114653295,1,Critical
SUB-00003548,CUST-001034,"Barnes, Jackson and Gutierrez",NC-STORAGE,Nexus Storage,1,0.8146813998179148,1,Critical
SUB-00003549,CUST-001034,"Barnes, Jackson and Gutierrez",NC-INTEGRATION,Nexus Integration,1,0.5290493985477861,1,High
SUB-00003550,CUST-001034,"Barnes, Jackson and Gutierrez",NC-SQL,Nexus SQL Database,1,0.8246100691700374,1,Critical
SUB-00003551,CUST-001034,"Barnes, Jackson and Gutierrez",NC-COMPUTE,Nexus Compute,1,0.809351321862145,1,Critical
SUB-00003552,CUST-001035,Bell-Bennett,NC-INTEGRATION,Nexus Integration,0,0.5338911769135097,1,High
SUB-00003553,CUST-001035,Bell-Bennett,NC-COMPUTE,Nexus Compute,0,0.22589951471478367,0,Low
SUB-00003554,CUST-001035,Bell-Bennett,NC-STORAGE,Nexus Storage,0,0.21215194538304794,0,Low
SUB-00003555,CUST-001035,Bell-Bennett,NC-SQL,Nexus SQL Database,0,0.8244183000841111,1,Critical
SUB-00003556,CUST-001035,Bell-Bennett,NC-SECURITY,Nexus Cloud Security,1,0.5448731379433724,1,High
SUB-00003557,CUST-001036,Kramer-Lane,NC-INTEGRATION,Nexus Integration,1,0.5289285384196569,1,High
SUB-00003558,CUST-001036,Kramer-Lane,NC-ANALYTICS,Nexus Analytics,0,0.2245999523934721,0,Low
SUB-00003559,CUST-001036,Kramer-Lane,NC-SECURITY,Nexus Cloud Security,0,0.20893941367950583,0,Low
SUB-00003560,CUST-001036,Kramer-Lane,NC-STORAGE,Nexus Storage,0,0.23527172925556253,0,Low
SUB-00003561,CUST-001036,Kramer-Lane,NC-WAREHOUSE,Nexus Data Warehouse,0,0.22945028629230846,0,Low
SUB-00003562,CUST-001037,"Perez, Hayes and Lloyd",NC-CONTAINER,Nexus Container Platform,1,0.8193623362187613,1,Critical
SUB-00003563,CUST-001037,"Perez, Hayes and Lloyd",NC-INTEGRATION,Nexus Integration,0,0.5352671558450676,1,High
SUB-00003564,CUST-001038,Phillips LLC,NC-ANALYTICS,Nexus Analytics,0,0.20256232798282192,0,Low
SUB-00003565,CUST-001038,Phillips LLC,NC-STORAGE,Nexus Storage,1,0.5058904121530241,1,High
SUB-00003566,CUST-001038,Phillips LLC,NC-SECURITY,Nexus Cloud Security,0,0.2505811510057138,0,Medium
SUB-00003567,CUST-001038,Phillips LLC,NC-CONTAINER,Nexus Container Platform,1,0.840196126479086,1,Critical
SUB-00003568,CUST-001038,Phillips LLC,NC-AIMODEL,Nexus AI Models,1,0.8381695174525479,1,Critical
SUB-00003569,CUST-001038,Phillips LLC,NC-AISEARCH,Nexus AI Search,0,0.23915929967769511,0,Low
SUB-00003570,CUST-001038,Phillips LLC,NC-WAREHOUSE,Nexus Data Warehouse,0,0.5900178636636261,1,High
SUB-00003571,CUST-001038,Phillips LLC,NC-INTEGRATION,Nexus Integration,0,0.47244582578661387,0,Medium
SUB-00003572,CUST-001038,Phillips LLC,NC-SQL,Nexus SQL Database,1,0.7924100580538337,1,Critical
SUB-00003573,CUST-001039,Lynn-Jones,NC-STORAGE,Nexus Storage,0,0.5562122461480808,1,High
SUB-00003574,CUST-001039,Lynn-Jones,NC-AISEARCH,Nexus AI Search,0,0.25375422209243337,0,Medium
SUB-00003575,CUST-001040,Barron and Sons,NC-SECURITY,Nexus Cloud Security,0,0.2279338104866339,0,Low
SUB-00003576,CUST-001040,Barron and Sons,NC-SQL,Nexus SQL Database,1,0.846062837166326,1,Critical
SUB-00003577,CUST-001040,Barron and Sons,NC-CONTAINER,Nexus Container Platform,0,0.5600367356665995,1,High
SUB-00003578,CUST-001040,Barron and Sons,NC-ANALYTICS,Nexus Analytics,0,0.5592178010434451,1,High
SUB-00003579,CUST-001040,Barron and Sons,NC-WAREHOUSE,Nexus Data Warehouse,1,0.23920736277049617,0,Low
SUB-00003580,CUST-001041,"Jones, Mcmahon and Spence",NC-COMPUTE,Nexus Compute,0,0.5600554247339392,1,High
SUB-00003581,CUST-001041,"Jones, Mcmahon and Spence",NC-CONTAINER,Nexus Container Platform,1,0.5583027351577987,1,High
SUB-00003582,CUST-001041,"Jones, Mcmahon and Spence",NC-AIMODEL,Nexus AI Models,1,0.2671887587216694,0,Medium
SUB-00003583,CUST-001041,"Jones, Mcmahon and Spence",NC-SECURITY,Nexus Cloud Security,1,0.8442588688904031,1,Critical
SUB-00003584,CUST-001041,"Jones, Mcmahon and Spence",NC-STORAGE,Nexus Storage,1,0.8436885569307802,1,Critical
SUB-00003585,CUST-001042,Wheeler-Austin,NC-SECURITY,Nexus Cloud Security,1,0.4976556736869365,0,Medium
SUB-00003586,CUST-001042,Wheeler-Austin,NC-STORAGE,Nexus Storage,1,0.5141282224806196,1,High
SUB-00003587,CUST-001043,Bush-Reynolds,NC-SQL,Nexus SQL Database,0,0.214495086497182,0,Low
SUB-00003588,CUST-001043,Bush-Reynolds,NC-AISEARCH,Nexus AI Search,0,0.2158400096202005,0,Low
SUB-00003589,CUST-001043,Bush-Reynolds,NC-INTEGRATION,Nexus Integration,1,0.22603798894743926,0,Low
SUB-00003590,CUST-001043,Bush-Reynolds,NC-ANALYTICS,Nexus Analytics,1,0.5525661722197864,1,High
SUB-00003591,CUST-001043,Bush-Reynolds,NC-COMPUTE,Nexus Compute,0,0.5529977741241592,1,High
SUB-00003592,CUST-001043,Bush-Reynolds,NC-CONTAINER,Nexus Container Platform,1,0.22489643936713508,0,Low
SUB-00003593,CUST-001044,"Martin, Preston and Moore",NC-STORAGE,Nexus Storage,1,0.513685105564942,1,High
SUB-00003594,CUST-001044,"Martin, Preston and Moore",NC-ANALYTICS,Nexus Analytics,1,0.22099084511059983,0,Low
SUB-00003595,CUST-001045,Rivera and Sons,NC-AISEARCH,Nexus AI Search,1,0.564404808576375,1,High
SUB-00003596,CUST-001045,Rivera and Sons,NC-INTEGRATION,Nexus Integration,0,0.511448735508293,1,High
SUB-00003597,CUST-001045,Rivera and Sons,NC-STORAGE,Nexus Storage,0,0.8478777468437817,1,Critical
SUB-00003598,CUST-001045,Rivera and Sons,NC-COMPUTE,Nexus Compute,0,0.515641777855664,1,High
SUB-00003599,CUST-001045,Rivera and Sons,NC-CONTAINER,Nexus Container Platform,0,0.27305390530246876,0,Medium
SUB-00003600,CUST-001045,Rivera and Sons,NC-ANALYTICS,Nexus Analytics,0,0.8785819500613006,1,Critical
SUB-00003601,CUST-001045,Rivera and Sons,NC-SECURITY,Nexus Cloud Security,0,0.5399424738460575,1,High
SUB-00003602,CUST-001045,Rivera and Sons,NC-WAREHOUSE,Nexus Data Warehouse,0,0.5406732616742059,1,High
SUB-00003603,CUST-001046,Terry-Bowen,NC-INTEGRATION,Nexus Integration,1,0.8528005993973944,1,Critical
SUB-00003604,CUST-001046,Terry-Bowen,NC-SECURITY,Nexus Cloud Security,0,0.2420797247510046,0,Low
SUB-00003605,CUST-001046,Terry-Bowen,NC-CONTAINER,Nexus Container Platform,1,0.24824209419164106,0,Low
SUB-00003606,CUST-001046,Terry-Bowen,NC-STORAGE,Nexus Storage,1,0.573670024524594,1,High
SUB-00003607,CUST-001046,Terry-Bowen,NC-SQL,Nexus SQL Database,1,0.23923721052696031,0,Low
SUB-00003608,CUST-001046,Terry-Bowen,NC-WAREHOUSE,Nexus Data Warehouse,1,0.5750996751978995,1,High
SUB-00003609,CUST-001047,"Fernandez, Guerrero and Evans",NC-INTEGRATION,Nexus Integration,0,0.567435885588748,1,High
SUB-00003610,CUST-001048,Williams PLC,NC-SECURITY,Nexus Cloud Security,0,0.1647313251344238,0,Low
SUB-00003611,CUST-001048,Williams PLC,NC-COMPUTE,Nexus Compute,1,0.7753743623111559,1,Critical
SUB-00003612,CUST-001048,Williams PLC,NC-ANALYTICS,Nexus Analytics,1,0.4773799357604173,0,Medium
SUB-00003613,CUST-001049,"Larsen, Hernandez and Ward",NC-ANALYTICS,Nexus Analytics,1,0.4773899156743613,0,Medium
SUB-00003614,CUST-001050,Miller-Colon,NC-AIMODEL,Nexus AI Models,1,0.8165926263058901,1,Critical
SUB-00003615,CUST-001050,Miller-Colon,NC-SECURITY,Nexus Cloud Security,0,0.20322991904890791,0,Low
SUB-00003616,CUST-001050,Miller-Colon,NC-WAREHOUSE,Nexus Data Warehouse,1,0.8174965557361197,1,Critical
SUB-00003617,CUST-001051,"Greene, Gonzalez and Johnson",NC-STORAGE,Nexus Storage,0,0.5390493926022167,1,High
SUB-00003618,CUST-001051,"Greene, Gonzalez and Johnson",NC-ANALYTICS,Nexus Analytics,1,0.8411081482395056,1,Critical
SUB-00003619,CUST-001052,Little Inc,NC-WAREHOUSE,Nexus Data Warehouse,1,0.7988118406004625,1,Critical
SUB-00003620,CUST-001052,Little Inc,NC-INTEGRATION,Nexus Integration,1,0.7880826656345827,1,Critical
SUB-00003621,CUST-001052,Little Inc,NC-STORAGE,Nexus Storage,1,0.17257052705137058,0,Low
SUB-00003622,CUST-001052,Little Inc,NC-ANALYTICS,Nexus Analytics,1,0.7890012561595323,1,Critical
SUB-00003623,CUST-001052,Little Inc,NC-CONTAINER,Nexus Container Platform,1,0.48235488020380607,0,Medium
SUB-00003624,CUST-001053,Anthony-Parker,NC-AISEARCH,Nexus AI Search,0,0.49471556845820375,0,Medium
SUB-00003625,CUST-001053,Anthony-Parker,NC-STORAGE,Nexus Storage,0,0.45301628509661224,0,Medium
SUB-00003626,CUST-001053,Anthony-Parker,NC-AIMODEL,Nexus AI Models,0,0.19055761204199315,0,Low
SUB-00003627,CUST-001054,Ruiz-Jacobson,NC-COMPUTE,Nexus Compute,1,0.5255553004302614,1,High
SUB-00003628,CUST-001054,Ruiz-Jacobson,NC-CONTAINER,Nexus Container Platform,1,0.522036226818276,1,High
SUB-00003629,CUST-001054,Ruiz-Jacobson,NC-STORAGE,Nexus Storage,1,0.52356623728009,1,High
SUB-00003630,CUST-001054,Ruiz-Jacobson,NC-WAREHOUSE,Nexus Data Warehouse,1,0.8230867338698817,1,Critical
SUB-00003631,CUST-001054,Ruiz-Jacobson,NC-SECURITY,Nexus Cloud Security,1,0.5088239149208371,1,High
SUB-00003632,CUST-001055,Davis-Stephens,NC-STORAGE,Nexus Storage,1,0.8206463524178448,1,Critical
SUB-00003633,CUST-001055,Davis-Stephens,NC-CONTAINER,Nexus Container Platform,0,0.19740525652950816,0,Low
SUB-00003634,CUST-001055,Davis-Stephens,NC-ANALYTICS,Nexus Analytics,1,0.8253684090246438,1,Critical
SUB-00003635,CUST-001055,Davis-Stephens,NC-WAREHOUSE,Nexus Data Warehouse,0,0.5300092226909372,1,High
SUB-00003636,CUST-001055,Davis-Stephens,NC-SQL,Nexus SQL Database,1,0.5306910573293296,1,High
SUB-00003637,CUST-001056,Watson Group,NC-SECURITY,Nexus Cloud Security,1,0.5073332915906521,1,High
SUB-00003638,CUST-001056,Watson Group,NC-SQL,Nexus SQL Database,1,0.5319239976651118,1,High
SUB-00003639,CUST-001057,Lopez-Williams,NC-COMPUTE,Nexus Compute,1,0.8004874675388483,1,Critical
SUB-00003640,CUST-001057,Lopez-Williams,NC-ANALYTICS,Nexus Analytics,0,0.4943020123216225,0,Medium
SUB-00003641,CUST-001057,Lopez-Williams,NC-SQL,Nexus SQL Database,1,0.7895596777932762,1,Critical
SUB-00003642,CUST-001058,Marshall-Perez,NC-STORAGE,Nexus Storage,0,0.17011740564806185,0,Low
SUB-00003643,CUST-001058,Marshall-Perez,NC-SQL,Nexus SQL Database,0,0.46390567494955576,0,Medium
SUB-00003644,CUST-001058,Marshall-Perez,NC-INTEGRATION,Nexus Integration,0,0.17820388241532534,0,Low
SUB-00003645,CUST-001059,Elliott-Hernandez,NC-CONTAINER,Nexus Container Platform,1,0.8153938095546696,1,Critical
SUB-00003646,CUST-001059,Elliott-Hernandez,NC-WAREHOUSE,Nexus Data Warehouse,0,0.5392563753418597,1,High
SUB-00003647,CUST-001060,"Contreras, Miller and Cooper",NC-AISEARCH,Nexus AI Search,0,0.5587936604847992,1,High
SUB-00003648,CUST-001060,"Contreras, Miller and Cooper",NC-STORAGE,Nexus Storage,1,0.5453841438220687,1,High
SUB-00003649,CUST-001060,"Contreras, Miller and Cooper",NC-COMPUTE,Nexus Compute,1,0.8295223566557693,1,Critical
SUB-00003650,CUST-001060,"Contreras, Miller and Cooper",NC-ANALYTICS,Nexus Analytics,0,0.22283131537116127,0,Low
SUB-00003651,CUST-001060,"Contreras, Miller and Cooper",NC-WAREHOUSE,Nexus Data Warehouse,1,0.8423889342415322,1,Critical
SUB-00003652,CUST-001061,"Gutierrez, Avila and Perez",NC-SQL,Nexus SQL Database,1,0.5398171293615456,1,High
SUB-00003653,CUST-001061,"Gutierrez, Avila and Perez",NC-ANALYTICS,Nexus Analytics,1,0.8344446023124898,1,Critical
SUB-00003654,CUST-001061,"Gutierrez, Avila and Perez",NC-INTEGRATION,Nexus Integration,1,0.5485471452404571,1,High
SUB-00003655,CUST-001061,"Gutierrez, Avila and Perez",NC-SECURITY,Nexus Cloud Security,1,0.22373120412143377,0,Low
SUB-00003656,CUST-001061,"Gutierrez, Avila and Perez",NC-WAREHOUSE,Nexus Data Warehouse,1,0.8363100389782567,1,Critical
SUB-00003657,CUST-001062,Randall PLC,NC-COMPUTE,Nexus Compute,0,0.21549625835667985,0,Low
SUB-00003658,CUST-001062,Randall PLC,NC-CONTAINER,Nexus Container Platform,1,0.8197963771629996,1,Critical
SUB-00003659,CUST-001062,Randall PLC,NC-WAREHOUSE,Nexus Data Warehouse,0,0.5574932418966099,1,High
SUB-00003660,CUST-001062,Randall PLC,NC-ANALYTICS,Nexus Analytics,0,0.5476694054919059,1,High
SUB-00003661,CUST-001063,Sheppard-Mcdaniel,NC-STORAGE,Nexus Storage,1,0.8264628301616134,1,Critical
SUB-00003662,CUST-001063,Sheppard-Mcdaniel,NC-SQL,Nexus SQL Database,1,0.5373983556614692,1,High
SUB-00003663,CUST-001063,Sheppard-Mcdaniel,NC-COMPUTE,Nexus Compute,1,0.8340926352215342,1,Critical
SUB-00003664,CUST-001064,Armstrong-Young,NC-INTEGRATION,Nexus Integration,1,0.8164450772125255,1,Critical
SUB-00003665,CUST-001064,Armstrong-Young,NC-STORAGE,Nexus Storage,1,0.20412685602791616,0,Low
SUB-00003666,CUST-001064,Armstrong-Young,NC-CONTAINER,Nexus Container Platform,0,0.21777242560471904,0,Low
SUB-00003667,CUST-001064,Armstrong-Young,NC-COMPUTE,Nexus Compute,1,0.8193180532032114,1,Critical
SUB-00003668,CUST-001064,Armstrong-Young,NC-ANALYTICS,Nexus Analytics,1,0.21813508600253195,0,Low
SUB-00003669,CUST-001065,Miller-Orr,NC-CONTAINER,Nexus Container Platform,0,0.8343191097319962,1,Critical
SUB-00003670,CUST-001065,Miller-Orr,NC-AIMODEL,Nexus AI Models,1,0.8341609266368717,1,Critical
SUB-00003671,CUST-001066,"Johnson, Duncan and Black",NC-CONTAINER,Nexus Container Platform,1,0.231527237475566,0,Low
SUB-00003672,CUST-001066,"Johnson, Duncan and Black",NC-COMPUTE,Nexus Compute,1,0.2188553812287578,0,Low
SUB-00003673,CUST-001066,"Johnson, Duncan and Black",NC-ANALYTICS,Nexus Analytics,1,0.8382425884018091,1,Critical
SUB-00003674,CUST-001066,"Johnson, Duncan and Black",NC-SECURITY,Nexus Cloud Security,1,0.8273203110185877,1,Critical
SUB-00003675,CUST-001066,"Johnson, Duncan and Black",NC-WAREHOUSE,Nexus Data Warehouse,1,0.8261388646008264,1,Critical
SUB-00003676,CUST-001067,"Byrd, Oliver and Martinez",NC-ANALYTICS,Nexus Analytics,1,0.21398628449514262,0,Low
SUB-00003677,CUST-001068,Thompson-Joyce,NC-INTEGRATION,Nexus Integration,0,0.7865846336474009,1,Critical
SUB-00003678,CUST-001068,Thompson-Joyce,NC-SQL,Nexus SQL Database,0,0.1786469280656909,0,Low
SUB-00003679,CUST-001068,Thompson-Joyce,NC-CONTAINER,Nexus Container Platform,0,0.7823706091713102,1,Critical
SUB-00003680,CUST-001068,Thompson-Joyce,NC-WAREHOUSE,Nexus Data Warehouse,0,0.4750218581639947,0,Medium
SUB-00003681,CUST-001069,Stokes and Sons,NC-STORAGE,Nexus Storage,0,0.2159433888979265,0,Low
SUB-00003682,CUST-001069,Stokes and Sons,NC-WAREHOUSE,Nexus Data Warehouse,1,0.8464335801885413,1,Critical
SUB-00003683,CUST-001069,Stokes and Sons,NC-AISEARCH,Nexus AI Search,1,0.7693938992176345,1,Critical
SUB-00003684,CUST-001069,Stokes and Sons,NC-INTEGRATION,Nexus Integration,0,0.2274730974741577,0,Low
SUB-00003685,CUST-001069,Stokes and Sons,NC-SQL,Nexus SQL Database,1,0.5154741806277398,1,High
SUB-00003686,CUST-001070,Henderson Ltd,NC-ANALYTICS,Nexus Analytics,1,0.8360675768476342,1,Critical
SUB-00003687,CUST-001071,Harris-Carson,NC-INTEGRATION,Nexus Integration,0,0.544587800379041,1,High
SUB-00003688,CUST-001072,Flowers LLC,NC-ANALYTICS,Nexus Analytics,0,0.22863590270322756,0,Low
SUB-00003689,CUST-001072,Flowers LLC,NC-WAREHOUSE,Nexus Data Warehouse,1,0.8278063907488233,1,Critical
SUB-00003690,CUST-001072,Flowers LLC,NC-INTEGRATION,Nexus Integration,1,0.8249902580884362,1,Critical
SUB-00003691,CUST-001072,Flowers LLC,NC-SECURITY,Nexus Cloud Security,1,0.5256198106815401,1,High
SUB-00003692,CUST-001073,Bartlett-Sloan,NC-CONTAINER,Nexus Container Platform,0,0.5175261937909011,1,High
SUB-00003693,CUST-001073,Bartlett-Sloan,NC-STORAGE,Nexus Storage,1,0.8179928767785699,1,Critical
SUB-00003694,CUST-001073,Bartlett-Sloan,NC-WAREHOUSE,Nexus Data Warehouse,1,0.5210095604484961,1,High
SUB-00003695,CUST-001073,Bartlett-Sloan,NC-ANALYTICS,Nexus Analytics,1,0.20810723140963028,0,Low
SUB-00003696,CUST-001074,Miller PLC,NC-CONTAINER,Nexus Container Platform,1,0.8293846702956501,1,Critical
SUB-00003697,CUST-001074,Miller PLC,NC-ANALYTICS,Nexus Analytics,1,0.8172943813967013,1,Critical
SUB-00003698,CUST-001074,Miller PLC,NC-STORAGE,Nexus Storage,0,0.8318677980235967,1,Critical
SUB-00003699,CUST-001074,Miller PLC,NC-COMPUTE,Nexus Compute,0,0.20818462637971874,0,Low
SUB-00003700,CUST-001074,Miller PLC,NC-WAREHOUSE,Nexus Data Warehouse,1,0.816156476753834,1,Critical
SUB-00003701,CUST-001075,Arnold-Gates,NC-CONTAINER,Nexus Container Platform,1,0.5331808686741683,1,High
SUB-00003702,CUST-001075,Arnold-Gates,NC-WAREHOUSE,Nexus Data Warehouse,1,0.22024339895899167,0,Low
SUB-00003703,CUST-001075,Arnold-Gates,NC-SECURITY,Nexus Cloud Security,1,0.8140461347459538,1,Critical
SUB-00003704,CUST-001075,Arnold-Gates,NC-SQL,Nexus SQL Database,1,0.8282653832880827,1,Critical
SUB-00003705,CUST-001075,Arnold-Gates,NC-INTEGRATION,Nexus Integration,1,0.20439617301107188,0,Low
SUB-00003706,CUST-001076,"Ellis, Marks and Buchanan",NC-SQL,Nexus SQL Database,0,0.5175059549203884,1,High
SUB-00003707,CUST-001076,"Ellis, Marks and Buchanan",NC-INTEGRATION,Nexus Integration,0,0.1901059287493779,0,Low
SUB-00003708,CUST-001076,"Ellis, Marks and Buchanan",NC-WAREHOUSE,Nexus Data Warehouse,0,0.1964901608524449,0,Low
SUB-00003709,CUST-001077,"Matthews, Harrington and Rodriguez",NC-STORAGE,Nexus Storage,0,0.50347801088926,1,High
SUB-00003710,CUST-001077,"Matthews, Harrington and Rodriguez",NC-WAREHOUSE,Nexus Data Warehouse,0,0.5206694367168762,1,High
SUB-00003711,CUST-001077,"Matthews, Harrington and Rodriguez",NC-SECURITY,Nexus Cloud Security,1,0.5002731596527537,1,High
SUB-00003712,CUST-001078,Hernandez PLC,NC-SECURITY,Nexus Cloud Security,0,0.4849511923276757,0,Medium
SUB-00003713,CUST-001078,Hernandez PLC,NC-CONTAINER,Nexus Container Platform,1,0.7995443208186426,1,Critical
SUB-00003714,CUST-001078,Hernandez PLC,NC-STORAGE,Nexus Storage,1,0.18523517470704787,0,Low
SUB-00003715,CUST-001079,"Chang, Ayers and Buckley",NC-SECURITY,Nexus Cloud Security,1,0.8082695418931486,1,Critical
SUB-00003716,CUST-001079,"Chang, Ayers and Buckley",NC-SQL,Nexus SQL Database,0,0.490561257302103,0,Medium
SUB-00003717,CUST-001080,"Chan, Floyd and Dillon",NC-INTEGRATION,Nexus Integration,0,0.7888657600780474,1,Critical
SUB-00003718,CUST-001080,"Chan, Floyd and Dillon",NC-ANALYTICS,Nexus Analytics,0,0.48467416266069113,0,Medium
SUB-00003719,CUST-001080,"Chan, Floyd and Dillon",NC-CONTAINER,Nexus Container Platform,0,0.1908832566115333,0,Low
SUB-00003720,CUST-001081,Humphrey-Baker,NC-WAREHOUSE,Nexus Data Warehouse,1,0.22627796869087166,0,Low
SUB-00003721,CUST-001081,Humphrey-Baker,NC-ANALYTICS,Nexus Analytics,0,0.5683903139906147,1,High
SUB-00003722,CUST-001081,Humphrey-Baker,NC-COMPUTE,Nexus Compute,0,0.8376803645845674,1,Critical
SUB-00003723,CUST-001081,Humphrey-Baker,NC-SECURITY,Nexus Cloud Security,1,0.8457073875173374,1,Critical
SUB-00003724,CUST-001081,Humphrey-Baker,NC-INTEGRATION,Nexus Integration,1,0.8363335520612949,1,Critical
SUB-00003725,CUST-001082,"Washington, Lynch and Johnson",NC-CONTAINER,Nexus Container Platform,1,0.5139138605317821,1,High
SUB-00003726,CUST-001082,"Washington, Lynch and Johnson",NC-STORAGE,Nexus Storage,0,0.18742260609339864,0,Low
SUB-00003727,CUST-001082,"Washington, Lynch and Johnson",NC-SQL,Nexus SQL Database,1,0.807393507632962,1,Critical
SUB-00003728,CUST-001082,"Washington, Lynch and Johnson",NC-WAREHOUSE,Nexus Data Warehouse,1,0.8000075757832567,1,Critical
SUB-00003729,CUST-001082,"Washington, Lynch and Johnson",NC-ANALYTICS,Nexus Analytics,1,0.8081341681563358,1,Critical
SUB-00003730,CUST-001083,Powell-Montgomery,NC-CONTAINER,Nexus Container Platform,0,0.5341782450872435,1,High
SUB-00003731,CUST-001083,Powell-Montgomery,NC-AISEARCH,Nexus AI Search,1,0.21830517680639583,0,Low
SUB-00003732,CUST-001083,Powell-Montgomery,NC-SECURITY,Nexus Cloud Security,1,0.5558759509907502,1,High
SUB-00003733,CUST-001083,Powell-Montgomery,NC-SQL,Nexus SQL Database,0,0.5192874498957984,1,High
SUB-00003734,CUST-001083,Powell-Montgomery,NC-INTEGRATION,Nexus Integration,1,0.8368090318385882,1,Critical
SUB-00003735,CUST-001083,Powell-Montgomery,NC-STORAGE,Nexus Storage,1,0.8210262386234896,1,Critical
SUB-00003736,CUST-001084,"Steele, Williams and Preston",NC-CONTAINER,Nexus Container Platform,1,0.4959225900231213,0,Medium
SUB-00003737,CUST-001084,"Steele, Williams and Preston",NC-SECURITY,Nexus Cloud Security,1,0.5018908631055053,1,High
SUB-00003738,CUST-001084,"Steele, Williams and Preston",NC-SQL,Nexus SQL Database,1,0.5087253625627586,1,High
SUB-00003739,CUST-001084,"Steele, Williams and Preston",NC-STORAGE,Nexus Storage,1,0.5062789284455474,1,High
SUB-00003740,CUST-001084,"Steele, Williams and Preston",NC-ANALYTICS,Nexus Analytics,1,0.8213985612812192,1,Critical
SUB-00003741,CUST-001084,"Steele, Williams and Preston",NC-AISEARCH,Nexus AI Search,1,0.8243685323523544,1,Critical
SUB-00003742,CUST-001084,"Steele, Williams and Preston",NC-WAREHOUSE,Nexus Data Warehouse,1,0.20384995275889223,0,Low
SUB-00003743,CUST-001085,Vaughn-Williams,NC-CONTAINER,Nexus Container Platform,0,0.5776462612836183,1,High
SUB-00003744,CUST-001085,Vaughn-Williams,NC-WAREHOUSE,Nexus Data Warehouse,1,0.8409801731659269,1,Critical
SUB-00003745,CUST-001086,Mccall-Prince,NC-SECURITY,Nexus Cloud Security,1,0.8197059205640431,1,Critical
SUB-00003746,CUST-001086,Mccall-Prince,NC-SQL,Nexus SQL Database,0,0.5307302385064314,1,High
SUB-00003747,CUST-001086,Mccall-Prince,NC-ANALYTICS,Nexus Analytics,0,0.8135611605393083,1,Critical
SUB-00003748,CUST-001086,Mccall-Prince,NC-AISEARCH,Nexus AI Search,1,0.534155551240257,1,High
SUB-00003749,CUST-001087,Morgan LLC,NC-ANALYTICS,Nexus Analytics,1,0.8031331550281104,1,Critical
SUB-00003750,CUST-001087,Morgan LLC,NC-COMPUTE,Nexus Compute,1,0.7914621834631631,1,Critical
SUB-00003751,CUST-001087,Morgan LLC,NC-SECURITY,Nexus Cloud Security,1,0.48658333074452154,0,Medium
SUB-00003752,CUST-001088,Ramirez-Vasquez,NC-SECURITY,Nexus Cloud Security,1,0.8289428361257056,1,Critical
SUB-00003753,CUST-001088,Ramirez-Vasquez,NC-CONTAINER,Nexus Container Platform,0,0.8280312593610673,1,Critical
SUB-00003754,CUST-001088,Ramirez-Vasquez,NC-ANALYTICS,Nexus Analytics,0,0.5579402860703373,1,High
SUB-00003755,CUST-001088,Ramirez-Vasquez,NC-WAREHOUSE,Nexus Data Warehouse,1,0.239995654145036,0,Low
SUB-00003756,CUST-001088,Ramirez-Vasquez,NC-SQL,Nexus SQL Database,1,0.23948003411041108,0,Low
SUB-00003757,CUST-001088,Ramirez-Vasquez,NC-COMPUTE,Nexus Compute,0,0.224265106425058,0,Low
SUB-00003758,CUST-001088,Ramirez-Vasquez,NC-STORAGE,Nexus Storage,1,0.5446946615716185,1,High
SUB-00003759,CUST-001089,"Cohen, Compton and Perez",NC-SQL,Nexus SQL Database,0,0.5000813876150886,1,High
SUB-00003760,CUST-001089,"Cohen, Compton and Perez",NC-SECURITY,Nexus Cloud Security,0,0.19086853377905547,0,Low
SUB-00003761,CUST-001089,"Cohen, Compton and Perez",NC-WAREHOUSE,Nexus Data Warehouse,0,0.20671276396357657,0,Low
SUB-00003762,CUST-001090,Mccann-Ramos,NC-INTEGRATION,Nexus Integration,0,0.21893050280413584,0,Low
SUB-00003763,CUST-001090,Mccann-Ramos,NC-STORAGE,Nexus Storage,1,0.537131664797481,1,High
SUB-00003764,CUST-001090,Mccann-Ramos,NC-SQL,Nexus SQL Database,1,0.5413919569298404,1,High
SUB-00003765,CUST-001090,Mccann-Ramos,NC-WAREHOUSE,Nexus Data Warehouse,0,0.2054894270000427,0,Low
SUB-00003766,CUST-001090,Mccann-Ramos,NC-ANALYTICS,Nexus Analytics,1,0.8183261387622478,1,Critical
SUB-00003767,CUST-001091,Adams-Butler,NC-INTEGRATION,Nexus Integration,1,0.21556961224922283,0,Low
SUB-00003768,CUST-001091,Adams-Butler,NC-CONTAINER,Nexus Container Platform,0,0.18573985339382407,0,Low
SUB-00003769,CUST-001091,Adams-Butler,NC-COMPUTE,Nexus Compute,1,0.8146467611642146,1,Critical
SUB-00003770,CUST-001091,Adams-Butler,NC-STORAGE,Nexus Storage,1,0.4866263718969674,0,Medium
SUB-00003771,CUST-001091,Adams-Butler,NC-SQL,Nexus SQL Database,1,0.8055318039581038,1,Critical
SUB-00003772,CUST-001091,Adams-Butler,NC-WAREHOUSE,Nexus Data Warehouse,0,0.21682867238646136,0,Low
SUB-00003773,CUST-001091,Adams-Butler,NC-ANALYTICS,Nexus Analytics,0,0.24725116881998463,0,Low
SUB-00003774,CUST-001092,"Davis, Alexander and Mcintyre",NC-ANALYTICS,Nexus Analytics,1,0.8233311018538062,1,Critical
SUB-00003775,CUST-001092,"Davis, Alexander and Mcintyre",NC-SECURITY,Nexus Cloud Security,1,0.8208273878165013,1,Critical
SUB-00003776,CUST-001092,"Davis, Alexander and Mcintyre",NC-COMPUTE,Nexus Compute,1,0.8233888275502838,1,Critical
SUB-00003777,CUST-001092,"Davis, Alexander and Mcintyre",NC-WAREHOUSE,Nexus Data Warehouse,0,0.8167487679206316,1,Critical
SUB-00003778,CUST-001093,Figueroa-Malone,NC-COMPUTE,Nexus Compute,0,0.19087318368671516,0,Low
SUB-00003779,CUST-001093,Figueroa-Malone,NC-WAREHOUSE,Nexus Data Warehouse,0,0.8018039317447441,1,Critical
SUB-00003780,CUST-001093,Figueroa-Malone,NC-INTEGRATION,Nexus Integration,0,0.8077161840729054,1,Critical
SUB-00003781,CUST-001093,Figueroa-Malone,NC-SQL,Nexus SQL Database,0,0.5112126570918262,1,High
SUB-00003782,CUST-001093,Figueroa-Malone,NC-ANALYTICS,Nexus Analytics,1,0.18719859501125535,0,Low
SUB-00003783,CUST-001094,Nicholson-Robertson,NC-INTEGRATION,Nexus Integration,0,0.1991151146537243,0,Low
SUB-00003784,CUST-001094,Nicholson-Robertson,NC-SECURITY,Nexus Cloud Security,0,0.19719020237746174,0,Low
SUB-00003785,CUST-001094,Nicholson-Robertson,NC-CONTAINER,Nexus Container Platform,0,0.8120923255233561,1,Critical
SUB-00003786,CUST-001095,Jones Ltd,NC-WAREHOUSE,Nexus Data Warehouse,1,0.8181487673309182,1,Critical
SUB-00003787,CUST-001095,Jones Ltd,NC-SECURITY,Nexus Cloud Security,1,0.49319421751913817,0,Medium
SUB-00003788,CUST-001095,Jones Ltd,NC-SQL,Nexus SQL Database,1,0.5205487201337828,1,High
SUB-00003789,CUST-001096,"Powell, Deleon and Warren",NC-STORAGE,Nexus Storage,0,0.18207127914049148,0,Low
SUB-00003790,CUST-001096,"Powell, Deleon and Warren",NC-SQL,Nexus SQL Database,0,0.19832497639035684,0,Low
SUB-00003791,CUST-001096,"Powell, Deleon and Warren",NC-ANALYTICS,Nexus Analytics,0,0.19783965345042945,0,Low
SUB-00003792,CUST-001096,"Powell, Deleon and Warren",NC-CONTAINER,Nexus Container Platform,0,0.1854364937736974,0,Low
SUB-00003793,CUST-001096,"Powell, Deleon and Warren",NC-INTEGRATION,Nexus Integration,1,0.8066954329689837,1,Critical
SUB-00003794,CUST-001097,"Johnson, Lee and Whitaker",NC-ANALYTICS,Nexus Analytics,1,0.21688668983016812,0,Low
SUB-00003795,CUST-001097,"Johnson, Lee and Whitaker",NC-CONTAINER,Nexus Container Platform,0,0.22610617190847923,0,Low
SUB-00003796,CUST-001097,"Johnson, Lee and Whitaker",NC-SECURITY,Nexus Cloud Security,1,0.8213049448751732,1,Critical
SUB-00003797,CUST-001097,"Johnson, Lee and Whitaker",NC-WAREHOUSE,Nexus Data Warehouse,0,0.2129209894187338,0,Low
SUB-00003798,CUST-001098,Wright Group,NC-SQL,Nexus SQL Database,0,0.5140575353950972,1,High
SUB-00003799,CUST-001098,Wright Group,NC-ANALYTICS,Nexus Analytics,0,0.19041845993034012,0,Low
SUB-00003800,CUST-001098,Wright Group,NC-AIMODEL,Nexus AI Models,1,0.5349657414690062,1,High
SUB-00003801,CUST-001098,Wright Group,NC-AISEARCH,Nexus AI Search,1,0.5405066239493163,1,High
SUB-00003802,CUST-001098,Wright Group,NC-WAREHOUSE,Nexus Data Warehouse,0,0.2048331408642194,0,Low
SUB-00003803,CUST-001098,Wright Group,NC-STORAGE,Nexus Storage,1,0.8105132575421102,1,Critical
SUB-00003804,CUST-001098,Wright Group,NC-CONTAINER,Nexus Container Platform,1,0.1887146490370338,0,Low
SUB-00003805,CUST-001099,Hull Ltd,NC-WAREHOUSE,Nexus Data Warehouse,1,0.1939182050242108,0,Low
SUB-00003806,CUST-001099,Hull Ltd,NC-ANALYTICS,Nexus Analytics,1,0.8204233121375964,1,Critical
SUB-00003807,CUST-001099,Hull Ltd,NC-CONTAINER,Nexus Container Platform,1,0.5049849946848544,1,High
SUB-00003808,CUST-001099,Hull Ltd,NC-INTEGRATION,Nexus Integration,0,0.499618793687118,0,Medium
SUB-00003809,CUST-001099,Hull Ltd,NC-SQL,Nexus SQL Database,0,0.20819129047396534,0,Low
SUB-00003810,CUST-001100,Hill Group,NC-CONTAINER,Nexus Container Platform,1,0.8294805179787863,1,Critical
SUB-00003811,CUST-001100,Hill Group,NC-INTEGRATION,Nexus Integration,0,0.5453730849640254,1,High
SUB-00003812,CUST-001100,Hill Group,NC-COMPUTE,Nexus Compute,0,0.5591609925273399,1,High
SUB-00003813,CUST-001100,Hill Group,NC-ANALYTICS,Nexus Analytics,1,0.5619550982072903,1,High
SUB-00003814,CUST-001100,Hill Group,NC-SQL,Nexus SQL Database,0,0.5418531061764962,1,High
SUB-00003815,CUST-001101,"Sanders, Leblanc and Maldonado",NC-SQL,Nexus SQL Database,0,0.5176763905653499,1,High
SUB-00003816,CUST-001102,Watson PLC,NC-STORAGE,Nexus Storage,1,0.5065494655396666,1,High
SUB-00003817,CUST-001103,Thompson-Harrell,NC-WAREHOUSE,Nexus Data Warehouse,1,0.5283460654641825,1,High
SUB-00003818,CUST-001103,Thompson-Harrell,NC-ANALYTICS,Nexus Analytics,1,0.8229161999094997,1,Critical
SUB-00003819,CUST-001103,Thompson-Harrell,NC-INTEGRATION,Nexus Integration,0,0.19851009896079866,0,Low
SUB-00003820,CUST-001103,Thompson-Harrell,NC-SECURITY,Nexus Cloud Security,1,0.808569684951609,1,Critical
SUB-00003821,CUST-001104,"Arnold, Cooper and Monroe",NC-CONTAINER,Nexus Container Platform,1,0.8403031805641438,1,Critical
SUB-00003822,CUST-001104,"Arnold, Cooper and Monroe",NC-COMPUTE,Nexus Compute,1,0.22567267445914313,0,Low
SUB-00003823,CUST-001104,"Arnold, Cooper and Monroe",NC-WAREHOUSE,Nexus Data Warehouse,1,0.8343801645951702,1,Critical
SUB-00003824,CUST-001104,"Arnold, Cooper and Monroe",NC-SECURITY,Nexus Cloud Security,0,0.21769291319064948,0,Low
SUB-00003825,CUST-001104,"Arnold, Cooper and Monroe",NC-INTEGRATION,Nexus Integration,1,0.8341208354341539,1,Critical
SUB-00003826,CUST-001105,Curry-Barker,NC-WAREHOUSE,Nexus Data Warehouse,0,0.17190142102818728,0,Low
SUB-00003827,CUST-001105,Curry-Barker,NC-COMPUTE,Nexus Compute,0,0.18517335858154577,0,Low
SUB-00003828,CUST-001105,Curry-Barker,NC-SECURITY,Nexus Cloud Security,0,0.46530080301812726,0,Medium
SUB-00003829,CUST-001105,Curry-Barker,NC-INTEGRATION,Nexus Integration,1,0.8039103767153393,1,Critical
SUB-00003830,CUST-001105,Curry-Barker,NC-SQL,Nexus SQL Database,1,0.46893138421393094,0,Medium
SUB-00003831,CUST-001105,Curry-Barker,NC-ANALYTICS,Nexus Analytics,1,0.8019320452021578,1,Critical
SUB-00003832,CUST-001105,Curry-Barker,NC-STORAGE,Nexus Storage,1,0.4613375675342981,0,Medium
SUB-00003833,CUST-001106,Johnson-Williams,NC-STORAGE,Nexus Storage,1,0.47034610972256957,0,Medium
SUB-00003834,CUST-001106,Johnson-Williams,NC-SQL,Nexus SQL Database,1,0.4808164658932878,0,Medium
SUB-00003835,CUST-001106,Johnson-Williams,NC-COMPUTE,Nexus Compute,1,0.7870104572404251,1,Critical
SUB-00003836,CUST-001107,"Chan, Lewis and Walker",NC-WAREHOUSE,Nexus Data Warehouse,1,0.8086616442582693,1,Critical
SUB-00003837,CUST-001107,"Chan, Lewis and Walker",NC-INTEGRATION,Nexus Integration,0,0.18727757196406436,0,Low
SUB-00003838,CUST-001107,"Chan, Lewis and Walker",NC-SECURITY,Nexus Cloud Security,0,0.49809592018889753,0,Medium
SUB-00003839,CUST-001107,"Chan, Lewis and Walker",NC-COMPUTE,Nexus Compute,0,0.4825660891924762,0,Medium
SUB-00003840,CUST-001107,"Chan, Lewis and Walker",NC-STORAGE,Nexus Storage,1,0.8081975195278007,1,Critical
SUB-00003841,CUST-001108,Byrd LLC,NC-ANALYTICS,Nexus Analytics,1,0.5634686711214016,1,High
SUB-00003842,CUST-001108,Byrd LLC,NC-CONTAINER,Nexus Container Platform,1,0.5491786465280385,1,High
SUB-00003843,CUST-001108,Byrd LLC,NC-STORAGE,Nexus Storage,1,0.5439982157815384,1,High
SUB-00003844,CUST-001109,"Ortiz, Smith and Deleon",NC-CONTAINER,Nexus Container Platform,0,0.5035870958129679,1,High
SUB-00003845,CUST-001109,"Ortiz, Smith and Deleon",NC-INTEGRATION,Nexus Integration,1,0.4957919173188615,0,Medium
SUB-00003846,CUST-001110,"Smith, Buck and Holland",NC-ANALYTICS,Nexus Analytics,0,0.21339641653413952,0,Low
SUB-00003847,CUST-001110,"Smith, Buck and Holland",NC-INTEGRATION,Nexus Integration,0,0.23198384213799683,0,Low
SUB-00003848,CUST-001110,"Smith, Buck and Holland",NC-SECURITY,Nexus Cloud Security,1,0.8232212261748584,1,Critical
SUB-00003849,CUST-001111,"Owen, Walker and Franklin",NC-STORAGE,Nexus Storage,0,0.18610779817198267,0,Low
SUB-00003850,CUST-001111,"Owen, Walker and Franklin",NC-CONTAINER,Nexus Container Platform,0,0.19838598233207688,0,Low
SUB-00003851,CUST-001112,Marquez-Fletcher,NC-SECURITY,Nexus Cloud Security,1,0.8187019328407269,1,Critical
SUB-00003852,CUST-001112,Marquez-Fletcher,NC-INTEGRATION,Nexus Integration,1,0.5051433769203326,1,High
SUB-00003853,CUST-001113,Coleman-Bennett,NC-SQL,Nexus SQL Database,0,0.1683948575837605,0,Low
SUB-00003854,CUST-001113,Coleman-Bennett,NC-STORAGE,Nexus Storage,0,0.1690292007928232,0,Low
SUB-00003855,CUST-001113,Coleman-Bennett,NC-WAREHOUSE,Nexus Data Warehouse,1,0.7879698298395581,1,Critical
SUB-00003856,CUST-001113,Coleman-Bennett,NC-ANALYTICS,Nexus Analytics,1,0.8043922546195151,1,Critical
SUB-00003857,CUST-001113,Coleman-Bennett,NC-SECURITY,Nexus Cloud Security,0,0.47185229594316314,0,Medium
SUB-00003858,CUST-001113,Coleman-Bennett,NC-COMPUTE,Nexus Compute,0,0.4887300498216865,0,Medium
SUB-00003859,CUST-001113,Coleman-Bennett,NC-CONTAINER,Nexus Container Platform,1,0.4610238019248654,0,Medium
SUB-00003860,CUST-001114,Stevens-Robinson,NC-SQL,Nexus SQL Database,0,0.1922416385162705,0,Low
SUB-00003861,CUST-001114,Stevens-Robinson,NC-ANALYTICS,Nexus Analytics,1,0.5175774406516473,1,High
SUB-00003862,CUST-001115,Byrd-Holloway,NC-CONTAINER,Nexus Container Platform,0,0.8103063805204759,1,Critical
SUB-00003863,CUST-001115,Byrd-Holloway,NC-STORAGE,Nexus Storage,0,0.5074489047195471,1,High
SUB-00003864,CUST-001115,Byrd-Holloway,NC-SECURITY,Nexus Cloud Security,0,0.5022901419042249,1,High
SUB-00003865,CUST-001115,Byrd-Holloway,NC-COMPUTE,Nexus Compute,0,0.19854774303700684,0,Low
SUB-00003866,CUST-001116,Silva-Smith,NC-WAREHOUSE,Nexus Data Warehouse,1,0.8229996862334961,1,Critical
SUB-00003867,CUST-001116,Silva-Smith,NC-CONTAINER,Nexus Container Platform,0,0.5326181814154309,1,High
SUB-00003868,CUST-001116,Silva-Smith,NC-ANALYTICS,Nexus Analytics,0,0.20579159467203437,0,Low
SUB-00003869,CUST-001117,"Levy, Franco and Hoffman",NC-STORAGE,Nexus Storage,1,0.23755590158193476,0,Low
SUB-00003870,CUST-001117,"Levy, Franco and Hoffman",NC-SECURITY,Nexus Cloud Security,1,0.5364999576739924,1,High
SUB-00003871,CUST-001117,"Levy, Franco and Hoffman",NC-ANALYTICS,Nexus Analytics,0,0.23083384517418093,0,Low
SUB-00003872,CUST-001117,"Levy, Franco and Hoffman",NC-SQL,Nexus SQL Database,1,0.841666999186632,1,Critical
SUB-00003873,CUST-001117,"Levy, Franco and Hoffman",NC-COMPUTE,Nexus Compute,0,0.27377479173599006,0,Medium
SUB-00003874,CUST-001117,"Levy, Franco and Hoffman",NC-AISEARCH,Nexus AI Search,0,0.8700492543719628,1,Critical
SUB-00003875,CUST-001118,"Lynch, Evans and Rodriguez",NC-WAREHOUSE,Nexus Data Warehouse,1,0.8015081638365189,1,Critical
SUB-00003876,CUST-001118,"Lynch, Evans and Rodriguez",NC-SECURITY,Nexus Cloud Security,1,0.7924038037156873,1,Critical
SUB-00003877,CUST-001118,"Lynch, Evans and Rodriguez",NC-AISEARCH,Nexus AI Search,0,0.19615155085755673,0,Low
SUB-00003878,CUST-001119,Rogers LLC,NC-SECURITY,Nexus Cloud Security,0,0.17671921276455374,0,Low
SUB-00003879,CUST-001119,Rogers LLC,NC-ANALYTICS,Nexus Analytics,1,0.7918843590366088,1,Critical
SUB-00003880,CUST-001120,"Nguyen, Hill and Douglas",NC-COMPUTE,Nexus Compute,1,0.4993725246228088,0,Medium
SUB-00003881,CUST-001120,"Nguyen, Hill and Douglas",NC-ANALYTICS,Nexus Analytics,1,0.8060477073070225,1,Critical
SUB-00003882,CUST-001120,"Nguyen, Hill and Douglas",NC-WAREHOUSE,Nexus Data Warehouse,0,0.5076454522937509,1,High
SUB-00003883,CUST-001120,"Nguyen, Hill and Douglas",NC-SECURITY,Nexus Cloud Security,0,0.8082038210392828,1,Critical
SUB-00003884,CUST-001120,"Nguyen, Hill and Douglas",NC-STORAGE,Nexus Storage,0,0.5175793959955711,1,High
SUB-00003885,CUST-001121,"Evans, Hernandez and Cannon",NC-CONTAINER,Nexus Container Platform,1,0.5512131899056444,1,High
SUB-00003886,CUST-001121,"Evans, Hernandez and Cannon",NC-STORAGE,Nexus Storage,0,0.22881530395660968,0,Low
SUB-00003887,CUST-001121,"Evans, Hernandez and Cannon",NC-SQL,Nexus SQL Database,1,0.24083197817573562,0,Low
SUB-00003888,CUST-001122,Trujillo PLC,NC-STORAGE,Nexus Storage,1,0.8324008150798079,1,Critical
SUB-00003889,CUST-001123,Guerrero-Becker,NC-WAREHOUSE,Nexus Data Warehouse,1,0.19730151176216448,0,Low
SUB-00003890,CUST-001123,Guerrero-Becker,NC-ANALYTICS,Nexus Analytics,0,0.5035832310397353,1,High
SUB-00003891,CUST-001123,Guerrero-Becker,NC-INTEGRATION,Nexus Integration,1,0.8086145222244184,1,Critical
SUB-00003892,CUST-001124,"Johnson, Jimenez and Phillips",NC-SQL,Nexus SQL Database,1,0.5199912314113267,1,High
SUB-00003893,CUST-001125,Sullivan-Doyle,NC-WAREHOUSE,Nexus Data Warehouse,0,0.18016596841537247,0,Low
SUB-00003894,CUST-001126,"Erickson, Armstrong and Lee",NC-SECURITY,Nexus Cloud Security,1,0.5627524743472904,1,High
SUB-00003895,CUST-001127,"Reeves, Parks and Little",NC-SECURITY,Nexus Cloud Security,1,0.8248486555096808,1,Critical
SUB-00003896,CUST-001127,"Reeves, Parks and Little",NC-CONTAINER,Nexus Container Platform,1,0.8165456551057396,1,Critical
SUB-00003897,CUST-001127,"Reeves, Parks and Little",NC-AIMODEL,Nexus AI Models,0,0.2242414363644579,0,Low
SUB-00003898,CUST-001127,"Reeves, Parks and Little",NC-STORAGE,Nexus Storage,0,0.20440208076269265,0,Low
SUB-00003899,CUST-001128,Knox-Powers,NC-INTEGRATION,Nexus Integration,1,0.48381882294850936,0,Medium
SUB-00003900,CUST-001128,Knox-Powers,NC-SECURITY,Nexus Cloud Security,0,0.17151468272506526,0,Low
SUB-00003901,CUST-001129,"Evans, Jackson and Sandoval",NC-CONTAINER,Nexus Container Platform,1,0.5520950683389038,1,High
SUB-00003902,CUST-001129,"Evans, Jackson and Sandoval",NC-AISEARCH,Nexus AI Search,1,0.2526931759385926,0,Medium
SUB-00003903,CUST-001129,"Evans, Jackson and Sandoval",NC-SQL,Nexus SQL Database,1,0.8498611728485924,1,Critical
SUB-00003904,CUST-001130,"White, Davis and Anderson",NC-ANALYTICS,Nexus Analytics,1,0.8307331214866912,1,Critical
SUB-00003905,CUST-001130,"White, Davis and Anderson",NC-COMPUTE,Nexus Compute,1,0.8329697276608098,1,Critical
SUB-00003906,CUST-001130,"White, Davis and Anderson",NC-STORAGE,Nexus Storage,1,0.8294687348476264,1,Critical
SUB-00003907,CUST-001131,Hardy-Hansen,NC-CONTAINER,Nexus Container Platform,1,0.5243980958606808,1,High
SUB-00003908,CUST-001131,Hardy-Hansen,NC-SECURITY,Nexus Cloud Security,0,0.8112701446576601,1,Critical
SUB-00003909,CUST-001132,Arroyo LLC,NC-COMPUTE,Nexus Compute,1,0.8344237522263341,1,Critical
SUB-00003910,CUST-001132,Arroyo LLC,NC-ANALYTICS,Nexus Analytics,0,0.5498932272565548,1,High
SUB-00003911,CUST-001132,Arroyo LLC,NC-CONTAINER,Nexus Container Platform,0,0.5313801436760521,1,High
SUB-00003912,CUST-001132,Arroyo LLC,NC-SECURITY,Nexus Cloud Security,1,0.8198584546051272,1,Critical
SUB-00003913,CUST-001133,"Davis, Kelly and Garner",NC-STORAGE,Nexus Storage,1,0.786887585998787,1,Critical
SUB-00003914,CUST-001133,"Davis, Kelly and Garner",NC-CONTAINER,Nexus Container Platform,0,0.1884206223014023,0,Low
SUB-00003915,CUST-001134,Fisher-Eaton,NC-INTEGRATION,Nexus Integration,1,0.5245382352755005,1,High
SUB-00003916,CUST-001135,Green-Carter,NC-CONTAINER,Nexus Container Platform,1,0.548089805561545,1,High
SUB-00003917,CUST-001135,Green-Carter,NC-SQL,Nexus SQL Database,0,0.5577974576996563,1,High
SUB-00003918,CUST-001136,Ruiz Ltd,NC-ANALYTICS,Nexus Analytics,0,0.2144556411994269,0,Low
SUB-00003919,CUST-001137,"Carpenter, Oliver and Kennedy",NC-CONTAINER,Nexus Container Platform,0,0.21174331182196743,0,Low
SUB-00003920,CUST-001137,"Carpenter, Oliver and Kennedy",NC-WAREHOUSE,Nexus Data Warehouse,1,0.824010287307152,1,Critical
SUB-00003921,CUST-001137,"Carpenter, Oliver and Kennedy",NC-SQL,Nexus SQL Database,0,0.2180878865828353,0,Low
SUB-00003922,CUST-001138,Mason Ltd,NC-CONTAINER,Nexus Container Platform,0,0.21142535967962997,0,Low
SUB-00003923,CUST-001138,Mason Ltd,NC-INTEGRATION,Nexus Integration,1,0.8224266621139501,1,Critical
SUB-00003924,CUST-001139,Moreno-Gutierrez,NC-COMPUTE,Nexus Compute,1,0.44916332958942085,0,Medium
SUB-00003925,CUST-001139,Moreno-Gutierrez,NC-WAREHOUSE,Nexus Data Warehouse,1,0.5553696574554177,1,High
SUB-00003926,CUST-001139,Moreno-Gutierrez,NC-ANALYTICS,Nexus Analytics,1,0.5425383065747297,1,High
SUB-00003927,CUST-001139,Moreno-Gutierrez,NC-INTEGRATION,Nexus Integration,1,0.19021534779514723,0,Low
SUB-00003928,CUST-001139,Moreno-Gutierrez,NC-SECURITY,Nexus Cloud Security,0,0.2392952253157993,0,Low
SUB-00003929,CUST-001140,Taylor and Sons,NC-SQL,Nexus SQL Database,1,0.8249721710835355,1,Critical
SUB-00003930,CUST-001140,Taylor and Sons,NC-COMPUTE,Nexus Compute,0,0.5330951308267602,1,High
SUB-00003931,CUST-001140,Taylor and Sons,NC-STORAGE,Nexus Storage,0,0.2247626390669201,0,Low
SUB-00003932,CUST-001140,Taylor and Sons,NC-CONTAINER,Nexus Container Platform,1,0.8222603825825505,1,Critical
SUB-00003933,CUST-001140,Taylor and Sons,NC-INTEGRATION,Nexus Integration,1,0.8330133682490778,1,Critical
SUB-00003934,CUST-001141,Ortiz-Hudson,NC-COMPUTE,Nexus Compute,1,0.5155902390330489,1,High
SUB-00003935,CUST-001141,Ortiz-Hudson,NC-WAREHOUSE,Nexus Data Warehouse,1,0.821870743344462,1,Critical
SUB-00003936,CUST-001141,Ortiz-Hudson,NC-ANALYTICS,Nexus Analytics,0,0.20590326821067728,0,Low
SUB-00003937,CUST-001142,Thomas-Huffman,NC-AIMODEL,Nexus AI Models,1,0.8425345700387767,1,Critical
SUB-00003938,CUST-001142,Thomas-Huffman,NC-AISEARCH,Nexus AI Search,0,0.48903057139037176,0,Medium
SUB-00003939,CUST-001142,Thomas-Huffman,NC-COMPUTE,Nexus Compute,1,0.845220335685043,1,Critical
SUB-00003940,CUST-001142,Thomas-Huffman,NC-CONTAINER,Nexus Container Platform,1,0.5058581944659679,1,High
SUB-00003941,CUST-001142,Thomas-Huffman,NC-INTEGRATION,Nexus Integration,1,0.8113032572003631,1,Critical
SUB-00003942,CUST-001142,Thomas-Huffman,NC-ANALYTICS,Nexus Analytics,0,0.5696645814722037,1,High
SUB-00003943,CUST-001143,Maxwell Group,NC-SECURITY,Nexus Cloud Security,0,0.8145870934247468,1,Critical
SUB-00003944,CUST-001143,Maxwell Group,NC-INTEGRATION,Nexus Integration,0,0.20445376700406692,0,Low
SUB-00003945,CUST-001143,Maxwell Group,NC-STORAGE,Nexus Storage,0,0.516182986147188,1,High
SUB-00003946,CUST-001144,Welch-Thompson,NC-CONTAINER,Nexus Container Platform,1,0.5245013157084506,1,High
SUB-00003947,CUST-001145,"Brown, Hayes and Clark",NC-ANALYTICS,Nexus Analytics,0,0.5195436957466919,1,High
SUB-00003948,CUST-001145,"Brown, Hayes and Clark",NC-WAREHOUSE,Nexus Data Warehouse,1,0.5199079251081441,1,High
SUB-00003949,CUST-001145,"Brown, Hayes and Clark",NC-STORAGE,Nexus Storage,1,0.2047914373702212,0,Low
SUB-00003950,CUST-001146,Johnston and Sons,NC-STORAGE,Nexus Storage,1,0.8287087060144627,1,Critical
SUB-00003951,CUST-001146,Johnston and Sons,NC-COMPUTE,Nexus Compute,1,0.828950725360854,1,Critical
SUB-00003952,CUST-001146,Johnston and Sons,NC-SQL,Nexus SQL Database,1,0.23749262515597422,0,Low
SUB-00003953,CUST-001146,Johnston and Sons,NC-AIMODEL,Nexus AI Models,0,0.8458100537742764,1,Critical
SUB-00003954,CUST-001146,Johnston and Sons,NC-ANALYTICS,Nexus Analytics,1,0.8303696129418825,1,Critical
SUB-00003955,CUST-001147,Glover-Chan,NC-CONTAINER,Nexus Container Platform,1,0.5350687962015991,1,High
SUB-00003956,CUST-001147,Glover-Chan,NC-WAREHOUSE,Nexus Data Warehouse,0,0.5259332572439577,1,High
SUB-00003957,CUST-001148,Mendez Ltd,NC-INTEGRATION,Nexus Integration,1,0.8085957412234157,1,Critical
SUB-00003958,CUST-001148,Mendez Ltd,NC-STORAGE,Nexus Storage,1,0.4776301143221498,0,Medium
SUB-00003959,CUST-001148,Mendez Ltd,NC-COMPUTE,Nexus Compute,1,0.8035662068403818,1,Critical
SUB-00003960,CUST-001149,Powell-Sanford,NC-CONTAINER,Nexus Container Platform,0,0.23421488514149763,0,Low
SUB-00003961,CUST-001149,Powell-Sanford,NC-WAREHOUSE,Nexus Data Warehouse,1,0.5497805962067196,1,High
SUB-00003962,CUST-001149,Powell-Sanford,NC-STORAGE,Nexus Storage,1,0.537571716163333,1,High
SUB-00003963,CUST-001149,Powell-Sanford,NC-SECURITY,Nexus Cloud Security,1,0.8393549352014307,1,Critical
SUB-00003964,CUST-001149,Powell-Sanford,NC-SQL,Nexus SQL Database,1,0.8421245139099124,1,Critical
SUB-00003965,CUST-001150,Smith-Ferguson,NC-ANALYTICS,Nexus Analytics,1,0.8518670275413408,1,Critical
SUB-00003966,CUST-001150,Smith-Ferguson,NC-WAREHOUSE,Nexus Data Warehouse,1,0.8413803874044392,1,Critical
SUB-00003967,CUST-001151,"Watson, Smith and Morris",NC-WAREHOUSE,Nexus Data Warehouse,1,0.2034375931154166,0,Low
SUB-00003968,CUST-001151,"Watson, Smith and Morris",NC-STORAGE,Nexus Storage,1,0.5103568796921422,1,High
SUB-00003969,CUST-001151,"Watson, Smith and Morris",NC-SECURITY,Nexus Cloud Security,0,0.24511669517448903,0,Low
SUB-00003970,CUST-001151,"Watson, Smith and Morris",NC-ANALYTICS,Nexus Analytics,1,0.8455864211420645,1,Critical
SUB-00003971,CUST-001151,"Watson, Smith and Morris",NC-INTEGRATION,Nexus Integration,0,0.2435595234680351,0,Low
SUB-00003972,CUST-001151,"Watson, Smith and Morris",NC-CONTAINER,Nexus Container Platform,1,0.8046148201168076,1,Critical
SUB-00003973,CUST-001151,"Watson, Smith and Morris",NC-COMPUTE,Nexus Compute,1,0.8231195562256682,1,Critical
SUB-00003974,CUST-001151,"Watson, Smith and Morris",NC-SQL,Nexus SQL Database,1,0.8634717505827251,1,Critical
SUB-00003975,CUST-001152,"Lee, Rhodes and Sims",NC-AIMODEL,Nexus AI Models,1,0.5210398723866703,1,High
SUB-00003976,CUST-001153,Perez LLC,NC-STORAGE,Nexus Storage,0,0.4954258257223988,0,Medium
SUB-00003977,CUST-001153,Perez LLC,NC-INTEGRATION,Nexus Integration,1,0.2142118804587119,0,Low
SUB-00003978,CUST-001153,Perez LLC,NC-SECURITY,Nexus Cloud Security,0,0.19436811540204166,0,Low
SUB-00003979,CUST-001153,Perez LLC,NC-AIMODEL,Nexus AI Models,1,0.196413169853297,0,Low
SUB-00003980,CUST-001154,Anderson-Reyes,NC-STORAGE,Nexus Storage,0,0.18278690669326766,0,Low
SUB-00003981,CUST-001154,Anderson-Reyes,NC-SECURITY,Nexus Cloud Security,1,0.4787432840808174,0,Medium
SUB-00003982,CUST-001154,Anderson-Reyes,NC-ANALYTICS,Nexus Analytics,1,0.7950043071586332,1,Critical
SUB-00003983,CUST-001154,Anderson-Reyes,NC-CONTAINER,Nexus Container Platform,1,0.7869731679996765,1,Critical
SUB-00003984,CUST-001154,Anderson-Reyes,NC-COMPUTE,Nexus Compute,0,0.16555274281091353,0,Low
SUB-00003985,CUST-001155,"Torres, Brown and Williams",NC-WAREHOUSE,Nexus Data Warehouse,1,0.2004949372929422,0,Low
SUB-00003986,CUST-001156,Bryant-Meyer,NC-STORAGE,Nexus Storage,0,0.22000210585992477,0,Low
SUB-00003987,CUST-001156,Bryant-Meyer,NC-SECURITY,Nexus Cloud Security,1,0.8194751745050994,1,Critical
SUB-00003988,CUST-001156,Bryant-Meyer,NC-AIMODEL,Nexus AI Models,0,0.22047031594225552,0,Low
SUB-00003989,CUST-001157,"Morgan, Barron and Cowan",NC-AISEARCH,Nexus AI Search,0,0.22355893303926347,0,Low
SUB-00003990,CUST-001157,"Morgan, Barron and Cowan",NC-INTEGRATION,Nexus Integration,0,0.8137218180422237,1,Critical
SUB-00003991,CUST-001158,Ferrell-Henry,NC-WAREHOUSE,Nexus Data Warehouse,1,0.8152084549061648,1,Critical
SUB-00003992,CUST-001158,Ferrell-Henry,NC-SECURITY,Nexus Cloud Security,1,0.8133552722405506,1,Critical
SUB-00003993,CUST-001158,Ferrell-Henry,NC-SQL,Nexus SQL Database,0,0.5278790543474453,1,High
SUB-00003994,CUST-001158,Ferrell-Henry,NC-COMPUTE,Nexus Compute,1,0.8226706347306612,1,Critical
SUB-00003995,CUST-001159,Martin Group,NC-INTEGRATION,Nexus Integration,0,0.22832447127502606,0,Low
SUB-00003996,CUST-001160,Perez Ltd,NC-CONTAINER,Nexus Container Platform,0,0.23198189708132258,0,Low
SUB-00003997,CUST-001160,Perez Ltd,NC-SQL,Nexus SQL Database,0,0.5435791841232455,1,High
SUB-00003998,CUST-001161,Clark Inc,NC-WAREHOUSE,Nexus Data Warehouse,0,0.2096501559896003,0,Low
SUB-00003999,CUST-001161,Clark Inc,NC-CONTAINER,Nexus Container Platform,1,0.21405100703999114,0,Low
SUB-00004000,CUST-001161,Clark Inc,NC-STORAGE,Nexus Storage,1,0.1983292960721563,0,Low
SUB-00004001,CUST-001161,Clark Inc,NC-COMPUTE,Nexus Compute,1,0.8142746181456479,1,Critical
SUB-00004002,CUST-001162,"Wagner, Martinez and Dawson",NC-SQL,Nexus SQL Database,1,0.800687050624057,1,Critical
SUB-00004003,CUST-001162,"Wagner, Martinez and Dawson",NC-SECURITY,Nexus Cloud Security,0,0.18080756273255788,0,Low
SUB-00004004,CUST-001163,Brooks Ltd,NC-CONTAINER,Nexus Container Platform,0,0.1898149220115212,0,Low
SUB-00004005,CUST-001163,Brooks Ltd,NC-STORAGE,Nexus Storage,1,0.8101443126083813,1,Critical
SUB-00004006,CUST-001164,Wise-Dean,NC-COMPUTE,Nexus Compute,0,0.19894752518521625,0,Low
SUB-00004007,CUST-001164,Wise-Dean,NC-SECURITY,Nexus Cloud Security,0,0.18913661700549633,0,Low
SUB-00004008,CUST-001164,Wise-Dean,NC-WAREHOUSE,Nexus Data Warehouse,1,0.5203455185333821,1,High
SUB-00004009,CUST-001164,Wise-Dean,NC-AIMODEL,Nexus AI Models,1,0.532975887784483,1,High
SUB-00004010,CUST-001164,Wise-Dean,NC-AISEARCH,Nexus AI Search,0,0.5371038601412592,1,High
SUB-00004011,CUST-001164,Wise-Dean,NC-SQL,Nexus SQL Database,1,0.1939753013046344,0,Low
SUB-00004012,CUST-001165,"Vang, Stanley and Valdez",NC-CONTAINER,Nexus Container Platform,0,0.5574225120996719,1,High
SUB-00004013,CUST-001165,"Vang, Stanley and Valdez",NC-COMPUTE,Nexus Compute,1,0.5787682983916635,1,High
SUB-00004014,CUST-001165,"Vang, Stanley and Valdez",NC-SECURITY,Nexus Cloud Security,1,0.5587707628247695,1,High
SUB-00004015,CUST-001166,Williams Inc,NC-COMPUTE,Nexus Compute,0,0.24953413006998487,0,Low
SUB-00004016,CUST-001166,Williams Inc,NC-STORAGE,Nexus Storage,1,0.8507104580032511,1,Critical
SUB-00004017,CUST-001166,Williams Inc,NC-INTEGRATION,Nexus Integration,1,0.8501004294760588,1,Critical
SUB-00004018,CUST-001166,Williams Inc,NC-WAREHOUSE,Nexus Data Warehouse,0,0.8518666143706788,1,Critical
SUB-00004019,CUST-001166,Williams Inc,NC-CONTAINER,Nexus Container Platform,1,0.23625696520197853,0,Low
SUB-00004020,CUST-001167,Wallace-Martinez,NC-CONTAINER,Nexus Container Platform,1,0.538938689422775,1,High
SUB-00004021,CUST-001167,Wallace-Martinez,NC-SQL,Nexus SQL Database,0,0.5425822916924595,1,High
SUB-00004022,CUST-001168,Wells-Hernandez,NC-WAREHOUSE,Nexus Data Warehouse,1,0.836030833795593,1,Critical
SUB-00004023,CUST-001168,Wells-Hernandez,NC-SECURITY,Nexus Cloud Security,1,0.8206138407729064,1,Critical
SUB-00004024,CUST-001168,Wells-Hernandez,NC-STORAGE,Nexus Storage,0,0.5342058740620876,1,High
SUB-00004025,CUST-001169,"Jennings, Smith and Fisher",NC-WAREHOUSE,Nexus Data Warehouse,1,0.2520282143655078,0,Medium
SUB-00004026,CUST-001169,"Jennings, Smith and Fisher",NC-ANALYTICS,Nexus Analytics,0,0.5826258879307772,1,High
SUB-00004027,CUST-001169,"Jennings, Smith and Fisher",NC-STORAGE,Nexus Storage,0,0.5773135289391963,1,High
SUB-00004028,CUST-001169,"Jennings, Smith and Fisher",NC-SECURITY,Nexus Cloud Security,0,0.5600037163319337,1,High
SUB-00004029,CUST-001169,"Jennings, Smith and Fisher",NC-COMPUTE,Nexus Compute,1,0.25036011565957655,0,Medium
SUB-00004030,CUST-001170,Bates LLC,NC-WAREHOUSE,Nexus Data Warehouse,0,0.1879094316979206,0,Low
SUB-00004031,CUST-001170,Bates LLC,NC-COMPUTE,Nexus Compute,0,0.1898176823608373,0,Low
SUB-00004032,CUST-001171,"Obrien, Taylor and Rivas",NC-WAREHOUSE,Nexus Data Warehouse,0,0.5714438052784865,1,High
SUB-00004033,CUST-001171,"Obrien, Taylor and Rivas",NC-INTEGRATION,Nexus Integration,0,0.5681022650665415,1,High
SUB-00004034,CUST-001172,Hunt PLC,NC-SECURITY,Nexus Cloud Security,1,0.23131080660667927,0,Low
SUB-00004035,CUST-001172,Hunt PLC,NC-COMPUTE,Nexus Compute,1,0.26818866051567486,0,Medium
SUB-00004036,CUST-001172,Hunt PLC,NC-AISEARCH,Nexus AI Search,1,0.830557990807955,1,Critical
SUB-00004037,CUST-001172,Hunt PLC,NC-STORAGE,Nexus Storage,1,0.6023894537899154,1,High
SUB-00004038,CUST-001172,Hunt PLC,NC-INTEGRATION,Nexus Integration,1,0.5581797162730089,1,High
SUB-00004039,CUST-001172,Hunt PLC,NC-AIMODEL,Nexus AI Models,1,0.8499313380162796,1,Critical
SUB-00004040,CUST-001173,Campbell Inc,NC-WAREHOUSE,Nexus Data Warehouse,1,0.18152439544991483,0,Low
SUB-00004041,CUST-001173,Campbell Inc,NC-COMPUTE,Nexus Compute,1,0.8081003295055078,1,Critical
SUB-00004042,CUST-001173,Campbell Inc,NC-AIMODEL,Nexus AI Models,1,0.5113348618530119,1,High
SUB-00004043,CUST-001173,Campbell Inc,NC-SQL,Nexus SQL Database,1,0.48583338877854987,0,Medium
SUB-00004044,CUST-001173,Campbell Inc,NC-STORAGE,Nexus Storage,0,0.7997068945655446,1,Critical
SUB-00004045,CUST-001173,Campbell Inc,NC-CONTAINER,Nexus Container Platform,1,0.7871040675644815,1,Critical
SUB-00004046,CUST-001173,Campbell Inc,NC-AISEARCH,Nexus AI Search,0,0.5125372648023255,1,High
SUB-00004047,CUST-001174,Gonzalez-Gonzalez,NC-SQL,Nexus SQL Database,0,0.24009385194023003,0,Low
SUB-00004048,CUST-001174,Gonzalez-Gonzalez,NC-INTEGRATION,Nexus Integration,1,0.8432565695684583,1,Critical
SUB-00004049,CUST-001174,Gonzalez-Gonzalez,NC-AIMODEL,Nexus AI Models,0,0.2684796534592824,0,Medium
SUB-00004050,CUST-001174,Gonzalez-Gonzalez,NC-SECURITY,Nexus Cloud Security,0,0.22884406777268218,0,Low
SUB-00004051,CUST-001175,Decker-Dudley,NC-CONTAINER,Nexus Container Platform,0,0.18340633407334608,0,Low
SUB-00004052,CUST-001175,Decker-Dudley,NC-SECURITY,Nexus Cloud Security,0,0.19452014271913284,0,Low
SUB-00004053,CUST-001175,Decker-Dudley,NC-SQL,Nexus SQL Database,1,0.7980128148872705,1,Critical
SUB-00004054,CUST-001175,Decker-Dudley,NC-COMPUTE,Nexus Compute,0,0.18440592136099165,0,Low
SUB-00004055,CUST-001175,Decker-Dudley,NC-STORAGE,Nexus Storage,1,0.5017755290424206,1,High
SUB-00004056,CUST-001176,Warner-Phillips,NC-COMPUTE,Nexus Compute,0,0.47563757934072354,0,Medium
SUB-00004057,CUST-001176,Warner-Phillips,NC-ANALYTICS,Nexus Analytics,0,0.8146360555735641,1,Critical
SUB-00004058,CUST-001176,Warner-Phillips,NC-SQL,Nexus SQL Database,0,0.1952877331642242,0,Low
SUB-00004059,CUST-001176,Warner-Phillips,NC-CONTAINER,Nexus Container Platform,0,0.48828169363227164,0,Medium
SUB-00004060,CUST-001176,Warner-Phillips,NC-SECURITY,Nexus Cloud Security,0,0.1916966865149746,0,Low
SUB-00004061,CUST-001176,Warner-Phillips,NC-AISEARCH,Nexus AI Search,0,0.5056510108769027,1,High
SUB-00004062,CUST-001177,Kelley and Sons,NC-INTEGRATION,Nexus Integration,1,0.20957804913943193,0,Low
SUB-00004063,CUST-001177,Kelley and Sons,NC-SQL,Nexus SQL Database,1,0.5143242501452423,1,High
SUB-00004064,CUST-001177,Kelley and Sons,NC-COMPUTE,Nexus Compute,0,0.19651565140091334,0,Low
SUB-00004065,CUST-001178,"Fitzpatrick, Rivera and Smith",NC-INTEGRATION,Nexus Integration,0,0.5057633576378421,1,High
SUB-00004066,CUST-001178,"Fitzpatrick, Rivera and Smith",NC-CONTAINER,Nexus Container Platform,0,0.8099727240548487,1,Critical
SUB-00004067,CUST-001179,"Davis, Rodriguez and Andrews",NC-CONTAINER,Nexus Container Platform,0,0.4770954341897767,0,Medium
SUB-00004068,CUST-001179,"Davis, Rodriguez and Andrews",NC-STORAGE,Nexus Storage,0,0.4660904169931497,0,Medium
SUB-00004069,CUST-001179,"Davis, Rodriguez and Andrews",NC-SECURITY,Nexus Cloud Security,0,0.4626563092236924,0,Medium
SUB-00004070,CUST-001179,"Davis, Rodriguez and Andrews",NC-COMPUTE,Nexus Compute,0,0.4839385978091723,0,Medium
SUB-00004071,CUST-001179,"Davis, Rodriguez and Andrews",NC-INTEGRATION,Nexus Integration,0,0.4693605024690267,0,Medium
SUB-00004072,CUST-001179,"Davis, Rodriguez and Andrews",NC-ANALYTICS,Nexus Analytics,0,0.18828335385235206,0,Low
SUB-00004073,CUST-001179,"Davis, Rodriguez and Andrews",NC-SQL,Nexus SQL Database,0,0.7736801678356601,1,Critical
SUB-00004074,CUST-001180,Hernandez-Davis,NC-SQL,Nexus SQL Database,1,0.5203828890451424,1,High
SUB-00004075,CUST-001180,Hernandez-Davis,NC-COMPUTE,Nexus Compute,1,0.8095994163279698,1,Critical
SUB-00004076,CUST-001180,Hernandez-Davis,NC-AISEARCH,Nexus AI Search,1,0.8338755671293888,1,Critical
SUB-00004077,CUST-001180,Hernandez-Davis,NC-STORAGE,Nexus Storage,1,0.8102170677195571,1,Critical
SUB-00004078,CUST-001180,Hernandez-Davis,NC-WAREHOUSE,Nexus Data Warehouse,1,0.8089024563188617,1,Critical
SUB-00004079,CUST-001180,Hernandez-Davis,NC-INTEGRATION,Nexus Integration,1,0.5017274165754121,1,High
SUB-00004080,CUST-001180,Hernandez-Davis,NC-CONTAINER,Nexus Container Platform,0,0.1912727726651246,0,Low
SUB-00004081,CUST-001181,"Jones, Cummings and Conway",NC-INTEGRATION,Nexus Integration,1,0.8096337317636437,1,Critical
SUB-00004082,CUST-001181,"Jones, Cummings and Conway",NC-WAREHOUSE,Nexus Data Warehouse,1,0.8032856958260746,1,Critical
SUB-00004083,CUST-001181,"Jones, Cummings and Conway",NC-CONTAINER,Nexus Container Platform,0,0.5081738233157777,1,High
SUB-00004084,CUST-001181,"Jones, Cummings and Conway",NC-COMPUTE,Nexus Compute,1,0.80021696723899,1,Critical
SUB-00004085,CUST-001182,"Hall, Hinton and Phillips",NC-ANALYTICS,Nexus Analytics,1,0.836422322629173,1,Critical
SUB-00004086,CUST-001182,"Hall, Hinton and Phillips",NC-INTEGRATION,Nexus Integration,0,0.21606583886623637,0,Low
SUB-00004087,CUST-001183,Williams-Li,NC-CONTAINER,Nexus Container Platform,1,0.25028983603786137,0,Medium
SUB-00004088,CUST-001183,Williams-Li,NC-SQL,Nexus SQL Database,0,0.5661577566699441,1,High
SUB-00004089,CUST-001183,Williams-Li,NC-INTEGRATION,Nexus Integration,1,0.22629236323458465,0,Low
SUB-00004090,CUST-001183,Williams-Li,NC-COMPUTE,Nexus Compute,1,0.5695323360830964,1,High
SUB-00004091,CUST-001184,Phelps LLC,NC-COMPUTE,Nexus Compute,0,0.5046026761954548,1,High
SUB-00004092,CUST-001184,Phelps LLC,NC-ANALYTICS,Nexus Analytics,1,0.49208821396225444,0,Medium
SUB-00004093,CUST-001184,Phelps LLC,NC-STORAGE,Nexus Storage,1,0.19758087783627415,0,Low
SUB-00004094,CUST-001184,Phelps LLC,NC-SECURITY,Nexus Cloud Security,1,0.4819327565422686,0,Medium
SUB-00004095,CUST-001184,Phelps LLC,NC-CONTAINER,Nexus Container Platform,0,0.18289357402318135,0,Low
SUB-00004096,CUST-001185,"Edwards, Rodgers and Davis",NC-STORAGE,Nexus Storage,1,0.7972779607471656,1,Critical
SUB-00004097,CUST-001185,"Edwards, Rodgers and Davis",NC-COMPUTE,Nexus Compute,1,0.48527621629395684,0,Medium
SUB-00004098,CUST-001185,"Edwards, Rodgers and Davis",NC-SECURITY,Nexus Cloud Security,1,0.8085731639093625,1,Critical
SUB-00004099,CUST-001185,"Edwards, Rodgers and Davis",NC-SQL,Nexus SQL Database,0,0.18713594447711712,0,Low
SUB-00004100,CUST-001185,"Edwards, Rodgers and Davis",NC-WAREHOUSE,Nexus Data Warehouse,1,0.8054368628639245,1,Critical
SUB-00004101,CUST-001186,Smith and Sons,NC-WAREHOUSE,Nexus Data Warehouse,0,0.1761579100364654,0,Low
SUB-00004102,CUST-001186,Smith and Sons,NC-COMPUTE,Nexus Compute,0,0.46274732186460893,0,Medium
SUB-00004103,CUST-001186,Smith and Sons,NC-SQL,Nexus SQL Database,0,0.4889995668748037,0,Medium
SUB-00004104,CUST-001186,Smith and Sons,NC-STORAGE,Nexus Storage,0,0.4845610251165818,0,Medium
SUB-00004105,CUST-001186,Smith and Sons,NC-CONTAINER,Nexus Container Platform,0,0.4844052346310825,0,Medium
SUB-00004106,CUST-001187,"Holland, Murphy and Kline",NC-WAREHOUSE,Nexus Data Warehouse,0,0.2263956590351904,0,Low
SUB-00004107,CUST-001188,"Adams, Quinn and Watson",NC-ANALYTICS,Nexus Analytics,0,0.19629326247277903,0,Low
SUB-00004108,CUST-001188,"Adams, Quinn and Watson",NC-CONTAINER,Nexus Container Platform,0,0.8098468723040975,1,Critical
SUB-00004109,CUST-001188,"Adams, Quinn and Watson",NC-WAREHOUSE,Nexus Data Warehouse,1,0.5379480763543787,1,High
SUB-00004110,CUST-001188,"Adams, Quinn and Watson",NC-SECURITY,Nexus Cloud Security,0,0.2182950805845489,0,Low
SUB-00004111,CUST-001188,"Adams, Quinn and Watson",NC-INTEGRATION,Nexus Integration,0,0.49659481839089464,0,Medium
SUB-00004112,CUST-001188,"Adams, Quinn and Watson",NC-SQL,Nexus SQL Database,1,0.807263733893536,1,Critical
SUB-00004113,CUST-001188,"Adams, Quinn and Watson",NC-COMPUTE,Nexus Compute,0,0.5141171383844377,1,High
SUB-00004114,CUST-001189,White-Morales,NC-COMPUTE,Nexus Compute,1,0.5481901688103803,1,High
SUB-00004115,CUST-001189,White-Morales,NC-CONTAINER,Nexus Container Platform,1,0.24041111024483017,0,Low
SUB-00004116,CUST-001190,Nelson-Cruz,NC-WAREHOUSE,Nexus Data Warehouse,0,0.8412567879166337,1,Critical
SUB-00004117,CUST-001190,Nelson-Cruz,NC-SECURITY,Nexus Cloud Security,1,0.5353888582425619,1,High
SUB-00004118,CUST-001190,Nelson-Cruz,NC-COMPUTE,Nexus Compute,1,0.8352750910020992,1,Critical
SUB-00004119,CUST-001190,Nelson-Cruz,NC-INTEGRATION,Nexus Integration,1,0.8250612250101979,1,Critical
SUB-00004120,CUST-001190,Nelson-Cruz,NC-SQL,Nexus SQL Database,1,0.8349715463112674,1,Critical
SUB-00004121,CUST-001191,Marsh-Banks,NC-SQL,Nexus SQL Database,1,0.8106884994777716,1,Critical
SUB-00004122,CUST-001191,Marsh-Banks,NC-WAREHOUSE,Nexus Data Warehouse,1,0.5096702800151413,1,High
SUB-00004123,CUST-001191,Marsh-Banks,NC-COMPUTE,Nexus Compute,1,0.188639377082675,0,Low
SUB-00004124,CUST-001191,Marsh-Banks,NC-CONTAINER,Nexus Container Platform,1,0.2033261564881961,0,Low
SUB-00004125,CUST-001191,Marsh-Banks,NC-SECURITY,Nexus Cloud Security,1,0.8107099640589359,1,Critical
SUB-00004126,CUST-001192,Wilson Ltd,NC-AIMODEL,Nexus AI Models,1,0.4827556303973142,0,Medium
SUB-00004127,CUST-001192,Wilson Ltd,NC-STORAGE,Nexus Storage,1,0.7972132723036013,1,Critical
SUB-00004128,CUST-001192,Wilson Ltd,NC-SECURITY,Nexus Cloud Security,1,0.5036072241647876,1,High
SUB-00004129,CUST-001192,Wilson Ltd,NC-WAREHOUSE,Nexus Data Warehouse,1,0.5003757040183562,1,High
SUB-00004130,CUST-001192,Wilson Ltd,NC-AISEARCH,Nexus AI Search,0,0.19352628129369676,0,Low
SUB-00004131,CUST-001192,Wilson Ltd,NC-SQL,Nexus SQL Database,1,0.4779057228026933,0,Medium
SUB-00004132,CUST-001193,"Brown, Dunlap and Moore",NC-SECURITY,Nexus Cloud Security,0,0.23033197752553414,0,Low
SUB-00004133,CUST-001193,"Brown, Dunlap and Moore",NC-WAREHOUSE,Nexus Data Warehouse,0,0.22253582014448714,0,Low
SUB-00004134,CUST-001194,Pruitt-Webb,NC-ANALYTICS,Nexus Analytics,1,0.19626923963273996,0,Low
SUB-00004135,CUST-001194,Pruitt-Webb,NC-SECURITY,Nexus Cloud Security,0,0.19245655096851647,0,Low
SUB-00004136,CUST-001194,Pruitt-Webb,NC-INTEGRATION,Nexus Integration,1,0.8139496741107085,1,Critical
SUB-00004137,CUST-001195,"Gregory, White and James",NC-ANALYTICS,Nexus Analytics,1,0.831774435623581,1,Critical
SUB-00004138,CUST-001195,"Gregory, White and James",NC-CONTAINER,Nexus Container Platform,1,0.8276250727526016,1,Critical
SUB-00004139,CUST-001195,"Gregory, White and James",NC-AIMODEL,Nexus AI Models,1,0.8410205008415953,1,Critical
SUB-00004140,CUST-001196,Carr-Huffman,NC-ANALYTICS,Nexus Analytics,1,0.5830689105150775,1,High
SUB-00004141,CUST-001196,Carr-Huffman,NC-SQL,Nexus SQL Database,1,0.8414557438485196,1,Critical
SUB-00004142,CUST-001196,Carr-Huffman,NC-CONTAINER,Nexus Container Platform,0,0.23250114673240455,0,Low
SUB-00004143,CUST-001196,Carr-Huffman,NC-WAREHOUSE,Nexus Data Warehouse,1,0.8423497498421274,1,Critical
SUB-00004144,CUST-001196,Carr-Huffman,NC-INTEGRATION,Nexus Integration,1,0.8439996705889535,1,Critical
SUB-00004145,CUST-001197,"Mcpherson, Anderson and Knapp",NC-CONTAINER,Nexus Container Platform,1,0.833832904936956,1,Critical
SUB-00004146,CUST-001197,"Mcpherson, Anderson and Knapp",NC-COMPUTE,Nexus Compute,1,0.23953389149323273,0,Low
SUB-00004147,CUST-001197,"Mcpherson, Anderson and Knapp",NC-SECURITY,Nexus Cloud Security,1,0.835836649644346,1,Critical
SUB-00004148,CUST-001197,"Mcpherson, Anderson and Knapp",NC-AISEARCH,Nexus AI Search,1,0.23908610155487386,0,Low
SUB-00004149,CUST-001197,"Mcpherson, Anderson and Knapp",NC-INTEGRATION,Nexus Integration,1,0.8313674008594195,1,Critical
SUB-00004150,CUST-001198,Clay Group,NC-INTEGRATION,Nexus Integration,1,0.8226090974006003,1,Critical
SUB-00004151,CUST-001198,Clay Group,NC-STORAGE,Nexus Storage,0,0.21173974781528648,0,Low
SUB-00004152,CUST-001199,Brown Ltd,NC-WAREHOUSE,Nexus Data Warehouse,1,0.794612110409546,1,Critical
SUB-00004153,CUST-001199,Brown Ltd,NC-SQL,Nexus SQL Database,0,0.2174120490640213,0,Low
SUB-00004154,CUST-001199,Brown Ltd,NC-SECURITY,Nexus Cloud Security,0,0.16766297603062527,0,Low
SUB-00004155,CUST-001199,Brown Ltd,NC-CONTAINER,Nexus Container Platform,0,0.22955990704605833,0,Low
SUB-00004156,CUST-001199,Brown Ltd,NC-INTEGRATION,Nexus Integration,0,0.4987002994076501,0,Medium
SUB-00004157,CUST-001199,Brown Ltd,NC-ANALYTICS,Nexus Analytics,0,0.19120694427728765,0,Low
SUB-00004158,CUST-001199,Brown Ltd,NC-STORAGE,Nexus Storage,1,0.8258002462129377,1,Critical
SUB-00004159,CUST-001199,Brown Ltd,NC-COMPUTE,Nexus Compute,1,0.7758678293685043,1,Critical
SUB-00004160,CUST-001200,Smith-Oneill,NC-SECURITY,Nexus Cloud Security,1,0.8146854661940965,1,Critical
SUB-00004161,CUST-001200,Smith-Oneill,NC-WAREHOUSE,Nexus Data Warehouse,1,0.818106066337772,1,Critical
SUB-00004162,CUST-001200,Smith-Oneill,NC-CONTAINER,Nexus Container Platform,0,0.8036530395322954,1,Critical
SUB-00004163,CUST-001201,"Saunders, Ray and Cunningham",NC-SECURITY,Nexus Cloud Security,0,0.232718379934253,0,Low
SUB-00004164,CUST-001201,"Saunders, Ray and Cunningham",NC-SQL,Nexus SQL Database,0,0.23650560923385977,0,Low
SUB-00004165,CUST-001202,"Marks, Stone and Watts",NC-WAREHOUSE,Nexus Data Warehouse,0,0.19360290504064936,0,Low
SUB-00004166,CUST-001203,"Davis, Stanley and Wright",NC-SECURITY,Nexus Cloud Security,1,0.5109514513579907,1,High
SUB-00004167,CUST-001203,"Davis, Stanley and Wright",NC-CONTAINER,Nexus Container Platform,0,0.19002612245533015,0,Low
SUB-00004168,CUST-001204,Alvarado-Davidson,NC-INTEGRATION,Nexus Integration,0,0.19411762173572658,0,Low
SUB-00004169,CUST-001204,Alvarado-Davidson,NC-WAREHOUSE,Nexus Data Warehouse,0,0.19247028881987502,0,Low
SUB-00004170,CUST-001205,Combs PLC,NC-WAREHOUSE,Nexus Data Warehouse,0,0.21442096357927948,0,Low
SUB-00004171,CUST-001205,Combs PLC,NC-ANALYTICS,Nexus Analytics,0,0.22871470124631643,0,Low
SUB-00004172,CUST-001206,"Brown, Schneider and Moore",NC-ANALYTICS,Nexus Analytics,1,0.835046593009817,1,Critical
SUB-00004173,CUST-001206,"Brown, Schneider and Moore",NC-SQL,Nexus SQL Database,1,0.22308509251746522,0,Low
SUB-00004174,CUST-001206,"Brown, Schneider and Moore",NC-SECURITY,Nexus Cloud Security,0,0.5412419149642367,1,High
SUB-00004175,CUST-001206,"Brown, Schneider and Moore",NC-STORAGE,Nexus Storage,1,0.23280669835548334,0,Low
SUB-00004176,CUST-001207,Christian-Booth,NC-CONTAINER,Nexus Container Platform,0,0.49160385922019806,0,Medium
SUB-00004177,CUST-001207,Christian-Booth,NC-SQL,Nexus SQL Database,1,0.505449431434129,1,High
SUB-00004178,CUST-001207,Christian-Booth,NC-ANALYTICS,Nexus Analytics,1,0.5074983948978359,1,High
SUB-00004179,CUST-001207,Christian-Booth,NC-STORAGE,Nexus Storage,0,0.5006442321373796,1,High
SUB-00004180,CUST-001207,Christian-Booth,NC-SECURITY,Nexus Cloud Security,0,0.4933326648653738,0,Medium
SUB-00004181,CUST-001207,Christian-Booth,NC-WAREHOUSE,Nexus Data Warehouse,0,0.19400563479488242,0,Low
SUB-00004182,CUST-001208,Walton LLC,NC-CONTAINER,Nexus Container Platform,1,0.8162265301513058,1,Critical
SUB-00004183,CUST-001208,Walton LLC,NC-COMPUTE,Nexus Compute,1,0.5222773669539709,1,High
SUB-00004184,CUST-001208,Walton LLC,NC-WAREHOUSE,Nexus Data Warehouse,1,0.8188488978754732,1,Critical
SUB-00004185,CUST-001208,Walton LLC,NC-SECURITY,Nexus Cloud Security,0,0.20786938018664639,0,Low
SUB-00004186,CUST-001208,Walton LLC,NC-STORAGE,Nexus Storage,1,0.8167402302771473,1,Critical
SUB-00004187,CUST-001209,Rivera LLC,NC-STORAGE,Nexus Storage,1,0.8343921129382939,1,Critical
SUB-00004188,CUST-001209,Rivera LLC,NC-COMPUTE,Nexus Compute,1,0.22588029346720648,0,Low
SUB-00004189,CUST-001209,Rivera LLC,NC-ANALYTICS,Nexus Analytics,0,0.21401973708889502,0,Low
SUB-00004190,CUST-001210,Hunter PLC,NC-INTEGRATION,Nexus Integration,0,0.5181297477623439,1,High
SUB-00004191,CUST-001210,Hunter PLC,NC-WAREHOUSE,Nexus Data Warehouse,1,0.8292421341597174,1,Critical
SUB-00004192,CUST-001210,Hunter PLC,NC-COMPUTE,Nexus Compute,1,0.5030529395968284,1,High
SUB-00004193,CUST-001210,Hunter PLC,NC-STORAGE,Nexus Storage,1,0.19969197978048278,0,Low
SUB-00004194,CUST-001211,"Gray, Montoya and Miller",NC-COMPUTE,Nexus Compute,0,0.22388657695653194,0,Low
SUB-00004195,CUST-001212,Solis-West,NC-COMPUTE,Nexus Compute,1,0.23337483750468174,0,Low
SUB-00004196,CUST-001212,Solis-West,NC-SQL,Nexus SQL Database,0,0.29353832443358685,0,Medium
SUB-00004197,CUST-001212,Solis-West,NC-WAREHOUSE,Nexus Data Warehouse,1,0.8586046347964116,1,Critical
SUB-00004198,CUST-001212,Solis-West,NC-ANALYTICS,Nexus Analytics,1,0.2554528682051964,0,Medium
SUB-00004199,CUST-001212,Solis-West,NC-SECURITY,Nexus Cloud Security,1,0.8426577870165871,1,Critical
SUB-00004200,CUST-001212,Solis-West,NC-CONTAINER,Nexus Container Platform,0,0.6087452148115262,1,High
SUB-00004201,CUST-001212,Solis-West,NC-AIMODEL,Nexus AI Models,0,0.2105515805266255,0,Low
SUB-00004202,CUST-001213,West-Wilson,NC-COMPUTE,Nexus Compute,1,0.2255834209590065,0,Low
SUB-00004203,CUST-001214,Mcgee-Smith,NC-SQL,Nexus SQL Database,1,0.8100566134184966,1,Critical
SUB-00004204,CUST-001214,Mcgee-Smith,NC-STORAGE,Nexus Storage,0,0.20528219030317907,0,Low
SUB-00004205,CUST-001214,Mcgee-Smith,NC-CONTAINER,Nexus Container Platform,1,0.8165374008951839,1,Critical
SUB-00004206,CUST-001214,Mcgee-Smith,NC-SECURITY,Nexus Cloud Security,1,0.5159555725427895,1,High
SUB-00004207,CUST-001214,Mcgee-Smith,NC-WAREHOUSE,Nexus Data Warehouse,1,0.5081946312711164,1,High
SUB-00004208,CUST-001215,Gutierrez-Hawkins,NC-AIMODEL,Nexus AI Models,0,0.21230748166633584,0,Low
SUB-00004209,CUST-001216,Petersen PLC,NC-SECURITY,Nexus Cloud Security,1,0.7732916602348996,1,Critical
SUB-00004210,CUST-001216,Petersen PLC,NC-INTEGRATION,Nexus Integration,0,0.17789168606668745,0,Low
SUB-00004211,CUST-001216,Petersen PLC,NC-SQL,Nexus SQL Database,0,0.4769687986657685,0,Medium
SUB-00004212,CUST-001217,"Walsh, Wu and Hart",NC-STORAGE,Nexus Storage,0,0.22779394583459572,0,Low
SUB-00004213,CUST-001217,"Walsh, Wu and Hart",NC-WAREHOUSE,Nexus Data Warehouse,1,0.24392466614867128,0,Low
SUB-00004214,CUST-001217,"Walsh, Wu and Hart",NC-COMPUTE,Nexus Compute,1,0.5757263956756918,1,High
SUB-00004215,CUST-001217,"Walsh, Wu and Hart",NC-SECURITY,Nexus Cloud Security,0,0.2527525361579417,0,Medium
SUB-00004216,CUST-001217,"Walsh, Wu and Hart",NC-ANALYTICS,Nexus Analytics,0,0.24443562879576755,0,Low
SUB-00004217,CUST-001217,"Walsh, Wu and Hart",NC-INTEGRATION,Nexus Integration,1,0.5545232330190627,1,High
SUB-00004218,CUST-001217,"Walsh, Wu and Hart",NC-SQL,Nexus SQL Database,0,0.23588742839669913,0,Low
SUB-00004219,CUST-001218,"Powers, Clements and Cox",NC-INTEGRATION,Nexus Integration,0,0.23401253964052854,0,Low
SUB-00004220,CUST-001218,"Powers, Clements and Cox",NC-SQL,Nexus SQL Database,1,0.8330360695888185,1,Critical
SUB-00004221,CUST-001219,Velasquez Group,NC-COMPUTE,Nexus Compute,1,0.49457736040528555,0,Medium
SUB-00004222,CUST-001219,Velasquez Group,NC-SQL,Nexus SQL Database,0,0.19295596229704204,0,Low
SUB-00004223,CUST-001219,Velasquez Group,NC-WAREHOUSE,Nexus Data Warehouse,0,0.49790382151203616,0,Medium
SUB-00004224,CUST-001220,Castro-Harvey,NC-SECURITY,Nexus Cloud Security,0,0.20989129383144725,0,Low
SUB-00004225,CUST-001220,Castro-Harvey,NC-WAREHOUSE,Nexus Data Warehouse,0,0.20319676584839397,0,Low
SUB-00004226,CUST-001220,Castro-Harvey,NC-INTEGRATION,Nexus Integration,1,0.8203842168963015,1,Critical
SUB-00004227,CUST-001221,Moran-Cox,NC-STORAGE,Nexus Storage,0,0.5048129371154935,1,High
SUB-00004228,CUST-001221,Moran-Cox,NC-COMPUTE,Nexus Compute,0,0.512363398379081,1,High
SUB-00004229,CUST-001221,Moran-Cox,NC-SECURITY,Nexus Cloud Security,0,0.5085252049642317,1,High
SUB-00004230,CUST-001221,Moran-Cox,NC-AISEARCH,Nexus AI Search,1,0.8205702681191559,1,Critical
SUB-00004231,CUST-001222,Wilson-Malone,NC-INTEGRATION,Nexus Integration,1,0.836391044710878,1,Critical
SUB-00004232,CUST-001222,Wilson-Malone,NC-STORAGE,Nexus Storage,0,0.22422613768501587,0,Low
SUB-00004233,CUST-001222,Wilson-Malone,NC-COMPUTE,Nexus Compute,1,0.8259685208353884,1,Critical
SUB-00004234,CUST-001223,Smith LLC,NC-AISEARCH,Nexus AI Search,0,0.5797946826845435,1,High
SUB-00004235,CUST-001223,Smith LLC,NC-ANALYTICS,Nexus Analytics,1,0.23979921534470874,0,Low
SUB-00004236,CUST-001223,Smith LLC,NC-WAREHOUSE,Nexus Data Warehouse,1,0.580600240651526,1,High
SUB-00004237,CUST-001223,Smith LLC,NC-STORAGE,Nexus Storage,1,0.5557638352562847,1,High
SUB-00004238,CUST-001223,Smith LLC,NC-CONTAINER,Nexus Container Platform,0,0.8381044787475629,1,Critical
SUB-00004239,CUST-001224,"Brandt, Carter and Boyd",NC-SECURITY,Nexus Cloud Security,1,0.4714726772242587,0,Medium
SUB-00004240,CUST-001224,"Brandt, Carter and Boyd",NC-WAREHOUSE,Nexus Data Warehouse,0,0.18067612121787766,0,Low
SUB-00004241,CUST-001225,"Rodriguez, Prince and Vasquez",NC-COMPUTE,Nexus Compute,1,0.5692225199796099,1,High
SUB-00004242,CUST-001225,"Rodriguez, Prince and Vasquez",NC-SQL,Nexus SQL Database,1,0.22235241989197407,0,Low
SUB-00004243,CUST-001225,"Rodriguez, Prince and Vasquez",NC-INTEGRATION,Nexus Integration,1,0.5868286997486916,1,High
SUB-00004244,CUST-001225,"Rodriguez, Prince and Vasquez",NC-CONTAINER,Nexus Container Platform,1,0.23706070118099845,0,Low
SUB-00004245,CUST-001225,"Rodriguez, Prince and Vasquez",NC-SECURITY,Nexus Cloud Security,1,0.8456179877978106,1,Critical
SUB-00004246,CUST-001225,"Rodriguez, Prince and Vasquez",NC-ANALYTICS,Nexus Analytics,0,0.20639063027138657,0,Low
SUB-00004247,CUST-001225,"Rodriguez, Prince and Vasquez",NC-STORAGE,Nexus Storage,1,0.5581328185573958,1,High
SUB-00004248,CUST-001225,"Rodriguez, Prince and Vasquez",NC-WAREHOUSE,Nexus Data Warehouse,1,0.543860603749478,1,High
SUB-00004249,CUST-001226,"Newton, Ortiz and King",NC-COMPUTE,Nexus Compute,0,0.822488360629271,1,Critical
SUB-00004250,CUST-001226,"Newton, Ortiz and King",NC-CONTAINER,Nexus Container Platform,0,0.5274300907769948,1,High
SUB-00004251,CUST-001226,"Newton, Ortiz and King",NC-SECURITY,Nexus Cloud Security,0,0.21428936913716376,0,Low
SUB-00004252,CUST-001227,Lopez Group,NC-CONTAINER,Nexus Container Platform,1,0.53422666322688,1,High
SUB-00004253,CUST-001227,Lopez Group,NC-COMPUTE,Nexus Compute,0,0.5273495165607881,1,High
SUB-00004254,CUST-001227,Lopez Group,NC-WAREHOUSE,Nexus Data Warehouse,1,0.8248459443148356,1,Critical
SUB-00004255,CUST-001228,Bryant and Sons,NC-COMPUTE,Nexus Compute,0,0.46837512094792444,0,Medium
SUB-00004256,CUST-001228,Bryant and Sons,NC-INTEGRATION,Nexus Integration,0,0.4679202131907356,0,Medium
SUB-00004257,CUST-001228,Bryant and Sons,NC-AISEARCH,Nexus AI Search,1,0.8134017720988512,1,Critical
SUB-00004258,CUST-001228,Bryant and Sons,NC-STORAGE,Nexus Storage,0,0.17341726241814395,0,Low
SUB-00004259,CUST-001228,Bryant and Sons,NC-ANALYTICS,Nexus Analytics,0,0.17929627597648,0,Low
SUB-00004260,CUST-001228,Bryant and Sons,NC-CONTAINER,Nexus Container Platform,0,0.18560823396798506,0,Low
SUB-00004261,CUST-001228,Bryant and Sons,NC-SECURITY,Nexus Cloud Security,0,0.18786534538354918,0,Low
SUB-00004262,CUST-001229,"Morgan, Sherman and Williams",NC-SQL,Nexus SQL Database,1,0.8174393917371343,1,Critical
SUB-00004263,CUST-001229,"Morgan, Sherman and Williams",NC-INTEGRATION,Nexus Integration,1,0.815262639890619,1,Critical
SUB-00004264,CUST-001229,"Morgan, Sherman and Williams",NC-CONTAINER,Nexus Container Platform,0,0.5154690598141358,1,High
SUB-00004265,CUST-001230,"Monroe, Chapman and Barton",NC-STORAGE,Nexus Storage,1,0.7889058503718627,1,Critical
SUB-00004266,CUST-001231,Ellis-Lawrence,NC-COMPUTE,Nexus Compute,1,0.5340060486948524,1,High
SUB-00004267,CUST-001231,Ellis-Lawrence,NC-WAREHOUSE,Nexus Data Warehouse,1,0.5183696000663323,1,High
SUB-00004268,CUST-001232,"Taylor, Porter and Moreno",NC-WAREHOUSE,Nexus Data Warehouse,0,0.2497591707304029,0,Low
SUB-00004269,CUST-001232,"Taylor, Porter and Moreno",NC-INTEGRATION,Nexus Integration,0,0.8387957372031392,1,Critical
SUB-00004270,CUST-001232,"Taylor, Porter and Moreno",NC-AISEARCH,Nexus AI Search,1,0.5983275199458423,1,High
SUB-00004271,CUST-001232,"Taylor, Porter and Moreno",NC-CONTAINER,Nexus Container Platform,0,0.5592401657270105,1,High
SUB-00004272,CUST-001232,"Taylor, Porter and Moreno",NC-SQL,Nexus SQL Database,0,0.24948039557032842,0,Low
SUB-00004273,CUST-001233,Tran Group,NC-SECURITY,Nexus Cloud Security,1,0.812725093795278,1,Critical
SUB-00004274,CUST-001233,Tran Group,NC-COMPUTE,Nexus Compute,1,0.8071745030614433,1,Critical
SUB-00004275,CUST-001233,Tran Group,NC-SQL,Nexus SQL Database,1,0.19665545392009445,0,Low
SUB-00004276,CUST-001233,Tran Group,NC-INTEGRATION,Nexus Integration,1,0.817194240067147,1,Critical
SUB-00004277,CUST-001234,"Webb, Romero and Morse",NC-SQL,Nexus SQL Database,1,0.5190223406696816,1,High
SUB-00004278,CUST-001234,"Webb, Romero and Morse",NC-STORAGE,Nexus Storage,1,0.5224022426143152,1,High
SUB-00004279,CUST-001234,"Webb, Romero and Morse",NC-INTEGRATION,Nexus Integration,1,0.8152773161873039,1,Critical
SUB-00004280,CUST-001235,Holt and Sons,NC-INTEGRATION,Nexus Integration,0,0.21575544087109746,0,Low
SUB-00004281,CUST-001236,"Ochoa, Garcia and Sandoval",NC-ANALYTICS,Nexus Analytics,0,0.20719203706336894,0,Low
SUB-00004282,CUST-001236,"Ochoa, Garcia and Sandoval",NC-WAREHOUSE,Nexus Data Warehouse,1,0.8217352492620591,1,Critical
SUB-00004283,CUST-001236,"Ochoa, Garcia and Sandoval",NC-INTEGRATION,Nexus Integration,0,0.4993241375575641,0,Medium
SUB-00004284,CUST-001236,"Ochoa, Garcia and Sandoval",NC-STORAGE,Nexus Storage,0,0.1983156832052476,0,Low
SUB-00004285,CUST-001236,"Ochoa, Garcia and Sandoval",NC-SECURITY,Nexus Cloud Security,1,0.49927679588836676,0,Medium
SUB-00004286,CUST-001237,"Andrade, Gordon and Cruz",NC-SQL,Nexus SQL Database,1,0.8106205351379931,1,Critical
SUB-00004287,CUST-001237,"Andrade, Gordon and Cruz",NC-STORAGE,Nexus Storage,1,0.8207488718243375,1,Critical
SUB-00004288,CUST-001237,"Andrade, Gordon and Cruz",NC-CONTAINER,Nexus Container Platform,1,0.808365370186565,1,Critical
SUB-00004289,CUST-001238,"Moon, Farmer and Hill",NC-STORAGE,Nexus Storage,1,0.8387913528061042,1,Critical
SUB-00004290,CUST-001238,"Moon, Farmer and Hill",NC-CONTAINER,Nexus Container Platform,1,0.8496823781232181,1,Critical
SUB-00004291,CUST-001238,"Moon, Farmer and Hill",NC-ANALYTICS,Nexus Analytics,1,0.8521575786899017,1,Critical
SUB-00004292,CUST-001238,"Moon, Farmer and Hill",NC-COMPUTE,Nexus Compute,0,0.23267236542672065,0,Low
SUB-00004293,CUST-001239,Waller-Chavez,NC-WAREHOUSE,Nexus Data Warehouse,0,0.22618957860577282,0,Low
SUB-00004294,CUST-001239,Waller-Chavez,NC-COMPUTE,Nexus Compute,1,0.2285240378870149,0,Low
SUB-00004295,CUST-001240,Taylor PLC,NC-AIMODEL,Nexus AI Models,1,0.8134166546388988,1,Critical
SUB-00004296,CUST-001240,Taylor PLC,NC-WAREHOUSE,Nexus Data Warehouse,0,0.5276234197661429,1,High
SUB-00004297,CUST-001240,Taylor PLC,NC-AISEARCH,Nexus AI Search,1,0.5348125144154394,1,High
SUB-00004298,CUST-001240,Taylor PLC,NC-COMPUTE,Nexus Compute,1,0.8213104551807321,1,Critical
SUB-00004299,CUST-001241,"Tanner, Hunt and Cameron",NC-COMPUTE,Nexus Compute,1,0.8423163719697766,1,Critical
SUB-00004300,CUST-001241,"Tanner, Hunt and Cameron",NC-SECURITY,Nexus Cloud Security,1,0.8444099378234113,1,Critical
SUB-00004301,CUST-001241,"Tanner, Hunt and Cameron",NC-STORAGE,Nexus Storage,1,0.8512552025108641,1,Critical
SUB-00004302,CUST-001241,"Tanner, Hunt and Cameron",NC-INTEGRATION,Nexus Integration,1,0.5786820205119921,1,High
SUB-00004303,CUST-001242,"Valencia, Joseph and Walls",NC-ANALYTICS,Nexus Analytics,0,0.17392983271860887,0,Low
SUB-00004304,CUST-001242,"Valencia, Joseph and Walls",NC-INTEGRATION,Nexus Integration,1,0.7827081348848864,1,Critical
SUB-00004305,CUST-001242,"Valencia, Joseph and Walls",NC-WAREHOUSE,Nexus Data Warehouse,0,0.7988045105708452,1,Critical
SUB-00004306,CUST-001242,"Valencia, Joseph and Walls",NC-AIMODEL,Nexus AI Models,0,0.7975086018042775,1,Critical
SUB-00004307,CUST-001242,"Valencia, Joseph and Walls",NC-AISEARCH,Nexus AI Search,0,0.7962376220510673,1,Critical
SUB-00004308,CUST-001243,"Robinson, Clark and Klein",NC-SECURITY,Nexus Cloud Security,1,0.8210674210216844,1,Critical
SUB-00004309,CUST-001244,"Reed, Chambers and Zavala",NC-SECURITY,Nexus Cloud Security,1,0.2029986893977858,0,Low
SUB-00004310,CUST-001245,"Hester, Thompson and Daniels",NC-INTEGRATION,Nexus Integration,1,0.21370920183600925,0,Low
SUB-00004311,CUST-001245,"Hester, Thompson and Daniels",NC-WAREHOUSE,Nexus Data Warehouse,1,0.531266525860328,1,High
SUB-00004312,CUST-001245,"Hester, Thompson and Daniels",NC-AISEARCH,Nexus AI Search,1,0.8329609466731361,1,Critical
SUB-00004313,CUST-001246,"Morris, Wilson and Bell",NC-CONTAINER,Nexus Container Platform,1,0.2261237109327705,0,Low
SUB-00004314,CUST-001246,"Morris, Wilson and Bell",NC-AISEARCH,Nexus AI Search,1,0.22590599239287545,0,Low
SUB-00004315,CUST-001246,"Morris, Wilson and Bell",NC-STORAGE,Nexus Storage,1,0.8249396862326918,1,Critical
SUB-00004316,CUST-001246,"Morris, Wilson and Bell",NC-INTEGRATION,Nexus Integration,1,0.21670916001674972,0,Low
SUB-00004317,CUST-001246,"Morris, Wilson and Bell",NC-AIMODEL,Nexus AI Models,1,0.5464155081508804,1,High
SUB-00004318,CUST-001247,Aguilar-Bender,NC-ANALYTICS,Nexus Analytics,1,0.5412014638622331,1,High
SUB-00004319,CUST-001247,Aguilar-Bender,NC-AISEARCH,Nexus AI Search,1,0.8443997798476504,1,Critical
SUB-00004320,CUST-001247,Aguilar-Bender,NC-SQL,Nexus SQL Database,0,0.21621637675160912,0,Low
SUB-00004321,CUST-001247,Aguilar-Bender,NC-CONTAINER,Nexus Container Platform,0,0.5500652542882146,1,High
SUB-00004322,CUST-001247,Aguilar-Bender,NC-AIMODEL,Nexus AI Models,1,0.21354217362618932,0,Low
SUB-00004323,CUST-001248,"Butler, Adkins and Skinner",NC-ANALYTICS,Nexus Analytics,1,0.5344969279712504,1,High
SUB-00004324,CUST-001248,"Butler, Adkins and Skinner",NC-INTEGRATION,Nexus Integration,1,0.21175606442530456,0,Low
SUB-00004325,CUST-001248,"Butler, Adkins and Skinner",NC-WAREHOUSE,Nexus Data Warehouse,1,0.8079352000569918,1,Critical
SUB-00004326,CUST-001248,"Butler, Adkins and Skinner",NC-STORAGE,Nexus Storage,1,0.5034342742360478,1,High
SUB-00004327,CUST-001248,"Butler, Adkins and Skinner",NC-SQL,Nexus SQL Database,0,0.2002495610773429,0,Low
SUB-00004328,CUST-001249,Rich-Henderson,NC-STORAGE,Nexus Storage,0,0.18998752909433214,0,Low
SUB-00004329,CUST-001249,Rich-Henderson,NC-SQL,Nexus SQL Database,0,0.517522261418605,1,High
SUB-00004330,CUST-001250,Mills Inc,NC-STORAGE,Nexus Storage,1,0.8373351141302784,1,Critical
SUB-00004331,CUST-001250,Mills Inc,NC-SQL,Nexus SQL Database,1,0.8342206231314119,1,Critical
SUB-00004332,CUST-001250,Mills Inc,NC-ANALYTICS,Nexus Analytics,0,0.5515458031434831,1,High
SUB-00004333,CUST-001251,Thomas-Santiago,NC-INTEGRATION,Nexus Integration,0,0.5244873265479333,1,High
SUB-00004334,CUST-001251,Thomas-Santiago,NC-SECURITY,Nexus Cloud Security,0,0.8188689379053783,1,Critical
SUB-00004335,CUST-001251,Thomas-Santiago,NC-WAREHOUSE,Nexus Data Warehouse,1,0.8119874483127667,1,Critical
SUB-00004336,CUST-001251,Thomas-Santiago,NC-COMPUTE,Nexus Compute,1,0.5065342168378761,1,High
SUB-00004337,CUST-001252,Adams and Sons,NC-CONTAINER,Nexus Container Platform,0,0.5595689977519652,1,High
SUB-00004338,CUST-001252,Adams and Sons,NC-SECURITY,Nexus Cloud Security,1,0.8291820791061989,1,Critical
SUB-00004339,CUST-001252,Adams and Sons,NC-ANALYTICS,Nexus Analytics,0,0.23533206808169427,0,Low
SUB-00004340,CUST-001252,Adams and Sons,NC-SQL,Nexus SQL Database,1,0.8299202779723406,1,Critical
SUB-00004341,CUST-001253,Vega-Thomas,NC-COMPUTE,Nexus Compute,1,0.8276073086365434,1,Critical
SUB-00004342,CUST-001253,Vega-Thomas,NC-SECURITY,Nexus Cloud Security,1,0.8280079676817861,1,Critical
SUB-00004343,CUST-001253,Vega-Thomas,NC-AIMODEL,Nexus AI Models,1,0.5675745483126091,1,High
SUB-00004344,CUST-001254,Vaughn LLC,NC-CONTAINER,Nexus Container Platform,0,0.20270123509433086,0,Low
SUB-00004345,CUST-001254,Vaughn LLC,NC-COMPUTE,Nexus Compute,1,0.8018435005443488,1,Critical
SUB-00004346,CUST-001255,Molina Inc,NC-AISEARCH,Nexus AI Search,1,0.22356838097868292,0,Low
SUB-00004347,CUST-001255,Molina Inc,NC-STORAGE,Nexus Storage,0,0.2029440080653252,0,Low
SUB-00004348,CUST-001255,Molina Inc,NC-AIMODEL,Nexus AI Models,0,0.2165977858073806,0,Low
SUB-00004349,CUST-001255,Molina Inc,NC-INTEGRATION,Nexus Integration,1,0.5269673856209125,1,High
SUB-00004350,CUST-001255,Molina Inc,NC-CONTAINER,Nexus Container Platform,1,0.8178738001066704,1,Critical
SUB-00004351,CUST-001255,Molina Inc,NC-WAREHOUSE,Nexus Data Warehouse,1,0.8119773310926911,1,Critical
SUB-00004352,CUST-001255,Molina Inc,NC-ANALYTICS,Nexus Analytics,1,0.5117464028997777,1,High
SUB-00004353,CUST-001256,Cervantes-Garcia,NC-ANALYTICS,Nexus Analytics,0,0.514875080841169,1,High
SUB-00004354,CUST-001256,Cervantes-Garcia,NC-CONTAINER,Nexus Container Platform,1,0.8095287359984451,1,Critical
SUB-00004355,CUST-001256,Cervantes-Garcia,NC-INTEGRATION,Nexus Integration,0,0.19845128627663783,0,Low
SUB-00004356,CUST-001256,Cervantes-Garcia,NC-STORAGE,Nexus Storage,1,0.20879535909834404,0,Low
SUB-00004357,CUST-001257,"Stevenson, Hancock and Newton",NC-COMPUTE,Nexus Compute,1,0.5520409672987597,1,High
SUB-00004358,CUST-001257,"Stevenson, Hancock and Newton",NC-INTEGRATION,Nexus Integration,0,0.21905283124484423,0,Low
SUB-00004359,CUST-001257,"Stevenson, Hancock and Newton",NC-SECURITY,Nexus Cloud Security,1,0.8166045803847986,1,Critical
SUB-00004360,CUST-001257,"Stevenson, Hancock and Newton",NC-ANALYTICS,Nexus Analytics,1,0.5562747268303034,1,High
SUB-00004361,CUST-001257,"Stevenson, Hancock and Newton",NC-CONTAINER,Nexus Container Platform,0,0.5183854137611558,1,High
SUB-00004362,CUST-001258,"Price, Dixon and Robles",NC-WAREHOUSE,Nexus Data Warehouse,0,0.5683618065421453,1,High
SUB-00004363,CUST-001258,"Price, Dixon and Robles",NC-SECURITY,Nexus Cloud Security,1,0.8313248862372935,1,Critical
SUB-00004364,CUST-001259,"Roberts, Beck and House",NC-INTEGRATION,Nexus Integration,0,0.17596729611176093,0,Low
SUB-00004365,CUST-001260,Butler-French,NC-WAREHOUSE,Nexus Data Warehouse,1,0.7823245379372707,1,Critical
SUB-00004366,CUST-001260,Butler-French,NC-ANALYTICS,Nexus Analytics,0,0.1684808005739881,0,Low
SUB-00004367,CUST-001261,"Edwards, Arnold and Smith",NC-WAREHOUSE,Nexus Data Warehouse,1,0.4997038725162922,0,Medium
SUB-00004368,CUST-001262,Harris-Melton,NC-SQL,Nexus SQL Database,0,0.23090010710775502,0,Low
SUB-00004369,CUST-001263,Greer-Pruitt,NC-STORAGE,Nexus Storage,0,0.17788653728478562,0,Low
SUB-00004370,CUST-001264,"Mckinney, Richardson and Chapman",NC-SQL,Nexus SQL Database,0,0.5515806937856701,1,High
SUB-00004371,CUST-001264,"Mckinney, Richardson and Chapman",NC-WAREHOUSE,Nexus Data Warehouse,1,0.8359298136922777,1,Critical
SUB-00004372,CUST-001264,"Mckinney, Richardson and Chapman",NC-ANALYTICS,Nexus Analytics,1,0.8361305501673088,1,Critical
SUB-00004373,CUST-001265,"Morrison, Parsons and Brandt",NC-CONTAINER,Nexus Container Platform,1,0.8283462442455172,1,Critical
SUB-00004374,CUST-001265,"Morrison, Parsons and Brandt",NC-WAREHOUSE,Nexus Data Warehouse,1,0.5317853532110303,1,High
SUB-00004375,CUST-001265,"Morrison, Parsons and Brandt",NC-STORAGE,Nexus Storage,0,0.5232009990784302,1,High
SUB-00004376,CUST-001265,"Morrison, Parsons and Brandt",NC-INTEGRATION,Nexus Integration,1,0.8145745447330663,1,Critical
SUB-00004377,CUST-001265,"Morrison, Parsons and Brandt",NC-COMPUTE,Nexus Compute,1,0.8258933998696087,1,Critical
SUB-00004378,CUST-001265,"Morrison, Parsons and Brandt",NC-SQL,Nexus SQL Database,1,0.5146724742660177,1,High
SUB-00004379,CUST-001266,Cole-Lucero,NC-STORAGE,Nexus Storage,0,0.49539485246493736,0,Medium
SUB-00004380,CUST-001266,Cole-Lucero,NC-SECURITY,Nexus Cloud Security,1,0.1927907420661685,0,Low
SUB-00004381,CUST-001266,Cole-Lucero,NC-CONTAINER,Nexus Container Platform,0,0.8056216355807125,1,Critical
SUB-00004382,CUST-001266,Cole-Lucero,NC-SQL,Nexus SQL Database,0,0.20867979037240647,0,Low
SUB-00004383,CUST-001267,Lopez and Sons,NC-INTEGRATION,Nexus Integration,1,0.5192278598292572,1,High
SUB-00004384,CUST-001267,Lopez and Sons,NC-SECURITY,Nexus Cloud Security,1,0.5139046560133144,1,High
SUB-00004385,CUST-001267,Lopez and Sons,NC-SQL,Nexus SQL Database,1,0.8180167917338429,1,Critical
SUB-00004386,CUST-001267,Lopez and Sons,NC-CONTAINER,Nexus Container Platform,0,0.20720462438400838,0,Low
SUB-00004387,CUST-001267,Lopez and Sons,NC-COMPUTE,Nexus Compute,1,0.818521781446547,1,Critical
SUB-00004388,CUST-001268,"Palmer, Bennett and Patterson",NC-COMPUTE,Nexus Compute,0,0.8004712151906846,1,Critical
SUB-00004389,CUST-001268,"Palmer, Bennett and Patterson",NC-ANALYTICS,Nexus Analytics,0,0.49169423596739564,0,Medium
SUB-00004390,CUST-001268,"Palmer, Bennett and Patterson",NC-SECURITY,Nexus Cloud Security,1,0.484986392046806,0,Medium
SUB-00004391,CUST-001268,"Palmer, Bennett and Patterson",NC-STORAGE,Nexus Storage,0,0.5022949583292601,1,High
SUB-00004392,CUST-001268,"Palmer, Bennett and Patterson",NC-WAREHOUSE,Nexus Data Warehouse,0,0.7945443963406567,1,Critical
SUB-00004393,CUST-001269,"Baker, Martin and Singleton",NC-COMPUTE,Nexus Compute,1,0.8419188247726362,1,Critical
SUB-00004394,CUST-001269,"Baker, Martin and Singleton",NC-STORAGE,Nexus Storage,0,0.5703643652403299,1,High
SUB-00004395,CUST-001269,"Baker, Martin and Singleton",NC-WAREHOUSE,Nexus Data Warehouse,1,0.8590417506011767,1,Critical
SUB-00004396,CUST-001270,Rivera Ltd,NC-ANALYTICS,Nexus Analytics,1,0.5688426939864532,1,High
SUB-00004397,CUST-001270,Rivera Ltd,NC-COMPUTE,Nexus Compute,1,0.581104807745618,1,High
SUB-00004398,CUST-001270,Rivera Ltd,NC-WAREHOUSE,Nexus Data Warehouse,0,0.24015634919513051,0,Low
SUB-00004399,CUST-001270,Rivera Ltd,NC-INTEGRATION,Nexus Integration,1,0.576131467839497,1,High
SUB-00004400,CUST-001270,Rivera Ltd,NC-CONTAINER,Nexus Container Platform,1,0.8509086636475693,1,Critical
SUB-00004401,CUST-001271,Williams LLC,NC-SQL,Nexus SQL Database,0,0.19828859786542283,0,Low
SUB-00004402,CUST-001271,Williams LLC,NC-SECURITY,Nexus Cloud Security,0,0.5151984635769206,1,High
SUB-00004403,CUST-001272,"Williams, Randolph and Gilbert",NC-SECURITY,Nexus Cloud Security,1,0.5079362731445077,1,High
SUB-00004404,CUST-001272,"Williams, Randolph and Gilbert",NC-CONTAINER,Nexus Container Platform,1,0.19667528751210073,0,Low
SUB-00004405,CUST-001272,"Williams, Randolph and Gilbert",NC-INTEGRATION,Nexus Integration,0,0.5255528236754062,1,High
SUB-00004406,CUST-001272,"Williams, Randolph and Gilbert",NC-ANALYTICS,Nexus Analytics,1,0.8228981597718551,1,Critical
SUB-00004407,CUST-001272,"Williams, Randolph and Gilbert",NC-STORAGE,Nexus Storage,1,0.2097425713389207,0,Low
SUB-00004408,CUST-001273,"Turner, Tyler and Pierce",NC-INTEGRATION,Nexus Integration,0,0.8023564923971483,1,Critical
SUB-00004409,CUST-001274,Bowers LLC,NC-SECURITY,Nexus Cloud Security,0,0.17677157928104562,0,Low
SUB-00004410,CUST-001274,Bowers LLC,NC-STORAGE,Nexus Storage,1,0.47468821688204854,0,Medium
SUB-00004411,CUST-001274,Bowers LLC,NC-ANALYTICS,Nexus Analytics,1,0.8046612687850563,1,Critical
SUB-00004412,CUST-001275,"Robinson, White and Jones",NC-ANALYTICS,Nexus Analytics,1,0.6539062502468826,1,High
SUB-00004413,CUST-001275,"Robinson, White and Jones",NC-SECURITY,Nexus Cloud Security,0,0.5158429407593564,1,High
SUB-00004414,CUST-001275,"Robinson, White and Jones",NC-COMPUTE,Nexus Compute,0,0.21822627817475845,0,Low
SUB-00004415,CUST-001275,"Robinson, White and Jones",NC-CONTAINER,Nexus Container Platform,1,0.8672802449153987,1,Critical
SUB-00004416,CUST-001275,"Robinson, White and Jones",NC-AIMODEL,Nexus AI Models,0,0.2482695936422975,0,Low
SUB-00004417,CUST-001275,"Robinson, White and Jones",NC-AISEARCH,Nexus AI Search,0,0.5637325084624769,1,High
SUB-00004418,CUST-001275,"Robinson, White and Jones",NC-WAREHOUSE,Nexus Data Warehouse,0,0.2576830196623348,0,Medium
SUB-00004419,CUST-001275,"Robinson, White and Jones",NC-INTEGRATION,Nexus Integration,1,0.5690700937867411,1,High
SUB-00004420,CUST-001276,"Moore, Daniels and Powell",NC-WAREHOUSE,Nexus Data Warehouse,0,0.4966375505307273,0,Medium
SUB-00004421,CUST-001276,"Moore, Daniels and Powell",NC-CONTAINER,Nexus Container Platform,1,0.20287442514480783,0,Low
SUB-00004422,CUST-001276,"Moore, Daniels and Powell",NC-COMPUTE,Nexus Compute,0,0.49325854564864746,0,Medium
SUB-00004423,CUST-001277,Walker-Lewis,NC-WAREHOUSE,Nexus Data Warehouse,1,0.19259509039717712,0,Low
SUB-00004424,CUST-001277,Walker-Lewis,NC-AIMODEL,Nexus AI Models,0,0.507856005564471,1,High
SUB-00004425,CUST-001277,Walker-Lewis,NC-AISEARCH,Nexus AI Search,1,0.8221477035365005,1,Critical
SUB-00004426,CUST-001278,Rivera-Carter,NC-SECURITY,Nexus Cloud Security,0,0.21949332547412198,0,Low
SUB-00004427,CUST-001278,Rivera-Carter,NC-STORAGE,Nexus Storage,0,0.5651219250045757,1,High
SUB-00004428,CUST-001278,Rivera-Carter,NC-INTEGRATION,Nexus Integration,0,0.5872113841516095,1,High
SUB-00004429,CUST-001278,Rivera-Carter,NC-CONTAINER,Nexus Container Platform,0,0.5751363314468387,1,High
SUB-00004430,CUST-001278,Rivera-Carter,NC-COMPUTE,Nexus Compute,0,0.5643657186528489,1,High
SUB-00004431,CUST-001278,Rivera-Carter,NC-WAREHOUSE,Nexus Data Warehouse,0,0.5510891035613849,1,High
SUB-00004432,CUST-001279,"Moreno, Barajas and Colon",NC-CONTAINER,Nexus Container Platform,1,0.24808583376641616,0,Low
SUB-00004433,CUST-001279,"Moreno, Barajas and Colon",NC-WAREHOUSE,Nexus Data Warehouse,0,0.24088000607056065,0,Low
SUB-00004434,CUST-001279,"Moreno, Barajas and Colon",NC-ANALYTICS,Nexus Analytics,0,0.5717587590113021,1,High
SUB-00004435,CUST-001279,"Moreno, Barajas and Colon",NC-COMPUTE,Nexus Compute,1,0.5690446590387548,1,High
SUB-00004436,CUST-001280,"Smith, Caldwell and Griffin",NC-STORAGE,Nexus Storage,0,0.22567648561892178,0,Low
SUB-00004437,CUST-001281,"Austin, Oliver and Haley",NC-COMPUTE,Nexus Compute,1,0.827601919651956,1,Critical
SUB-00004438,CUST-001281,"Austin, Oliver and Haley",NC-INTEGRATION,Nexus Integration,1,0.8192620385447223,1,Critical
SUB-00004439,CUST-001281,"Austin, Oliver and Haley",NC-ANALYTICS,Nexus Analytics,0,0.5254155690770134,1,High
SUB-00004440,CUST-001282,"Blackwell, James and Hogan",NC-INTEGRATION,Nexus Integration,1,0.4997860322263737,0,Medium
SUB-00004441,CUST-001282,"Blackwell, James and Hogan",NC-CONTAINER,Nexus Container Platform,1,0.5196780278830587,1,High
SUB-00004442,CUST-001282,"Blackwell, James and Hogan",NC-COMPUTE,Nexus Compute,1,0.8048662801144975,1,Critical
SUB-00004443,CUST-001282,"Blackwell, James and Hogan",NC-SQL,Nexus SQL Database,0,0.5032866976395809,1,High
SUB-00004444,CUST-001283,Cruz PLC,NC-COMPUTE,Nexus Compute,0,0.8401272960701223,1,Critical
SUB-00004445,CUST-001283,Cruz PLC,NC-WAREHOUSE,Nexus Data Warehouse,1,0.5501737911091965,1,High
SUB-00004446,CUST-001283,Cruz PLC,NC-AIMODEL,Nexus AI Models,1,0.8392227016196402,1,Critical
SUB-00004447,CUST-001283,Cruz PLC,NC-ANALYTICS,Nexus Analytics,0,0.22773453583009953,0,Low
SUB-00004448,CUST-001284,"Campbell, Pruitt and Short",NC-COMPUTE,Nexus Compute,1,0.5240958938203888,1,High
SUB-00004449,CUST-001285,Robertson-Hicks,NC-SQL,Nexus SQL Database,1,0.2062670086726763,0,Low
SUB-00004450,CUST-001285,Robertson-Hicks,NC-CONTAINER,Nexus Container Platform,1,0.8193037699746376,1,Critical
SUB-00004451,CUST-001285,Robertson-Hicks,NC-WAREHOUSE,Nexus Data Warehouse,0,0.2198894711325242,0,Low
SUB-00004452,CUST-001286,Williams-Villanueva,NC-INTEGRATION,Nexus Integration,0,0.8151334757989545,1,Critical
SUB-00004453,CUST-001287,Flores Inc,NC-CONTAINER,Nexus Container Platform,0,0.19808856547299103,0,Low
SUB-00004454,CUST-001287,Flores Inc,NC-COMPUTE,Nexus Compute,1,0.8099210792677323,1,Critical
SUB-00004455,CUST-001287,Flores Inc,NC-AIMODEL,Nexus AI Models,0,0.5185400005082198,1,High
SUB-00004456,CUST-001287,Flores Inc,NC-AISEARCH,Nexus AI Search,0,0.20529876803962088,0,Low
SUB-00004457,CUST-001288,Jackson PLC,NC-STORAGE,Nexus Storage,1,0.8075393894710805,1,Critical
SUB-00004458,CUST-001288,Jackson PLC,NC-CONTAINER,Nexus Container Platform,1,0.1840657840396033,0,Low
SUB-00004459,CUST-001288,Jackson PLC,NC-WAREHOUSE,Nexus Data Warehouse,0,0.5056117170702661,1,High
SUB-00004460,CUST-001288,Jackson PLC,NC-INTEGRATION,Nexus Integration,0,0.18343734607099801,0,Low
SUB-00004461,CUST-001288,Jackson PLC,NC-COMPUTE,Nexus Compute,1,0.5017056209603996,1,High
SUB-00004462,CUST-001289,"Smith, Jones and Santiago",NC-SQL,Nexus SQL Database,1,0.28088351971660047,0,Medium
SUB-00004463,CUST-001289,"Smith, Jones and Santiago",NC-ANALYTICS,Nexus Analytics,0,0.521659789846836,1,High
SUB-00004464,CUST-001289,"Smith, Jones and Santiago",NC-COMPUTE,Nexus Compute,0,0.2440301387552565,0,Low
SUB-00004465,CUST-001289,"Smith, Jones and Santiago",NC-SECURITY,Nexus Cloud Security,0,0.2041190005759829,0,Low
SUB-00004466,CUST-001289,"Smith, Jones and Santiago",NC-STORAGE,Nexus Storage,1,0.7928158422047626,1,Critical
SUB-00004467,CUST-001289,"Smith, Jones and Santiago",NC-CONTAINER,Nexus Container Platform,1,0.5222035599049378,1,High
SUB-00004468,CUST-001289,"Smith, Jones and Santiago",NC-WAREHOUSE,Nexus Data Warehouse,1,0.8140604852538528,1,Critical
SUB-00004469,CUST-001289,"Smith, Jones and Santiago",NC-INTEGRATION,Nexus Integration,1,0.7988959701011411,1,Critical
SUB-00004470,CUST-001290,Hancock Group,NC-STORAGE,Nexus Storage,0,0.5051715168514059,1,High
SUB-00004471,CUST-001290,Hancock Group,NC-WAREHOUSE,Nexus Data Warehouse,1,0.8113724690666926,1,Critical
SUB-00004472,CUST-001290,Hancock Group,NC-COMPUTE,Nexus Compute,1,0.821554279072751,1,Critical
SUB-00004473,CUST-001290,Hancock Group,NC-SECURITY,Nexus Cloud Security,1,0.8210906024739522,1,Critical
SUB-00004474,CUST-001291,Harris Ltd,NC-SQL,Nexus SQL Database,1,0.5329007415259636,1,High
SUB-00004475,CUST-001291,Harris Ltd,NC-CONTAINER,Nexus Container Platform,0,0.5466098112523771,1,High
SUB-00004476,CUST-001291,Harris Ltd,NC-ANALYTICS,Nexus Analytics,0,0.549493855417754,1,High
SUB-00004477,CUST-001292,"Rowe, Lucas and Case",NC-INTEGRATION,Nexus Integration,1,0.20795414782439303,0,Low
SUB-00004478,CUST-001293,"Parks, Johnson and Love",NC-SQL,Nexus SQL Database,1,0.484271294320314,0,Medium
SUB-00004479,CUST-001293,"Parks, Johnson and Love",NC-COMPUTE,Nexus Compute,0,0.19503547893316303,0,Low
SUB-00004480,CUST-001293,"Parks, Johnson and Love",NC-CONTAINER,Nexus Container Platform,1,0.4896952681661799,0,Medium
SUB-00004481,CUST-001294,Miller Inc,NC-AIMODEL,Nexus AI Models,0,0.5524291835248262,1,High
SUB-00004482,CUST-001294,Miller Inc,NC-INTEGRATION,Nexus Integration,0,0.2149979480788276,0,Low
SUB-00004483,CUST-001294,Miller Inc,NC-STORAGE,Nexus Storage,0,0.8377745309277961,1,Critical
SUB-00004484,CUST-001294,Miller Inc,NC-COMPUTE,Nexus Compute,0,0.8352324344393699,1,Critical
SUB-00004485,CUST-001294,Miller Inc,NC-AISEARCH,Nexus AI Search,0,0.8410077330416278,1,Critical
SUB-00004486,CUST-001295,Bauer PLC,NC-INTEGRATION,Nexus Integration,0,0.23668340936922352,0,Low
SUB-00004487,CUST-001295,Bauer PLC,NC-STORAGE,Nexus Storage,1,0.2790074368581608,0,Medium
SUB-00004488,CUST-001295,Bauer PLC,NC-COMPUTE,Nexus Compute,0,0.5479811262594494,1,High
SUB-00004489,CUST-001295,Bauer PLC,NC-ANALYTICS,Nexus Analytics,1,0.19307301306073774,0,Low
SUB-00004490,CUST-001295,Bauer PLC,NC-CONTAINER,Nexus Container Platform,1,0.8140279421961008,1,Critical
SUB-00004491,CUST-001295,Bauer PLC,NC-SECURITY,Nexus Cloud Security,0,0.5535576136534701,1,High
SUB-00004492,CUST-001296,Andrews and Sons,NC-WAREHOUSE,Nexus Data Warehouse,1,0.5142622023619687,1,High
SUB-00004493,CUST-001296,Andrews and Sons,NC-STORAGE,Nexus Storage,1,0.8209611784212116,1,Critical
SUB-00004494,CUST-001296,Andrews and Sons,NC-AIMODEL,Nexus AI Models,1,0.8329688944188747,1,Critical
SUB-00004495,CUST-001297,Russell-Hayes,NC-STORAGE,Nexus Storage,1,0.5384268636318993,1,High
SUB-00004496,CUST-001297,Russell-Hayes,NC-SECURITY,Nexus Cloud Security,1,0.5940046210255646,1,High
SUB-00004497,CUST-001297,Russell-Hayes,NC-WAREHOUSE,Nexus Data Warehouse,1,0.17824342990305558,0,Low
SUB-00004498,CUST-001297,Russell-Hayes,NC-CONTAINER,Nexus Container Platform,1,0.8540139559630353,1,Critical
SUB-00004499,CUST-001297,Russell-Hayes,NC-COMPUTE,Nexus Compute,0,0.20050114100204466,0,Low
SUB-00004500,CUST-001297,Russell-Hayes,NC-SQL,Nexus SQL Database,1,0.8578393517466295,1,Critical
SUB-00004501,CUST-001297,Russell-Hayes,NC-ANALYTICS,Nexus Analytics,0,0.2283983443360515,0,Low
SUB-00004502,CUST-001297,Russell-Hayes,NC-INTEGRATION,Nexus Integration,1,0.25294401280002793,0,Medium
SUB-00004503,CUST-001298,Hamilton-Smith,NC-SQL,Nexus SQL Database,0,0.22747013079300207,0,Low
SUB-00004504,CUST-001298,Hamilton-Smith,NC-CONTAINER,Nexus Container Platform,0,0.21064411000175307,0,Low
SUB-00004505,CUST-001298,Hamilton-Smith,NC-INTEGRATION,Nexus Integration,0,0.5469428512347464,1,High
SUB-00004506,CUST-001299,"Wilson, Smith and Cortez",NC-SECURITY,Nexus Cloud Security,0,0.20736509213885493,0,Low
SUB-00004507,CUST-001299,"Wilson, Smith and Cortez",NC-WAREHOUSE,Nexus Data Warehouse,0,0.21966480812576916,0,Low
SUB-00004508,CUST-001299,"Wilson, Smith and Cortez",NC-SQL,Nexus SQL Database,0,0.20885792386177887,0,Low
SUB-00004509,CUST-001300,Avila PLC,NC-SECURITY,Nexus Cloud Security,0,0.2078039829335111,0,Low
SUB-00004510,CUST-001300,Avila PLC,NC-ANALYTICS,Nexus Analytics,0,0.19868047090309218,0,Low
SUB-00004511,CUST-001301,Haynes Inc,NC-SECURITY,Nexus Cloud Security,1,0.8193911270972356,1,Critical
SUB-00004512,CUST-001301,Haynes Inc,NC-ANALYTICS,Nexus Analytics,0,0.8275773957390562,1,Critical
SUB-00004513,CUST-001302,Reilly-Rodriguez,NC-ANALYTICS,Nexus Analytics,0,0.22800339176257367,0,Low
SUB-00004514,CUST-001302,Reilly-Rodriguez,NC-WAREHOUSE,Nexus Data Warehouse,1,0.8286139546864293,1,Critical
SUB-00004515,CUST-001302,Reilly-Rodriguez,NC-SECURITY,Nexus Cloud Security,0,0.22374892236466642,0,Low
SUB-00004516,CUST-001303,"Turner, Miller and Hubbard",NC-INTEGRATION,Nexus Integration,1,0.8270498713839732,1,Critical
SUB-00004517,CUST-001304,James-Short,NC-ANALYTICS,Nexus Analytics,1,0.8222925192100744,1,Critical
SUB-00004518,CUST-001304,James-Short,NC-INTEGRATION,Nexus Integration,1,0.8403550878478914,1,Critical
SUB-00004519,CUST-001304,James-Short,NC-CONTAINER,Nexus Container Platform,1,0.5424443870838481,1,High
SUB-00004520,CUST-001305,Wells PLC,NC-SQL,Nexus SQL Database,0,0.20309336744516965,0,Low
SUB-00004521,CUST-001305,Wells PLC,NC-WAREHOUSE,Nexus Data Warehouse,0,0.49180542784336706,0,Medium
SUB-00004522,CUST-001305,Wells PLC,NC-AIMODEL,Nexus AI Models,1,0.8436872989318064,1,Critical
SUB-00004523,CUST-001305,Wells PLC,NC-ANALYTICS,Nexus Analytics,1,0.857215615136617,1,Critical
SUB-00004524,CUST-001305,Wells PLC,NC-COMPUTE,Nexus Compute,1,0.5032378678505485,1,High
SUB-00004525,CUST-001306,Taylor Group,NC-STORAGE,Nexus Storage,0,0.21741345483269695,0,Low
SUB-00004526,CUST-001306,Taylor Group,NC-INTEGRATION,Nexus Integration,0,0.21823718365882747,0,Low
SUB-00004527,CUST-001306,Taylor Group,NC-CONTAINER,Nexus Container Platform,1,0.5613125738935132,1,High
SUB-00004528,CUST-001306,Taylor Group,NC-SECURITY,Nexus Cloud Security,0,0.2317619215462053,0,Low
SUB-00004529,CUST-001306,Taylor Group,NC-SQL,Nexus SQL Database,1,0.22170899840094319,0,Low
SUB-00004530,CUST-001307,"Phillips, Walters and Evans",NC-INTEGRATION,Nexus Integration,1,0.8085263847172451,1,Critical
SUB-00004531,CUST-001307,"Phillips, Walters and Evans",NC-SECURITY,Nexus Cloud Security,1,0.48226513757894013,0,Medium
SUB-00004532,CUST-001307,"Phillips, Walters and Evans",NC-AISEARCH,Nexus AI Search,0,0.20148676050354103,0,Low
SUB-00004533,CUST-001307,"Phillips, Walters and Evans",NC-SQL,Nexus SQL Database,1,0.18863627259808888,0,Low
SUB-00004534,CUST-001307,"Phillips, Walters and Evans",NC-ANALYTICS,Nexus Analytics,1,0.8125195258798155,1,Critical
SUB-00004535,CUST-001308,"Wong, Bernard and Smith",NC-AIMODEL,Nexus AI Models,0,0.5485202973246777,1,High
SUB-00004536,CUST-001308,"Wong, Bernard and Smith",NC-SQL,Nexus SQL Database,1,0.5373612404879982,1,High
SUB-00004537,CUST-001308,"Wong, Bernard and Smith",NC-STORAGE,Nexus Storage,1,0.5473582136955557,1,High
SUB-00004538,CUST-001309,"Thomas, Williams and Armstrong",NC-INTEGRATION,Nexus Integration,1,0.1848370467672462,0,Low
SUB-00004539,CUST-001309,"Thomas, Williams and Armstrong",NC-CONTAINER,Nexus Container Platform,1,0.8022454752691269,1,Critical
SUB-00004540,CUST-001309,"Thomas, Williams and Armstrong",NC-SECURITY,Nexus Cloud Security,0,0.18390986790989866,0,Low
SUB-00004541,CUST-001309,"Thomas, Williams and Armstrong",NC-ANALYTICS,Nexus Analytics,0,0.8121267497971119,1,Critical
SUB-00004542,CUST-001310,Medina-Arroyo,NC-COMPUTE,Nexus Compute,1,0.8437831591996982,1,Critical
SUB-00004543,CUST-001310,Medina-Arroyo,NC-STORAGE,Nexus Storage,1,0.5576611794387035,1,High
SUB-00004544,CUST-001310,Medina-Arroyo,NC-SECURITY,Nexus Cloud Security,1,0.8416512161989882,1,Critical
SUB-00004545,CUST-001311,Clark-Figueroa,NC-CONTAINER,Nexus Container Platform,1,0.789318294937979,1,Critical
SUB-00004546,CUST-001311,Clark-Figueroa,NC-STORAGE,Nexus Storage,1,0.7892883194858143,1,Critical
SUB-00004547,CUST-001312,"Cooper, Gutierrez and Brewer",NC-SECURITY,Nexus Cloud Security,1,0.5004575820508107,1,High
SUB-00004548,CUST-001312,"Cooper, Gutierrez and Brewer",NC-STORAGE,Nexus Storage,0,0.19583030213058494,0,Low
SUB-00004549,CUST-001313,"Thomas, White and Jensen",NC-INTEGRATION,Nexus Integration,0,0.5135321659287495,1,High
SUB-00004550,CUST-001314,Lee-White,NC-INTEGRATION,Nexus Integration,0,0.2095197816862503,0,Low
SUB-00004551,CUST-001314,Lee-White,NC-WAREHOUSE,Nexus Data Warehouse,0,0.21216438715562597,0,Low
SUB-00004552,CUST-001314,Lee-White,NC-SECURITY,Nexus Cloud Security,0,0.2080140698620661,0,Low
SUB-00004553,CUST-001315,"Phelps, York and Randolph",NC-INTEGRATION,Nexus Integration,1,0.800463666147391,1,Critical
SUB-00004554,CUST-001315,"Phelps, York and Randolph",NC-STORAGE,Nexus Storage,1,0.5011425717476539,1,High
SUB-00004555,CUST-001315,"Phelps, York and Randolph",NC-ANALYTICS,Nexus Analytics,1,0.7955534251629018,1,Critical
SUB-00004556,CUST-001315,"Phelps, York and Randolph",NC-WAREHOUSE,Nexus Data Warehouse,0,0.19668625279292348,0,Low
SUB-00004557,CUST-001315,"Phelps, York and Randolph",NC-SECURITY,Nexus Cloud Security,1,0.8052398673328957,1,Critical
SUB-00004558,CUST-001316,"Murray, Dunn and Roberts",NC-WAREHOUSE,Nexus Data Warehouse,1,0.834493621271032,1,Critical
SUB-00004559,CUST-001317,King and Sons,NC-CONTAINER,Nexus Container Platform,0,0.19836603845038905,0,Low
SUB-00004560,CUST-001318,"Carpenter, Lynn and Howard",NC-CONTAINER,Nexus Container Platform,0,0.19029437154787832,0,Low
SUB-00004561,CUST-001318,"Carpenter, Lynn and Howard",NC-SECURITY,Nexus Cloud Security,1,0.8126013199762805,1,Critical
SUB-00004562,CUST-001319,"Rios, Garcia and Harvey",NC-SQL,Nexus SQL Database,0,0.18769207249821898,0,Low
SUB-00004563,CUST-001319,"Rios, Garcia and Harvey",NC-STORAGE,Nexus Storage,1,0.7841013017062674,1,Critical
SUB-00004564,CUST-001319,"Rios, Garcia and Harvey",NC-SECURITY,Nexus Cloud Security,0,0.4686890989841752,0,Medium
SUB-00004565,CUST-001319,"Rios, Garcia and Harvey",NC-COMPUTE,Nexus Compute,0,0.48598370299179244,0,Medium
SUB-00004566,CUST-001319,"Rios, Garcia and Harvey",NC-CONTAINER,Nexus Container Platform,1,0.7864373159529185,1,Critical
SUB-00004567,CUST-001320,Stewart Group,NC-STORAGE,Nexus Storage,1,0.23242463711696182,0,Low
SUB-00004568,CUST-001320,Stewart Group,NC-COMPUTE,Nexus Compute,0,0.5577114507980615,1,High
SUB-00004569,CUST-001320,Stewart Group,NC-WAREHOUSE,Nexus Data Warehouse,1,0.8442443677411335,1,Critical
SUB-00004570,CUST-001320,Stewart Group,NC-SECURITY,Nexus Cloud Security,1,0.846974474975557,1,Critical
SUB-00004571,CUST-001320,Stewart Group,NC-SQL,Nexus SQL Database,0,0.23959784798655806,0,Low
SUB-00004572,CUST-001321,Jensen-Torres,NC-AIMODEL,Nexus AI Models,1,0.8028191483140117,1,Critical
SUB-00004573,CUST-001321,Jensen-Torres,NC-ANALYTICS,Nexus Analytics,1,0.2271237479071847,0,Low
SUB-00004574,CUST-001321,Jensen-Torres,NC-CONTAINER,Nexus Container Platform,0,0.6009626715226017,1,High
SUB-00004575,CUST-001321,Jensen-Torres,NC-SQL,Nexus SQL Database,0,0.19498924000173354,0,Low
SUB-00004576,CUST-001321,Jensen-Torres,NC-INTEGRATION,Nexus Integration,1,0.8479667095603792,1,Critical
SUB-00004577,CUST-001321,Jensen-Torres,NC-WAREHOUSE,Nexus Data Warehouse,1,0.8530651462903237,1,Critical
SUB-00004578,CUST-001322,"Hernandez, Knight and Aguirre",NC-AISEARCH,Nexus AI Search,1,0.824818889895977,1,Critical
SUB-00004579,CUST-001322,"Hernandez, Knight and Aguirre",NC-WAREHOUSE,Nexus Data Warehouse,1,0.8155322010539403,1,Critical
SUB-00004580,CUST-001322,"Hernandez, Knight and Aguirre",NC-COMPUTE,Nexus Compute,0,0.519129961052584,1,High
SUB-00004581,CUST-001322,"Hernandez, Knight and Aguirre",NC-ANALYTICS,Nexus Analytics,1,0.8214922254048427,1,Critical
SUB-00004582,CUST-001322,"Hernandez, Knight and Aguirre",NC-SECURITY,Nexus Cloud Security,1,0.1963254623288756,0,Low
SUB-00004583,CUST-001323,Jackson-Edwards,NC-CONTAINER,Nexus Container Platform,0,0.20017912866232426,0,Low
SUB-00004584,CUST-001323,Jackson-Edwards,NC-SQL,Nexus SQL Database,0,0.5113964173556363,1,High
SUB-00004585,CUST-001323,Jackson-Edwards,NC-STORAGE,Nexus Storage,0,0.5119277938579367,1,High
SUB-00004586,CUST-001324,Joseph Ltd,NC-COMPUTE,Nexus Compute,1,0.46921314924646096,0,Medium
SUB-00004587,CUST-001324,Joseph Ltd,NC-CONTAINER,Nexus Container Platform,0,0.46839491755186163,0,Medium
SUB-00004588,CUST-001324,Joseph Ltd,NC-ANALYTICS,Nexus Analytics,0,0.1862868875682329,0,Low
SUB-00004589,CUST-001325,Hill-Ward,NC-WAREHOUSE,Nexus Data Warehouse,0,0.22852311824608876,0,Low
SUB-00004590,CUST-001325,Hill-Ward,NC-CONTAINER,Nexus Container Platform,1,0.22571091200835272,0,Low
SUB-00004591,CUST-001325,Hill-Ward,NC-STORAGE,Nexus Storage,0,0.8453165278629485,1,Critical
SUB-00004592,CUST-001326,"Quinn, Humphrey and Ford",NC-SECURITY,Nexus Cloud Security,0,0.23586490993908768,0,Low
SUB-00004593,CUST-001326,"Quinn, Humphrey and Ford",NC-COMPUTE,Nexus Compute,1,0.5647241246644998,1,High
SUB-00004594,CUST-001326,"Quinn, Humphrey and Ford",NC-CONTAINER,Nexus Container Platform,1,0.8437793027746319,1,Critical
SUB-00004595,CUST-001327,Hampton-Tucker,NC-AISEARCH,Nexus AI Search,0,0.5152944619190701,1,High
SUB-00004596,CUST-001327,Hampton-Tucker,NC-STORAGE,Nexus Storage,0,0.47449817562416646,0,Medium
SUB-00004597,CUST-001328,Thompson PLC,NC-SQL,Nexus SQL Database,1,0.2043491209932558,0,Low
SUB-00004598,CUST-001328,Thompson PLC,NC-STORAGE,Nexus Storage,0,0.5158701518793933,1,High
SUB-00004599,CUST-001328,Thompson PLC,NC-COMPUTE,Nexus Compute,0,0.21635322132536436,0,Low
SUB-00004600,CUST-001328,Thompson PLC,NC-WAREHOUSE,Nexus Data Warehouse,1,0.8293152569122116,1,Critical
SUB-00004601,CUST-001329,Wilkinson and Sons,NC-INTEGRATION,Nexus Integration,0,0.21154494231359194,0,Low
SUB-00004602,CUST-001329,Wilkinson and Sons,NC-ANALYTICS,Nexus Analytics,0,0.2142762605918812,0,Low
SUB-00004603,CUST-001330,"Gonzalez, Gross and Sims",NC-SQL,Nexus SQL Database,1,0.8046958627152052,1,Critical
SUB-00004604,CUST-001330,"Gonzalez, Gross and Sims",NC-STORAGE,Nexus Storage,0,0.17832655638689449,0,Low
SUB-00004605,CUST-001330,"Gonzalez, Gross and Sims",NC-SECURITY,Nexus Cloud Security,0,0.17679289283760308,0,Low
SUB-00004606,CUST-001331,"Jones, Smith and Hunter",NC-CONTAINER,Nexus Container Platform,0,0.18921376490153,0,Low
SUB-00004607,CUST-001331,"Jones, Smith and Hunter",NC-COMPUTE,Nexus Compute,0,0.8108701039669713,1,Critical
SUB-00004608,CUST-001331,"Jones, Smith and Hunter",NC-SQL,Nexus SQL Database,0,0.49144530621947646,0,Medium
SUB-00004609,CUST-001331,"Jones, Smith and Hunter",NC-INTEGRATION,Nexus Integration,0,0.8088187920911981,1,Critical
SUB-00004610,CUST-001332,Hess PLC,NC-STORAGE,Nexus Storage,0,0.20278534454808347,0,Low
SUB-00004611,CUST-001332,Hess PLC,NC-COMPUTE,Nexus Compute,0,0.18990682084547614,0,Low
SUB-00004612,CUST-001333,Hammond-Lewis,NC-WAREHOUSE,Nexus Data Warehouse,0,0.22831327159735998,0,Low
SUB-00004613,CUST-001333,Hammond-Lewis,NC-INTEGRATION,Nexus Integration,0,0.547612899190631,1,High
SUB-00004614,CUST-001334,Arnold PLC,NC-SQL,Nexus SQL Database,1,0.5190810557894949,1,High
SUB-00004615,CUST-001334,Arnold PLC,NC-CONTAINER,Nexus Container Platform,1,0.2034512221375616,0,Low
SUB-00004616,CUST-001335,"Kennedy, Rowe and Diaz",NC-CONTAINER,Nexus Container Platform,1,0.7764157422562522,1,Critical
SUB-00004617,CUST-001335,"Kennedy, Rowe and Diaz",NC-ANALYTICS,Nexus Analytics,0,0.1819597576299761,0,Low
SUB-00004618,CUST-001335,"Kennedy, Rowe and Diaz",NC-STORAGE,Nexus Storage,1,0.7994987598419232,1,Critical
SUB-00004619,CUST-001335,"Kennedy, Rowe and Diaz",NC-INTEGRATION,Nexus Integration,1,0.16633826658669776,0,Low
SUB-00004620,CUST-001335,"Kennedy, Rowe and Diaz",NC-SECURITY,Nexus Cloud Security,1,0.45940610057040465,0,Medium
SUB-00004621,CUST-001336,Vance PLC,NC-CONTAINER,Nexus Container Platform,0,0.8102119431359023,1,Critical
SUB-00004622,CUST-001336,Vance PLC,NC-COMPUTE,Nexus Compute,0,0.1981754059652858,0,Low
SUB-00004623,CUST-001337,"Vincent, Anderson and Mason",NC-ANALYTICS,Nexus Analytics,0,0.22540411390485457,0,Low
SUB-00004624,CUST-001337,"Vincent, Anderson and Mason",NC-CONTAINER,Nexus Container Platform,0,0.22598415928715507,0,Low
SUB-00004625,CUST-001337,"Vincent, Anderson and Mason",NC-WAREHOUSE,Nexus Data Warehouse,1,0.5613998406243997,1,High
SUB-00004626,CUST-001338,Sanders PLC,NC-COMPUTE,Nexus Compute,1,0.8361477761575354,1,Critical
SUB-00004627,CUST-001339,Bates PLC,NC-SQL,Nexus SQL Database,1,0.8157410377484471,1,Critical
SUB-00004628,CUST-001339,Bates PLC,NC-ANALYTICS,Nexus Analytics,1,0.815255047361376,1,Critical
SUB-00004629,CUST-001339,Bates PLC,NC-AISEARCH,Nexus AI Search,1,0.5152119237058995,1,High
SUB-00004630,CUST-001339,Bates PLC,NC-COMPUTE,Nexus Compute,0,0.20146381558230714,0,Low
SUB-00004631,CUST-001340,"Martin, Palmer and Griffin",NC-SECURITY,Nexus Cloud Security,0,0.7960826768961171,1,Critical
SUB-00004632,CUST-001340,"Martin, Palmer and Griffin",NC-CONTAINER,Nexus Container Platform,0,0.1780293924001524,0,Low
SUB-00004633,CUST-001340,"Martin, Palmer and Griffin",NC-INTEGRATION,Nexus Integration,0,0.1748336666109352,0,Low
SUB-00004634,CUST-001340,"Martin, Palmer and Griffin",NC-SQL,Nexus SQL Database,1,0.1744830623889932,0,Low
SUB-00004635,CUST-001340,"Martin, Palmer and Griffin",NC-ANALYTICS,Nexus Analytics,0,0.8068474107723597,1,Critical
SUB-00004636,CUST-001340,"Martin, Palmer and Griffin",NC-COMPUTE,Nexus Compute,1,0.7985379852426135,1,Critical
SUB-00004637,CUST-001341,Knight PLC,NC-SQL,Nexus SQL Database,0,0.5191012924118598,1,High
SUB-00004638,CUST-001341,Knight PLC,NC-AIMODEL,Nexus AI Models,0,0.21835223850193747,0,Low
SUB-00004639,CUST-001342,"Brennan, Thomas and Dennis",NC-SQL,Nexus SQL Database,0,0.490377144136244,0,Medium
SUB-00004640,CUST-001343,Williams-Juarez,NC-STORAGE,Nexus Storage,1,0.5093505859896921,1,High
SUB-00004641,CUST-001343,Williams-Juarez,NC-WAREHOUSE,Nexus Data Warehouse,1,0.8254191329917547,1,Critical
SUB-00004642,CUST-001343,Williams-Juarez,NC-SECURITY,Nexus Cloud Security,0,0.2481014409168582,0,Low
SUB-00004643,CUST-001343,Williams-Juarez,NC-ANALYTICS,Nexus Analytics,1,0.5853806912023246,1,High
SUB-00004644,CUST-001343,Williams-Juarez,NC-INTEGRATION,Nexus Integration,1,0.8116684735300463,1,Critical
SUB-00004645,CUST-001344,Brown LLC,NC-AIMODEL,Nexus AI Models,0,0.5383416026919736,1,High
SUB-00004646,CUST-001344,Brown LLC,NC-ANALYTICS,Nexus Analytics,0,0.5075739146298762,1,High
SUB-00004647,CUST-001344,Brown LLC,NC-STORAGE,Nexus Storage,1,0.8191157653309245,1,Critical
SUB-00004648,CUST-001344,Brown LLC,NC-AISEARCH,Nexus AI Search,1,0.5245820271519473,1,High
SUB-00004649,CUST-001344,Brown LLC,NC-COMPUTE,Nexus Compute,1,0.20460589996184445,0,Low
SUB-00004650,CUST-001344,Brown LLC,NC-INTEGRATION,Nexus Integration,0,0.5247636430764115,1,High
SUB-00004651,CUST-001345,Williams and Sons,NC-SQL,Nexus SQL Database,1,0.474616087367443,0,Medium
SUB-00004652,CUST-001346,"Velez, Ward and Harrison",NC-STORAGE,Nexus Storage,1,0.18813136250228807,0,Low
SUB-00004653,CUST-001346,"Velez, Ward and Harrison",NC-AIMODEL,Nexus AI Models,1,0.8072963224319937,1,Critical
SUB-00004654,CUST-001346,"Velez, Ward and Harrison",NC-WAREHOUSE,Nexus Data Warehouse,0,0.5108684252635805,1,High
SUB-00004655,CUST-001346,"Velez, Ward and Harrison",NC-ANALYTICS,Nexus Analytics,1,0.8210386441188767,1,Critical
SUB-00004656,CUST-001346,"Velez, Ward and Harrison",NC-AISEARCH,Nexus AI Search,0,0.22480399287957548,0,Low
SUB-00004657,CUST-001347,Keith-Williams,NC-SECURITY,Nexus Cloud Security,1,0.19478533087755073,0,Low
SUB-00004658,CUST-001347,Keith-Williams,NC-WAREHOUSE,Nexus Data Warehouse,0,0.5270324991557356,1,High
SUB-00004659,CUST-001347,Keith-Williams,NC-STORAGE,Nexus Storage,1,0.8133835437976834,1,Critical
SUB-00004660,CUST-001348,"Nguyen, Padilla and Boyd",NC-STORAGE,Nexus Storage,1,0.2455674178381211,0,Low
SUB-00004661,CUST-001348,"Nguyen, Padilla and Boyd",NC-WAREHOUSE,Nexus Data Warehouse,1,0.2494129793570531,0,Low
SUB-00004662,CUST-001348,"Nguyen, Padilla and Boyd",NC-AISEARCH,Nexus AI Search,1,0.8595343902547182,1,Critical
SUB-00004663,CUST-001348,"Nguyen, Padilla and Boyd",NC-ANALYTICS,Nexus Analytics,1,0.5808374781393518,1,High
SUB-00004664,CUST-001349,Davenport-Baker,NC-SQL,Nexus SQL Database,0,0.5381760527442282,1,High
SUB-00004665,CUST-001350,"Hudson, Bennett and Gray",NC-SQL,Nexus SQL Database,1,0.21206040519056812,0,Low
SUB-00004666,CUST-001350,"Hudson, Bennett and Gray",NC-COMPUTE,Nexus Compute,1,0.5124131069682382,1,High
SUB-00004667,CUST-001350,"Hudson, Bennett and Gray",NC-SECURITY,Nexus Cloud Security,1,0.820180319885181,1,Critical
SUB-00004668,CUST-001351,"Valdez, Houston and Black",NC-STORAGE,Nexus Storage,1,0.22828187979869408,0,Low
SUB-00004669,CUST-001351,"Valdez, Houston and Black",NC-SECURITY,Nexus Cloud Security,1,0.5553862280786312,1,High
SUB-00004670,CUST-001351,"Valdez, Houston and Black",NC-SQL,Nexus SQL Database,0,0.5507913722964525,1,High
SUB-00004671,CUST-001351,"Valdez, Houston and Black",NC-ANALYTICS,Nexus Analytics,1,0.8356336150139725,1,Critical
SUB-00004672,CUST-001351,"Valdez, Houston and Black",NC-CONTAINER,Nexus Container Platform,1,0.2432108785879968,0,Low
SUB-00004673,CUST-001351,"Valdez, Houston and Black",NC-AIMODEL,Nexus AI Models,1,0.5916938846045964,1,High
SUB-00004674,CUST-001351,"Valdez, Houston and Black",NC-INTEGRATION,Nexus Integration,1,0.8415374143648281,1,Critical
SUB-00004675,CUST-001352,Kaufman-Walker,NC-COMPUTE,Nexus Compute,1,0.5184155769195059,1,High
SUB-00004676,CUST-001352,Kaufman-Walker,NC-ANALYTICS,Nexus Analytics,0,0.1996106797356461,0,Low
SUB-00004677,CUST-001352,Kaufman-Walker,NC-CONTAINER,Nexus Container Platform,1,0.20665013795111442,0,Low
SUB-00004678,CUST-001352,Kaufman-Walker,NC-WAREHOUSE,Nexus Data Warehouse,0,0.2083972343926829,0,Low
SUB-00004679,CUST-001353,Gomez-Parrish,NC-AIMODEL,Nexus AI Models,0,0.534471531206435,1,High
SUB-00004680,CUST-001353,Gomez-Parrish,NC-COMPUTE,Nexus Compute,1,0.810567756122155,1,Critical
SUB-00004681,CUST-001353,Gomez-Parrish,NC-STORAGE,Nexus Storage,1,0.5282384153972512,1,High
SUB-00004682,CUST-001353,Gomez-Parrish,NC-INTEGRATION,Nexus Integration,0,0.5092376748651632,1,High
SUB-00004683,CUST-001353,Gomez-Parrish,NC-ANALYTICS,Nexus Analytics,1,0.8125111759340307,1,Critical
SUB-00004684,CUST-001354,Sparks-Eaton,NC-ANALYTICS,Nexus Analytics,1,0.8099954334628476,1,Critical
SUB-00004685,CUST-001354,Sparks-Eaton,NC-WAREHOUSE,Nexus Data Warehouse,1,0.8097644434228042,1,Critical
SUB-00004686,CUST-001355,Shaw and Sons,NC-SQL,Nexus SQL Database,1,0.5315427479485403,1,High
SUB-00004687,CUST-001355,Shaw and Sons,NC-SECURITY,Nexus Cloud Security,1,0.19683161444656047,0,Low
SUB-00004688,CUST-001355,Shaw and Sons,NC-ANALYTICS,Nexus Analytics,0,0.20694058102636517,0,Low
SUB-00004689,CUST-001356,Martin-Jones,NC-SQL,Nexus SQL Database,1,0.8456597397881165,1,Critical
SUB-00004690,CUST-001356,Martin-Jones,NC-STORAGE,Nexus Storage,0,0.8326400086437061,1,Critical
SUB-00004691,CUST-001356,Martin-Jones,NC-INTEGRATION,Nexus Integration,1,0.5441927100819387,1,High
SUB-00004692,CUST-001357,"Campbell, Hernandez and Moore",NC-AIMODEL,Nexus AI Models,0,0.5081829857606752,1,High
SUB-00004693,CUST-001357,"Campbell, Hernandez and Moore",NC-AISEARCH,Nexus AI Search,0,0.2134084349710239,0,Low
SUB-00004694,CUST-001357,"Campbell, Hernandez and Moore",NC-COMPUTE,Nexus Compute,0,0.213716541109647,0,Low
SUB-00004695,CUST-001357,"Campbell, Hernandez and Moore",NC-WAREHOUSE,Nexus Data Warehouse,0,0.20632022398480496,0,Low
SUB-00004696,CUST-001357,"Campbell, Hernandez and Moore",NC-CONTAINER,Nexus Container Platform,1,0.8095103403232196,1,Critical
SUB-00004697,CUST-001357,"Campbell, Hernandez and Moore",NC-INTEGRATION,Nexus Integration,0,0.20803703292109937,0,Low
SUB-00004698,CUST-001357,"Campbell, Hernandez and Moore",NC-SQL,Nexus SQL Database,0,0.5173779050025034,1,High
SUB-00004699,CUST-001358,"Love, Wilson and Hall",NC-INTEGRATION,Nexus Integration,1,0.8140529912296237,1,Critical
SUB-00004700,CUST-001358,"Love, Wilson and Hall",NC-ANALYTICS,Nexus Analytics,1,0.8164998649140832,1,Critical
SUB-00004701,CUST-001358,"Love, Wilson and Hall",NC-CONTAINER,Nexus Container Platform,0,0.5135089389403052,1,High
SUB-00004702,CUST-001359,Cortez-Olson,NC-INTEGRATION,Nexus Integration,1,0.8193019018947363,1,Critical
SUB-00004703,CUST-001359,Cortez-Olson,NC-COMPUTE,Nexus Compute,1,0.8270748914288036,1,Critical
SUB-00004704,CUST-001360,Mendoza-Garza,NC-STORAGE,Nexus Storage,0,0.19241763144497656,0,Low
SUB-00004705,CUST-001360,Mendoza-Garza,NC-SQL,Nexus SQL Database,0,0.1888505559365862,0,Low
SUB-00004706,CUST-001360,Mendoza-Garza,NC-ANALYTICS,Nexus Analytics,1,0.8159382113683022,1,Critical
SUB-00004707,CUST-001360,Mendoza-Garza,NC-COMPUTE,Nexus Compute,0,0.1954674288519948,0,Low
SUB-00004708,CUST-001360,Mendoza-Garza,NC-CONTAINER,Nexus Container Platform,1,0.5073825204696328,1,High
SUB-00004709,CUST-001360,Mendoza-Garza,NC-SECURITY,Nexus Cloud Security,1,0.5265060378807391,1,High
SUB-00004710,CUST-001361,"Whitaker, Johnson and Williams",NC-AISEARCH,Nexus AI Search,1,0.8224964903162081,1,Critical
SUB-00004711,CUST-001361,"Whitaker, Johnson and Williams",NC-ANALYTICS,Nexus Analytics,1,0.5260614847513447,1,High
SUB-00004712,CUST-001361,"Whitaker, Johnson and Williams",NC-AIMODEL,Nexus AI Models,1,0.8224887270463505,1,Critical
SUB-00004713,CUST-001361,"Whitaker, Johnson and Williams",NC-SQL,Nexus SQL Database,1,0.8117473683942814,1,Critical
SUB-00004714,CUST-001361,"Whitaker, Johnson and Williams",NC-WAREHOUSE,Nexus Data Warehouse,0,0.21130832794674032,0,Low
SUB-00004715,CUST-001362,"Vargas, Taylor and Hunt",NC-WAREHOUSE,Nexus Data Warehouse,1,0.8580075793448476,1,Critical
SUB-00004716,CUST-001362,"Vargas, Taylor and Hunt",NC-AIMODEL,Nexus AI Models,1,0.8632312909534403,1,Critical
SUB-00004717,CUST-001362,"Vargas, Taylor and Hunt",NC-STORAGE,Nexus Storage,1,0.877527523756575,1,Critical
SUB-00004718,CUST-001362,"Vargas, Taylor and Hunt",NC-INTEGRATION,Nexus Integration,1,0.851612609614035,1,Critical
SUB-00004719,CUST-001362,"Vargas, Taylor and Hunt",NC-AISEARCH,Nexus AI Search,1,0.8317754785454261,1,Critical
SUB-00004720,CUST-001362,"Vargas, Taylor and Hunt",NC-SECURITY,Nexus Cloud Security,1,0.8262952930651075,1,Critical
SUB-00004721,CUST-001362,"Vargas, Taylor and Hunt",NC-ANALYTICS,Nexus Analytics,0,0.5719248673421523,1,High
SUB-00004722,CUST-001362,"Vargas, Taylor and Hunt",NC-COMPUTE,Nexus Compute,0,0.2509993045964259,0,Medium
SUB-00004723,CUST-001362,"Vargas, Taylor and Hunt",NC-CONTAINER,Nexus Container Platform,0,0.5531296482659801,1,High
SUB-00004724,CUST-001363,"Thomas, Jackson and Nielsen",NC-WAREHOUSE,Nexus Data Warehouse,0,0.2282635032267641,0,Low
SUB-00004725,CUST-001364,"Mullen, Greene and Elliott",NC-INTEGRATION,Nexus Integration,0,0.2402733771769097,0,Low
SUB-00004726,CUST-001365,Johns Ltd,NC-INTEGRATION,Nexus Integration,0,0.5014402252757096,1,High
SUB-00004727,CUST-001365,Johns Ltd,NC-SQL,Nexus SQL Database,1,0.8026467436053809,1,Critical
SUB-00004728,CUST-001365,Johns Ltd,NC-COMPUTE,Nexus Compute,0,0.19787369158030255,0,Low
SUB-00004729,CUST-001365,Johns Ltd,NC-STORAGE,Nexus Storage,1,0.8018854661137921,1,Critical
SUB-00004730,CUST-001365,Johns Ltd,NC-ANALYTICS,Nexus Analytics,0,0.18565966554483074,0,Low
SUB-00004731,CUST-001366,"Nicholson, Valentine and Robinson",NC-WAREHOUSE,Nexus Data Warehouse,1,0.7894935617054825,1,Critical
SUB-00004732,CUST-001366,"Nicholson, Valentine and Robinson",NC-CONTAINER,Nexus Container Platform,0,0.18834446116053213,0,Low
SUB-00004733,CUST-001367,"Haney, Dillon and Jackson",NC-ANALYTICS,Nexus Analytics,1,0.8369507654020741,1,Critical
SUB-00004734,CUST-001367,"Haney, Dillon and Jackson",NC-INTEGRATION,Nexus Integration,1,0.5262109413986432,1,High
SUB-00004735,CUST-001367,"Haney, Dillon and Jackson",NC-SQL,Nexus SQL Database,0,0.5285582319624673,1,High
SUB-00004736,CUST-001367,"Haney, Dillon and Jackson",NC-STORAGE,Nexus Storage,1,0.8225435293439322,1,Critical
SUB-00004737,CUST-001368,Burke-Norton,NC-INTEGRATION,Nexus Integration,1,0.24816217449032055,0,Low
SUB-00004738,CUST-001368,Burke-Norton,NC-SQL,Nexus SQL Database,0,0.8391200316954291,1,Critical
SUB-00004739,CUST-001368,Burke-Norton,NC-SECURITY,Nexus Cloud Security,0,0.23564948518115367,0,Low
SUB-00004740,CUST-001368,Burke-Norton,NC-ANALYTICS,Nexus Analytics,0,0.2400762842487562,0,Low
SUB-00004741,CUST-001368,Burke-Norton,NC-COMPUTE,Nexus Compute,0,0.5502089328688906,1,High
SUB-00004742,CUST-001368,Burke-Norton,NC-WAREHOUSE,Nexus Data Warehouse,1,0.5865604404139658,1,High
SUB-00004743,CUST-001369,Hanson PLC,NC-WAREHOUSE,Nexus Data Warehouse,1,0.518455772073963,1,High
SUB-00004744,CUST-001369,Hanson PLC,NC-COMPUTE,Nexus Compute,1,0.5087990781338645,1,High
SUB-00004745,CUST-001369,Hanson PLC,NC-SQL,Nexus SQL Database,0,0.20591080702296616,0,Low
SUB-00004746,CUST-001370,Jackson-Jennings,NC-CONTAINER,Nexus Container Platform,1,0.1846617267070709,0,Low
SUB-00004747,CUST-001370,Jackson-Jennings,NC-SQL,Nexus SQL Database,1,0.5107742708049614,1,High
SUB-00004748,CUST-001370,Jackson-Jennings,NC-WAREHOUSE,Nexus Data Warehouse,1,0.5093521086899873,1,High
SUB-00004749,CUST-001370,Jackson-Jennings,NC-STORAGE,Nexus Storage,1,0.8088176904987869,1,Critical
SUB-00004750,CUST-001371,Carlson-Jones,NC-ANALYTICS,Nexus Analytics,0,0.19982270670979574,0,Low
SUB-00004751,CUST-001371,Carlson-Jones,NC-SECURITY,Nexus Cloud Security,1,0.18286706490861646,0,Low
SUB-00004752,CUST-001371,Carlson-Jones,NC-WAREHOUSE,Nexus Data Warehouse,1,0.20013109560129988,0,Low
SUB-00004753,CUST-001371,Carlson-Jones,NC-SQL,Nexus SQL Database,0,0.19131174774726928,0,Low
SUB-00004754,CUST-001372,Cruz-Rodriguez,NC-AISEARCH,Nexus AI Search,0,0.21777740628191378,0,Low
SUB-00004755,CUST-001372,Cruz-Rodriguez,NC-SECURITY,Nexus Cloud Security,1,0.5237517675115725,1,High
SUB-00004756,CUST-001372,Cruz-Rodriguez,NC-ANALYTICS,Nexus Analytics,1,0.8299537567641724,1,Critical
SUB-00004757,CUST-001372,Cruz-Rodriguez,NC-COMPUTE,Nexus Compute,1,0.5065244478462841,1,High
SUB-00004758,CUST-001373,Mills PLC,NC-AISEARCH,Nexus AI Search,1,0.8151092650834201,1,Critical
SUB-00004759,CUST-001373,Mills PLC,NC-COMPUTE,Nexus Compute,1,0.8134105369516087,1,Critical
SUB-00004760,CUST-001373,Mills PLC,NC-SQL,Nexus SQL Database,0,0.48650954588302525,0,Medium
SUB-00004761,CUST-001373,Mills PLC,NC-CONTAINER,Nexus Container Platform,1,0.7903284771699669,1,Critical
SUB-00004762,CUST-001373,Mills PLC,NC-INTEGRATION,Nexus Integration,0,0.2034508891019701,0,Low
SUB-00004763,CUST-001373,Mills PLC,NC-AIMODEL,Nexus AI Models,1,0.530499485640525,1,High
SUB-00004764,CUST-001374,"Barnes, Hernandez and Davis",NC-STORAGE,Nexus Storage,0,0.26822570507172566,0,Medium
SUB-00004765,CUST-001374,"Barnes, Hernandez and Davis",NC-WAREHOUSE,Nexus Data Warehouse,1,0.7986813999738598,1,Critical
SUB-00004766,CUST-001374,"Barnes, Hernandez and Davis",NC-SECURITY,Nexus Cloud Security,0,0.5215764354869463,1,High
SUB-00004767,CUST-001374,"Barnes, Hernandez and Davis",NC-SQL,Nexus SQL Database,1,0.5573078163008617,1,High
SUB-00004768,CUST-001374,"Barnes, Hernandez and Davis",NC-INTEGRATION,Nexus Integration,1,0.8636585985582877,1,Critical
SUB-00004769,CUST-001374,"Barnes, Hernandez and Davis",NC-CONTAINER,Nexus Container Platform,1,0.5873100059879145,1,High
SUB-00004770,CUST-001374,"Barnes, Hernandez and Davis",NC-ANALYTICS,Nexus Analytics,0,0.20646557045075142,0,Low
SUB-00004771,CUST-001375,Valenzuela-Greene,NC-ANALYTICS,Nexus Analytics,0,0.19204020634259267,0,Low
SUB-00004772,CUST-001375,Valenzuela-Greene,NC-SECURITY,Nexus Cloud Security,1,0.49072684479738243,0,Medium
SUB-00004773,CUST-001375,Valenzuela-Greene,NC-WAREHOUSE,Nexus Data Warehouse,0,0.20485558517144165,0,Low
SUB-00004774,CUST-001376,"Gordon, Wilson and Olson",NC-ANALYTICS,Nexus Analytics,0,0.2349434102890119,0,Low
SUB-00004775,CUST-001376,"Gordon, Wilson and Olson",NC-SQL,Nexus SQL Database,1,0.8401648369671402,1,Critical
SUB-00004776,CUST-001376,"Gordon, Wilson and Olson",NC-SECURITY,Nexus Cloud Security,1,0.8483052487815225,1,Critical
SUB-00004777,CUST-001376,"Gordon, Wilson and Olson",NC-COMPUTE,Nexus Compute,0,0.23127499055959602,0,Low
SUB-00004778,CUST-001376,"Gordon, Wilson and Olson",NC-WAREHOUSE,Nexus Data Warehouse,0,0.560848815028783,1,High
SUB-00004779,CUST-001377,Winters PLC,NC-SECURITY,Nexus Cloud Security,1,0.5331750898453801,1,High
SUB-00004780,CUST-001377,Winters PLC,NC-CONTAINER,Nexus Container Platform,0,0.21739891996995644,0,Low
SUB-00004781,CUST-001377,Winters PLC,NC-INTEGRATION,Nexus Integration,1,0.20768767205444735,0,Low
SUB-00004782,CUST-001378,Prince Ltd,NC-SECURITY,Nexus Cloud Security,0,0.21017975472577,0,Low
SUB-00004783,CUST-001378,Prince Ltd,NC-INTEGRATION,Nexus Integration,0,0.21170226785922824,0,Low
SUB-00004784,CUST-001379,"Reynolds, Fisher and Golden",NC-SQL,Nexus SQL Database,1,0.5171138749027796,1,High
SUB-00004785,CUST-001380,"Moreno, Perez and Lang",NC-STORAGE,Nexus Storage,0,0.20999875861057737,0,Low
SUB-00004786,CUST-001380,"Moreno, Perez and Lang",NC-SQL,Nexus SQL Database,0,0.21339844343568679,0,Low
SUB-00004787,CUST-001380,"Moreno, Perez and Lang",NC-WAREHOUSE,Nexus Data Warehouse,1,0.5178444445277749,1,High
SUB-00004788,CUST-001380,"Moreno, Perez and Lang",NC-INTEGRATION,Nexus Integration,0,0.19522952072161592,0,Low
SUB-00004789,CUST-001380,"Moreno, Perez and Lang",NC-CONTAINER,Nexus Container Platform,1,0.5068261572535995,1,High
SUB-00004790,CUST-001381,Bell-Ballard,NC-WAREHOUSE,Nexus Data Warehouse,1,0.5558384729000334,1,High
SUB-00004791,CUST-001381,Bell-Ballard,NC-STORAGE,Nexus Storage,1,0.24297795089068014,0,Low
SUB-00004792,CUST-001381,Bell-Ballard,NC-COMPUTE,Nexus Compute,1,0.24110598177457265,0,Low
SUB-00004793,CUST-001381,Bell-Ballard,NC-SQL,Nexus SQL Database,1,0.849794315790381,1,Critical
SUB-00004794,CUST-001382,"Johnston, Coleman and Scott",NC-SQL,Nexus SQL Database,1,0.547301122291882,1,High
SUB-00004795,CUST-001382,"Johnston, Coleman and Scott",NC-COMPUTE,Nexus Compute,1,0.5621573037109943,1,High
SUB-00004796,CUST-001382,"Johnston, Coleman and Scott",NC-AIMODEL,Nexus AI Models,1,0.5629254020235123,1,High
SUB-00004797,CUST-001382,"Johnston, Coleman and Scott",NC-INTEGRATION,Nexus Integration,1,0.8469422677991021,1,Critical
SUB-00004798,CUST-001382,"Johnston, Coleman and Scott",NC-ANALYTICS,Nexus Analytics,1,0.861862427216178,1,Critical
SUB-00004799,CUST-001382,"Johnston, Coleman and Scott",NC-SECURITY,Nexus Cloud Security,1,0.8404475552795684,1,Critical
SUB-00004800,CUST-001383,Kent Inc,NC-WAREHOUSE,Nexus Data Warehouse,1,0.8026365622462655,1,Critical
SUB-00004801,CUST-001383,Kent Inc,NC-SQL,Nexus SQL Database,0,0.17818985459949332,0,Low
SUB-00004802,CUST-001384,George-Stephens,NC-WAREHOUSE,Nexus Data Warehouse,0,0.19873284565758698,0,Low
SUB-00004803,CUST-001385,Lopez-Fletcher,NC-STORAGE,Nexus Storage,1,0.511126986645004,1,High
SUB-00004804,CUST-001385,Lopez-Fletcher,NC-ANALYTICS,Nexus Analytics,1,0.7930730437068013,1,Critical
SUB-00004805,CUST-001385,Lopez-Fletcher,NC-SQL,Nexus SQL Database,1,0.7964556363289718,1,Critical
SUB-00004806,CUST-001386,Lane Inc,NC-SQL,Nexus SQL Database,0,0.4979929039842237,0,Medium
SUB-00004807,CUST-001386,Lane Inc,NC-AIMODEL,Nexus AI Models,0,0.18782045977238962,0,Low
SUB-00004808,CUST-001386,Lane Inc,NC-COMPUTE,Nexus Compute,0,0.1746458543030029,0,Low
SUB-00004809,CUST-001387,"Smith, Pena and Watts",NC-AIMODEL,Nexus AI Models,1,0.5650497533200685,1,High
SUB-00004810,CUST-001387,"Smith, Pena and Watts",NC-SECURITY,Nexus Cloud Security,0,0.22872283368659468,0,Low
SUB-00004811,CUST-001387,"Smith, Pena and Watts",NC-AISEARCH,Nexus AI Search,0,0.23518498516139164,0,Low
SUB-00004812,CUST-001387,"Smith, Pena and Watts",NC-COMPUTE,Nexus Compute,0,0.8250143613445695,1,Critical
SUB-00004813,CUST-001387,"Smith, Pena and Watts",NC-INTEGRATION,Nexus Integration,1,0.21754900001338523,0,Low
SUB-00004814,CUST-001388,Ortiz-Rodriguez,NC-AISEARCH,Nexus AI Search,0,0.19731980201102134,0,Low
SUB-00004815,CUST-001388,Ortiz-Rodriguez,NC-STORAGE,Nexus Storage,0,0.19582658088038107,0,Low
SUB-00004816,CUST-001388,Ortiz-Rodriguez,NC-AIMODEL,Nexus AI Models,0,0.2188670946620017,0,Low
SUB-00004817,CUST-001388,Ortiz-Rodriguez,NC-SQL,Nexus SQL Database,1,0.5466213229483432,1,High
SUB-00004818,CUST-001388,Ortiz-Rodriguez,NC-SECURITY,Nexus Cloud Security,1,0.8449098156266354,1,Critical
SUB-00004819,CUST-001388,Ortiz-Rodriguez,NC-INTEGRATION,Nexus Integration,0,0.18327983738061748,0,Low
SUB-00004820,CUST-001388,Ortiz-Rodriguez,NC-WAREHOUSE,Nexus Data Warehouse,0,0.5145315728976595,1,High
SUB-00004821,CUST-001388,Ortiz-Rodriguez,NC-ANALYTICS,Nexus Analytics,0,0.4721826005199685,0,Medium
SUB-00004822,CUST-001389,Pearson-King,NC-COMPUTE,Nexus Compute,1,0.4904083316756724,0,Medium
SUB-00004823,CUST-001389,Pearson-King,NC-ANALYTICS,Nexus Analytics,0,0.47425035714260283,0,Medium
SUB-00004824,CUST-001390,"Henderson, Diaz and Hill",NC-STORAGE,Nexus Storage,1,0.8210397531406616,1,Critical
SUB-00004825,CUST-001390,"Henderson, Diaz and Hill",NC-SECURITY,Nexus Cloud Security,0,0.19505111705316994,0,Low
SUB-00004826,CUST-001391,"Sanders, Harris and Arnold",NC-INTEGRATION,Nexus Integration,1,0.8081763194221874,1,Critical
SUB-00004827,CUST-001391,"Sanders, Harris and Arnold",NC-WAREHOUSE,Nexus Data Warehouse,0,0.528207857010392,1,High
SUB-00004828,CUST-001391,"Sanders, Harris and Arnold",NC-STORAGE,Nexus Storage,1,0.8204377920775887,1,Critical
SUB-00004829,CUST-001392,"Olson, Wood and Peters",NC-ANALYTICS,Nexus Analytics,0,0.21401933936963385,0,Low
SUB-00004830,CUST-001392,"Olson, Wood and Peters",NC-COMPUTE,Nexus Compute,0,0.20042594697035895,0,Low
SUB-00004831,CUST-001392,"Olson, Wood and Peters",NC-INTEGRATION,Nexus Integration,1,0.20242910667269168,0,Low
SUB-00004832,CUST-001392,"Olson, Wood and Peters",NC-CONTAINER,Nexus Container Platform,1,0.19729730694804468,0,Low
SUB-00004833,CUST-001392,"Olson, Wood and Peters",NC-SQL,Nexus SQL Database,1,0.8169015327796412,1,Critical
SUB-00004834,CUST-001393,Hinton-Lane,NC-STORAGE,Nexus Storage,1,0.23502157085276731,0,Low
SUB-00004835,CUST-001393,Hinton-Lane,NC-CONTAINER,Nexus Container Platform,1,0.8304227408199905,1,Critical
SUB-00004836,CUST-001393,Hinton-Lane,NC-SECURITY,Nexus Cloud Security,1,0.8387127927188858,1,Critical
SUB-00004837,CUST-001393,Hinton-Lane,NC-WAREHOUSE,Nexus Data Warehouse,1,0.834851102066105,1,Critical
SUB-00004838,CUST-001393,Hinton-Lane,NC-INTEGRATION,Nexus Integration,0,0.22531231245552974,0,Low
SUB-00004839,CUST-001394,"Sanders, Taylor and Shields",NC-SECURITY,Nexus Cloud Security,0,0.1843089054320835,0,Low
SUB-00004840,CUST-001395,Adkins Group,NC-STORAGE,Nexus Storage,1,0.1967565528252503,0,Low
SUB-00004841,CUST-001395,Adkins Group,NC-INTEGRATION,Nexus Integration,1,0.8057634975351087,1,Critical
SUB-00004842,CUST-001395,Adkins Group,NC-COMPUTE,Nexus Compute,1,0.49752285000249274,0,Medium
SUB-00004843,CUST-001395,Adkins Group,NC-CONTAINER,Nexus Container Platform,0,0.4995986870040408,0,Medium
SUB-00004844,CUST-001395,Adkins Group,NC-SQL,Nexus SQL Database,0,0.2078594300836101,0,Low
SUB-00004845,CUST-001396,"Avery, Garcia and Romero",NC-INTEGRATION,Nexus Integration,1,0.793508394082411,1,Critical
SUB-00004846,CUST-001396,"Avery, Garcia and Romero",NC-WAREHOUSE,Nexus Data Warehouse,1,0.7916999106201562,1,Critical
SUB-00004847,CUST-001396,"Avery, Garcia and Romero",NC-SECURITY,Nexus Cloud Security,1,0.8007867214490624,1,Critical
SUB-00004848,CUST-001397,Owen-Mendez,NC-ANALYTICS,Nexus Analytics,1,0.8174371117115659,1,Critical
SUB-00004849,CUST-001398,"Mann, Martin and Oconnell",NC-ANALYTICS,Nexus Analytics,0,0.5110080808352621,1,High
SUB-00004850,CUST-001398,"Mann, Martin and Oconnell",NC-WAREHOUSE,Nexus Data Warehouse,0,0.19181666986178134,0,Low
SUB-00004851,CUST-001399,Brock and Sons,NC-SECURITY,Nexus Cloud Security,1,0.17233954476405505,0,Low
SUB-00004852,CUST-001399,Brock and Sons,NC-CONTAINER,Nexus Container Platform,1,0.4956756830744308,0,Medium
SUB-00004853,CUST-001399,Brock and Sons,NC-SQL,Nexus SQL Database,1,0.19426535713898835,0,Low
SUB-00004854,CUST-001399,Brock and Sons,NC-INTEGRATION,Nexus Integration,1,0.7986694293224883,1,Critical
SUB-00004855,CUST-001399,Brock and Sons,NC-COMPUTE,Nexus Compute,1,0.49145890666552366,0,Medium
SUB-00004856,CUST-001399,Brock and Sons,NC-STORAGE,Nexus Storage,1,0.7965415089093014,1,Critical
SUB-00004857,CUST-001399,Brock and Sons,NC-WAREHOUSE,Nexus Data Warehouse,1,0.5107077310771303,1,High
SUB-00004858,CUST-001400,Frost-Graham,NC-CONTAINER,Nexus Container Platform,1,0.8492741049641145,1,Critical
SUB-00004859,CUST-001400,Frost-Graham,NC-STORAGE,Nexus Storage,1,0.574181710068513,1,High
SUB-00004860,CUST-001400,Frost-Graham,NC-COMPUTE,Nexus Compute,1,0.5813557408337748,1,High
SUB-00004861,CUST-001400,Frost-Graham,NC-WAREHOUSE,Nexus Data Warehouse,0,0.568746852476841,1,High
SUB-00004862,CUST-001400,Frost-Graham,NC-ANALYTICS,Nexus Analytics,1,0.2430133855121884,0,Low
SUB-00004863,CUST-001400,Frost-Graham,NC-INTEGRATION,Nexus Integration,1,0.8324991815492971,1,Critical
SUB-00004864,CUST-001401,Baker LLC,NC-COMPUTE,Nexus Compute,0,0.4820804292053231,0,Medium
SUB-00004865,CUST-001401,Baker LLC,NC-SQL,Nexus SQL Database,1,0.8022844544203808,1,Critical
SUB-00004866,CUST-001401,Baker LLC,NC-SECURITY,Nexus Cloud Security,0,0.5093964003026077,1,High
SUB-00004867,CUST-001401,Baker LLC,NC-WAREHOUSE,Nexus Data Warehouse,1,0.8039916819464521,1,Critical
SUB-00004868,CUST-001402,Lynch Ltd,NC-WAREHOUSE,Nexus Data Warehouse,0,0.1687304627937994,0,Low
SUB-00004869,CUST-001402,Lynch Ltd,NC-SECURITY,Nexus Cloud Security,1,0.7730223187154625,1,Critical
SUB-00004870,CUST-001403,Arias-Morales,NC-AIMODEL,Nexus AI Models,1,0.23097567481092143,0,Low
SUB-00004871,CUST-001403,Arias-Morales,NC-WAREHOUSE,Nexus Data Warehouse,0,0.5375559726117808,1,High
SUB-00004872,CUST-001403,Arias-Morales,NC-ANALYTICS,Nexus Analytics,0,0.21423077169365878,0,Low
SUB-00004873,CUST-001404,"Meyer, Dawson and Harper",NC-INTEGRATION,Nexus Integration,0,0.18752513222751263,0,Low
SUB-00004874,CUST-001404,"Meyer, Dawson and Harper",NC-SECURITY,Nexus Cloud Security,0,0.49130984374856645,0,Medium
SUB-00004875,CUST-001404,"Meyer, Dawson and Harper",NC-CONTAINER,Nexus Container Platform,0,0.19106315016580538,0,Low
SUB-00004876,CUST-001404,"Meyer, Dawson and Harper",NC-WAREHOUSE,Nexus Data Warehouse,1,0.5118191340365306,1,High
SUB-00004877,CUST-001404,"Meyer, Dawson and Harper",NC-SQL,Nexus SQL Database,1,0.8129088527616445,1,Critical
SUB-00004878,CUST-001404,"Meyer, Dawson and Harper",NC-COMPUTE,Nexus Compute,0,0.18297964227599256,0,Low
SUB-00004879,CUST-001404,"Meyer, Dawson and Harper",NC-STORAGE,Nexus Storage,1,0.8120881340074405,1,Critical
SUB-00004880,CUST-001405,Bowman Group,NC-SECURITY,Nexus Cloud Security,0,0.23166773660175924,0,Low
SUB-00004881,CUST-001405,Bowman Group,NC-WAREHOUSE,Nexus Data Warehouse,1,0.8345593205143076,1,Critical
SUB-00004882,CUST-001405,Bowman Group,NC-CONTAINER,Nexus Container Platform,0,0.559595957276189,1,High
SUB-00004883,CUST-001406,Harris Ltd,NC-WAREHOUSE,Nexus Data Warehouse,0,0.4942768720810727,0,Medium
SUB-00004884,CUST-001406,Harris Ltd,NC-AISEARCH,Nexus AI Search,1,0.8137294198586414,1,Critical
SUB-00004885,CUST-001407,"Mitchell, Johnson and Greene",NC-COMPUTE,Nexus Compute,1,0.7750773080727126,1,Critical
SUB-00004886,CUST-001407,"Mitchell, Johnson and Greene",NC-INTEGRATION,Nexus Integration,0,0.1777047870360438,0,Low
SUB-00004887,CUST-001407,"Mitchell, Johnson and Greene",NC-SQL,Nexus SQL Database,0,0.17221660596685123,0,Low
SUB-00004888,CUST-001408,"Hale, Gilbert and Craig",NC-SQL,Nexus SQL Database,0,0.8132743254785532,1,Critical
SUB-00004889,CUST-001408,"Hale, Gilbert and Craig",NC-ANALYTICS,Nexus Analytics,1,0.8254159891321591,1,Critical
SUB-00004890,CUST-001408,"Hale, Gilbert and Craig",NC-CONTAINER,Nexus Container Platform,1,0.5070751475026875,1,High
SUB-00004891,CUST-001409,Allen-Smith,NC-COMPUTE,Nexus Compute,0,0.5290226634574688,1,High
SUB-00004892,CUST-001409,Allen-Smith,NC-SECURITY,Nexus Cloud Security,0,0.8152547680263678,1,Critical
SUB-00004893,CUST-001409,Allen-Smith,NC-WAREHOUSE,Nexus Data Warehouse,0,0.5564340654464326,1,High
SUB-00004894,CUST-001409,Allen-Smith,NC-ANALYTICS,Nexus Analytics,1,0.835696494162058,1,Critical
SUB-00004895,CUST-001409,Allen-Smith,NC-STORAGE,Nexus Storage,0,0.5424272336562742,1,High
SUB-00004896,CUST-001409,Allen-Smith,NC-CONTAINER,Nexus Container Platform,1,0.8360452460304921,1,Critical
SUB-00004897,CUST-001409,Allen-Smith,NC-INTEGRATION,Nexus Integration,1,0.4732929054385067,0,Medium
SUB-00004898,CUST-001409,Allen-Smith,NC-SQL,Nexus SQL Database,1,0.8229153324734453,1,Critical
SUB-00004899,CUST-001410,Miller LLC,NC-CONTAINER,Nexus Container Platform,1,0.8271741088406516,1,Critical
SUB-00004900,CUST-001411,Gomez-Foster,NC-STORAGE,Nexus Storage,1,0.8403823177546867,1,Critical
SUB-00004901,CUST-001411,Gomez-Foster,NC-CONTAINER,Nexus Container Platform,1,0.838828804538567,1,Critical
SUB-00004902,CUST-001412,"Gonzalez, Smith and Padilla",NC-SECURITY,Nexus Cloud Security,1,0.7954183156768303,1,Critical
SUB-00004903,CUST-001412,"Gonzalez, Smith and Padilla",NC-CONTAINER,Nexus Container Platform,1,0.507136963095395,1,High
SUB-00004904,CUST-001413,Dunn Ltd,NC-SQL,Nexus SQL Database,1,0.8246576168274672,1,Critical
SUB-00004905,CUST-001413,Dunn Ltd,NC-INTEGRATION,Nexus Integration,0,0.5265892561435456,1,High
SUB-00004906,CUST-001413,Dunn Ltd,NC-AISEARCH,Nexus AI Search,0,0.5688368391643318,1,High
SUB-00004907,CUST-001414,"Herman, Bailey and Richmond",NC-CONTAINER,Nexus Container Platform,1,0.22537371698577205,0,Low
SUB-00004908,CUST-001414,"Herman, Bailey and Richmond",NC-SQL,Nexus SQL Database,1,0.8360176612110881,1,Critical
SUB-00004909,CUST-001414,"Herman, Bailey and Richmond",NC-INTEGRATION,Nexus Integration,1,0.21160359087115693,0,Low
SUB-00004910,CUST-001415,Perez-Mccarty,NC-AISEARCH,Nexus AI Search,1,0.5595081863913449,1,High
SUB-00004911,CUST-001415,Perez-Mccarty,NC-COMPUTE,Nexus Compute,0,0.22507103739526366,0,Low
SUB-00004912,CUST-001415,Perez-Mccarty,NC-SQL,Nexus SQL Database,1,0.8630178587269541,1,Critical
SUB-00004913,CUST-001415,Perez-Mccarty,NC-ANALYTICS,Nexus Analytics,1,0.248769730792165,0,Low
SUB-00004914,CUST-001415,Perez-Mccarty,NC-STORAGE,Nexus Storage,1,0.8297146195423112,1,Critical
SUB-00004915,CUST-001415,Perez-Mccarty,NC-SECURITY,Nexus Cloud Security,1,0.8492525176980341,1,Critical
SUB-00004916,CUST-001415,Perez-Mccarty,NC-INTEGRATION,Nexus Integration,1,0.23747803871500706,0,Low
SUB-00004917,CUST-001415,Perez-Mccarty,NC-WAREHOUSE,Nexus Data Warehouse,0,0.5371684417936099,1,High
SUB-00004918,CUST-001415,Perez-Mccarty,NC-CONTAINER,Nexus Container Platform,1,0.25477162282103155,0,Medium
SUB-00004919,CUST-001416,Spears-Andrews,NC-STORAGE,Nexus Storage,1,0.19174262061460653,0,Low
SUB-00004920,CUST-001416,Spears-Andrews,NC-ANALYTICS,Nexus Analytics,1,0.20965616544213728,0,Low
SUB-00004921,CUST-001416,Spears-Andrews,NC-COMPUTE,Nexus Compute,1,0.8188753364699076,1,Critical
SUB-00004922,CUST-001416,Spears-Andrews,NC-SQL,Nexus SQL Database,1,0.8157933418215295,1,Critical
SUB-00004923,CUST-001416,Spears-Andrews,NC-WAREHOUSE,Nexus Data Warehouse,1,0.5012087581657145,1,High
SUB-00004924,CUST-001417,Thompson-Hunter,NC-ANALYTICS,Nexus Analytics,0,0.17850373589008608,0,Low
SUB-00004925,CUST-001418,"Jones, Phillips and Arroyo",NC-INTEGRATION,Nexus Integration,1,0.5344833546238409,1,High
SUB-00004926,CUST-001418,"Jones, Phillips and Arroyo",NC-CONTAINER,Nexus Container Platform,1,0.21705758896053381,0,Low
SUB-00004927,CUST-001418,"Jones, Phillips and Arroyo",NC-SQL,Nexus SQL Database,1,0.5174308144156375,1,High
SUB-00004928,CUST-001419,"Frye, Walter and Li",NC-SECURITY,Nexus Cloud Security,1,0.7848652359218102,1,Critical
SUB-00004929,CUST-001419,"Frye, Walter and Li",NC-SQL,Nexus SQL Database,1,0.8388712208566664,1,Critical
SUB-00004930,CUST-001419,"Frye, Walter and Li",NC-STORAGE,Nexus Storage,0,0.19889541229836766,0,Low
SUB-00004931,CUST-001419,"Frye, Walter and Li",NC-INTEGRATION,Nexus Integration,1,0.8477187243793743,1,Critical
SUB-00004932,CUST-001419,"Frye, Walter and Li",NC-ANALYTICS,Nexus Analytics,0,0.22019181575943106,0,Low
SUB-00004933,CUST-001419,"Frye, Walter and Li",NC-COMPUTE,Nexus Compute,0,0.5257366148004694,1,High
SUB-00004934,CUST-001419,"Frye, Walter and Li",NC-CONTAINER,Nexus Container Platform,1,0.8021730049402827,1,Critical
SUB-00004935,CUST-001419,"Frye, Walter and Li",NC-WAREHOUSE,Nexus Data Warehouse,1,0.19573779588111456,0,Low
SUB-00004936,CUST-001420,"Wright, Ramos and Bennett",NC-STORAGE,Nexus Storage,0,0.49955595928552754,0,Medium
SUB-00004937,CUST-001420,"Wright, Ramos and Bennett",NC-SQL,Nexus SQL Database,1,0.8195111848394652,1,Critical
SUB-00004938,CUST-001420,"Wright, Ramos and Bennett",NC-INTEGRATION,Nexus Integration,0,0.5048388515972181,1,High
SUB-00004939,CUST-001421,Carrillo-Todd,NC-SQL,Nexus SQL Database,1,0.22813663369808285,0,Low
SUB-00004940,CUST-001421,Carrillo-Todd,NC-COMPUTE,Nexus Compute,1,0.8226134337020939,1,Critical
SUB-00004941,CUST-001421,Carrillo-Todd,NC-INTEGRATION,Nexus Integration,1,0.5469734604739563,1,High
SUB-00004942,CUST-001422,Maldonado-Mosley,NC-ANALYTICS,Nexus Analytics,1,0.8604557401792711,1,Critical
SUB-00004943,CUST-001422,Maldonado-Mosley,NC-SECURITY,Nexus Cloud Security,0,0.19161769095713785,0,Low
SUB-00004944,CUST-001422,Maldonado-Mosley,NC-WAREHOUSE,Nexus Data Warehouse,1,0.5359320328814496,1,High
SUB-00004945,CUST-001422,Maldonado-Mosley,NC-AIMODEL,Nexus AI Models,0,0.7982379854575319,1,Critical
SUB-00004946,CUST-001422,Maldonado-Mosley,NC-COMPUTE,Nexus Compute,1,0.8505509237754131,1,Critical
SUB-00004947,CUST-001422,Maldonado-Mosley,NC-CONTAINER,Nexus Container Platform,1,0.2205657285413489,0,Low
SUB-00004948,CUST-001423,Olson LLC,NC-WAREHOUSE,Nexus Data Warehouse,0,0.24043043681581514,0,Low
SUB-00004949,CUST-001423,Olson LLC,NC-SECURITY,Nexus Cloud Security,0,0.22192578595716786,0,Low
SUB-00004950,CUST-001424,Reyes and Sons,NC-SECURITY,Nexus Cloud Security,1,0.5247283944744355,1,High
SUB-00004951,CUST-001424,Reyes and Sons,NC-CONTAINER,Nexus Container Platform,0,0.21199678354412332,0,Low
SUB-00004952,CUST-001425,"Haynes, Mcbride and Gutierrez",NC-SECURITY,Nexus Cloud Security,1,0.19409585837287482,0,Low
SUB-00004953,CUST-001426,Black-Smith,NC-SQL,Nexus SQL Database,0,0.5520937794643366,1,High
SUB-00004954,CUST-001426,Black-Smith,NC-INTEGRATION,Nexus Integration,0,0.5453967469036252,1,High
SUB-00004955,CUST-001426,Black-Smith,NC-AIMODEL,Nexus AI Models,0,0.8466839645335774,1,Critical
SUB-00004956,CUST-001426,Black-Smith,NC-CONTAINER,Nexus Container Platform,0,0.2002366324401999,0,Low
SUB-00004957,CUST-001426,Black-Smith,NC-SECURITY,Nexus Cloud Security,1,0.8361518777448942,1,Critical
SUB-00004958,CUST-001426,Black-Smith,NC-AISEARCH,Nexus AI Search,0,0.5237383637120522,1,High
SUB-00004959,CUST-001426,Black-Smith,NC-COMPUTE,Nexus Compute,0,0.8473133913105309,1,Critical
SUB-00004960,CUST-001426,Black-Smith,NC-ANALYTICS,Nexus Analytics,0,0.5329525610348846,1,High
SUB-00004961,CUST-001426,Black-Smith,NC-STORAGE,Nexus Storage,0,0.5190909026368542,1,High
SUB-00004962,CUST-001427,Wright-Davis,NC-COMPUTE,Nexus Compute,1,0.8343145277107115,1,Critical
SUB-00004963,CUST-001427,Wright-Davis,NC-STORAGE,Nexus Storage,0,0.23999588213901377,0,Low
SUB-00004964,CUST-001427,Wright-Davis,NC-WAREHOUSE,Nexus Data Warehouse,0,0.5522750729530774,1,High
SUB-00004965,CUST-001427,Wright-Davis,NC-INTEGRATION,Nexus Integration,0,0.5301795375509629,1,High
SUB-00004966,CUST-001427,Wright-Davis,NC-AISEARCH,Nexus AI Search,1,0.2307257515006019,0,Low
SUB-00004967,CUST-001427,Wright-Davis,NC-SECURITY,Nexus Cloud Security,1,0.8242836824015844,1,Critical
SUB-00004968,CUST-001428,"Goodman, Peterson and Spencer",NC-WAREHOUSE,Nexus Data Warehouse,0,0.8199293097788424,1,Critical
SUB-00004969,CUST-001428,"Goodman, Peterson and Spencer",NC-SECURITY,Nexus Cloud Security,0,0.20605555473686923,0,Low
SUB-00004970,CUST-001428,"Goodman, Peterson and Spencer",NC-INTEGRATION,Nexus Integration,0,0.2035984644492134,0,Low
SUB-00004971,CUST-001428,"Goodman, Peterson and Spencer",NC-SQL,Nexus SQL Database,0,0.5277794751017747,1,High
SUB-00004972,CUST-001428,"Goodman, Peterson and Spencer",NC-STORAGE,Nexus Storage,1,0.5329909973926832,1,High
SUB-00004973,CUST-001429,Woods LLC,NC-STORAGE,Nexus Storage,0,0.5554575755497222,1,High
SUB-00004974,CUST-001429,Woods LLC,NC-ANALYTICS,Nexus Analytics,1,0.823157044318072,1,Critical
SUB-00004975,CUST-001429,Woods LLC,NC-CONTAINER,Nexus Container Platform,1,0.5528788107454891,1,High
SUB-00004976,CUST-001429,Woods LLC,NC-INTEGRATION,Nexus Integration,1,0.84293705889662,1,Critical
SUB-00004977,CUST-001429,Woods LLC,NC-SQL,Nexus SQL Database,1,0.5550972438592231,1,High
SUB-00004978,CUST-001429,Woods LLC,NC-WAREHOUSE,Nexus Data Warehouse,1,0.8287654330759455,1,Critical
SUB-00004979,CUST-001430,Shannon LLC,NC-CONTAINER,Nexus Container Platform,1,0.8344331700985866,1,Critical
SUB-00004980,CUST-001431,Valentine Ltd,NC-INTEGRATION,Nexus Integration,0,0.45323993103408217,0,Medium
SUB-00004981,CUST-001432,Porter and Sons,NC-SECURITY,Nexus Cloud Security,0,0.20830602383477967,0,Low
SUB-00004982,CUST-001432,Porter and Sons,NC-CONTAINER,Nexus Container Platform,1,0.5000257015252918,1,High
SUB-00004983,CUST-001432,Porter and Sons,NC-STORAGE,Nexus Storage,1,0.8102862435422965,1,Critical
SUB-00004984,CUST-001432,Porter and Sons,NC-COMPUTE,Nexus Compute,1,0.811690004747168,1,Critical
SUB-00004985,CUST-001432,Porter and Sons,NC-INTEGRATION,Nexus Integration,1,0.5361275867036581,1,High
SUB-00004986,CUST-001433,Moss LLC,NC-CONTAINER,Nexus Container Platform,0,0.5150922303174859,1,High
SUB-00004987,CUST-001433,Moss LLC,NC-INTEGRATION,Nexus Integration,0,0.515282025562301,1,High
SUB-00004988,CUST-001434,Perez and Sons,NC-COMPUTE,Nexus Compute,1,0.5028396380579792,1,High
SUB-00004989,CUST-001434,Perez and Sons,NC-CONTAINER,Nexus Container Platform,1,0.8070178277719703,1,Critical
SUB-00004990,CUST-001434,Perez and Sons,NC-AISEARCH,Nexus AI Search,1,0.5206706579830984,1,High
SUB-00004991,CUST-001434,Perez and Sons,NC-ANALYTICS,Nexus Analytics,1,0.5066229699767788,1,High
SUB-00004992,CUST-001435,"Kelly, Maxwell and Wilson",NC-SECURITY,Nexus Cloud Security,1,0.8082971739454802,1,Critical
SUB-00004993,CUST-001435,"Kelly, Maxwell and Wilson",NC-INTEGRATION,Nexus Integration,1,0.810130624325096,1,Critical
SUB-00004994,CUST-001435,"Kelly, Maxwell and Wilson",NC-STORAGE,Nexus Storage,0,0.1897195721756352,0,Low
SUB-00004995,CUST-001436,Lowe Ltd,NC-SQL,Nexus SQL Database,1,0.8167575783055366,1,Critical
SUB-00004996,CUST-001436,Lowe Ltd,NC-WAREHOUSE,Nexus Data Warehouse,0,0.1961019350979678,0,Low
SUB-00004997,CUST-001436,Lowe Ltd,NC-COMPUTE,Nexus Compute,1,0.8147678095066964,1,Critical
SUB-00004998,CUST-001437,Austin-Duran,NC-CONTAINER,Nexus Container Platform,1,0.19188372386268782,0,Low
SUB-00004999,CUST-001437,Austin-Duran,NC-ANALYTICS,Nexus Analytics,1,0.8056976952922454,1,Critical
SUB-00005000,CUST-001438,"Rubio, Charles and Watson",NC-ANALYTICS,Nexus Analytics,1,0.8455287049903368,1,Critical
SUB-00005001,CUST-001439,Vasquez-Galloway,NC-CONTAINER,Nexus Container Platform,1,0.7796608565449038,1,Critical
SUB-00005002,CUST-001439,Vasquez-Galloway,NC-SQL,Nexus SQL Database,1,0.7910428943926547,1,Critical
SUB-00005003,CUST-001440,"Melton, Henry and Joyce",NC-INTEGRATION,Nexus Integration,1,0.17791772622725438,0,Low
SUB-00005144,CUST-001479,Gutierrez-White,NC-STORAGE,Nexus Storage,1,0.26249786345484016,0,Medium
SUB-00005004,CUST-001440,"Melton, Henry and Joyce",NC-ANALYTICS,Nexus Analytics,0,0.1802301809634925,0,Low
SUB-00005005,CUST-001440,"Melton, Henry and Joyce",NC-WAREHOUSE,Nexus Data Warehouse,0,0.4774416125254197,0,Medium
SUB-00005006,CUST-001441,"Ramirez, Walker and Ray",NC-SQL,Nexus SQL Database,1,0.20938227037235596,0,Low
SUB-00005007,CUST-001441,"Ramirez, Walker and Ray",NC-WAREHOUSE,Nexus Data Warehouse,1,0.5181820567273453,1,High
SUB-00005008,CUST-001441,"Ramirez, Walker and Ray",NC-COMPUTE,Nexus Compute,1,0.5366625283357874,1,High
SUB-00005009,CUST-001441,"Ramirez, Walker and Ray",NC-INTEGRATION,Nexus Integration,0,0.2089855336372232,0,Low
SUB-00005010,CUST-001441,"Ramirez, Walker and Ray",NC-SECURITY,Nexus Cloud Security,1,0.8134091702800953,1,Critical
SUB-00005011,CUST-001442,Fox Group,NC-WAREHOUSE,Nexus Data Warehouse,0,0.5633536884154307,1,High
SUB-00005012,CUST-001442,Fox Group,NC-SECURITY,Nexus Cloud Security,1,0.8325473285710193,1,Critical
SUB-00005013,CUST-001442,Fox Group,NC-CONTAINER,Nexus Container Platform,1,0.5685489296068557,1,High
SUB-00005014,CUST-001442,Fox Group,NC-STORAGE,Nexus Storage,0,0.23918013140024263,0,Low
SUB-00005015,CUST-001442,Fox Group,NC-COMPUTE,Nexus Compute,1,0.5781684035080107,1,High
SUB-00005016,CUST-001442,Fox Group,NC-INTEGRATION,Nexus Integration,1,0.5548181126900502,1,High
SUB-00005017,CUST-001443,Ayers-Johnson,NC-SECURITY,Nexus Cloud Security,0,0.8062267114688282,1,Critical
SUB-00005018,CUST-001443,Ayers-Johnson,NC-CONTAINER,Nexus Container Platform,0,0.4902554568690918,0,Medium
SUB-00005019,CUST-001443,Ayers-Johnson,NC-COMPUTE,Nexus Compute,1,0.193736790080325,0,Low
SUB-00005020,CUST-001444,Long-Parks,NC-WAREHOUSE,Nexus Data Warehouse,1,0.4806429893604727,0,Medium
SUB-00005021,CUST-001444,Long-Parks,NC-STORAGE,Nexus Storage,0,0.1883594551217427,0,Low
SUB-00005022,CUST-001444,Long-Parks,NC-INTEGRATION,Nexus Integration,1,0.7999084759698748,1,Critical
SUB-00005023,CUST-001445,Bryant Inc,NC-COMPUTE,Nexus Compute,1,0.5481806675132672,1,High
SUB-00005024,CUST-001445,Bryant Inc,NC-INTEGRATION,Nexus Integration,1,0.5469885613377651,1,High
SUB-00005025,CUST-001445,Bryant Inc,NC-STORAGE,Nexus Storage,1,0.8337671369842715,1,Critical
SUB-00005026,CUST-001446,"Holmes, Stewart and Smith",NC-CONTAINER,Nexus Container Platform,1,0.843554146306307,1,Critical
SUB-00005027,CUST-001446,"Holmes, Stewart and Smith",NC-WAREHOUSE,Nexus Data Warehouse,0,0.2312242813027638,0,Low
SUB-00005028,CUST-001447,"Clark, Carpenter and Nguyen",NC-SECURITY,Nexus Cloud Security,0,0.49182949412342447,0,Medium
SUB-00005029,CUST-001447,"Clark, Carpenter and Nguyen",NC-SQL,Nexus SQL Database,1,0.8049696039184496,1,Critical
SUB-00005030,CUST-001447,"Clark, Carpenter and Nguyen",NC-INTEGRATION,Nexus Integration,1,0.19018760434936746,0,Low
SUB-00005031,CUST-001448,"Hensley, Lopez and Baker",NC-WAREHOUSE,Nexus Data Warehouse,0,0.19848871339026278,0,Low
SUB-00005032,CUST-001448,"Hensley, Lopez and Baker",NC-AISEARCH,Nexus AI Search,1,0.5198229759111592,1,High
SUB-00005033,CUST-001448,"Hensley, Lopez and Baker",NC-STORAGE,Nexus Storage,0,0.19570149320680646,0,Low
SUB-00005034,CUST-001449,Ruiz-Austin,NC-COMPUTE,Nexus Compute,1,0.5243120623107526,1,High
SUB-00005035,CUST-001450,White-Coleman,NC-AISEARCH,Nexus AI Search,1,0.5353406716021746,1,High
SUB-00005036,CUST-001450,White-Coleman,NC-SQL,Nexus SQL Database,0,0.21711178839052436,0,Low
SUB-00005037,CUST-001450,White-Coleman,NC-AIMODEL,Nexus AI Models,1,0.24015574776305637,0,Low
SUB-00005038,CUST-001450,White-Coleman,NC-COMPUTE,Nexus Compute,1,0.22469976068380523,0,Low
SUB-00005039,CUST-001450,White-Coleman,NC-SECURITY,Nexus Cloud Security,1,0.8547751341393428,1,Critical
SUB-00005040,CUST-001451,Haynes-Watson,NC-INTEGRATION,Nexus Integration,1,0.8288937385750959,1,Critical
SUB-00005041,CUST-001451,Haynes-Watson,NC-WAREHOUSE,Nexus Data Warehouse,0,0.5303995506507818,1,High
SUB-00005042,CUST-001451,Haynes-Watson,NC-COMPUTE,Nexus Compute,1,0.20766258101848872,0,Low
SUB-00005043,CUST-001451,Haynes-Watson,NC-STORAGE,Nexus Storage,0,0.22092933008332286,0,Low
SUB-00005044,CUST-001451,Haynes-Watson,NC-CONTAINER,Nexus Container Platform,1,0.8233658965454904,1,Critical
SUB-00005045,CUST-001451,Haynes-Watson,NC-SECURITY,Nexus Cloud Security,1,0.8062835949359995,1,Critical
SUB-00005046,CUST-001451,Haynes-Watson,NC-SQL,Nexus SQL Database,1,0.8294178060989613,1,Critical
SUB-00005047,CUST-001452,Ramirez-White,NC-SQL,Nexus SQL Database,0,0.23536889336187025,0,Low
SUB-00005048,CUST-001452,Ramirez-White,NC-WAREHOUSE,Nexus Data Warehouse,1,0.2417462495277205,0,Low
SUB-00005049,CUST-001452,Ramirez-White,NC-ANALYTICS,Nexus Analytics,0,0.5696466307880391,1,High
SUB-00005050,CUST-001452,Ramirez-White,NC-AISEARCH,Nexus AI Search,1,0.8512024121764892,1,Critical
SUB-00005051,CUST-001452,Ramirez-White,NC-STORAGE,Nexus Storage,1,0.570524980128114,1,High
SUB-00005052,CUST-001453,Krause Ltd,NC-ANALYTICS,Nexus Analytics,1,0.8125198206579614,1,Critical
SUB-00005053,CUST-001454,Olsen Ltd,NC-CONTAINER,Nexus Container Platform,1,0.20498655629960383,0,Low
SUB-00005054,CUST-001454,Olsen Ltd,NC-STORAGE,Nexus Storage,0,0.5166284151433376,1,High
SUB-00005055,CUST-001454,Olsen Ltd,NC-COMPUTE,Nexus Compute,1,0.8080904356912156,1,Critical
SUB-00005056,CUST-001455,Brock-Peters,NC-INTEGRATION,Nexus Integration,0,0.8224604971253359,1,Critical
SUB-00005057,CUST-001455,Brock-Peters,NC-COMPUTE,Nexus Compute,0,0.5174901999476214,1,High
SUB-00005058,CUST-001455,Brock-Peters,NC-WAREHOUSE,Nexus Data Warehouse,0,0.20335068306714418,0,Low
SUB-00005059,CUST-001455,Brock-Peters,NC-SQL,Nexus SQL Database,0,0.5429863901246345,1,High
SUB-00005060,CUST-001455,Brock-Peters,NC-ANALYTICS,Nexus Analytics,1,0.5126368577581825,1,High
SUB-00005061,CUST-001456,Gonzalez-Marsh,NC-ANALYTICS,Nexus Analytics,1,0.829204328298543,1,Critical
SUB-00005062,CUST-001456,Gonzalez-Marsh,NC-STORAGE,Nexus Storage,0,0.20858064613195562,0,Low
SUB-00005063,CUST-001457,"Hernandez, Shaffer and Thompson",NC-SECURITY,Nexus Cloud Security,0,0.1763744653415551,0,Low
SUB-00005064,CUST-001457,"Hernandez, Shaffer and Thompson",NC-WAREHOUSE,Nexus Data Warehouse,0,0.49820119172971244,0,Medium
SUB-00005065,CUST-001458,Taylor-Barry,NC-SECURITY,Nexus Cloud Security,1,0.8200531285625396,1,Critical
SUB-00005066,CUST-001458,Taylor-Barry,NC-INTEGRATION,Nexus Integration,0,0.19630237796031474,0,Low
SUB-00005067,CUST-001458,Taylor-Barry,NC-ANALYTICS,Nexus Analytics,0,0.5275519998464324,1,High
SUB-00005068,CUST-001458,Taylor-Barry,NC-STORAGE,Nexus Storage,1,0.5275015489735004,1,High
SUB-00005069,CUST-001458,Taylor-Barry,NC-CONTAINER,Nexus Container Platform,1,0.5040307324296232,1,High
SUB-00005070,CUST-001459,"Holmes, Le and Floyd",NC-STORAGE,Nexus Storage,1,0.5680141981850415,1,High
SUB-00005071,CUST-001459,"Holmes, Le and Floyd",NC-INTEGRATION,Nexus Integration,1,0.8381756314750726,1,Critical
SUB-00005072,CUST-001459,"Holmes, Le and Floyd",NC-CONTAINER,Nexus Container Platform,1,0.5680542768800407,1,High
SUB-00005073,CUST-001460,King-Garrison,NC-INTEGRATION,Nexus Integration,0,0.503574835457123,1,High
SUB-00005074,CUST-001460,King-Garrison,NC-STORAGE,Nexus Storage,1,0.8127930197449722,1,Critical
SUB-00005075,CUST-001460,King-Garrison,NC-COMPUTE,Nexus Compute,0,0.8208128770779878,1,Critical
SUB-00005076,CUST-001461,Ross Ltd,NC-CONTAINER,Nexus Container Platform,0,0.24129924575581027,0,Low
SUB-00005077,CUST-001461,Ross Ltd,NC-INTEGRATION,Nexus Integration,1,0.7963495083123454,1,Critical
SUB-00005078,CUST-001461,Ross Ltd,NC-SECURITY,Nexus Cloud Security,0,0.21153485855829668,0,Low
SUB-00005079,CUST-001461,Ross Ltd,NC-SQL,Nexus SQL Database,1,0.8141793316376621,1,Critical
SUB-00005080,CUST-001461,Ross Ltd,NC-COMPUTE,Nexus Compute,0,0.54957487431442,1,High
SUB-00005081,CUST-001461,Ross Ltd,NC-WAREHOUSE,Nexus Data Warehouse,1,0.818691205426294,1,Critical
SUB-00005082,CUST-001461,Ross Ltd,NC-STORAGE,Nexus Storage,1,0.8404456973576935,1,Critical
SUB-00005083,CUST-001462,Brown LLC,NC-STORAGE,Nexus Storage,0,0.5483305070917183,1,High
SUB-00005084,CUST-001463,Combs-Davis,NC-WAREHOUSE,Nexus Data Warehouse,1,0.16598348318501246,0,Low
SUB-00005085,CUST-001463,Combs-Davis,NC-AIMODEL,Nexus AI Models,0,0.5124326159120719,1,High
SUB-00005086,CUST-001463,Combs-Davis,NC-SQL,Nexus SQL Database,0,0.47389223368156,0,Medium
SUB-00005087,CUST-001463,Combs-Davis,NC-CONTAINER,Nexus Container Platform,1,0.1538398884338088,0,Low
SUB-00005088,CUST-001463,Combs-Davis,NC-SECURITY,Nexus Cloud Security,1,0.5610621308843068,1,High
SUB-00005089,CUST-001463,Combs-Davis,NC-ANALYTICS,Nexus Analytics,0,0.20038611148861268,0,Low
SUB-00005090,CUST-001464,"Cook, Ward and Castro",NC-CONTAINER,Nexus Container Platform,1,0.8018498419886083,1,Critical
SUB-00005091,CUST-001464,"Cook, Ward and Castro",NC-STORAGE,Nexus Storage,1,0.8062457592179585,1,Critical
SUB-00005092,CUST-001464,"Cook, Ward and Castro",NC-SQL,Nexus SQL Database,0,0.5170737171086851,1,High
SUB-00005093,CUST-001465,Cooper-Jenkins,NC-SECURITY,Nexus Cloud Security,1,0.8323959466797723,1,Critical
SUB-00005094,CUST-001465,Cooper-Jenkins,NC-COMPUTE,Nexus Compute,1,0.8226092333305879,1,Critical
SUB-00005095,CUST-001465,Cooper-Jenkins,NC-WAREHOUSE,Nexus Data Warehouse,1,0.8249016864319938,1,Critical
SUB-00005096,CUST-001466,Dillon-Mccarty,NC-WAREHOUSE,Nexus Data Warehouse,1,0.21454425010239533,0,Low
SUB-00005097,CUST-001466,Dillon-Mccarty,NC-CONTAINER,Nexus Container Platform,0,0.2079309075535088,0,Low
SUB-00005098,CUST-001466,Dillon-Mccarty,NC-AISEARCH,Nexus AI Search,0,0.21731126249306812,0,Low
SUB-00005099,CUST-001466,Dillon-Mccarty,NC-AIMODEL,Nexus AI Models,0,0.5184397890746133,1,High
SUB-00005100,CUST-001466,Dillon-Mccarty,NC-COMPUTE,Nexus Compute,0,0.5143638158432163,1,High
SUB-00005101,CUST-001467,Ray Ltd,NC-INTEGRATION,Nexus Integration,0,0.1976124740954264,0,Low
SUB-00005102,CUST-001467,Ray Ltd,NC-ANALYTICS,Nexus Analytics,0,0.5095854322768116,1,High
SUB-00005103,CUST-001467,Ray Ltd,NC-SECURITY,Nexus Cloud Security,1,0.812509889018564,1,Critical
SUB-00005104,CUST-001467,Ray Ltd,NC-CONTAINER,Nexus Container Platform,1,0.5118519319656173,1,High
SUB-00005105,CUST-001467,Ray Ltd,NC-WAREHOUSE,Nexus Data Warehouse,0,0.21240856135321898,0,Low
SUB-00005106,CUST-001468,"Ryan, Krause and Mitchell",NC-COMPUTE,Nexus Compute,1,0.5684737119285856,1,High
SUB-00005107,CUST-001468,"Ryan, Krause and Mitchell",NC-SQL,Nexus SQL Database,1,0.840050280145187,1,Critical
SUB-00005108,CUST-001468,"Ryan, Krause and Mitchell",NC-INTEGRATION,Nexus Integration,1,0.8449394686599173,1,Critical
SUB-00005109,CUST-001469,Nunez-Freeman,NC-ANALYTICS,Nexus Analytics,1,0.1997385551135638,0,Low
SUB-00005110,CUST-001469,Nunez-Freeman,NC-SQL,Nexus SQL Database,1,0.5297939967464349,1,High
SUB-00005111,CUST-001470,"Griffin, Miller and Austin",NC-AISEARCH,Nexus AI Search,1,0.538334232465065,1,High
SUB-00005112,CUST-001470,"Griffin, Miller and Austin",NC-SQL,Nexus SQL Database,0,0.2076773246973336,0,Low
SUB-00005113,CUST-001470,"Griffin, Miller and Austin",NC-WAREHOUSE,Nexus Data Warehouse,1,0.8206529338406611,1,Critical
SUB-00005114,CUST-001470,"Griffin, Miller and Austin",NC-STORAGE,Nexus Storage,1,0.20735234229293412,0,Low
SUB-00005115,CUST-001470,"Griffin, Miller and Austin",NC-SECURITY,Nexus Cloud Security,1,0.5166375235085966,1,High
SUB-00005116,CUST-001471,Welch-Thomas,NC-COMPUTE,Nexus Compute,1,0.8387009451786404,1,Critical
SUB-00005117,CUST-001471,Welch-Thomas,NC-CONTAINER,Nexus Container Platform,1,0.8429899284309779,1,Critical
SUB-00005118,CUST-001472,Davidson LLC,NC-STORAGE,Nexus Storage,0,0.24870495620742103,0,Low
SUB-00005119,CUST-001472,Davidson LLC,NC-WAREHOUSE,Nexus Data Warehouse,0,0.8433215056334806,1,Critical
SUB-00005120,CUST-001473,Welch-Duncan,NC-CONTAINER,Nexus Container Platform,0,0.21755813760293266,0,Low
SUB-00005121,CUST-001473,Welch-Duncan,NC-STORAGE,Nexus Storage,1,0.5224939946454608,1,High
SUB-00005122,CUST-001473,Welch-Duncan,NC-SECURITY,Nexus Cloud Security,1,0.825796155642527,1,Critical
SUB-00005123,CUST-001474,Miller LLC,NC-ANALYTICS,Nexus Analytics,0,0.21929396874936138,0,Low
SUB-00005124,CUST-001474,Miller LLC,NC-INTEGRATION,Nexus Integration,1,0.81595395400129,1,Critical
SUB-00005125,CUST-001474,Miller LLC,NC-SECURITY,Nexus Cloud Security,1,0.8144861604453415,1,Critical
SUB-00005126,CUST-001474,Miller LLC,NC-CONTAINER,Nexus Container Platform,0,0.2184191781110411,0,Low
SUB-00005127,CUST-001475,Edwards Ltd,NC-SECURITY,Nexus Cloud Security,1,0.18066246525275875,0,Low
SUB-00005128,CUST-001475,Edwards Ltd,NC-INTEGRATION,Nexus Integration,0,0.49962439348526155,0,Medium
SUB-00005129,CUST-001475,Edwards Ltd,NC-WAREHOUSE,Nexus Data Warehouse,1,0.8108763499965213,1,Critical
SUB-00005130,CUST-001475,Edwards Ltd,NC-COMPUTE,Nexus Compute,1,0.4812764409858524,0,Medium
SUB-00005131,CUST-001475,Edwards Ltd,NC-SQL,Nexus SQL Database,1,0.4842163685102663,0,Medium
SUB-00005132,CUST-001476,Page-Jacobs,NC-COMPUTE,Nexus Compute,0,0.5679652788810641,1,High
SUB-00005133,CUST-001476,Page-Jacobs,NC-CONTAINER,Nexus Container Platform,0,0.23047220362026147,0,Low
SUB-00005134,CUST-001476,Page-Jacobs,NC-SECURITY,Nexus Cloud Security,1,0.8328990358240503,1,Critical
SUB-00005135,CUST-001477,Nelson-Wallace,NC-WAREHOUSE,Nexus Data Warehouse,1,0.2511470154666572,0,Medium
SUB-00005136,CUST-001477,Nelson-Wallace,NC-SQL,Nexus SQL Database,1,0.8393760468272908,1,Critical
SUB-00005137,CUST-001478,Adkins-Meyer,NC-SECURITY,Nexus Cloud Security,1,0.5617625205861934,1,High
SUB-00005138,CUST-001478,Adkins-Meyer,NC-WAREHOUSE,Nexus Data Warehouse,0,0.22657312921168954,0,Low
SUB-00005139,CUST-001479,Gutierrez-White,NC-SECURITY,Nexus Cloud Security,0,0.2311039976500124,0,Low
SUB-00005140,CUST-001479,Gutierrez-White,NC-SQL,Nexus SQL Database,1,0.5578571340546612,1,High
SUB-00005141,CUST-001479,Gutierrez-White,NC-WAREHOUSE,Nexus Data Warehouse,1,0.8602834692774733,1,Critical
SUB-00005142,CUST-001479,Gutierrez-White,NC-ANALYTICS,Nexus Analytics,0,0.559993055307794,1,High
SUB-00005143,CUST-001479,Gutierrez-White,NC-INTEGRATION,Nexus Integration,1,0.2444223134349178,0,Low
SUB-00005145,CUST-001479,Gutierrez-White,NC-COMPUTE,Nexus Compute,1,0.5850743796963969,1,High
SUB-00005146,CUST-001479,Gutierrez-White,NC-AISEARCH,Nexus AI Search,1,0.24962085715628085,0,Low
SUB-00005147,CUST-001480,Martinez and Sons,NC-INTEGRATION,Nexus Integration,1,0.4702958004600096,0,Medium
SUB-00005148,CUST-001480,Martinez and Sons,NC-SECURITY,Nexus Cloud Security,1,0.7983193055879338,1,Critical
SUB-00005149,CUST-001481,"King, Manning and Brady",NC-STORAGE,Nexus Storage,1,0.4860121200148136,0,Medium
SUB-00005150,CUST-001481,"King, Manning and Brady",NC-SQL,Nexus SQL Database,1,0.8039786949993356,1,Critical
SUB-00005151,CUST-001481,"King, Manning and Brady",NC-ANALYTICS,Nexus Analytics,1,0.8039030126795915,1,Critical
SUB-00005152,CUST-001482,Jackson Inc,NC-AIMODEL,Nexus AI Models,0,0.5256268228235232,1,High
SUB-00005153,CUST-001482,Jackson Inc,NC-AISEARCH,Nexus AI Search,1,0.5383417232154672,1,High
SUB-00005154,CUST-001482,Jackson Inc,NC-CONTAINER,Nexus Container Platform,1,0.8186336085673789,1,Critical
SUB-00005155,CUST-001482,Jackson Inc,NC-STORAGE,Nexus Storage,0,0.20704171138718358,0,Low
SUB-00005156,CUST-001483,Brown Group,NC-STORAGE,Nexus Storage,1,0.8366092732377058,1,Critical
SUB-00005157,CUST-001483,Brown Group,NC-SECURITY,Nexus Cloud Security,1,0.8313001971382453,1,Critical
SUB-00005158,CUST-001483,Brown Group,NC-ANALYTICS,Nexus Analytics,1,0.8457750458207072,1,Critical
SUB-00005159,CUST-001484,"Brown, Wise and Warren",NC-AISEARCH,Nexus AI Search,1,0.5202034111824207,1,High
SUB-00005160,CUST-001484,"Brown, Wise and Warren",NC-SECURITY,Nexus Cloud Security,1,0.8423235887636912,1,Critical
SUB-00005161,CUST-001484,"Brown, Wise and Warren",NC-STORAGE,Nexus Storage,1,0.22132316419260084,0,Low
SUB-00005162,CUST-001484,"Brown, Wise and Warren",NC-CONTAINER,Nexus Container Platform,0,0.52948289606619,1,High
SUB-00005163,CUST-001484,"Brown, Wise and Warren",NC-COMPUTE,Nexus Compute,0,0.5238965500278182,1,High
SUB-00005164,CUST-001484,"Brown, Wise and Warren",NC-WAREHOUSE,Nexus Data Warehouse,0,0.22621581986164915,0,Low
SUB-00005165,CUST-001485,Garcia PLC,NC-COMPUTE,Nexus Compute,0,0.5272317147672836,1,High
SUB-00005166,CUST-001485,Garcia PLC,NC-SECURITY,Nexus Cloud Security,0,0.21435942608497166,0,Low
SUB-00005167,CUST-001486,Miller Group,NC-INTEGRATION,Nexus Integration,1,0.8061995922544583,1,Critical
SUB-00005168,CUST-001486,Miller Group,NC-WAREHOUSE,Nexus Data Warehouse,1,0.8043676101852371,1,Critical
SUB-00005169,CUST-001487,Perez-Rojas,NC-ANALYTICS,Nexus Analytics,1,0.8286195754164726,1,Critical
SUB-00005170,CUST-001487,Perez-Rojas,NC-COMPUTE,Nexus Compute,1,0.8225888987836866,1,Critical
SUB-00005171,CUST-001488,Sims-Anderson,NC-ANALYTICS,Nexus Analytics,1,0.4855566053277165,0,Medium
SUB-00005172,CUST-001488,Sims-Anderson,NC-COMPUTE,Nexus Compute,1,0.8025250356403594,1,Critical
SUB-00005173,CUST-001488,Sims-Anderson,NC-SECURITY,Nexus Cloud Security,0,0.4928565970345385,0,Medium
SUB-00005174,CUST-001489,Johnson Ltd,NC-SECURITY,Nexus Cloud Security,0,0.20649038272609896,0,Low
SUB-00005175,CUST-001489,Johnson Ltd,NC-COMPUTE,Nexus Compute,1,0.5157414650672799,1,High
SUB-00005176,CUST-001489,Johnson Ltd,NC-SQL,Nexus SQL Database,1,0.5395271384876628,1,High
SUB-00005177,CUST-001490,Dalton-Nguyen,NC-AISEARCH,Nexus AI Search,0,0.5417483888125745,1,High
SUB-00005178,CUST-001490,Dalton-Nguyen,NC-STORAGE,Nexus Storage,1,0.8073526215625646,1,Critical
SUB-00005179,CUST-001490,Dalton-Nguyen,NC-AIMODEL,Nexus AI Models,1,0.8317899772633215,1,Critical
SUB-00005180,CUST-001490,Dalton-Nguyen,NC-ANALYTICS,Nexus Analytics,0,0.19330629718672693,0,Low
SUB-00005181,CUST-001490,Dalton-Nguyen,NC-SQL,Nexus SQL Database,1,0.19891464440546153,0,Low
SUB-00005182,CUST-001491,Mcdonald-Pitts,NC-COMPUTE,Nexus Compute,0,0.5514375749132823,1,High
SUB-00005183,CUST-001491,Mcdonald-Pitts,NC-WAREHOUSE,Nexus Data Warehouse,1,0.8381870355167129,1,Critical
SUB-00005184,CUST-001491,Mcdonald-Pitts,NC-INTEGRATION,Nexus Integration,1,0.23765144894835724,0,Low
SUB-00005185,CUST-001492,Dunn-Taylor,NC-WAREHOUSE,Nexus Data Warehouse,1,0.5554027528568266,1,High
SUB-00005186,CUST-001492,Dunn-Taylor,NC-STORAGE,Nexus Storage,1,0.8361407715807029,1,Critical
SUB-00005187,CUST-001493,"Ryan, Garza and Bryant",NC-CONTAINER,Nexus Container Platform,1,0.8106588570297473,1,Critical
SUB-00005188,CUST-001494,"Fields, Elliott and Mills",NC-AISEARCH,Nexus AI Search,1,0.8441962215607195,1,Critical
SUB-00005189,CUST-001495,"Ferguson, Stout and Olson",NC-AIMODEL,Nexus AI Models,1,0.5095044135415606,1,High
SUB-00005190,CUST-001495,"Ferguson, Stout and Olson",NC-WAREHOUSE,Nexus Data Warehouse,0,0.4941389010300232,0,Medium
SUB-00005191,CUST-001495,"Ferguson, Stout and Olson",NC-COMPUTE,Nexus Compute,0,0.19596958086315755,0,Low
SUB-00005192,CUST-001495,"Ferguson, Stout and Olson",NC-SECURITY,Nexus Cloud Security,1,0.8017208947692162,1,Critical
SUB-00005193,CUST-001495,"Ferguson, Stout and Olson",NC-SQL,Nexus SQL Database,1,0.48036463270559665,0,Medium
SUB-00005194,CUST-001496,Ballard Group,NC-STORAGE,Nexus Storage,1,0.19404004814953035,0,Low
SUB-00005195,CUST-001497,Diaz-Green,NC-ANALYTICS,Nexus Analytics,0,0.20731625329036915,0,Low
SUB-00005196,CUST-001497,Diaz-Green,NC-SQL,Nexus SQL Database,1,0.81745903910658,1,Critical
SUB-00005197,CUST-001497,Diaz-Green,NC-STORAGE,Nexus Storage,0,0.2116555182744449,0,Low
SUB-00005198,CUST-001498,Smith-Mills,NC-SQL,Nexus SQL Database,1,0.47753499352882106,0,Medium
SUB-00005199,CUST-001498,Smith-Mills,NC-STORAGE,Nexus Storage,1,0.4807677661355136,0,Medium
SUB-00005200,CUST-001498,Smith-Mills,NC-INTEGRATION,Nexus Integration,1,0.19051133637791587,0,Low
SUB-00005201,CUST-001499,Cooper Group,NC-AISEARCH,Nexus AI Search,1,0.5251430960251439,1,High
SUB-00005202,CUST-001499,Cooper Group,NC-SECURITY,Nexus Cloud Security,1,0.8068839582804905,1,Critical
SUB-00005203,CUST-001499,Cooper Group,NC-WAREHOUSE,Nexus Data Warehouse,0,0.212359628421417,0,Low
SUB-00005204,CUST-001500,"Smith, Weeks and Arroyo",NC-STORAGE,Nexus Storage,0,0.5343679359025512,1,High
SUB-00005205,CUST-001501,Evans-Cannon,NC-INTEGRATION,Nexus Integration,0,0.19776048222069503,0,Low
SUB-00005206,CUST-001501,Evans-Cannon,NC-SQL,Nexus SQL Database,1,0.8024309250555351,1,Critical
SUB-00005207,CUST-001501,Evans-Cannon,NC-SECURITY,Nexus Cloud Security,1,0.4902108868171948,0,Medium
SUB-00005208,CUST-001501,Evans-Cannon,NC-ANALYTICS,Nexus Analytics,0,0.4911137223299428,0,Medium
SUB-00005209,CUST-001501,Evans-Cannon,NC-STORAGE,Nexus Storage,0,0.18962987734685988,0,Low
SUB-00005210,CUST-001502,Harper-Robles,NC-SQL,Nexus SQL Database,1,0.5382050396169508,1,High
SUB-00005211,CUST-001502,Harper-Robles,NC-ANALYTICS,Nexus Analytics,1,0.8359875154031048,1,Critical
SUB-00005212,CUST-001502,Harper-Robles,NC-INTEGRATION,Nexus Integration,1,0.22552606343383189,0,Low
SUB-00005213,CUST-001503,"Brooks, Jenkins and Castro",NC-ANALYTICS,Nexus Analytics,0,0.20722418283764507,0,Low
SUB-00005214,CUST-001503,"Brooks, Jenkins and Castro",NC-COMPUTE,Nexus Compute,0,0.5029841383065474,1,High
SUB-00005215,CUST-001504,Wright-Espinoza,NC-SQL,Nexus SQL Database,1,0.8416707138753078,1,Critical
SUB-00005216,CUST-001504,Wright-Espinoza,NC-WAREHOUSE,Nexus Data Warehouse,0,0.5506651134464962,1,High
SUB-00005217,CUST-001504,Wright-Espinoza,NC-STORAGE,Nexus Storage,1,0.5603938513428751,1,High
SUB-00005218,CUST-001505,"Price, Gray and Baker",NC-COMPUTE,Nexus Compute,1,0.20433412180207736,0,Low
SUB-00005219,CUST-001505,"Price, Gray and Baker",NC-CONTAINER,Nexus Container Platform,1,0.8037779488184956,1,Critical
SUB-00005220,CUST-001506,Garrett-Black,NC-ANALYTICS,Nexus Analytics,0,0.19612510172679926,0,Low
SUB-00005221,CUST-001507,"Aguirre, Cohen and Mitchell",NC-INTEGRATION,Nexus Integration,1,0.8132523712649357,1,Critical
SUB-00005222,CUST-001507,"Aguirre, Cohen and Mitchell",NC-WAREHOUSE,Nexus Data Warehouse,1,0.8115592827923344,1,Critical
SUB-00005223,CUST-001507,"Aguirre, Cohen and Mitchell",NC-STORAGE,Nexus Storage,0,0.2102900200413151,0,Low
SUB-00005224,CUST-001507,"Aguirre, Cohen and Mitchell",NC-COMPUTE,Nexus Compute,1,0.5019991989546986,1,High
SUB-00005225,CUST-001507,"Aguirre, Cohen and Mitchell",NC-SQL,Nexus SQL Database,0,0.21404164618874463,0,Low
SUB-00005226,CUST-001508,"Patel, Adams and Lopez",NC-STORAGE,Nexus Storage,1,0.5482435158049758,1,High
SUB-00005227,CUST-001508,"Patel, Adams and Lopez",NC-SECURITY,Nexus Cloud Security,1,0.8327675586058065,1,Critical
SUB-00005228,CUST-001508,"Patel, Adams and Lopez",NC-ANALYTICS,Nexus Analytics,1,0.8361148501462868,1,Critical
SUB-00005229,CUST-001509,White LLC,NC-INTEGRATION,Nexus Integration,1,0.8453510365116575,1,Critical
SUB-00005230,CUST-001509,White LLC,NC-SQL,Nexus SQL Database,1,0.5519049716409103,1,High
SUB-00005231,CUST-001509,White LLC,NC-WAREHOUSE,Nexus Data Warehouse,1,0.8400425133414567,1,Critical
SUB-00005232,CUST-001510,Walsh PLC,NC-WAREHOUSE,Nexus Data Warehouse,1,0.21578408291765214,0,Low
SUB-00005233,CUST-001510,Walsh PLC,NC-SQL,Nexus SQL Database,0,0.21432238571908954,0,Low
SUB-00005234,CUST-001510,Walsh PLC,NC-ANALYTICS,Nexus Analytics,1,0.8145648813715002,1,Critical
SUB-00005235,CUST-001511,Nelson-Dean,NC-CONTAINER,Nexus Container Platform,0,0.5150881290735041,1,High
SUB-00005236,CUST-001511,Nelson-Dean,NC-SQL,Nexus SQL Database,0,0.5394417010978894,1,High
SUB-00005237,CUST-001511,Nelson-Dean,NC-COMPUTE,Nexus Compute,1,0.819706986003406,1,Critical
SUB-00005238,CUST-001512,Flores and Sons,NC-COMPUTE,Nexus Compute,1,0.8274814196478273,1,Critical
SUB-00005239,CUST-001513,Booker Inc,NC-ANALYTICS,Nexus Analytics,0,0.18008046292461286,0,Low
SUB-00005240,CUST-001513,Booker Inc,NC-SECURITY,Nexus Cloud Security,1,0.4508066396523266,0,Medium
SUB-00005241,CUST-001513,Booker Inc,NC-WAREHOUSE,Nexus Data Warehouse,0,0.1803478520809294,0,Low
SUB-00005242,CUST-001514,Compton LLC,NC-COMPUTE,Nexus Compute,0,0.45339338176391963,0,Medium
SUB-00005243,CUST-001515,Martinez-Gonzales,NC-AISEARCH,Nexus AI Search,1,0.8528858450130842,1,Critical
SUB-00005244,CUST-001515,Martinez-Gonzales,NC-STORAGE,Nexus Storage,1,0.576199805660971,1,High
SUB-00005245,CUST-001516,Hall and Sons,NC-CONTAINER,Nexus Container Platform,1,0.8341308652823852,1,Critical
SUB-00005246,CUST-001517,Snyder LLC,NC-INTEGRATION,Nexus Integration,0,0.2359742814892314,0,Low
SUB-00005247,CUST-001517,Snyder LLC,NC-STORAGE,Nexus Storage,1,0.8442431958539639,1,Critical
SUB-00005248,CUST-001517,Snyder LLC,NC-SQL,Nexus SQL Database,0,0.2625490315905854,0,Medium
SUB-00005249,CUST-001517,Snyder LLC,NC-ANALYTICS,Nexus Analytics,0,0.2317904068915743,0,Low
SUB-00005250,CUST-001517,Snyder LLC,NC-CONTAINER,Nexus Container Platform,0,0.22758197522088294,0,Low
SUB-00005251,CUST-001518,Collins-Lloyd,NC-STORAGE,Nexus Storage,0,0.21422609066137852,0,Low
SUB-00005252,CUST-001518,Collins-Lloyd,NC-SQL,Nexus SQL Database,0,0.5430040931891773,1,High
SUB-00005253,CUST-001518,Collins-Lloyd,NC-CONTAINER,Nexus Container Platform,1,0.8298941089828978,1,Critical
SUB-00005254,CUST-001518,Collins-Lloyd,NC-ANALYTICS,Nexus Analytics,1,0.8248431553215192,1,Critical
SUB-00005255,CUST-001518,Collins-Lloyd,NC-WAREHOUSE,Nexus Data Warehouse,1,0.835899742457086,1,Critical
SUB-00005256,CUST-001518,Collins-Lloyd,NC-AISEARCH,Nexus AI Search,0,0.226132613312183,0,Low
SUB-00005257,CUST-001518,Collins-Lloyd,NC-COMPUTE,Nexus Compute,1,0.8301523564148166,1,Critical
SUB-00005258,CUST-001519,Ford-Moody,NC-ANALYTICS,Nexus Analytics,1,0.80710234675562,1,Critical
SUB-00005259,CUST-001519,Ford-Moody,NC-SQL,Nexus SQL Database,1,0.5164861012287532,1,High
SUB-00005260,CUST-001519,Ford-Moody,NC-COMPUTE,Nexus Compute,1,0.8009669467842632,1,Critical
SUB-00005261,CUST-001520,Miller-Christensen,NC-STORAGE,Nexus Storage,0,0.1917842255960681,0,Low
SUB-00005262,CUST-001520,Miller-Christensen,NC-SECURITY,Nexus Cloud Security,1,0.4777911215478644,0,Medium
SUB-00005263,CUST-001520,Miller-Christensen,NC-WAREHOUSE,Nexus Data Warehouse,0,0.8075016851963116,1,Critical
SUB-00005264,CUST-001520,Miller-Christensen,NC-CONTAINER,Nexus Container Platform,1,0.7943003309005279,1,Critical
SUB-00005265,CUST-001520,Miller-Christensen,NC-INTEGRATION,Nexus Integration,0,0.5107937613801254,1,High
SUB-00005266,CUST-001521,Brown Group,NC-CONTAINER,Nexus Container Platform,1,0.8002529550224368,1,Critical
SUB-00005267,CUST-001522,Daniels and Sons,NC-ANALYTICS,Nexus Analytics,1,0.8292724033713021,1,Critical
SUB-00005268,CUST-001522,Daniels and Sons,NC-STORAGE,Nexus Storage,0,0.5222555401023644,1,High
SUB-00005269,CUST-001523,Huang LLC,NC-INTEGRATION,Nexus Integration,0,0.5286417758695172,1,High
SUB-00005270,CUST-001523,Huang LLC,NC-CONTAINER,Nexus Container Platform,0,0.2073244744221789,0,Low
SUB-00005271,CUST-001523,Huang LLC,NC-SECURITY,Nexus Cloud Security,0,0.5264591042052296,1,High
SUB-00005272,CUST-001523,Huang LLC,NC-ANALYTICS,Nexus Analytics,1,0.5174440061775935,1,High
SUB-00005273,CUST-001523,Huang LLC,NC-STORAGE,Nexus Storage,0,0.5379770658778497,1,High
SUB-00005274,CUST-001523,Huang LLC,NC-SQL,Nexus SQL Database,1,0.8204040016649718,1,Critical
SUB-00005275,CUST-001523,Huang LLC,NC-WAREHOUSE,Nexus Data Warehouse,1,0.22121079872476385,0,Low
SUB-00005276,CUST-001524,Clayton-Martinez,NC-CONTAINER,Nexus Container Platform,0,0.5189816743600116,1,High
SUB-00005277,CUST-001524,Clayton-Martinez,NC-STORAGE,Nexus Storage,1,0.19660502904161448,0,Low
SUB-00005278,CUST-001524,Clayton-Martinez,NC-WAREHOUSE,Nexus Data Warehouse,0,0.18887101456619418,0,Low
SUB-00005279,CUST-001524,Clayton-Martinez,NC-SQL,Nexus SQL Database,0,0.18865445975208564,0,Low
SUB-00005280,CUST-001524,Clayton-Martinez,NC-INTEGRATION,Nexus Integration,0,0.7967066497375589,1,Critical
SUB-00005281,CUST-001524,Clayton-Martinez,NC-ANALYTICS,Nexus Analytics,0,0.8049669724728873,1,Critical
SUB-00005282,CUST-001524,Clayton-Martinez,NC-COMPUTE,Nexus Compute,0,0.19111658730593611,0,Low
SUB-00005283,CUST-001525,"Wright, Wise and Ramos",NC-SECURITY,Nexus Cloud Security,1,0.505921622203437,1,High
SUB-00005284,CUST-001525,"Wright, Wise and Ramos",NC-INTEGRATION,Nexus Integration,1,0.19905845148677878,0,Low
SUB-00005285,CUST-001525,"Wright, Wise and Ramos",NC-COMPUTE,Nexus Compute,1,0.2087810022971503,0,Low
SUB-00005286,CUST-001525,"Wright, Wise and Ramos",NC-CONTAINER,Nexus Container Platform,0,0.4983430031031183,0,Medium
SUB-00005287,CUST-001525,"Wright, Wise and Ramos",NC-SQL,Nexus SQL Database,1,0.5277616031559733,1,High
SUB-00005288,CUST-001526,"Vang, Gonzalez and Moss",NC-SQL,Nexus SQL Database,1,0.2017767418203238,0,Low
SUB-00005289,CUST-001526,"Vang, Gonzalez and Moss",NC-SECURITY,Nexus Cloud Security,0,0.5234492211774926,1,High
SUB-00005290,CUST-001526,"Vang, Gonzalez and Moss",NC-STORAGE,Nexus Storage,1,0.8202981739130839,1,Critical
SUB-00005291,CUST-001526,"Vang, Gonzalez and Moss",NC-ANALYTICS,Nexus Analytics,0,0.21121272323276058,0,Low
SUB-00005292,CUST-001527,Boyd and Sons,NC-SQL,Nexus SQL Database,1,0.19061467623439232,0,Low
SUB-00005293,CUST-001528,Price-Ali,NC-AISEARCH,Nexus AI Search,1,0.5766091588824664,1,High
SUB-00005294,CUST-001528,Price-Ali,NC-INTEGRATION,Nexus Integration,0,0.20412906604465803,0,Low
SUB-00005295,CUST-001528,Price-Ali,NC-STORAGE,Nexus Storage,1,0.20593967778835126,0,Low
SUB-00005296,CUST-001528,Price-Ali,NC-CONTAINER,Nexus Container Platform,0,0.18480458430458443,0,Low
SUB-00005297,CUST-001528,Price-Ali,NC-SECURITY,Nexus Cloud Security,1,0.5175348983993386,1,High
SUB-00005298,CUST-001528,Price-Ali,NC-ANALYTICS,Nexus Analytics,0,0.20453576319420502,0,Low
SUB-00005299,CUST-001528,Price-Ali,NC-AIMODEL,Nexus AI Models,0,0.4575134308117997,0,Medium
SUB-00005300,CUST-001528,Price-Ali,NC-COMPUTE,Nexus Compute,1,0.475355286079939,0,Medium
SUB-00005301,CUST-001528,Price-Ali,NC-WAREHOUSE,Nexus Data Warehouse,0,0.18214929862876264,0,Low
SUB-00005302,CUST-001529,Moore-Chandler,NC-AIMODEL,Nexus AI Models,1,0.8316415068586193,1,Critical
SUB-00005303,CUST-001529,Moore-Chandler,NC-STORAGE,Nexus Storage,1,0.21397719587161898,0,Low
SUB-00005304,CUST-001529,Moore-Chandler,NC-ANALYTICS,Nexus Analytics,1,0.21304955946830392,0,Low
SUB-00005305,CUST-001529,Moore-Chandler,NC-CONTAINER,Nexus Container Platform,1,0.8157899791860378,1,Critical
SUB-00005306,CUST-001529,Moore-Chandler,NC-COMPUTE,Nexus Compute,1,0.5032718481419387,1,High
SUB-00005307,CUST-001529,Moore-Chandler,NC-SECURITY,Nexus Cloud Security,0,0.20618594220253206,0,Low
SUB-00005308,CUST-001529,Moore-Chandler,NC-AISEARCH,Nexus AI Search,1,0.22544263568230347,0,Low
SUB-00005309,CUST-001530,"Pineda, Meyer and King",NC-CONTAINER,Nexus Container Platform,0,0.559831282440439,1,High
SUB-00005310,CUST-001530,"Pineda, Meyer and King",NC-COMPUTE,Nexus Compute,1,0.5468697110970339,1,High
SUB-00005311,CUST-001531,"Evans, Ward and Williams",NC-CONTAINER,Nexus Container Platform,1,0.8087306911519807,1,Critical
SUB-00005312,CUST-001531,"Evans, Ward and Williams",NC-STORAGE,Nexus Storage,1,0.5041943639839875,1,High
SUB-00005313,CUST-001531,"Evans, Ward and Williams",NC-INTEGRATION,Nexus Integration,0,0.5034161770319197,1,High
SUB-00005314,CUST-001532,"Robinson, Rodriguez and Chen",NC-ANALYTICS,Nexus Analytics,1,0.81565328548898,1,Critical
SUB-00005315,CUST-001532,"Robinson, Rodriguez and Chen",NC-COMPUTE,Nexus Compute,0,0.20055025534155024,0,Low
SUB-00005316,CUST-001532,"Robinson, Rodriguez and Chen",NC-WAREHOUSE,Nexus Data Warehouse,1,0.1977570831534982,0,Low
SUB-00005317,CUST-001533,Smith-Bauer,NC-COMPUTE,Nexus Compute,1,0.5243060685575285,1,High
SUB-00005318,CUST-001534,"Wilson, Mccormick and Smith",NC-STORAGE,Nexus Storage,1,0.5121785625539862,1,High
SUB-00005319,CUST-001534,"Wilson, Mccormick and Smith",NC-CONTAINER,Nexus Container Platform,1,0.5525456396469616,1,High
SUB-00005320,CUST-001534,"Wilson, Mccormick and Smith",NC-COMPUTE,Nexus Compute,1,0.8063004593747185,1,Critical
SUB-00005321,CUST-001534,"Wilson, Mccormick and Smith",NC-SECURITY,Nexus Cloud Security,1,0.2118219484984977,0,Low
SUB-00005322,CUST-001534,"Wilson, Mccormick and Smith",NC-SQL,Nexus SQL Database,1,0.5246719205199163,1,High
SUB-00005323,CUST-001534,"Wilson, Mccormick and Smith",NC-WAREHOUSE,Nexus Data Warehouse,1,0.8533280236482292,1,Critical
SUB-00005324,CUST-001534,"Wilson, Mccormick and Smith",NC-ANALYTICS,Nexus Analytics,0,0.2415714495668314,0,Low
SUB-00005325,CUST-001535,Perkins Ltd,NC-STORAGE,Nexus Storage,1,0.5212906930654199,1,High
SUB-00005326,CUST-001535,Perkins Ltd,NC-CONTAINER,Nexus Container Platform,1,0.813971732310062,1,Critical
SUB-00005327,CUST-001536,Barker-Moore,NC-SECURITY,Nexus Cloud Security,1,0.814289037551063,1,Critical
SUB-00005328,CUST-001536,Barker-Moore,NC-WAREHOUSE,Nexus Data Warehouse,1,0.20703367002414513,0,Low
SUB-00005329,CUST-001536,Barker-Moore,NC-STORAGE,Nexus Storage,1,0.8164161497842276,1,Critical
SUB-00005330,CUST-001537,Wright Group,NC-COMPUTE,Nexus Compute,0,0.16639619071937664,0,Low
SUB-00005331,CUST-001538,Parks LLC,NC-SQL,Nexus SQL Database,1,0.8001367314276125,1,Critical
SUB-00005332,CUST-001538,Parks LLC,NC-CONTAINER,Nexus Container Platform,1,0.1772452850924342,0,Low
SUB-00005333,CUST-001538,Parks LLC,NC-INTEGRATION,Nexus Integration,1,0.4638338361267631,0,Medium
SUB-00005334,CUST-001538,Parks LLC,NC-SECURITY,Nexus Cloud Security,1,0.7800031574612254,1,Critical
SUB-00005335,CUST-001539,"Brown, Kelly and Moore",NC-SECURITY,Nexus Cloud Security,0,0.5145850415676456,1,High
SUB-00005336,CUST-001539,"Brown, Kelly and Moore",NC-STORAGE,Nexus Storage,0,0.2279681939728868,0,Low
SUB-00005337,CUST-001539,"Brown, Kelly and Moore",NC-ANALYTICS,Nexus Analytics,0,0.8436321855876875,1,Critical
SUB-00005338,CUST-001539,"Brown, Kelly and Moore",NC-COMPUTE,Nexus Compute,1,0.8583350574295875,1,Critical
SUB-00005339,CUST-001539,"Brown, Kelly and Moore",NC-WAREHOUSE,Nexus Data Warehouse,1,0.8704240217909692,1,Critical
SUB-00005340,CUST-001539,"Brown, Kelly and Moore",NC-INTEGRATION,Nexus Integration,0,0.842958509068883,1,Critical
SUB-00005341,CUST-001539,"Brown, Kelly and Moore",NC-AISEARCH,Nexus AI Search,0,0.18632164888313169,0,Low
SUB-00005342,CUST-001539,"Brown, Kelly and Moore",NC-SQL,Nexus SQL Database,1,0.8409145297061951,1,Critical
SUB-00005343,CUST-001540,"Moody, Martinez and Hall",NC-WAREHOUSE,Nexus Data Warehouse,1,0.5126015137305786,1,High
SUB-00005344,CUST-001540,"Moody, Martinez and Hall",NC-COMPUTE,Nexus Compute,0,0.5049863974630874,1,High
SUB-00005345,CUST-001540,"Moody, Martinez and Hall",NC-SECURITY,Nexus Cloud Security,1,0.5244027656350405,1,High
SUB-00005346,CUST-001541,"Kramer, Sherman and Trujillo",NC-COMPUTE,Nexus Compute,0,0.49507102477862674,0,Medium
SUB-00005347,CUST-001541,"Kramer, Sherman and Trujillo",NC-CONTAINER,Nexus Container Platform,1,0.47386901944731274,0,Medium
SUB-00005348,CUST-001541,"Kramer, Sherman and Trujillo",NC-SQL,Nexus SQL Database,0,0.4847652625945922,0,Medium
SUB-00005349,CUST-001542,Quinn-Smith,NC-AISEARCH,Nexus AI Search,1,0.8541974406878998,1,Critical
SUB-00005350,CUST-001543,Howard-Taylor,NC-COMPUTE,Nexus Compute,0,0.5150447265972428,1,High
SUB-00005351,CUST-001543,Howard-Taylor,NC-STORAGE,Nexus Storage,1,0.8266392898229281,1,Critical
SUB-00005352,CUST-001543,Howard-Taylor,NC-INTEGRATION,Nexus Integration,1,0.8198217557926605,1,Critical
SUB-00005353,CUST-001543,Howard-Taylor,NC-AISEARCH,Nexus AI Search,0,0.23253460084849667,0,Low
SUB-00005354,CUST-001543,Howard-Taylor,NC-SQL,Nexus SQL Database,0,0.2099077058355033,0,Low
SUB-00005355,CUST-001544,Washington Group,NC-COMPUTE,Nexus Compute,1,0.18381170588172702,0,Low
SUB-00005356,CUST-001544,Washington Group,NC-CONTAINER,Nexus Container Platform,0,0.7949806886527109,1,Critical
SUB-00005357,CUST-001544,Washington Group,NC-SQL,Nexus SQL Database,0,0.18495609420742204,0,Low
SUB-00005358,CUST-001545,"Phillips, Terry and Lopez",NC-COMPUTE,Nexus Compute,1,0.528060301867948,1,High
SUB-00005359,CUST-001545,"Phillips, Terry and Lopez",NC-SECURITY,Nexus Cloud Security,1,0.5252496005869545,1,High
SUB-00005360,CUST-001545,"Phillips, Terry and Lopez",NC-INTEGRATION,Nexus Integration,0,0.21657762782097734,0,Low
SUB-00005361,CUST-001546,Stephens LLC,NC-COMPUTE,Nexus Compute,0,0.23856135305459106,0,Low
SUB-00005362,CUST-001546,Stephens LLC,NC-SECURITY,Nexus Cloud Security,1,0.8349661385451116,1,Critical
SUB-00005363,CUST-001546,Stephens LLC,NC-SQL,Nexus SQL Database,1,0.2262824600215545,0,Low
SUB-00005364,CUST-001547,"Mcdonald, Dillon and George",NC-CONTAINER,Nexus Container Platform,0,0.5794803596630331,1,High
SUB-00005365,CUST-001547,"Mcdonald, Dillon and George",NC-STORAGE,Nexus Storage,0,0.23572967293874347,0,Low
SUB-00005366,CUST-001547,"Mcdonald, Dillon and George",NC-WAREHOUSE,Nexus Data Warehouse,1,0.24829716616070904,0,Low
SUB-00005367,CUST-001548,"Martin, Schmidt and Cole",NC-CONTAINER,Nexus Container Platform,1,0.816777332644368,1,Critical
SUB-00005368,CUST-001548,"Martin, Schmidt and Cole",NC-SECURITY,Nexus Cloud Security,1,0.8272160612943117,1,Critical
SUB-00005370,CUST-001548,"Martin, Schmidt and Cole",NC-SQL,Nexus SQL Database,0,0.4519773167227153,0,Medium
SUB-00005371,CUST-001548,"Martin, Schmidt and Cole",NC-INTEGRATION,Nexus Integration,0,0.2643027715815167,0,Medium
SUB-00005372,CUST-001548,"Martin, Schmidt and Cole",NC-WAREHOUSE,Nexus Data Warehouse,1,0.5297479267036703,1,High
SUB-00005373,CUST-001549,Weaver-Gibson,NC-ANALYTICS,Nexus Analytics,1,0.1906455572546081,0,Low
SUB-00005374,CUST-001549,Weaver-Gibson,NC-CONTAINER,Nexus Container Platform,1,0.17614896314333542,0,Low
SUB-00005375,CUST-001549,Weaver-Gibson,NC-COMPUTE,Nexus Compute,0,0.17664965832687202,0,Low
SUB-00005376,CUST-001550,"Hunter, Gross and Andrade",NC-WAREHOUSE,Nexus Data Warehouse,1,0.5052128384506099,1,High
SUB-00005377,CUST-001550,"Hunter, Gross and Andrade",NC-CONTAINER,Nexus Container Platform,1,0.821978967451097,1,Critical
SUB-00005378,CUST-001550,"Hunter, Gross and Andrade",NC-SQL,Nexus SQL Database,1,0.5303051846807871,1,High
SUB-00005379,CUST-001550,"Hunter, Gross and Andrade",NC-AIMODEL,Nexus AI Models,0,0.5227903111943689,1,High
SUB-00005380,CUST-001550,"Hunter, Gross and Andrade",NC-AISEARCH,Nexus AI Search,1,0.8279473325366489,1,Critical
SUB-00005381,CUST-001551,"Vincent, Parsons and Allen",NC-INTEGRATION,Nexus Integration,1,0.530316520032209,1,High
SUB-00005382,CUST-001551,"Vincent, Parsons and Allen",NC-AISEARCH,Nexus AI Search,1,0.8459106573131792,1,Critical
SUB-00005383,CUST-001552,"Brown, Coffey and Fuentes",NC-INTEGRATION,Nexus Integration,1,0.8480179218563098,1,Critical
SUB-00005384,CUST-001552,"Brown, Coffey and Fuentes",NC-CONTAINER,Nexus Container Platform,0,0.22952139808574368,0,Low
SUB-00005385,CUST-001552,"Brown, Coffey and Fuentes",NC-AIMODEL,Nexus AI Models,0,0.2708660117052944,0,Medium
SUB-00005386,CUST-001552,"Brown, Coffey and Fuentes",NC-WAREHOUSE,Nexus Data Warehouse,0,0.25104014949608194,0,Medium
SUB-00005387,CUST-001552,"Brown, Coffey and Fuentes",NC-SECURITY,Nexus Cloud Security,1,0.5569260298353038,1,High
SUB-00005388,CUST-001552,"Brown, Coffey and Fuentes",NC-AISEARCH,Nexus AI Search,0,0.2552440500293813,0,Medium
SUB-00005389,CUST-001552,"Brown, Coffey and Fuentes",NC-COMPUTE,Nexus Compute,0,0.5725730772560224,1,High
SUB-00005390,CUST-001553,Warren Group,NC-COMPUTE,Nexus Compute,0,0.23363109205052326,0,Low
SUB-00005391,CUST-001553,Warren Group,NC-STORAGE,Nexus Storage,1,0.8339789773519728,1,Critical
SUB-00005392,CUST-001553,Warren Group,NC-INTEGRATION,Nexus Integration,1,0.8409108886471752,1,Critical
SUB-00005393,CUST-001554,"Moore, Campbell and Ortiz",NC-SQL,Nexus SQL Database,1,0.5203930520272201,1,High
SUB-00005394,CUST-001554,"Moore, Campbell and Ortiz",NC-COMPUTE,Nexus Compute,1,0.49261238906858335,0,Medium
SUB-00005395,CUST-001554,"Moore, Campbell and Ortiz",NC-ANALYTICS,Nexus Analytics,1,0.8426028656390679,1,Critical
SUB-00005396,CUST-001554,"Moore, Campbell and Ortiz",NC-STORAGE,Nexus Storage,0,0.2367319207456993,0,Low
SUB-00005397,CUST-001554,"Moore, Campbell and Ortiz",NC-SECURITY,Nexus Cloud Security,1,0.5407871856168258,1,High
SUB-00005398,CUST-001554,"Moore, Campbell and Ortiz",NC-INTEGRATION,Nexus Integration,1,0.5366857430760059,1,High
SUB-00005399,CUST-001554,"Moore, Campbell and Ortiz",NC-WAREHOUSE,Nexus Data Warehouse,1,0.8381257918424697,1,Critical
SUB-00005400,CUST-001554,"Moore, Campbell and Ortiz",NC-CONTAINER,Nexus Container Platform,1,0.8071778762529067,1,Critical
SUB-00005401,CUST-001555,Rodriguez-Mills,NC-INTEGRATION,Nexus Integration,0,0.18526743011102426,0,Low
SUB-00005402,CUST-001555,Rodriguez-Mills,NC-CONTAINER,Nexus Container Platform,0,0.4862108951246245,0,Medium
SUB-00005403,CUST-001555,Rodriguez-Mills,NC-AISEARCH,Nexus AI Search,0,0.19943513796461196,0,Low
SUB-00005404,CUST-001556,Williams and Sons,NC-INTEGRATION,Nexus Integration,0,0.22533191515023138,0,Low
SUB-00005405,CUST-001556,Williams and Sons,NC-SQL,Nexus SQL Database,1,0.8358378195844954,1,Critical
SUB-00005406,CUST-001557,Russo and Sons,NC-SQL,Nexus SQL Database,1,0.8454052858970799,1,Critical
SUB-00005407,CUST-001557,Russo and Sons,NC-WAREHOUSE,Nexus Data Warehouse,0,0.5686054209940885,1,High
SUB-00005408,CUST-001558,Washington Inc,NC-SQL,Nexus SQL Database,0,0.5384139085237474,1,High
SUB-00005409,CUST-001558,Washington Inc,NC-COMPUTE,Nexus Compute,1,0.5153649473337608,1,High
SUB-00005410,CUST-001558,Washington Inc,NC-INTEGRATION,Nexus Integration,0,0.5333972490546403,1,High
SUB-00005411,CUST-001558,Washington Inc,NC-CONTAINER,Nexus Container Platform,1,0.8165130859945402,1,Critical
SUB-00005412,CUST-001559,Duncan Group,NC-COMPUTE,Nexus Compute,1,0.5580417099368848,1,High
SUB-00005413,CUST-001559,Duncan Group,NC-SECURITY,Nexus Cloud Security,1,0.8278177173834278,1,Critical
SUB-00005414,CUST-001559,Duncan Group,NC-ANALYTICS,Nexus Analytics,0,0.5608142246662093,1,High
SUB-00005415,CUST-001559,Duncan Group,NC-WAREHOUSE,Nexus Data Warehouse,1,0.8424528415026366,1,Critical
SUB-00005416,CUST-001559,Duncan Group,NC-CONTAINER,Nexus Container Platform,1,0.5460020021918723,1,High
SUB-00005417,CUST-001560,"Burns, Hanson and Garza",NC-ANALYTICS,Nexus Analytics,1,0.8453226101756789,1,Critical
SUB-00005418,CUST-001560,"Burns, Hanson and Garza",NC-INTEGRATION,Nexus Integration,1,0.8434886708570883,1,Critical
SUB-00005419,CUST-001560,"Burns, Hanson and Garza",NC-WAREHOUSE,Nexus Data Warehouse,0,0.22595362279914494,0,Low
SUB-00005420,CUST-001561,Diaz PLC,NC-SQL,Nexus SQL Database,0,0.19893100545443484,0,Low
SUB-00005421,CUST-001561,Diaz PLC,NC-STORAGE,Nexus Storage,0,0.4866272884894277,0,Medium
SUB-00005422,CUST-001561,Diaz PLC,NC-AIMODEL,Nexus AI Models,0,0.8209117480199739,1,Critical
SUB-00005423,CUST-001562,"Jones, Conrad and Clark",NC-STORAGE,Nexus Storage,0,0.2173368296384477,0,Low
SUB-00005424,CUST-001563,Hebert-Collier,NC-ANALYTICS,Nexus Analytics,1,0.2402122599663425,0,Low
SUB-00005425,CUST-001563,Hebert-Collier,NC-SECURITY,Nexus Cloud Security,1,0.576301096395583,1,High
SUB-00005426,CUST-001563,Hebert-Collier,NC-CONTAINER,Nexus Container Platform,1,0.5607474025017254,1,High
SUB-00005427,CUST-001564,Owen-Brown,NC-ANALYTICS,Nexus Analytics,0,0.24566620947402276,0,Low
SUB-00005428,CUST-001564,Owen-Brown,NC-COMPUTE,Nexus Compute,1,0.83417425755024,1,Critical
SUB-00005429,CUST-001564,Owen-Brown,NC-SQL,Nexus SQL Database,1,0.4883840679973271,0,Medium
SUB-00005430,CUST-001564,Owen-Brown,NC-INTEGRATION,Nexus Integration,1,0.5432752458522818,1,High
SUB-00005431,CUST-001564,Owen-Brown,NC-SECURITY,Nexus Cloud Security,1,0.512672046252867,1,High
SUB-00005432,CUST-001564,Owen-Brown,NC-WAREHOUSE,Nexus Data Warehouse,0,0.21424057068389504,0,Low
SUB-00005433,CUST-001565,"Paul, Zamora and Short",NC-COMPUTE,Nexus Compute,0,0.22583091231493402,0,Low
SUB-00005434,CUST-001565,"Paul, Zamora and Short",NC-SECURITY,Nexus Cloud Security,1,0.8326133009364196,1,Critical
SUB-00005435,CUST-001565,"Paul, Zamora and Short",NC-STORAGE,Nexus Storage,1,0.8345641623256277,1,Critical
SUB-00005436,CUST-001566,"Brown, Jensen and Rice",NC-STORAGE,Nexus Storage,1,0.7961667922760198,1,Critical
SUB-00005437,CUST-001566,"Brown, Jensen and Rice",NC-WAREHOUSE,Nexus Data Warehouse,1,0.7964298833361173,1,Critical
SUB-00005438,CUST-001566,"Brown, Jensen and Rice",NC-SECURITY,Nexus Cloud Security,0,0.1844850237559857,0,Low
SUB-00005439,CUST-001566,"Brown, Jensen and Rice",NC-AIMODEL,Nexus AI Models,1,0.5093581773009384,1,High
SUB-00005440,CUST-001567,"Jones, Torres and Blackburn",NC-SECURITY,Nexus Cloud Security,0,0.5233999624182859,1,High
SUB-00005441,CUST-001567,"Jones, Torres and Blackburn",NC-STORAGE,Nexus Storage,1,0.8326978010226102,1,Critical
SUB-00005442,CUST-001567,"Jones, Torres and Blackburn",NC-CONTAINER,Nexus Container Platform,1,0.2106101007679799,0,Low
SUB-00005443,CUST-001567,"Jones, Torres and Blackburn",NC-WAREHOUSE,Nexus Data Warehouse,0,0.22809746169719536,0,Low
SUB-00005444,CUST-001567,"Jones, Torres and Blackburn",NC-INTEGRATION,Nexus Integration,0,0.547449010646514,1,High
SUB-00005445,CUST-001568,"Davis, Hardy and Schmidt",NC-CONTAINER,Nexus Container Platform,1,0.8150538118414187,1,Critical
SUB-00005446,CUST-001568,"Davis, Hardy and Schmidt",NC-SECURITY,Nexus Cloud Security,0,0.1878022768960743,0,Low
SUB-00005447,CUST-001568,"Davis, Hardy and Schmidt",NC-STORAGE,Nexus Storage,0,0.18606897433517222,0,Low
SUB-00005448,CUST-001568,"Davis, Hardy and Schmidt",NC-ANALYTICS,Nexus Analytics,1,0.5048132017909648,1,High
SUB-00005449,CUST-001568,"Davis, Hardy and Schmidt",NC-SQL,Nexus SQL Database,0,0.2019151009760195,0,Low
SUB-00005450,CUST-001568,"Davis, Hardy and Schmidt",NC-COMPUTE,Nexus Compute,0,0.18898890250159361,0,Low
SUB-00005451,CUST-001568,"Davis, Hardy and Schmidt",NC-WAREHOUSE,Nexus Data Warehouse,0,0.5144193685427859,1,High
SUB-00005452,CUST-001569,Lee Ltd,NC-AISEARCH,Nexus AI Search,1,0.5276894900238694,1,High
SUB-00005453,CUST-001569,Lee Ltd,NC-SECURITY,Nexus Cloud Security,0,0.5182342501337768,1,High
SUB-00005454,CUST-001569,Lee Ltd,NC-ANALYTICS,Nexus Analytics,1,0.8264566871505844,1,Critical
SUB-00005455,CUST-001570,Hudson and Sons,NC-ANALYTICS,Nexus Analytics,1,0.7779636930124366,1,Critical
SUB-00005456,CUST-001570,Hudson and Sons,NC-SECURITY,Nexus Cloud Security,0,0.16492797618187222,0,Low
SUB-00005457,CUST-001571,"Curry, Perry and Garcia",NC-AIMODEL,Nexus AI Models,1,0.2280481179070082,0,Low
SUB-00005458,CUST-001571,"Curry, Perry and Garcia",NC-SQL,Nexus SQL Database,1,0.5198850620427533,1,High
SUB-00005459,CUST-001571,"Curry, Perry and Garcia",NC-STORAGE,Nexus Storage,1,0.5149334139800672,1,High
SUB-00005460,CUST-001571,"Curry, Perry and Garcia",NC-AISEARCH,Nexus AI Search,0,0.22615476340073282,0,Low
SUB-00005461,CUST-001571,"Curry, Perry and Garcia",NC-COMPUTE,Nexus Compute,1,0.8232134410257913,1,Critical
SUB-00005462,CUST-001572,"Ray, Craig and Park",NC-ANALYTICS,Nexus Analytics,1,0.7910667203018866,1,Critical
SUB-00005463,CUST-001572,"Ray, Craig and Park",NC-WAREHOUSE,Nexus Data Warehouse,0,0.8053537988601644,1,Critical
SUB-00005464,CUST-001572,"Ray, Craig and Park",NC-STORAGE,Nexus Storage,1,0.5053796465172231,1,High
SUB-00005465,CUST-001572,"Ray, Craig and Park",NC-INTEGRATION,Nexus Integration,0,0.2079253299592812,0,Low
SUB-00005466,CUST-001573,Andrade-Jackson,NC-CONTAINER,Nexus Container Platform,1,0.8690785823696281,1,Critical
SUB-00005467,CUST-001573,Andrade-Jackson,NC-INTEGRATION,Nexus Integration,0,0.5632079695032438,1,High
SUB-00005468,CUST-001573,Andrade-Jackson,NC-COMPUTE,Nexus Compute,1,0.8395873204849413,1,Critical
SUB-00005469,CUST-001573,Andrade-Jackson,NC-SQL,Nexus SQL Database,0,0.552745245300787,1,High
SUB-00005470,CUST-001573,Andrade-Jackson,NC-WAREHOUSE,Nexus Data Warehouse,0,0.8271882050040347,1,Critical
SUB-00005471,CUST-001574,Pierce PLC,NC-STORAGE,Nexus Storage,1,0.8046142095498701,1,Critical
SUB-00005472,CUST-001574,Pierce PLC,NC-WAREHOUSE,Nexus Data Warehouse,1,0.8195928569087115,1,Critical
SUB-00005473,CUST-001574,Pierce PLC,NC-COMPUTE,Nexus Compute,1,0.5157781035416078,1,High
SUB-00005474,CUST-001575,Sandoval-Ferguson,NC-STORAGE,Nexus Storage,1,0.5355392236363317,1,High
SUB-00005475,CUST-001575,Sandoval-Ferguson,NC-SECURITY,Nexus Cloud Security,1,0.5195759847189694,1,High
SUB-00005476,CUST-001576,"Ramos, Gomez and Edwards",NC-CONTAINER,Nexus Container Platform,1,0.827666163328508,1,Critical
SUB-00005477,CUST-001576,"Ramos, Gomez and Edwards",NC-SECURITY,Nexus Cloud Security,0,0.5339752123084633,1,High
SUB-00005478,CUST-001576,"Ramos, Gomez and Edwards",NC-COMPUTE,Nexus Compute,0,0.841325546282356,1,Critical
SUB-00005479,CUST-001576,"Ramos, Gomez and Edwards",NC-SQL,Nexus SQL Database,0,0.8298277636773873,1,Critical
SUB-00005480,CUST-001577,Kirk-Gutierrez,NC-WAREHOUSE,Nexus Data Warehouse,0,0.7994118891440923,1,Critical
SUB-00005481,CUST-001577,Kirk-Gutierrez,NC-INTEGRATION,Nexus Integration,0,0.7975639295116489,1,Critical
SUB-00005482,CUST-001577,Kirk-Gutierrez,NC-CONTAINER,Nexus Container Platform,0,0.5045540940358455,1,High
SUB-00005483,CUST-001578,"Jordan, Swanson and Franklin",NC-COMPUTE,Nexus Compute,1,0.8511654166066964,1,Critical
SUB-00005484,CUST-001578,"Jordan, Swanson and Franklin",NC-INTEGRATION,Nexus Integration,0,0.23426179486992388,0,Low
SUB-00005485,CUST-001579,"Gardner, Brooks and Pierce",NC-WAREHOUSE,Nexus Data Warehouse,1,0.5507475876080596,1,High
SUB-00005486,CUST-001580,"King, Nixon and West",NC-CONTAINER,Nexus Container Platform,0,0.4909385598796054,0,Medium
SUB-00005487,CUST-001580,"King, Nixon and West",NC-STORAGE,Nexus Storage,0,0.1821021303530636,0,Low
SUB-00005488,CUST-001580,"King, Nixon and West",NC-COMPUTE,Nexus Compute,1,0.8094752573509143,1,Critical
SUB-00005489,CUST-001580,"King, Nixon and West",NC-SQL,Nexus SQL Database,0,0.19195370265633013,0,Low
SUB-00005490,CUST-001580,"King, Nixon and West",NC-SECURITY,Nexus Cloud Security,0,0.18186840853983702,0,Low
SUB-00005491,CUST-001580,"King, Nixon and West",NC-WAREHOUSE,Nexus Data Warehouse,1,0.48445463677026374,0,Medium
SUB-00005492,CUST-001580,"King, Nixon and West",NC-INTEGRATION,Nexus Integration,1,0.5011929551761245,1,High
SUB-00005493,CUST-001581,Smith-Johnson,NC-ANALYTICS,Nexus Analytics,1,0.4913355134008995,0,Medium
SUB-00005494,CUST-001581,Smith-Johnson,NC-WAREHOUSE,Nexus Data Warehouse,1,0.800865138863322,1,Critical
SUB-00005495,CUST-001581,Smith-Johnson,NC-CONTAINER,Nexus Container Platform,0,0.19701273659654128,0,Low
SUB-00005496,CUST-001581,Smith-Johnson,NC-SECURITY,Nexus Cloud Security,0,0.20060531890439315,0,Low
SUB-00005497,CUST-001581,Smith-Johnson,NC-INTEGRATION,Nexus Integration,1,0.7992972292912764,1,Critical
SUB-00005498,CUST-001581,Smith-Johnson,NC-COMPUTE,Nexus Compute,1,0.5127806463077196,1,High
SUB-00005499,CUST-001582,Larson-Holmes,NC-STORAGE,Nexus Storage,1,0.7976484580939021,1,Critical
SUB-00005500,CUST-001583,Smith-Joyce,NC-AISEARCH,Nexus AI Search,1,0.8479171576210248,1,Critical
SUB-00005501,CUST-001583,Smith-Joyce,NC-CONTAINER,Nexus Container Platform,1,0.838708634471118,1,Critical
SUB-00005502,CUST-001583,Smith-Joyce,NC-SECURITY,Nexus Cloud Security,0,0.2131992707074179,0,Low
SUB-00005503,CUST-001583,Smith-Joyce,NC-SQL,Nexus SQL Database,0,0.5460264649311668,1,High
SUB-00005504,CUST-001583,Smith-Joyce,NC-STORAGE,Nexus Storage,0,0.5532018519679932,1,High
SUB-00005505,CUST-001583,Smith-Joyce,NC-ANALYTICS,Nexus Analytics,0,0.23363308956847875,0,Low
SUB-00005506,CUST-001584,Foley Inc,NC-ANALYTICS,Nexus Analytics,1,0.23588993421676602,0,Low
SUB-00005507,CUST-001584,Foley Inc,NC-SECURITY,Nexus Cloud Security,1,0.8385953149384002,1,Critical
SUB-00005508,CUST-001584,Foley Inc,NC-STORAGE,Nexus Storage,1,0.2332998770263525,0,Low
SUB-00005509,CUST-001584,Foley Inc,NC-COMPUTE,Nexus Compute,1,0.23357741650159777,0,Low
SUB-00005510,CUST-001585,"Short, Ellison and Dixon",NC-ANALYTICS,Nexus Analytics,1,0.831321852689674,1,Critical
SUB-00005511,CUST-001585,"Short, Ellison and Dixon",NC-SQL,Nexus SQL Database,1,0.8439839189491,1,Critical
SUB-00005512,CUST-001585,"Short, Ellison and Dixon",NC-INTEGRATION,Nexus Integration,0,0.5380112412064623,1,High
SUB-00005513,CUST-001586,"Howe, Moore and Johnson",NC-COMPUTE,Nexus Compute,1,0.5593407804543364,1,High
SUB-00005514,CUST-001586,"Howe, Moore and Johnson",NC-STORAGE,Nexus Storage,1,0.5549251103231638,1,High
SUB-00005515,CUST-001587,Moore-Baker,NC-STORAGE,Nexus Storage,1,0.8453108934152689,1,Critical
SUB-00005516,CUST-001587,Moore-Baker,NC-SECURITY,Nexus Cloud Security,0,0.2243002975219278,0,Low
SUB-00005517,CUST-001587,Moore-Baker,NC-SQL,Nexus SQL Database,1,0.8400390561015699,1,Critical
SUB-00005518,CUST-001588,"Wright, Scott and Evans",NC-STORAGE,Nexus Storage,1,0.20773015918685764,0,Low
SUB-00005519,CUST-001588,"Wright, Scott and Evans",NC-ANALYTICS,Nexus Analytics,1,0.8012054245298661,1,Critical
SUB-00005520,CUST-001588,"Wright, Scott and Evans",NC-INTEGRATION,Nexus Integration,0,0.502127836945559,1,High
SUB-00005521,CUST-001589,"Ross, Hardin and Navarro",NC-CONTAINER,Nexus Container Platform,0,0.2252924172375725,0,Low
SUB-00005522,CUST-001589,"Ross, Hardin and Navarro",NC-SECURITY,Nexus Cloud Security,0,0.5422000824358948,1,High
SUB-00005523,CUST-001589,"Ross, Hardin and Navarro",NC-INTEGRATION,Nexus Integration,1,0.22305037575060224,0,Low
SUB-00005524,CUST-001589,"Ross, Hardin and Navarro",NC-COMPUTE,Nexus Compute,0,0.2239568604531851,0,Low
SUB-00005525,CUST-001590,"Nguyen, Olson and Freeman",NC-COMPUTE,Nexus Compute,1,0.8383752266123191,1,Critical
SUB-00005526,CUST-001590,"Nguyen, Olson and Freeman",NC-CONTAINER,Nexus Container Platform,0,0.23107130145373928,0,Low
SUB-00005527,CUST-001590,"Nguyen, Olson and Freeman",NC-SECURITY,Nexus Cloud Security,0,0.2290869131672776,0,Low
SUB-00005528,CUST-001591,"Warner, Weiss and Davis",NC-INTEGRATION,Nexus Integration,0,0.21702132969953092,0,Low
SUB-00005529,CUST-001591,"Warner, Weiss and Davis",NC-SQL,Nexus SQL Database,1,0.5255298989075079,1,High
SUB-00005530,CUST-001592,"Evans, Cross and Johnston",NC-CONTAINER,Nexus Container Platform,0,0.20291996384828795,0,Low
SUB-00005531,CUST-001592,"Evans, Cross and Johnston",NC-SQL,Nexus SQL Database,0,0.20538938930702852,0,Low
SUB-00005532,CUST-001592,"Evans, Cross and Johnston",NC-SECURITY,Nexus Cloud Security,0,0.5113108792847793,1,High
SUB-00005533,CUST-001593,Deleon LLC,NC-WAREHOUSE,Nexus Data Warehouse,1,0.803936895762357,1,Critical
SUB-00005534,CUST-001593,Deleon LLC,NC-CONTAINER,Nexus Container Platform,0,0.20262187375955276,0,Low
SUB-00005535,CUST-001593,Deleon LLC,NC-INTEGRATION,Nexus Integration,0,0.8017417947794855,1,Critical
SUB-00005536,CUST-001594,Hobbs-Hamilton,NC-ANALYTICS,Nexus Analytics,1,0.8044436263263309,1,Critical
SUB-00005537,CUST-001594,Hobbs-Hamilton,NC-SQL,Nexus SQL Database,1,0.7919699644323771,1,Critical
SUB-00005538,CUST-001594,Hobbs-Hamilton,NC-WAREHOUSE,Nexus Data Warehouse,0,0.19278743615115224,0,Low
SUB-00005539,CUST-001595,Kane and Sons,NC-SQL,Nexus SQL Database,1,0.5229081497350101,1,High
SUB-00005540,CUST-001595,Kane and Sons,NC-ANALYTICS,Nexus Analytics,0,0.8196991033625551,1,Critical
SUB-00005541,CUST-001596,"Delgado, Guzman and Smith",NC-INTEGRATION,Nexus Integration,1,0.8256739290328454,1,Critical
SUB-00005542,CUST-001596,"Delgado, Guzman and Smith",NC-CONTAINER,Nexus Container Platform,0,0.2028522361785274,0,Low
SUB-00005543,CUST-001596,"Delgado, Guzman and Smith",NC-ANALYTICS,Nexus Analytics,0,0.19566875598766204,0,Low
SUB-00005544,CUST-001596,"Delgado, Guzman and Smith",NC-COMPUTE,Nexus Compute,0,0.8271279220060318,1,Critical
SUB-00005545,CUST-001597,"Reyes, Torres and Williams",NC-CONTAINER,Nexus Container Platform,0,0.17256596282905248,0,Low
SUB-00005546,CUST-001597,"Reyes, Torres and Williams",NC-WAREHOUSE,Nexus Data Warehouse,0,0.47066343843816827,0,Medium
SUB-00005547,CUST-001597,"Reyes, Torres and Williams",NC-COMPUTE,Nexus Compute,1,0.465001768063941,0,Medium
SUB-00005548,CUST-001597,"Reyes, Torres and Williams",NC-ANALYTICS,Nexus Analytics,1,0.7844434029898232,1,Critical
SUB-00005549,CUST-001598,"Cunningham, Murphy and Wolfe",NC-CONTAINER,Nexus Container Platform,1,0.47051711082702435,0,Medium
SUB-00005550,CUST-001598,"Cunningham, Murphy and Wolfe",NC-ANALYTICS,Nexus Analytics,1,0.1868880991723422,0,Low
SUB-00005551,CUST-001598,"Cunningham, Murphy and Wolfe",NC-COMPUTE,Nexus Compute,1,0.19300878119072473,0,Low
SUB-00005552,CUST-001598,"Cunningham, Murphy and Wolfe",NC-INTEGRATION,Nexus Integration,1,0.7832346742981122,1,Critical
SUB-00005553,CUST-001599,Williams Ltd,NC-COMPUTE,Nexus Compute,1,0.24083156535441463,0,Low
SUB-00005554,CUST-001599,Williams Ltd,NC-STORAGE,Nexus Storage,1,0.5681955243349486,1,High
SUB-00005555,CUST-001599,Williams Ltd,NC-CONTAINER,Nexus Container Platform,1,0.5483747208601383,1,High
SUB-00005556,CUST-001600,Maddox-Mullins,NC-SECURITY,Nexus Cloud Security,1,0.8104480084195171,1,Critical
SUB-00005557,CUST-001600,Maddox-Mullins,NC-WAREHOUSE,Nexus Data Warehouse,0,0.19927895272768187,0,Low
SUB-00005558,CUST-001601,"Wagner, Walker and Roberts",NC-STORAGE,Nexus Storage,1,0.8036409261693903,1,Critical
SUB-00005559,CUST-001601,"Wagner, Walker and Roberts",NC-SQL,Nexus SQL Database,0,0.49982911228157945,0,Medium
SUB-00005560,CUST-001602,Hernandez-Rogers,NC-SECURITY,Nexus Cloud Security,1,0.4712304943149961,0,Medium
SUB-00005561,CUST-001602,Hernandez-Rogers,NC-SQL,Nexus SQL Database,1,0.4571258537751536,0,Medium
SUB-00005562,CUST-001603,Duncan-Williams,NC-CONTAINER,Nexus Container Platform,0,0.19046736852001364,0,Low
SUB-00005563,CUST-001603,Duncan-Williams,NC-SECURITY,Nexus Cloud Security,1,0.7871610521575532,1,Critical
SUB-00005564,CUST-001604,Baker-Ross,NC-SECURITY,Nexus Cloud Security,0,0.17840363782649607,0,Low
SUB-00005565,CUST-001605,Ayala-Anderson,NC-WAREHOUSE,Nexus Data Warehouse,1,0.8263033570175209,1,Critical
SUB-00005566,CUST-001605,Ayala-Anderson,NC-AISEARCH,Nexus AI Search,0,0.5511252694681837,1,High
SUB-00005567,CUST-001605,Ayala-Anderson,NC-COMPUTE,Nexus Compute,1,0.8315873997824783,1,Critical
SUB-00005568,CUST-001605,Ayala-Anderson,NC-AIMODEL,Nexus AI Models,1,0.8277667032883643,1,Critical
SUB-00005569,CUST-001605,Ayala-Anderson,NC-ANALYTICS,Nexus Analytics,0,0.1994993885005381,0,Low
SUB-00005570,CUST-001606,Castillo and Sons,NC-INTEGRATION,Nexus Integration,1,0.20822875531289417,0,Low
SUB-00005571,CUST-001606,Castillo and Sons,NC-CONTAINER,Nexus Container Platform,1,0.8401579481721828,1,Critical
SUB-00005572,CUST-001606,Castillo and Sons,NC-STORAGE,Nexus Storage,1,0.8321929356014865,1,Critical
SUB-00005573,CUST-001607,Foster-Duncan,NC-ANALYTICS,Nexus Analytics,1,0.7961038257369025,1,Critical
SUB-00005574,CUST-001607,Foster-Duncan,NC-WAREHOUSE,Nexus Data Warehouse,0,0.17939655442816474,0,Low
SUB-00005575,CUST-001607,Foster-Duncan,NC-INTEGRATION,Nexus Integration,0,0.5230077177947889,1,High
SUB-00005576,CUST-001607,Foster-Duncan,NC-COMPUTE,Nexus Compute,0,0.20712613093861568,0,Low
SUB-00005577,CUST-001607,Foster-Duncan,NC-SECURITY,Nexus Cloud Security,0,0.7989009185868403,1,Critical
SUB-00005578,CUST-001607,Foster-Duncan,NC-SQL,Nexus SQL Database,0,0.7969287734169317,1,Critical
SUB-00005579,CUST-001607,Foster-Duncan,NC-CONTAINER,Nexus Container Platform,0,0.2298864610761192,0,Low
SUB-00005580,CUST-001607,Foster-Duncan,NC-STORAGE,Nexus Storage,1,0.535592059124645,1,High
SUB-00005581,CUST-001608,"Gilbert, Fitzgerald and Sanchez",NC-AIMODEL,Nexus AI Models,1,0.25414313948972617,0,Medium
SUB-00005582,CUST-001609,Adams Group,NC-SQL,Nexus SQL Database,0,0.5282233062822459,1,High
SUB-00005583,CUST-001609,Adams Group,NC-SECURITY,Nexus Cloud Security,1,0.8066237243981284,1,Critical
SUB-00005584,CUST-001610,Cohen-Johnston,NC-COMPUTE,Nexus Compute,0,0.18531273041140756,0,Low
SUB-00005585,CUST-001610,Cohen-Johnston,NC-WAREHOUSE,Nexus Data Warehouse,1,0.4894873965932191,0,Medium
SUB-00005586,CUST-001610,Cohen-Johnston,NC-SECURITY,Nexus Cloud Security,1,0.815425671009288,1,Critical
SUB-00005587,CUST-001610,Cohen-Johnston,NC-ANALYTICS,Nexus Analytics,1,0.1981741819877736,0,Low
SUB-00005588,CUST-001610,Cohen-Johnston,NC-AISEARCH,Nexus AI Search,1,0.5113448082470005,1,High
SUB-00005589,CUST-001610,Cohen-Johnston,NC-SQL,Nexus SQL Database,0,0.49300169420283263,0,Medium
SUB-00005590,CUST-001611,Powers Group,NC-SECURITY,Nexus Cloud Security,1,0.803958263040808,1,Critical
SUB-00005591,CUST-001611,Powers Group,NC-ANALYTICS,Nexus Analytics,1,0.20888417619103247,0,Low
SUB-00005592,CUST-001611,Powers Group,NC-CONTAINER,Nexus Container Platform,0,0.19212526247150627,0,Low
SUB-00005593,CUST-001611,Powers Group,NC-COMPUTE,Nexus Compute,1,0.20522083302109176,0,Low
SUB-00005594,CUST-001611,Powers Group,NC-WAREHOUSE,Nexus Data Warehouse,1,0.820027949118108,1,Critical
SUB-00005595,CUST-001612,Bailey-Flores,NC-COMPUTE,Nexus Compute,1,0.8086777152769895,1,Critical
SUB-00005596,CUST-001612,Bailey-Flores,NC-SECURITY,Nexus Cloud Security,0,0.18948183443871897,0,Low
SUB-00005597,CUST-001612,Bailey-Flores,NC-CONTAINER,Nexus Container Platform,0,0.19482721921658838,0,Low
SUB-00005598,CUST-001612,Bailey-Flores,NC-STORAGE,Nexus Storage,0,0.20552995019060813,0,Low
SUB-00005599,CUST-001612,Bailey-Flores,NC-SQL,Nexus SQL Database,1,0.19062065143966092,0,Low
SUB-00005600,CUST-001612,Bailey-Flores,NC-INTEGRATION,Nexus Integration,1,0.5051503428627693,1,High
SUB-00005601,CUST-001613,"Rios, Carrillo and Jackson",NC-SQL,Nexus SQL Database,1,0.8313010655427925,1,Critical
SUB-00005602,CUST-001613,"Rios, Carrillo and Jackson",NC-STORAGE,Nexus Storage,1,0.5385988288774126,1,High
SUB-00005603,CUST-001614,Jensen-Branch,NC-STORAGE,Nexus Storage,0,0.2492832028352963,0,Low
SUB-00005604,CUST-001614,Jensen-Branch,NC-WAREHOUSE,Nexus Data Warehouse,1,0.8516983962917908,1,Critical
SUB-00005605,CUST-001614,Jensen-Branch,NC-COMPUTE,Nexus Compute,0,0.2532031081895898,0,Medium
SUB-00005606,CUST-001614,Jensen-Branch,NC-AISEARCH,Nexus AI Search,0,0.4822876997625629,0,Medium
SUB-00005607,CUST-001614,Jensen-Branch,NC-INTEGRATION,Nexus Integration,1,0.49889874726576355,0,Medium
SUB-00005608,CUST-001614,Jensen-Branch,NC-CONTAINER,Nexus Container Platform,1,0.817661278131381,1,Critical
SUB-00005609,CUST-001614,Jensen-Branch,NC-SECURITY,Nexus Cloud Security,1,0.8545055135217345,1,Critical
SUB-00005610,CUST-001614,Jensen-Branch,NC-SQL,Nexus SQL Database,1,0.22730345606711222,0,Low
SUB-00005611,CUST-001614,Jensen-Branch,NC-ANALYTICS,Nexus Analytics,0,0.16554802775694888,0,Low
SUB-00005612,CUST-001615,Hanson-Alexander,NC-ANALYTICS,Nexus Analytics,1,0.46250216289885276,0,Medium
SUB-00005613,CUST-001615,Hanson-Alexander,NC-COMPUTE,Nexus Compute,0,0.4498294638166085,0,Medium
SUB-00005614,CUST-001615,Hanson-Alexander,NC-STORAGE,Nexus Storage,1,0.7967322150681496,1,Critical
SUB-00005615,CUST-001616,Gonzalez LLC,NC-INTEGRATION,Nexus Integration,1,0.239886193394954,0,Low
SUB-00005616,CUST-001616,Gonzalez LLC,NC-STORAGE,Nexus Storage,0,0.2405348005793379,0,Low
SUB-00005617,CUST-001616,Gonzalez LLC,NC-WAREHOUSE,Nexus Data Warehouse,1,0.8365273561422124,1,Critical
SUB-00005618,CUST-001617,Todd Inc,NC-INTEGRATION,Nexus Integration,1,0.5152153115412911,1,High
SUB-00005619,CUST-001617,Todd Inc,NC-SECURITY,Nexus Cloud Security,0,0.21533584007900827,0,Low
SUB-00005620,CUST-001617,Todd Inc,NC-ANALYTICS,Nexus Analytics,1,0.20621768646809094,0,Low
SUB-00005621,CUST-001618,Singh and Sons,NC-INTEGRATION,Nexus Integration,1,0.1857210650279262,0,Low
SUB-00005622,CUST-001619,"Mcintosh, Melton and Wilkins",NC-WAREHOUSE,Nexus Data Warehouse,0,0.507563361361016,1,High
SUB-00005623,CUST-001619,"Mcintosh, Melton and Wilkins",NC-AISEARCH,Nexus AI Search,0,0.20886544939129192,0,Low
SUB-00005624,CUST-001620,Cooper Inc,NC-SECURITY,Nexus Cloud Security,1,0.8126051196282744,1,Critical
SUB-00005625,CUST-001620,Cooper Inc,NC-WAREHOUSE,Nexus Data Warehouse,1,0.824601316548041,1,Critical
SUB-00005626,CUST-001620,Cooper Inc,NC-STORAGE,Nexus Storage,0,0.5276859833698911,1,High
SUB-00005627,CUST-001620,Cooper Inc,NC-AISEARCH,Nexus AI Search,1,0.21639486513340875,0,Low
SUB-00005628,CUST-001620,Cooper Inc,NC-INTEGRATION,Nexus Integration,0,0.5149427071369739,1,High
SUB-00005629,CUST-001621,Cole-Johnson,NC-SECURITY,Nexus Cloud Security,1,0.544940581840969,1,High
SUB-00005630,CUST-001622,Singh and Sons,NC-STORAGE,Nexus Storage,1,0.49874758790064283,0,Medium
SUB-00005631,CUST-001622,Singh and Sons,NC-CONTAINER,Nexus Container Platform,1,0.8124141799492981,1,Critical
SUB-00005632,CUST-001622,Singh and Sons,NC-COMPUTE,Nexus Compute,0,0.20633809482734147,0,Low
SUB-00005633,CUST-001623,Payne LLC,NC-STORAGE,Nexus Storage,1,0.5353942369746536,1,High
SUB-00005634,CUST-001623,Payne LLC,NC-ANALYTICS,Nexus Analytics,1,0.5395712808109029,1,High
SUB-00005635,CUST-001623,Payne LLC,NC-SECURITY,Nexus Cloud Security,1,0.5325809993161758,1,High
SUB-00005636,CUST-001624,"Webb, Blair and Thomas",NC-WAREHOUSE,Nexus Data Warehouse,1,0.806954171832855,1,Critical
SUB-00005637,CUST-001624,"Webb, Blair and Thomas",NC-COMPUTE,Nexus Compute,0,0.19600610791901663,0,Low
SUB-00005638,CUST-001624,"Webb, Blair and Thomas",NC-SQL,Nexus SQL Database,1,0.8191528538866699,1,Critical
SUB-00005639,CUST-001624,"Webb, Blair and Thomas",NC-SECURITY,Nexus Cloud Security,1,0.808197715582725,1,Critical
SUB-00005640,CUST-001625,"Barnett, Bennett and Escobar",NC-WAREHOUSE,Nexus Data Warehouse,0,0.20106910076226409,0,Low
SUB-00005641,CUST-001625,"Barnett, Bennett and Escobar",NC-COMPUTE,Nexus Compute,1,0.8019197429185098,1,Critical
SUB-00005642,CUST-001625,"Barnett, Bennett and Escobar",NC-ANALYTICS,Nexus Analytics,0,0.4969328386730172,0,Medium
SUB-00005643,CUST-001626,"Williams, Jackson and Campbell",NC-INTEGRATION,Nexus Integration,1,0.1663037247403673,0,Low
SUB-00005644,CUST-001626,"Williams, Jackson and Campbell",NC-SQL,Nexus SQL Database,0,0.17225865284165634,0,Low
SUB-00005645,CUST-001627,"Williamson, Brown and Pena",NC-ANALYTICS,Nexus Analytics,1,0.4947946813007814,0,Medium
SUB-00005646,CUST-001628,Jones Ltd,NC-INTEGRATION,Nexus Integration,1,0.5239761526947345,1,High
SUB-00005647,CUST-001628,Jones Ltd,NC-SECURITY,Nexus Cloud Security,1,0.2083726419188164,0,Low
SUB-00005648,CUST-001629,Alvarado-Durham,NC-WAREHOUSE,Nexus Data Warehouse,1,0.5600038422585331,1,High
SUB-00005649,CUST-001629,Alvarado-Durham,NC-STORAGE,Nexus Storage,1,0.8436134831616322,1,Critical
SUB-00005650,CUST-001629,Alvarado-Durham,NC-COMPUTE,Nexus Compute,1,0.8420633590717324,1,Critical
SUB-00005651,CUST-001629,Alvarado-Durham,NC-ANALYTICS,Nexus Analytics,1,0.5662300763713156,1,High
SUB-00005652,CUST-001629,Alvarado-Durham,NC-INTEGRATION,Nexus Integration,1,0.23741636765661914,0,Low
SUB-00005653,CUST-001630,Lin-Smith,NC-SECURITY,Nexus Cloud Security,1,0.832484408221013,1,Critical
SUB-00005654,CUST-001631,"Hughes, Whitney and Romero",NC-SQL,Nexus SQL Database,1,0.8242978220718294,1,Critical
SUB-00005655,CUST-001631,"Hughes, Whitney and Romero",NC-CONTAINER,Nexus Container Platform,1,0.5339255310287153,1,High
SUB-00005656,CUST-001631,"Hughes, Whitney and Romero",NC-INTEGRATION,Nexus Integration,1,0.534155464718051,1,High
SUB-00005657,CUST-001632,"Garcia, Stewart and Delacruz",NC-COMPUTE,Nexus Compute,1,0.8163088714700844,1,Critical
SUB-00005658,CUST-001632,"Garcia, Stewart and Delacruz",NC-CONTAINER,Nexus Container Platform,1,0.8163667610706349,1,Critical
SUB-00005659,CUST-001632,"Garcia, Stewart and Delacruz",NC-INTEGRATION,Nexus Integration,0,0.4959924738767053,0,Medium
SUB-00005660,CUST-001633,"Miller, Gonzalez and Rasmussen",NC-INTEGRATION,Nexus Integration,0,0.20401578515279642,0,Low
SUB-00005661,CUST-001633,"Miller, Gonzalez and Rasmussen",NC-CONTAINER,Nexus Container Platform,0,0.5033838931562478,1,High
SUB-00005662,CUST-001633,"Miller, Gonzalez and Rasmussen",NC-ANALYTICS,Nexus Analytics,1,0.8056247968965429,1,Critical
SUB-00005663,CUST-001634,"House, Smith and Wright",NC-ANALYTICS,Nexus Analytics,1,0.5580830532817321,1,High
SUB-00005664,CUST-001634,"House, Smith and Wright",NC-INTEGRATION,Nexus Integration,0,0.5543826773873584,1,High
SUB-00005665,CUST-001634,"House, Smith and Wright",NC-COMPUTE,Nexus Compute,1,0.8417339559018191,1,Critical
SUB-00005666,CUST-001634,"House, Smith and Wright",NC-WAREHOUSE,Nexus Data Warehouse,1,0.5839584513814633,1,High
SUB-00005667,CUST-001634,"House, Smith and Wright",NC-SQL,Nexus SQL Database,1,0.8491787107575173,1,Critical
SUB-00005668,CUST-001635,"Torres, Burns and Garner",NC-INTEGRATION,Nexus Integration,1,0.7889308274878343,1,Critical
SUB-00005669,CUST-001635,"Torres, Burns and Garner",NC-STORAGE,Nexus Storage,1,0.47417237764999537,0,Medium
SUB-00005670,CUST-001635,"Torres, Burns and Garner",NC-WAREHOUSE,Nexus Data Warehouse,0,0.19283545838560073,0,Low
SUB-00005671,CUST-001636,Reed LLC,NC-COMPUTE,Nexus Compute,0,0.2384471110419483,0,Low
SUB-00005672,CUST-001636,Reed LLC,NC-INTEGRATION,Nexus Integration,0,0.23570025172096215,0,Low
SUB-00005673,CUST-001636,Reed LLC,NC-SQL,Nexus SQL Database,1,0.5664798343635268,1,High
SUB-00005674,CUST-001636,Reed LLC,NC-ANALYTICS,Nexus Analytics,1,0.846945925519639,1,Critical
SUB-00005675,CUST-001637,Garrett-Young,NC-WAREHOUSE,Nexus Data Warehouse,1,0.8173811843838352,1,Critical
SUB-00005676,CUST-001637,Garrett-Young,NC-ANALYTICS,Nexus Analytics,0,0.20650716213902162,0,Low
SUB-00005677,CUST-001638,"Hill, Brown and Scott",NC-INTEGRATION,Nexus Integration,0,0.22463807582587234,0,Low
SUB-00005678,CUST-001638,"Hill, Brown and Scott",NC-CONTAINER,Nexus Container Platform,1,0.21737626135186056,0,Low
SUB-00005679,CUST-001638,"Hill, Brown and Scott",NC-COMPUTE,Nexus Compute,1,0.8232074348189133,1,Critical
SUB-00005680,CUST-001638,"Hill, Brown and Scott",NC-WAREHOUSE,Nexus Data Warehouse,1,0.21319896154161092,0,Low
SUB-00005681,CUST-001639,Zamora-Briggs,NC-STORAGE,Nexus Storage,1,0.8106327533178935,1,Critical
SUB-00005682,CUST-001639,Zamora-Briggs,NC-INTEGRATION,Nexus Integration,1,0.1878733758593622,0,Low
SUB-00005683,CUST-001639,Zamora-Briggs,NC-COMPUTE,Nexus Compute,1,0.1921500792888113,0,Low
SUB-00005684,CUST-001639,Zamora-Briggs,NC-SECURITY,Nexus Cloud Security,0,0.47506556293634816,0,Medium
SUB-00005685,CUST-001639,Zamora-Briggs,NC-CONTAINER,Nexus Container Platform,1,0.4778085547844242,0,Medium
SUB-00005686,CUST-001640,Raymond LLC,NC-SECURITY,Nexus Cloud Security,1,0.22436460493436566,0,Low
SUB-00005687,CUST-001640,Raymond LLC,NC-COMPUTE,Nexus Compute,1,0.8206212828013516,1,Critical
SUB-00005688,CUST-001640,Raymond LLC,NC-ANALYTICS,Nexus Analytics,1,0.5504723868623523,1,High
SUB-00005689,CUST-001640,Raymond LLC,NC-WAREHOUSE,Nexus Data Warehouse,0,0.22896139734506257,0,Low
SUB-00005690,CUST-001640,Raymond LLC,NC-SQL,Nexus SQL Database,0,0.227219309612254,0,Low
SUB-00005691,CUST-001641,Hernandez Group,NC-SQL,Nexus SQL Database,0,0.19274588090465822,0,Low
SUB-00005692,CUST-001641,Hernandez Group,NC-COMPUTE,Nexus Compute,0,0.1905299235327689,0,Low
SUB-00005693,CUST-001641,Hernandez Group,NC-CONTAINER,Nexus Container Platform,0,0.18229785466247678,0,Low
SUB-00005694,CUST-001642,"Taylor, Blair and Meyer",NC-STORAGE,Nexus Storage,0,0.8204504567164087,1,Critical
SUB-00005695,CUST-001642,"Taylor, Blair and Meyer",NC-ANALYTICS,Nexus Analytics,1,0.1987513032727632,0,Low
SUB-00005696,CUST-001642,"Taylor, Blair and Meyer",NC-COMPUTE,Nexus Compute,1,0.8083316834031746,1,Critical
SUB-00005697,CUST-001643,"Salazar, Garrett and Perez",NC-CONTAINER,Nexus Container Platform,1,0.7869204297224024,1,Critical
SUB-00005698,CUST-001643,"Salazar, Garrett and Perez",NC-SECURITY,Nexus Cloud Security,1,0.7984228927846378,1,Critical
SUB-00005699,CUST-001644,Berry Group,NC-WAREHOUSE,Nexus Data Warehouse,1,0.7939661039827082,1,Critical
SUB-00005700,CUST-001644,Berry Group,NC-SQL,Nexus SQL Database,0,0.48617670334984125,0,Medium
SUB-00005701,CUST-001644,Berry Group,NC-COMPUTE,Nexus Compute,1,0.47344284224723354,0,Medium
SUB-00005702,CUST-001644,Berry Group,NC-STORAGE,Nexus Storage,1,0.7804434943286235,1,Critical
SUB-00005703,CUST-001644,Berry Group,NC-CONTAINER,Nexus Container Platform,1,0.4628661911607836,0,Medium
SUB-00005704,CUST-001644,Berry Group,NC-SECURITY,Nexus Cloud Security,1,0.17369542135493313,0,Low
SUB-00005705,CUST-001644,Berry Group,NC-AIMODEL,Nexus AI Models,1,0.8003510307176039,1,Critical
SUB-00005706,CUST-001645,Browning-Murphy,NC-SECURITY,Nexus Cloud Security,1,0.5567539145544577,1,High
SUB-00005707,CUST-001645,Browning-Murphy,NC-ANALYTICS,Nexus Analytics,1,0.22701134395693084,0,Low
SUB-00005708,CUST-001645,Browning-Murphy,NC-INTEGRATION,Nexus Integration,0,0.21930461094926912,0,Low
SUB-00005709,CUST-001645,Browning-Murphy,NC-SQL,Nexus SQL Database,0,0.23553257093464652,0,Low
SUB-00005710,CUST-001646,"Anderson, Delgado and Carpenter",NC-COMPUTE,Nexus Compute,1,0.8233122561957532,1,Critical
SUB-00005711,CUST-001646,"Anderson, Delgado and Carpenter",NC-WAREHOUSE,Nexus Data Warehouse,1,0.8120054591921221,1,Critical
SUB-00005712,CUST-001646,"Anderson, Delgado and Carpenter",NC-INTEGRATION,Nexus Integration,0,0.20452514283845585,0,Low
SUB-00005713,CUST-001646,"Anderson, Delgado and Carpenter",NC-STORAGE,Nexus Storage,1,0.8224163255433756,1,Critical
SUB-00005714,CUST-001646,"Anderson, Delgado and Carpenter",NC-SECURITY,Nexus Cloud Security,1,0.5247531356518013,1,High
SUB-00005715,CUST-001647,"Mcbride, Huffman and Parker",NC-COMPUTE,Nexus Compute,0,0.18536208516839806,0,Low
SUB-00005716,CUST-001647,"Mcbride, Huffman and Parker",NC-SECURITY,Nexus Cloud Security,1,0.8001592491724847,1,Critical
SUB-00005717,CUST-001647,"Mcbride, Huffman and Parker",NC-ANALYTICS,Nexus Analytics,1,0.8124048043578107,1,Critical
SUB-00005718,CUST-001648,"Roach, Browning and Jordan",NC-WAREHOUSE,Nexus Data Warehouse,1,0.8123778485189762,1,Critical
SUB-00005719,CUST-001648,"Roach, Browning and Jordan",NC-SECURITY,Nexus Cloud Security,1,0.8084186142980562,1,Critical
SUB-00005720,CUST-001648,"Roach, Browning and Jordan",NC-STORAGE,Nexus Storage,0,0.5070772036810932,1,High
SUB-00005721,CUST-001649,Douglas PLC,NC-CONTAINER,Nexus Container Platform,0,0.8155330419861494,1,Critical
SUB-00005722,CUST-001650,Stewart PLC,NC-ANALYTICS,Nexus Analytics,0,0.5700891360819996,1,High
SUB-00005723,CUST-001650,Stewart PLC,NC-WAREHOUSE,Nexus Data Warehouse,1,0.8529299104683958,1,Critical
SUB-00005724,CUST-001650,Stewart PLC,NC-INTEGRATION,Nexus Integration,0,0.5708507691457892,1,High
SUB-00005725,CUST-001650,Stewart PLC,NC-CONTAINER,Nexus Container Platform,1,0.8476155198676374,1,Critical
SUB-00005726,CUST-001650,Stewart PLC,NC-STORAGE,Nexus Storage,1,0.855126677106918,1,Critical
SUB-00005727,CUST-001650,Stewart PLC,NC-COMPUTE,Nexus Compute,1,0.8484849676373772,1,Critical
SUB-00005728,CUST-001651,"Fry, Wilson and Stewart",NC-STORAGE,Nexus Storage,1,0.8065942152621334,1,Critical
SUB-00005729,CUST-001651,"Fry, Wilson and Stewart",NC-CONTAINER,Nexus Container Platform,0,0.20742894902298775,0,Low
SUB-00005730,CUST-001651,"Fry, Wilson and Stewart",NC-AIMODEL,Nexus AI Models,1,0.829601428813257,1,Critical
SUB-00005731,CUST-001652,Acosta LLC,NC-STORAGE,Nexus Storage,0,0.22564963459539294,0,Low
SUB-00005732,CUST-001652,Acosta LLC,NC-CONTAINER,Nexus Container Platform,0,0.21134758688980249,0,Low
SUB-00005733,CUST-001653,Ali-Turner,NC-CONTAINER,Nexus Container Platform,0,0.24048215219965574,0,Low
SUB-00005734,CUST-001653,Ali-Turner,NC-WAREHOUSE,Nexus Data Warehouse,0,0.5518030516872983,1,High
SUB-00005735,CUST-001654,"Peck, Shannon and Mahoney",NC-AISEARCH,Nexus AI Search,1,0.8346147222852295,1,Critical
SUB-00005736,CUST-001655,Hernandez-Lopez,NC-COMPUTE,Nexus Compute,1,0.8342767719153241,1,Critical
SUB-00005737,CUST-001655,Hernandez-Lopez,NC-INTEGRATION,Nexus Integration,1,0.8220804518733815,1,Critical
SUB-00005738,CUST-001655,Hernandez-Lopez,NC-STORAGE,Nexus Storage,1,0.8208358592931957,1,Critical
SUB-00005739,CUST-001656,Lopez PLC,NC-SQL,Nexus SQL Database,1,0.4986457619398879,0,Medium
SUB-00005740,CUST-001656,Lopez PLC,NC-STORAGE,Nexus Storage,1,0.4736770595165918,0,Medium
SUB-00005741,CUST-001657,"Adams, Bradley and Hall",NC-ANALYTICS,Nexus Analytics,0,0.18800559198636302,0,Low
SUB-00005742,CUST-001657,"Adams, Bradley and Hall",NC-CONTAINER,Nexus Container Platform,1,0.8020982660528204,1,Critical
SUB-00005743,CUST-001658,Hall Inc,NC-SQL,Nexus SQL Database,0,0.2361397602204187,0,Low
SUB-00005744,CUST-001658,Hall Inc,NC-STORAGE,Nexus Storage,0,0.22202764220820576,0,Low
SUB-00005745,CUST-001658,Hall Inc,NC-SECURITY,Nexus Cloud Security,0,0.21645708550778447,0,Low
SUB-00005746,CUST-001658,Hall Inc,NC-ANALYTICS,Nexus Analytics,1,0.8410937473160001,1,Critical
SUB-00005747,CUST-001658,Hall Inc,NC-INTEGRATION,Nexus Integration,1,0.5457629432720715,1,High
SUB-00005748,CUST-001659,Miller-Chan,NC-SECURITY,Nexus Cloud Security,0,0.189728886324069,0,Low
SUB-00005749,CUST-001660,Shaw PLC,NC-SQL,Nexus SQL Database,1,0.2119555046151605,0,Low
SUB-00005750,CUST-001660,Shaw PLC,NC-COMPUTE,Nexus Compute,1,0.5040438742672534,1,High
SUB-00005751,CUST-001661,Joseph-Brooks,NC-INTEGRATION,Nexus Integration,0,0.5252578131740672,1,High
SUB-00005752,CUST-001661,Joseph-Brooks,NC-ANALYTICS,Nexus Analytics,1,0.8318831047817219,1,Critical
SUB-00005753,CUST-001661,Joseph-Brooks,NC-CONTAINER,Nexus Container Platform,0,0.5255667062352899,1,High
SUB-00005754,CUST-001661,Joseph-Brooks,NC-AISEARCH,Nexus AI Search,1,0.8345933440825433,1,Critical
SUB-00005755,CUST-001662,Henry-Taylor,NC-INTEGRATION,Nexus Integration,0,0.23085012375306857,0,Low
SUB-00005756,CUST-001662,Henry-Taylor,NC-WAREHOUSE,Nexus Data Warehouse,1,0.23552012177325427,0,Low
SUB-00005757,CUST-001662,Henry-Taylor,NC-SECURITY,Nexus Cloud Security,0,0.2389850547777818,0,Low
SUB-00005758,CUST-001662,Henry-Taylor,NC-SQL,Nexus SQL Database,1,0.8502261251821434,1,Critical
SUB-00005759,CUST-001662,Henry-Taylor,NC-COMPUTE,Nexus Compute,1,0.8501902920837143,1,Critical
SUB-00005760,CUST-001662,Henry-Taylor,NC-STORAGE,Nexus Storage,0,0.5730561380565157,1,High
SUB-00005761,CUST-001662,Henry-Taylor,NC-ANALYTICS,Nexus Analytics,0,0.5823145832044208,1,High
SUB-00005762,CUST-001663,Perez Group,NC-ANALYTICS,Nexus Analytics,0,0.19920624834194073,0,Low
SUB-00005763,CUST-001663,Perez Group,NC-CONTAINER,Nexus Container Platform,0,0.48033114351298656,0,Medium
SUB-00005764,CUST-001663,Perez Group,NC-WAREHOUSE,Nexus Data Warehouse,0,0.5040394822993072,1,High
SUB-00005765,CUST-001663,Perez Group,NC-STORAGE,Nexus Storage,0,0.18239378762550829,0,Low
SUB-00005766,CUST-001663,Perez Group,NC-INTEGRATION,Nexus Integration,1,0.8091871942717885,1,Critical
SUB-00005767,CUST-001663,Perez Group,NC-COMPUTE,Nexus Compute,0,0.49498638339267975,0,Medium
SUB-00005768,CUST-001664,Schaefer Group,NC-AIMODEL,Nexus AI Models,1,0.841750761388576,1,Critical
SUB-00005769,CUST-001664,Schaefer Group,NC-STORAGE,Nexus Storage,1,0.8402051464792744,1,Critical
SUB-00005770,CUST-001665,Newton and Sons,NC-STORAGE,Nexus Storage,0,0.8233251172070085,1,Critical
SUB-00005771,CUST-001665,Newton and Sons,NC-SECURITY,Nexus Cloud Security,0,0.20966090523892889,0,Low
SUB-00005772,CUST-001665,Newton and Sons,NC-SQL,Nexus SQL Database,1,0.8124102566141026,1,Critical
SUB-00005773,CUST-001665,Newton and Sons,NC-INTEGRATION,Nexus Integration,0,0.5286943025637486,1,High
SUB-00005774,CUST-001665,Newton and Sons,NC-CONTAINER,Nexus Container Platform,0,0.21266817195064514,0,Low
SUB-00005775,CUST-001666,Jones Group,NC-SECURITY,Nexus Cloud Security,1,0.2134191435930971,0,Low
SUB-00005776,CUST-001666,Jones Group,NC-STORAGE,Nexus Storage,0,0.22530240574807114,0,Low
SUB-00005777,CUST-001666,Jones Group,NC-AISEARCH,Nexus AI Search,1,0.5508361955025265,1,High
SUB-00005778,CUST-001667,"Burns, Nguyen and Ellis",NC-WAREHOUSE,Nexus Data Warehouse,1,0.5309532835474193,1,High
SUB-00005779,CUST-001667,"Burns, Nguyen and Ellis",NC-INTEGRATION,Nexus Integration,1,0.20929211943422812,0,Low
SUB-00005780,CUST-001667,"Burns, Nguyen and Ellis",NC-AIMODEL,Nexus AI Models,1,0.825497848834346,1,Critical
SUB-00005781,CUST-001667,"Burns, Nguyen and Ellis",NC-SECURITY,Nexus Cloud Security,1,0.19382118572985194,0,Low
SUB-00005782,CUST-001667,"Burns, Nguyen and Ellis",NC-AISEARCH,Nexus AI Search,1,0.5453473518796964,1,High
SUB-00005783,CUST-001668,Patterson Inc,NC-SECURITY,Nexus Cloud Security,0,0.47838888120183587,0,Medium
SUB-00005784,CUST-001668,Patterson Inc,NC-CONTAINER,Nexus Container Platform,1,0.8064875731264983,1,Critical
SUB-00005785,CUST-001669,"Moss, James and Edwards",NC-CONTAINER,Nexus Container Platform,1,0.7999741169606429,1,Critical
SUB-00005786,CUST-001670,"Crosby, Armstrong and Herrera",NC-COMPUTE,Nexus Compute,1,0.4644655357166865,0,Medium
SUB-00005787,CUST-001670,"Crosby, Armstrong and Herrera",NC-ANALYTICS,Nexus Analytics,0,0.18611669332460137,0,Low
SUB-00005788,CUST-001670,"Crosby, Armstrong and Herrera",NC-INTEGRATION,Nexus Integration,1,0.7962000099510355,1,Critical
SUB-00005789,CUST-001671,"Liu, Buchanan and Meyer",NC-SQL,Nexus SQL Database,0,0.5451586708966693,1,High
SUB-00005790,CUST-001671,"Liu, Buchanan and Meyer",NC-CONTAINER,Nexus Container Platform,1,0.8292980550724972,1,Critical
SUB-00005791,CUST-001671,"Liu, Buchanan and Meyer",NC-STORAGE,Nexus Storage,0,0.5319478516987011,1,High
SUB-00005792,CUST-001672,Bryant-Rich,NC-STORAGE,Nexus Storage,0,0.1779223678279632,0,Low
SUB-00005793,CUST-001672,Bryant-Rich,NC-SQL,Nexus SQL Database,0,0.17241005771003806,0,Low
SUB-00005794,CUST-001672,Bryant-Rich,NC-SECURITY,Nexus Cloud Security,0,0.4708389845508017,0,Medium
SUB-00005795,CUST-001673,Stone Group,NC-CONTAINER,Nexus Container Platform,0,0.16257634758316641,0,Low
SUB-00005796,CUST-001673,Stone Group,NC-SECURITY,Nexus Cloud Security,1,0.17649529310117548,0,Low
SUB-00005797,CUST-001673,Stone Group,NC-WAREHOUSE,Nexus Data Warehouse,1,0.8071580911223605,1,Critical
SUB-00005798,CUST-001673,Stone Group,NC-STORAGE,Nexus Storage,0,0.1821830881061649,0,Low
SUB-00005799,CUST-001673,Stone Group,NC-COMPUTE,Nexus Compute,0,0.8204060746692191,1,Critical
SUB-00005800,CUST-001674,"Williams, Hughes and Hubbard",NC-INTEGRATION,Nexus Integration,0,0.1886630594572641,0,Low
SUB-00005801,CUST-001674,"Williams, Hughes and Hubbard",NC-STORAGE,Nexus Storage,1,0.7978631805772837,1,Critical
SUB-00005802,CUST-001674,"Williams, Hughes and Hubbard",NC-COMPUTE,Nexus Compute,1,0.18673346892162418,0,Low
SUB-00005803,CUST-001674,"Williams, Hughes and Hubbard",NC-CONTAINER,Nexus Container Platform,0,0.20087491361046428,0,Low
SUB-00005804,CUST-001674,"Williams, Hughes and Hubbard",NC-WAREHOUSE,Nexus Data Warehouse,1,0.18643655347734445,0,Low
SUB-00005805,CUST-001675,Lee Group,NC-AISEARCH,Nexus AI Search,1,0.5878703235432046,1,High
SUB-00005806,CUST-001675,Lee Group,NC-ANALYTICS,Nexus Analytics,1,0.25647330380697086,0,Medium
SUB-00005807,CUST-001675,Lee Group,NC-WAREHOUSE,Nexus Data Warehouse,0,0.5620479081936509,1,High
SUB-00005808,CUST-001676,Wilkerson-Ayala,NC-INTEGRATION,Nexus Integration,0,0.19020776810458886,0,Low
SUB-00005809,CUST-001676,Wilkerson-Ayala,NC-WAREHOUSE,Nexus Data Warehouse,1,0.8046928109577531,1,Critical
SUB-00005810,CUST-001676,Wilkerson-Ayala,NC-COMPUTE,Nexus Compute,1,0.7894665480714027,1,Critical
SUB-00005811,CUST-001677,Murray-Henderson,NC-INTEGRATION,Nexus Integration,1,0.8121122925548704,1,Critical
SUB-00005812,CUST-001678,"Ellison, Vaughn and Mckee",NC-STORAGE,Nexus Storage,0,0.18324458793682324,0,Low
SUB-00005813,CUST-001678,"Ellison, Vaughn and Mckee",NC-COMPUTE,Nexus Compute,1,0.7999855751393316,1,Critical
SUB-00005814,CUST-001679,Gallegos-Hayes,NC-SECURITY,Nexus Cloud Security,0,0.4832982008273145,0,Medium
SUB-00005815,CUST-001679,Gallegos-Hayes,NC-SQL,Nexus SQL Database,1,0.7872487993031784,1,Critical
SUB-00005816,CUST-001679,Gallegos-Hayes,NC-ANALYTICS,Nexus Analytics,1,0.7936177803766634,1,Critical
SUB-00005817,CUST-001679,Gallegos-Hayes,NC-INTEGRATION,Nexus Integration,1,0.4790190878625447,0,Medium
SUB-00005818,CUST-001679,Gallegos-Hayes,NC-COMPUTE,Nexus Compute,1,0.7849015686372504,1,Critical
SUB-00005819,CUST-001680,"Mason, White and Richards",NC-WAREHOUSE,Nexus Data Warehouse,1,0.7800410447045026,1,Critical
SUB-00005820,CUST-001680,"Mason, White and Richards",NC-CONTAINER,Nexus Container Platform,0,0.18760751658593516,0,Low
SUB-00005821,CUST-001680,"Mason, White and Richards",NC-COMPUTE,Nexus Compute,1,0.17469193926971377,0,Low
SUB-00005822,CUST-001681,"Payne, Long and Morris",NC-CONTAINER,Nexus Container Platform,0,0.5163665345934917,1,High
SUB-00005823,CUST-001681,"Payne, Long and Morris",NC-STORAGE,Nexus Storage,1,0.49625241119899444,0,Medium
SUB-00005824,CUST-001681,"Payne, Long and Morris",NC-ANALYTICS,Nexus Analytics,0,0.19388480490768997,0,Low
SUB-00005825,CUST-001682,White PLC,NC-WAREHOUSE,Nexus Data Warehouse,1,0.4762716476120039,0,Medium
SUB-00005826,CUST-001682,White PLC,NC-STORAGE,Nexus Storage,1,0.18311855269670074,0,Low
SUB-00005827,CUST-001682,White PLC,NC-COMPUTE,Nexus Compute,0,0.18386427478229167,0,Low
SUB-00005828,CUST-001682,White PLC,NC-INTEGRATION,Nexus Integration,0,0.18500647280959223,0,Low
SUB-00005829,CUST-001682,White PLC,NC-CONTAINER,Nexus Container Platform,1,0.7826001161270911,1,Critical
SUB-00005830,CUST-001683,"Huang, Khan and Davis",NC-COMPUTE,Nexus Compute,1,0.5243395604638649,1,High
SUB-00005831,CUST-001684,Holt-Meadows,NC-WAREHOUSE,Nexus Data Warehouse,1,0.20055539230987962,0,Low
SUB-00005832,CUST-001684,Holt-Meadows,NC-COMPUTE,Nexus Compute,0,0.8102408671984179,1,Critical
SUB-00005833,CUST-001685,Higgins Inc,NC-SQL,Nexus SQL Database,1,0.8420819828705762,1,Critical
SUB-00005834,CUST-001685,Higgins Inc,NC-WAREHOUSE,Nexus Data Warehouse,0,0.2365565203532685,0,Low
SUB-00005835,CUST-001685,Higgins Inc,NC-ANALYTICS,Nexus Analytics,1,0.8347697312329347,1,Critical
SUB-00005836,CUST-001685,Higgins Inc,NC-INTEGRATION,Nexus Integration,0,0.22412554238961616,0,Low
SUB-00005837,CUST-001685,Higgins Inc,NC-STORAGE,Nexus Storage,0,0.23461344878242962,0,Low
SUB-00005838,CUST-001686,Wilson Group,NC-ANALYTICS,Nexus Analytics,1,0.4778773783180226,0,Medium
SUB-00005839,CUST-001687,"Cox, Mills and Cruz",NC-SECURITY,Nexus Cloud Security,0,0.5463013409583729,1,High
SUB-00005840,CUST-001687,"Cox, Mills and Cruz",NC-CONTAINER,Nexus Container Platform,1,0.5347526325959899,1,High
SUB-00005841,CUST-001687,"Cox, Mills and Cruz",NC-COMPUTE,Nexus Compute,0,0.5467539597094082,1,High
SUB-00005842,CUST-001687,"Cox, Mills and Cruz",NC-INTEGRATION,Nexus Integration,1,0.2093711916809866,0,Low
SUB-00005843,CUST-001687,"Cox, Mills and Cruz",NC-WAREHOUSE,Nexus Data Warehouse,1,0.825177984262923,1,Critical
SUB-00005844,CUST-001688,"Salazar, Moore and Pierce",NC-WAREHOUSE,Nexus Data Warehouse,0,0.5307176875226702,1,High
SUB-00005845,CUST-001688,"Salazar, Moore and Pierce",NC-COMPUTE,Nexus Compute,0,0.21687485584890862,0,Low
SUB-00005846,CUST-001689,Tate LLC,NC-SQL,Nexus SQL Database,0,0.18654038364321637,0,Low
SUB-00005847,CUST-001689,Tate LLC,NC-INTEGRATION,Nexus Integration,0,0.4816683678715745,0,Medium
SUB-00005848,CUST-001689,Tate LLC,NC-COMPUTE,Nexus Compute,0,0.4830125089365841,0,Medium
SUB-00005849,CUST-001690,"Savage, Huffman and Martin",NC-INTEGRATION,Nexus Integration,0,0.2476538518602943,0,Low
SUB-00005850,CUST-001690,"Savage, Huffman and Martin",NC-SECURITY,Nexus Cloud Security,0,0.5539873524517037,1,High
SUB-00005851,CUST-001690,"Savage, Huffman and Martin",NC-WAREHOUSE,Nexus Data Warehouse,0,0.5597710205895128,1,High
SUB-00005852,CUST-001691,White Ltd,NC-SQL,Nexus SQL Database,1,0.8182920654507281,1,Critical
SUB-00005853,CUST-001691,White Ltd,NC-STORAGE,Nexus Storage,0,0.19578422036304025,0,Low
SUB-00005854,CUST-001692,Barnes LLC,NC-STORAGE,Nexus Storage,1,0.8086830577670813,1,Critical
SUB-00005855,CUST-001692,Barnes LLC,NC-INTEGRATION,Nexus Integration,1,0.8124077825033389,1,Critical
SUB-00005856,CUST-001692,Barnes LLC,NC-SECURITY,Nexus Cloud Security,0,0.2078933467503445,0,Low
SUB-00005857,CUST-001693,"Mack, Griffin and Sims",NC-ANALYTICS,Nexus Analytics,0,0.518699557047665,1,High
SUB-00005858,CUST-001693,"Mack, Griffin and Sims",NC-WAREHOUSE,Nexus Data Warehouse,1,0.821501443411559,1,Critical
SUB-00005859,CUST-001693,"Mack, Griffin and Sims",NC-STORAGE,Nexus Storage,1,0.8268155127910912,1,Critical
SUB-00005860,CUST-001694,Roach and Sons,NC-COMPUTE,Nexus Compute,1,0.4639870253062305,0,Medium
SUB-00005861,CUST-001694,Roach and Sons,NC-STORAGE,Nexus Storage,0,0.17652360294109185,0,Low
SUB-00005862,CUST-001694,Roach and Sons,NC-SQL,Nexus SQL Database,1,0.7864460752820174,1,Critical
SUB-00005863,CUST-001695,Dean LLC,NC-WAREHOUSE,Nexus Data Warehouse,1,0.21954756107768822,0,Low
SUB-00005864,CUST-001695,Dean LLC,NC-INTEGRATION,Nexus Integration,0,0.21016015879640737,0,Low
SUB-00005865,CUST-001696,Ellis Group,NC-SECURITY,Nexus Cloud Security,1,0.795257577446984,1,Critical
SUB-00005866,CUST-001696,Ellis Group,NC-ANALYTICS,Nexus Analytics,1,0.5100694503676813,1,High
SUB-00005867,CUST-001696,Ellis Group,NC-STORAGE,Nexus Storage,1,0.8104790685945239,1,Critical
SUB-00005868,CUST-001697,"Aguirre, Franklin and Snyder",NC-ANALYTICS,Nexus Analytics,1,0.831147940424507,1,Critical
SUB-00005869,CUST-001697,"Aguirre, Franklin and Snyder",NC-INTEGRATION,Nexus Integration,0,0.2175172321313667,0,Low
SUB-00005870,CUST-001697,"Aguirre, Franklin and Snyder",NC-SECURITY,Nexus Cloud Security,1,0.5330327216856221,1,High
SUB-00005871,CUST-001697,"Aguirre, Franklin and Snyder",NC-STORAGE,Nexus Storage,0,0.5379506881222008,1,High
SUB-00005872,CUST-001698,Chapman Group,NC-STORAGE,Nexus Storage,1,0.5271173005181358,1,High
SUB-00005873,CUST-001698,Chapman Group,NC-ANALYTICS,Nexus Analytics,1,0.8361716746603793,1,Critical
SUB-00005874,CUST-001698,Chapman Group,NC-INTEGRATION,Nexus Integration,1,0.5272427322600616,1,High
SUB-00005875,CUST-001699,Ortiz-Miller,NC-WAREHOUSE,Nexus Data Warehouse,1,0.538796541618962,1,High
SUB-00005876,CUST-001699,Ortiz-Miller,NC-SECURITY,Nexus Cloud Security,0,0.5126636641819009,1,High
SUB-00005877,CUST-001699,Ortiz-Miller,NC-ANALYTICS,Nexus Analytics,0,0.20659176261524315,0,Low
SUB-00005878,CUST-001700,"Smith, Khan and Ramirez",NC-INTEGRATION,Nexus Integration,0,0.20383959262770787,0,Low
SUB-00005879,CUST-001701,"Grant, Bryan and Williams",NC-AIMODEL,Nexus AI Models,1,0.557097408890818,1,High
SUB-00005880,CUST-001701,"Grant, Bryan and Williams",NC-CONTAINER,Nexus Container Platform,0,0.21731257132201226,0,Low
SUB-00005881,CUST-001702,Brown LLC,NC-ANALYTICS,Nexus Analytics,0,0.20328074345495237,0,Low
SUB-00005882,CUST-001702,Brown LLC,NC-INTEGRATION,Nexus Integration,1,0.21701086746810008,0,Low
SUB-00005883,CUST-001702,Brown LLC,NC-SECURITY,Nexus Cloud Security,1,0.5278804514179781,1,High
SUB-00005884,CUST-001703,Thomas Inc,NC-SECURITY,Nexus Cloud Security,1,0.5549619180956998,1,High
SUB-00005885,CUST-001703,Thomas Inc,NC-INTEGRATION,Nexus Integration,1,0.5540697152945251,1,High
SUB-00005886,CUST-001703,Thomas Inc,NC-ANALYTICS,Nexus Analytics,1,0.8431551725943087,1,Critical
SUB-00005887,CUST-001703,Thomas Inc,NC-WAREHOUSE,Nexus Data Warehouse,1,0.21578519828925818,0,Low
SUB-00005888,CUST-001703,Thomas Inc,NC-STORAGE,Nexus Storage,1,0.5348018005980273,1,High
SUB-00005889,CUST-001703,Thomas Inc,NC-CONTAINER,Nexus Container Platform,0,0.5338074527166902,1,High
SUB-00005890,CUST-001704,"Lane, Morrison and Rivera",NC-INTEGRATION,Nexus Integration,0,0.510499501343653,1,High
SUB-00005891,CUST-001704,"Lane, Morrison and Rivera",NC-ANALYTICS,Nexus Analytics,1,0.2366829249898484,0,Low
SUB-00005892,CUST-001704,"Lane, Morrison and Rivera",NC-AISEARCH,Nexus AI Search,1,0.8052123760729393,1,Critical
SUB-00005893,CUST-001704,"Lane, Morrison and Rivera",NC-SQL,Nexus SQL Database,0,0.4957661096489452,0,Medium
SUB-00005894,CUST-001704,"Lane, Morrison and Rivera",NC-AIMODEL,Nexus AI Models,0,0.21695446865016324,0,Low
SUB-00005895,CUST-001704,"Lane, Morrison and Rivera",NC-SECURITY,Nexus Cloud Security,0,0.22435271583759037,0,Low
SUB-00005896,CUST-001704,"Lane, Morrison and Rivera",NC-STORAGE,Nexus Storage,1,0.17490068215822904,0,Low
SUB-00005897,CUST-001704,"Lane, Morrison and Rivera",NC-WAREHOUSE,Nexus Data Warehouse,1,0.8300650242704768,1,Critical
SUB-00005898,CUST-001704,"Lane, Morrison and Rivera",NC-CONTAINER,Nexus Container Platform,1,0.8535255152351228,1,Critical
SUB-00005899,CUST-001705,Williams Group,NC-SECURITY,Nexus Cloud Security,1,0.8487495991308823,1,Critical
SUB-00005900,CUST-001705,Williams Group,NC-SQL,Nexus SQL Database,1,0.5861044018423974,1,High
SUB-00005901,CUST-001705,Williams Group,NC-INTEGRATION,Nexus Integration,1,0.5864122223761455,1,High
SUB-00005902,CUST-001705,Williams Group,NC-WAREHOUSE,Nexus Data Warehouse,1,0.24835994165869016,0,Low
SUB-00005903,CUST-001705,Williams Group,NC-AIMODEL,Nexus AI Models,0,0.2442034084590345,0,Low
SUB-00005904,CUST-001706,Martin LLC,NC-WAREHOUSE,Nexus Data Warehouse,1,0.7894126951608316,1,Critical
SUB-00005905,CUST-001706,Martin LLC,NC-ANALYTICS,Nexus Analytics,0,0.19049656063145873,0,Low
SUB-00005906,CUST-001706,Martin LLC,NC-STORAGE,Nexus Storage,1,0.49080099956446366,0,Medium
SUB-00005907,CUST-001707,"Guerrero, Graves and Armstrong",NC-SECURITY,Nexus Cloud Security,1,0.8316819472087833,1,Critical
SUB-00005908,CUST-001707,"Guerrero, Graves and Armstrong",NC-WAREHOUSE,Nexus Data Warehouse,1,0.8342636589119353,1,Critical
SUB-00005909,CUST-001707,"Guerrero, Graves and Armstrong",NC-INTEGRATION,Nexus Integration,1,0.8254772450934219,1,Critical
SUB-00005910,CUST-001708,"Thompson, Gibson and Riley",NC-CONTAINER,Nexus Container Platform,0,0.18814787203810135,0,Low
SUB-00005911,CUST-001708,"Thompson, Gibson and Riley",NC-INTEGRATION,Nexus Integration,1,0.490212688498798,0,Medium
SUB-00005912,CUST-001708,"Thompson, Gibson and Riley",NC-SQL,Nexus SQL Database,1,0.7889115215265281,1,Critical
SUB-00005913,CUST-001709,Davis LLC,NC-STORAGE,Nexus Storage,1,0.17043676180416698,0,Low
SUB-00005914,CUST-001709,Davis LLC,NC-AISEARCH,Nexus AI Search,0,0.1754216052091522,0,Low
SUB-00005915,CUST-001709,Davis LLC,NC-WAREHOUSE,Nexus Data Warehouse,1,0.5027823176875202,1,High
SUB-00005916,CUST-001709,Davis LLC,NC-SQL,Nexus SQL Database,0,0.48656629056695466,0,Medium
SUB-00005917,CUST-001709,Davis LLC,NC-INTEGRATION,Nexus Integration,1,0.4835347050122862,0,Medium
SUB-00005918,CUST-001709,Davis LLC,NC-ANALYTICS,Nexus Analytics,0,0.16972812959467545,0,Low
SUB-00005919,CUST-001709,Davis LLC,NC-SECURITY,Nexus Cloud Security,1,0.4645260802275419,0,Medium
SUB-00005920,CUST-001710,Richardson-Gray,NC-INTEGRATION,Nexus Integration,0,0.849567312349732,1,Critical
SUB-00005921,CUST-001710,Richardson-Gray,NC-WAREHOUSE,Nexus Data Warehouse,0,0.24084412062250943,0,Low
SUB-00005922,CUST-001710,Richardson-Gray,NC-STORAGE,Nexus Storage,0,0.8532427649559425,1,Critical
SUB-00005923,CUST-001710,Richardson-Gray,NC-COMPUTE,Nexus Compute,0,0.2296462988718726,0,Low
SUB-00005924,CUST-001710,Richardson-Gray,NC-CONTAINER,Nexus Container Platform,1,0.5767482123428006,1,High
SUB-00005925,CUST-001710,Richardson-Gray,NC-ANALYTICS,Nexus Analytics,0,0.8449451779008045,1,Critical
SUB-00005926,CUST-001710,Richardson-Gray,NC-SECURITY,Nexus Cloud Security,0,0.2537723570178928,0,Medium
SUB-00005927,CUST-001711,Chang PLC,NC-WAREHOUSE,Nexus Data Warehouse,0,0.21440257296018447,0,Low
SUB-00005928,CUST-001711,Chang PLC,NC-SQL,Nexus SQL Database,1,0.22845944001521798,0,Low
SUB-00005929,CUST-001712,Carter and Sons,NC-STORAGE,Nexus Storage,1,0.8276808943252482,1,Critical
SUB-00005930,CUST-001712,Carter and Sons,NC-SQL,Nexus SQL Database,1,0.8253116327055603,1,Critical
SUB-00005931,CUST-001712,Carter and Sons,NC-CONTAINER,Nexus Container Platform,1,0.7994916287574872,1,Critical
SUB-00005932,CUST-001712,Carter and Sons,NC-INTEGRATION,Nexus Integration,0,0.5194137580333639,1,High
SUB-00005933,CUST-001712,Carter and Sons,NC-COMPUTE,Nexus Compute,1,0.5247284720363421,1,High
SUB-00005934,CUST-001713,Neal LLC,NC-ANALYTICS,Nexus Analytics,0,0.8109308069847285,1,Critical
SUB-00005935,CUST-001713,Neal LLC,NC-INTEGRATION,Nexus Integration,1,0.8082031902212625,1,Critical
SUB-00005936,CUST-001713,Neal LLC,NC-WAREHOUSE,Nexus Data Warehouse,1,0.8147815205943869,1,Critical
SUB-00005937,CUST-001714,Rose-Warren,NC-WAREHOUSE,Nexus Data Warehouse,1,0.5507982863870405,1,High
SUB-00005938,CUST-001714,Rose-Warren,NC-ANALYTICS,Nexus Analytics,1,0.8362894403365487,1,Critical
SUB-00005939,CUST-001714,Rose-Warren,NC-CONTAINER,Nexus Container Platform,1,0.22539919029788913,0,Low
SUB-00005940,CUST-001715,"Clark, Brown and Duncan",NC-STORAGE,Nexus Storage,1,0.8090397998861926,1,Critical
SUB-00005941,CUST-001715,"Clark, Brown and Duncan",NC-WAREHOUSE,Nexus Data Warehouse,1,0.8108195127537028,1,Critical
SUB-00005942,CUST-001715,"Clark, Brown and Duncan",NC-SQL,Nexus SQL Database,1,0.8073076270441131,1,Critical
SUB-00005943,CUST-001715,"Clark, Brown and Duncan",NC-INTEGRATION,Nexus Integration,0,0.19405866551030804,0,Low
SUB-00005944,CUST-001716,"Rice, Miller and Ramsey",NC-SQL,Nexus SQL Database,1,0.8184230728070399,1,Critical
SUB-00005945,CUST-001717,"Peck, Andersen and Mitchell",NC-WAREHOUSE,Nexus Data Warehouse,1,0.5633025258129366,1,High
SUB-00005946,CUST-001717,"Peck, Andersen and Mitchell",NC-ANALYTICS,Nexus Analytics,1,0.8417351298344408,1,Critical
SUB-00005947,CUST-001717,"Peck, Andersen and Mitchell",NC-CONTAINER,Nexus Container Platform,1,0.8401781322039167,1,Critical
SUB-00005948,CUST-001717,"Peck, Andersen and Mitchell",NC-STORAGE,Nexus Storage,1,0.8420285340532787,1,Critical
SUB-00005949,CUST-001717,"Peck, Andersen and Mitchell",NC-SECURITY,Nexus Cloud Security,1,0.5345630496494426,1,High
SUB-00005950,CUST-001718,"Abbott, Green and Andrews",NC-COMPUTE,Nexus Compute,1,0.8271638010698289,1,Critical
SUB-00005951,CUST-001718,"Abbott, Green and Andrews",NC-SECURITY,Nexus Cloud Security,1,0.20198768597907063,0,Low
SUB-00005952,CUST-001719,"Gomez, Anderson and Hart",NC-SECURITY,Nexus Cloud Security,0,0.2218090106987413,0,Low
SUB-00005953,CUST-001719,"Gomez, Anderson and Hart",NC-ANALYTICS,Nexus Analytics,0,0.5555539102198327,1,High
SUB-00005954,CUST-001720,"Daniel, Jimenez and Morton",NC-ANALYTICS,Nexus Analytics,0,0.4767602359311206,0,Medium
SUB-00005955,CUST-001720,"Daniel, Jimenez and Morton",NC-INTEGRATION,Nexus Integration,0,0.1661695661394351,0,Low
SUB-00005956,CUST-001721,"Hall, Roberts and Lee",NC-SQL,Nexus SQL Database,1,0.8429255857807136,1,Critical
SUB-00005957,CUST-001721,"Hall, Roberts and Lee",NC-ANALYTICS,Nexus Analytics,1,0.5620813172180219,1,High
SUB-00005958,CUST-001721,"Hall, Roberts and Lee",NC-WAREHOUSE,Nexus Data Warehouse,1,0.5798086018824672,1,High
SUB-00005959,CUST-001721,"Hall, Roberts and Lee",NC-CONTAINER,Nexus Container Platform,0,0.2476658171020829,0,Low
SUB-00005960,CUST-001722,Johnson Ltd,NC-INTEGRATION,Nexus Integration,1,0.5481669516899246,1,High
SUB-00005961,CUST-001722,Johnson Ltd,NC-WAREHOUSE,Nexus Data Warehouse,1,0.8361720165745267,1,Critical
SUB-00005962,CUST-001723,Mclaughlin and Sons,NC-ANALYTICS,Nexus Analytics,0,0.5435560496664235,1,High
SUB-00005963,CUST-001723,Mclaughlin and Sons,NC-INTEGRATION,Nexus Integration,1,0.5596749974037568,1,High
SUB-00005964,CUST-001723,Mclaughlin and Sons,NC-SQL,Nexus SQL Database,0,0.5488150735321022,1,High
SUB-00005965,CUST-001723,Mclaughlin and Sons,NC-STORAGE,Nexus Storage,0,0.23193258524867214,0,Low
SUB-00005966,CUST-001723,Mclaughlin and Sons,NC-SECURITY,Nexus Cloud Security,1,0.8287168755610298,1,Critical
SUB-00005967,CUST-001724,"Duarte, Gutierrez and Cook",NC-ANALYTICS,Nexus Analytics,0,0.19267162394918802,0,Low
SUB-00005968,CUST-001724,"Duarte, Gutierrez and Cook",NC-SECURITY,Nexus Cloud Security,0,0.1803623321648776,0,Low
SUB-00005969,CUST-001724,"Duarte, Gutierrez and Cook",NC-COMPUTE,Nexus Compute,0,0.49443782805019365,0,Medium
SUB-00005970,CUST-001725,"Shaffer, Lewis and Davidson",NC-STORAGE,Nexus Storage,1,0.8359978826031558,1,Critical
SUB-00005971,CUST-001725,"Shaffer, Lewis and Davidson",NC-COMPUTE,Nexus Compute,1,0.8436187394148696,1,Critical
SUB-00005972,CUST-001726,"Campbell, Tyler and Parker",NC-STORAGE,Nexus Storage,1,0.5038565199120424,1,High
SUB-00005973,CUST-001726,"Campbell, Tyler and Parker",NC-COMPUTE,Nexus Compute,1,0.19400613336135364,0,Low
SUB-00005974,CUST-001726,"Campbell, Tyler and Parker",NC-SQL,Nexus SQL Database,0,0.4854970989091979,0,Medium
SUB-00005975,CUST-001726,"Campbell, Tyler and Parker",NC-SECURITY,Nexus Cloud Security,1,0.48775835155986974,0,Medium
SUB-00005976,CUST-001726,"Campbell, Tyler and Parker",NC-CONTAINER,Nexus Container Platform,1,0.4877154723342239,0,Medium
SUB-00005977,CUST-001727,"Pierce, Wang and Wilson",NC-SECURITY,Nexus Cloud Security,0,0.20074229431970644,0,Low
SUB-00005978,CUST-001727,"Pierce, Wang and Wilson",NC-STORAGE,Nexus Storage,1,0.20283247450403588,0,Low
SUB-00005979,CUST-001728,Peterson-Ramsey,NC-SQL,Nexus SQL Database,0,0.1951097342041762,0,Low
SUB-00005980,CUST-001728,Peterson-Ramsey,NC-WAREHOUSE,Nexus Data Warehouse,1,0.20061994862970411,0,Low
SUB-00005981,CUST-001729,"Choi, Collier and Lee",NC-WAREHOUSE,Nexus Data Warehouse,1,0.2037536553490112,0,Low
SUB-00005982,CUST-001729,"Choi, Collier and Lee",NC-CONTAINER,Nexus Container Platform,1,0.8225975320140372,1,Critical
SUB-00005983,CUST-001729,"Choi, Collier and Lee",NC-COMPUTE,Nexus Compute,1,0.8089202075117458,1,Critical
SUB-00005984,CUST-001730,Nielsen-Mendoza,NC-WAREHOUSE,Nexus Data Warehouse,1,0.5040035023949566,1,High
SUB-00005985,CUST-001730,Nielsen-Mendoza,NC-CONTAINER,Nexus Container Platform,1,0.5138891228554473,1,High
SUB-00005986,CUST-001731,Robles-Brewer,NC-AISEARCH,Nexus AI Search,0,0.21547977768292123,0,Low
SUB-00005987,CUST-001731,Robles-Brewer,NC-COMPUTE,Nexus Compute,1,0.5149814294133005,1,High
SUB-00005988,CUST-001731,Robles-Brewer,NC-INTEGRATION,Nexus Integration,0,0.8276119916660093,1,Critical
SUB-00005989,CUST-001732,Moore-Murray,NC-ANALYTICS,Nexus Analytics,1,0.5253739399404296,1,High
SUB-00005990,CUST-001732,Moore-Murray,NC-SQL,Nexus SQL Database,0,0.5131926655969373,1,High
SUB-00005991,CUST-001732,Moore-Murray,NC-INTEGRATION,Nexus Integration,1,0.49701478256171766,0,Medium
SUB-00005992,CUST-001733,"Huang, Ford and Olsen",NC-COMPUTE,Nexus Compute,0,0.2392648182665845,0,Low
SUB-00005993,CUST-001733,"Huang, Ford and Olsen",NC-CONTAINER,Nexus Container Platform,0,0.5657678899506562,1,High
SUB-00005994,CUST-001733,"Huang, Ford and Olsen",NC-WAREHOUSE,Nexus Data Warehouse,1,0.5704813011422637,1,High
SUB-00005995,CUST-001733,"Huang, Ford and Olsen",NC-STORAGE,Nexus Storage,1,0.5817598690585681,1,High
SUB-00005996,CUST-001734,"Brown, Meyer and Cunningham",NC-SQL,Nexus SQL Database,0,0.19245109167421798,0,Low
SUB-00005997,CUST-001734,"Brown, Meyer and Cunningham",NC-INTEGRATION,Nexus Integration,1,0.8059457971781626,1,Critical
SUB-00005998,CUST-001735,"Stewart, Herrera and Clark",NC-CONTAINER,Nexus Container Platform,1,0.8342447507275129,1,Critical
SUB-00005999,CUST-001736,"Rivera, Hendricks and Flynn",NC-WAREHOUSE,Nexus Data Warehouse,0,0.16842702982026025,0,Low
SUB-00006000,CUST-001736,"Rivera, Hendricks and Flynn",NC-COMPUTE,Nexus Compute,1,0.16654131061095906,0,Low
SUB-00006001,CUST-001736,"Rivera, Hendricks and Flynn",NC-INTEGRATION,Nexus Integration,1,0.7793360077179264,1,Critical
SUB-00006002,CUST-001737,Montes LLC,NC-INTEGRATION,Nexus Integration,0,0.1957099329418111,0,Low
SUB-00006003,CUST-001737,Montes LLC,NC-STORAGE,Nexus Storage,1,0.8078774046677593,1,Critical
SUB-00006004,CUST-001737,Montes LLC,NC-SQL,Nexus SQL Database,0,0.1892828473850942,0,Low
SUB-00006005,CUST-001737,Montes LLC,NC-SECURITY,Nexus Cloud Security,1,0.4886331691337384,0,Medium
SUB-00006006,CUST-001738,Morgan Group,NC-COMPUTE,Nexus Compute,1,0.8171366116485309,1,Critical
SUB-00006007,CUST-001738,Morgan Group,NC-SQL,Nexus SQL Database,1,0.8291578162983846,1,Critical
SUB-00006008,CUST-001738,Morgan Group,NC-SECURITY,Nexus Cloud Security,1,0.8274923297822986,1,Critical
SUB-00006009,CUST-001738,Morgan Group,NC-WAREHOUSE,Nexus Data Warehouse,1,0.2206986285174921,0,Low
SUB-00006010,CUST-001738,Morgan Group,NC-ANALYTICS,Nexus Analytics,1,0.829510740732636,1,Critical
SUB-00006011,CUST-001739,"Ferguson, Martin and Obrien",NC-SQL,Nexus SQL Database,1,0.836347801364148,1,Critical
SUB-00006012,CUST-001740,Larson LLC,NC-CONTAINER,Nexus Container Platform,0,0.5845023445964151,1,High
SUB-00006013,CUST-001740,Larson LLC,NC-SECURITY,Nexus Cloud Security,1,0.23782887887002038,0,Low
SUB-00006014,CUST-001740,Larson LLC,NC-SQL,Nexus SQL Database,1,0.558125007081756,1,High
SUB-00006015,CUST-001740,Larson LLC,NC-STORAGE,Nexus Storage,0,0.5619179411735581,1,High
SUB-00006016,CUST-001740,Larson LLC,NC-WAREHOUSE,Nexus Data Warehouse,0,0.23726203124910356,0,Low
SUB-00006017,CUST-001740,Larson LLC,NC-INTEGRATION,Nexus Integration,0,0.5761465078774429,1,High
SUB-00006018,CUST-001741,"Hodge, Mckinney and Nelson",NC-SQL,Nexus SQL Database,1,0.5277195169871453,1,High
SUB-00006019,CUST-001741,"Hodge, Mckinney and Nelson",NC-CONTAINER,Nexus Container Platform,0,0.20349277679916544,0,Low
SUB-00006020,CUST-001741,"Hodge, Mckinney and Nelson",NC-COMPUTE,Nexus Compute,1,0.20694063394125908,0,Low
SUB-00006021,CUST-001741,"Hodge, Mckinney and Nelson",NC-AIMODEL,Nexus AI Models,1,0.5163183019562134,1,High
SUB-00006022,CUST-001741,"Hodge, Mckinney and Nelson",NC-ANALYTICS,Nexus Analytics,0,0.21494643043459172,0,Low
SUB-00006023,CUST-001742,Crawford and Sons,NC-INTEGRATION,Nexus Integration,1,0.8086836423915164,1,Critical
SUB-00006024,CUST-001742,Crawford and Sons,NC-SQL,Nexus SQL Database,1,0.8237274339984656,1,Critical
SUB-00006025,CUST-001743,Hayes-Sampson,NC-CONTAINER,Nexus Container Platform,1,0.8342486225455117,1,Critical
SUB-00006026,CUST-001743,Hayes-Sampson,NC-INTEGRATION,Nexus Integration,1,0.5472677439100644,1,High
SUB-00006027,CUST-001744,Warren and Sons,NC-CONTAINER,Nexus Container Platform,0,0.1903774273389753,0,Low
SUB-00006028,CUST-001744,Warren and Sons,NC-WAREHOUSE,Nexus Data Warehouse,1,0.7959442972007269,1,Critical
SUB-00006029,CUST-001745,Brooks Inc,NC-SECURITY,Nexus Cloud Security,0,0.5218848309610472,1,High
SUB-00006030,CUST-001745,Brooks Inc,NC-COMPUTE,Nexus Compute,1,0.19646412934468063,0,Low
SUB-00006031,CUST-001746,Gentry Group,NC-SECURITY,Nexus Cloud Security,1,0.5652766460082479,1,High
SUB-00006032,CUST-001747,"Johnson, Webb and Porter",NC-COMPUTE,Nexus Compute,0,0.19129342081337544,0,Low
SUB-00006033,CUST-001748,Peterson Group,NC-CONTAINER,Nexus Container Platform,1,0.5447783979233093,1,High
SUB-00006034,CUST-001748,Peterson Group,NC-WAREHOUSE,Nexus Data Warehouse,0,0.8344739097560476,1,Critical
SUB-00006035,CUST-001748,Peterson Group,NC-ANALYTICS,Nexus Analytics,1,0.5547240692419785,1,High
SUB-00006036,CUST-001749,"Russo, Collins and Murphy",NC-SQL,Nexus SQL Database,0,0.20516892047458504,0,Low
SUB-00006037,CUST-001749,"Russo, Collins and Murphy",NC-WAREHOUSE,Nexus Data Warehouse,1,0.19223626715453712,0,Low
SUB-00006038,CUST-001749,"Russo, Collins and Murphy",NC-SECURITY,Nexus Cloud Security,0,0.5111013845177973,1,High
SUB-00006039,CUST-001750,Short PLC,NC-INTEGRATION,Nexus Integration,1,0.4903996469126822,0,Medium
SUB-00006040,CUST-001750,Short PLC,NC-AIMODEL,Nexus AI Models,1,0.5030718083100258,1,High
SUB-00006041,CUST-001750,Short PLC,NC-AISEARCH,Nexus AI Search,0,0.1927150163447865,0,Low
SUB-00006042,CUST-001751,"Haney, Harris and Johnson",NC-ANALYTICS,Nexus Analytics,1,0.8389127736485524,1,Critical
SUB-00006043,CUST-001751,"Haney, Harris and Johnson",NC-COMPUTE,Nexus Compute,1,0.2125299295255299,0,Low
SUB-00006044,CUST-001751,"Haney, Harris and Johnson",NC-STORAGE,Nexus Storage,1,0.8247181317755972,1,Critical
SUB-00006045,CUST-001751,"Haney, Harris and Johnson",NC-CONTAINER,Nexus Container Platform,1,0.2576344554079984,0,Medium
SUB-00006046,CUST-001751,"Haney, Harris and Johnson",NC-AISEARCH,Nexus AI Search,1,0.8416268951145691,1,Critical
SUB-00006047,CUST-001751,"Haney, Harris and Johnson",NC-INTEGRATION,Nexus Integration,1,0.5783169987573259,1,High
SUB-00006048,CUST-001752,Reeves-Boyd,NC-SQL,Nexus SQL Database,0,0.5818119190836412,1,High
SUB-00006049,CUST-001752,Reeves-Boyd,NC-ANALYTICS,Nexus Analytics,0,0.25138884017280944,0,Medium
SUB-00006050,CUST-001752,Reeves-Boyd,NC-SECURITY,Nexus Cloud Security,1,0.23686968447345705,0,Low
SUB-00006051,CUST-001752,Reeves-Boyd,NC-INTEGRATION,Nexus Integration,0,0.24830362507589634,0,Low
SUB-00006052,CUST-001753,Collins Inc,NC-CONTAINER,Nexus Container Platform,1,0.7866103350031088,1,Critical
SUB-00006053,CUST-001753,Collins Inc,NC-AIMODEL,Nexus AI Models,1,0.4915797263840878,0,Medium
SUB-00006054,CUST-001754,"Charles, Wiggins and Cook",NC-INTEGRATION,Nexus Integration,1,0.47078827262571965,0,Medium
SUB-00006055,CUST-001755,Garcia Ltd,NC-CONTAINER,Nexus Container Platform,0,0.24813304724917504,0,Low
SUB-00006056,CUST-001755,Garcia Ltd,NC-COMPUTE,Nexus Compute,1,0.5783025758480509,1,High
SUB-00006057,CUST-001755,Garcia Ltd,NC-INTEGRATION,Nexus Integration,0,0.5798534756312292,1,High
SUB-00006058,CUST-001756,"Edwards, Lane and Collins",NC-COMPUTE,Nexus Compute,0,0.4537814441448209,0,Medium
SUB-00006059,CUST-001757,Flores and Sons,NC-WAREHOUSE,Nexus Data Warehouse,0,0.5309640779453002,1,High
SUB-00006060,CUST-001757,Flores and Sons,NC-CONTAINER,Nexus Container Platform,0,0.2257449467194835,0,Low
SUB-00006061,CUST-001757,Flores and Sons,NC-SECURITY,Nexus Cloud Security,1,0.5312016510657986,1,High
SUB-00006062,CUST-001758,Hill-Flores,NC-WAREHOUSE,Nexus Data Warehouse,0,0.2197290151018888,0,Low
SUB-00006063,CUST-001759,Lambert-Nelson,NC-COMPUTE,Nexus Compute,1,0.5568393139589076,1,High
SUB-00006064,CUST-001759,Lambert-Nelson,NC-STORAGE,Nexus Storage,1,0.5452247169272588,1,High
SUB-00006065,CUST-001759,Lambert-Nelson,NC-SECURITY,Nexus Cloud Security,0,0.22218045017170399,0,Low
SUB-00006066,CUST-001759,Lambert-Nelson,NC-WAREHOUSE,Nexus Data Warehouse,1,0.8427638481807564,1,Critical
SUB-00006067,CUST-001759,Lambert-Nelson,NC-INTEGRATION,Nexus Integration,1,0.5368623681378674,1,High
SUB-00006068,CUST-001760,Hill Inc,NC-WAREHOUSE,Nexus Data Warehouse,0,0.20151868030016712,0,Low
SUB-00006069,CUST-001760,Hill Inc,NC-SECURITY,Nexus Cloud Security,0,0.4856445966700089,0,Medium
SUB-00006070,CUST-001760,Hill Inc,NC-INTEGRATION,Nexus Integration,0,0.19116682735282192,0,Low
SUB-00006071,CUST-001760,Hill Inc,NC-ANALYTICS,Nexus Analytics,0,0.18644921342580506,0,Low
SUB-00006072,CUST-001760,Hill Inc,NC-STORAGE,Nexus Storage,1,0.7960624152234238,1,Critical
SUB-00006073,CUST-001761,"Castro, Garcia and Daniels",NC-INTEGRATION,Nexus Integration,0,0.5064592590828169,1,High
SUB-00006074,CUST-001761,"Castro, Garcia and Daniels",NC-CONTAINER,Nexus Container Platform,0,0.19904730916265814,0,Low
SUB-00006075,CUST-001761,"Castro, Garcia and Daniels",NC-ANALYTICS,Nexus Analytics,1,0.7943830476105691,1,Critical
SUB-00006076,CUST-001761,"Castro, Garcia and Daniels",NC-SECURITY,Nexus Cloud Security,1,0.498192518987089,0,Medium
SUB-00006077,CUST-001761,"Castro, Garcia and Daniels",NC-STORAGE,Nexus Storage,0,0.5180315224840348,1,High
SUB-00006078,CUST-001762,"Flores, Thomas and Bush",NC-STORAGE,Nexus Storage,0,0.53899232360887,1,High
SUB-00006079,CUST-001762,"Flores, Thomas and Bush",NC-INTEGRATION,Nexus Integration,1,0.833112211592216,1,Critical
SUB-00006080,CUST-001763,Andrews-Jackson,NC-STORAGE,Nexus Storage,1,0.8051064727328295,1,Critical
SUB-00006081,CUST-001763,Andrews-Jackson,NC-INTEGRATION,Nexus Integration,1,0.519418824863785,1,High
SUB-00006082,CUST-001763,Andrews-Jackson,NC-SECURITY,Nexus Cloud Security,1,0.1863805110701251,0,Low
SUB-00006083,CUST-001763,Andrews-Jackson,NC-COMPUTE,Nexus Compute,0,0.5556510391265719,1,High
SUB-00006084,CUST-001763,Andrews-Jackson,NC-ANALYTICS,Nexus Analytics,1,0.20608823014213118,0,Low
SUB-00006085,CUST-001763,Andrews-Jackson,NC-SQL,Nexus SQL Database,0,0.18127370400593826,0,Low
SUB-00006086,CUST-001764,Austin-Morgan,NC-STORAGE,Nexus Storage,0,0.5166975400229145,1,High
SUB-00006087,CUST-001765,Williams-Johnson,NC-SQL,Nexus SQL Database,1,0.23587239642466035,0,Low
SUB-00006088,CUST-001765,Williams-Johnson,NC-COMPUTE,Nexus Compute,1,0.22053806153429442,0,Low
SUB-00006089,CUST-001765,Williams-Johnson,NC-CONTAINER,Nexus Container Platform,0,0.2337476943414939,0,Low
SUB-00006090,CUST-001766,"Williams, Reyes and Miller",NC-SECURITY,Nexus Cloud Security,1,0.8264569432448408,1,Critical
SUB-00006091,CUST-001766,"Williams, Reyes and Miller",NC-SQL,Nexus SQL Database,1,0.5193298765775392,1,High
SUB-00006092,CUST-001767,White-Carlson,NC-STORAGE,Nexus Storage,0,0.4697913431894463,0,Medium
SUB-00006093,CUST-001767,White-Carlson,NC-CONTAINER,Nexus Container Platform,1,0.795450868233286,1,Critical
SUB-00006094,CUST-001767,White-Carlson,NC-WAREHOUSE,Nexus Data Warehouse,1,0.7843701723192448,1,Critical
SUB-00006095,CUST-001767,White-Carlson,NC-SECURITY,Nexus Cloud Security,0,0.17525889110566306,0,Low
SUB-00006096,CUST-001768,"Soto, Vaughn and Griffin",NC-AIMODEL,Nexus AI Models,1,0.502087470389936,1,High
SUB-00006097,CUST-001768,"Soto, Vaughn and Griffin",NC-STORAGE,Nexus Storage,1,0.8134431667743445,1,Critical
SUB-00006098,CUST-001768,"Soto, Vaughn and Griffin",NC-COMPUTE,Nexus Compute,0,0.18831379764699022,0,Low
SUB-00006099,CUST-001768,"Soto, Vaughn and Griffin",NC-AISEARCH,Nexus AI Search,0,0.20381993826514702,0,Low
SUB-00006100,CUST-001769,Edwards-Roth,NC-CONTAINER,Nexus Container Platform,0,0.5254517645281298,1,High
SUB-00006101,CUST-001769,Edwards-Roth,NC-ANALYTICS,Nexus Analytics,0,0.2120958994745085,0,Low
SUB-00006102,CUST-001769,Edwards-Roth,NC-SECURITY,Nexus Cloud Security,1,0.8183408567699081,1,Critical
SUB-00006103,CUST-001769,Edwards-Roth,NC-WAREHOUSE,Nexus Data Warehouse,0,0.19936728896584302,0,Low
SUB-00006104,CUST-001769,Edwards-Roth,NC-STORAGE,Nexus Storage,1,0.5051648511325122,1,High
SUB-00006105,CUST-001770,"Chang, Lamb and Miller",NC-STORAGE,Nexus Storage,1,0.5596082826670008,1,High
SUB-00006106,CUST-001770,"Chang, Lamb and Miller",NC-AISEARCH,Nexus AI Search,1,0.579548196177493,1,High
SUB-00006107,CUST-001770,"Chang, Lamb and Miller",NC-SQL,Nexus SQL Database,1,0.5628984934285839,1,High
SUB-00006108,CUST-001770,"Chang, Lamb and Miller",NC-SECURITY,Nexus Cloud Security,0,0.5340315216512673,1,High
SUB-00006109,CUST-001771,Bradley-Davis,NC-INTEGRATION,Nexus Integration,0,0.5603109412527322,1,High
SUB-00006110,CUST-001771,Bradley-Davis,NC-STORAGE,Nexus Storage,0,0.23583245340650646,0,Low
SUB-00006111,CUST-001771,Bradley-Davis,NC-COMPUTE,Nexus Compute,1,0.5603350340185204,1,High
SUB-00006112,CUST-001771,Bradley-Davis,NC-SECURITY,Nexus Cloud Security,1,0.8273119879127656,1,Critical
SUB-00006113,CUST-001772,"Mcdonald, Bryant and Cohen",NC-COMPUTE,Nexus Compute,1,0.8278729157584528,1,Critical
SUB-00006114,CUST-001772,"Mcdonald, Bryant and Cohen",NC-SQL,Nexus SQL Database,1,0.22574523167130303,0,Low
SUB-00006115,CUST-001773,"Miranda, Ruiz and Meza",NC-INTEGRATION,Nexus Integration,1,0.7964860143797658,1,Critical
SUB-00006116,CUST-001773,"Miranda, Ruiz and Meza",NC-COMPUTE,Nexus Compute,1,0.4645125117295398,0,Medium
SUB-00006117,CUST-001773,"Miranda, Ruiz and Meza",NC-SECURITY,Nexus Cloud Security,0,0.17167469471833632,0,Low
SUB-00006118,CUST-001773,"Miranda, Ruiz and Meza",NC-ANALYTICS,Nexus Analytics,0,0.18599924332807707,0,Low
SUB-00006119,CUST-001774,Callahan PLC,NC-CONTAINER,Nexus Container Platform,1,0.8374919217620298,1,Critical
SUB-00006120,CUST-001774,Callahan PLC,NC-ANALYTICS,Nexus Analytics,1,0.24853432619589857,0,Low
SUB-00006121,CUST-001774,Callahan PLC,NC-SQL,Nexus SQL Database,1,0.23897956815284072,0,Low
SUB-00006122,CUST-001774,Callahan PLC,NC-STORAGE,Nexus Storage,1,0.23496042682993365,0,Low
SUB-00006123,CUST-001775,Durham-Myers,NC-SECURITY,Nexus Cloud Security,1,0.5761968015796224,1,High
SUB-00006124,CUST-001775,Durham-Myers,NC-INTEGRATION,Nexus Integration,0,0.23558085214969257,0,Low
SUB-00006125,CUST-001776,"Stark, Rivera and Valencia",NC-ANALYTICS,Nexus Analytics,0,0.8093638412734172,1,Critical
SUB-00006126,CUST-001776,"Stark, Rivera and Valencia",NC-SQL,Nexus SQL Database,0,0.508924415753863,1,High
SUB-00006127,CUST-001776,"Stark, Rivera and Valencia",NC-WAREHOUSE,Nexus Data Warehouse,0,0.8022641689010304,1,Critical
SUB-00006128,CUST-001776,"Stark, Rivera and Valencia",NC-SECURITY,Nexus Cloud Security,0,0.7934373911160971,1,Critical
SUB-00006129,CUST-001776,"Stark, Rivera and Valencia",NC-CONTAINER,Nexus Container Platform,0,0.7939976899385764,1,Critical
SUB-00006130,CUST-001777,Chavez-Johnson,NC-COMPUTE,Nexus Compute,1,0.7936172641357679,1,Critical
SUB-00006131,CUST-001777,Chavez-Johnson,NC-ANALYTICS,Nexus Analytics,0,0.19280602396805074,0,Low
SUB-00006132,CUST-001778,Rodriguez-Mendoza,NC-STORAGE,Nexus Storage,1,0.5679875108135427,1,High
SUB-00006133,CUST-001778,Rodriguez-Mendoza,NC-ANALYTICS,Nexus Analytics,0,0.5585537524324035,1,High
SUB-00006134,CUST-001778,Rodriguez-Mendoza,NC-COMPUTE,Nexus Compute,1,0.5658061999690398,1,High
SUB-00006135,CUST-001779,Campbell LLC,NC-SQL,Nexus SQL Database,1,0.8348085570101762,1,Critical
SUB-00006136,CUST-001779,Campbell LLC,NC-CONTAINER,Nexus Container Platform,1,0.8232248552821294,1,Critical
SUB-00006137,CUST-001779,Campbell LLC,NC-SECURITY,Nexus Cloud Security,1,0.8195908446056813,1,Critical
SUB-00006138,CUST-001779,Campbell LLC,NC-WAREHOUSE,Nexus Data Warehouse,1,0.22801438934179022,0,Low
SUB-00006139,CUST-001780,"Andrews, Romero and Sullivan",NC-ANALYTICS,Nexus Analytics,1,0.19877927185092162,0,Low
SUB-00006140,CUST-001780,"Andrews, Romero and Sullivan",NC-INTEGRATION,Nexus Integration,1,0.503327475813135,1,High
SUB-00006141,CUST-001780,"Andrews, Romero and Sullivan",NC-WAREHOUSE,Nexus Data Warehouse,0,0.21267956583353514,0,Low
SUB-00006142,CUST-001780,"Andrews, Romero and Sullivan",NC-SECURITY,Nexus Cloud Security,1,0.20752433762138497,0,Low
SUB-00006143,CUST-001780,"Andrews, Romero and Sullivan",NC-SQL,Nexus SQL Database,0,0.8235354511902188,1,Critical
SUB-00006144,CUST-001781,"Robles, Nguyen and Banks",NC-WAREHOUSE,Nexus Data Warehouse,0,0.5539369387534645,1,High
SUB-00006145,CUST-001781,"Robles, Nguyen and Banks",NC-SECURITY,Nexus Cloud Security,1,0.8270071887677667,1,Critical
SUB-00006146,CUST-001781,"Robles, Nguyen and Banks",NC-ANALYTICS,Nexus Analytics,1,0.8256933262842887,1,Critical
SUB-00006147,CUST-001781,"Robles, Nguyen and Banks",NC-STORAGE,Nexus Storage,0,0.22375637797053613,0,Low
SUB-00006148,CUST-001781,"Robles, Nguyen and Banks",NC-COMPUTE,Nexus Compute,1,0.823190966934485,1,Critical
SUB-00006149,CUST-001781,"Robles, Nguyen and Banks",NC-CONTAINER,Nexus Container Platform,1,0.8188809005047423,1,Critical
SUB-00006150,CUST-001782,Patel-Morales,NC-WAREHOUSE,Nexus Data Warehouse,1,0.7998045235076666,1,Critical
SUB-00006151,CUST-001782,Patel-Morales,NC-SECURITY,Nexus Cloud Security,1,0.7865638388874038,1,Critical
SUB-00006152,CUST-001783,Allen-Sanchez,NC-SECURITY,Nexus Cloud Security,1,0.47084297625220567,0,Medium
SUB-00006153,CUST-001784,Dickson Group,NC-WAREHOUSE,Nexus Data Warehouse,1,0.5389101867151967,1,High
SUB-00006154,CUST-001784,Dickson Group,NC-SQL,Nexus SQL Database,1,0.8175524824796068,1,Critical
SUB-00006155,CUST-001785,Peterson Ltd,NC-SECURITY,Nexus Cloud Security,0,0.23173061250740903,0,Low
SUB-00006156,CUST-001785,Peterson Ltd,NC-STORAGE,Nexus Storage,0,0.5578168908012943,1,High
SUB-00006157,CUST-001786,"Reynolds, Baird and Bradley",NC-INTEGRATION,Nexus Integration,0,0.47032569363929566,0,Medium
SUB-00006158,CUST-001787,Stephens-Young,NC-CONTAINER,Nexus Container Platform,0,0.22460420818247712,0,Low
SUB-00006159,CUST-001787,Stephens-Young,NC-INTEGRATION,Nexus Integration,0,0.20950581571188656,0,Low
SUB-00006160,CUST-001787,Stephens-Young,NC-SECURITY,Nexus Cloud Security,1,0.5232391737349176,1,High
SUB-00006161,CUST-001787,Stephens-Young,NC-WAREHOUSE,Nexus Data Warehouse,1,0.8352037804124601,1,Critical
SUB-00006162,CUST-001788,"Caldwell, Stevenson and Joseph",NC-ANALYTICS,Nexus Analytics,1,0.8360197000328441,1,Critical
SUB-00006163,CUST-001788,"Caldwell, Stevenson and Joseph",NC-SECURITY,Nexus Cloud Security,0,0.21450054520014317,0,Low
SUB-00006164,CUST-001789,Wilson-Carlson,NC-COMPUTE,Nexus Compute,0,0.19087152901655663,0,Low
SUB-00006165,CUST-001789,Wilson-Carlson,NC-CONTAINER,Nexus Container Platform,0,0.49463390212327646,0,Medium
SUB-00006166,CUST-001789,Wilson-Carlson,NC-SQL,Nexus SQL Database,1,0.7960892688744959,1,Critical
SUB-00006167,CUST-001790,Peters-Short,NC-WAREHOUSE,Nexus Data Warehouse,1,0.7983254362989003,1,Critical
SUB-00006168,CUST-001790,Peters-Short,NC-CONTAINER,Nexus Container Platform,1,0.7931760692624713,1,Critical
SUB-00006169,CUST-001791,Parker Group,NC-WAREHOUSE,Nexus Data Warehouse,1,0.5190224791143767,1,High
SUB-00006170,CUST-001791,Parker Group,NC-INTEGRATION,Nexus Integration,1,0.8287985447016861,1,Critical
SUB-00006171,CUST-001791,Parker Group,NC-COMPUTE,Nexus Compute,1,0.8198522111324856,1,Critical
SUB-00006172,CUST-001792,George Ltd,NC-AIMODEL,Nexus AI Models,1,0.8229871337280854,1,Critical
SUB-00006173,CUST-001792,George Ltd,NC-SQL,Nexus SQL Database,0,0.4974057634332149,0,Medium
SUB-00006174,CUST-001793,"Wise, Gray and Snyder",NC-STORAGE,Nexus Storage,1,0.8436785377331204,1,Critical
SUB-00006175,CUST-001793,"Wise, Gray and Snyder",NC-SECURITY,Nexus Cloud Security,0,0.226822584127367,0,Low
SUB-00006176,CUST-001794,"Brown, Robinson and Taylor",NC-ANALYTICS,Nexus Analytics,0,0.5507825581009655,1,High
SUB-00006177,CUST-001794,"Brown, Robinson and Taylor",NC-COMPUTE,Nexus Compute,1,0.8337882575059372,1,Critical
SUB-00006178,CUST-001794,"Brown, Robinson and Taylor",NC-WAREHOUSE,Nexus Data Warehouse,0,0.5301750319655498,1,High
SUB-00006179,CUST-001795,"Berger, Fields and Smith",NC-COMPUTE,Nexus Compute,1,0.7971961336838103,1,Critical
SUB-00006180,CUST-001795,"Berger, Fields and Smith",NC-ANALYTICS,Nexus Analytics,1,0.7997912628399754,1,Critical
SUB-00006181,CUST-001796,Guerrero Group,NC-INTEGRATION,Nexus Integration,1,0.5613641420316505,1,High
SUB-00006182,CUST-001796,Guerrero Group,NC-SQL,Nexus SQL Database,1,0.8412258259986256,1,Critical
SUB-00006183,CUST-001796,Guerrero Group,NC-WAREHOUSE,Nexus Data Warehouse,0,0.8515705040307526,1,Critical
SUB-00006184,CUST-001796,Guerrero Group,NC-CONTAINER,Nexus Container Platform,0,0.24840022126926506,0,Low
SUB-00006185,CUST-001797,"Carter, Gilbert and West",NC-ANALYTICS,Nexus Analytics,1,0.7967187401524432,1,Critical
SUB-00006186,CUST-001797,"Carter, Gilbert and West",NC-WAREHOUSE,Nexus Data Warehouse,1,0.4916971458034765,0,Medium
SUB-00006187,CUST-001797,"Carter, Gilbert and West",NC-AISEARCH,Nexus AI Search,0,0.5230823839602785,1,High
SUB-00006188,CUST-001797,"Carter, Gilbert and West",NC-STORAGE,Nexus Storage,1,0.7950232847635945,1,Critical
SUB-00006189,CUST-001798,Maldonado LLC,NC-SQL,Nexus SQL Database,1,0.569080985373823,1,High
SUB-00006190,CUST-001799,Hudson-Gentry,NC-AISEARCH,Nexus AI Search,1,0.5788084827243997,1,High
SUB-00006191,CUST-001799,Hudson-Gentry,NC-AIMODEL,Nexus AI Models,0,0.5787952163729699,1,High
SUB-00006192,CUST-001799,Hudson-Gentry,NC-STORAGE,Nexus Storage,0,0.5460832314182087,1,High
SUB-00006193,CUST-001799,Hudson-Gentry,NC-SQL,Nexus SQL Database,1,0.830783082664381,1,Critical
SUB-00006194,CUST-001799,Hudson-Gentry,NC-SECURITY,Nexus Cloud Security,0,0.21860561392618055,0,Low
SUB-00006195,CUST-001800,Sellers-Zuniga,NC-INTEGRATION,Nexus Integration,1,0.22350321780044638,0,Low
SUB-00006196,CUST-001801,"Haas, Cooper and Davis",NC-INTEGRATION,Nexus Integration,1,0.8334261741992239,1,Critical
SUB-00006197,CUST-001801,"Haas, Cooper and Davis",NC-SQL,Nexus SQL Database,0,0.23615503701216234,0,Low
SUB-00006198,CUST-001801,"Haas, Cooper and Davis",NC-STORAGE,Nexus Storage,1,0.8285327024920478,1,Critical
SUB-00006199,CUST-001802,Carr PLC,NC-INTEGRATION,Nexus Integration,0,0.5507216873182024,1,High
SUB-00006200,CUST-001802,Carr PLC,NC-STORAGE,Nexus Storage,0,0.56532878861923,1,High
SUB-00006201,CUST-001802,Carr PLC,NC-SQL,Nexus SQL Database,0,0.5687428484926942,1,High
SUB-00006202,CUST-001803,Abbott-Phelps,NC-SQL,Nexus SQL Database,0,0.21386994122243116,0,Low
SUB-00006203,CUST-001803,Abbott-Phelps,NC-ANALYTICS,Nexus Analytics,0,0.5380838851846993,1,High
SUB-00006204,CUST-001803,Abbott-Phelps,NC-CONTAINER,Nexus Container Platform,1,0.8166390003545054,1,Critical
SUB-00006205,CUST-001803,Abbott-Phelps,NC-SECURITY,Nexus Cloud Security,1,0.5051395557526114,1,High
SUB-00006206,CUST-001803,Abbott-Phelps,NC-COMPUTE,Nexus Compute,1,0.8322050702040474,1,Critical
SUB-00006207,CUST-001803,Abbott-Phelps,NC-INTEGRATION,Nexus Integration,0,0.8113273490358757,1,Critical
SUB-00006208,CUST-001804,Wood PLC,NC-SQL,Nexus SQL Database,1,0.5089423195027324,1,High
SUB-00006209,CUST-001804,Wood PLC,NC-CONTAINER,Nexus Container Platform,0,0.19824593031664517,0,Low
SUB-00006210,CUST-001804,Wood PLC,NC-SECURITY,Nexus Cloud Security,0,0.49060339844850887,0,Medium
SUB-00006211,CUST-001804,Wood PLC,NC-STORAGE,Nexus Storage,1,0.7971557474198245,1,Critical
SUB-00006212,CUST-001805,Smith PLC,NC-CONTAINER,Nexus Container Platform,0,0.4842817318265008,0,Medium
SUB-00006213,CUST-001805,Smith PLC,NC-COMPUTE,Nexus Compute,0,0.49979400725460094,0,Medium
SUB-00006214,CUST-001805,Smith PLC,NC-SQL,Nexus SQL Database,0,0.5059388052107657,1,High
SUB-00006215,CUST-001805,Smith PLC,NC-STORAGE,Nexus Storage,0,0.18233111406505478,0,Low
SUB-00006216,CUST-001806,Rodriguez-Campbell,NC-SQL,Nexus SQL Database,0,0.19274645490333123,0,Low
SUB-00006217,CUST-001806,Rodriguez-Campbell,NC-STORAGE,Nexus Storage,0,0.47369915194266893,0,Medium
SUB-00006218,CUST-001806,Rodriguez-Campbell,NC-ANALYTICS,Nexus Analytics,0,0.4978605555451436,0,Medium
SUB-00006219,CUST-001807,Young Ltd,NC-SECURITY,Nexus Cloud Security,0,0.4711167046556877,0,Medium
SUB-00006220,CUST-001807,Young Ltd,NC-COMPUTE,Nexus Compute,1,0.45323791541236425,0,Medium
SUB-00006221,CUST-001808,"Long, Flores and Reyes",NC-CONTAINER,Nexus Container Platform,0,0.5161422408786422,1,High
SUB-00006222,CUST-001809,Graham-Clark,NC-SECURITY,Nexus Cloud Security,0,0.22688162132693784,0,Low
SUB-00006223,CUST-001809,Graham-Clark,NC-INTEGRATION,Nexus Integration,1,0.5533496665426025,1,High
SUB-00006224,CUST-001809,Graham-Clark,NC-COMPUTE,Nexus Compute,1,0.8369287017837643,1,Critical
SUB-00006225,CUST-001810,Wells and Sons,NC-CONTAINER,Nexus Container Platform,0,0.47055566827950507,0,Medium
SUB-00006226,CUST-001810,Wells and Sons,NC-SQL,Nexus SQL Database,0,0.47409300941617416,0,Medium
SUB-00006227,CUST-001810,Wells and Sons,NC-STORAGE,Nexus Storage,1,0.8006115125429307,1,Critical
SUB-00006228,CUST-001811,"Cruz, Middleton and Larsen",NC-SQL,Nexus SQL Database,1,0.8363869064104186,1,Critical
SUB-00006229,CUST-001812,Roberts Ltd,NC-WAREHOUSE,Nexus Data Warehouse,1,0.8338239837333745,1,Critical
SUB-00006230,CUST-001812,Roberts Ltd,NC-SECURITY,Nexus Cloud Security,1,0.8208756968966152,1,Critical
SUB-00006231,CUST-001812,Roberts Ltd,NC-INTEGRATION,Nexus Integration,1,0.8329916471025366,1,Critical
SUB-00006232,CUST-001812,Roberts Ltd,NC-SQL,Nexus SQL Database,1,0.7989655312531664,1,Critical
SUB-00006233,CUST-001812,Roberts Ltd,NC-CONTAINER,Nexus Container Platform,1,0.17243527001353487,0,Low
SUB-00006234,CUST-001813,Taylor Inc,NC-STORAGE,Nexus Storage,1,0.46005752763358576,0,Medium
SUB-00006235,CUST-001813,Taylor Inc,NC-SQL,Nexus SQL Database,0,0.17998946623823897,0,Low
SUB-00006236,CUST-001814,"Smith, Griffith and Tucker",NC-CONTAINER,Nexus Container Platform,1,0.8262195299120915,1,Critical
SUB-00006237,CUST-001814,"Smith, Griffith and Tucker",NC-STORAGE,Nexus Storage,1,0.8342050170443478,1,Critical
SUB-00006238,CUST-001814,"Smith, Griffith and Tucker",NC-SQL,Nexus SQL Database,0,0.5513378187332548,1,High
SUB-00006239,CUST-001815,Proctor-Taylor,NC-ANALYTICS,Nexus Analytics,1,0.8524808670309284,1,Critical
SUB-00006240,CUST-001815,Proctor-Taylor,NC-CONTAINER,Nexus Container Platform,1,0.277730900421026,0,Medium
SUB-00006241,CUST-001815,Proctor-Taylor,NC-AISEARCH,Nexus AI Search,0,0.262903745361059,0,Medium
SUB-00006242,CUST-001815,Proctor-Taylor,NC-AIMODEL,Nexus AI Models,0,0.5530316012725691,1,High
SUB-00006243,CUST-001815,Proctor-Taylor,NC-COMPUTE,Nexus Compute,0,0.8409856718238892,1,Critical
SUB-00006244,CUST-001815,Proctor-Taylor,NC-STORAGE,Nexus Storage,0,0.2580795337326984,0,Medium
SUB-00006245,CUST-001815,Proctor-Taylor,NC-INTEGRATION,Nexus Integration,1,0.8592009509417956,1,Critical
SUB-00006246,CUST-001815,Proctor-Taylor,NC-WAREHOUSE,Nexus Data Warehouse,1,0.8107536441763463,1,Critical
SUB-00006247,CUST-001815,Proctor-Taylor,NC-SECURITY,Nexus Cloud Security,0,0.2842964413921785,0,Medium
SUB-00006248,CUST-001816,May Group,NC-AIMODEL,Nexus AI Models,1,0.8128527347051383,1,Critical
SUB-00006249,CUST-001816,May Group,NC-CONTAINER,Nexus Container Platform,0,0.5125801370651388,1,High
SUB-00006250,CUST-001816,May Group,NC-ANALYTICS,Nexus Analytics,1,0.825596883326337,1,Critical
SUB-00006251,CUST-001816,May Group,NC-INTEGRATION,Nexus Integration,1,0.8050650874796208,1,Critical
SUB-00006252,CUST-001817,English-Dominguez,NC-STORAGE,Nexus Storage,0,0.21158286293998677,0,Low
SUB-00006253,CUST-001817,English-Dominguez,NC-ANALYTICS,Nexus Analytics,1,0.5191662956471229,1,High
SUB-00006254,CUST-001817,English-Dominguez,NC-SECURITY,Nexus Cloud Security,1,0.5149607115507986,1,High
SUB-00006255,CUST-001817,English-Dominguez,NC-WAREHOUSE,Nexus Data Warehouse,1,0.8076225289751593,1,Critical
SUB-00006256,CUST-001818,Hanson-Gibson,NC-INTEGRATION,Nexus Integration,1,0.7888994777121732,1,Critical
SUB-00006257,CUST-001818,Hanson-Gibson,NC-CONTAINER,Nexus Container Platform,1,0.7887012585057882,1,Critical
SUB-00006258,CUST-001818,Hanson-Gibson,NC-SQL,Nexus SQL Database,1,0.7825491270488996,1,Critical
SUB-00006259,CUST-001819,Arnold-Cole,NC-WAREHOUSE,Nexus Data Warehouse,0,0.2260317995150817,0,Low
SUB-00006260,CUST-001820,Perez-Coleman,NC-WAREHOUSE,Nexus Data Warehouse,0,0.7860110062404038,1,Critical
SUB-00006261,CUST-001820,Perez-Coleman,NC-ANALYTICS,Nexus Analytics,1,0.7909222582710319,1,Critical
SUB-00006262,CUST-001821,Lane Ltd,NC-SQL,Nexus SQL Database,0,0.1782489361032061,0,Low
SUB-00006263,CUST-001821,Lane Ltd,NC-SECURITY,Nexus Cloud Security,1,0.8308236478023916,1,Critical
SUB-00006264,CUST-001821,Lane Ltd,NC-INTEGRATION,Nexus Integration,0,0.20167497532159231,0,Low
SUB-00006265,CUST-001821,Lane Ltd,NC-COMPUTE,Nexus Compute,0,0.517140518446128,1,High
SUB-00006266,CUST-001821,Lane Ltd,NC-WAREHOUSE,Nexus Data Warehouse,1,0.5426369346379929,1,High
SUB-00006267,CUST-001822,Joseph LLC,NC-ANALYTICS,Nexus Analytics,0,0.21421590885453312,0,Low
SUB-00006268,CUST-001822,Joseph LLC,NC-CONTAINER,Nexus Container Platform,1,0.5480835224942449,1,High
SUB-00006269,CUST-001823,House-Johnston,NC-ANALYTICS,Nexus Analytics,1,0.8524416996964176,1,Critical
SUB-00006270,CUST-001823,House-Johnston,NC-SECURITY,Nexus Cloud Security,0,0.838356517894553,1,Critical
SUB-00006271,CUST-001823,House-Johnston,NC-WAREHOUSE,Nexus Data Warehouse,0,0.23390949608376502,0,Low
SUB-00006272,CUST-001823,House-Johnston,NC-COMPUTE,Nexus Compute,0,0.23681742826679203,0,Low
SUB-00006273,CUST-001823,House-Johnston,NC-STORAGE,Nexus Storage,0,0.24654410222399,0,Low
SUB-00006274,CUST-001824,Good PLC,NC-SECURITY,Nexus Cloud Security,0,0.23909999544734314,0,Low
SUB-00006275,CUST-001824,Good PLC,NC-COMPUTE,Nexus Compute,1,0.5742720897066546,1,High
SUB-00006276,CUST-001824,Good PLC,NC-AIMODEL,Nexus AI Models,1,0.8657005392434538,1,Critical
SUB-00006277,CUST-001825,Bush-Wilson,NC-SECURITY,Nexus Cloud Security,0,0.22396987403969015,0,Low
SUB-00006278,CUST-001825,Bush-Wilson,NC-COMPUTE,Nexus Compute,0,0.5336269646987486,1,High
SUB-00006279,CUST-001825,Bush-Wilson,NC-SQL,Nexus SQL Database,1,0.8242860105641335,1,Critical
SUB-00006280,CUST-001826,Nixon-Miller,NC-WAREHOUSE,Nexus Data Warehouse,0,0.1874978975319724,0,Low
SUB-00006281,CUST-001826,Nixon-Miller,NC-STORAGE,Nexus Storage,0,0.1864202102821898,0,Low
SUB-00006282,CUST-001826,Nixon-Miller,NC-INTEGRATION,Nexus Integration,1,0.795553231341656,1,Critical
SUB-00006283,CUST-001827,"Simon, Terrell and Terrell",NC-SQL,Nexus SQL Database,0,0.5107999865208445,1,High
SUB-00006284,CUST-001828,Marshall-Miller,NC-AIMODEL,Nexus AI Models,1,0.8418306812646205,1,Critical
SUB-00006285,CUST-001828,Marshall-Miller,NC-STORAGE,Nexus Storage,1,0.5576784597440495,1,High
SUB-00006286,CUST-001829,"Davis, Kennedy and Harmon",NC-ANALYTICS,Nexus Analytics,0,0.22058929032026045,0,Low
SUB-00006287,CUST-001829,"Davis, Kennedy and Harmon",NC-COMPUTE,Nexus Compute,1,0.8295483889065077,1,Critical
SUB-00006288,CUST-001829,"Davis, Kennedy and Harmon",NC-STORAGE,Nexus Storage,0,0.5576344313002547,1,High
SUB-00006289,CUST-001829,"Davis, Kennedy and Harmon",NC-SQL,Nexus SQL Database,0,0.2367316856285833,0,Low
SUB-00006290,CUST-001830,"Miller, Schultz and Yates",NC-ANALYTICS,Nexus Analytics,1,0.17462288379972013,0,Low
SUB-00006291,CUST-001830,"Miller, Schultz and Yates",NC-WAREHOUSE,Nexus Data Warehouse,1,0.7838579014261293,1,Critical
SUB-00006292,CUST-001830,"Miller, Schultz and Yates",NC-INTEGRATION,Nexus Integration,1,0.188745936401261,0,Low
SUB-00006293,CUST-001831,Austin-Berger,NC-SECURITY,Nexus Cloud Security,1,0.471041473669098,0,Medium
SUB-00006294,CUST-001832,"Osborne, Harrison and Hunt",NC-SECURITY,Nexus Cloud Security,1,0.5415029432798273,1,High
SUB-00006295,CUST-001832,"Osborne, Harrison and Hunt",NC-STORAGE,Nexus Storage,1,0.5385834915894671,1,High
SUB-00006296,CUST-001833,Berry-Rivera,NC-CONTAINER,Nexus Container Platform,0,0.20405003913898467,0,Low
SUB-00006297,CUST-001833,Berry-Rivera,NC-STORAGE,Nexus Storage,0,0.21869961116462058,0,Low
SUB-00006298,CUST-001833,Berry-Rivera,NC-INTEGRATION,Nexus Integration,0,0.8264323712675185,1,Critical
SUB-00006299,CUST-001834,Yu-Yates,NC-STORAGE,Nexus Storage,0,0.19162171584223306,0,Low
SUB-00006300,CUST-001834,Yu-Yates,NC-SECURITY,Nexus Cloud Security,1,0.8152710047274446,1,Critical
SUB-00006301,CUST-001834,Yu-Yates,NC-WAREHOUSE,Nexus Data Warehouse,1,0.8075965345506515,1,Critical
SUB-00006302,CUST-001834,Yu-Yates,NC-COMPUTE,Nexus Compute,0,0.20573528024247698,0,Low
SUB-00006303,CUST-001834,Yu-Yates,NC-INTEGRATION,Nexus Integration,0,0.20531982493374304,0,Low
SUB-00006304,CUST-001835,Jackson-Neal,NC-WAREHOUSE,Nexus Data Warehouse,1,0.8387615940864978,1,Critical
SUB-00006305,CUST-001835,Jackson-Neal,NC-SQL,Nexus SQL Database,1,0.5453118911586186,1,High
SUB-00006306,CUST-001835,Jackson-Neal,NC-INTEGRATION,Nexus Integration,1,0.2195640726784236,0,Low
SUB-00006307,CUST-001835,Jackson-Neal,NC-ANALYTICS,Nexus Analytics,1,0.5464585792860505,1,High
SUB-00006308,CUST-001835,Jackson-Neal,NC-STORAGE,Nexus Storage,1,0.8283938246278973,1,Critical
SUB-00006309,CUST-001835,Jackson-Neal,NC-CONTAINER,Nexus Container Platform,1,0.23944221475414285,0,Low
SUB-00006310,CUST-001836,"Curry, Acosta and Elliott",NC-SQL,Nexus SQL Database,1,0.8164853159773174,1,Critical
SUB-00006311,CUST-001836,"Curry, Acosta and Elliott",NC-AISEARCH,Nexus AI Search,0,0.5098564233579181,1,High
SUB-00006312,CUST-001836,"Curry, Acosta and Elliott",NC-COMPUTE,Nexus Compute,1,0.5226098550827409,1,High
SUB-00006313,CUST-001837,Soto PLC,NC-CONTAINER,Nexus Container Platform,1,0.8346401540674084,1,Critical
SUB-00006314,CUST-001838,Berry Ltd,NC-AIMODEL,Nexus AI Models,1,0.8451778377463759,1,Critical
SUB-00006315,CUST-001839,Lamb-Weber,NC-STORAGE,Nexus Storage,0,0.1940489345462602,0,Low
SUB-00006316,CUST-001840,Washington-Martinez,NC-CONTAINER,Nexus Container Platform,0,0.48008135416998415,0,Medium
SUB-00006317,CUST-001840,Washington-Martinez,NC-WAREHOUSE,Nexus Data Warehouse,0,0.19356231566078896,0,Low
SUB-00006318,CUST-001840,Washington-Martinez,NC-ANALYTICS,Nexus Analytics,1,0.7762202315181709,1,Critical
SUB-00006319,CUST-001840,Washington-Martinez,NC-SECURITY,Nexus Cloud Security,1,0.8054959963950437,1,Critical
SUB-00006320,CUST-001840,Washington-Martinez,NC-STORAGE,Nexus Storage,1,0.5324938533383281,1,High
SUB-00006321,CUST-001840,Washington-Martinez,NC-INTEGRATION,Nexus Integration,0,0.8064170591597527,1,Critical
SUB-00006322,CUST-001840,Washington-Martinez,NC-SQL,Nexus SQL Database,0,0.4672181068356287,0,Medium
SUB-00006323,CUST-001840,Washington-Martinez,NC-COMPUTE,Nexus Compute,1,0.5294870734745134,1,High
SUB-00006324,CUST-001841,York LLC,NC-ANALYTICS,Nexus Analytics,0,0.5255681124453715,1,High
SUB-00006325,CUST-001842,Anderson-Campbell,NC-SQL,Nexus SQL Database,0,0.47756633875606636,0,Medium
SUB-00006326,CUST-001842,Anderson-Campbell,NC-INTEGRATION,Nexus Integration,1,0.7743854849808323,1,Critical
SUB-00006327,CUST-001843,Smith-Rodriguez,NC-AISEARCH,Nexus AI Search,0,0.4597820973261008,0,Medium
SUB-00006328,CUST-001843,Smith-Rodriguez,NC-SQL,Nexus SQL Database,0,0.1727659522533872,0,Low
SUB-00006329,CUST-001843,Smith-Rodriguez,NC-COMPUTE,Nexus Compute,1,0.8123336095665479,1,Critical
SUB-00006330,CUST-001843,Smith-Rodriguez,NC-INTEGRATION,Nexus Integration,0,0.5049007982373134,1,High
SUB-00006331,CUST-001843,Smith-Rodriguez,NC-WAREHOUSE,Nexus Data Warehouse,1,0.4983114532198011,0,Medium
SUB-00006332,CUST-001844,Kent Ltd,NC-STORAGE,Nexus Storage,1,0.20102883702570293,0,Low
SUB-00006333,CUST-001844,Kent Ltd,NC-INTEGRATION,Nexus Integration,1,0.8203973538520088,1,Critical
SUB-00006334,CUST-001845,Hopkins LLC,NC-ANALYTICS,Nexus Analytics,1,0.8264834365547088,1,Critical
SUB-00006335,CUST-001845,Hopkins LLC,NC-CONTAINER,Nexus Container Platform,1,0.5254900598346827,1,High
SUB-00006336,CUST-001846,Green Ltd,NC-COMPUTE,Nexus Compute,0,0.1911237489464388,0,Low
SUB-00006337,CUST-001846,Green Ltd,NC-SECURITY,Nexus Cloud Security,1,0.7934130188469497,1,Critical
SUB-00006338,CUST-001846,Green Ltd,NC-SQL,Nexus SQL Database,1,0.18999330135380113,0,Low
SUB-00006339,CUST-001846,Green Ltd,NC-CONTAINER,Nexus Container Platform,1,0.19798912571991617,0,Low
SUB-00006340,CUST-001846,Green Ltd,NC-STORAGE,Nexus Storage,1,0.49424445827457575,0,Medium
SUB-00006341,CUST-001846,Green Ltd,NC-ANALYTICS,Nexus Analytics,1,0.8000195641459723,1,Critical
SUB-00006342,CUST-001846,Green Ltd,NC-WAREHOUSE,Nexus Data Warehouse,0,0.18978752854844153,0,Low
SUB-00006343,CUST-001847,Washington PLC,NC-WAREHOUSE,Nexus Data Warehouse,1,0.8216949094480807,1,Critical
SUB-00006344,CUST-001847,Washington PLC,NC-STORAGE,Nexus Storage,0,0.22322902278080697,0,Low
SUB-00006345,CUST-001847,Washington PLC,NC-INTEGRATION,Nexus Integration,1,0.8292097735423511,1,Critical
SUB-00006346,CUST-001847,Washington PLC,NC-ANALYTICS,Nexus Analytics,0,0.540102403692631,1,High
SUB-00006347,CUST-001847,Washington PLC,NC-SQL,Nexus SQL Database,0,0.5365736032884088,1,High
SUB-00006348,CUST-001847,Washington PLC,NC-CONTAINER,Nexus Container Platform,0,0.2192941611578975,0,Low
SUB-00006349,CUST-001847,Washington PLC,NC-COMPUTE,Nexus Compute,1,0.8305876258956341,1,Critical
SUB-00006350,CUST-001848,Cooper Inc,NC-WAREHOUSE,Nexus Data Warehouse,1,0.796026792724262,1,Critical
SUB-00006351,CUST-001848,Cooper Inc,NC-COMPUTE,Nexus Compute,0,0.4940879337561359,0,Medium
SUB-00006352,CUST-001849,Larson and Sons,NC-CONTAINER,Nexus Container Platform,1,0.18500530275911345,0,Low
SUB-00006353,CUST-001849,Larson and Sons,NC-SECURITY,Nexus Cloud Security,1,0.1838341913188143,0,Low
SUB-00006354,CUST-001849,Larson and Sons,NC-INTEGRATION,Nexus Integration,1,0.46577846503521453,0,Medium
SUB-00006355,CUST-001849,Larson and Sons,NC-SQL,Nexus SQL Database,1,0.48893674380994767,0,Medium
SUB-00006356,CUST-001849,Larson and Sons,NC-WAREHOUSE,Nexus Data Warehouse,0,0.5000898114318397,1,High
SUB-00006357,CUST-001849,Larson and Sons,NC-STORAGE,Nexus Storage,0,0.49162555552977166,0,Medium
SUB-00006358,CUST-001849,Larson and Sons,NC-COMPUTE,Nexus Compute,1,0.794084579590044,1,Critical
SUB-00006359,CUST-001850,Mullins-Gutierrez,NC-SQL,Nexus SQL Database,0,0.5642596151446773,1,High
SUB-00006360,CUST-001850,Mullins-Gutierrez,NC-CONTAINER,Nexus Container Platform,0,0.22341200075978335,0,Low
SUB-00006361,CUST-001850,Mullins-Gutierrez,NC-WAREHOUSE,Nexus Data Warehouse,0,0.22737697980997001,0,Low
SUB-00006362,CUST-001851,Young-Alexander,NC-STORAGE,Nexus Storage,1,0.7935712693619754,1,Critical
SUB-00006363,CUST-001851,Young-Alexander,NC-SECURITY,Nexus Cloud Security,0,0.1891513128571543,0,Low
SUB-00006364,CUST-001852,"Jackson, Lane and Wilkinson",NC-AISEARCH,Nexus AI Search,0,0.5857694654787055,1,High
SUB-00006365,CUST-001852,"Jackson, Lane and Wilkinson",NC-STORAGE,Nexus Storage,1,0.8327574879120497,1,Critical
SUB-00006366,CUST-001852,"Jackson, Lane and Wilkinson",NC-CONTAINER,Nexus Container Platform,1,0.5517834281616454,1,High
SUB-00006367,CUST-001853,May Inc,NC-WAREHOUSE,Nexus Data Warehouse,0,0.797500684449959,1,Critical
SUB-00006368,CUST-001853,May Inc,NC-STORAGE,Nexus Storage,0,0.759333043935854,1,Critical
SUB-00006369,CUST-001853,May Inc,NC-CONTAINER,Nexus Container Platform,0,0.5052245020627233,1,High
SUB-00006370,CUST-001853,May Inc,NC-ANALYTICS,Nexus Analytics,0,0.7630413349232191,1,Critical
SUB-00006371,CUST-001853,May Inc,NC-INTEGRATION,Nexus Integration,0,0.20633892199891654,0,Low
SUB-00006372,CUST-001853,May Inc,NC-COMPUTE,Nexus Compute,0,0.49380415430093005,0,Medium
SUB-00006373,CUST-001853,May Inc,NC-SECURITY,Nexus Cloud Security,0,0.7904316910605294,1,Critical
SUB-00006374,CUST-001853,May Inc,NC-SQL,Nexus SQL Database,0,0.5510311705598574,1,High
SUB-00006375,CUST-001854,Jackson Group,NC-AIMODEL,Nexus AI Models,0,0.5345668030430117,1,High
SUB-00006376,CUST-001854,Jackson Group,NC-AISEARCH,Nexus AI Search,1,0.8267967589606758,1,Critical
SUB-00006377,CUST-001854,Jackson Group,NC-CONTAINER,Nexus Container Platform,0,0.5326756765161339,1,High
SUB-00006378,CUST-001855,Turner-Reese,NC-STORAGE,Nexus Storage,0,0.16620167361802232,0,Low
SUB-00006379,CUST-001855,Turner-Reese,NC-SQL,Nexus SQL Database,1,0.45698663170427406,0,Medium
SUB-00006380,CUST-001855,Turner-Reese,NC-CONTAINER,Nexus Container Platform,0,0.45282717506214243,0,Medium
SUB-00006381,CUST-001856,"Hall, Vega and Price",NC-SECURITY,Nexus Cloud Security,1,0.23832961257144036,0,Low
SUB-00006382,CUST-001856,"Hall, Vega and Price",NC-INTEGRATION,Nexus Integration,1,0.8341434467587986,1,Critical
SUB-00006383,CUST-001856,"Hall, Vega and Price",NC-ANALYTICS,Nexus Analytics,0,0.22859064553376993,0,Low
SUB-00006384,CUST-001857,Thomas-Berg,NC-AISEARCH,Nexus AI Search,1,0.5377203592683562,1,High
SUB-00006385,CUST-001857,Thomas-Berg,NC-CONTAINER,Nexus Container Platform,1,0.5030568224728206,1,High
SUB-00006386,CUST-001858,Roberts Group,NC-COMPUTE,Nexus Compute,1,0.7973467479291968,1,Critical
SUB-00006387,CUST-001858,Roberts Group,NC-SECURITY,Nexus Cloud Security,0,0.5060970424112714,1,High
SUB-00006388,CUST-001858,Roberts Group,NC-WAREHOUSE,Nexus Data Warehouse,1,0.48945006170110333,0,Medium
SUB-00006389,CUST-001859,Gregory-Nixon,NC-SECURITY,Nexus Cloud Security,1,0.8181137434992425,1,Critical
SUB-00006390,CUST-001859,Gregory-Nixon,NC-WAREHOUSE,Nexus Data Warehouse,1,0.518421249377325,1,High
SUB-00006391,CUST-001859,Gregory-Nixon,NC-COMPUTE,Nexus Compute,1,0.5216572646360013,1,High
SUB-00006392,CUST-001860,"Blanchard, Davis and Schmidt",NC-SECURITY,Nexus Cloud Security,0,0.23839730914892232,0,Low
SUB-00006393,CUST-001860,"Blanchard, Davis and Schmidt",NC-SQL,Nexus SQL Database,1,0.83453309894909,1,Critical
SUB-00006394,CUST-001860,"Blanchard, Davis and Schmidt",NC-STORAGE,Nexus Storage,0,0.5486449089064673,1,High
SUB-00006395,CUST-001860,"Blanchard, Davis and Schmidt",NC-ANALYTICS,Nexus Analytics,0,0.5679221472991104,1,High
SUB-00006396,CUST-001860,"Blanchard, Davis and Schmidt",NC-INTEGRATION,Nexus Integration,1,0.22832750227554696,0,Low
SUB-00006397,CUST-001860,"Blanchard, Davis and Schmidt",NC-AISEARCH,Nexus AI Search,1,0.849078982663174,1,Critical
SUB-00006398,CUST-001860,"Blanchard, Davis and Schmidt",NC-AIMODEL,Nexus AI Models,1,0.8279951312256508,1,Critical
SUB-00006399,CUST-001861,Blanchard-Reynolds,NC-STORAGE,Nexus Storage,0,0.8103181138362661,1,Critical
SUB-00006400,CUST-001862,"Garrison, Rogers and Adams",NC-INTEGRATION,Nexus Integration,1,0.7994228964058357,1,Critical
SUB-00006401,CUST-001862,"Garrison, Rogers and Adams",NC-WAREHOUSE,Nexus Data Warehouse,0,0.1989328228823292,0,Low
SUB-00006402,CUST-001863,Scott PLC,NC-STORAGE,Nexus Storage,0,0.19527564936665623,0,Low
SUB-00006403,CUST-001863,Scott PLC,NC-COMPUTE,Nexus Compute,0,0.19721136434833783,0,Low
SUB-00006404,CUST-001863,Scott PLC,NC-CONTAINER,Nexus Container Platform,1,0.5057797634331336,1,High
SUB-00006405,CUST-001863,Scott PLC,NC-SECURITY,Nexus Cloud Security,1,0.8055177417325399,1,Critical
SUB-00006406,CUST-001864,Murray-Leonard,NC-INTEGRATION,Nexus Integration,0,0.1901968966160485,0,Low
SUB-00006407,CUST-001864,Murray-Leonard,NC-CONTAINER,Nexus Container Platform,0,0.21107193985664321,0,Low
SUB-00006408,CUST-001864,Murray-Leonard,NC-WAREHOUSE,Nexus Data Warehouse,1,0.8155862552050231,1,Critical
SUB-00006409,CUST-001865,Navarro PLC,NC-ANALYTICS,Nexus Analytics,0,0.17860622214661337,0,Low
SUB-00006410,CUST-001865,Navarro PLC,NC-WAREHOUSE,Nexus Data Warehouse,0,0.17957747663808482,0,Low
SUB-00006411,CUST-001865,Navarro PLC,NC-INTEGRATION,Nexus Integration,0,0.1913312146342821,0,Low
SUB-00006412,CUST-001865,Navarro PLC,NC-COMPUTE,Nexus Compute,1,0.8033818837267798,1,Critical
SUB-00006413,CUST-001865,Navarro PLC,NC-SQL,Nexus SQL Database,0,0.4969518037883168,0,Medium
SUB-00006414,CUST-001866,Meyer Ltd,NC-SQL,Nexus SQL Database,1,0.8107233449481798,1,Critical
SUB-00006415,CUST-001866,Meyer Ltd,NC-INTEGRATION,Nexus Integration,0,0.19777518917231016,0,Low
SUB-00006416,CUST-001866,Meyer Ltd,NC-WAREHOUSE,Nexus Data Warehouse,1,0.8126455837544636,1,Critical
SUB-00006417,CUST-001866,Meyer Ltd,NC-COMPUTE,Nexus Compute,1,0.7888400184009215,1,Critical
SUB-00006418,CUST-001866,Meyer Ltd,NC-ANALYTICS,Nexus Analytics,1,0.18765278062210772,0,Low
SUB-00006419,CUST-001866,Meyer Ltd,NC-CONTAINER,Nexus Container Platform,0,0.478464399663456,0,Medium
SUB-00006420,CUST-001866,Meyer Ltd,NC-SECURITY,Nexus Cloud Security,0,0.17861368036440162,0,Low
SUB-00006421,CUST-001867,"Kaiser, Edwards and Smith",NC-SQL,Nexus SQL Database,1,0.7981931556838299,1,Critical
SUB-00006422,CUST-001867,"Kaiser, Edwards and Smith",NC-COMPUTE,Nexus Compute,1,0.8058561232372167,1,Critical
SUB-00006423,CUST-001867,"Kaiser, Edwards and Smith",NC-SECURITY,Nexus Cloud Security,0,0.48029473610327905,0,Medium
SUB-00006424,CUST-001868,Decker Inc,NC-INTEGRATION,Nexus Integration,1,0.8379277894111667,1,Critical
SUB-00006425,CUST-001869,Davis-Garcia,NC-STORAGE,Nexus Storage,0,0.22554101555091868,0,Low
SUB-00006426,CUST-001869,Davis-Garcia,NC-INTEGRATION,Nexus Integration,0,0.2396023339943956,0,Low
SUB-00006427,CUST-001869,Davis-Garcia,NC-ANALYTICS,Nexus Analytics,1,0.5426482169035816,1,High
SUB-00006428,CUST-001869,Davis-Garcia,NC-COMPUTE,Nexus Compute,1,0.5404798649211804,1,High
SUB-00006429,CUST-001869,Davis-Garcia,NC-SQL,Nexus SQL Database,1,0.5432471851090689,1,High
SUB-00006430,CUST-001869,Davis-Garcia,NC-SECURITY,Nexus Cloud Security,0,0.22214306642381312,0,Low
SUB-00006431,CUST-001870,Bell-Hardy,NC-STORAGE,Nexus Storage,0,0.23823632174781195,0,Low
SUB-00006432,CUST-001870,Bell-Hardy,NC-CONTAINER,Nexus Container Platform,0,0.22892906113526618,0,Low
SUB-00006433,CUST-001870,Bell-Hardy,NC-SECURITY,Nexus Cloud Security,1,0.8421144371965648,1,Critical
SUB-00006434,CUST-001871,Lee-Johnson,NC-STORAGE,Nexus Storage,0,0.498091432046737,0,Medium
SUB-00006435,CUST-001871,Lee-Johnson,NC-WAREHOUSE,Nexus Data Warehouse,0,0.20687243755852988,0,Low
SUB-00006436,CUST-001871,Lee-Johnson,NC-COMPUTE,Nexus Compute,0,0.5184435738027504,1,High
SUB-00006437,CUST-001871,Lee-Johnson,NC-ANALYTICS,Nexus Analytics,0,0.19830417040807322,0,Low
SUB-00006438,CUST-001872,Brown PLC,NC-SECURITY,Nexus Cloud Security,1,0.7991629476858076,1,Critical
SUB-00006439,CUST-001872,Brown PLC,NC-CONTAINER,Nexus Container Platform,0,0.19188120492388666,0,Low
SUB-00006440,CUST-001872,Brown PLC,NC-WAREHOUSE,Nexus Data Warehouse,0,0.5558884756726874,1,High
SUB-00006441,CUST-001872,Brown PLC,NC-SQL,Nexus SQL Database,1,0.857406085445262,1,Critical
SUB-00006442,CUST-001872,Brown PLC,NC-STORAGE,Nexus Storage,0,0.5143148962425812,1,High
SUB-00006443,CUST-001872,Brown PLC,NC-AISEARCH,Nexus AI Search,1,0.4838729971264939,0,Medium
SUB-00006444,CUST-001872,Brown PLC,NC-INTEGRATION,Nexus Integration,1,0.8112746925603517,1,Critical
SUB-00006445,CUST-001872,Brown PLC,NC-AIMODEL,Nexus AI Models,0,0.17171321899043865,0,Low
SUB-00006446,CUST-001873,"Shannon, Robinson and Greene",NC-AIMODEL,Nexus AI Models,1,0.5562545684944954,1,High
SUB-00006447,CUST-001873,"Shannon, Robinson and Greene",NC-CONTAINER,Nexus Container Platform,1,0.21737389905264065,0,Low
SUB-00006448,CUST-001873,"Shannon, Robinson and Greene",NC-INTEGRATION,Nexus Integration,1,0.8270675764921984,1,Critical
SUB-00006449,CUST-001874,Erickson Inc,NC-ANALYTICS,Nexus Analytics,1,0.832551012185372,1,Critical
SUB-00006450,CUST-001874,Erickson Inc,NC-SECURITY,Nexus Cloud Security,1,0.8330085750719423,1,Critical
SUB-00006451,CUST-001874,Erickson Inc,NC-INTEGRATION,Nexus Integration,1,0.23393716236805848,0,Low
SUB-00006452,CUST-001874,Erickson Inc,NC-CONTAINER,Nexus Container Platform,1,0.5433968757099478,1,High
SUB-00006453,CUST-001875,Gates and Sons,NC-ANALYTICS,Nexus Analytics,0,0.252890518302643,0,Medium
SUB-00006454,CUST-001875,Gates and Sons,NC-COMPUTE,Nexus Compute,1,0.8403129688868021,1,Critical
SUB-00006455,CUST-001875,Gates and Sons,NC-WAREHOUSE,Nexus Data Warehouse,0,0.24131474580609052,0,Low
SUB-00006456,CUST-001875,Gates and Sons,NC-SECURITY,Nexus Cloud Security,0,0.246462835294436,0,Low
SUB-00006457,CUST-001876,Douglas-Yoder,NC-SECURITY,Nexus Cloud Security,1,0.8421337424467777,1,Critical
SUB-00006458,CUST-001876,Douglas-Yoder,NC-SQL,Nexus SQL Database,0,0.23083023033751449,0,Low
SUB-00006459,CUST-001877,"Pratt, Lopez and Rodriguez",NC-SECURITY,Nexus Cloud Security,0,0.21343174233195528,0,Low
SUB-00006460,CUST-001877,"Pratt, Lopez and Rodriguez",NC-CONTAINER,Nexus Container Platform,0,0.20368974274549415,0,Low
SUB-00006461,CUST-001877,"Pratt, Lopez and Rodriguez",NC-SQL,Nexus SQL Database,0,0.22594288724502642,0,Low
SUB-00006462,CUST-001877,"Pratt, Lopez and Rodriguez",NC-COMPUTE,Nexus Compute,1,0.20908540502081052,0,Low
SUB-00006463,CUST-001877,"Pratt, Lopez and Rodriguez",NC-WAREHOUSE,Nexus Data Warehouse,1,0.5438359761304496,1,High
SUB-00006464,CUST-001878,King Group,NC-SQL,Nexus SQL Database,1,0.528308561914414,1,High
SUB-00006465,CUST-001878,King Group,NC-ANALYTICS,Nexus Analytics,1,0.8111375688601433,1,Critical
SUB-00006466,CUST-001879,"Mayer, Fowler and Livingston",NC-SECURITY,Nexus Cloud Security,1,0.8174327685194468,1,Critical
SUB-00006467,CUST-001879,"Mayer, Fowler and Livingston",NC-COMPUTE,Nexus Compute,1,0.5221621446020945,1,High
SUB-00006468,CUST-001879,"Mayer, Fowler and Livingston",NC-ANALYTICS,Nexus Analytics,0,0.20965495265727618,0,Low
SUB-00006469,CUST-001879,"Mayer, Fowler and Livingston",NC-WAREHOUSE,Nexus Data Warehouse,1,0.8186971143437914,1,Critical
SUB-00006470,CUST-001879,"Mayer, Fowler and Livingston",NC-SQL,Nexus SQL Database,1,0.8287180977322173,1,Critical
SUB-00006471,CUST-001880,Hammond-Schwartz,NC-SQL,Nexus SQL Database,1,0.8365286859168386,1,Critical
SUB-00006472,CUST-001880,Hammond-Schwartz,NC-STORAGE,Nexus Storage,1,0.20952477908513353,0,Low
SUB-00006473,CUST-001881,"Carrillo, Morris and Martin",NC-STORAGE,Nexus Storage,1,0.8022253416950409,1,Critical
SUB-00006474,CUST-001881,"Carrillo, Morris and Martin",NC-WAREHOUSE,Nexus Data Warehouse,0,0.19677618883171977,0,Low
SUB-00006475,CUST-001881,"Carrillo, Morris and Martin",NC-COMPUTE,Nexus Compute,1,0.8059615162011424,1,Critical
SUB-00006476,CUST-001882,Ramirez Inc,NC-INTEGRATION,Nexus Integration,0,0.8311274105080813,1,Critical
SUB-00006477,CUST-001882,Ramirez Inc,NC-SECURITY,Nexus Cloud Security,0,0.5436221903758096,1,High
SUB-00006478,CUST-001882,Ramirez Inc,NC-ANALYTICS,Nexus Analytics,0,0.5481999064488274,1,High
SUB-00006479,CUST-001882,Ramirez Inc,NC-WAREHOUSE,Nexus Data Warehouse,1,0.5586413105785846,1,High
SUB-00006480,CUST-001882,Ramirez Inc,NC-CONTAINER,Nexus Container Platform,0,0.5304609239365862,1,High
SUB-00006481,CUST-001883,Price-Ferrell,NC-COMPUTE,Nexus Compute,0,0.2024645546937475,0,Low
SUB-00006482,CUST-001884,Sosa-Baker,NC-COMPUTE,Nexus Compute,0,0.5147064528707109,1,High
SUB-00006483,CUST-001884,Sosa-Baker,NC-INTEGRATION,Nexus Integration,0,0.5180764697522412,1,High
SUB-00006484,CUST-001884,Sosa-Baker,NC-CONTAINER,Nexus Container Platform,1,0.8165668148632796,1,Critical
SUB-00006485,CUST-001885,Jones-Krause,NC-SECURITY,Nexus Cloud Security,1,0.5314245772898913,1,High
SUB-00006486,CUST-001886,Bishop and Sons,NC-WAREHOUSE,Nexus Data Warehouse,1,0.8157520404695996,1,Critical
SUB-00006487,CUST-001886,Bishop and Sons,NC-SQL,Nexus SQL Database,1,0.5300909217162929,1,High
SUB-00006488,CUST-001886,Bishop and Sons,NC-STORAGE,Nexus Storage,0,0.21141591246288868,0,Low
SUB-00006489,CUST-001886,Bishop and Sons,NC-CONTAINER,Nexus Container Platform,0,0.20232059709209685,0,Low
SUB-00006490,CUST-001887,"Vasquez, Thomas and Mack",NC-ANALYTICS,Nexus Analytics,1,0.5413771574255076,1,High
SUB-00006491,CUST-001887,"Vasquez, Thomas and Mack",NC-COMPUTE,Nexus Compute,0,0.20527159516330115,0,Low
SUB-00006492,CUST-001888,Mendez Inc,NC-CONTAINER,Nexus Container Platform,0,0.22849014176642027,0,Low
SUB-00006493,CUST-001888,Mendez Inc,NC-COMPUTE,Nexus Compute,1,0.23805307501669318,0,Low
SUB-00006494,CUST-001889,Baldwin-Garcia,NC-ANALYTICS,Nexus Analytics,1,0.8253772140172351,1,Critical
SUB-00006495,CUST-001889,Baldwin-Garcia,NC-WAREHOUSE,Nexus Data Warehouse,1,0.529839528642872,1,High
SUB-00006496,CUST-001889,Baldwin-Garcia,NC-COMPUTE,Nexus Compute,0,0.2176994951288894,0,Low
SUB-00006497,CUST-001889,Baldwin-Garcia,NC-STORAGE,Nexus Storage,1,0.8231699926707207,1,Critical
SUB-00006498,CUST-001890,Jones Ltd,NC-COMPUTE,Nexus Compute,1,0.8099460606163436,1,Critical
SUB-00006499,CUST-001890,Jones Ltd,NC-SECURITY,Nexus Cloud Security,1,0.5086654593926022,1,High
SUB-00006500,CUST-001890,Jones Ltd,NC-SQL,Nexus SQL Database,0,0.2059967578014515,0,Low
SUB-00006501,CUST-001890,Jones Ltd,NC-STORAGE,Nexus Storage,0,0.20140549287548876,0,Low
SUB-00006502,CUST-001891,Waters-Smith,NC-STORAGE,Nexus Storage,1,0.5566470543383606,1,High
SUB-00006503,CUST-001891,Waters-Smith,NC-ANALYTICS,Nexus Analytics,1,0.24976997795309588,0,Low
SUB-00006504,CUST-001891,Waters-Smith,NC-INTEGRATION,Nexus Integration,1,0.8397526026794894,1,Critical
SUB-00006505,CUST-001891,Waters-Smith,NC-WAREHOUSE,Nexus Data Warehouse,0,0.5602764137441549,1,High
SUB-00006506,CUST-001891,Waters-Smith,NC-COMPUTE,Nexus Compute,1,0.843777790545403,1,Critical
SUB-00006507,CUST-001892,Hernandez-Bowman,NC-SECURITY,Nexus Cloud Security,0,0.5019760366290072,1,High
SUB-00006508,CUST-001892,Hernandez-Bowman,NC-INTEGRATION,Nexus Integration,1,0.19385163241060194,0,Low
SUB-00006509,CUST-001893,Ortega LLC,NC-CONTAINER,Nexus Container Platform,0,0.20899898598004552,0,Low
SUB-00006510,CUST-001893,Ortega LLC,NC-SECURITY,Nexus Cloud Security,1,0.8267560591024088,1,Critical
SUB-00006511,CUST-001894,Graves Group,NC-WAREHOUSE,Nexus Data Warehouse,0,0.5110017048778938,1,High
SUB-00006512,CUST-001894,Graves Group,NC-SECURITY,Nexus Cloud Security,0,0.5200389976024958,1,High
SUB-00006513,CUST-001894,Graves Group,NC-SQL,Nexus SQL Database,1,0.8237976248619612,1,Critical
SUB-00006514,CUST-001894,Graves Group,NC-CONTAINER,Nexus Container Platform,1,0.8209833212681109,1,Critical
SUB-00006515,CUST-001894,Graves Group,NC-ANALYTICS,Nexus Analytics,0,0.8111662330364118,1,Critical
SUB-00006516,CUST-001895,"Smith, Zimmerman and Wise",NC-AIMODEL,Nexus AI Models,0,0.21349565788144212,0,Low
SUB-00006517,CUST-001895,"Smith, Zimmerman and Wise",NC-ANALYTICS,Nexus Analytics,1,0.8209731267850886,1,Critical
SUB-00006518,CUST-001895,"Smith, Zimmerman and Wise",NC-COMPUTE,Nexus Compute,0,0.21827837776338863,0,Low
SUB-00006519,CUST-001895,"Smith, Zimmerman and Wise",NC-CONTAINER,Nexus Container Platform,1,0.8254657182030591,1,Critical
SUB-00006520,CUST-001895,"Smith, Zimmerman and Wise",NC-SQL,Nexus SQL Database,1,0.5376336027863965,1,High
SUB-00006521,CUST-001896,Graham-Anthony,NC-CONTAINER,Nexus Container Platform,0,0.534141865230108,1,High
SUB-00006522,CUST-001897,Fernandez Inc,NC-COMPUTE,Nexus Compute,1,0.7890394932706071,1,Critical
SUB-00006523,CUST-001898,Finley-Meyers,NC-WAREHOUSE,Nexus Data Warehouse,1,0.8045057632836732,1,Critical
SUB-00006524,CUST-001899,Martinez-Nichols,NC-COMPUTE,Nexus Compute,1,0.8513871314161479,1,Critical
SUB-00006525,CUST-001899,Martinez-Nichols,NC-SECURITY,Nexus Cloud Security,1,0.24641577414826352,0,Low
SUB-00006526,CUST-001900,Cook-Turner,NC-ANALYTICS,Nexus Analytics,1,0.5000370479636855,1,High
SUB-00006527,CUST-001900,Cook-Turner,NC-CONTAINER,Nexus Container Platform,1,0.7890456888657543,1,Critical
SUB-00006528,CUST-001900,Cook-Turner,NC-STORAGE,Nexus Storage,1,0.8057498959654458,1,Critical
SUB-00006529,CUST-001900,Cook-Turner,NC-SECURITY,Nexus Cloud Security,1,0.4902558070201959,0,Medium
SUB-00006530,CUST-001900,Cook-Turner,NC-AIMODEL,Nexus AI Models,1,0.8107257723699891,1,Critical
SUB-00006531,CUST-001900,Cook-Turner,NC-WAREHOUSE,Nexus Data Warehouse,0,0.18310911943030062,0,Low
SUB-00006532,CUST-001901,Chen Ltd,NC-CONTAINER,Nexus Container Platform,1,0.8037808652268471,1,Critical
SUB-00006533,CUST-001902,Diaz LLC,NC-COMPUTE,Nexus Compute,0,0.5680491694032936,1,High
SUB-00006534,CUST-001902,Diaz LLC,NC-INTEGRATION,Nexus Integration,1,0.8341988552622817,1,Critical
SUB-00006535,CUST-001903,Randall LLC,NC-SQL,Nexus SQL Database,1,0.8473221351264419,1,Critical
SUB-00006536,CUST-001904,"Harris, Spencer and Ponce",NC-COMPUTE,Nexus Compute,1,0.5346042819808591,1,High
SUB-00006537,CUST-001904,"Harris, Spencer and Ponce",NC-CONTAINER,Nexus Container Platform,1,0.21189471337162044,0,Low
SUB-00006538,CUST-001905,"Lee, Dominguez and Mosley",NC-SECURITY,Nexus Cloud Security,0,0.48408280837677387,0,Medium
SUB-00006539,CUST-001905,"Lee, Dominguez and Mosley",NC-STORAGE,Nexus Storage,1,0.1961291220310867,0,Low
SUB-00006540,CUST-001905,"Lee, Dominguez and Mosley",NC-AIMODEL,Nexus AI Models,0,0.5095776504344317,1,High
SUB-00006541,CUST-001905,"Lee, Dominguez and Mosley",NC-CONTAINER,Nexus Container Platform,1,0.1857870273926374,0,Low
SUB-00006542,CUST-001905,"Lee, Dominguez and Mosley",NC-WAREHOUSE,Nexus Data Warehouse,0,0.5079339557823456,1,High
SUB-00006543,CUST-001906,"Barker, Tucker and Mcclure",NC-ANALYTICS,Nexus Analytics,1,0.5219750002341175,1,High
SUB-00006544,CUST-001906,"Barker, Tucker and Mcclure",NC-INTEGRATION,Nexus Integration,1,0.8078173455688582,1,Critical
SUB-00006545,CUST-001906,"Barker, Tucker and Mcclure",NC-STORAGE,Nexus Storage,0,0.1995817423674213,0,Low
SUB-00006546,CUST-001906,"Barker, Tucker and Mcclure",NC-COMPUTE,Nexus Compute,1,0.8143047830568877,1,Critical
SUB-00006547,CUST-001906,"Barker, Tucker and Mcclure",NC-WAREHOUSE,Nexus Data Warehouse,1,0.8241589674311318,1,Critical
SUB-00006548,CUST-001906,"Barker, Tucker and Mcclure",NC-CONTAINER,Nexus Container Platform,1,0.8095169988422665,1,Critical
SUB-00006549,CUST-001907,Moss-Taylor,NC-INTEGRATION,Nexus Integration,1,0.8326811056801465,1,Critical
SUB-00006550,CUST-001907,Moss-Taylor,NC-SECURITY,Nexus Cloud Security,1,0.22178030937151305,0,Low
SUB-00006551,CUST-001908,Johnson PLC,NC-AIMODEL,Nexus AI Models,0,0.5219480265759009,1,High
SUB-00006552,CUST-001908,Johnson PLC,NC-SQL,Nexus SQL Database,0,0.4900171336723993,0,Medium
SUB-00006553,CUST-001908,Johnson PLC,NC-STORAGE,Nexus Storage,0,0.19577598007713395,0,Low
SUB-00006554,CUST-001908,Johnson PLC,NC-AISEARCH,Nexus AI Search,0,0.20029528090444237,0,Low
SUB-00006555,CUST-001908,Johnson PLC,NC-INTEGRATION,Nexus Integration,0,0.4786734622636639,0,Medium
SUB-00006556,CUST-001908,Johnson PLC,NC-CONTAINER,Nexus Container Platform,1,0.8015422152191434,1,Critical
SUB-00006557,CUST-001909,Burns Inc,NC-INTEGRATION,Nexus Integration,0,0.8154865662310559,1,Critical
SUB-00006558,CUST-001909,Burns Inc,NC-COMPUTE,Nexus Compute,1,0.5156427957185985,1,High
SUB-00006559,CUST-001909,Burns Inc,NC-STORAGE,Nexus Storage,1,0.5153803711323439,1,High
SUB-00006560,CUST-001910,"Schneider, Porter and Hanna",NC-CONTAINER,Nexus Container Platform,0,0.460502831353784,0,Medium
SUB-00006561,CUST-001910,"Schneider, Porter and Hanna",NC-SQL,Nexus SQL Database,1,0.4570497319214233,0,Medium
SUB-00006562,CUST-001911,Levy-Smith,NC-CONTAINER,Nexus Container Platform,1,0.7631923788771091,1,Critical
SUB-00006563,CUST-001911,Levy-Smith,NC-STORAGE,Nexus Storage,1,0.19472656991602638,0,Low
SUB-00006564,CUST-001911,Levy-Smith,NC-AISEARCH,Nexus AI Search,1,0.8246850369055699,1,Critical
SUB-00006565,CUST-001911,Levy-Smith,NC-SECURITY,Nexus Cloud Security,0,0.22517897371696466,0,Low
SUB-00006566,CUST-001911,Levy-Smith,NC-AIMODEL,Nexus AI Models,0,0.2139718222800933,0,Low
SUB-00006567,CUST-001912,Brown-French,NC-WAREHOUSE,Nexus Data Warehouse,1,0.8494176377337875,1,Critical
SUB-00006568,CUST-001912,Brown-French,NC-SQL,Nexus SQL Database,1,0.5816001421136394,1,High
SUB-00006569,CUST-001912,Brown-French,NC-AIMODEL,Nexus AI Models,1,0.595193285972037,1,High
SUB-00006570,CUST-001913,Sullivan and Sons,NC-WAREHOUSE,Nexus Data Warehouse,1,0.49565719183660534,0,Medium
SUB-00006571,CUST-001913,Sullivan and Sons,NC-CONTAINER,Nexus Container Platform,0,0.545026464066875,1,High
SUB-00006572,CUST-001913,Sullivan and Sons,NC-ANALYTICS,Nexus Analytics,0,0.48281193966544433,0,Medium
SUB-00006573,CUST-001913,Sullivan and Sons,NC-STORAGE,Nexus Storage,1,0.814886242626582,1,Critical
SUB-00006574,CUST-001913,Sullivan and Sons,NC-COMPUTE,Nexus Compute,1,0.5605575706016909,1,High
SUB-00006575,CUST-001913,Sullivan and Sons,NC-INTEGRATION,Nexus Integration,0,0.2129252800827344,0,Low
SUB-00006576,CUST-001913,Sullivan and Sons,NC-SECURITY,Nexus Cloud Security,0,0.22097262009510196,0,Low
SUB-00006577,CUST-001913,Sullivan and Sons,NC-SQL,Nexus SQL Database,1,0.8242197410649047,1,Critical
SUB-00006578,CUST-001914,"Contreras, Ellis and Gregory",NC-SECURITY,Nexus Cloud Security,0,0.19829567460606012,0,Low
SUB-00006579,CUST-001914,"Contreras, Ellis and Gregory",NC-CONTAINER,Nexus Container Platform,0,0.5079026231492112,1,High
SUB-00006580,CUST-001914,"Contreras, Ellis and Gregory",NC-COMPUTE,Nexus Compute,0,0.2121050976911016,0,Low
SUB-00006581,CUST-001914,"Contreras, Ellis and Gregory",NC-ANALYTICS,Nexus Analytics,1,0.8248024033098073,1,Critical
SUB-00006582,CUST-001915,"Hernandez, Riley and Buckley",NC-INTEGRATION,Nexus Integration,0,0.1907061355458488,0,Low
SUB-00006583,CUST-001915,"Hernandez, Riley and Buckley",NC-COMPUTE,Nexus Compute,0,0.5141249482323867,1,High
SUB-00006584,CUST-001915,"Hernandez, Riley and Buckley",NC-ANALYTICS,Nexus Analytics,0,0.190779352504522,0,Low
SUB-00006585,CUST-001915,"Hernandez, Riley and Buckley",NC-SECURITY,Nexus Cloud Security,0,0.1825344878517735,0,Low
SUB-00006586,CUST-001915,"Hernandez, Riley and Buckley",NC-WAREHOUSE,Nexus Data Warehouse,1,0.8067471479114042,1,Critical
SUB-00006587,CUST-001915,"Hernandez, Riley and Buckley",NC-SQL,Nexus SQL Database,0,0.1779907812601109,0,Low
SUB-00006588,CUST-001915,"Hernandez, Riley and Buckley",NC-CONTAINER,Nexus Container Platform,1,0.19753870343692406,0,Low
SUB-00006589,CUST-001916,Moss Group,NC-STORAGE,Nexus Storage,0,0.6066072232615126,1,High
SUB-00006590,CUST-001916,Moss Group,NC-COMPUTE,Nexus Compute,0,0.5542550630763445,1,High
SUB-00006591,CUST-001916,Moss Group,NC-WAREHOUSE,Nexus Data Warehouse,1,0.8600576496239051,1,Critical
SUB-00006592,CUST-001916,Moss Group,NC-ANALYTICS,Nexus Analytics,0,0.2464123795584698,0,Low
SUB-00006593,CUST-001916,Moss Group,NC-SECURITY,Nexus Cloud Security,1,0.807099871154825,1,Critical
SUB-00006594,CUST-001916,Moss Group,NC-CONTAINER,Nexus Container Platform,1,0.5510041933524172,1,High
SUB-00006595,CUST-001916,Moss Group,NC-INTEGRATION,Nexus Integration,1,0.2188480565470546,0,Low
SUB-00006596,CUST-001916,Moss Group,NC-SQL,Nexus SQL Database,1,0.6071115881499324,1,High
SUB-00006597,CUST-001917,"Smith, Meadows and Montgomery",NC-WAREHOUSE,Nexus Data Warehouse,0,0.5710373579690264,1,High
SUB-00006598,CUST-001917,"Smith, Meadows and Montgomery",NC-COMPUTE,Nexus Compute,0,0.24033625780329196,0,Low
SUB-00006599,CUST-001917,"Smith, Meadows and Montgomery",NC-STORAGE,Nexus Storage,0,0.2409304596051385,0,Low
SUB-00006600,CUST-001918,Haynes and Sons,NC-CONTAINER,Nexus Container Platform,1,0.8140219147323327,1,Critical
SUB-00006601,CUST-001918,Haynes and Sons,NC-STORAGE,Nexus Storage,0,0.21780068305514594,0,Low
SUB-00006602,CUST-001918,Haynes and Sons,NC-COMPUTE,Nexus Compute,0,0.5285377126455917,1,High
SUB-00006603,CUST-001918,Haynes and Sons,NC-ANALYTICS,Nexus Analytics,1,0.20899302856439542,0,Low
SUB-00006604,CUST-001918,Haynes and Sons,NC-SQL,Nexus SQL Database,0,0.22511372202003332,0,Low
SUB-00006605,CUST-001918,Haynes and Sons,NC-SECURITY,Nexus Cloud Security,1,0.8254277784083606,1,Critical
SUB-00006606,CUST-001919,Jackson Inc,NC-CONTAINER,Nexus Container Platform,1,0.8147760260559832,1,Critical
SUB-00006607,CUST-001919,Jackson Inc,NC-WAREHOUSE,Nexus Data Warehouse,1,0.8165165687123408,1,Critical
SUB-00006608,CUST-001919,Jackson Inc,NC-STORAGE,Nexus Storage,0,0.49336856740901136,0,Medium
SUB-00006609,CUST-001920,Hoover-Davis,NC-SQL,Nexus SQL Database,1,0.5101442633659412,1,High
SUB-00006610,CUST-001921,"Jackson, Garza and Meyers",NC-ANALYTICS,Nexus Analytics,1,0.84140403946579,1,Critical
SUB-00006611,CUST-001921,"Jackson, Garza and Meyers",NC-COMPUTE,Nexus Compute,1,0.25045693942330227,0,Medium
SUB-00006612,CUST-001921,"Jackson, Garza and Meyers",NC-STORAGE,Nexus Storage,1,0.5807013327104602,1,High
SUB-00006613,CUST-001921,"Jackson, Garza and Meyers",NC-SQL,Nexus SQL Database,1,0.8424852772931032,1,Critical
SUB-00006614,CUST-001921,"Jackson, Garza and Meyers",NC-AISEARCH,Nexus AI Search,1,0.8615991674539164,1,Critical
SUB-00006615,CUST-001922,Wilson PLC,NC-COMPUTE,Nexus Compute,1,0.8406900633673593,1,Critical
SUB-00006616,CUST-001922,Wilson PLC,NC-STORAGE,Nexus Storage,0,0.232528031358903,0,Low
SUB-00006617,CUST-001923,"Walker, Brock and Simmons",NC-ANALYTICS,Nexus Analytics,0,0.23796241909986657,0,Low
SUB-00006618,CUST-001923,"Walker, Brock and Simmons",NC-AISEARCH,Nexus AI Search,0,0.2332259826175513,0,Low
SUB-00006619,CUST-001923,"Walker, Brock and Simmons",NC-SECURITY,Nexus Cloud Security,1,0.21809341149987424,0,Low
SUB-00006620,CUST-001924,"Gregory, Nguyen and Daugherty",NC-SQL,Nexus SQL Database,1,0.5552772828761815,1,High
SUB-00006621,CUST-001924,"Gregory, Nguyen and Daugherty",NC-CONTAINER,Nexus Container Platform,1,0.22872376285391144,0,Low
SUB-00006622,CUST-001925,"Gardner, Morris and Oconnell",NC-COMPUTE,Nexus Compute,1,0.837353965130895,1,Critical
SUB-00006623,CUST-001925,"Gardner, Morris and Oconnell",NC-SECURITY,Nexus Cloud Security,1,0.22855499517638858,0,Low
SUB-00006624,CUST-001925,"Gardner, Morris and Oconnell",NC-CONTAINER,Nexus Container Platform,1,0.23087007560419204,0,Low
SUB-00006625,CUST-001925,"Gardner, Morris and Oconnell",NC-ANALYTICS,Nexus Analytics,0,0.23648879349873722,0,Low
SUB-00006626,CUST-001926,Duran PLC,NC-CONTAINER,Nexus Container Platform,0,0.7954447884408958,1,Critical
SUB-00006627,CUST-001926,Duran PLC,NC-ANALYTICS,Nexus Analytics,0,0.4845458491577662,0,Medium
SUB-00006628,CUST-001926,Duran PLC,NC-STORAGE,Nexus Storage,0,0.18324527692154466,0,Low
SUB-00006629,CUST-001927,Rogers Inc,NC-COMPUTE,Nexus Compute,0,0.23805728752251012,0,Low
SUB-00006630,CUST-001927,Rogers Inc,NC-ANALYTICS,Nexus Analytics,0,0.5681793715429999,1,High
SUB-00006631,CUST-001928,Thomas-Perry,NC-SQL,Nexus SQL Database,0,0.2262995813893125,0,Low
SUB-00006632,CUST-001928,Thomas-Perry,NC-CONTAINER,Nexus Container Platform,0,0.5443940098760427,1,High
SUB-00006633,CUST-001929,"Wood, Martin and Sanchez",NC-SECURITY,Nexus Cloud Security,1,0.8193149646169998,1,Critical
SUB-00006634,CUST-001929,"Wood, Martin and Sanchez",NC-SQL,Nexus SQL Database,0,0.21211501581938175,0,Low
SUB-00006635,CUST-001930,"Williams, Garcia and Boone",NC-STORAGE,Nexus Storage,1,0.2277655731679804,0,Low
SUB-00006636,CUST-001930,"Williams, Garcia and Boone",NC-AIMODEL,Nexus AI Models,1,0.26403957270826706,0,Medium
SUB-00006637,CUST-001930,"Williams, Garcia and Boone",NC-COMPUTE,Nexus Compute,0,0.22516195954369453,0,Low
SUB-00006638,CUST-001930,"Williams, Garcia and Boone",NC-WAREHOUSE,Nexus Data Warehouse,0,0.2860138384841493,0,Medium
SUB-00006639,CUST-001930,"Williams, Garcia and Boone",NC-AISEARCH,Nexus AI Search,1,0.8661628789389896,1,Critical
SUB-00006640,CUST-001931,"Bennett, Moore and Hobbs",NC-COMPUTE,Nexus Compute,0,0.21269659429989687,0,Low
SUB-00006641,CUST-001931,"Bennett, Moore and Hobbs",NC-INTEGRATION,Nexus Integration,0,0.518894918002086,1,High
SUB-00006642,CUST-001931,"Bennett, Moore and Hobbs",NC-AIMODEL,Nexus AI Models,1,0.18449224650132132,0,Low
SUB-00006643,CUST-001931,"Bennett, Moore and Hobbs",NC-SECURITY,Nexus Cloud Security,1,0.5843758857945707,1,High
SUB-00006644,CUST-001931,"Bennett, Moore and Hobbs",NC-ANALYTICS,Nexus Analytics,0,0.6075319349046308,1,High
SUB-00006645,CUST-001931,"Bennett, Moore and Hobbs",NC-AISEARCH,Nexus AI Search,1,0.5497100808656218,1,High
SUB-00006646,CUST-001931,"Bennett, Moore and Hobbs",NC-SQL,Nexus SQL Database,1,0.8173846887211269,1,Critical
SUB-00006647,CUST-001932,Smith and Sons,NC-CONTAINER,Nexus Container Platform,0,0.5256936301059557,1,High
SUB-00006648,CUST-001932,Smith and Sons,NC-SECURITY,Nexus Cloud Security,0,0.5235068684186103,1,High
SUB-00006649,CUST-001932,Smith and Sons,NC-ANALYTICS,Nexus Analytics,0,0.21456023942818558,0,Low
SUB-00006650,CUST-001933,Mann PLC,NC-STORAGE,Nexus Storage,1,0.8280992707634112,1,Critical
SUB-00006651,CUST-001933,Mann PLC,NC-COMPUTE,Nexus Compute,1,0.8398878989268519,1,Critical
SUB-00006652,CUST-001933,Mann PLC,NC-CONTAINER,Nexus Container Platform,0,0.2203817086210172,0,Low
SUB-00006653,CUST-001933,Mann PLC,NC-SQL,Nexus SQL Database,0,0.22683890209994378,0,Low
SUB-00006654,CUST-001933,Mann PLC,NC-INTEGRATION,Nexus Integration,0,0.2244847476240238,0,Low
SUB-00006655,CUST-001934,Butler-Aguirre,NC-COMPUTE,Nexus Compute,0,0.19552850849712286,0,Low
SUB-00006656,CUST-001934,Butler-Aguirre,NC-CONTAINER,Nexus Container Platform,1,0.46666295431296434,0,Medium
SUB-00006657,CUST-001934,Butler-Aguirre,NC-INTEGRATION,Nexus Integration,0,0.18450989154321631,0,Low
SUB-00006658,CUST-001935,Schwartz-Harris,NC-SQL,Nexus SQL Database,1,0.8338252496825471,1,Critical
SUB-00006659,CUST-001935,Schwartz-Harris,NC-INTEGRATION,Nexus Integration,1,0.5962725423096836,1,High
SUB-00006660,CUST-001935,Schwartz-Harris,NC-COMPUTE,Nexus Compute,0,0.5046580730780856,1,High
SUB-00006661,CUST-001935,Schwartz-Harris,NC-AISEARCH,Nexus AI Search,1,0.8508420958458713,1,Critical
SUB-00006662,CUST-001935,Schwartz-Harris,NC-SECURITY,Nexus Cloud Security,1,0.5875700348471311,1,High
SUB-00006663,CUST-001935,Schwartz-Harris,NC-AIMODEL,Nexus AI Models,1,0.5204034285103093,1,High
SUB-00006664,CUST-001935,Schwartz-Harris,NC-CONTAINER,Nexus Container Platform,0,0.2713714077278108,0,Medium
SUB-00006665,CUST-001936,"Nelson, Cole and Allen",NC-SQL,Nexus SQL Database,1,0.4998513588149883,0,Medium
SUB-00006666,CUST-001936,"Nelson, Cole and Allen",NC-CONTAINER,Nexus Container Platform,1,0.5168829719568734,1,High
SUB-00006667,CUST-001937,Bishop Inc,NC-SECURITY,Nexus Cloud Security,0,0.8093430432312031,1,Critical
SUB-00006668,CUST-001937,Bishop Inc,NC-STORAGE,Nexus Storage,1,0.5279783120096285,1,High
SUB-00006669,CUST-001937,Bishop Inc,NC-CONTAINER,Nexus Container Platform,1,0.8103172441369761,1,Critical
SUB-00006670,CUST-001938,"White, Porter and Clements",NC-WAREHOUSE,Nexus Data Warehouse,1,0.8358056367586281,1,Critical
SUB-00006671,CUST-001939,"Serrano, Turner and Barnes",NC-SECURITY,Nexus Cloud Security,1,0.8068030650050771,1,Critical
SUB-00006672,CUST-001939,"Serrano, Turner and Barnes",NC-INTEGRATION,Nexus Integration,0,0.5039306062476366,1,High
SUB-00006673,CUST-001939,"Serrano, Turner and Barnes",NC-CONTAINER,Nexus Container Platform,0,0.5248226861166277,1,High
SUB-00006674,CUST-001940,"Young, Wilson and Moreno",NC-COMPUTE,Nexus Compute,1,0.8384593337749952,1,Critical
SUB-00006675,CUST-001940,"Young, Wilson and Moreno",NC-AISEARCH,Nexus AI Search,1,0.8481081162213558,1,Critical
SUB-00006676,CUST-001940,"Young, Wilson and Moreno",NC-AIMODEL,Nexus AI Models,0,0.24661128092063025,0,Low
SUB-00006677,CUST-001940,"Young, Wilson and Moreno",NC-ANALYTICS,Nexus Analytics,0,0.21970829589804428,0,Low
SUB-00006678,CUST-001941,Montgomery PLC,NC-CONTAINER,Nexus Container Platform,1,0.23131011501242876,0,Low
SUB-00006679,CUST-001941,Montgomery PLC,NC-SQL,Nexus SQL Database,0,0.2182395358967603,0,Low
SUB-00006680,CUST-001941,Montgomery PLC,NC-SECURITY,Nexus Cloud Security,1,0.83011378968065,1,Critical
SUB-00006681,CUST-001941,Montgomery PLC,NC-STORAGE,Nexus Storage,1,0.585036670847325,1,High
SUB-00006682,CUST-001941,Montgomery PLC,NC-INTEGRATION,Nexus Integration,1,0.5135125038867575,1,High
SUB-00006683,CUST-001941,Montgomery PLC,NC-ANALYTICS,Nexus Analytics,1,0.8049945245503278,1,Critical
SUB-00006684,CUST-001941,Montgomery PLC,NC-WAREHOUSE,Nexus Data Warehouse,0,0.1955793404786093,0,Low
SUB-00006685,CUST-001942,"Robinson, Townsend and Hopkins",NC-WAREHOUSE,Nexus Data Warehouse,1,0.8530987816095763,1,Critical
SUB-00006686,CUST-001942,"Robinson, Townsend and Hopkins",NC-INTEGRATION,Nexus Integration,1,0.8516744399472922,1,Critical
SUB-00006687,CUST-001942,"Robinson, Townsend and Hopkins",NC-ANALYTICS,Nexus Analytics,1,0.8467779326752686,1,Critical
SUB-00006688,CUST-001942,"Robinson, Townsend and Hopkins",NC-SQL,Nexus SQL Database,0,0.239617505661838,0,Low
SUB-00006689,CUST-001942,"Robinson, Townsend and Hopkins",NC-SECURITY,Nexus Cloud Security,0,0.5753381210748073,1,High
SUB-00006690,CUST-001943,Brown-Rodriguez,NC-INTEGRATION,Nexus Integration,0,0.18735363719977924,0,Low
SUB-00006691,CUST-001943,Brown-Rodriguez,NC-SQL,Nexus SQL Database,1,0.8233869390662916,1,Critical
SUB-00006692,CUST-001943,Brown-Rodriguez,NC-CONTAINER,Nexus Container Platform,1,0.8161392573610909,1,Critical
SUB-00006693,CUST-001943,Brown-Rodriguez,NC-WAREHOUSE,Nexus Data Warehouse,1,0.8156454686453158,1,Critical
SUB-00006694,CUST-001944,Jennings Group,NC-INTEGRATION,Nexus Integration,0,0.5475955070623585,1,High
SUB-00006695,CUST-001945,Thompson-Santiago,NC-WAREHOUSE,Nexus Data Warehouse,0,0.2121753108263856,0,Low
SUB-00006696,CUST-001945,Thompson-Santiago,NC-SECURITY,Nexus Cloud Security,0,0.5367711144410886,1,High
SUB-00006697,CUST-001945,Thompson-Santiago,NC-COMPUTE,Nexus Compute,1,0.21915875358705622,0,Low
SUB-00006698,CUST-001945,Thompson-Santiago,NC-CONTAINER,Nexus Container Platform,0,0.5414791404733104,1,High
SUB-00006699,CUST-001946,Brown LLC,NC-SECURITY,Nexus Cloud Security,1,0.4973012890132626,0,Medium
SUB-00006700,CUST-001946,Brown LLC,NC-INTEGRATION,Nexus Integration,1,0.19000040353152897,0,Low
SUB-00006701,CUST-001946,Brown LLC,NC-COMPUTE,Nexus Compute,1,0.18991491037665598,0,Low
SUB-00006702,CUST-001947,Clark-King,NC-WAREHOUSE,Nexus Data Warehouse,0,0.21840285289198721,0,Low
SUB-00006703,CUST-001947,Clark-King,NC-INTEGRATION,Nexus Integration,0,0.8338369500153945,1,Critical
SUB-00006704,CUST-001947,Clark-King,NC-SQL,Nexus SQL Database,1,0.2279812181965999,0,Low
SUB-00006705,CUST-001948,"Trujillo, Chang and Williams",NC-INTEGRATION,Nexus Integration,1,0.47370824992781707,0,Medium
SUB-00006706,CUST-001949,"Williams, Medina and Moore",NC-SECURITY,Nexus Cloud Security,0,0.5120294623950776,1,High
SUB-00006707,CUST-001950,Washington Inc,NC-COMPUTE,Nexus Compute,1,0.8326510313425761,1,Critical
SUB-00006708,CUST-001950,Washington Inc,NC-SQL,Nexus SQL Database,1,0.22653227506377072,0,Low
SUB-00006709,CUST-001950,Washington Inc,NC-CONTAINER,Nexus Container Platform,0,0.5651161607427152,1,High
SUB-00006710,CUST-001951,Jacobson Ltd,NC-AISEARCH,Nexus AI Search,1,0.5614756434735115,1,High
SUB-00006711,CUST-001951,Jacobson Ltd,NC-STORAGE,Nexus Storage,0,0.2236869943298801,0,Low
SUB-00006712,CUST-001951,Jacobson Ltd,NC-WAREHOUSE,Nexus Data Warehouse,1,0.5642128723486411,1,High
SUB-00006713,CUST-001951,Jacobson Ltd,NC-SECURITY,Nexus Cloud Security,0,0.23105686016398672,0,Low
SUB-00006714,CUST-001951,Jacobson Ltd,NC-ANALYTICS,Nexus Analytics,0,0.23866190415854022,0,Low
SUB-00006715,CUST-001952,Watkins-Nguyen,NC-SECURITY,Nexus Cloud Security,0,0.5424990637351316,1,High
SUB-00006716,CUST-001953,Burgess LLC,NC-WAREHOUSE,Nexus Data Warehouse,1,0.23619825785063092,0,Low
SUB-00006717,CUST-001953,Burgess LLC,NC-CONTAINER,Nexus Container Platform,1,0.5563851394900462,1,High
SUB-00006718,CUST-001953,Burgess LLC,NC-SQL,Nexus SQL Database,1,0.8342293008480769,1,Critical
SUB-00006719,CUST-001954,Maxwell LLC,NC-CONTAINER,Nexus Container Platform,1,0.4969147406788755,0,Medium
SUB-00006720,CUST-001954,Maxwell LLC,NC-AIMODEL,Nexus AI Models,0,0.19371206228287235,0,Low
SUB-00006721,CUST-001954,Maxwell LLC,NC-AISEARCH,Nexus AI Search,0,0.5088138764930352,1,High
SUB-00006722,CUST-001954,Maxwell LLC,NC-INTEGRATION,Nexus Integration,1,0.48843280265065,0,Medium
SUB-00006723,CUST-001954,Maxwell LLC,NC-SQL,Nexus SQL Database,1,0.78672846755605,1,Critical
SUB-00006724,CUST-001954,Maxwell LLC,NC-ANALYTICS,Nexus Analytics,1,0.20059005352188486,0,Low
SUB-00006725,CUST-001954,Maxwell LLC,NC-SECURITY,Nexus Cloud Security,0,0.4746228873210399,0,Medium
SUB-00006726,CUST-001955,Garcia Ltd,NC-STORAGE,Nexus Storage,0,0.2030473649012282,0,Low
SUB-00006727,CUST-001955,Garcia Ltd,NC-WAREHOUSE,Nexus Data Warehouse,0,0.5174479245581338,1,High
SUB-00006728,CUST-001956,Kane-Bennett,NC-COMPUTE,Nexus Compute,0,0.5200739767311369,1,High
SUB-00006729,CUST-001956,Kane-Bennett,NC-WAREHOUSE,Nexus Data Warehouse,1,0.8119580655013883,1,Critical
SUB-00006730,CUST-001956,Kane-Bennett,NC-INTEGRATION,Nexus Integration,1,0.5179790820519684,1,High
SUB-00006731,CUST-001956,Kane-Bennett,NC-STORAGE,Nexus Storage,1,0.5186341602880598,1,High
SUB-00006732,CUST-001956,Kane-Bennett,NC-CONTAINER,Nexus Container Platform,1,0.5194340182652941,1,High
SUB-00006733,CUST-001957,Jones PLC,NC-INTEGRATION,Nexus Integration,1,0.788763381863992,1,Critical
SUB-00006734,CUST-001958,Brown-Graham,NC-CONTAINER,Nexus Container Platform,0,0.2159943308380501,0,Low
SUB-00006735,CUST-001958,Brown-Graham,NC-INTEGRATION,Nexus Integration,1,0.8266665885512411,1,Critical
SUB-00006736,CUST-001958,Brown-Graham,NC-SQL,Nexus SQL Database,0,0.4905669826740358,0,Medium
SUB-00006737,CUST-001958,Brown-Graham,NC-SECURITY,Nexus Cloud Security,1,0.8183939210457463,1,Critical
SUB-00006738,CUST-001958,Brown-Graham,NC-AIMODEL,Nexus AI Models,1,0.5103678611314424,1,High
SUB-00006739,CUST-001958,Brown-Graham,NC-WAREHOUSE,Nexus Data Warehouse,1,0.5339245172752058,1,High
SUB-00006740,CUST-001958,Brown-Graham,NC-COMPUTE,Nexus Compute,1,0.8012218577621907,1,Critical
SUB-00006741,CUST-001959,Reilly Group,NC-WAREHOUSE,Nexus Data Warehouse,0,0.5033979818926624,1,High
SUB-00006742,CUST-001959,Reilly Group,NC-SECURITY,Nexus Cloud Security,1,0.8028287473011136,1,Critical
SUB-00006743,CUST-001960,Hughes and Sons,NC-CONTAINER,Nexus Container Platform,1,0.8398337115783943,1,Critical
SUB-00006744,CUST-001960,Hughes and Sons,NC-COMPUTE,Nexus Compute,0,0.2254765508473466,0,Low
SUB-00006745,CUST-001961,Cortez-Chen,NC-SECURITY,Nexus Cloud Security,1,0.8501277382131358,1,Critical
SUB-00006746,CUST-001961,Cortez-Chen,NC-COMPUTE,Nexus Compute,1,0.83636301098653,1,Critical
SUB-00006747,CUST-001961,Cortez-Chen,NC-INTEGRATION,Nexus Integration,1,0.8567277365480294,1,Critical
SUB-00006748,CUST-001962,Harris-Martinez,NC-COMPUTE,Nexus Compute,0,0.1783712120483204,0,Low
SUB-00006749,CUST-001962,Harris-Martinez,NC-WAREHOUSE,Nexus Data Warehouse,1,0.7865192815403143,1,Critical
SUB-00006750,CUST-001962,Harris-Martinez,NC-SECURITY,Nexus Cloud Security,0,0.17509450138021532,0,Low
SUB-00006751,CUST-001962,Harris-Martinez,NC-INTEGRATION,Nexus Integration,1,0.7835895747126207,1,Critical
SUB-00006752,CUST-001963,"Carroll, Ramirez and Rodriguez",NC-STORAGE,Nexus Storage,0,0.47347316981635856,0,Medium
SUB-00006753,CUST-001963,"Carroll, Ramirez and Rodriguez",NC-INTEGRATION,Nexus Integration,1,0.473286525515095,0,Medium
SUB-00006754,CUST-001964,Ellis-Jackson,NC-CONTAINER,Nexus Container Platform,0,0.5168487766909687,1,High
SUB-00006755,CUST-001964,Ellis-Jackson,NC-INTEGRATION,Nexus Integration,1,0.5158758915463137,1,High
SUB-00006756,CUST-001964,Ellis-Jackson,NC-SECURITY,Nexus Cloud Security,1,0.5136385488904724,1,High
SUB-00006757,CUST-001965,Robinson-Phillips,NC-AISEARCH,Nexus AI Search,0,0.22199129540652043,0,Low
SUB-00006758,CUST-001965,Robinson-Phillips,NC-STORAGE,Nexus Storage,1,0.5249118672938822,1,High
SUB-00006759,CUST-001965,Robinson-Phillips,NC-SQL,Nexus SQL Database,0,0.2122638139746463,0,Low
SUB-00006760,CUST-001965,Robinson-Phillips,NC-INTEGRATION,Nexus Integration,1,0.5049182925793615,1,High
SUB-00006761,CUST-001965,Robinson-Phillips,NC-CONTAINER,Nexus Container Platform,1,0.2093056161584845,0,Low
SUB-00006762,CUST-001966,Clarke Ltd,NC-COMPUTE,Nexus Compute,1,0.8016707836361017,1,Critical
SUB-00006763,CUST-001966,Clarke Ltd,NC-ANALYTICS,Nexus Analytics,1,0.8165008638617538,1,Critical
SUB-00006764,CUST-001966,Clarke Ltd,NC-CONTAINER,Nexus Container Platform,1,0.5138497186977586,1,High
SUB-00006765,CUST-001967,"Whitehead, Lane and Tran",NC-COMPUTE,Nexus Compute,0,0.5193957795941369,1,High
SUB-00006766,CUST-001967,"Whitehead, Lane and Tran",NC-SQL,Nexus SQL Database,1,0.8205768158141876,1,Critical
SUB-00006767,CUST-001968,Miller PLC,NC-SQL,Nexus SQL Database,0,0.2431209683691435,0,Low
SUB-00006768,CUST-001968,Miller PLC,NC-INTEGRATION,Nexus Integration,1,0.8453731762815138,1,Critical
SUB-00006769,CUST-001968,Miller PLC,NC-WAREHOUSE,Nexus Data Warehouse,1,0.24337636606688406,0,Low
SUB-00006770,CUST-001969,Atkins-Robinson,NC-CONTAINER,Nexus Container Platform,1,0.8523310271840332,1,Critical
SUB-00006771,CUST-001969,Atkins-Robinson,NC-SQL,Nexus SQL Database,1,0.23602154553252497,0,Low
SUB-00006772,CUST-001970,Hood-Ramirez,NC-INTEGRATION,Nexus Integration,1,0.822371248458834,1,Critical
SUB-00006773,CUST-001970,Hood-Ramirez,NC-ANALYTICS,Nexus Analytics,0,0.5381696637500022,1,High
SUB-00006774,CUST-001970,Hood-Ramirez,NC-WAREHOUSE,Nexus Data Warehouse,0,0.22840678608157672,0,Low
SUB-00006775,CUST-001971,"Patterson, Salas and Wright",NC-STORAGE,Nexus Storage,0,0.1941623085270213,0,Low
SUB-00006776,CUST-001971,"Patterson, Salas and Wright",NC-ANALYTICS,Nexus Analytics,1,0.5175097527970364,1,High
SUB-00006777,CUST-001971,"Patterson, Salas and Wright",NC-COMPUTE,Nexus Compute,1,0.5139339988725777,1,High
SUB-00006778,CUST-001972,Riley-Snow,NC-ANALYTICS,Nexus Analytics,0,0.2141749651482291,0,Low
SUB-00006779,CUST-001972,Riley-Snow,NC-CONTAINER,Nexus Container Platform,1,0.6078496360749354,1,High
SUB-00006780,CUST-001972,Riley-Snow,NC-SECURITY,Nexus Cloud Security,1,0.26429707940393876,0,Medium
SUB-00006781,CUST-001972,Riley-Snow,NC-STORAGE,Nexus Storage,0,0.22180035407935347,0,Low
SUB-00006782,CUST-001972,Riley-Snow,NC-INTEGRATION,Nexus Integration,1,0.19998515335669884,0,Low
SUB-00006783,CUST-001972,Riley-Snow,NC-WAREHOUSE,Nexus Data Warehouse,0,0.23161611202435925,0,Low
SUB-00006784,CUST-001972,Riley-Snow,NC-SQL,Nexus SQL Database,1,0.23385505845454793,0,Low
SUB-00006785,CUST-001972,Riley-Snow,NC-COMPUTE,Nexus Compute,0,0.584523186919691,1,High
SUB-00006786,CUST-001973,"Shah, Mcintyre and Villanueva",NC-AIMODEL,Nexus AI Models,0,0.573255274634859,1,High
SUB-00006787,CUST-001973,"Shah, Mcintyre and Villanueva",NC-SECURITY,Nexus Cloud Security,1,0.8354542900063638,1,Critical
SUB-00006788,CUST-001973,"Shah, Mcintyre and Villanueva",NC-CONTAINER,Nexus Container Platform,0,0.5741317958105372,1,High
SUB-00006789,CUST-001973,"Shah, Mcintyre and Villanueva",NC-COMPUTE,Nexus Compute,1,0.238021415734336,0,Low
SUB-00006790,CUST-001973,"Shah, Mcintyre and Villanueva",NC-WAREHOUSE,Nexus Data Warehouse,0,0.251547572300907,0,Medium
SUB-00006791,CUST-001974,Baird-Williams,NC-COMPUTE,Nexus Compute,0,0.815556528850441,1,Critical
SUB-00006792,CUST-001974,Baird-Williams,NC-ANALYTICS,Nexus Analytics,1,0.8184141044758272,1,Critical
SUB-00006793,CUST-001974,Baird-Williams,NC-CONTAINER,Nexus Container Platform,1,0.19293032188852946,0,Low
SUB-00006794,CUST-001974,Baird-Williams,NC-WAREHOUSE,Nexus Data Warehouse,1,0.5067283333570407,1,High
SUB-00006795,CUST-001974,Baird-Williams,NC-SQL,Nexus SQL Database,0,0.4997105495133418,0,Medium
SUB-00006796,CUST-001975,Quinn-Gordon,NC-SECURITY,Nexus Cloud Security,1,0.5672816947499522,1,High
SUB-00006797,CUST-001975,Quinn-Gordon,NC-COMPUTE,Nexus Compute,1,0.8428840855676559,1,Critical
SUB-00006798,CUST-001975,Quinn-Gordon,NC-WAREHOUSE,Nexus Data Warehouse,0,0.5653321870396092,1,High
SUB-00006799,CUST-001975,Quinn-Gordon,NC-STORAGE,Nexus Storage,0,0.5660340650484954,1,High
SUB-00006800,CUST-001975,Quinn-Gordon,NC-CONTAINER,Nexus Container Platform,0,0.583236195517746,1,High
SUB-00006801,CUST-001976,Schmidt-Mendoza,NC-SQL,Nexus SQL Database,0,0.20447118776797515,0,Low
SUB-00006802,CUST-001976,Schmidt-Mendoza,NC-CONTAINER,Nexus Container Platform,1,0.519464459091591,1,High
SUB-00006803,CUST-001976,Schmidt-Mendoza,NC-STORAGE,Nexus Storage,0,0.49926870691993047,0,Medium
SUB-00006804,CUST-001977,"Nicholson, Chavez and Allen",NC-INTEGRATION,Nexus Integration,1,0.8379054406994837,1,Critical
SUB-00006805,CUST-001977,"Nicholson, Chavez and Allen",NC-STORAGE,Nexus Storage,0,0.20996058129617015,0,Low
SUB-00006806,CUST-001977,"Nicholson, Chavez and Allen",NC-SQL,Nexus SQL Database,1,0.2269338131800121,0,Low
SUB-00006807,CUST-001977,"Nicholson, Chavez and Allen",NC-SECURITY,Nexus Cloud Security,1,0.5202711717016545,1,High
SUB-00006808,CUST-001977,"Nicholson, Chavez and Allen",NC-ANALYTICS,Nexus Analytics,1,0.8581751272347464,1,Critical
SUB-00006809,CUST-001977,"Nicholson, Chavez and Allen",NC-WAREHOUSE,Nexus Data Warehouse,0,0.27835560087141425,0,Medium
SUB-00006810,CUST-001977,"Nicholson, Chavez and Allen",NC-CONTAINER,Nexus Container Platform,1,0.5426792692941307,1,High
SUB-00006811,CUST-001977,"Nicholson, Chavez and Allen",NC-COMPUTE,Nexus Compute,1,0.8013896854576245,1,Critical
SUB-00006812,CUST-001978,"Mullins, Steele and Russell",NC-STORAGE,Nexus Storage,1,0.8091019215324645,1,Critical
SUB-00006813,CUST-001978,"Mullins, Steele and Russell",NC-ANALYTICS,Nexus Analytics,1,0.5104605792813051,1,High
SUB-00006814,CUST-001978,"Mullins, Steele and Russell",NC-SECURITY,Nexus Cloud Security,1,0.7995237983644289,1,Critical
SUB-00006815,CUST-001978,"Mullins, Steele and Russell",NC-WAREHOUSE,Nexus Data Warehouse,1,0.8139602337583647,1,Critical
SUB-00006816,CUST-001979,Anderson LLC,NC-CONTAINER,Nexus Container Platform,1,0.7913122559659638,1,Critical
SUB-00006817,CUST-001979,Anderson LLC,NC-STORAGE,Nexus Storage,1,0.18826532714239838,0,Low
SUB-00006818,CUST-001979,Anderson LLC,NC-SQL,Nexus SQL Database,0,0.802452906764254,1,Critical
SUB-00006819,CUST-001980,Holland Inc,NC-CONTAINER,Nexus Container Platform,0,0.5742247899284949,1,High
SUB-00006820,CUST-001980,Holland Inc,NC-SQL,Nexus SQL Database,1,0.24888812841284777,0,Low
SUB-00006821,CUST-001980,Holland Inc,NC-STORAGE,Nexus Storage,0,0.23035457269510898,0,Low
SUB-00006822,CUST-001981,Castillo LLC,NC-SQL,Nexus SQL Database,1,0.21564178451286467,0,Low
SUB-00006823,CUST-001981,Castillo LLC,NC-INTEGRATION,Nexus Integration,0,0.8158489649437946,1,Critical
SUB-00006824,CUST-001981,Castillo LLC,NC-COMPUTE,Nexus Compute,0,0.20546801075559584,0,Low
SUB-00006825,CUST-001982,Warner PLC,NC-INTEGRATION,Nexus Integration,1,0.8290831679244027,1,Critical
SUB-00006826,CUST-001982,Warner PLC,NC-STORAGE,Nexus Storage,1,0.23337561249450073,0,Low
SUB-00006827,CUST-001982,Warner PLC,NC-COMPUTE,Nexus Compute,1,0.5591131330725811,1,High
SUB-00006828,CUST-001983,"Silva, Bray and Ford",NC-STORAGE,Nexus Storage,0,0.5079030534002845,1,High
SUB-00006829,CUST-001983,"Silva, Bray and Ford",NC-COMPUTE,Nexus Compute,0,0.18032279925559092,0,Low
SUB-00006830,CUST-001983,"Silva, Bray and Ford",NC-AIMODEL,Nexus AI Models,0,0.49448010628711403,0,Medium
SUB-00006831,CUST-001983,"Silva, Bray and Ford",NC-SQL,Nexus SQL Database,0,0.4733796915751037,0,Medium
SUB-00006832,CUST-001983,"Silva, Bray and Ford",NC-INTEGRATION,Nexus Integration,1,0.5308546696846881,1,High
SUB-00006833,CUST-001983,"Silva, Bray and Ford",NC-CONTAINER,Nexus Container Platform,0,0.5527981812862207,1,High
SUB-00006834,CUST-001983,"Silva, Bray and Ford",NC-WAREHOUSE,Nexus Data Warehouse,0,0.5365771419147415,1,High
SUB-00006835,CUST-001984,Sawyer Group,NC-WAREHOUSE,Nexus Data Warehouse,0,0.1825255057702671,0,Low
SUB-00006836,CUST-001985,Clarke LLC,NC-WAREHOUSE,Nexus Data Warehouse,0,0.457334523072428,0,Medium
SUB-00006837,CUST-001986,"Marshall, Schultz and Dalton",NC-COMPUTE,Nexus Compute,1,0.5681128541699756,1,High
SUB-00006838,CUST-001986,"Marshall, Schultz and Dalton",NC-SECURITY,Nexus Cloud Security,1,0.8330436451733478,1,Critical
SUB-00006839,CUST-001986,"Marshall, Schultz and Dalton",NC-STORAGE,Nexus Storage,1,0.54811751195374,1,High
SUB-00006840,CUST-001987,Cruz Ltd,NC-WAREHOUSE,Nexus Data Warehouse,1,0.845896627867434,1,Critical
SUB-00006841,CUST-001987,Cruz Ltd,NC-COMPUTE,Nexus Compute,1,0.8285935284107601,1,Critical
SUB-00006842,CUST-001987,Cruz Ltd,NC-SECURITY,Nexus Cloud Security,0,0.23541557891418896,0,Low
SUB-00006843,CUST-001987,Cruz Ltd,NC-CONTAINER,Nexus Container Platform,1,0.5494093909984855,1,High
SUB-00006844,CUST-001988,Schmidt-Phillips,NC-SQL,Nexus SQL Database,0,0.5356415859501555,1,High
SUB-00006845,CUST-001988,Schmidt-Phillips,NC-SECURITY,Nexus Cloud Security,0,0.21412132081000557,0,Low
SUB-00006846,CUST-001988,Schmidt-Phillips,NC-STORAGE,Nexus Storage,1,0.533187169137407,1,High
SUB-00006847,CUST-001988,Schmidt-Phillips,NC-INTEGRATION,Nexus Integration,0,0.21536939991082818,0,Low
SUB-00006848,CUST-001988,Schmidt-Phillips,NC-COMPUTE,Nexus Compute,0,0.22507107209860536,0,Low
SUB-00006849,CUST-001989,Wolfe-Salazar,NC-COMPUTE,Nexus Compute,1,0.8305483761564536,1,Critical
SUB-00006850,CUST-001989,Wolfe-Salazar,NC-STORAGE,Nexus Storage,1,0.8398726070193459,1,Critical
SUB-00006851,CUST-001989,Wolfe-Salazar,NC-SECURITY,Nexus Cloud Security,0,0.21711974033205061,0,Low
SUB-00006852,CUST-001989,Wolfe-Salazar,NC-INTEGRATION,Nexus Integration,0,0.22269044867110924,0,Low
SUB-00006853,CUST-001989,Wolfe-Salazar,NC-WAREHOUSE,Nexus Data Warehouse,0,0.8313652071916092,1,Critical
SUB-00006854,CUST-001990,"Norton, French and Miller",NC-SECURITY,Nexus Cloud Security,0,0.2063945582116438,0,Low
SUB-00006855,CUST-001990,"Norton, French and Miller",NC-SQL,Nexus SQL Database,1,0.518658756488427,1,High
SUB-00006856,CUST-001991,Fitzgerald-Brown,NC-STORAGE,Nexus Storage,0,0.19401051705240133,0,Low
SUB-00006857,CUST-001992,"Cox, Williams and Reyes",NC-AIMODEL,Nexus AI Models,0,0.19682102906839638,0,Low
SUB-00006858,CUST-001992,"Cox, Williams and Reyes",NC-INTEGRATION,Nexus Integration,1,0.8054554021877599,1,Critical
SUB-00006859,CUST-001992,"Cox, Williams and Reyes",NC-SECURITY,Nexus Cloud Security,1,0.8239245599303258,1,Critical
SUB-00006860,CUST-001992,"Cox, Williams and Reyes",NC-WAREHOUSE,Nexus Data Warehouse,0,0.4557134778861692,0,Medium
SUB-00006861,CUST-001992,"Cox, Williams and Reyes",NC-SQL,Nexus SQL Database,1,0.8031785928713281,1,Critical
SUB-00006862,CUST-001993,Harvey-Diaz,NC-ANALYTICS,Nexus Analytics,1,0.18286421055701155,0,Low
SUB-00006863,CUST-001993,Harvey-Diaz,NC-COMPUTE,Nexus Compute,1,0.7968345421710081,1,Critical
SUB-00006864,CUST-001993,Harvey-Diaz,NC-SECURITY,Nexus Cloud Security,0,0.18064668235753006,0,Low
SUB-00006865,CUST-001993,Harvey-Diaz,NC-SQL,Nexus SQL Database,0,0.19013568114104756,0,Low
SUB-00006866,CUST-001993,Harvey-Diaz,NC-INTEGRATION,Nexus Integration,0,0.8051105703624791,1,Critical
SUB-00006867,CUST-001993,Harvey-Diaz,NC-CONTAINER,Nexus Container Platform,0,0.19147602618079762,0,Low
SUB-00006868,CUST-001993,Harvey-Diaz,NC-STORAGE,Nexus Storage,1,0.5014156886246085,1,High
SUB-00006869,CUST-001994,Wong Ltd,NC-INTEGRATION,Nexus Integration,1,0.8237384534708287,1,Critical
SUB-00006870,CUST-001994,Wong Ltd,NC-ANALYTICS,Nexus Analytics,1,0.5208675225699927,1,High
SUB-00006871,CUST-001994,Wong Ltd,NC-COMPUTE,Nexus Compute,0,0.5246748574276172,1,High
SUB-00006872,CUST-001995,Castro and Sons,NC-WAREHOUSE,Nexus Data Warehouse,1,0.8329536003494695,1,Critical
SUB-00006873,CUST-001995,Castro and Sons,NC-COMPUTE,Nexus Compute,1,0.8317249227608406,1,Critical
SUB-00006874,CUST-001995,Castro and Sons,NC-SECURITY,Nexus Cloud Security,1,0.5373655650684244,1,High
SUB-00006875,CUST-001995,Castro and Sons,NC-ANALYTICS,Nexus Analytics,0,0.5482096315902136,1,High
SUB-00006876,CUST-001995,Castro and Sons,NC-SQL,Nexus SQL Database,1,0.548554706027568,1,High
SUB-00006877,CUST-001995,Castro and Sons,NC-CONTAINER,Nexus Container Platform,1,0.21510949717468153,0,Low
SUB-00006878,CUST-001996,Zavala and Sons,NC-WAREHOUSE,Nexus Data Warehouse,0,0.18020718589817575,0,Low
SUB-00006879,CUST-001996,Zavala and Sons,NC-ANALYTICS,Nexus Analytics,0,0.4632291461342914,0,Medium
SUB-00006880,CUST-001997,"Wilson, Mendoza and Crosby",NC-SQL,Nexus SQL Database,0,0.23108381348974585,0,Low
SUB-00006881,CUST-001998,"Pitts, Warner and Mullins",NC-SECURITY,Nexus Cloud Security,0,0.8179979557025583,1,Critical
SUB-00006882,CUST-001999,Flores LLC,NC-SECURITY,Nexus Cloud Security,0,0.21327210365126878,0,Low
SUB-00006883,CUST-001999,Flores LLC,NC-STORAGE,Nexus Storage,1,0.8260329755615439,1,Critical
SUB-00006884,CUST-001999,Flores LLC,NC-INTEGRATION,Nexus Integration,0,0.5446593228230445,1,High
SUB-00006885,CUST-002000,"Frazier, Ramirez and Brown",NC-INTEGRATION,Nexus Integration,0,0.21944809294371695,0,Low
SUB-00006886,CUST-002000,"Frazier, Ramirez and Brown",NC-STORAGE,Nexus Storage,0,0.8291054790767253,1,Critical
SUB-00006887,CUST-002000,"Frazier, Ramirez and Brown",NC-WAREHOUSE,Nexus Data Warehouse,0,0.5613485493767992,1,High
SUB-00006888,CUST-002000,"Frazier, Ramirez and Brown",NC-SQL,Nexus SQL Database,0,0.22641410181296073,0,Low
SUB-00006889,CUST-002001,Chavez-Mason,NC-COMPUTE,Nexus Compute,1,0.18862319031500768,0,Low
SUB-00006890,CUST-002001,Chavez-Mason,NC-SQL,Nexus SQL Database,1,0.7893698043162785,1,Critical
SUB-00006891,CUST-002002,Harrison PLC,NC-SECURITY,Nexus Cloud Security,0,0.5018464041194556,1,High
SUB-00006892,CUST-002002,Harrison PLC,NC-WAREHOUSE,Nexus Data Warehouse,0,0.8116444323488172,1,Critical
SUB-00006893,CUST-002003,"Bryan, Lam and Hayes",NC-STORAGE,Nexus Storage,0,0.4920082893516166,0,Medium
SUB-00006894,CUST-002003,"Bryan, Lam and Hayes",NC-CONTAINER,Nexus Container Platform,1,0.1985563858601697,0,Low
SUB-00006895,CUST-002003,"Bryan, Lam and Hayes",NC-COMPUTE,Nexus Compute,0,0.1975833406795256,0,Low
SUB-00006896,CUST-002004,Marsh-Dougherty,NC-WAREHOUSE,Nexus Data Warehouse,1,0.5509792565302453,1,High
SUB-00006897,CUST-002004,Marsh-Dougherty,NC-INTEGRATION,Nexus Integration,1,0.22541121906896994,0,Low
SUB-00006898,CUST-002005,Lopez Group,NC-SQL,Nexus SQL Database,1,0.22791284487657523,0,Low
SUB-00006899,CUST-002005,Lopez Group,NC-CONTAINER,Nexus Container Platform,1,0.8339463639758701,1,Critical
SUB-00006900,CUST-002005,Lopez Group,NC-COMPUTE,Nexus Compute,1,0.8263368752845461,1,Critical
SUB-00006901,CUST-002006,Miller and Sons,NC-SECURITY,Nexus Cloud Security,0,0.5132586547370794,1,High
SUB-00006902,CUST-002006,Miller and Sons,NC-AIMODEL,Nexus AI Models,0,0.21750066023711498,0,Low
SUB-00006903,CUST-002006,Miller and Sons,NC-INTEGRATION,Nexus Integration,0,0.5369792245026911,1,High
SUB-00006904,CUST-002007,Mullen-Jones,NC-SECURITY,Nexus Cloud Security,1,0.8089767660826455,1,Critical
SUB-00006905,CUST-002007,Mullen-Jones,NC-INTEGRATION,Nexus Integration,1,0.8339462203861545,1,Critical
SUB-00006906,CUST-002007,Mullen-Jones,NC-CONTAINER,Nexus Container Platform,0,0.2109008130120037,0,Low
SUB-00006907,CUST-002007,Mullen-Jones,NC-COMPUTE,Nexus Compute,1,0.8114340540213205,1,Critical
SUB-00006908,CUST-002007,Mullen-Jones,NC-SQL,Nexus SQL Database,0,0.5206652202793096,1,High
SUB-00006909,CUST-002007,Mullen-Jones,NC-WAREHOUSE,Nexus Data Warehouse,0,0.21705793075031232,0,Low
SUB-00006910,CUST-002007,Mullen-Jones,NC-STORAGE,Nexus Storage,0,0.20439484966836047,0,Low
SUB-00006911,CUST-002008,Hill Ltd,NC-ANALYTICS,Nexus Analytics,0,0.4696995382555691,0,Medium
SUB-00006912,CUST-002008,Hill Ltd,NC-CONTAINER,Nexus Container Platform,1,0.7825437170807044,1,Critical
SUB-00006913,CUST-002008,Hill Ltd,NC-COMPUTE,Nexus Compute,0,0.18454781629795422,0,Low
SUB-00006914,CUST-002008,Hill Ltd,NC-STORAGE,Nexus Storage,1,0.795555502387097,1,Critical
SUB-00006915,CUST-002008,Hill Ltd,NC-SECURITY,Nexus Cloud Security,0,0.4827338070345559,0,Medium
SUB-00006916,CUST-002009,Crawford and Sons,NC-ANALYTICS,Nexus Analytics,1,0.8356781141003533,1,Critical
SUB-00006917,CUST-002009,Crawford and Sons,NC-SQL,Nexus SQL Database,0,0.5639713927398486,1,High
SUB-00006918,CUST-002009,Crawford and Sons,NC-CONTAINER,Nexus Container Platform,1,0.846957980368939,1,Critical
SUB-00006919,CUST-002009,Crawford and Sons,NC-COMPUTE,Nexus Compute,0,0.5556951222285246,1,High
SUB-00006920,CUST-002010,"Crane, Johnson and Butler",NC-SECURITY,Nexus Cloud Security,0,0.7730463281769544,1,Critical
SUB-00006921,CUST-002010,"Crane, Johnson and Butler",NC-COMPUTE,Nexus Compute,1,0.1667718779930018,0,Low
SUB-00006922,CUST-002011,"Weaver, Anderson and Reed",NC-AISEARCH,Nexus AI Search,1,0.8380421903387597,1,Critical
SUB-00006923,CUST-002011,"Weaver, Anderson and Reed",NC-COMPUTE,Nexus Compute,0,0.20648175675734395,0,Low
SUB-00006924,CUST-002011,"Weaver, Anderson and Reed",NC-STORAGE,Nexus Storage,1,0.8176174415275109,1,Critical
SUB-00006925,CUST-002011,"Weaver, Anderson and Reed",NC-CONTAINER,Nexus Container Platform,1,0.8316416833357799,1,Critical
SUB-00006926,CUST-002011,"Weaver, Anderson and Reed",NC-ANALYTICS,Nexus Analytics,1,0.2109221509934672,0,Low
SUB-00006927,CUST-002011,"Weaver, Anderson and Reed",NC-INTEGRATION,Nexus Integration,0,0.20867663367149106,0,Low
SUB-00006928,CUST-002011,"Weaver, Anderson and Reed",NC-AIMODEL,Nexus AI Models,0,0.2318752902448962,0,Low
SUB-00006929,CUST-002012,Rojas-Smith,NC-WAREHOUSE,Nexus Data Warehouse,1,0.2060819279922829,0,Low
SUB-00006930,CUST-002012,Rojas-Smith,NC-AISEARCH,Nexus AI Search,0,0.236309660440343,0,Low
SUB-00006931,CUST-002012,Rojas-Smith,NC-STORAGE,Nexus Storage,0,0.8135358715676551,1,Critical
SUB-00006932,CUST-002012,Rojas-Smith,NC-CONTAINER,Nexus Container Platform,1,0.5000311917088097,1,High
SUB-00006933,CUST-002012,Rojas-Smith,NC-SECURITY,Nexus Cloud Security,0,0.21493661088791463,0,Low
SUB-00006934,CUST-002013,Brown and Sons,NC-CONTAINER,Nexus Container Platform,1,0.8266419071207972,1,Critical
SUB-00006935,CUST-002014,"Newman, Jenkins and Cooper",NC-COMPUTE,Nexus Compute,1,0.547671319070021,1,High
SUB-00006936,CUST-002014,"Newman, Jenkins and Cooper",NC-CONTAINER,Nexus Container Platform,0,0.2261333387658051,0,Low
SUB-00006937,CUST-002014,"Newman, Jenkins and Cooper",NC-WAREHOUSE,Nexus Data Warehouse,1,0.5714309941596012,1,High
SUB-00006938,CUST-002015,"Buchanan, Tucker and Wade",NC-INTEGRATION,Nexus Integration,1,0.779172209647852,1,Critical
SUB-00006939,CUST-002015,"Buchanan, Tucker and Wade",NC-SECURITY,Nexus Cloud Security,1,0.7868143624386521,1,Critical
SUB-00006940,CUST-002015,"Buchanan, Tucker and Wade",NC-ANALYTICS,Nexus Analytics,1,0.7916815258540857,1,Critical
SUB-00006941,CUST-002016,"Wilkinson, Wallace and Torres",NC-INTEGRATION,Nexus Integration,0,0.2347267114110307,0,Low
SUB-00006942,CUST-002016,"Wilkinson, Wallace and Torres",NC-CONTAINER,Nexus Container Platform,1,0.8402176798755147,1,Critical
SUB-00006943,CUST-002016,"Wilkinson, Wallace and Torres",NC-COMPUTE,Nexus Compute,0,0.21837160911582473,0,Low
SUB-00006944,CUST-002016,"Wilkinson, Wallace and Torres",NC-WAREHOUSE,Nexus Data Warehouse,1,0.8357134536789009,1,Critical
SUB-00006945,CUST-002017,Villanueva LLC,NC-AIMODEL,Nexus AI Models,1,0.8286225545683955,1,Critical
SUB-00006946,CUST-002017,Villanueva LLC,NC-AISEARCH,Nexus AI Search,1,0.4950663885576389,0,Medium
SUB-00006947,CUST-002017,Villanueva LLC,NC-COMPUTE,Nexus Compute,1,0.22406417108967344,0,Low
SUB-00006948,CUST-002017,Villanueva LLC,NC-ANALYTICS,Nexus Analytics,0,0.237985569610789,0,Low
SUB-00006949,CUST-002017,Villanueva LLC,NC-SQL,Nexus SQL Database,1,0.5685730559099809,1,High
SUB-00006950,CUST-002017,Villanueva LLC,NC-WAREHOUSE,Nexus Data Warehouse,0,0.1982865428744992,0,Low
SUB-00006951,CUST-002017,Villanueva LLC,NC-STORAGE,Nexus Storage,1,0.8283300045013273,1,Critical
SUB-00006952,CUST-002017,Villanueva LLC,NC-SECURITY,Nexus Cloud Security,0,0.2207476044614932,0,Low
SUB-00006953,CUST-002017,Villanueva LLC,NC-INTEGRATION,Nexus Integration,1,0.5764808745948197,1,High
SUB-00006954,CUST-002018,Mccormick and Sons,NC-SECURITY,Nexus Cloud Security,1,0.474956182016978,0,Medium
SUB-00006955,CUST-002019,Watson-Roberts,NC-STORAGE,Nexus Storage,1,0.8218848988687594,1,Critical
SUB-00006956,CUST-002019,Watson-Roberts,NC-SECURITY,Nexus Cloud Security,0,0.21022335062041717,0,Low
SUB-00006957,CUST-002019,Watson-Roberts,NC-WAREHOUSE,Nexus Data Warehouse,1,0.509705368697376,1,High
SUB-00006958,CUST-002019,Watson-Roberts,NC-SQL,Nexus SQL Database,0,0.19959308464367181,0,Low
SUB-00006959,CUST-002020,Hernandez LLC,NC-ANALYTICS,Nexus Analytics,1,0.5100039221661842,1,High
SUB-00006960,CUST-002021,Huber-Montgomery,NC-WAREHOUSE,Nexus Data Warehouse,1,0.25434156292472787,0,Medium
SUB-00006961,CUST-002021,Huber-Montgomery,NC-STORAGE,Nexus Storage,1,0.5849051867744418,1,High
SUB-00006962,CUST-002021,Huber-Montgomery,NC-SECURITY,Nexus Cloud Security,1,0.5268390453794456,1,High
SUB-00006963,CUST-002021,Huber-Montgomery,NC-ANALYTICS,Nexus Analytics,0,0.4755548585651418,0,Medium
SUB-00006964,CUST-002021,Huber-Montgomery,NC-SQL,Nexus SQL Database,1,0.8464477477237277,1,Critical
SUB-00006965,CUST-002021,Huber-Montgomery,NC-INTEGRATION,Nexus Integration,1,0.8476833004103685,1,Critical
SUB-00006966,CUST-002021,Huber-Montgomery,NC-CONTAINER,Nexus Container Platform,1,0.7900507497103986,1,Critical
SUB-00006967,CUST-002021,Huber-Montgomery,NC-COMPUTE,Nexus Compute,0,0.5337624684349427,1,High
SUB-00006968,CUST-002022,Joseph LLC,NC-CONTAINER,Nexus Container Platform,1,0.1985203572329012,0,Low
SUB-00006969,CUST-002022,Joseph LLC,NC-INTEGRATION,Nexus Integration,1,0.4930046630162897,0,Medium
SUB-00006970,CUST-002022,Joseph LLC,NC-STORAGE,Nexus Storage,0,0.1982769005446055,0,Low
SUB-00006971,CUST-002023,Mcpherson Ltd,NC-SECURITY,Nexus Cloud Security,1,0.8270040618270369,1,Critical
SUB-00006972,CUST-002023,Mcpherson Ltd,NC-WAREHOUSE,Nexus Data Warehouse,0,0.5494677772427786,1,High
SUB-00006973,CUST-002024,"Conway, Bauer and Martin",NC-STORAGE,Nexus Storage,1,0.4942403684129813,0,Medium
SUB-00006974,CUST-002024,"Conway, Bauer and Martin",NC-ANALYTICS,Nexus Analytics,1,0.7958837887665856,1,Critical
SUB-00006975,CUST-002024,"Conway, Bauer and Martin",NC-WAREHOUSE,Nexus Data Warehouse,1,0.7961798180626756,1,Critical
SUB-00006976,CUST-002025,Williams LLC,NC-SECURITY,Nexus Cloud Security,1,0.847276389312827,1,Critical
SUB-00006977,CUST-002025,Williams LLC,NC-INTEGRATION,Nexus Integration,0,0.5473752965843971,1,High
SUB-00006978,CUST-002025,Williams LLC,NC-ANALYTICS,Nexus Analytics,1,0.5634904655406964,1,High
SUB-00006979,CUST-002026,"Martinez, Green and Lopez",NC-WAREHOUSE,Nexus Data Warehouse,0,0.8161048036062534,1,Critical
SUB-00006980,CUST-002026,"Martinez, Green and Lopez",NC-ANALYTICS,Nexus Analytics,1,0.2241651840571001,0,Low
SUB-00006981,CUST-002026,"Martinez, Green and Lopez",NC-AIMODEL,Nexus AI Models,1,0.8357376274968545,1,Critical
SUB-00006982,CUST-002026,"Martinez, Green and Lopez",NC-INTEGRATION,Nexus Integration,1,0.22354250105931892,0,Low
SUB-00006983,CUST-002026,"Martinez, Green and Lopez",NC-SECURITY,Nexus Cloud Security,0,0.21958551656222802,0,Low
SUB-00006984,CUST-002026,"Martinez, Green and Lopez",NC-SQL,Nexus SQL Database,0,0.5418458679996941,1,High
SUB-00006985,CUST-002026,"Martinez, Green and Lopez",NC-COMPUTE,Nexus Compute,1,0.21811234787604977,0,Low
SUB-00006986,CUST-002027,"Mann, Wade and Spence",NC-SECURITY,Nexus Cloud Security,0,0.49997003294257375,0,Medium
SUB-00006987,CUST-002027,"Mann, Wade and Spence",NC-WAREHOUSE,Nexus Data Warehouse,0,0.21302413551624472,0,Low
SUB-00006988,CUST-002027,"Mann, Wade and Spence",NC-COMPUTE,Nexus Compute,0,0.5304373131008538,1,High
SUB-00006989,CUST-002027,"Mann, Wade and Spence",NC-STORAGE,Nexus Storage,1,0.18793596191440726,0,Low
SUB-00006990,CUST-002027,"Mann, Wade and Spence",NC-CONTAINER,Nexus Container Platform,1,0.81983680006925,1,Critical
SUB-00006991,CUST-002027,"Mann, Wade and Spence",NC-ANALYTICS,Nexus Analytics,0,0.5171336205496437,1,High
SUB-00006992,CUST-002028,Watson PLC,NC-AISEARCH,Nexus AI Search,0,0.21730409867549724,0,Low
SUB-00006993,CUST-002028,Watson PLC,NC-ANALYTICS,Nexus Analytics,0,0.20618456446967573,0,Low
SUB-00006994,CUST-002028,Watson PLC,NC-STORAGE,Nexus Storage,0,0.2029422488161649,0,Low
SUB-00006995,CUST-002028,Watson PLC,NC-WAREHOUSE,Nexus Data Warehouse,0,0.20750223048728575,0,Low
SUB-00006996,CUST-002028,Watson PLC,NC-SQL,Nexus SQL Database,1,0.821095892387763,1,Critical
SUB-00006997,CUST-002029,Ferguson Inc,NC-INTEGRATION,Nexus Integration,1,0.17805820267139144,0,Low
SUB-00006998,CUST-002029,Ferguson Inc,NC-SECURITY,Nexus Cloud Security,0,0.7873557236870069,1,Critical
SUB-00006999,CUST-002030,Sullivan Group,NC-CONTAINER,Nexus Container Platform,0,0.22207456834671135,0,Low
SUB-00007000,CUST-002030,Sullivan Group,NC-WAREHOUSE,Nexus Data Warehouse,0,0.23591208111520323,0,Low
SUB-00007001,CUST-002030,Sullivan Group,NC-COMPUTE,Nexus Compute,1,0.835054991326592,1,Critical
SUB-00007002,CUST-002030,Sullivan Group,NC-SQL,Nexus SQL Database,1,0.23293807798801222,0,Low
SUB-00007003,CUST-002030,Sullivan Group,NC-STORAGE,Nexus Storage,1,0.2268271955920009,0,Low
SUB-00007004,CUST-002030,Sullivan Group,NC-ANALYTICS,Nexus Analytics,0,0.8398902176706844,1,Critical
SUB-00007005,CUST-002031,Gould LLC,NC-STORAGE,Nexus Storage,0,0.19002517703861513,0,Low
SUB-00007006,CUST-002031,Gould LLC,NC-WAREHOUSE,Nexus Data Warehouse,1,0.8167908270676192,1,Critical
SUB-00007007,CUST-002032,Smith Ltd,NC-CONTAINER,Nexus Container Platform,0,0.49636281674565114,0,Medium
SUB-00007008,CUST-002032,Smith Ltd,NC-INTEGRATION,Nexus Integration,1,0.5173983906059141,1,High
SUB-00007009,CUST-002032,Smith Ltd,NC-COMPUTE,Nexus Compute,0,0.20073649427164317,0,Low
SUB-00007010,CUST-002033,"Cantrell, Rivera and Thornton",NC-SQL,Nexus SQL Database,0,0.5381534004121554,1,High
SUB-00007011,CUST-002033,"Cantrell, Rivera and Thornton",NC-WAREHOUSE,Nexus Data Warehouse,1,0.8306993071714956,1,Critical
SUB-00007012,CUST-002033,"Cantrell, Rivera and Thornton",NC-SECURITY,Nexus Cloud Security,1,0.8205411102488772,1,Critical
SUB-00007013,CUST-002033,"Cantrell, Rivera and Thornton",NC-STORAGE,Nexus Storage,1,0.5327576192410398,1,High
SUB-00007014,CUST-002034,Kemp-Montes,NC-AISEARCH,Nexus AI Search,1,0.8479214359162985,1,Critical
SUB-00007015,CUST-002034,Kemp-Montes,NC-SECURITY,Nexus Cloud Security,0,0.2267172651105144,0,Low
SUB-00007016,CUST-002035,"Estrada, Marsh and Chandler",NC-INTEGRATION,Nexus Integration,0,0.19728061814268516,0,Low
SUB-00007017,CUST-002035,"Estrada, Marsh and Chandler",NC-STORAGE,Nexus Storage,0,0.5255984437708948,1,High
SUB-00007018,CUST-002036,Morgan-Rodriguez,NC-STORAGE,Nexus Storage,1,0.8276712300911178,1,Critical
SUB-00007019,CUST-002036,Morgan-Rodriguez,NC-AISEARCH,Nexus AI Search,0,0.5796674060416213,1,High
SUB-00007020,CUST-002037,Mccullough-Taylor,NC-SECURITY,Nexus Cloud Security,1,0.8098408830944973,1,Critical
SUB-00007021,CUST-002037,Mccullough-Taylor,NC-CONTAINER,Nexus Container Platform,1,0.8309069855620452,1,Critical
SUB-00007022,CUST-002037,Mccullough-Taylor,NC-STORAGE,Nexus Storage,0,0.2251435916985201,0,Low
SUB-00007023,CUST-002037,Mccullough-Taylor,NC-ANALYTICS,Nexus Analytics,1,0.5357607646429112,1,High
SUB-00007024,CUST-002038,"Wilson, Johnson and Williamson",NC-AISEARCH,Nexus AI Search,1,0.8039466198098097,1,Critical
SUB-00007025,CUST-002038,"Wilson, Johnson and Williamson",NC-SECURITY,Nexus Cloud Security,0,0.18488309924790594,0,Low
SUB-00007026,CUST-002038,"Wilson, Johnson and Williamson",NC-AIMODEL,Nexus AI Models,0,0.5273145429034788,1,High
SUB-00007027,CUST-002038,"Wilson, Johnson and Williamson",NC-CONTAINER,Nexus Container Platform,1,0.4943253806883608,0,Medium
SUB-00007028,CUST-002038,"Wilson, Johnson and Williamson",NC-INTEGRATION,Nexus Integration,1,0.18789971856505425,0,Low
SUB-00007029,CUST-002039,Griffin Inc,NC-WAREHOUSE,Nexus Data Warehouse,1,0.858389766056513,1,Critical
SUB-00007030,CUST-002039,Griffin Inc,NC-SECURITY,Nexus Cloud Security,1,0.5740715168392154,1,High
SUB-00007031,CUST-002039,Griffin Inc,NC-COMPUTE,Nexus Compute,0,0.8499789615300114,1,Critical
SUB-00007032,CUST-002039,Griffin Inc,NC-INTEGRATION,Nexus Integration,1,0.26949186542561965,0,Medium
SUB-00007033,CUST-002039,Griffin Inc,NC-AISEARCH,Nexus AI Search,1,0.6460887839208365,1,High
SUB-00007034,CUST-002039,Griffin Inc,NC-ANALYTICS,Nexus Analytics,1,0.2311979920073882,0,Low
SUB-00007035,CUST-002040,Brown-Davidson,NC-STORAGE,Nexus Storage,1,0.8274669450122569,1,Critical
SUB-00007036,CUST-002041,"Fox, Harrington and Wang",NC-AIMODEL,Nexus AI Models,1,0.21502527148416328,0,Low
SUB-00007037,CUST-002041,"Fox, Harrington and Wang",NC-WAREHOUSE,Nexus Data Warehouse,1,0.5342416186333371,1,High
SUB-00007038,CUST-002041,"Fox, Harrington and Wang",NC-SECURITY,Nexus Cloud Security,1,0.8142769106324224,1,Critical
SUB-00007039,CUST-002042,Johnson PLC,NC-ANALYTICS,Nexus Analytics,0,0.5505503678513219,1,High
SUB-00007040,CUST-002042,Johnson PLC,NC-COMPUTE,Nexus Compute,1,0.834451311725781,1,Critical
SUB-00007041,CUST-002042,Johnson PLC,NC-WAREHOUSE,Nexus Data Warehouse,1,0.5368588480996411,1,High
SUB-00007042,CUST-002043,Rhodes-Rosario,NC-ANALYTICS,Nexus Analytics,1,0.18246188421798376,0,Low
SUB-00007043,CUST-002043,Rhodes-Rosario,NC-SQL,Nexus SQL Database,1,0.47430684405573703,0,Medium
SUB-00007044,CUST-002044,"Foster, Henry and Morrison",NC-ANALYTICS,Nexus Analytics,0,0.18456155253615805,0,Low
SUB-00007045,CUST-002045,"Harding, Kerr and Ward",NC-COMPUTE,Nexus Compute,1,0.8512494290323487,1,Critical
SUB-00007046,CUST-002045,"Harding, Kerr and Ward",NC-INTEGRATION,Nexus Integration,0,0.24730904338074042,0,Low
SUB-00007047,CUST-002045,"Harding, Kerr and Ward",NC-SECURITY,Nexus Cloud Security,0,0.5635944404865068,1,High
SUB-00007048,CUST-002046,Baldwin Group,NC-AIMODEL,Nexus AI Models,0,0.565880916708003,1,High
SUB-00007049,CUST-002047,Hughes-Smith,NC-INTEGRATION,Nexus Integration,1,0.8090792256292356,1,Critical
SUB-00007050,CUST-002047,Hughes-Smith,NC-AIMODEL,Nexus AI Models,1,0.8030242220529997,1,Critical
SUB-00007051,CUST-002047,Hughes-Smith,NC-WAREHOUSE,Nexus Data Warehouse,0,0.1922935270867397,0,Low
SUB-00007052,CUST-002047,Hughes-Smith,NC-AISEARCH,Nexus AI Search,1,0.5296889015459514,1,High
SUB-00007053,CUST-002047,Hughes-Smith,NC-STORAGE,Nexus Storage,1,0.7992951458968305,1,Critical
SUB-00007054,CUST-002047,Hughes-Smith,NC-CONTAINER,Nexus Container Platform,0,0.1878591337639368,0,Low
SUB-00007055,CUST-002047,Hughes-Smith,NC-COMPUTE,Nexus Compute,1,0.5118197816364896,1,High
SUB-00007056,CUST-002048,Bell-Madden,NC-SECURITY,Nexus Cloud Security,1,0.8327776107520046,1,Critical
SUB-00007057,CUST-002048,Bell-Madden,NC-CONTAINER,Nexus Container Platform,0,0.5485285032518336,1,High
SUB-00007058,CUST-002048,Bell-Madden,NC-WAREHOUSE,Nexus Data Warehouse,0,0.2427064047502237,0,Low
SUB-00007059,CUST-002049,"Miller, Luna and Wallace",NC-CONTAINER,Nexus Container Platform,1,0.4963261399933,0,Medium
SUB-00007060,CUST-002049,"Miller, Luna and Wallace",NC-STORAGE,Nexus Storage,0,0.2049397119856829,0,Low
SUB-00007061,CUST-002050,Lara-Roberts,NC-CONTAINER,Nexus Container Platform,1,0.8133036634267192,1,Critical
SUB-00007062,CUST-002050,Lara-Roberts,NC-SQL,Nexus SQL Database,1,0.811034777554469,1,Critical
SUB-00007063,CUST-002050,Lara-Roberts,NC-STORAGE,Nexus Storage,1,0.821532826077227,1,Critical
SUB-00007064,CUST-002050,Lara-Roberts,NC-INTEGRATION,Nexus Integration,0,0.5262271781545215,1,High
SUB-00007065,CUST-002050,Lara-Roberts,NC-WAREHOUSE,Nexus Data Warehouse,0,0.1996633898838773,0,Low
SUB-00007066,CUST-002051,"Waller, Coleman and Mosley",NC-SQL,Nexus SQL Database,0,0.24315782902272742,0,Low
SUB-00007067,CUST-002052,Houston PLC,NC-SQL,Nexus SQL Database,0,0.20119946529843932,0,Low
SUB-00007068,CUST-002052,Houston PLC,NC-WAREHOUSE,Nexus Data Warehouse,1,0.8271011392520143,1,Critical
SUB-00007069,CUST-002052,Houston PLC,NC-ANALYTICS,Nexus Analytics,1,0.5138762898455498,1,High
SUB-00007070,CUST-002052,Houston PLC,NC-COMPUTE,Nexus Compute,1,0.20224629586069406,0,Low
SUB-00007071,CUST-002052,Houston PLC,NC-SECURITY,Nexus Cloud Security,1,0.8042124873769798,1,Critical
SUB-00007072,CUST-002052,Houston PLC,NC-INTEGRATION,Nexus Integration,0,0.5225501472402971,1,High
SUB-00007073,CUST-002052,Houston PLC,NC-CONTAINER,Nexus Container Platform,1,0.8134900780460116,1,Critical
SUB-00007074,CUST-002053,Thomas LLC,NC-INTEGRATION,Nexus Integration,0,0.8237296095510398,1,Critical
SUB-00007075,CUST-002053,Thomas LLC,NC-SECURITY,Nexus Cloud Security,0,0.197218384122316,0,Low
SUB-00007076,CUST-002053,Thomas LLC,NC-WAREHOUSE,Nexus Data Warehouse,0,0.8255763892773237,1,Critical
SUB-00007077,CUST-002054,Mcneil-Fox,NC-ANALYTICS,Nexus Analytics,0,0.5109762734533115,1,High
SUB-00007078,CUST-002055,Jones-Choi,NC-SECURITY,Nexus Cloud Security,1,0.8055345977829239,1,Critical
SUB-00007079,CUST-002055,Jones-Choi,NC-STORAGE,Nexus Storage,0,0.4873586785249999,0,Medium
SUB-00007080,CUST-002055,Jones-Choi,NC-COMPUTE,Nexus Compute,1,0.4886845600368187,0,Medium
SUB-00007081,CUST-002055,Jones-Choi,NC-SQL,Nexus SQL Database,0,0.19687562689116683,0,Low
SUB-00007082,CUST-002056,Davis-Ortiz,NC-WAREHOUSE,Nexus Data Warehouse,1,0.2480874503897237,0,Low
SUB-00007083,CUST-002056,Davis-Ortiz,NC-INTEGRATION,Nexus Integration,0,0.5765789231382492,1,High
SUB-00007084,CUST-002056,Davis-Ortiz,NC-STORAGE,Nexus Storage,1,0.23072135748526612,0,Low
SUB-00007085,CUST-002057,Perry-Peters,NC-WAREHOUSE,Nexus Data Warehouse,0,0.5276890120845712,1,High
SUB-00007086,CUST-002057,Perry-Peters,NC-AISEARCH,Nexus AI Search,0,0.8269262368096022,1,Critical
SUB-00007087,CUST-002057,Perry-Peters,NC-STORAGE,Nexus Storage,0,0.521539026559695,1,High
SUB-00007088,CUST-002057,Perry-Peters,NC-AIMODEL,Nexus AI Models,1,0.5234635565491651,1,High
SUB-00007089,CUST-002057,Perry-Peters,NC-ANALYTICS,Nexus Analytics,1,0.823228296863524,1,Critical
SUB-00007090,CUST-002057,Perry-Peters,NC-COMPUTE,Nexus Compute,1,0.8204722806878026,1,Critical
SUB-00007091,CUST-002058,"Bradley, Melendez and Gonzalez",NC-COMPUTE,Nexus Compute,0,0.22586645800899513,0,Low
SUB-00007092,CUST-002058,"Bradley, Melendez and Gonzalez",NC-WAREHOUSE,Nexus Data Warehouse,0,0.8247955821009326,1,Critical
SUB-00007093,CUST-002058,"Bradley, Melendez and Gonzalez",NC-CONTAINER,Nexus Container Platform,1,0.5477686753577664,1,High
SUB-00007094,CUST-002059,Roberts-Henry,NC-AISEARCH,Nexus AI Search,1,0.8430019824230568,1,Critical
SUB-00007095,CUST-002059,Roberts-Henry,NC-WAREHOUSE,Nexus Data Warehouse,0,0.5397562359955635,1,High
SUB-00007096,CUST-002059,Roberts-Henry,NC-SQL,Nexus SQL Database,1,0.17459637502643469,0,Low
SUB-00007097,CUST-002059,Roberts-Henry,NC-ANALYTICS,Nexus Analytics,0,0.23442841541950962,0,Low
SUB-00007098,CUST-002059,Roberts-Henry,NC-INTEGRATION,Nexus Integration,1,0.809822822430522,1,Critical
SUB-00007099,CUST-002059,Roberts-Henry,NC-CONTAINER,Nexus Container Platform,0,0.20328550792035469,0,Low
SUB-00007100,CUST-002059,Roberts-Henry,NC-SECURITY,Nexus Cloud Security,1,0.5584648401479803,1,High
SUB-00007101,CUST-002059,Roberts-Henry,NC-AIMODEL,Nexus AI Models,1,0.5886519150628066,1,High
SUB-00007102,CUST-002060,Davenport-Torres,NC-AIMODEL,Nexus AI Models,1,0.8536451684862616,1,Critical
SUB-00007103,CUST-002060,Davenport-Torres,NC-COMPUTE,Nexus Compute,1,0.8406764448784174,1,Critical
SUB-00007104,CUST-002060,Davenport-Torres,NC-SECURITY,Nexus Cloud Security,1,0.5526921348146916,1,High
SUB-00007105,CUST-002060,Davenport-Torres,NC-AISEARCH,Nexus AI Search,0,0.8502689981175149,1,Critical
SUB-00007106,CUST-002060,Davenport-Torres,NC-SQL,Nexus SQL Database,1,0.853186894403587,1,Critical
SUB-00007107,CUST-002060,Davenport-Torres,NC-WAREHOUSE,Nexus Data Warehouse,1,0.24237961490434454,0,Low
SUB-00007108,CUST-002060,Davenport-Torres,NC-ANALYTICS,Nexus Analytics,1,0.8535647425124686,1,Critical
SUB-00007109,CUST-002061,"Singh, Walker and Moody",NC-WAREHOUSE,Nexus Data Warehouse,0,0.1686815336507167,0,Low
SUB-00007110,CUST-002062,Baker Ltd,NC-WAREHOUSE,Nexus Data Warehouse,1,0.8215751869928773,1,Critical
SUB-00007111,CUST-002062,Baker Ltd,NC-COMPUTE,Nexus Compute,0,0.21761256302909684,0,Low
SUB-00007112,CUST-002063,"Kennedy, Valdez and Stafford",NC-AISEARCH,Nexus AI Search,0,0.20812975105495518,0,Low
SUB-00007113,CUST-002064,White-Knox,NC-INTEGRATION,Nexus Integration,1,0.8557861771120794,1,Critical
SUB-00007114,CUST-002064,White-Knox,NC-SECURITY,Nexus Cloud Security,1,0.8351474791999202,1,Critical
SUB-00007115,CUST-002064,White-Knox,NC-CONTAINER,Nexus Container Platform,1,0.5528267302787606,1,High
SUB-00007116,CUST-002064,White-Knox,NC-ANALYTICS,Nexus Analytics,1,0.5291214444914305,1,High
SUB-00007117,CUST-002064,White-Knox,NC-STORAGE,Nexus Storage,0,0.2500043594708872,0,Medium
SUB-00007118,CUST-002064,White-Knox,NC-WAREHOUSE,Nexus Data Warehouse,1,0.8321381189886559,1,Critical
SUB-00007119,CUST-002064,White-Knox,NC-SQL,Nexus SQL Database,1,0.8490222642193868,1,Critical
SUB-00007120,CUST-002065,"Sanchez, Wilson and Ramirez",NC-INTEGRATION,Nexus Integration,1,0.8381228165873058,1,Critical
SUB-00007121,CUST-002065,"Sanchez, Wilson and Ramirez",NC-STORAGE,Nexus Storage,0,0.5550824817605083,1,High
SUB-00007122,CUST-002065,"Sanchez, Wilson and Ramirez",NC-AIMODEL,Nexus AI Models,0,0.5886364973755465,1,High
SUB-00007123,CUST-002066,George LLC,NC-SECURITY,Nexus Cloud Security,1,0.22040850134503576,0,Low
SUB-00007124,CUST-002066,George LLC,NC-STORAGE,Nexus Storage,1,0.5205293459855823,1,High
SUB-00007125,CUST-002066,George LLC,NC-WAREHOUSE,Nexus Data Warehouse,1,0.19908680772719123,0,Low
SUB-00007126,CUST-002066,George LLC,NC-SQL,Nexus SQL Database,1,0.8153858700691737,1,Critical
SUB-00007127,CUST-002066,George LLC,NC-CONTAINER,Nexus Container Platform,1,0.8143967398582145,1,Critical
SUB-00007128,CUST-002066,George LLC,NC-ANALYTICS,Nexus Analytics,0,0.18485628626024841,0,Low
SUB-00007129,CUST-002066,George LLC,NC-COMPUTE,Nexus Compute,0,0.1799600361054252,0,Low
SUB-00007130,CUST-002066,George LLC,NC-INTEGRATION,Nexus Integration,0,0.48406024605279224,0,Medium
SUB-00007131,CUST-002067,"Castillo, Graham and Scott",NC-SECURITY,Nexus Cloud Security,1,0.5360789394495522,1,High
SUB-00007132,CUST-002067,"Castillo, Graham and Scott",NC-INTEGRATION,Nexus Integration,0,0.22079845624673772,0,Low
SUB-00007133,CUST-002067,"Castillo, Graham and Scott",NC-CONTAINER,Nexus Container Platform,1,0.5611752728762358,1,High
SUB-00007134,CUST-002067,"Castillo, Graham and Scott",NC-WAREHOUSE,Nexus Data Warehouse,0,0.5606795279201713,1,High
SUB-00007135,CUST-002067,"Castillo, Graham and Scott",NC-ANALYTICS,Nexus Analytics,0,0.542105671579577,1,High
SUB-00007136,CUST-002068,"Alvarez, Benson and Wilson",NC-WAREHOUSE,Nexus Data Warehouse,1,0.5484721286941934,1,High
SUB-00007137,CUST-002068,"Alvarez, Benson and Wilson",NC-SQL,Nexus SQL Database,1,0.8298121844851031,1,Critical
SUB-00007138,CUST-002069,"Quinn, Smith and Green",NC-STORAGE,Nexus Storage,1,0.8228018924603527,1,Critical
SUB-00007139,CUST-002069,"Quinn, Smith and Green",NC-SECURITY,Nexus Cloud Security,0,0.2240066252192535,0,Low
SUB-00007140,CUST-002070,"Brown, Flores and Johns",NC-AISEARCH,Nexus AI Search,0,0.4410909323945085,0,Medium
SUB-00007141,CUST-002070,"Brown, Flores and Johns",NC-WAREHOUSE,Nexus Data Warehouse,0,0.5410794732516822,1,High
SUB-00007142,CUST-002070,"Brown, Flores and Johns",NC-STORAGE,Nexus Storage,1,0.41521435782361965,0,Medium
SUB-00007143,CUST-002070,"Brown, Flores and Johns",NC-SECURITY,Nexus Cloud Security,1,0.18581212376527964,0,Low
SUB-00007144,CUST-002070,"Brown, Flores and Johns",NC-INTEGRATION,Nexus Integration,0,0.7893920286974474,1,Critical
SUB-00007145,CUST-002070,"Brown, Flores and Johns",NC-COMPUTE,Nexus Compute,0,0.1566035568061738,0,Low
SUB-00007146,CUST-002070,"Brown, Flores and Johns",NC-SQL,Nexus SQL Database,0,0.5416960185136922,1,High
SUB-00007147,CUST-002070,"Brown, Flores and Johns",NC-CONTAINER,Nexus Container Platform,0,0.4471661171066803,0,Medium
SUB-00007148,CUST-002071,Howard Inc,NC-COMPUTE,Nexus Compute,0,0.5159336418017794,1,High
SUB-00007149,CUST-002071,Howard Inc,NC-INTEGRATION,Nexus Integration,0,0.5211787683263499,1,High
SUB-00007150,CUST-002071,Howard Inc,NC-WAREHOUSE,Nexus Data Warehouse,1,0.779923617484993,1,Critical
SUB-00007151,CUST-002071,Howard Inc,NC-STORAGE,Nexus Storage,0,0.1967857787093043,0,Low
SUB-00007152,CUST-002071,Howard Inc,NC-SECURITY,Nexus Cloud Security,0,0.22229038943289292,0,Low
SUB-00007153,CUST-002071,Howard Inc,NC-CONTAINER,Nexus Container Platform,0,0.22613081470326554,0,Low
SUB-00007154,CUST-002072,Ward-Fields,NC-ANALYTICS,Nexus Analytics,0,0.23629269876254888,0,Low
SUB-00007155,CUST-002072,Ward-Fields,NC-INTEGRATION,Nexus Integration,0,0.5396016692054434,1,High
SUB-00007156,CUST-002072,Ward-Fields,NC-SECURITY,Nexus Cloud Security,1,0.8404499391842394,1,Critical
SUB-00007157,CUST-002072,Ward-Fields,NC-COMPUTE,Nexus Compute,1,0.8301107483136461,1,Critical
SUB-00007158,CUST-002072,Ward-Fields,NC-WAREHOUSE,Nexus Data Warehouse,1,0.8303412257649662,1,Critical
SUB-00007160,CUST-002073,Williams-Carter,NC-ANALYTICS,Nexus Analytics,1,0.7961676224897044,1,Critical
SUB-00007161,CUST-002074,"Mayer, Palmer and Miranda",NC-AIMODEL,Nexus AI Models,1,0.2548291688756978,0,Medium
SUB-00007159,CUST-002073,Williams-Carter,NC-STORAGE,Nexus Storage,0,0.1831163076265806,0,Low
SUB-00007162,CUST-002074,"Mayer, Palmer and Miranda",NC-AISEARCH,Nexus AI Search,1,0.2575104810504909,0,Medium
SUB-00007163,CUST-002074,"Mayer, Palmer and Miranda",NC-SQL,Nexus SQL Database,1,0.5641296879551456,1,High
SUB-00007164,CUST-002074,"Mayer, Palmer and Miranda",NC-SECURITY,Nexus Cloud Security,0,0.24733240501878823,0,Low
SUB-00007165,CUST-002074,"Mayer, Palmer and Miranda",NC-COMPUTE,Nexus Compute,1,0.23692420284096594,0,Low
SUB-00007166,CUST-002074,"Mayer, Palmer and Miranda",NC-ANALYTICS,Nexus Analytics,0,0.5745134962512947,1,High
SUB-00007167,CUST-002075,Duran PLC,NC-INTEGRATION,Nexus Integration,0,0.20708404408290185,0,Low
SUB-00007168,CUST-002075,Duran PLC,NC-COMPUTE,Nexus Compute,1,0.8277649311460297,1,Critical
SUB-00007169,CUST-002075,Duran PLC,NC-ANALYTICS,Nexus Analytics,1,0.5192678254848281,1,High
SUB-00007170,CUST-002076,Stephens LLC,NC-INTEGRATION,Nexus Integration,0,0.20595892362033325,0,Low
SUB-00007171,CUST-002076,Stephens LLC,NC-SQL,Nexus SQL Database,0,0.19403930933575178,0,Low
SUB-00007172,CUST-002077,"Marsh, Nelson and Wolfe",NC-AISEARCH,Nexus AI Search,0,0.2373246755292869,0,Low
SUB-00007173,CUST-002077,"Marsh, Nelson and Wolfe",NC-WAREHOUSE,Nexus Data Warehouse,0,0.2280500082115687,0,Low
SUB-00007174,CUST-002077,"Marsh, Nelson and Wolfe",NC-SECURITY,Nexus Cloud Security,0,0.2254926617611849,0,Low
SUB-00007175,CUST-002077,"Marsh, Nelson and Wolfe",NC-INTEGRATION,Nexus Integration,1,0.5320383704092359,1,High
SUB-00007176,CUST-002077,"Marsh, Nelson and Wolfe",NC-STORAGE,Nexus Storage,1,0.8217506282701706,1,Critical
SUB-00007177,CUST-002078,Davis-Carpenter,NC-CONTAINER,Nexus Container Platform,0,0.5648916151760477,1,High
SUB-00007178,CUST-002078,Davis-Carpenter,NC-AISEARCH,Nexus AI Search,1,0.862410100124853,1,Critical
SUB-00007179,CUST-002078,Davis-Carpenter,NC-STORAGE,Nexus Storage,1,0.8515371700666492,1,Critical
SUB-00007180,CUST-002078,Davis-Carpenter,NC-COMPUTE,Nexus Compute,1,0.8401137765813039,1,Critical
SUB-00007181,CUST-002079,Smith PLC,NC-WAREHOUSE,Nexus Data Warehouse,1,0.23679189595153993,0,Low
SUB-00007182,CUST-002079,Smith PLC,NC-SECURITY,Nexus Cloud Security,1,0.23921824161861413,0,Low
SUB-00007183,CUST-002079,Smith PLC,NC-INTEGRATION,Nexus Integration,1,0.8424451455755666,1,Critical
SUB-00007184,CUST-002079,Smith PLC,NC-CONTAINER,Nexus Container Platform,0,0.5796199375428273,1,High
SUB-00007185,CUST-002080,Watson-Washington,NC-SECURITY,Nexus Cloud Security,1,0.5567350908453021,1,High
SUB-00007186,CUST-002080,Watson-Washington,NC-INTEGRATION,Nexus Integration,1,0.8293557444577221,1,Critical
SUB-00007187,CUST-002080,Watson-Washington,NC-COMPUTE,Nexus Compute,1,0.8406632566342348,1,Critical
SUB-00007188,CUST-002080,Watson-Washington,NC-SQL,Nexus SQL Database,0,0.5426856412896912,1,High
SUB-00007189,CUST-002080,Watson-Washington,NC-CONTAINER,Nexus Container Platform,1,0.5388312334821531,1,High
SUB-00007190,CUST-002081,Mccall-Martin,NC-SQL,Nexus SQL Database,1,0.838110851246386,1,Critical
SUB-00007191,CUST-002081,Mccall-Martin,NC-WAREHOUSE,Nexus Data Warehouse,1,0.8455224567869246,1,Critical
SUB-00007192,CUST-002081,Mccall-Martin,NC-CONTAINER,Nexus Container Platform,0,0.23859189692460547,0,Low
SUB-00007193,CUST-002082,Moore and Sons,NC-STORAGE,Nexus Storage,1,0.522467225674636,1,High
SUB-00007194,CUST-002082,Moore and Sons,NC-CONTAINER,Nexus Container Platform,1,0.8179509215636115,1,Critical
SUB-00007195,CUST-002082,Moore and Sons,NC-SECURITY,Nexus Cloud Security,1,0.8146821934811801,1,Critical
SUB-00007196,CUST-002082,Moore and Sons,NC-WAREHOUSE,Nexus Data Warehouse,1,0.4639523857587806,0,Medium
SUB-00007197,CUST-002082,Moore and Sons,NC-ANALYTICS,Nexus Analytics,1,0.8493247811121699,1,Critical
SUB-00007198,CUST-002082,Moore and Sons,NC-SQL,Nexus SQL Database,0,0.23002047191205924,0,Low
SUB-00007199,CUST-002082,Moore and Sons,NC-COMPUTE,Nexus Compute,0,0.48759463880399023,0,Medium
SUB-00007200,CUST-002082,Moore and Sons,NC-INTEGRATION,Nexus Integration,1,0.7941729592984408,1,Critical
SUB-00007201,CUST-002083,Pope PLC,NC-CONTAINER,Nexus Container Platform,1,0.8342717747063108,1,Critical
SUB-00007202,CUST-002084,"Norris, Cisneros and Mathis",NC-WAREHOUSE,Nexus Data Warehouse,1,0.7837907318857896,1,Critical
SUB-00007203,CUST-002084,"Norris, Cisneros and Mathis",NC-COMPUTE,Nexus Compute,0,0.18513383602732175,0,Low
SUB-00007204,CUST-002084,"Norris, Cisneros and Mathis",NC-SECURITY,Nexus Cloud Security,1,0.467973042439414,0,Medium
SUB-00007205,CUST-002084,"Norris, Cisneros and Mathis",NC-CONTAINER,Nexus Container Platform,1,0.17695153756860263,0,Low
SUB-00007206,CUST-002084,"Norris, Cisneros and Mathis",NC-SQL,Nexus SQL Database,0,0.46926525630415933,0,Medium
SUB-00007207,CUST-002085,"Arnold, Avila and Wilson",NC-STORAGE,Nexus Storage,1,0.17845068190073557,0,Low
SUB-00007208,CUST-002085,"Arnold, Avila and Wilson",NC-SQL,Nexus SQL Database,1,0.7914728656510149,1,Critical
SUB-00007209,CUST-002086,Moon-Wilson,NC-STORAGE,Nexus Storage,1,0.4640738173830319,0,Medium
SUB-00007210,CUST-002086,Moon-Wilson,NC-SQL,Nexus SQL Database,0,0.1874730359039454,0,Low
SUB-00007211,CUST-002086,Moon-Wilson,NC-INTEGRATION,Nexus Integration,0,0.48769646857190396,0,Medium
SUB-00007212,CUST-002087,Mclean Group,NC-SQL,Nexus SQL Database,0,0.6273952980924964,1,High
SUB-00007213,CUST-002087,Mclean Group,NC-AISEARCH,Nexus AI Search,1,0.8309103502898697,1,Critical
SUB-00007214,CUST-002087,Mclean Group,NC-COMPUTE,Nexus Compute,0,0.27120850608964137,0,Medium
SUB-00007215,CUST-002087,Mclean Group,NC-SECURITY,Nexus Cloud Security,1,0.8279093914905815,1,Critical
SUB-00007216,CUST-002087,Mclean Group,NC-ANALYTICS,Nexus Analytics,0,0.19791378074798002,0,Low
SUB-00007217,CUST-002087,Mclean Group,NC-WAREHOUSE,Nexus Data Warehouse,0,0.5512547606034508,1,High
SUB-00007218,CUST-002087,Mclean Group,NC-AIMODEL,Nexus AI Models,0,0.8823678168304422,1,Critical
SUB-00007219,CUST-002087,Mclean Group,NC-CONTAINER,Nexus Container Platform,0,0.23974769568802276,0,Low
SUB-00007220,CUST-002088,Collins-Cox,NC-AISEARCH,Nexus AI Search,1,0.8415761988829161,1,Critical
SUB-00007221,CUST-002088,Collins-Cox,NC-INTEGRATION,Nexus Integration,1,0.5591898567126448,1,High
SUB-00007222,CUST-002088,Collins-Cox,NC-COMPUTE,Nexus Compute,1,0.5586407303765588,1,High
SUB-00007223,CUST-002089,Preston-Harper,NC-CONTAINER,Nexus Container Platform,1,0.8507631862264349,1,Critical
SUB-00007224,CUST-002089,Preston-Harper,NC-INTEGRATION,Nexus Integration,1,0.5859680433176695,1,High
SUB-00007225,CUST-002089,Preston-Harper,NC-AISEARCH,Nexus AI Search,0,0.2492152787179141,0,Low
SUB-00007226,CUST-002089,Preston-Harper,NC-ANALYTICS,Nexus Analytics,1,0.8324504272288918,1,Critical
SUB-00007227,CUST-002090,Jackson-Torres,NC-CONTAINER,Nexus Container Platform,0,0.5689279957786774,1,High
SUB-00007228,CUST-002090,Jackson-Torres,NC-SQL,Nexus SQL Database,0,0.8485957483604875,1,Critical
SUB-00007229,CUST-002090,Jackson-Torres,NC-INTEGRATION,Nexus Integration,0,0.24331094072428308,0,Low
SUB-00007230,CUST-002090,Jackson-Torres,NC-STORAGE,Nexus Storage,0,0.5657844259071363,1,High
SUB-00007231,CUST-002091,"Olsen, Walker and Vincent",NC-COMPUTE,Nexus Compute,0,0.5036045892896477,1,High
SUB-00007232,CUST-002092,Watts LLC,NC-ANALYTICS,Nexus Analytics,0,0.5203914582064152,1,High
SUB-00007233,CUST-002093,Clark Inc,NC-STORAGE,Nexus Storage,1,0.5761097135603194,1,High
SUB-00007234,CUST-002093,Clark Inc,NC-COMPUTE,Nexus Compute,1,0.8391835851805038,1,Critical
SUB-00007235,CUST-002093,Clark Inc,NC-SECURITY,Nexus Cloud Security,1,0.5522517833411843,1,High
SUB-00007236,CUST-002093,Clark Inc,NC-AIMODEL,Nexus AI Models,1,0.8532875841995329,1,Critical
SUB-00007237,CUST-002093,Clark Inc,NC-SQL,Nexus SQL Database,1,0.580309346937037,1,High
SUB-00007238,CUST-002094,Vazquez-Bowers,NC-STORAGE,Nexus Storage,0,0.20996493191330234,0,Low
SUB-00007239,CUST-002094,Vazquez-Bowers,NC-SQL,Nexus SQL Database,0,0.21208927042741035,0,Low
SUB-00007240,CUST-002095,Smith Group,NC-CONTAINER,Nexus Container Platform,1,0.8344470661311102,1,Critical
SUB-00007241,CUST-002095,Smith Group,NC-SECURITY,Nexus Cloud Security,1,0.8209597670090303,1,Critical
SUB-00007242,CUST-002095,Smith Group,NC-STORAGE,Nexus Storage,1,0.834088996211898,1,Critical
SUB-00007243,CUST-002096,Williams-Rodriguez,NC-WAREHOUSE,Nexus Data Warehouse,1,0.7960002809292622,1,Critical
SUB-00007244,CUST-002096,Williams-Rodriguez,NC-SECURITY,Nexus Cloud Security,0,0.47323921830781235,0,Medium
SUB-00007245,CUST-002096,Williams-Rodriguez,NC-CONTAINER,Nexus Container Platform,1,0.18322421933434394,0,Low
SUB-00007246,CUST-002096,Williams-Rodriguez,NC-AIMODEL,Nexus AI Models,0,0.5111750270338543,1,High
SUB-00007247,CUST-002097,"Palmer, Brown and Wilson",NC-CONTAINER,Nexus Container Platform,1,0.8289514786226149,1,Critical
SUB-00007248,CUST-002097,"Palmer, Brown and Wilson",NC-COMPUTE,Nexus Compute,0,0.21923449008413742,0,Low
SUB-00007249,CUST-002097,"Palmer, Brown and Wilson",NC-SQL,Nexus SQL Database,1,0.5391576271758299,1,High
SUB-00007250,CUST-002097,"Palmer, Brown and Wilson",NC-INTEGRATION,Nexus Integration,1,0.5614937368108729,1,High
SUB-00007251,CUST-002097,"Palmer, Brown and Wilson",NC-STORAGE,Nexus Storage,1,0.8313165814497979,1,Critical
SUB-00007252,CUST-002098,Williams-Turner,NC-WAREHOUSE,Nexus Data Warehouse,0,0.4845928224785654,0,Medium
SUB-00007253,CUST-002098,Williams-Turner,NC-STORAGE,Nexus Storage,1,0.49486616853290133,0,Medium
SUB-00007254,CUST-002099,Webster Inc,NC-INTEGRATION,Nexus Integration,1,0.19004991100733531,0,Low
SUB-00007255,CUST-002099,Webster Inc,NC-SQL,Nexus SQL Database,0,0.1801676162004469,0,Low
SUB-00007256,CUST-002099,Webster Inc,NC-STORAGE,Nexus Storage,0,0.17860082837530003,0,Low
SUB-00007257,CUST-002100,"Harris, Santana and Lopez",NC-SECURITY,Nexus Cloud Security,1,0.8435371703212732,1,Critical
SUB-00007258,CUST-002101,Johnson-Thomas,NC-WAREHOUSE,Nexus Data Warehouse,0,0.5382174720134951,1,High
SUB-00007259,CUST-002101,Johnson-Thomas,NC-AIMODEL,Nexus AI Models,1,0.8266496758495014,1,Critical
SUB-00007260,CUST-002102,"Mcmahon, Rush and Bailey",NC-WAREHOUSE,Nexus Data Warehouse,1,0.8099732094888663,1,Critical
SUB-00007261,CUST-002102,"Mcmahon, Rush and Bailey",NC-INTEGRATION,Nexus Integration,1,0.8034974329131062,1,Critical
SUB-00007262,CUST-002103,Wyatt Ltd,NC-CONTAINER,Nexus Container Platform,0,0.19013667064569462,0,Low
SUB-00007263,CUST-002103,Wyatt Ltd,NC-SQL,Nexus SQL Database,0,0.4774986701758725,0,Medium
SUB-00007264,CUST-002104,"Allen, Hudson and Garcia",NC-STORAGE,Nexus Storage,0,0.1666662569897014,0,Low
SUB-00007265,CUST-002105,"Hines, Rice and Baldwin",NC-CONTAINER,Nexus Container Platform,0,0.18400318200371607,0,Low
SUB-00007266,CUST-002105,"Hines, Rice and Baldwin",NC-STORAGE,Nexus Storage,0,0.1979313695032969,0,Low
SUB-00007267,CUST-002105,"Hines, Rice and Baldwin",NC-AIMODEL,Nexus AI Models,0,0.21075566491534534,0,Low
SUB-00007268,CUST-002105,"Hines, Rice and Baldwin",NC-COMPUTE,Nexus Compute,1,0.5070035631647479,1,High
SUB-00007269,CUST-002105,"Hines, Rice and Baldwin",NC-INTEGRATION,Nexus Integration,1,0.8025670451077122,1,Critical
SUB-00007270,CUST-002106,Jackson-Webster,NC-CONTAINER,Nexus Container Platform,1,0.5731532064987583,1,High
SUB-00007271,CUST-002106,Jackson-Webster,NC-AIMODEL,Nexus AI Models,1,0.5764305644897356,1,High
SUB-00007272,CUST-002106,Jackson-Webster,NC-WAREHOUSE,Nexus Data Warehouse,1,0.8396259084712688,1,Critical
SUB-00007273,CUST-002107,Beltran Inc,NC-INTEGRATION,Nexus Integration,1,0.8281576461778938,1,Critical
SUB-00007274,CUST-002107,Beltran Inc,NC-STORAGE,Nexus Storage,1,0.5161285791915138,1,High
SUB-00007275,CUST-002107,Beltran Inc,NC-SECURITY,Nexus Cloud Security,0,0.5327718669004816,1,High
SUB-00007276,CUST-002107,Beltran Inc,NC-CONTAINER,Nexus Container Platform,1,0.5140358023896878,1,High
SUB-00007277,CUST-002108,Knapp Ltd,NC-STORAGE,Nexus Storage,0,0.20279526739552384,0,Low
SUB-00007278,CUST-002108,Knapp Ltd,NC-CONTAINER,Nexus Container Platform,1,0.5139951332029012,1,High
SUB-00007279,CUST-002108,Knapp Ltd,NC-INTEGRATION,Nexus Integration,1,0.8143095803540384,1,Critical
SUB-00007280,CUST-002109,Richardson-Lawrence,NC-WAREHOUSE,Nexus Data Warehouse,1,0.8176610375173481,1,Critical
SUB-00007281,CUST-002109,Richardson-Lawrence,NC-SECURITY,Nexus Cloud Security,1,0.5191418641412494,1,High
SUB-00007282,CUST-002109,Richardson-Lawrence,NC-INTEGRATION,Nexus Integration,0,0.217159167771892,0,Low
SUB-00007283,CUST-002110,Nunez-Rodriguez,NC-SQL,Nexus SQL Database,1,0.7958727873312202,1,Critical
SUB-00007284,CUST-002110,Nunez-Rodriguez,NC-CONTAINER,Nexus Container Platform,0,0.19422290069215323,0,Low
SUB-00007285,CUST-002110,Nunez-Rodriguez,NC-SECURITY,Nexus Cloud Security,1,0.8237232045715052,1,Critical
SUB-00007286,CUST-002110,Nunez-Rodriguez,NC-WAREHOUSE,Nexus Data Warehouse,1,0.8121252156476317,1,Critical
SUB-00007287,CUST-002110,Nunez-Rodriguez,NC-STORAGE,Nexus Storage,0,0.49864641275189425,0,Medium
SUB-00007288,CUST-002110,Nunez-Rodriguez,NC-ANALYTICS,Nexus Analytics,0,0.5832364180593239,1,High
SUB-00007289,CUST-002110,Nunez-Rodriguez,NC-COMPUTE,Nexus Compute,0,0.5014806538647182,1,High
SUB-00007290,CUST-002111,Zavala-Coleman,NC-WAREHOUSE,Nexus Data Warehouse,0,0.22795846360996394,0,Low
SUB-00007291,CUST-002111,Zavala-Coleman,NC-STORAGE,Nexus Storage,0,0.22032609434927708,0,Low
SUB-00007292,CUST-002112,"Perez, Rodriguez and Rollins",NC-WAREHOUSE,Nexus Data Warehouse,1,0.5223908579996525,1,High
SUB-00007293,CUST-002112,"Perez, Rodriguez and Rollins",NC-ANALYTICS,Nexus Analytics,0,0.2083960461359466,0,Low
SUB-00007294,CUST-002113,Owens PLC,NC-INTEGRATION,Nexus Integration,1,0.8406461408985257,1,Critical
SUB-00007295,CUST-002113,Owens PLC,NC-STORAGE,Nexus Storage,0,0.23420450718152044,0,Low
SUB-00007296,CUST-002114,Simpson LLC,NC-CONTAINER,Nexus Container Platform,0,0.21509393029745505,0,Low
SUB-00007297,CUST-002114,Simpson LLC,NC-STORAGE,Nexus Storage,1,0.526016572782934,1,High
SUB-00007298,CUST-002114,Simpson LLC,NC-COMPUTE,Nexus Compute,1,0.2258289459549077,0,Low
SUB-00007299,CUST-002114,Simpson LLC,NC-WAREHOUSE,Nexus Data Warehouse,0,0.21231702937582284,0,Low
SUB-00007300,CUST-002114,Simpson LLC,NC-ANALYTICS,Nexus Analytics,1,0.8250517188954368,1,Critical
SUB-00007301,CUST-002115,"Roberts, Bowen and Miller",NC-ANALYTICS,Nexus Analytics,1,0.567539813136864,1,High
SUB-00007302,CUST-002115,"Roberts, Bowen and Miller",NC-AISEARCH,Nexus AI Search,0,0.24888755306493726,0,Low
SUB-00007303,CUST-002115,"Roberts, Bowen and Miller",NC-WAREHOUSE,Nexus Data Warehouse,1,0.5804056465145901,1,High
SUB-00007304,CUST-002116,Wilson-Campbell,NC-WAREHOUSE,Nexus Data Warehouse,1,0.8249811092325114,1,Critical
SUB-00007305,CUST-002116,Wilson-Campbell,NC-SQL,Nexus SQL Database,1,0.8243648387612267,1,Critical
SUB-00007306,CUST-002116,Wilson-Campbell,NC-INTEGRATION,Nexus Integration,0,0.2133060316316536,0,Low
SUB-00007307,CUST-002117,"Fitzgerald, Mcdaniel and Randall",NC-ANALYTICS,Nexus Analytics,0,0.24969206008717407,0,Low
SUB-00007308,CUST-002117,"Fitzgerald, Mcdaniel and Randall",NC-SECURITY,Nexus Cloud Security,1,0.5580690359616282,1,High
SUB-00007309,CUST-002117,"Fitzgerald, Mcdaniel and Randall",NC-STORAGE,Nexus Storage,1,0.8419595702500419,1,Critical
SUB-00007310,CUST-002117,"Fitzgerald, Mcdaniel and Randall",NC-INTEGRATION,Nexus Integration,0,0.8522256923386425,1,Critical
SUB-00007311,CUST-002117,"Fitzgerald, Mcdaniel and Randall",NC-WAREHOUSE,Nexus Data Warehouse,1,0.5614437302122898,1,High
SUB-00007312,CUST-002118,Spencer LLC,NC-ANALYTICS,Nexus Analytics,1,0.8103552767858473,1,Critical
SUB-00007313,CUST-002118,Spencer LLC,NC-STORAGE,Nexus Storage,1,0.8217925733816248,1,Critical
SUB-00007314,CUST-002118,Spencer LLC,NC-SECURITY,Nexus Cloud Security,1,0.8414435738645818,1,Critical
SUB-00007315,CUST-002118,Spencer LLC,NC-INTEGRATION,Nexus Integration,0,0.24426791435131007,0,Low
SUB-00007316,CUST-002118,Spencer LLC,NC-CONTAINER,Nexus Container Platform,1,0.8360651304222919,1,Critical
SUB-00007317,CUST-002119,Lopez-Jones,NC-COMPUTE,Nexus Compute,1,0.5365097626693947,1,High
SUB-00007318,CUST-002119,Lopez-Jones,NC-INTEGRATION,Nexus Integration,0,0.5383736805602585,1,High
SUB-00007319,CUST-002120,Crosby-Richardson,NC-COMPUTE,Nexus Compute,1,0.5045285805481159,1,High
SUB-00007320,CUST-002120,Crosby-Richardson,NC-SECURITY,Nexus Cloud Security,1,0.4931736399559069,0,Medium
SUB-00007321,CUST-002120,Crosby-Richardson,NC-WAREHOUSE,Nexus Data Warehouse,1,0.5227141498200779,1,High
SUB-00007322,CUST-002121,Lutz Group,NC-SQL,Nexus SQL Database,0,0.20399826165115753,0,Low
SUB-00007323,CUST-002121,Lutz Group,NC-WAREHOUSE,Nexus Data Warehouse,0,0.8253577142501249,1,Critical
SUB-00007324,CUST-002121,Lutz Group,NC-COMPUTE,Nexus Compute,0,0.5112221951741686,1,High
SUB-00007325,CUST-002122,"Garcia, Kim and Barrett",NC-AIMODEL,Nexus AI Models,1,0.4623530209948216,0,Medium
SUB-00007326,CUST-002122,"Garcia, Kim and Barrett",NC-INTEGRATION,Nexus Integration,1,0.17885084392252334,0,Low
SUB-00007327,CUST-002122,"Garcia, Kim and Barrett",NC-WAREHOUSE,Nexus Data Warehouse,0,0.4661761299922034,0,Medium
SUB-00007328,CUST-002122,"Garcia, Kim and Barrett",NC-COMPUTE,Nexus Compute,1,0.47977165960904294,0,Medium
SUB-00007329,CUST-002122,"Garcia, Kim and Barrett",NC-ANALYTICS,Nexus Analytics,1,0.7887618643084722,1,Critical
SUB-00007330,CUST-002123,Wilson Group,NC-WAREHOUSE,Nexus Data Warehouse,0,0.8023902206368252,1,Critical
SUB-00007331,CUST-002123,Wilson Group,NC-CONTAINER,Nexus Container Platform,1,0.18444263304209205,0,Low
SUB-00007332,CUST-002124,Neal-Madden,NC-AISEARCH,Nexus AI Search,1,0.8095732655618136,1,Critical
SUB-00007333,CUST-002124,Neal-Madden,NC-CONTAINER,Nexus Container Platform,1,0.7967119791239452,1,Critical
SUB-00007334,CUST-002124,Neal-Madden,NC-SECURITY,Nexus Cloud Security,1,0.7936840424507448,1,Critical
SUB-00007335,CUST-002125,"Schaefer, Levine and Brown",NC-ANALYTICS,Nexus Analytics,0,0.47746592336122,0,Medium
SUB-00007336,CUST-002125,"Schaefer, Levine and Brown",NC-CONTAINER,Nexus Container Platform,1,0.47407814945757315,0,Medium
SUB-00007337,CUST-002126,Morgan PLC,NC-COMPUTE,Nexus Compute,0,0.21931343565424674,0,Low
SUB-00007338,CUST-002126,Morgan PLC,NC-CONTAINER,Nexus Container Platform,1,0.827593197529116,1,Critical
SUB-00007339,CUST-002127,Martinez-Massey,NC-SECURITY,Nexus Cloud Security,0,0.18497138347073114,0,Low
SUB-00007340,CUST-002127,Martinez-Massey,NC-WAREHOUSE,Nexus Data Warehouse,1,0.5087072103898106,1,High
SUB-00007341,CUST-002127,Martinez-Massey,NC-CONTAINER,Nexus Container Platform,1,0.18362934572247988,0,Low
SUB-00007342,CUST-002127,Martinez-Massey,NC-INTEGRATION,Nexus Integration,0,0.5009244378899933,1,High
SUB-00007343,CUST-002127,Martinez-Massey,NC-COMPUTE,Nexus Compute,0,0.5027029065892792,1,High
SUB-00007344,CUST-002128,"Porter, Hubbard and Miranda",NC-COMPUTE,Nexus Compute,0,0.19053096217281312,0,Low
SUB-00007345,CUST-002128,"Porter, Hubbard and Miranda",NC-STORAGE,Nexus Storage,1,0.4808292183209344,0,Medium
SUB-00007346,CUST-002128,"Porter, Hubbard and Miranda",NC-SECURITY,Nexus Cloud Security,0,0.47138613148765773,0,Medium
SUB-00007347,CUST-002129,"Nelson, Clarke and Schneider",NC-COMPUTE,Nexus Compute,1,0.5128993725158163,1,High
SUB-00007348,CUST-002129,"Nelson, Clarke and Schneider",NC-INTEGRATION,Nexus Integration,0,0.20928436154779256,0,Low
SUB-00007349,CUST-002129,"Nelson, Clarke and Schneider",NC-STORAGE,Nexus Storage,1,0.511105053820278,1,High
SUB-00007350,CUST-002129,"Nelson, Clarke and Schneider",NC-ANALYTICS,Nexus Analytics,1,0.2161361725348816,0,Low
SUB-00007351,CUST-002130,Kelly-Estrada,NC-SQL,Nexus SQL Database,0,0.8164894059159342,1,Critical
SUB-00007352,CUST-002130,Kelly-Estrada,NC-WAREHOUSE,Nexus Data Warehouse,1,0.8041018436431339,1,Critical
SUB-00007353,CUST-002131,Archer-Dixon,NC-INTEGRATION,Nexus Integration,1,0.8155448013529027,1,Critical
SUB-00007354,CUST-002131,Archer-Dixon,NC-SECURITY,Nexus Cloud Security,1,0.5167375383977285,1,High
SUB-00007355,CUST-002131,Archer-Dixon,NC-COMPUTE,Nexus Compute,0,0.1955525725182426,0,Low
SUB-00007356,CUST-002131,Archer-Dixon,NC-ANALYTICS,Nexus Analytics,1,0.5092016633490875,1,High
SUB-00007357,CUST-002131,Archer-Dixon,NC-CONTAINER,Nexus Container Platform,0,0.19703657318659185,0,Low
SUB-00007358,CUST-002132,Tate Inc,NC-SQL,Nexus SQL Database,1,0.8120404764332041,1,Critical
SUB-00007359,CUST-002132,Tate Inc,NC-ANALYTICS,Nexus Analytics,1,0.5258561536675217,1,High
SUB-00007360,CUST-002132,Tate Inc,NC-SECURITY,Nexus Cloud Security,1,0.8061686393458511,1,Critical
SUB-00007361,CUST-002132,Tate Inc,NC-COMPUTE,Nexus Compute,0,0.5250766273368879,1,High
SUB-00007362,CUST-002132,Tate Inc,NC-WAREHOUSE,Nexus Data Warehouse,1,0.5187363193632263,1,High
SUB-00007363,CUST-002133,King Group,NC-INTEGRATION,Nexus Integration,0,0.21600215391462615,0,Low
SUB-00007364,CUST-002133,King Group,NC-WAREHOUSE,Nexus Data Warehouse,1,0.5518137316060726,1,High
SUB-00007365,CUST-002134,Fuller and Sons,NC-WAREHOUSE,Nexus Data Warehouse,0,0.5310762094209723,1,High
SUB-00007366,CUST-002134,Fuller and Sons,NC-INTEGRATION,Nexus Integration,1,0.8224296829249246,1,Critical
SUB-00007367,CUST-002134,Fuller and Sons,NC-COMPUTE,Nexus Compute,1,0.8264418322072321,1,Critical
SUB-00007368,CUST-002135,Garcia Inc,NC-INTEGRATION,Nexus Integration,0,0.493244700079032,0,Medium
SUB-00007369,CUST-002135,Garcia Inc,NC-WAREHOUSE,Nexus Data Warehouse,1,0.8169355402704246,1,Critical
SUB-00007370,CUST-002135,Garcia Inc,NC-COMPUTE,Nexus Compute,1,0.4933500025117292,0,Medium
SUB-00007371,CUST-002136,Jimenez Inc,NC-SECURITY,Nexus Cloud Security,0,0.19506455820004998,0,Low
SUB-00007372,CUST-002136,Jimenez Inc,NC-STORAGE,Nexus Storage,1,0.5047728479035241,1,High
SUB-00007373,CUST-002137,Reyes Ltd,NC-SECURITY,Nexus Cloud Security,1,0.8179474627919022,1,Critical
SUB-00007374,CUST-002137,Reyes Ltd,NC-CONTAINER,Nexus Container Platform,0,0.5009099950948654,1,High
SUB-00007375,CUST-002137,Reyes Ltd,NC-COMPUTE,Nexus Compute,1,0.8118792484329155,1,Critical
SUB-00007376,CUST-002137,Reyes Ltd,NC-INTEGRATION,Nexus Integration,1,0.8205067213046944,1,Critical
SUB-00007377,CUST-002137,Reyes Ltd,NC-SQL,Nexus SQL Database,0,0.20695861172614108,0,Low
SUB-00007378,CUST-002137,Reyes Ltd,NC-WAREHOUSE,Nexus Data Warehouse,0,0.5289016469712996,1,High
SUB-00007379,CUST-002138,Hernandez-Howell,NC-STORAGE,Nexus Storage,1,0.789176596821296,1,Critical
SUB-00007380,CUST-002138,Hernandez-Howell,NC-WAREHOUSE,Nexus Data Warehouse,0,0.1803260711555344,0,Low
SUB-00007381,CUST-002139,Wolf Ltd,NC-SECURITY,Nexus Cloud Security,1,0.2326335849391316,0,Low
SUB-00007382,CUST-002139,Wolf Ltd,NC-ANALYTICS,Nexus Analytics,1,0.841405763851574,1,Critical
SUB-00007418,CUST-002151,"Brown, Baker and Garza",NC-COMPUTE,Nexus Compute,1,0.850312822984567,1,Critical
SUB-00007383,CUST-002139,Wolf Ltd,NC-COMPUTE,Nexus Compute,1,0.2200396477113394,0,Low
SUB-00007384,CUST-002139,Wolf Ltd,NC-WAREHOUSE,Nexus Data Warehouse,0,0.22730089934273084,0,Low
SUB-00007385,CUST-002139,Wolf Ltd,NC-SQL,Nexus SQL Database,0,0.5513092173999947,1,High
SUB-00007386,CUST-002140,"Saunders, Sparks and Harris",NC-COMPUTE,Nexus Compute,0,0.2095510540726064,0,Low
SUB-00007387,CUST-002140,"Saunders, Sparks and Harris",NC-CONTAINER,Nexus Container Platform,1,0.8221373956774863,1,Critical
SUB-00007388,CUST-002140,"Saunders, Sparks and Harris",NC-INTEGRATION,Nexus Integration,0,0.5038084755631176,1,High
SUB-00007389,CUST-002140,"Saunders, Sparks and Harris",NC-ANALYTICS,Nexus Analytics,0,0.5092316283662982,1,High
SUB-00007390,CUST-002141,"Jimenez, Wagner and Daniels",NC-ANALYTICS,Nexus Analytics,1,0.8295102598195774,1,Critical
SUB-00007391,CUST-002142,"Payne, Cisneros and Johnson",NC-SQL,Nexus SQL Database,1,0.5606152450547108,1,High
SUB-00007392,CUST-002142,"Payne, Cisneros and Johnson",NC-WAREHOUSE,Nexus Data Warehouse,0,0.5605701856435097,1,High
SUB-00007393,CUST-002143,Beard-Wilson,NC-ANALYTICS,Nexus Analytics,0,0.19804700632464048,0,Low
SUB-00007394,CUST-002143,Beard-Wilson,NC-COMPUTE,Nexus Compute,0,0.194591565870347,0,Low
SUB-00007395,CUST-002143,Beard-Wilson,NC-STORAGE,Nexus Storage,1,0.5194689809195341,1,High
SUB-00007396,CUST-002143,Beard-Wilson,NC-WAREHOUSE,Nexus Data Warehouse,1,0.8063502316121063,1,Critical
SUB-00007397,CUST-002143,Beard-Wilson,NC-CONTAINER,Nexus Container Platform,1,0.5182777953214983,1,High
SUB-00007398,CUST-002144,Edwards-Bennett,NC-STORAGE,Nexus Storage,0,0.20999311902889622,0,Low
SUB-00007399,CUST-002144,Edwards-Bennett,NC-SECURITY,Nexus Cloud Security,1,0.500339015239764,1,High
SUB-00007400,CUST-002144,Edwards-Bennett,NC-INTEGRATION,Nexus Integration,1,0.20188276547687656,0,Low
SUB-00007401,CUST-002144,Edwards-Bennett,NC-WAREHOUSE,Nexus Data Warehouse,1,0.8243748275517191,1,Critical
SUB-00007402,CUST-002145,Johnson-Thompson,NC-SQL,Nexus SQL Database,1,0.8361264794357433,1,Critical
SUB-00007403,CUST-002146,"Dalton, Turner and Mccarthy",NC-STORAGE,Nexus Storage,0,0.20582554282779392,0,Low
SUB-00007404,CUST-002146,"Dalton, Turner and Mccarthy",NC-COMPUTE,Nexus Compute,1,0.2069150274458019,0,Low
SUB-00007405,CUST-002146,"Dalton, Turner and Mccarthy",NC-SQL,Nexus SQL Database,0,0.8181830695345017,1,Critical
SUB-00007406,CUST-002147,Jordan-Edwards,NC-COMPUTE,Nexus Compute,0,0.5039534550329737,1,High
SUB-00007407,CUST-002147,Jordan-Edwards,NC-SECURITY,Nexus Cloud Security,1,0.1817459997353829,0,Low
SUB-00007408,CUST-002147,Jordan-Edwards,NC-INTEGRATION,Nexus Integration,0,0.19696647989749055,0,Low
SUB-00007409,CUST-002148,Freeman-Rodriguez,NC-INTEGRATION,Nexus Integration,1,0.5026626931282946,1,High
SUB-00007410,CUST-002148,Freeman-Rodriguez,NC-SQL,Nexus SQL Database,1,0.7972683200712826,1,Critical
SUB-00007411,CUST-002149,"Henry, Spencer and Ryan",NC-INTEGRATION,Nexus Integration,1,0.23052695043071772,0,Low
SUB-00007412,CUST-002150,Alvarez-Dickerson,NC-SQL,Nexus SQL Database,1,0.8104229927198641,1,Critical
SUB-00007413,CUST-002150,Alvarez-Dickerson,NC-CONTAINER,Nexus Container Platform,0,0.5038026215915777,1,High
SUB-00007414,CUST-002150,Alvarez-Dickerson,NC-SECURITY,Nexus Cloud Security,0,0.19506335692685667,0,Low
SUB-00007415,CUST-002151,"Brown, Baker and Garza",NC-ANALYTICS,Nexus Analytics,1,0.25894123790131107,0,Medium
SUB-00007416,CUST-002151,"Brown, Baker and Garza",NC-INTEGRATION,Nexus Integration,0,0.23953159275548633,0,Low
SUB-00007417,CUST-002151,"Brown, Baker and Garza",NC-CONTAINER,Nexus Container Platform,0,0.5535714043898086,1,High
SUB-00007419,CUST-002151,"Brown, Baker and Garza",NC-WAREHOUSE,Nexus Data Warehouse,1,0.8467757177328691,1,Critical
SUB-00007420,CUST-002151,"Brown, Baker and Garza",NC-STORAGE,Nexus Storage,1,0.8455806396230185,1,Critical
SUB-00007421,CUST-002152,Jensen-Gomez,NC-STORAGE,Nexus Storage,0,0.2133927258513472,0,Low
SUB-00007422,CUST-002152,Jensen-Gomez,NC-CONTAINER,Nexus Container Platform,1,0.22650181679850354,0,Low
SUB-00007423,CUST-002152,Jensen-Gomez,NC-COMPUTE,Nexus Compute,1,0.5463443056632299,1,High
SUB-00007424,CUST-002152,Jensen-Gomez,NC-SECURITY,Nexus Cloud Security,0,0.2235281511280318,0,Low
SUB-00007425,CUST-002152,Jensen-Gomez,NC-WAREHOUSE,Nexus Data Warehouse,1,0.8276386697697108,1,Critical
SUB-00007426,CUST-002153,Flores-Johnson,NC-COMPUTE,Nexus Compute,0,0.20245941526330952,0,Low
SUB-00007427,CUST-002153,Flores-Johnson,NC-ANALYTICS,Nexus Analytics,1,0.8151397638196141,1,Critical
SUB-00007428,CUST-002153,Flores-Johnson,NC-INTEGRATION,Nexus Integration,1,0.7923169532091429,1,Critical
SUB-00007429,CUST-002153,Flores-Johnson,NC-CONTAINER,Nexus Container Platform,1,0.8060042788233199,1,Critical
SUB-00007430,CUST-002153,Flores-Johnson,NC-SECURITY,Nexus Cloud Security,1,0.19181442747834412,0,Low
SUB-00007431,CUST-002153,Flores-Johnson,NC-SQL,Nexus SQL Database,1,0.44222667782939956,0,Medium
SUB-00007432,CUST-002153,Flores-Johnson,NC-WAREHOUSE,Nexus Data Warehouse,1,0.20634600474777073,0,Low
SUB-00007433,CUST-002153,Flores-Johnson,NC-STORAGE,Nexus Storage,1,0.8137035901003314,1,Critical
SUB-00007434,CUST-002154,Anderson LLC,NC-STORAGE,Nexus Storage,1,0.5601216826997094,1,High
SUB-00007435,CUST-002154,Anderson LLC,NC-INTEGRATION,Nexus Integration,1,0.8399014216628173,1,Critical
SUB-00007436,CUST-002155,Pacheco-Silva,NC-COMPUTE,Nexus Compute,0,0.1913285930649827,0,Low
SUB-00007437,CUST-002155,Pacheco-Silva,NC-WAREHOUSE,Nexus Data Warehouse,0,0.20674514509813588,0,Low
SUB-00007438,CUST-002156,"Peterson, Davis and Reed",NC-ANALYTICS,Nexus Analytics,1,0.8106938203473653,1,Critical
SUB-00007439,CUST-002156,"Peterson, Davis and Reed",NC-SECURITY,Nexus Cloud Security,0,0.5012427402330719,1,High
SUB-00007440,CUST-002156,"Peterson, Davis and Reed",NC-WAREHOUSE,Nexus Data Warehouse,1,0.822535402529678,1,Critical
SUB-00007441,CUST-002157,Jenkins-Brown,NC-WAREHOUSE,Nexus Data Warehouse,1,0.23181029119787575,0,Low
SUB-00007442,CUST-002157,Jenkins-Brown,NC-SECURITY,Nexus Cloud Security,1,0.5307235760888045,1,High
SUB-00007443,CUST-002157,Jenkins-Brown,NC-INTEGRATION,Nexus Integration,1,0.8062913538081081,1,Critical
SUB-00007444,CUST-002157,Jenkins-Brown,NC-ANALYTICS,Nexus Analytics,1,0.502811879765543,1,High
SUB-00007445,CUST-002157,Jenkins-Brown,NC-AISEARCH,Nexus AI Search,1,0.5836935971722079,1,High
SUB-00007446,CUST-002157,Jenkins-Brown,NC-SQL,Nexus SQL Database,0,0.5018182809965167,1,High
SUB-00007447,CUST-002157,Jenkins-Brown,NC-CONTAINER,Nexus Container Platform,1,0.7948605074944759,1,Critical
SUB-00007448,CUST-002157,Jenkins-Brown,NC-COMPUTE,Nexus Compute,0,0.4904281764267064,0,Medium
SUB-00007449,CUST-002158,Wright Ltd,NC-SECURITY,Nexus Cloud Security,1,0.5328054446476086,1,High
SUB-00007450,CUST-002158,Wright Ltd,NC-SQL,Nexus SQL Database,0,0.2207917110444993,0,Low
SUB-00007451,CUST-002158,Wright Ltd,NC-WAREHOUSE,Nexus Data Warehouse,1,0.8188839714413486,1,Critical
SUB-00007452,CUST-002158,Wright Ltd,NC-CONTAINER,Nexus Container Platform,1,0.8272883096519702,1,Critical
SUB-00007453,CUST-002158,Wright Ltd,NC-COMPUTE,Nexus Compute,0,0.21591697180362152,0,Low
SUB-00007454,CUST-002159,Watkins-Lozano,NC-WAREHOUSE,Nexus Data Warehouse,1,0.8111529645309936,1,Critical
SUB-00007455,CUST-002159,Watkins-Lozano,NC-SECURITY,Nexus Cloud Security,0,0.19442183202433502,0,Low
SUB-00007456,CUST-002159,Watkins-Lozano,NC-INTEGRATION,Nexus Integration,1,0.8212207837281125,1,Critical
SUB-00007457,CUST-002159,Watkins-Lozano,NC-COMPUTE,Nexus Compute,0,0.19752979546735322,0,Low
SUB-00007458,CUST-002160,Melton Inc,NC-WAREHOUSE,Nexus Data Warehouse,1,0.8040244642386707,1,Critical
SUB-00007459,CUST-002161,Jackson-Ryan,NC-ANALYTICS,Nexus Analytics,1,0.23004661049356256,0,Low
SUB-00007460,CUST-002161,Jackson-Ryan,NC-COMPUTE,Nexus Compute,0,0.5574841194112056,1,High
SUB-00007461,CUST-002161,Jackson-Ryan,NC-SQL,Nexus SQL Database,0,0.571766422136904,1,High
SUB-00007462,CUST-002161,Jackson-Ryan,NC-INTEGRATION,Nexus Integration,1,0.8327565319885031,1,Critical
SUB-00007463,CUST-002161,Jackson-Ryan,NC-AIMODEL,Nexus AI Models,1,0.8543700257265968,1,Critical
SUB-00007464,CUST-002161,Jackson-Ryan,NC-CONTAINER,Nexus Container Platform,1,0.21990439624232477,0,Low
SUB-00007465,CUST-002162,Murray Group,NC-AIMODEL,Nexus AI Models,0,0.20986783104164175,0,Low
SUB-00007466,CUST-002162,Murray Group,NC-SQL,Nexus SQL Database,1,0.5083361054531426,1,High
SUB-00007467,CUST-002162,Murray Group,NC-ANALYTICS,Nexus Analytics,1,0.49265391216284987,0,Medium
SUB-00007468,CUST-002162,Murray Group,NC-STORAGE,Nexus Storage,1,0.7915308989229969,1,Critical
SUB-00007469,CUST-002162,Murray Group,NC-CONTAINER,Nexus Container Platform,1,0.4740706065285092,0,Medium
SUB-00007470,CUST-002162,Murray Group,NC-AISEARCH,Nexus AI Search,0,0.20412348070413755,0,Low
SUB-00007471,CUST-002163,"Robertson, Fisher and Smith",NC-SECURITY,Nexus Cloud Security,1,0.5556884353265211,1,High
SUB-00007472,CUST-002163,"Robertson, Fisher and Smith",NC-WAREHOUSE,Nexus Data Warehouse,1,0.8298187711284254,1,Critical
SUB-00007473,CUST-002164,Chapman-Odom,NC-STORAGE,Nexus Storage,1,0.8516093578667037,1,Critical
SUB-00007474,CUST-002164,Chapman-Odom,NC-SECURITY,Nexus Cloud Security,1,0.8387098057935862,1,Critical
SUB-00007475,CUST-002165,Hudson-Morris,NC-INTEGRATION,Nexus Integration,1,0.5965466549215952,1,High
SUB-00007476,CUST-002165,Hudson-Morris,NC-WAREHOUSE,Nexus Data Warehouse,1,0.8112290628551077,1,Critical
SUB-00007477,CUST-002165,Hudson-Morris,NC-ANALYTICS,Nexus Analytics,1,0.8623972234860153,1,Critical
SUB-00007478,CUST-002165,Hudson-Morris,NC-COMPUTE,Nexus Compute,0,0.21183566730749798,0,Low
SUB-00007479,CUST-002165,Hudson-Morris,NC-SECURITY,Nexus Cloud Security,1,0.8666576491257513,1,Critical
SUB-00007480,CUST-002165,Hudson-Morris,NC-STORAGE,Nexus Storage,1,0.568687134667876,1,High
SUB-00007481,CUST-002166,Stokes Inc,NC-CONTAINER,Nexus Container Platform,0,0.20283473268843846,0,Low
SUB-00007482,CUST-002166,Stokes Inc,NC-WAREHOUSE,Nexus Data Warehouse,0,0.8084774416135323,1,Critical
SUB-00007483,CUST-002166,Stokes Inc,NC-COMPUTE,Nexus Compute,0,0.20295624366139245,0,Low
SUB-00007484,CUST-002167,"Leonard, Rogers and Shaw",NC-WAREHOUSE,Nexus Data Warehouse,1,0.777505758090496,1,Critical
SUB-00007485,CUST-002167,"Leonard, Rogers and Shaw",NC-STORAGE,Nexus Storage,1,0.1704625362636509,0,Low
SUB-00007486,CUST-002168,"Morgan, Mendez and Cox",NC-CONTAINER,Nexus Container Platform,1,0.4707437205777474,0,Medium
SUB-00007487,CUST-002169,Harris-Reid,NC-SQL,Nexus SQL Database,1,0.538201687193707,1,High
SUB-00007488,CUST-002169,Harris-Reid,NC-SECURITY,Nexus Cloud Security,0,0.5243812571563767,1,High
SUB-00007489,CUST-002170,Pittman PLC,NC-SQL,Nexus SQL Database,1,0.5186419377204972,1,High
SUB-00007490,CUST-002170,Pittman PLC,NC-COMPUTE,Nexus Compute,1,0.21551302990319476,0,Low
SUB-00007491,CUST-002170,Pittman PLC,NC-SECURITY,Nexus Cloud Security,0,0.20461892876802457,0,Low
SUB-00007492,CUST-002171,Mitchell Inc,NC-STORAGE,Nexus Storage,0,0.1963347587962433,0,Low
SUB-00007493,CUST-002171,Mitchell Inc,NC-ANALYTICS,Nexus Analytics,1,0.4950303745782403,0,Medium
SUB-00007494,CUST-002171,Mitchell Inc,NC-INTEGRATION,Nexus Integration,1,0.19924999959908432,0,Low
SUB-00007495,CUST-002171,Mitchell Inc,NC-SQL,Nexus SQL Database,1,0.7990605873868529,1,Critical
SUB-00007496,CUST-002171,Mitchell Inc,NC-CONTAINER,Nexus Container Platform,0,0.4913285889788293,0,Medium
SUB-00007497,CUST-002172,Davies-Morales,NC-INTEGRATION,Nexus Integration,1,0.52010178291121,1,High
SUB-00007498,CUST-002172,Davies-Morales,NC-WAREHOUSE,Nexus Data Warehouse,0,0.1939073828574574,0,Low
SUB-00007499,CUST-002172,Davies-Morales,NC-ANALYTICS,Nexus Analytics,1,0.8084781522090533,1,Critical
SUB-00007500,CUST-002173,Weber Inc,NC-SQL,Nexus SQL Database,1,0.5200146906856133,1,High
SUB-00007501,CUST-002173,Weber Inc,NC-ANALYTICS,Nexus Analytics,0,0.5204621318454277,1,High
SUB-00007502,CUST-002173,Weber Inc,NC-AIMODEL,Nexus AI Models,0,0.8206835397919078,1,Critical
SUB-00007503,CUST-002174,"Richard, Davis and Rogers",NC-STORAGE,Nexus Storage,1,0.4998136782818458,0,Medium
SUB-00007504,CUST-002174,"Richard, Davis and Rogers",NC-INTEGRATION,Nexus Integration,1,0.8017126293575437,1,Critical
SUB-00007505,CUST-002175,Knight PLC,NC-SECURITY,Nexus Cloud Security,0,0.1884198603085668,0,Low
SUB-00007506,CUST-002175,Knight PLC,NC-COMPUTE,Nexus Compute,0,0.21038515990126325,0,Low
SUB-00007507,CUST-002175,Knight PLC,NC-CONTAINER,Nexus Container Platform,0,0.20586645966606154,0,Low
SUB-00007508,CUST-002175,Knight PLC,NC-ANALYTICS,Nexus Analytics,0,0.20609370248988604,0,Low
SUB-00007509,CUST-002175,Knight PLC,NC-AISEARCH,Nexus AI Search,1,0.816298511889919,1,Critical
SUB-00007510,CUST-002176,Simmons-Reed,NC-SQL,Nexus SQL Database,1,0.8456177071436957,1,Critical
SUB-00007511,CUST-002176,Simmons-Reed,NC-INTEGRATION,Nexus Integration,0,0.22791696133268252,0,Low
SUB-00007512,CUST-002177,Pearson LLC,NC-COMPUTE,Nexus Compute,1,0.7844669524070308,1,Critical
SUB-00007513,CUST-002177,Pearson LLC,NC-ANALYTICS,Nexus Analytics,0,0.4870681470080805,0,Medium
SUB-00007514,CUST-002177,Pearson LLC,NC-STORAGE,Nexus Storage,0,0.17635873585743855,0,Low
SUB-00007515,CUST-002177,Pearson LLC,NC-INTEGRATION,Nexus Integration,1,0.18569252031993772,0,Low
SUB-00007516,CUST-002178,"Brock, Reynolds and Fernandez",NC-INTEGRATION,Nexus Integration,1,0.2241619625796431,0,Low
SUB-00007517,CUST-002178,"Brock, Reynolds and Fernandez",NC-SQL,Nexus SQL Database,1,0.8416706704941982,1,Critical
SUB-00007518,CUST-002178,"Brock, Reynolds and Fernandez",NC-WAREHOUSE,Nexus Data Warehouse,1,0.8312637896296291,1,Critical
SUB-00007519,CUST-002179,Perry LLC,NC-ANALYTICS,Nexus Analytics,0,0.193013723311908,0,Low
SUB-00007520,CUST-002179,Perry LLC,NC-SQL,Nexus SQL Database,1,0.18032349234580014,0,Low
SUB-00007521,CUST-002180,"Robertson, Powers and Kelley",NC-INTEGRATION,Nexus Integration,1,0.7972131047480759,1,Critical
SUB-00007522,CUST-002180,"Robertson, Powers and Kelley",NC-SECURITY,Nexus Cloud Security,1,0.1962623341311917,0,Low
SUB-00007523,CUST-002181,Burton PLC,NC-COMPUTE,Nexus Compute,1,0.8354108316285007,1,Critical
SUB-00007524,CUST-002181,Burton PLC,NC-CONTAINER,Nexus Container Platform,1,0.5328865722426183,1,High
SUB-00007525,CUST-002181,Burton PLC,NC-SECURITY,Nexus Cloud Security,1,0.8121772661947313,1,Critical
SUB-00007526,CUST-002181,Burton PLC,NC-SQL,Nexus SQL Database,1,0.5133920371777261,1,High
SUB-00007527,CUST-002181,Burton PLC,NC-AISEARCH,Nexus AI Search,1,0.8514088283942859,1,Critical
SUB-00007528,CUST-002181,Burton PLC,NC-AIMODEL,Nexus AI Models,1,0.8616158498513543,1,Critical
SUB-00007529,CUST-002181,Burton PLC,NC-WAREHOUSE,Nexus Data Warehouse,0,0.22265178203834918,0,Low
SUB-00007530,CUST-002181,Burton PLC,NC-INTEGRATION,Nexus Integration,1,0.8329248054073393,1,Critical
SUB-00007531,CUST-002181,Burton PLC,NC-STORAGE,Nexus Storage,1,0.5246013979257765,1,High
SUB-00007532,CUST-002182,Ray and Sons,NC-WAREHOUSE,Nexus Data Warehouse,1,0.4897501049732254,0,Medium
SUB-00007533,CUST-002182,Ray and Sons,NC-SQL,Nexus SQL Database,1,0.4887469681032535,0,Medium
SUB-00007534,CUST-002182,Ray and Sons,NC-STORAGE,Nexus Storage,1,0.7963319017242017,1,Critical
SUB-00007535,CUST-002182,Ray and Sons,NC-ANALYTICS,Nexus Analytics,1,0.7853752500269295,1,Critical
SUB-00007536,CUST-002183,"Hayden, Harmon and Mcdonald",NC-COMPUTE,Nexus Compute,1,0.8345383403581988,1,Critical
SUB-00007537,CUST-002183,"Hayden, Harmon and Mcdonald",NC-INTEGRATION,Nexus Integration,1,0.8283141037612207,1,Critical
SUB-00007538,CUST-002183,"Hayden, Harmon and Mcdonald",NC-SQL,Nexus SQL Database,1,0.540440291734316,1,High
SUB-00007539,CUST-002184,"Patel, Mendez and Hammond",NC-ANALYTICS,Nexus Analytics,0,0.23106642373182243,0,Low
SUB-00007540,CUST-002184,"Patel, Mendez and Hammond",NC-STORAGE,Nexus Storage,0,0.23822516069450153,0,Low
SUB-00007541,CUST-002185,Michael-Barber,NC-ANALYTICS,Nexus Analytics,1,0.8364138548553532,1,Critical
SUB-00007542,CUST-002185,Michael-Barber,NC-STORAGE,Nexus Storage,1,0.547159051277406,1,High
SUB-00007543,CUST-002186,Boyd LLC,NC-INTEGRATION,Nexus Integration,1,0.8139920167519139,1,Critical
SUB-00007544,CUST-002187,Hernandez-Hernandez,NC-SECURITY,Nexus Cloud Security,0,0.47972376329367133,0,Medium
SUB-00007545,CUST-002187,Hernandez-Hernandez,NC-SQL,Nexus SQL Database,1,0.507559216854871,1,High
SUB-00007546,CUST-002188,"Cannon, Richard and Jenkins",NC-INTEGRATION,Nexus Integration,1,0.5644541588720722,1,High
SUB-00007547,CUST-002188,"Cannon, Richard and Jenkins",NC-SQL,Nexus SQL Database,1,0.5551674018585825,1,High
SUB-00007548,CUST-002188,"Cannon, Richard and Jenkins",NC-STORAGE,Nexus Storage,0,0.23819216702901164,0,Low
SUB-00007549,CUST-002189,Walters Group,NC-STORAGE,Nexus Storage,0,0.5452799277952073,1,High
SUB-00007550,CUST-002189,Walters Group,NC-WAREHOUSE,Nexus Data Warehouse,0,0.21409214837643006,0,Low
SUB-00007551,CUST-002190,Colon-Lucas,NC-SECURITY,Nexus Cloud Security,1,0.8166310886143892,1,Critical
SUB-00007552,CUST-002190,Colon-Lucas,NC-STORAGE,Nexus Storage,1,0.8059523419524759,1,Critical
SUB-00007553,CUST-002190,Colon-Lucas,NC-AISEARCH,Nexus AI Search,1,0.538451476217198,1,High
SUB-00007554,CUST-002191,Mcdaniel-Young,NC-INTEGRATION,Nexus Integration,1,0.5472897661941253,1,High
SUB-00007555,CUST-002191,Mcdaniel-Young,NC-COMPUTE,Nexus Compute,1,0.5274230775269441,1,High
SUB-00007556,CUST-002192,Wilson and Sons,NC-STORAGE,Nexus Storage,1,0.17825697466100815,0,Low
SUB-00007557,CUST-002192,Wilson and Sons,NC-ANALYTICS,Nexus Analytics,1,0.16852043575598563,0,Low
SUB-00007558,CUST-002192,Wilson and Sons,NC-SQL,Nexus SQL Database,1,0.7912710064382275,1,Critical
SUB-00007559,CUST-002193,Sanchez LLC,NC-SQL,Nexus SQL Database,1,0.8183231351788237,1,Critical
SUB-00007560,CUST-002194,Washington-Esparza,NC-COMPUTE,Nexus Compute,0,0.21170597540871228,0,Low
SUB-00007561,CUST-002194,Washington-Esparza,NC-WAREHOUSE,Nexus Data Warehouse,1,0.8359169838474902,1,Critical
SUB-00007562,CUST-002195,Lucas-Johnson,NC-SECURITY,Nexus Cloud Security,1,0.18919649512662584,0,Low
SUB-00007563,CUST-002195,Lucas-Johnson,NC-INTEGRATION,Nexus Integration,0,0.20705473947029074,0,Low
SUB-00007564,CUST-002195,Lucas-Johnson,NC-ANALYTICS,Nexus Analytics,0,0.1954805917205517,0,Low
SUB-00007565,CUST-002195,Lucas-Johnson,NC-AISEARCH,Nexus AI Search,1,0.5362947957806348,1,High
SUB-00007566,CUST-002195,Lucas-Johnson,NC-COMPUTE,Nexus Compute,0,0.20491819568772968,0,Low
SUB-00007567,CUST-002196,Nelson Inc,NC-ANALYTICS,Nexus Analytics,1,0.21064271980195653,0,Low
SUB-00007568,CUST-002196,Nelson Inc,NC-CONTAINER,Nexus Container Platform,1,0.8273604078509467,1,Critical
SUB-00007569,CUST-002196,Nelson Inc,NC-WAREHOUSE,Nexus Data Warehouse,1,0.5260207215510869,1,High
SUB-00007570,CUST-002197,Clarke-Ramirez,NC-SQL,Nexus SQL Database,1,0.8477774488850613,1,Critical
SUB-00007571,CUST-002197,Clarke-Ramirez,NC-SECURITY,Nexus Cloud Security,1,0.8458495408450568,1,Critical
SUB-00007572,CUST-002197,Clarke-Ramirez,NC-WAREHOUSE,Nexus Data Warehouse,1,0.8456005426465223,1,Critical
SUB-00007573,CUST-002197,Clarke-Ramirez,NC-STORAGE,Nexus Storage,1,0.8418797966954045,1,Critical
SUB-00007574,CUST-002198,"Thompson, Phelps and Stuart",NC-CONTAINER,Nexus Container Platform,0,0.47785347188190436,0,Medium
SUB-00007575,CUST-002198,"Thompson, Phelps and Stuart",NC-SECURITY,Nexus Cloud Security,1,0.7986598053242244,1,Critical
SUB-00007576,CUST-002198,"Thompson, Phelps and Stuart",NC-WAREHOUSE,Nexus Data Warehouse,1,0.19045531232405039,0,Low
SUB-00007577,CUST-002199,Casey-Brown,NC-STORAGE,Nexus Storage,0,0.20817520563530006,0,Low
SUB-00007578,CUST-002200,Edwards LLC,NC-WAREHOUSE,Nexus Data Warehouse,1,0.81626620912075,1,Critical
SUB-00007579,CUST-002200,Edwards LLC,NC-COMPUTE,Nexus Compute,1,0.8267337403589262,1,Critical
SUB-00007580,CUST-002200,Edwards LLC,NC-ANALYTICS,Nexus Analytics,0,0.20770415734550435,0,Low
SUB-00007581,CUST-002200,Edwards LLC,NC-INTEGRATION,Nexus Integration,1,0.8162324001524872,1,Critical
SUB-00007582,CUST-002200,Edwards LLC,NC-SQL,Nexus SQL Database,0,0.5239633163480412,1,High
SUB-00007583,CUST-002201,Lester Group,NC-STORAGE,Nexus Storage,0,0.2288936284721128,0,Low
SUB-00007584,CUST-002201,Lester Group,NC-INTEGRATION,Nexus Integration,0,0.5451292962437284,1,High
SUB-00007585,CUST-002201,Lester Group,NC-CONTAINER,Nexus Container Platform,1,0.8170566163653211,1,Critical
SUB-00007586,CUST-002201,Lester Group,NC-COMPUTE,Nexus Compute,1,0.8401314793902713,1,Critical
SUB-00007587,CUST-002201,Lester Group,NC-WAREHOUSE,Nexus Data Warehouse,1,0.8129894163957421,1,Critical
SUB-00007588,CUST-002201,Lester Group,NC-ANALYTICS,Nexus Analytics,1,0.5288680294779007,1,High
SUB-00007589,CUST-002201,Lester Group,NC-SQL,Nexus SQL Database,1,0.5114515145449352,1,High
SUB-00007590,CUST-002202,Powers-Blackwell,NC-COMPUTE,Nexus Compute,1,0.8036374703593717,1,Critical
SUB-00007591,CUST-002203,Hahn-Ramsey,NC-SQL,Nexus SQL Database,0,0.5205110346018302,1,High
SUB-00007592,CUST-002203,Hahn-Ramsey,NC-SECURITY,Nexus Cloud Security,0,0.20332529908823815,0,Low
SUB-00007593,CUST-002203,Hahn-Ramsey,NC-ANALYTICS,Nexus Analytics,0,0.20839476289575906,0,Low
SUB-00007594,CUST-002203,Hahn-Ramsey,NC-WAREHOUSE,Nexus Data Warehouse,0,0.8195206211806365,1,Critical
SUB-00007595,CUST-002203,Hahn-Ramsey,NC-STORAGE,Nexus Storage,0,0.8111058961151959,1,Critical
SUB-00007596,CUST-002204,Young PLC,NC-SECURITY,Nexus Cloud Security,1,0.8281489015039353,1,Critical
SUB-00007597,CUST-002204,Young PLC,NC-ANALYTICS,Nexus Analytics,0,0.22997244929458252,0,Low
SUB-00007598,CUST-002204,Young PLC,NC-WAREHOUSE,Nexus Data Warehouse,1,0.8399117334912325,1,Critical
SUB-00007599,CUST-002205,"Mason, Martinez and Beck",NC-AIMODEL,Nexus AI Models,0,0.19554067659125376,0,Low
SUB-00007600,CUST-002205,"Mason, Martinez and Beck",NC-AISEARCH,Nexus AI Search,0,0.5717866636499084,1,High
SUB-00007601,CUST-002205,"Mason, Martinez and Beck",NC-COMPUTE,Nexus Compute,0,0.47386407321526847,0,Medium
SUB-00007602,CUST-002205,"Mason, Martinez and Beck",NC-STORAGE,Nexus Storage,1,0.4989389740668837,0,Medium
SUB-00007603,CUST-002205,"Mason, Martinez and Beck",NC-INTEGRATION,Nexus Integration,0,0.4882096345610932,0,Medium
SUB-00007604,CUST-002205,"Mason, Martinez and Beck",NC-CONTAINER,Nexus Container Platform,1,0.1714200174556665,0,Low
SUB-00007605,CUST-002205,"Mason, Martinez and Beck",NC-SECURITY,Nexus Cloud Security,0,0.20417911029245953,0,Low
SUB-00007606,CUST-002206,"Herring, Huynh and King",NC-WAREHOUSE,Nexus Data Warehouse,1,0.5715622385682679,1,High
SUB-00007607,CUST-002207,Young Inc,NC-AISEARCH,Nexus AI Search,1,0.8370708648382168,1,Critical
SUB-00007608,CUST-002207,Young Inc,NC-CONTAINER,Nexus Container Platform,1,0.8338524209136818,1,Critical
SUB-00007609,CUST-002207,Young Inc,NC-INTEGRATION,Nexus Integration,0,0.2388014531621816,0,Low
SUB-00007610,CUST-002207,Young Inc,NC-STORAGE,Nexus Storage,0,0.2308834001156441,0,Low
SUB-00007611,CUST-002207,Young Inc,NC-ANALYTICS,Nexus Analytics,1,0.2264601172257758,0,Low
SUB-00007612,CUST-002207,Young Inc,NC-AIMODEL,Nexus AI Models,1,0.8500395793978524,1,Critical
SUB-00007613,CUST-002207,Young Inc,NC-COMPUTE,Nexus Compute,1,0.5590165385021157,1,High
SUB-00007614,CUST-002208,Murphy-Silva,NC-INTEGRATION,Nexus Integration,1,0.4863201236985758,0,Medium
SUB-00007615,CUST-002208,Murphy-Silva,NC-COMPUTE,Nexus Compute,1,0.5073268331528036,1,High
SUB-00007616,CUST-002208,Murphy-Silva,NC-CONTAINER,Nexus Container Platform,1,0.7975587526144466,1,Critical
SUB-00007617,CUST-002209,Shaffer-Manning,NC-WAREHOUSE,Nexus Data Warehouse,0,0.22832553792568472,0,Low
SUB-00007618,CUST-002210,Robinson-Rodriguez,NC-CONTAINER,Nexus Container Platform,0,0.1739965515232962,0,Low
SUB-00007619,CUST-002210,Robinson-Rodriguez,NC-SQL,Nexus SQL Database,0,0.46754427111817665,0,Medium
SUB-00007620,CUST-002210,Robinson-Rodriguez,NC-ANALYTICS,Nexus Analytics,1,0.7994424170124695,1,Critical
SUB-00007621,CUST-002210,Robinson-Rodriguez,NC-SECURITY,Nexus Cloud Security,0,0.48235601637145875,0,Medium
SUB-00007622,CUST-002211,Booker Group,NC-COMPUTE,Nexus Compute,1,0.8363686335998186,1,Critical
SUB-00007623,CUST-002212,King-Lawrence,NC-COMPUTE,Nexus Compute,0,0.23115332649064196,0,Low
SUB-00007624,CUST-002212,King-Lawrence,NC-INTEGRATION,Nexus Integration,0,0.23220402907453203,0,Low
SUB-00007625,CUST-002212,King-Lawrence,NC-STORAGE,Nexus Storage,1,0.5438770386047742,1,High
SUB-00007626,CUST-002212,King-Lawrence,NC-CONTAINER,Nexus Container Platform,0,0.5380002339482023,1,High
SUB-00007627,CUST-002212,King-Lawrence,NC-SECURITY,Nexus Cloud Security,0,0.5245937654258477,1,High
SUB-00007628,CUST-002212,King-Lawrence,NC-SQL,Nexus SQL Database,0,0.5625752358669303,1,High
SUB-00007629,CUST-002213,Ferguson-Lyons,NC-SQL,Nexus SQL Database,1,0.8403011106347257,1,Critical
SUB-00007630,CUST-002213,Ferguson-Lyons,NC-SECURITY,Nexus Cloud Security,1,0.8436044098834401,1,Critical
SUB-00007631,CUST-002214,Stewart Group,NC-INTEGRATION,Nexus Integration,1,0.16601230381677742,0,Low
SUB-00007632,CUST-002214,Stewart Group,NC-SECURITY,Nexus Cloud Security,1,0.7867991919508056,1,Critical
SUB-00007633,CUST-002215,Vega-Richmond,NC-CONTAINER,Nexus Container Platform,0,0.4902390961846776,0,Medium
SUB-00007634,CUST-002215,Vega-Richmond,NC-STORAGE,Nexus Storage,0,0.18826110198414187,0,Low
SUB-00007635,CUST-002215,Vega-Richmond,NC-SECURITY,Nexus Cloud Security,1,0.4909919265723152,0,Medium
SUB-00007636,CUST-002216,Cox Ltd,NC-COMPUTE,Nexus Compute,0,0.5461352535822297,1,High
SUB-00007637,CUST-002216,Cox Ltd,NC-SECURITY,Nexus Cloud Security,1,0.5371107730125105,1,High
SUB-00007638,CUST-002217,Underwood-Smith,NC-ANALYTICS,Nexus Analytics,1,0.8345455294252735,1,Critical
SUB-00007639,CUST-002218,"Johnson, Stevenson and Lindsey",NC-COMPUTE,Nexus Compute,0,0.5589450942922501,1,High
SUB-00007640,CUST-002218,"Johnson, Stevenson and Lindsey",NC-INTEGRATION,Nexus Integration,1,0.8337863779074874,1,Critical
SUB-00007641,CUST-002218,"Johnson, Stevenson and Lindsey",NC-STORAGE,Nexus Storage,1,0.23423292878259117,0,Low
SUB-00007642,CUST-002218,"Johnson, Stevenson and Lindsey",NC-CONTAINER,Nexus Container Platform,0,0.8389320144280116,1,Critical
SUB-00007643,CUST-002219,Vazquez Ltd,NC-CONTAINER,Nexus Container Platform,0,0.21010449980280657,0,Low
SUB-00007644,CUST-002219,Vazquez Ltd,NC-AISEARCH,Nexus AI Search,0,0.5449822062289805,1,High
SUB-00007645,CUST-002219,Vazquez Ltd,NC-SECURITY,Nexus Cloud Security,1,0.527586857573866,1,High
SUB-00007646,CUST-002220,King Group,NC-INTEGRATION,Nexus Integration,0,0.23280518882318313,0,Low
SUB-00007647,CUST-002220,King Group,NC-AIMODEL,Nexus AI Models,1,0.849946882693112,1,Critical
SUB-00007648,CUST-002221,Fowler-Haynes,NC-SQL,Nexus SQL Database,0,0.23745121609249548,0,Low
SUB-00007649,CUST-002221,Fowler-Haynes,NC-SECURITY,Nexus Cloud Security,1,0.5205425957577895,1,High
SUB-00007650,CUST-002221,Fowler-Haynes,NC-ANALYTICS,Nexus Analytics,1,0.8363860880177191,1,Critical
SUB-00007651,CUST-002221,Fowler-Haynes,NC-STORAGE,Nexus Storage,1,0.5296882857641196,1,High
SUB-00007652,CUST-002221,Fowler-Haynes,NC-COMPUTE,Nexus Compute,0,0.8368200076821017,1,Critical
SUB-00007653,CUST-002222,"Martinez, Camacho and Mathews",NC-COMPUTE,Nexus Compute,1,0.8352740953178871,1,Critical
SUB-00007654,CUST-002222,"Martinez, Camacho and Mathews",NC-SQL,Nexus SQL Database,0,0.21994842773318024,0,Low
SUB-00007655,CUST-002222,"Martinez, Camacho and Mathews",NC-SECURITY,Nexus Cloud Security,0,0.6157707696639032,1,High
SUB-00007656,CUST-002222,"Martinez, Camacho and Mathews",NC-INTEGRATION,Nexus Integration,1,0.524930830206307,1,High
SUB-00007657,CUST-002222,"Martinez, Camacho and Mathews",NC-CONTAINER,Nexus Container Platform,0,0.5144956925484477,1,High
SUB-00007658,CUST-002222,"Martinez, Camacho and Mathews",NC-WAREHOUSE,Nexus Data Warehouse,1,0.8107881440236127,1,Critical
SUB-00007659,CUST-002222,"Martinez, Camacho and Mathews",NC-ANALYTICS,Nexus Analytics,1,0.5974234447177377,1,High
SUB-00007660,CUST-002222,"Martinez, Camacho and Mathews",NC-STORAGE,Nexus Storage,1,0.19431509699291208,0,Low
SUB-00007661,CUST-002223,Smith-Yu,NC-CONTAINER,Nexus Container Platform,1,0.7888926304438464,1,Critical
SUB-00007662,CUST-002224,Turner-Mayer,NC-ANALYTICS,Nexus Analytics,0,0.20881391972571853,0,Low
SUB-00007663,CUST-002224,Turner-Mayer,NC-STORAGE,Nexus Storage,0,0.19725704260439406,0,Low
SUB-00007664,CUST-002224,Turner-Mayer,NC-SECURITY,Nexus Cloud Security,1,0.8166983003099405,1,Critical
SUB-00007665,CUST-002225,Evans and Sons,NC-WAREHOUSE,Nexus Data Warehouse,1,0.8295540607377688,1,Critical
SUB-00007666,CUST-002226,Welch-Suarez,NC-SECURITY,Nexus Cloud Security,1,0.2292962264187514,0,Low
SUB-00007667,CUST-002226,Welch-Suarez,NC-WAREHOUSE,Nexus Data Warehouse,1,0.47139775966237074,0,Medium
SUB-00007668,CUST-002226,Welch-Suarez,NC-STORAGE,Nexus Storage,0,0.18735967761165623,0,Low
SUB-00007669,CUST-002226,Welch-Suarez,NC-COMPUTE,Nexus Compute,1,0.47956001634370077,0,Medium
SUB-00007670,CUST-002226,Welch-Suarez,NC-SQL,Nexus SQL Database,0,0.15357399022030097,0,Low
SUB-00007671,CUST-002226,Welch-Suarez,NC-INTEGRATION,Nexus Integration,0,0.8330392479057376,1,Critical
SUB-00007672,CUST-002226,Welch-Suarez,NC-ANALYTICS,Nexus Analytics,1,0.4951644285484291,0,Medium
SUB-00007673,CUST-002227,"Sullivan, Johnson and Delacruz",NC-COMPUTE,Nexus Compute,1,0.7634741175687098,1,Critical
SUB-00007674,CUST-002227,"Sullivan, Johnson and Delacruz",NC-ANALYTICS,Nexus Analytics,1,0.7743199890440325,1,Critical
SUB-00007675,CUST-002227,"Sullivan, Johnson and Delacruz",NC-SECURITY,Nexus Cloud Security,1,0.4752008288675761,0,Medium
SUB-00007676,CUST-002227,"Sullivan, Johnson and Delacruz",NC-STORAGE,Nexus Storage,0,0.19147642427366454,0,Low
SUB-00007677,CUST-002227,"Sullivan, Johnson and Delacruz",NC-INTEGRATION,Nexus Integration,1,0.7923662345953161,1,Critical
SUB-00007678,CUST-002227,"Sullivan, Johnson and Delacruz",NC-SQL,Nexus SQL Database,1,0.4359920543707066,0,Medium
SUB-00007679,CUST-002227,"Sullivan, Johnson and Delacruz",NC-AISEARCH,Nexus AI Search,0,0.22752922165504846,0,Low
SUB-00007680,CUST-002227,"Sullivan, Johnson and Delacruz",NC-CONTAINER,Nexus Container Platform,0,0.22337998022869418,0,Low
SUB-00007681,CUST-002228,Ruiz-Gutierrez,NC-ANALYTICS,Nexus Analytics,1,0.8328101820540125,1,Critical
SUB-00007682,CUST-002228,Ruiz-Gutierrez,NC-INTEGRATION,Nexus Integration,1,0.21776434053917257,0,Low
SUB-00007683,CUST-002228,Ruiz-Gutierrez,NC-COMPUTE,Nexus Compute,1,0.5351819799775448,1,High
SUB-00007684,CUST-002228,Ruiz-Gutierrez,NC-AIMODEL,Nexus AI Models,0,0.246605572840695,0,Low
SUB-00007685,CUST-002228,Ruiz-Gutierrez,NC-SECURITY,Nexus Cloud Security,1,0.22260706189422924,0,Low
SUB-00007686,CUST-002228,Ruiz-Gutierrez,NC-AISEARCH,Nexus AI Search,1,0.22191784538476367,0,Low
SUB-00007687,CUST-002229,Love-Mcdowell,NC-SQL,Nexus SQL Database,1,0.7999518812084213,1,Critical
SUB-00007688,CUST-002229,Love-Mcdowell,NC-WAREHOUSE,Nexus Data Warehouse,0,0.19793594336051,0,Low
SUB-00007689,CUST-002229,Love-Mcdowell,NC-COMPUTE,Nexus Compute,0,0.769791607531769,1,Critical
SUB-00007690,CUST-002229,Love-Mcdowell,NC-ANALYTICS,Nexus Analytics,0,0.20886031782519887,0,Low
SUB-00007691,CUST-002229,Love-Mcdowell,NC-SECURITY,Nexus Cloud Security,0,0.15011938955056753,0,Low
SUB-00007692,CUST-002230,Holloway Ltd,NC-SECURITY,Nexus Cloud Security,1,0.5244924298507289,1,High
SUB-00007693,CUST-002230,Holloway Ltd,NC-WAREHOUSE,Nexus Data Warehouse,0,0.21412661132723104,0,Low
SUB-00007694,CUST-002231,Hunter-Bell,NC-WAREHOUSE,Nexus Data Warehouse,0,0.21093303588059353,0,Low
SUB-00007695,CUST-002231,Hunter-Bell,NC-COMPUTE,Nexus Compute,1,0.81605974523251,1,Critical
SUB-00007696,CUST-002231,Hunter-Bell,NC-SECURITY,Nexus Cloud Security,1,0.8143129972510361,1,Critical
SUB-00007697,CUST-002231,Hunter-Bell,NC-CONTAINER,Nexus Container Platform,1,0.8204499664949497,1,Critical
SUB-00007698,CUST-002231,Hunter-Bell,NC-SQL,Nexus SQL Database,1,0.5380241176287208,1,High
SUB-00007699,CUST-002232,"Daniel, Kelley and Murphy",NC-AIMODEL,Nexus AI Models,0,0.2508399204978816,0,Medium
SUB-00007700,CUST-002232,"Daniel, Kelley and Murphy",NC-ANALYTICS,Nexus Analytics,1,0.8536902515621532,1,Critical
SUB-00007701,CUST-002232,"Daniel, Kelley and Murphy",NC-STORAGE,Nexus Storage,1,0.8655150594553743,1,Critical
SUB-00007702,CUST-002232,"Daniel, Kelley and Murphy",NC-SQL,Nexus SQL Database,0,0.5350623471899576,1,High
SUB-00007703,CUST-002232,"Daniel, Kelley and Murphy",NC-AISEARCH,Nexus AI Search,0,0.2714430590941646,0,Medium
SUB-00007704,CUST-002232,"Daniel, Kelley and Murphy",NC-CONTAINER,Nexus Container Platform,1,0.2504390462389167,0,Medium
SUB-00007705,CUST-002233,"Johnson, Williams and May",NC-SECURITY,Nexus Cloud Security,0,0.19308638270065517,0,Low
SUB-00007706,CUST-002233,"Johnson, Williams and May",NC-ANALYTICS,Nexus Analytics,0,0.1884492444716685,0,Low
SUB-00007707,CUST-002233,"Johnson, Williams and May",NC-AISEARCH,Nexus AI Search,1,0.8148203729415616,1,Critical
SUB-00007708,CUST-002233,"Johnson, Williams and May",NC-CONTAINER,Nexus Container Platform,1,0.5076102769322105,1,High
SUB-00007709,CUST-002233,"Johnson, Williams and May",NC-AIMODEL,Nexus AI Models,1,0.19242093584087053,0,Low
SUB-00007710,CUST-002233,"Johnson, Williams and May",NC-INTEGRATION,Nexus Integration,1,0.49887694118532155,0,Medium
SUB-00007711,CUST-002233,"Johnson, Williams and May",NC-WAREHOUSE,Nexus Data Warehouse,1,0.5219065178171363,1,High
SUB-00007712,CUST-002234,"Ramos, Davidson and Smith",NC-STORAGE,Nexus Storage,1,0.8162594103002397,1,Critical
SUB-00007713,CUST-002234,"Ramos, Davidson and Smith",NC-SQL,Nexus SQL Database,1,0.5003993136372135,1,High
SUB-00007714,CUST-002235,Fuller LLC,NC-SQL,Nexus SQL Database,1,0.5602936152260033,1,High
SUB-00007715,CUST-002235,Fuller LLC,NC-ANALYTICS,Nexus Analytics,1,0.8384995380522114,1,Critical
SUB-00007716,CUST-002235,Fuller LLC,NC-INTEGRATION,Nexus Integration,0,0.23633656986346913,0,Low
SUB-00007717,CUST-002235,Fuller LLC,NC-CONTAINER,Nexus Container Platform,0,0.560997753309886,1,High
SUB-00007718,CUST-002235,Fuller LLC,NC-SECURITY,Nexus Cloud Security,1,0.8352915572680929,1,Critical
SUB-00007719,CUST-002235,Fuller LLC,NC-WAREHOUSE,Nexus Data Warehouse,0,0.5532476214986225,1,High
SUB-00007720,CUST-002236,"Miller, Moore and Black",NC-COMPUTE,Nexus Compute,1,0.19794175386664575,0,Low
SUB-00007721,CUST-002236,"Miller, Moore and Black",NC-ANALYTICS,Nexus Analytics,0,0.19891193869029747,0,Low
SUB-00007722,CUST-002236,"Miller, Moore and Black",NC-AIMODEL,Nexus AI Models,0,0.20637003426104233,0,Low
SUB-00007723,CUST-002236,"Miller, Moore and Black",NC-STORAGE,Nexus Storage,0,0.19825342471070795,0,Low
SUB-00007724,CUST-002236,"Miller, Moore and Black",NC-AISEARCH,Nexus AI Search,0,0.8251624148171279,1,Critical
SUB-00007725,CUST-002237,"Hines, Bradford and Jennings",NC-WAREHOUSE,Nexus Data Warehouse,1,0.21391430488519453,0,Low
SUB-00007726,CUST-002237,"Hines, Bradford and Jennings",NC-SECURITY,Nexus Cloud Security,0,0.2096391187053819,0,Low
SUB-00007727,CUST-002237,"Hines, Bradford and Jennings",NC-STORAGE,Nexus Storage,1,0.822365016695184,1,Critical
SUB-00007728,CUST-002238,Hayes-Russo,NC-INTEGRATION,Nexus Integration,1,0.8339570121051274,1,Critical
SUB-00007729,CUST-002238,Hayes-Russo,NC-CONTAINER,Nexus Container Platform,1,0.8264647045372493,1,Critical
SUB-00007730,CUST-002238,Hayes-Russo,NC-COMPUTE,Nexus Compute,1,0.8344951317924467,1,Critical
SUB-00007731,CUST-002239,Green Ltd,NC-WAREHOUSE,Nexus Data Warehouse,1,0.5489741867851732,1,High
SUB-00007732,CUST-002240,"Serrano, Marsh and Gonzalez",NC-CONTAINER,Nexus Container Platform,0,0.19800409740173383,0,Low
SUB-00007733,CUST-002240,"Serrano, Marsh and Gonzalez",NC-INTEGRATION,Nexus Integration,1,0.5160994518972676,1,High
SUB-00007734,CUST-002240,"Serrano, Marsh and Gonzalez",NC-WAREHOUSE,Nexus Data Warehouse,0,0.2155309553067048,0,Low
SUB-00007735,CUST-002241,Richardson-Long,NC-STORAGE,Nexus Storage,0,0.5191965222871409,1,High
SUB-00007736,CUST-002241,Richardson-Long,NC-SQL,Nexus SQL Database,0,0.8262710238911052,1,Critical
SUB-00007737,CUST-002241,Richardson-Long,NC-SECURITY,Nexus Cloud Security,0,0.5210465391343582,1,High
SUB-00007738,CUST-002241,Richardson-Long,NC-ANALYTICS,Nexus Analytics,1,0.8268742068373053,1,Critical
SUB-00007739,CUST-002241,Richardson-Long,NC-COMPUTE,Nexus Compute,0,0.2254103873565606,0,Low
SUB-00007740,CUST-002242,Duffy-Wilkerson,NC-SECURITY,Nexus Cloud Security,0,0.21765933916128377,0,Low
SUB-00007741,CUST-002242,Duffy-Wilkerson,NC-ANALYTICS,Nexus Analytics,0,0.5635469281210973,1,High
SUB-00007742,CUST-002242,Duffy-Wilkerson,NC-SQL,Nexus SQL Database,1,0.5409804490023231,1,High
SUB-00007743,CUST-002243,Smith Inc,NC-STORAGE,Nexus Storage,1,0.23416865618341792,0,Low
SUB-00007744,CUST-002243,Smith Inc,NC-SECURITY,Nexus Cloud Security,1,0.8384541521790043,1,Critical
SUB-00007745,CUST-002243,Smith Inc,NC-COMPUTE,Nexus Compute,1,0.8494720688193068,1,Critical
SUB-00007746,CUST-002243,Smith Inc,NC-WAREHOUSE,Nexus Data Warehouse,1,0.8448703932001446,1,Critical
SUB-00007747,CUST-002244,"Holland, Sims and Meadows",NC-SQL,Nexus SQL Database,0,0.1882435056379002,0,Low
SUB-00007748,CUST-002245,Gonzalez-Haynes,NC-STORAGE,Nexus Storage,1,0.8452787433170058,1,Critical
SUB-00007749,CUST-002245,Gonzalez-Haynes,NC-SECURITY,Nexus Cloud Security,0,0.5649994818145267,1,High
SUB-00007750,CUST-002245,Gonzalez-Haynes,NC-WAREHOUSE,Nexus Data Warehouse,1,0.24299801400766258,0,Low
SUB-00007751,CUST-002246,Williams PLC,NC-SECURITY,Nexus Cloud Security,0,0.2079721168988081,0,Low
SUB-00007752,CUST-002246,Williams PLC,NC-SQL,Nexus SQL Database,1,0.1986103232812885,0,Low
SUB-00007753,CUST-002246,Williams PLC,NC-ANALYTICS,Nexus Analytics,1,0.21213842070178943,0,Low
SUB-00007754,CUST-002247,Burke-Hernandez,NC-COMPUTE,Nexus Compute,1,0.8270856715852672,1,Critical
SUB-00007755,CUST-002247,Burke-Hernandez,NC-CONTAINER,Nexus Container Platform,1,0.20379913141724773,0,Low
SUB-00007756,CUST-002247,Burke-Hernandez,NC-STORAGE,Nexus Storage,0,0.2187108094310122,0,Low
SUB-00007757,CUST-002248,Jackson-Bradley,NC-WAREHOUSE,Nexus Data Warehouse,0,0.22013606277637,0,Low
SUB-00007758,CUST-002249,Higgins Group,NC-COMPUTE,Nexus Compute,1,0.8019342942180375,1,Critical
SUB-00007759,CUST-002249,Higgins Group,NC-ANALYTICS,Nexus Analytics,1,0.8166400259269071,1,Critical
SUB-00007760,CUST-002249,Higgins Group,NC-CONTAINER,Nexus Container Platform,1,0.5001389808993314,1,High
SUB-00007761,CUST-002250,Wilcox-Snyder,NC-WAREHOUSE,Nexus Data Warehouse,1,0.8284834297734921,1,Critical
SUB-00007762,CUST-002250,Wilcox-Snyder,NC-SQL,Nexus SQL Database,0,0.21461026120555635,0,Low
SUB-00007763,CUST-002250,Wilcox-Snyder,NC-SECURITY,Nexus Cloud Security,1,0.22384534985171678,0,Low
SUB-00007764,CUST-002251,Reeves and Sons,NC-INTEGRATION,Nexus Integration,1,0.8140456618775668,1,Critical
SUB-00007765,CUST-002251,Reeves and Sons,NC-SECURITY,Nexus Cloud Security,1,0.8145709121568318,1,Critical
SUB-00007766,CUST-002251,Reeves and Sons,NC-WAREHOUSE,Nexus Data Warehouse,1,0.8287566206579421,1,Critical
SUB-00007767,CUST-002251,Reeves and Sons,NC-COMPUTE,Nexus Compute,1,0.8198255934739326,1,Critical
SUB-00007768,CUST-002252,Roberts-Snyder,NC-COMPUTE,Nexus Compute,1,0.7899860037909653,1,Critical
SUB-00007769,CUST-002252,Roberts-Snyder,NC-SQL,Nexus SQL Database,1,0.790200355878487,1,Critical
SUB-00007770,CUST-002252,Roberts-Snyder,NC-INTEGRATION,Nexus Integration,1,0.8018551778550421,1,Critical
SUB-00007771,CUST-002252,Roberts-Snyder,NC-ANALYTICS,Nexus Analytics,1,0.7925773376824271,1,Critical
SUB-00007772,CUST-002252,Roberts-Snyder,NC-WAREHOUSE,Nexus Data Warehouse,0,0.1904793962051688,0,Low
SUB-00007773,CUST-002252,Roberts-Snyder,NC-AIMODEL,Nexus AI Models,0,0.20494167458643037,0,Low
SUB-00007774,CUST-002253,Reynolds and Sons,NC-AISEARCH,Nexus AI Search,1,0.8481444350792671,1,Critical
SUB-00007775,CUST-002253,Reynolds and Sons,NC-SQL,Nexus SQL Database,1,0.853980883681168,1,Critical
SUB-00007776,CUST-002253,Reynolds and Sons,NC-STORAGE,Nexus Storage,0,0.5567240537311611,1,High
SUB-00007777,CUST-002253,Reynolds and Sons,NC-AIMODEL,Nexus AI Models,0,0.24391363195849633,0,Low
SUB-00007778,CUST-002253,Reynolds and Sons,NC-ANALYTICS,Nexus Analytics,0,0.8380391396091013,1,Critical
SUB-00007779,CUST-002253,Reynolds and Sons,NC-INTEGRATION,Nexus Integration,0,0.5687264807728444,1,High
SUB-00007780,CUST-002254,"Lewis, Holloway and Acosta",NC-INTEGRATION,Nexus Integration,0,0.4666495395714313,0,Medium
SUB-00007781,CUST-002254,"Lewis, Holloway and Acosta",NC-SQL,Nexus SQL Database,0,0.22690889393366687,0,Low
SUB-00007782,CUST-002254,"Lewis, Holloway and Acosta",NC-COMPUTE,Nexus Compute,0,0.49380448629723755,0,Medium
SUB-00007783,CUST-002254,"Lewis, Holloway and Acosta",NC-ANALYTICS,Nexus Analytics,1,0.7734760141839009,1,Critical
SUB-00007784,CUST-002254,"Lewis, Holloway and Acosta",NC-WAREHOUSE,Nexus Data Warehouse,1,0.8183847265330574,1,Critical
SUB-00007785,CUST-002255,Barnes Group,NC-AIMODEL,Nexus AI Models,0,0.23865828248445894,0,Low
SUB-00007786,CUST-002255,Barnes Group,NC-ANALYTICS,Nexus Analytics,0,0.4735181616233232,0,Medium
SUB-00007787,CUST-002255,Barnes Group,NC-SECURITY,Nexus Cloud Security,0,0.2712764160145942,0,Medium
SUB-00007788,CUST-002255,Barnes Group,NC-SQL,Nexus SQL Database,1,0.4931563411137168,0,Medium
SUB-00007789,CUST-002255,Barnes Group,NC-INTEGRATION,Nexus Integration,0,0.21694920953030092,0,Low
SUB-00007790,CUST-002256,Johnson LLC,NC-SECURITY,Nexus Cloud Security,1,0.8258731046350897,1,Critical
SUB-00007791,CUST-002256,Johnson LLC,NC-STORAGE,Nexus Storage,0,0.20829970014125782,0,Low
SUB-00007792,CUST-002256,Johnson LLC,NC-CONTAINER,Nexus Container Platform,1,0.5154854746023684,1,High
SUB-00007793,CUST-002257,Williamson and Sons,NC-SQL,Nexus SQL Database,1,0.8257994096444161,1,Critical
SUB-00007794,CUST-002257,Williamson and Sons,NC-AISEARCH,Nexus AI Search,0,0.22604167796633046,0,Low
SUB-00007795,CUST-002257,Williamson and Sons,NC-CONTAINER,Nexus Container Platform,0,0.47403834694099656,0,Medium
SUB-00007796,CUST-002257,Williamson and Sons,NC-SECURITY,Nexus Cloud Security,1,0.7981119634162862,1,Critical
SUB-00007797,CUST-002257,Williamson and Sons,NC-WAREHOUSE,Nexus Data Warehouse,1,0.780023316948034,1,Critical
SUB-00007798,CUST-002257,Williamson and Sons,NC-INTEGRATION,Nexus Integration,1,0.772139179771506,1,Critical
SUB-00007799,CUST-002258,Aguilar-Holland,NC-SQL,Nexus SQL Database,0,0.8149857166963603,1,Critical
SUB-00007800,CUST-002258,Aguilar-Holland,NC-SECURITY,Nexus Cloud Security,1,0.8191650993759555,1,Critical
SUB-00007801,CUST-002258,Aguilar-Holland,NC-CONTAINER,Nexus Container Platform,1,0.5245035493898169,1,High
SUB-00007802,CUST-002259,Smith and Sons,NC-INTEGRATION,Nexus Integration,0,0.22480590550397175,0,Low
SUB-00007803,CUST-002259,Smith and Sons,NC-ANALYTICS,Nexus Analytics,1,0.7825675219360478,1,Critical
SUB-00007804,CUST-002259,Smith and Sons,NC-CONTAINER,Nexus Container Platform,0,0.20367143103145388,0,Low
SUB-00007805,CUST-002259,Smith and Sons,NC-AISEARCH,Nexus AI Search,0,0.18157473915531078,0,Low
SUB-00007806,CUST-002259,Smith and Sons,NC-SECURITY,Nexus Cloud Security,1,0.18600847413823562,0,Low
SUB-00007807,CUST-002259,Smith and Sons,NC-WAREHOUSE,Nexus Data Warehouse,1,0.8367556759874132,1,Critical
SUB-00007808,CUST-002259,Smith and Sons,NC-SQL,Nexus SQL Database,1,0.8124144510841842,1,Critical
SUB-00007809,CUST-002259,Smith and Sons,NC-COMPUTE,Nexus Compute,1,0.512678067908253,1,High
SUB-00007810,CUST-002260,Mccann-Sanders,NC-ANALYTICS,Nexus Analytics,1,0.8180795451349305,1,Critical
SUB-00007811,CUST-002260,Mccann-Sanders,NC-INTEGRATION,Nexus Integration,0,0.5142674931344979,1,High
SUB-00007812,CUST-002260,Mccann-Sanders,NC-STORAGE,Nexus Storage,1,0.8257603770015485,1,Critical
SUB-00007813,CUST-002260,Mccann-Sanders,NC-WAREHOUSE,Nexus Data Warehouse,0,0.21367967899347617,0,Low
SUB-00007814,CUST-002260,Mccann-Sanders,NC-COMPUTE,Nexus Compute,1,0.5120069952502712,1,High
SUB-00007815,CUST-002260,Mccann-Sanders,NC-SECURITY,Nexus Cloud Security,0,0.20631497311071023,0,Low
SUB-00007816,CUST-002261,Reeves Ltd,NC-COMPUTE,Nexus Compute,1,0.5286043689588082,1,High
SUB-00007817,CUST-002261,Reeves Ltd,NC-STORAGE,Nexus Storage,1,0.8236674525927087,1,Critical
SUB-00007818,CUST-002261,Reeves Ltd,NC-INTEGRATION,Nexus Integration,1,0.5111349363943147,1,High
SUB-00007819,CUST-002261,Reeves Ltd,NC-ANALYTICS,Nexus Analytics,1,0.2057814874811243,0,Low
SUB-00007820,CUST-002261,Reeves Ltd,NC-AIMODEL,Nexus AI Models,0,0.5249647826805428,1,High
SUB-00007821,CUST-002261,Reeves Ltd,NC-SQL,Nexus SQL Database,0,0.19481351758689833,0,Low
SUB-00007822,CUST-002261,Reeves Ltd,NC-AISEARCH,Nexus AI Search,0,0.2216335886015881,0,Low
SUB-00007823,CUST-002262,Fitzgerald-Scott,NC-ANALYTICS,Nexus Analytics,1,0.8473681385309794,1,Critical
SUB-00007824,CUST-002262,Fitzgerald-Scott,NC-CONTAINER,Nexus Container Platform,0,0.5548019536041379,1,High
SUB-00007825,CUST-002262,Fitzgerald-Scott,NC-SECURITY,Nexus Cloud Security,0,0.8330711563606888,1,Critical
SUB-00007826,CUST-002263,Hawkins Inc,NC-INTEGRATION,Nexus Integration,1,0.8520247108027937,1,Critical
SUB-00007827,CUST-002263,Hawkins Inc,NC-WAREHOUSE,Nexus Data Warehouse,1,0.8524761328035806,1,Critical
SUB-00007828,CUST-002263,Hawkins Inc,NC-AIMODEL,Nexus AI Models,1,0.24338926867682686,0,Low
SUB-00007829,CUST-002264,Galvan-Ruiz,NC-WAREHOUSE,Nexus Data Warehouse,0,0.48845869888996185,0,Medium
SUB-00007830,CUST-002264,Galvan-Ruiz,NC-ANALYTICS,Nexus Analytics,1,0.8060809588830584,1,Critical
SUB-00007831,CUST-002264,Galvan-Ruiz,NC-INTEGRATION,Nexus Integration,0,0.49457486925641886,0,Medium
SUB-00007832,CUST-002265,Barajas-Crosby,NC-INTEGRATION,Nexus Integration,0,0.5646906248408524,1,High
SUB-00007833,CUST-002266,"Mckinney, Pacheco and Smith",NC-ANALYTICS,Nexus Analytics,0,0.8431839473303522,1,Critical
SUB-00007834,CUST-002266,"Mckinney, Pacheco and Smith",NC-SQL,Nexus SQL Database,1,0.2512026319251861,0,Medium
SUB-00007835,CUST-002266,"Mckinney, Pacheco and Smith",NC-CONTAINER,Nexus Container Platform,0,0.8384286424467251,1,Critical
SUB-00007836,CUST-002266,"Mckinney, Pacheco and Smith",NC-STORAGE,Nexus Storage,0,0.5599184205605197,1,High
SUB-00007837,CUST-002266,"Mckinney, Pacheco and Smith",NC-COMPUTE,Nexus Compute,0,0.5780042246327941,1,High
SUB-00007838,CUST-002267,"Harvey, Turner and Foster",NC-CONTAINER,Nexus Container Platform,1,0.2296240640907735,0,Low
SUB-00007839,CUST-002267,"Harvey, Turner and Foster",NC-COMPUTE,Nexus Compute,0,0.8436677725677008,1,Critical
SUB-00007840,CUST-002267,"Harvey, Turner and Foster",NC-STORAGE,Nexus Storage,1,0.22679132289122644,0,Low
SUB-00007841,CUST-002267,"Harvey, Turner and Foster",NC-INTEGRATION,Nexus Integration,0,0.5407820254716867,1,High
SUB-00007842,CUST-002267,"Harvey, Turner and Foster",NC-SQL,Nexus SQL Database,0,0.2323864896043195,0,Low
SUB-00007843,CUST-002267,"Harvey, Turner and Foster",NC-ANALYTICS,Nexus Analytics,0,0.21769094047077128,0,Low
SUB-00007844,CUST-002268,Anderson-Mcclain,NC-INTEGRATION,Nexus Integration,0,0.19315405481945822,0,Low
SUB-00007845,CUST-002268,Anderson-Mcclain,NC-WAREHOUSE,Nexus Data Warehouse,0,0.2082578814129967,0,Low
SUB-00007846,CUST-002268,Anderson-Mcclain,NC-CONTAINER,Nexus Container Platform,1,0.49995832642252164,0,Medium
SUB-00007847,CUST-002268,Anderson-Mcclain,NC-AIMODEL,Nexus AI Models,1,0.5227030959057145,1,High
SUB-00007848,CUST-002268,Anderson-Mcclain,NC-STORAGE,Nexus Storage,1,0.8170106321132862,1,Critical
SUB-00007849,CUST-002269,Carpenter LLC,NC-CONTAINER,Nexus Container Platform,0,0.5152253160125245,1,High
SUB-00007850,CUST-002270,Gordon LLC,NC-INTEGRATION,Nexus Integration,1,0.811306510531141,1,Critical
SUB-00007851,CUST-002270,Gordon LLC,NC-CONTAINER,Nexus Container Platform,0,0.2105826833259798,0,Low
SUB-00007852,CUST-002270,Gordon LLC,NC-ANALYTICS,Nexus Analytics,1,0.8113916588084195,1,Critical
SUB-00007853,CUST-002271,Anderson-Stewart,NC-ANALYTICS,Nexus Analytics,0,0.22876092882303664,0,Low
SUB-00007854,CUST-002272,"Hamilton, Green and Edwards",NC-INTEGRATION,Nexus Integration,0,0.22560436596589323,0,Low
SUB-00007855,CUST-002272,"Hamilton, Green and Edwards",NC-SECURITY,Nexus Cloud Security,0,0.22397720911671407,0,Low
SUB-00007856,CUST-002273,Porter LLC,NC-STORAGE,Nexus Storage,1,0.8399394879999114,1,Critical
SUB-00007857,CUST-002273,Porter LLC,NC-COMPUTE,Nexus Compute,1,0.8508353058323952,1,Critical
SUB-00007858,CUST-002273,Porter LLC,NC-WAREHOUSE,Nexus Data Warehouse,1,0.8531606439078011,1,Critical
SUB-00007859,CUST-002274,"Ward, Jordan and Orr",NC-INTEGRATION,Nexus Integration,1,0.8502756304252149,1,Critical
SUB-00007860,CUST-002274,"Ward, Jordan and Orr",NC-CONTAINER,Nexus Container Platform,1,0.8492924287472662,1,Critical
SUB-00007861,CUST-002274,"Ward, Jordan and Orr",NC-SECURITY,Nexus Cloud Security,1,0.5730829848793535,1,High
SUB-00007862,CUST-002274,"Ward, Jordan and Orr",NC-ANALYTICS,Nexus Analytics,1,0.8510881719708633,1,Critical
SUB-00007863,CUST-002275,Austin-Juarez,NC-INTEGRATION,Nexus Integration,1,0.21589434750508657,0,Low
SUB-00007864,CUST-002275,Austin-Juarez,NC-COMPUTE,Nexus Compute,1,0.8342264752501615,1,Critical
SUB-00007865,CUST-002275,Austin-Juarez,NC-CONTAINER,Nexus Container Platform,0,0.21176657505294488,0,Low
SUB-00007866,CUST-002276,Black-Graham,NC-WAREHOUSE,Nexus Data Warehouse,0,0.17194478111442107,0,Low
SUB-00007867,CUST-002276,Black-Graham,NC-SQL,Nexus SQL Database,0,0.16851606923222123,0,Low
SUB-00007868,CUST-002277,Stewart Group,NC-AIMODEL,Nexus AI Models,0,0.22675425746211267,0,Low
SUB-00007869,CUST-002277,Stewart Group,NC-STORAGE,Nexus Storage,1,0.8274790783643015,1,Critical
SUB-00007870,CUST-002277,Stewart Group,NC-SECURITY,Nexus Cloud Security,0,0.519374463937885,1,High
SUB-00007871,CUST-002277,Stewart Group,NC-CONTAINER,Nexus Container Platform,0,0.20343087575605742,0,Low
SUB-00007872,CUST-002277,Stewart Group,NC-INTEGRATION,Nexus Integration,0,0.21586841993395653,0,Low
SUB-00007873,CUST-002277,Stewart Group,NC-SQL,Nexus SQL Database,0,0.21095318318808828,0,Low
SUB-00007874,CUST-002277,Stewart Group,NC-COMPUTE,Nexus Compute,0,0.5375206655074759,1,High
SUB-00007875,CUST-002278,Peters Ltd,NC-INTEGRATION,Nexus Integration,1,0.8195152117859081,1,Critical
SUB-00007876,CUST-002279,"Yates, Brown and Hernandez",NC-INTEGRATION,Nexus Integration,1,0.8418794339454074,1,Critical
SUB-00007877,CUST-002279,"Yates, Brown and Hernandez",NC-SECURITY,Nexus Cloud Security,1,0.5521621699010593,1,High
SUB-00007878,CUST-002279,"Yates, Brown and Hernandez",NC-CONTAINER,Nexus Container Platform,0,0.8371649732051123,1,Critical
SUB-00007879,CUST-002279,"Yates, Brown and Hernandez",NC-SQL,Nexus SQL Database,1,0.21886363940566386,0,Low
SUB-00007880,CUST-002279,"Yates, Brown and Hernandez",NC-STORAGE,Nexus Storage,1,0.8268562884658057,1,Critical
SUB-00007881,CUST-002280,White Group,NC-ANALYTICS,Nexus Analytics,0,0.17226528217134493,0,Low
SUB-00007882,CUST-002280,White Group,NC-INTEGRATION,Nexus Integration,1,0.45302458958607206,0,Medium
SUB-00007883,CUST-002281,Martin-Mcdonald,NC-SQL,Nexus SQL Database,1,0.8218914522107561,1,Critical
SUB-00007884,CUST-002281,Martin-Mcdonald,NC-WAREHOUSE,Nexus Data Warehouse,0,0.5194091153316746,1,High
SUB-00007885,CUST-002281,Martin-Mcdonald,NC-CONTAINER,Nexus Container Platform,1,0.5156185738079916,1,High
SUB-00007886,CUST-002281,Martin-Mcdonald,NC-COMPUTE,Nexus Compute,0,0.20648408333426296,0,Low
SUB-00007887,CUST-002281,Martin-Mcdonald,NC-ANALYTICS,Nexus Analytics,1,0.8256138192479664,1,Critical
SUB-00007888,CUST-002281,Martin-Mcdonald,NC-INTEGRATION,Nexus Integration,1,0.8239358524745567,1,Critical
SUB-00007889,CUST-002281,Martin-Mcdonald,NC-STORAGE,Nexus Storage,1,0.8060761044170124,1,Critical
SUB-00007890,CUST-002282,Carney Group,NC-INTEGRATION,Nexus Integration,1,0.8380644523700641,1,Critical
SUB-00007891,CUST-002283,Alexander Ltd,NC-WAREHOUSE,Nexus Data Warehouse,1,0.48680476439384457,0,Medium
SUB-00007892,CUST-002283,Alexander Ltd,NC-SECURITY,Nexus Cloud Security,0,0.4790115247913137,0,Medium
SUB-00007893,CUST-002284,"Washington, Vasquez and Singleton",NC-SQL,Nexus SQL Database,1,0.8023228238898089,1,Critical
SUB-00007894,CUST-002285,Martinez Inc,NC-CONTAINER,Nexus Container Platform,1,0.7914243877777202,1,Critical
SUB-00007895,CUST-002285,Martinez Inc,NC-WAREHOUSE,Nexus Data Warehouse,0,0.19058317537646843,0,Low
SUB-00007896,CUST-002285,Martinez Inc,NC-STORAGE,Nexus Storage,0,0.7866265676289937,1,Critical
SUB-00007897,CUST-002286,Oneill and Sons,NC-SECURITY,Nexus Cloud Security,1,0.8473187488614551,1,Critical
SUB-00007898,CUST-002286,Oneill and Sons,NC-COMPUTE,Nexus Compute,1,0.8385499629718274,1,Critical
SUB-00007899,CUST-002286,Oneill and Sons,NC-WAREHOUSE,Nexus Data Warehouse,1,0.2569083288098896,0,Medium
SUB-00007900,CUST-002287,Brady LLC,NC-ANALYTICS,Nexus Analytics,0,0.5276528460734646,1,High
SUB-00007901,CUST-002287,Brady LLC,NC-CONTAINER,Nexus Container Platform,0,0.5240671510724787,1,High
SUB-00007902,CUST-002288,"Macdonald, Willis and Silva",NC-ANALYTICS,Nexus Analytics,1,0.7918155159965216,1,Critical
SUB-00007903,CUST-002288,"Macdonald, Willis and Silva",NC-STORAGE,Nexus Storage,0,0.1703557422617521,0,Low
SUB-00007904,CUST-002288,"Macdonald, Willis and Silva",NC-WAREHOUSE,Nexus Data Warehouse,0,0.21517819860752294,0,Low
SUB-00007905,CUST-002288,"Macdonald, Willis and Silva",NC-CONTAINER,Nexus Container Platform,0,0.1633868950295489,0,Low
SUB-00007906,CUST-002288,"Macdonald, Willis and Silva",NC-SECURITY,Nexus Cloud Security,1,0.7852510517091913,1,Critical
SUB-00007907,CUST-002288,"Macdonald, Willis and Silva",NC-AISEARCH,Nexus AI Search,0,0.20251611616566068,0,Low
SUB-00007908,CUST-002288,"Macdonald, Willis and Silva",NC-INTEGRATION,Nexus Integration,1,0.7982123705907266,1,Critical
SUB-00007909,CUST-002288,"Macdonald, Willis and Silva",NC-SQL,Nexus SQL Database,0,0.19268428706566898,0,Low
SUB-00007910,CUST-002289,Fox PLC,NC-SECURITY,Nexus Cloud Security,1,0.5251414862709576,1,High
SUB-00007911,CUST-002289,Fox PLC,NC-WAREHOUSE,Nexus Data Warehouse,1,0.5329215660101537,1,High
SUB-00007912,CUST-002289,Fox PLC,NC-INTEGRATION,Nexus Integration,1,0.8104768516569403,1,Critical
SUB-00007913,CUST-002290,Butler Inc,NC-INTEGRATION,Nexus Integration,0,0.1895445864697699,0,Low
SUB-00007914,CUST-002290,Butler Inc,NC-WAREHOUSE,Nexus Data Warehouse,1,0.2049493340105617,0,Low
SUB-00007915,CUST-002290,Butler Inc,NC-STORAGE,Nexus Storage,1,0.8015629761565711,1,Critical
SUB-00007916,CUST-002291,Tate Ltd,NC-WAREHOUSE,Nexus Data Warehouse,0,0.849995883851466,1,Critical
SUB-00007917,CUST-002291,Tate Ltd,NC-COMPUTE,Nexus Compute,1,0.8467385582246644,1,Critical
SUB-00007918,CUST-002291,Tate Ltd,NC-INTEGRATION,Nexus Integration,1,0.8350108309097335,1,Critical
SUB-00007919,CUST-002292,Clay Inc,NC-SQL,Nexus SQL Database,0,0.2147505025766104,0,Low
SUB-00007920,CUST-002292,Clay Inc,NC-WAREHOUSE,Nexus Data Warehouse,1,0.8367396585891177,1,Critical
SUB-00007921,CUST-002292,Clay Inc,NC-CONTAINER,Nexus Container Platform,1,0.5291274572238444,1,High
SUB-00007922,CUST-002292,Clay Inc,NC-INTEGRATION,Nexus Integration,1,0.8224425894978734,1,Critical
SUB-00007923,CUST-002293,Maldonado-Becker,NC-ANALYTICS,Nexus Analytics,0,0.5308697971488143,1,High
SUB-00007924,CUST-002293,Maldonado-Becker,NC-COMPUTE,Nexus Compute,1,0.8260332206373588,1,Critical
SUB-00007925,CUST-002293,Maldonado-Becker,NC-CONTAINER,Nexus Container Platform,1,0.5470773680088676,1,High
SUB-00007926,CUST-002294,Brooks-Hickman,NC-SQL,Nexus SQL Database,1,0.8216191268741859,1,Critical
SUB-00007927,CUST-002294,Brooks-Hickman,NC-STORAGE,Nexus Storage,1,0.5234473317271822,1,High
SUB-00007928,CUST-002294,Brooks-Hickman,NC-SECURITY,Nexus Cloud Security,0,0.4892468931278941,0,Medium
SUB-00007929,CUST-002294,Brooks-Hickman,NC-WAREHOUSE,Nexus Data Warehouse,1,0.5174339125485532,1,High
SUB-00007930,CUST-002294,Brooks-Hickman,NC-INTEGRATION,Nexus Integration,1,0.7979666557547705,1,Critical
SUB-00007931,CUST-002294,Brooks-Hickman,NC-COMPUTE,Nexus Compute,0,0.19546880450828685,0,Low
SUB-00007932,CUST-002295,Hood and Sons,NC-SECURITY,Nexus Cloud Security,0,0.1870589126620683,0,Low
SUB-00007933,CUST-002295,Hood and Sons,NC-COMPUTE,Nexus Compute,0,0.1881807924747374,0,Low
SUB-00007934,CUST-002295,Hood and Sons,NC-ANALYTICS,Nexus Analytics,1,0.4742779219643919,0,Medium
SUB-00007935,CUST-002296,Miller Ltd,NC-SQL,Nexus SQL Database,1,0.24819675471571026,0,Low
SUB-00007936,CUST-002296,Miller Ltd,NC-AISEARCH,Nexus AI Search,0,0.2559643395504055,0,Medium
SUB-00007937,CUST-002296,Miller Ltd,NC-INTEGRATION,Nexus Integration,0,0.5568819184415567,1,High
SUB-00007938,CUST-002297,"Castillo, Fuller and Adams",NC-ANALYTICS,Nexus Analytics,1,0.8012000104275443,1,Critical
SUB-00007939,CUST-002297,"Castillo, Fuller and Adams",NC-INTEGRATION,Nexus Integration,0,0.19805558381390873,0,Low
SUB-00007940,CUST-002297,"Castillo, Fuller and Adams",NC-COMPUTE,Nexus Compute,1,0.4875834394447041,0,Medium
SUB-00007941,CUST-002297,"Castillo, Fuller and Adams",NC-WAREHOUSE,Nexus Data Warehouse,1,0.8111826036450365,1,Critical
SUB-00007942,CUST-002297,"Castillo, Fuller and Adams",NC-CONTAINER,Nexus Container Platform,1,0.49029232789298866,0,Medium
SUB-00007943,CUST-002298,"Smith, Booker and Douglas",NC-STORAGE,Nexus Storage,0,0.5473747250146319,1,High
SUB-00007944,CUST-002298,"Smith, Booker and Douglas",NC-COMPUTE,Nexus Compute,1,0.8263938556575215,1,Critical
SUB-00007945,CUST-002299,Nguyen-Dennis,NC-INTEGRATION,Nexus Integration,0,0.21631547995326222,0,Low
SUB-00007946,CUST-002299,Nguyen-Dennis,NC-CONTAINER,Nexus Container Platform,1,0.8277410653961639,1,Critical
SUB-00007947,CUST-002299,Nguyen-Dennis,NC-COMPUTE,Nexus Compute,0,0.22803043722363228,0,Low
SUB-00007948,CUST-002300,"Meadows, Robles and Anderson",NC-SQL,Nexus SQL Database,1,0.8327171667878023,1,Critical
SUB-00007949,CUST-002300,"Meadows, Robles and Anderson",NC-COMPUTE,Nexus Compute,1,0.815945398669573,1,Critical
SUB-00007950,CUST-002300,"Meadows, Robles and Anderson",NC-ANALYTICS,Nexus Analytics,0,0.5390352270097938,1,High
SUB-00007951,CUST-002300,"Meadows, Robles and Anderson",NC-SECURITY,Nexus Cloud Security,0,0.5397870448042723,1,High
SUB-00007952,CUST-002301,Solis LLC,NC-SECURITY,Nexus Cloud Security,1,0.8262207079134549,1,Critical
SUB-00007953,CUST-002301,Solis LLC,NC-COMPUTE,Nexus Compute,0,0.5158578995379278,1,High
SUB-00007954,CUST-002301,Solis LLC,NC-CONTAINER,Nexus Container Platform,1,0.5249556613304281,1,High
SUB-00007955,CUST-002301,Solis LLC,NC-SQL,Nexus SQL Database,0,0.20649242854803396,0,Low
SUB-00007956,CUST-002301,Solis LLC,NC-INTEGRATION,Nexus Integration,0,0.5150823408199556,1,High
SUB-00007957,CUST-002302,Yates-Manning,NC-STORAGE,Nexus Storage,1,0.7937254802776236,1,Critical
SUB-00007958,CUST-002302,Yates-Manning,NC-WAREHOUSE,Nexus Data Warehouse,0,0.4867113766667956,0,Medium
SUB-00007959,CUST-002302,Yates-Manning,NC-CONTAINER,Nexus Container Platform,0,0.21651675264598141,0,Low
SUB-00007960,CUST-002302,Yates-Manning,NC-ANALYTICS,Nexus Analytics,1,0.526278994890781,1,High
SUB-00007961,CUST-002302,Yates-Manning,NC-SQL,Nexus SQL Database,1,0.5053439437715372,1,High
SUB-00007962,CUST-002302,Yates-Manning,NC-AIMODEL,Nexus AI Models,1,0.8118741168699294,1,Critical
SUB-00007963,CUST-002302,Yates-Manning,NC-INTEGRATION,Nexus Integration,0,0.16891623559622784,0,Low
SUB-00007964,CUST-002302,Yates-Manning,NC-COMPUTE,Nexus Compute,0,0.2065670300703587,0,Low
SUB-00007965,CUST-002302,Yates-Manning,NC-SECURITY,Nexus Cloud Security,1,0.4647860074309114,0,Medium
SUB-00007966,CUST-002303,"Crane, James and Ross",NC-INTEGRATION,Nexus Integration,0,0.8121831715386582,1,Critical
SUB-00007967,CUST-002303,"Crane, James and Ross",NC-WAREHOUSE,Nexus Data Warehouse,0,0.8108911023943857,1,Critical
SUB-00007968,CUST-002304,Allen Group,NC-CONTAINER,Nexus Container Platform,1,0.4703790262422553,0,Medium
SUB-00007969,CUST-002305,Smith and Sons,NC-INTEGRATION,Nexus Integration,0,0.2246673618149132,0,Low
SUB-00007970,CUST-002305,Smith and Sons,NC-ANALYTICS,Nexus Analytics,1,0.5638805473130641,1,High
SUB-00007971,CUST-002305,Smith and Sons,NC-COMPUTE,Nexus Compute,1,0.8292606510501755,1,Critical
SUB-00007972,CUST-002305,Smith and Sons,NC-SECURITY,Nexus Cloud Security,1,0.555397275381178,1,High
SUB-00007973,CUST-002305,Smith and Sons,NC-SQL,Nexus SQL Database,1,0.5408751105422294,1,High
SUB-00007974,CUST-002306,Price Group,NC-WAREHOUSE,Nexus Data Warehouse,0,0.1938057013593668,0,Low
SUB-00007975,CUST-002306,Price Group,NC-COMPUTE,Nexus Compute,1,0.5035025637446943,1,High
SUB-00007976,CUST-002307,Holland-Best,NC-WAREHOUSE,Nexus Data Warehouse,1,0.5127398489729502,1,High
SUB-00007977,CUST-002307,Holland-Best,NC-ANALYTICS,Nexus Analytics,1,0.5124470613513636,1,High
SUB-00007978,CUST-002307,Holland-Best,NC-CONTAINER,Nexus Container Platform,1,0.5312851781092099,1,High
SUB-00007979,CUST-002307,Holland-Best,NC-SECURITY,Nexus Cloud Security,0,0.1960078277329902,0,Low
SUB-00007980,CUST-002308,Martinez Group,NC-CONTAINER,Nexus Container Platform,1,0.20436024662956861,0,Low
SUB-00007981,CUST-002308,Martinez Group,NC-ANALYTICS,Nexus Analytics,0,0.1937818867967196,0,Low
SUB-00007982,CUST-002308,Martinez Group,NC-STORAGE,Nexus Storage,1,0.8163618645187608,1,Critical
SUB-00007983,CUST-002309,Fitzgerald-Dorsey,NC-SQL,Nexus SQL Database,0,0.4949667672959843,0,Medium
SUB-00007984,CUST-002309,Fitzgerald-Dorsey,NC-CONTAINER,Nexus Container Platform,1,0.8003411032577636,1,Critical
SUB-00007985,CUST-002309,Fitzgerald-Dorsey,NC-WAREHOUSE,Nexus Data Warehouse,0,0.19081137668538606,0,Low
SUB-00007986,CUST-002310,"Munoz, Howard and Davis",NC-CONTAINER,Nexus Container Platform,1,0.8090881108244891,1,Critical
SUB-00007987,CUST-002310,"Munoz, Howard and Davis",NC-INTEGRATION,Nexus Integration,1,0.8129402630741906,1,Critical
SUB-00007988,CUST-002311,Hunt-Burns,NC-SECURITY,Nexus Cloud Security,1,0.5145199023088016,1,High
SUB-00007989,CUST-002311,Hunt-Burns,NC-ANALYTICS,Nexus Analytics,0,0.5208468475052693,1,High
SUB-00007990,CUST-002311,Hunt-Burns,NC-STORAGE,Nexus Storage,1,0.2039463964070891,0,Low
SUB-00007991,CUST-002311,Hunt-Burns,NC-WAREHOUSE,Nexus Data Warehouse,0,0.5093418027219433,1,High
SUB-00007992,CUST-002311,Hunt-Burns,NC-SQL,Nexus SQL Database,1,0.5213678996182831,1,High
SUB-00007993,CUST-002312,Alvarez-Hart,NC-COMPUTE,Nexus Compute,1,0.5477336482210213,1,High
SUB-00007994,CUST-002312,Alvarez-Hart,NC-ANALYTICS,Nexus Analytics,0,0.8245773205401545,1,Critical
SUB-00007995,CUST-002313,Davis-Henderson,NC-STORAGE,Nexus Storage,1,0.8192202705813825,1,Critical
SUB-00007996,CUST-002313,Davis-Henderson,NC-CONTAINER,Nexus Container Platform,0,0.23044011481912746,0,Low
SUB-00007997,CUST-002313,Davis-Henderson,NC-COMPUTE,Nexus Compute,0,0.21521282111402074,0,Low
SUB-00007998,CUST-002313,Davis-Henderson,NC-SECURITY,Nexus Cloud Security,0,0.22800590220727743,0,Low
SUB-00007999,CUST-002313,Davis-Henderson,NC-INTEGRATION,Nexus Integration,0,0.8262589066879223,1,Critical
SUB-00008000,CUST-002313,Davis-Henderson,NC-ANALYTICS,Nexus Analytics,0,0.22456001826612954,0,Low
SUB-00008001,CUST-002314,Austin-Hamilton,NC-SECURITY,Nexus Cloud Security,1,0.19016792918472303,0,Low
SUB-00008002,CUST-002314,Austin-Hamilton,NC-AIMODEL,Nexus AI Models,1,0.4850697150851587,0,Medium
SUB-00008003,CUST-002314,Austin-Hamilton,NC-ANALYTICS,Nexus Analytics,1,0.7955353443004655,1,Critical
SUB-00008004,CUST-002314,Austin-Hamilton,NC-SQL,Nexus SQL Database,1,0.7861152194472334,1,Critical
SUB-00008005,CUST-002314,Austin-Hamilton,NC-AISEARCH,Nexus AI Search,1,0.1507642592842524,0,Low
SUB-00008006,CUST-002314,Austin-Hamilton,NC-CONTAINER,Nexus Container Platform,1,0.490690141767758,0,Medium
SUB-00008007,CUST-002314,Austin-Hamilton,NC-STORAGE,Nexus Storage,1,0.4959990264212537,0,Medium
SUB-00008008,CUST-002314,Austin-Hamilton,NC-COMPUTE,Nexus Compute,1,0.824654015565049,1,Critical
SUB-00008009,CUST-002315,Davis-Palmer,NC-CONTAINER,Nexus Container Platform,0,0.5144184474237984,1,High
SUB-00008010,CUST-002316,Rhodes-Holland,NC-SQL,Nexus SQL Database,1,0.20611101092839323,0,Low
SUB-00008011,CUST-002316,Rhodes-Holland,NC-ANALYTICS,Nexus Analytics,1,0.5208630155245096,1,High
SUB-00008012,CUST-002316,Rhodes-Holland,NC-WAREHOUSE,Nexus Data Warehouse,0,0.2210751995295565,0,Low
SUB-00008013,CUST-002316,Rhodes-Holland,NC-INTEGRATION,Nexus Integration,0,0.20388962562839547,0,Low
SUB-00008014,CUST-002317,"Moore, Simpson and Soto",NC-SECURITY,Nexus Cloud Security,1,0.524304847284072,1,High
SUB-00008015,CUST-002317,"Moore, Simpson and Soto",NC-ANALYTICS,Nexus Analytics,1,0.8122503655801542,1,Critical
SUB-00008016,CUST-002318,"Miller, Mcdonald and Miller",NC-COMPUTE,Nexus Compute,0,0.5067505246107544,1,High
SUB-00008017,CUST-002318,"Miller, Mcdonald and Miller",NC-INTEGRATION,Nexus Integration,1,0.7972998377720198,1,Critical
SUB-00008018,CUST-002318,"Miller, Mcdonald and Miller",NC-WAREHOUSE,Nexus Data Warehouse,0,0.1880392801476868,0,Low
SUB-00008019,CUST-002319,Evans-Joyce,NC-COMPUTE,Nexus Compute,0,0.21163920834258035,0,Low
SUB-00008020,CUST-002319,Evans-Joyce,NC-CONTAINER,Nexus Container Platform,0,0.822558202096791,1,Critical
SUB-00008021,CUST-002320,"Leach, Skinner and Mills",NC-CONTAINER,Nexus Container Platform,0,0.8226210978448655,1,Critical
SUB-00008022,CUST-002320,"Leach, Skinner and Mills",NC-WAREHOUSE,Nexus Data Warehouse,0,0.21414261602665283,0,Low
SUB-00008023,CUST-002321,Carroll-Arnold,NC-INTEGRATION,Nexus Integration,0,0.18736441700474132,0,Low
SUB-00008024,CUST-002321,Carroll-Arnold,NC-CONTAINER,Nexus Container Platform,0,0.1944220658114071,0,Low
SUB-00008025,CUST-002321,Carroll-Arnold,NC-ANALYTICS,Nexus Analytics,1,0.810248714176494,1,Critical
SUB-00008026,CUST-002321,Carroll-Arnold,NC-SQL,Nexus SQL Database,0,0.48516995501555255,0,Medium
SUB-00008027,CUST-002321,Carroll-Arnold,NC-COMPUTE,Nexus Compute,0,0.5008037190064395,1,High
SUB-00008028,CUST-002322,Palmer PLC,NC-INTEGRATION,Nexus Integration,1,0.21101726640531504,0,Low
SUB-00008029,CUST-002322,Palmer PLC,NC-COMPUTE,Nexus Compute,1,0.8095079403252735,1,Critical
SUB-00008030,CUST-002322,Palmer PLC,NC-SECURITY,Nexus Cloud Security,1,0.8089988058855896,1,Critical
SUB-00008031,CUST-002322,Palmer PLC,NC-CONTAINER,Nexus Container Platform,1,0.5058389292753297,1,High
SUB-00008032,CUST-002323,Gutierrez-Marshall,NC-ANALYTICS,Nexus Analytics,0,0.2055794979342412,0,Low
SUB-00008033,CUST-002323,Gutierrez-Marshall,NC-AISEARCH,Nexus AI Search,1,0.28708383352809036,0,Medium
SUB-00008034,CUST-002323,Gutierrez-Marshall,NC-SQL,Nexus SQL Database,1,0.8762319225288496,1,Critical
SUB-00008035,CUST-002323,Gutierrez-Marshall,NC-STORAGE,Nexus Storage,1,0.839102958252234,1,Critical
SUB-00008036,CUST-002323,Gutierrez-Marshall,NC-COMPUTE,Nexus Compute,1,0.2546292400614382,0,Medium
SUB-00008037,CUST-002323,Gutierrez-Marshall,NC-WAREHOUSE,Nexus Data Warehouse,1,0.8517183017086477,1,Critical
SUB-00008038,CUST-002323,Gutierrez-Marshall,NC-CONTAINER,Nexus Container Platform,1,0.5832177523390516,1,High
SUB-00008039,CUST-002323,Gutierrez-Marshall,NC-SECURITY,Nexus Cloud Security,0,0.2050623017605513,0,Low
SUB-00008040,CUST-002323,Gutierrez-Marshall,NC-INTEGRATION,Nexus Integration,1,0.8723409193009984,1,Critical
SUB-00008041,CUST-002324,"Carroll, King and Scott",NC-CONTAINER,Nexus Container Platform,1,0.1983517395434078,0,Low
SUB-00008042,CUST-002324,"Carroll, King and Scott",NC-COMPUTE,Nexus Compute,0,0.5075561404700845,1,High
SUB-00008043,CUST-002324,"Carroll, King and Scott",NC-SECURITY,Nexus Cloud Security,1,0.8218749373145489,1,Critical
SUB-00008044,CUST-002324,"Carroll, King and Scott",NC-WAREHOUSE,Nexus Data Warehouse,0,0.20243377262756965,0,Low
SUB-00008045,CUST-002325,Mack Inc,NC-COMPUTE,Nexus Compute,0,0.23445277235038597,0,Low
SUB-00008046,CUST-002325,Mack Inc,NC-CONTAINER,Nexus Container Platform,1,0.5587804973915531,1,High
SUB-00008047,CUST-002325,Mack Inc,NC-INTEGRATION,Nexus Integration,1,0.5454610865975912,1,High
SUB-00008048,CUST-002325,Mack Inc,NC-STORAGE,Nexus Storage,1,0.8396608446577981,1,Critical
SUB-00008049,CUST-002325,Mack Inc,NC-SQL,Nexus SQL Database,1,0.842899894508091,1,Critical
SUB-00008050,CUST-002326,Yang Group,NC-ANALYTICS,Nexus Analytics,0,0.18769193452697716,0,Low
SUB-00008051,CUST-002326,Yang Group,NC-CONTAINER,Nexus Container Platform,1,0.8100172168552734,1,Critical
SUB-00008052,CUST-002326,Yang Group,NC-COMPUTE,Nexus Compute,0,0.8017748835086206,1,Critical
SUB-00008053,CUST-002327,Hartman Group,NC-INTEGRATION,Nexus Integration,0,0.18243582028043487,0,Low
SUB-00008054,CUST-002327,Hartman Group,NC-COMPUTE,Nexus Compute,1,0.794738663616889,1,Critical
SUB-00008055,CUST-002327,Hartman Group,NC-STORAGE,Nexus Storage,0,0.18673823294138192,0,Low
SUB-00008056,CUST-002328,Miller Ltd,NC-COMPUTE,Nexus Compute,0,0.5771791498222737,1,High
SUB-00008057,CUST-002328,Miller Ltd,NC-SECURITY,Nexus Cloud Security,1,0.5618709054325072,1,High
SUB-00008058,CUST-002328,Miller Ltd,NC-INTEGRATION,Nexus Integration,1,0.8409357137373765,1,Critical
SUB-00008059,CUST-002328,Miller Ltd,NC-CONTAINER,Nexus Container Platform,0,0.5643314592481307,1,High
SUB-00008060,CUST-002329,Edwards-Ramsey,NC-SECURITY,Nexus Cloud Security,1,0.8364322832512664,1,Critical
SUB-00008061,CUST-002329,Edwards-Ramsey,NC-WAREHOUSE,Nexus Data Warehouse,0,0.7873843761542499,1,Critical
SUB-00008062,CUST-002329,Edwards-Ramsey,NC-CONTAINER,Nexus Container Platform,1,0.8057018262354961,1,Critical
SUB-00008063,CUST-002329,Edwards-Ramsey,NC-ANALYTICS,Nexus Analytics,1,0.5159655588073431,1,High
SUB-00008064,CUST-002329,Edwards-Ramsey,NC-COMPUTE,Nexus Compute,0,0.22447193740287988,0,Low
SUB-00008065,CUST-002329,Edwards-Ramsey,NC-AISEARCH,Nexus AI Search,0,0.6040879933632063,1,High
SUB-00008066,CUST-002329,Edwards-Ramsey,NC-STORAGE,Nexus Storage,0,0.1870050920165184,0,Low
SUB-00008067,CUST-002329,Edwards-Ramsey,NC-INTEGRATION,Nexus Integration,1,0.8610645910829208,1,Critical
SUB-00008068,CUST-002329,Edwards-Ramsey,NC-AIMODEL,Nexus AI Models,1,0.8002633768718703,1,Critical
SUB-00008069,CUST-002330,"Cole, Morton and Peterson",NC-CONTAINER,Nexus Container Platform,1,0.8264526261567188,1,Critical
SUB-00008070,CUST-002330,"Cole, Morton and Peterson",NC-SECURITY,Nexus Cloud Security,0,0.5444167066446416,1,High
SUB-00008071,CUST-002330,"Cole, Morton and Peterson",NC-WAREHOUSE,Nexus Data Warehouse,1,0.21863141376779352,0,Low
SUB-00008072,CUST-002331,Clark Inc,NC-COMPUTE,Nexus Compute,0,0.502178299876783,1,High
SUB-00008073,CUST-002331,Clark Inc,NC-ANALYTICS,Nexus Analytics,1,0.4400839656437668,0,Medium
SUB-00008074,CUST-002331,Clark Inc,NC-CONTAINER,Nexus Container Platform,1,0.16666928528577016,0,Low
SUB-00008075,CUST-002331,Clark Inc,NC-INTEGRATION,Nexus Integration,0,0.22441953493843375,0,Low
SUB-00008076,CUST-002331,Clark Inc,NC-WAREHOUSE,Nexus Data Warehouse,0,0.8274884538831998,1,Critical
SUB-00008077,CUST-002331,Clark Inc,NC-STORAGE,Nexus Storage,0,0.2614389736246274,0,Medium
SUB-00008078,CUST-002331,Clark Inc,NC-SECURITY,Nexus Cloud Security,0,0.8251784395095262,1,Critical
SUB-00008079,CUST-002331,Clark Inc,NC-SQL,Nexus SQL Database,0,0.22993307362115167,0,Low
SUB-00008080,CUST-002332,"Hendrix, Green and Nunez",NC-CONTAINER,Nexus Container Platform,1,0.7981516172009429,1,Critical
SUB-00008081,CUST-002332,"Hendrix, Green and Nunez",NC-SQL,Nexus SQL Database,0,0.15782509485586257,0,Low
SUB-00008082,CUST-002332,"Hendrix, Green and Nunez",NC-COMPUTE,Nexus Compute,1,0.8217312193425074,1,Critical
SUB-00008083,CUST-002332,"Hendrix, Green and Nunez",NC-WAREHOUSE,Nexus Data Warehouse,0,0.5116451600743558,1,High
SUB-00008084,CUST-002332,"Hendrix, Green and Nunez",NC-ANALYTICS,Nexus Analytics,0,0.1921420276577269,0,Low
SUB-00008085,CUST-002333,Ferguson-Smith,NC-ANALYTICS,Nexus Analytics,1,0.8360680469973045,1,Critical
SUB-00008086,CUST-002334,Smith Ltd,NC-SECURITY,Nexus Cloud Security,1,0.8209358752081719,1,Critical
SUB-00008087,CUST-002334,Smith Ltd,NC-CONTAINER,Nexus Container Platform,1,0.8225841463157159,1,Critical
SUB-00008088,CUST-002335,Stevens-Sullivan,NC-SQL,Nexus SQL Database,0,0.8425523970909095,1,Critical
SUB-00008089,CUST-002335,Stevens-Sullivan,NC-AISEARCH,Nexus AI Search,0,0.5606626132397439,1,High
SUB-00008090,CUST-002336,"Church, Guzman and Tucker",NC-COMPUTE,Nexus Compute,0,0.23220493312644144,0,Low
SUB-00008091,CUST-002336,"Church, Guzman and Tucker",NC-AIMODEL,Nexus AI Models,1,0.23354818836399113,0,Low
SUB-00008092,CUST-002336,"Church, Guzman and Tucker",NC-ANALYTICS,Nexus Analytics,0,0.22564680774142207,0,Low
SUB-00008093,CUST-002336,"Church, Guzman and Tucker",NC-AISEARCH,Nexus AI Search,1,0.587198645603721,1,High
SUB-00008094,CUST-002336,"Church, Guzman and Tucker",NC-SQL,Nexus SQL Database,0,0.8412393374834016,1,Critical
SUB-00008095,CUST-002336,"Church, Guzman and Tucker",NC-SECURITY,Nexus Cloud Security,1,0.5509390557074956,1,High
SUB-00008096,CUST-002336,"Church, Guzman and Tucker",NC-WAREHOUSE,Nexus Data Warehouse,1,0.8429381522299133,1,Critical
SUB-00008097,CUST-002337,"Li, Jensen and Vazquez",NC-WAREHOUSE,Nexus Data Warehouse,1,0.804362960215746,1,Critical
SUB-00008098,CUST-002338,"Leonard, Ballard and Miller",NC-CONTAINER,Nexus Container Platform,1,0.4870159406034116,0,Medium
SUB-00008099,CUST-002338,"Leonard, Ballard and Miller",NC-AIMODEL,Nexus AI Models,1,0.4873390559013318,0,Medium
SUB-00008100,CUST-002338,"Leonard, Ballard and Miller",NC-AISEARCH,Nexus AI Search,1,0.507786128930876,1,High
SUB-00008101,CUST-002338,"Leonard, Ballard and Miller",NC-ANALYTICS,Nexus Analytics,0,0.17816989436971423,0,Low
SUB-00008102,CUST-002338,"Leonard, Ballard and Miller",NC-WAREHOUSE,Nexus Data Warehouse,1,0.7849701515382125,1,Critical
SUB-00008103,CUST-002339,Smith Inc,NC-ANALYTICS,Nexus Analytics,1,0.8179323204052827,1,Critical
SUB-00008104,CUST-002339,Smith Inc,NC-COMPUTE,Nexus Compute,0,0.21714711286380617,0,Low
SUB-00008105,CUST-002340,Horton and Sons,NC-CONTAINER,Nexus Container Platform,0,0.21241884745469763,0,Low
SUB-00008106,CUST-002340,Horton and Sons,NC-AISEARCH,Nexus AI Search,1,0.8248537576367789,1,Critical
SUB-00008107,CUST-002340,Horton and Sons,NC-SECURITY,Nexus Cloud Security,1,0.8210957568308529,1,Critical
SUB-00008108,CUST-002340,Horton and Sons,NC-SQL,Nexus SQL Database,1,0.8144732454658635,1,Critical
SUB-00008109,CUST-002340,Horton and Sons,NC-INTEGRATION,Nexus Integration,1,0.5273614731426071,1,High
SUB-00008110,CUST-002341,Clark Ltd,NC-ANALYTICS,Nexus Analytics,1,0.817965712998619,1,Critical
SUB-00008111,CUST-002341,Clark Ltd,NC-WAREHOUSE,Nexus Data Warehouse,1,0.8212354871915805,1,Critical
SUB-00008112,CUST-002341,Clark Ltd,NC-COMPUTE,Nexus Compute,0,0.20378691083657635,0,Low
SUB-00008113,CUST-002342,Santos Group,NC-WAREHOUSE,Nexus Data Warehouse,0,0.22226968426007657,0,Low
SUB-00008114,CUST-002342,Santos Group,NC-COMPUTE,Nexus Compute,1,0.8290908753824636,1,Critical
SUB-00008115,CUST-002342,Santos Group,NC-SECURITY,Nexus Cloud Security,0,0.23190802289211696,0,Low
SUB-00008116,CUST-002342,Santos Group,NC-INTEGRATION,Nexus Integration,1,0.21970238833942704,0,Low
SUB-00008222,CUST-002374,Glover-Hammond,NC-STORAGE,Nexus Storage,0,0.7972981021906963,1,Critical
SUB-00008117,CUST-002342,Santos Group,NC-CONTAINER,Nexus Container Platform,0,0.21897302886257916,0,Low
SUB-00008118,CUST-002343,"Garrison, Ryan and Miller",NC-WAREHOUSE,Nexus Data Warehouse,1,0.8445088227942135,1,Critical
SUB-00008119,CUST-002343,"Garrison, Ryan and Miller",NC-ANALYTICS,Nexus Analytics,0,0.4980375202054385,0,Medium
SUB-00008120,CUST-002343,"Garrison, Ryan and Miller",NC-SECURITY,Nexus Cloud Security,0,0.23484831687471655,0,Low
SUB-00008121,CUST-002343,"Garrison, Ryan and Miller",NC-INTEGRATION,Nexus Integration,1,0.8585754482594201,1,Critical
SUB-00008122,CUST-002343,"Garrison, Ryan and Miller",NC-SQL,Nexus SQL Database,1,0.6211498168223865,1,High
SUB-00008123,CUST-002343,"Garrison, Ryan and Miller",NC-AIMODEL,Nexus AI Models,0,0.24484113041922226,0,Low
SUB-00008124,CUST-002343,"Garrison, Ryan and Miller",NC-COMPUTE,Nexus Compute,0,0.19306859592968664,0,Low
SUB-00008125,CUST-002343,"Garrison, Ryan and Miller",NC-CONTAINER,Nexus Container Platform,1,0.8025569014943155,1,Critical
SUB-00008126,CUST-002344,Hernandez-Henderson,NC-STORAGE,Nexus Storage,0,0.547322871451902,1,High
SUB-00008127,CUST-002344,Hernandez-Henderson,NC-WAREHOUSE,Nexus Data Warehouse,1,0.8360322509864283,1,Critical
SUB-00008128,CUST-002344,Hernandez-Henderson,NC-SQL,Nexus SQL Database,0,0.8282003288968747,1,Critical
SUB-00008129,CUST-002345,Martin and Sons,NC-SECURITY,Nexus Cloud Security,1,0.540600813138575,1,High
SUB-00008130,CUST-002345,Martin and Sons,NC-STORAGE,Nexus Storage,1,0.8341463712104598,1,Critical
SUB-00008131,CUST-002346,"Park, Maynard and Ruiz",NC-WAREHOUSE,Nexus Data Warehouse,1,0.22841707787792673,0,Low
SUB-00008132,CUST-002347,Richards-Harris,NC-SECURITY,Nexus Cloud Security,0,0.49069509773915027,0,Medium
SUB-00008133,CUST-002348,"Gallegos, Myers and Cook",NC-ANALYTICS,Nexus Analytics,0,0.78471928349826,1,Critical
SUB-00008134,CUST-002348,"Gallegos, Myers and Cook",NC-INTEGRATION,Nexus Integration,0,0.46469060284135355,0,Medium
SUB-00008135,CUST-002349,Mccoy Ltd,NC-INTEGRATION,Nexus Integration,1,0.21623694961377163,0,Low
SUB-00008136,CUST-002349,Mccoy Ltd,NC-SECURITY,Nexus Cloud Security,1,0.5302988829360206,1,High
SUB-00008137,CUST-002349,Mccoy Ltd,NC-ANALYTICS,Nexus Analytics,0,0.5298632821444194,1,High
SUB-00008138,CUST-002349,Mccoy Ltd,NC-STORAGE,Nexus Storage,1,0.5455999901229734,1,High
SUB-00008139,CUST-002350,Petty-Allison,NC-SQL,Nexus SQL Database,0,0.47783035505789884,0,Medium
SUB-00008140,CUST-002351,"Lane, Simon and Duarte",NC-INTEGRATION,Nexus Integration,1,0.19036613637112448,0,Low
SUB-00008141,CUST-002351,"Lane, Simon and Duarte",NC-CONTAINER,Nexus Container Platform,0,0.474185601018091,0,Medium
SUB-00008142,CUST-002351,"Lane, Simon and Duarte",NC-COMPUTE,Nexus Compute,0,0.19032390113275632,0,Low
SUB-00008143,CUST-002352,Freeman Group,NC-STORAGE,Nexus Storage,1,0.5652759453153813,1,High
SUB-00008144,CUST-002352,Freeman Group,NC-SQL,Nexus SQL Database,1,0.845575726255855,1,Critical
SUB-00008145,CUST-002352,Freeman Group,NC-SECURITY,Nexus Cloud Security,1,0.8419953066416325,1,Critical
SUB-00008146,CUST-002353,"Garza, Carr and Gregory",NC-WAREHOUSE,Nexus Data Warehouse,0,0.18602942521128735,0,Low
SUB-00008147,CUST-002353,"Garza, Carr and Gregory",NC-CONTAINER,Nexus Container Platform,0,0.19691667989386008,0,Low
SUB-00008148,CUST-002354,Hall-Brown,NC-WAREHOUSE,Nexus Data Warehouse,0,0.548835129222241,1,High
SUB-00008149,CUST-002354,Hall-Brown,NC-CONTAINER,Nexus Container Platform,1,0.8399397998578599,1,Critical
SUB-00008150,CUST-002354,Hall-Brown,NC-ANALYTICS,Nexus Analytics,0,0.5646131351855048,1,High
SUB-00008151,CUST-002355,Henderson LLC,NC-INTEGRATION,Nexus Integration,0,0.2325900966880934,0,Low
SUB-00008152,CUST-002355,Henderson LLC,NC-ANALYTICS,Nexus Analytics,0,0.23100513228842956,0,Low
SUB-00008153,CUST-002355,Henderson LLC,NC-STORAGE,Nexus Storage,0,0.5602286618234706,1,High
SUB-00008154,CUST-002356,"Brown, Orozco and Butler",NC-STORAGE,Nexus Storage,0,0.19891785410151278,0,Low
SUB-00008155,CUST-002356,"Brown, Orozco and Butler",NC-INTEGRATION,Nexus Integration,0,0.20094452481854091,0,Low
SUB-00008156,CUST-002356,"Brown, Orozco and Butler",NC-WAREHOUSE,Nexus Data Warehouse,0,0.20605558847928096,0,Low
SUB-00008157,CUST-002356,"Brown, Orozco and Butler",NC-COMPUTE,Nexus Compute,1,0.506773111098482,1,High
SUB-00008158,CUST-002356,"Brown, Orozco and Butler",NC-SQL,Nexus SQL Database,1,0.812049441484813,1,Critical
SUB-00008159,CUST-002357,Wilson-Dean,NC-SECURITY,Nexus Cloud Security,0,0.460101642380448,0,Medium
SUB-00008160,CUST-002357,Wilson-Dean,NC-STORAGE,Nexus Storage,0,0.1705440922357899,0,Low
SUB-00008161,CUST-002357,Wilson-Dean,NC-COMPUTE,Nexus Compute,1,0.18853094985001337,0,Low
SUB-00008162,CUST-002358,"Reed, Terry and Smith",NC-SQL,Nexus SQL Database,1,0.8249106043137358,1,Critical
SUB-00008163,CUST-002358,"Reed, Terry and Smith",NC-COMPUTE,Nexus Compute,1,0.5343328288270546,1,High
SUB-00008164,CUST-002358,"Reed, Terry and Smith",NC-INTEGRATION,Nexus Integration,0,0.8341459529450886,1,Critical
SUB-00008165,CUST-002359,Barber-Harrison,NC-ANALYTICS,Nexus Analytics,1,0.5316860504444483,1,High
SUB-00008166,CUST-002359,Barber-Harrison,NC-INTEGRATION,Nexus Integration,0,0.19655910734578802,0,Low
SUB-00008167,CUST-002360,Hall-Robinson,NC-AIMODEL,Nexus AI Models,1,0.8562905501281454,1,Critical
SUB-00008168,CUST-002360,Hall-Robinson,NC-SQL,Nexus SQL Database,1,0.7976267254818358,1,Critical
SUB-00008169,CUST-002360,Hall-Robinson,NC-CONTAINER,Nexus Container Platform,1,0.8653506997218592,1,Critical
SUB-00008170,CUST-002360,Hall-Robinson,NC-STORAGE,Nexus Storage,1,0.5307847115132057,1,High
SUB-00008171,CUST-002360,Hall-Robinson,NC-ANALYTICS,Nexus Analytics,1,0.8428568465510075,1,Critical
SUB-00008172,CUST-002360,Hall-Robinson,NC-COMPUTE,Nexus Compute,1,0.8259128187300302,1,Critical
SUB-00008173,CUST-002361,"Morgan, Guzman and Kirby",NC-INTEGRATION,Nexus Integration,1,0.5135213695236176,1,High
SUB-00008174,CUST-002361,"Morgan, Guzman and Kirby",NC-COMPUTE,Nexus Compute,1,0.19015358554597847,0,Low
SUB-00008175,CUST-002361,"Morgan, Guzman and Kirby",NC-WAREHOUSE,Nexus Data Warehouse,0,0.19621326235659747,0,Low
SUB-00008176,CUST-002362,"Mcdonald, Ware and Sharp",NC-ANALYTICS,Nexus Analytics,1,0.8149784253921055,1,Critical
SUB-00008177,CUST-002362,"Mcdonald, Ware and Sharp",NC-WAREHOUSE,Nexus Data Warehouse,0,0.21229056387958178,0,Low
SUB-00008178,CUST-002362,"Mcdonald, Ware and Sharp",NC-SECURITY,Nexus Cloud Security,1,0.8195999650232,1,Critical
SUB-00008179,CUST-002362,"Mcdonald, Ware and Sharp",NC-CONTAINER,Nexus Container Platform,1,0.8211891763388625,1,Critical
SUB-00008180,CUST-002363,Moyer-Whitaker,NC-WAREHOUSE,Nexus Data Warehouse,1,0.8440083342713053,1,Critical
SUB-00008181,CUST-002363,Moyer-Whitaker,NC-SQL,Nexus SQL Database,0,0.5811181929957072,1,High
SUB-00008182,CUST-002363,Moyer-Whitaker,NC-CONTAINER,Nexus Container Platform,0,0.2369890957141682,0,Low
SUB-00008183,CUST-002363,Moyer-Whitaker,NC-STORAGE,Nexus Storage,0,0.258638474871989,0,Medium
SUB-00008184,CUST-002363,Moyer-Whitaker,NC-COMPUTE,Nexus Compute,0,0.5713162535666224,1,High
SUB-00008185,CUST-002363,Moyer-Whitaker,NC-INTEGRATION,Nexus Integration,0,0.23422188157141044,0,Low
SUB-00008186,CUST-002364,"Delgado, Ward and Kennedy",NC-CONTAINER,Nexus Container Platform,1,0.8085214819307737,1,Critical
SUB-00008187,CUST-002364,"Delgado, Ward and Kennedy",NC-WAREHOUSE,Nexus Data Warehouse,1,0.5075775005630457,1,High
SUB-00008188,CUST-002365,Howell LLC,NC-SECURITY,Nexus Cloud Security,1,0.8078222152720762,1,Critical
SUB-00008189,CUST-002365,Howell LLC,NC-COMPUTE,Nexus Compute,0,0.5067822086243834,1,High
SUB-00008190,CUST-002366,"Curry, Estrada and Anderson",NC-ANALYTICS,Nexus Analytics,0,0.23313257034823423,0,Low
SUB-00008191,CUST-002366,"Curry, Estrada and Anderson",NC-COMPUTE,Nexus Compute,0,0.5546101464246977,1,High
SUB-00008192,CUST-002366,"Curry, Estrada and Anderson",NC-WAREHOUSE,Nexus Data Warehouse,1,0.8313664734761594,1,Critical
SUB-00008193,CUST-002366,"Curry, Estrada and Anderson",NC-SQL,Nexus SQL Database,0,0.22901223520814343,0,Low
SUB-00008194,CUST-002366,"Curry, Estrada and Anderson",NC-SECURITY,Nexus Cloud Security,1,0.8205331086901018,1,Critical
SUB-00008195,CUST-002366,"Curry, Estrada and Anderson",NC-STORAGE,Nexus Storage,0,0.2377989136802212,0,Low
SUB-00008196,CUST-002366,"Curry, Estrada and Anderson",NC-INTEGRATION,Nexus Integration,0,0.5472952379693062,1,High
SUB-00008197,CUST-002367,Moore Group,NC-STORAGE,Nexus Storage,1,0.8016748856075868,1,Critical
SUB-00008198,CUST-002367,Moore Group,NC-CONTAINER,Nexus Container Platform,1,0.7978315836466485,1,Critical
SUB-00008199,CUST-002368,Leon Group,NC-SQL,Nexus SQL Database,0,0.23657585344511792,0,Low
SUB-00008200,CUST-002368,Leon Group,NC-COMPUTE,Nexus Compute,0,0.23291669135912157,0,Low
SUB-00008201,CUST-002368,Leon Group,NC-ANALYTICS,Nexus Analytics,0,0.23535890846484103,0,Low
SUB-00008202,CUST-002368,Leon Group,NC-WAREHOUSE,Nexus Data Warehouse,1,0.8311679893605066,1,Critical
SUB-00008203,CUST-002369,Young-Hawkins,NC-WAREHOUSE,Nexus Data Warehouse,1,0.5089209235726648,1,High
SUB-00008204,CUST-002369,Young-Hawkins,NC-CONTAINER,Nexus Container Platform,0,0.1964275437812284,0,Low
SUB-00008205,CUST-002369,Young-Hawkins,NC-SQL,Nexus SQL Database,1,0.2014216031107812,0,Low
SUB-00008206,CUST-002370,Howard LLC,NC-INTEGRATION,Nexus Integration,1,0.581673000797447,1,High
SUB-00008207,CUST-002370,Howard LLC,NC-STORAGE,Nexus Storage,0,0.8410408945940931,1,Critical
SUB-00008208,CUST-002370,Howard LLC,NC-COMPUTE,Nexus Compute,0,0.8388065452021154,1,Critical
SUB-00008209,CUST-002370,Howard LLC,NC-WAREHOUSE,Nexus Data Warehouse,0,0.586919756615108,1,High
SUB-00008210,CUST-002370,Howard LLC,NC-SECURITY,Nexus Cloud Security,0,0.22792191240115459,0,Low
SUB-00008211,CUST-002370,Howard LLC,NC-CONTAINER,Nexus Container Platform,1,0.23466093616456465,0,Low
SUB-00008212,CUST-002370,Howard LLC,NC-SQL,Nexus SQL Database,0,0.2420807762004595,0,Low
SUB-00008213,CUST-002371,Rhodes-Thompson,NC-WAREHOUSE,Nexus Data Warehouse,1,0.8184409844916726,1,Critical
SUB-00008214,CUST-002371,Rhodes-Thompson,NC-SECURITY,Nexus Cloud Security,0,0.19425944281144658,0,Low
SUB-00008215,CUST-002372,"Johnson, Brown and Jordan",NC-AIMODEL,Nexus AI Models,1,0.5483874931932359,1,High
SUB-00008216,CUST-002372,"Johnson, Brown and Jordan",NC-CONTAINER,Nexus Container Platform,0,0.5324909942047593,1,High
SUB-00008217,CUST-002372,"Johnson, Brown and Jordan",NC-AISEARCH,Nexus AI Search,0,0.5820107713559654,1,High
SUB-00008218,CUST-002372,"Johnson, Brown and Jordan",NC-ANALYTICS,Nexus Analytics,1,0.5518372296072469,1,High
SUB-00008219,CUST-002373,"Perez, Hoffman and Tucker",NC-AISEARCH,Nexus AI Search,0,0.5931777948440768,1,High
SUB-00008220,CUST-002373,"Perez, Hoffman and Tucker",NC-SQL,Nexus SQL Database,1,0.8513286274357519,1,Critical
SUB-00008221,CUST-002373,"Perez, Hoffman and Tucker",NC-AIMODEL,Nexus AI Models,1,0.5985376094255986,1,High
SUB-00008223,CUST-002374,Glover-Hammond,NC-ANALYTICS,Nexus Analytics,1,0.19193169071657493,0,Low
SUB-00008224,CUST-002374,Glover-Hammond,NC-CONTAINER,Nexus Container Platform,0,0.4867540488618952,0,Medium
SUB-00008225,CUST-002375,"Adams, Hernandez and Vaughn",NC-CONTAINER,Nexus Container Platform,1,0.8439689085757006,1,Critical
SUB-00008226,CUST-002376,"Munoz, Garcia and Williams",NC-SQL,Nexus SQL Database,1,0.818409593428757,1,Critical
SUB-00008227,CUST-002376,"Munoz, Garcia and Williams",NC-STORAGE,Nexus Storage,1,0.7985030236822597,1,Critical
SUB-00008228,CUST-002376,"Munoz, Garcia and Williams",NC-COMPUTE,Nexus Compute,0,0.49937976300005915,0,Medium
SUB-00008229,CUST-002376,"Munoz, Garcia and Williams",NC-WAREHOUSE,Nexus Data Warehouse,0,0.7924719693614943,1,Critical
SUB-00008230,CUST-002376,"Munoz, Garcia and Williams",NC-CONTAINER,Nexus Container Platform,1,0.18562199940164245,0,Low
SUB-00008231,CUST-002376,"Munoz, Garcia and Williams",NC-AIMODEL,Nexus AI Models,0,0.20524499793325324,0,Low
SUB-00008232,CUST-002376,"Munoz, Garcia and Williams",NC-SECURITY,Nexus Cloud Security,1,0.7962662653810477,1,Critical
SUB-00008233,CUST-002377,Lloyd-Estes,NC-SQL,Nexus SQL Database,1,0.555987626250732,1,High
SUB-00008234,CUST-002377,Lloyd-Estes,NC-AISEARCH,Nexus AI Search,1,0.8030653315369036,1,Critical
SUB-00008235,CUST-002377,Lloyd-Estes,NC-STORAGE,Nexus Storage,0,0.8207846468386136,1,Critical
SUB-00008236,CUST-002377,Lloyd-Estes,NC-INTEGRATION,Nexus Integration,1,0.8516968809814497,1,Critical
SUB-00008237,CUST-002377,Lloyd-Estes,NC-CONTAINER,Nexus Container Platform,1,0.81764263321739,1,Critical
SUB-00008238,CUST-002377,Lloyd-Estes,NC-ANALYTICS,Nexus Analytics,1,0.8262118254881938,1,Critical
SUB-00008239,CUST-002377,Lloyd-Estes,NC-SECURITY,Nexus Cloud Security,1,0.8335124830701061,1,Critical
SUB-00008240,CUST-002377,Lloyd-Estes,NC-COMPUTE,Nexus Compute,0,0.22461389726552167,0,Low
SUB-00008241,CUST-002378,Villegas PLC,NC-INTEGRATION,Nexus Integration,1,0.8029298932162799,1,Critical
SUB-00008242,CUST-002378,Villegas PLC,NC-STORAGE,Nexus Storage,0,0.1915308958252099,0,Low
SUB-00008243,CUST-002379,"Casey, Meza and Colon",NC-WAREHOUSE,Nexus Data Warehouse,1,0.5088107893304057,1,High
SUB-00008244,CUST-002379,"Casey, Meza and Colon",NC-STORAGE,Nexus Storage,1,0.8139593142107148,1,Critical
SUB-00008245,CUST-002379,"Casey, Meza and Colon",NC-ANALYTICS,Nexus Analytics,1,0.8232575956049469,1,Critical
SUB-00008246,CUST-002379,"Casey, Meza and Colon",NC-SQL,Nexus SQL Database,1,0.8227276324652577,1,Critical
SUB-00008247,CUST-002380,Romero and Sons,NC-STORAGE,Nexus Storage,1,0.8155827854519225,1,Critical
SUB-00008248,CUST-002380,Romero and Sons,NC-CONTAINER,Nexus Container Platform,1,0.827513487570362,1,Critical
SUB-00008249,CUST-002380,Romero and Sons,NC-ANALYTICS,Nexus Analytics,1,0.8293107968023529,1,Critical
SUB-00008250,CUST-002381,"Wilson, Harris and Ward",NC-INTEGRATION,Nexus Integration,0,0.8464121786741722,1,Critical
SUB-00008251,CUST-002381,"Wilson, Harris and Ward",NC-WAREHOUSE,Nexus Data Warehouse,1,0.8508433222663724,1,Critical
SUB-00008252,CUST-002381,"Wilson, Harris and Ward",NC-SECURITY,Nexus Cloud Security,1,0.5639789039652597,1,High
SUB-00008253,CUST-002382,"Carter, Alexander and Hunter",NC-AIMODEL,Nexus AI Models,1,0.583288086191753,1,High
SUB-00008254,CUST-002382,"Carter, Alexander and Hunter",NC-CONTAINER,Nexus Container Platform,1,0.5671174887391625,1,High
SUB-00008255,CUST-002382,"Carter, Alexander and Hunter",NC-COMPUTE,Nexus Compute,1,0.2290647359167833,0,Low
SUB-00008256,CUST-002382,"Carter, Alexander and Hunter",NC-INTEGRATION,Nexus Integration,1,0.26613663118168235,0,Medium
SUB-00008257,CUST-002382,"Carter, Alexander and Hunter",NC-STORAGE,Nexus Storage,0,0.23026672615436536,0,Low
SUB-00008258,CUST-002382,"Carter, Alexander and Hunter",NC-AISEARCH,Nexus AI Search,1,0.24843454641719953,0,Low
SUB-00008259,CUST-002382,"Carter, Alexander and Hunter",NC-SECURITY,Nexus Cloud Security,1,0.8366023194706754,1,Critical
SUB-00008260,CUST-002382,"Carter, Alexander and Hunter",NC-WAREHOUSE,Nexus Data Warehouse,0,0.24441650995281033,0,Low
SUB-00008261,CUST-002383,"Harrell, Moore and Cox",NC-ANALYTICS,Nexus Analytics,1,0.8125460438769365,1,Critical
SUB-00008262,CUST-002383,"Harrell, Moore and Cox",NC-STORAGE,Nexus Storage,1,0.18610397663385855,0,Low
SUB-00008263,CUST-002383,"Harrell, Moore and Cox",NC-COMPUTE,Nexus Compute,1,0.49320742597112294,0,Medium
SUB-00008264,CUST-002384,Martinez and Sons,NC-COMPUTE,Nexus Compute,0,0.23557312002197814,0,Low
SUB-00008265,CUST-002384,Martinez and Sons,NC-SECURITY,Nexus Cloud Security,0,0.24138643882161198,0,Low
SUB-00008266,CUST-002384,Martinez and Sons,NC-SQL,Nexus SQL Database,1,0.8391005146017585,1,Critical
SUB-00008267,CUST-002384,Martinez and Sons,NC-INTEGRATION,Nexus Integration,1,0.8384231171938745,1,Critical
SUB-00008268,CUST-002384,Martinez and Sons,NC-AIMODEL,Nexus AI Models,1,0.2583876933613914,0,Medium
SUB-00008269,CUST-002384,Martinez and Sons,NC-ANALYTICS,Nexus Analytics,1,0.8444712303911108,1,Critical
SUB-00008270,CUST-002384,Martinez and Sons,NC-STORAGE,Nexus Storage,1,0.8305661600212594,1,Critical
SUB-00008271,CUST-002385,Montes-Hammond,NC-SQL,Nexus SQL Database,0,0.23125432122750642,0,Low
SUB-00008272,CUST-002385,Montes-Hammond,NC-COMPUTE,Nexus Compute,1,0.8425417614388464,1,Critical
SUB-00008273,CUST-002385,Montes-Hammond,NC-INTEGRATION,Nexus Integration,1,0.5318829283770764,1,High
SUB-00008274,CUST-002385,Montes-Hammond,NC-CONTAINER,Nexus Container Platform,1,0.8339503175880681,1,Critical
SUB-00008275,CUST-002385,Montes-Hammond,NC-STORAGE,Nexus Storage,1,0.8294232157600696,1,Critical
SUB-00008276,CUST-002385,Montes-Hammond,NC-WAREHOUSE,Nexus Data Warehouse,1,0.5469121483215643,1,High
SUB-00008277,CUST-002386,Sanchez Group,NC-STORAGE,Nexus Storage,0,0.19651425927679125,0,Low
SUB-00008278,CUST-002386,Sanchez Group,NC-ANALYTICS,Nexus Analytics,0,0.2029822750680022,0,Low
SUB-00008279,CUST-002387,Mitchell-Jackson,NC-COMPUTE,Nexus Compute,1,0.8436807504239371,1,Critical
SUB-00008280,CUST-002387,Mitchell-Jackson,NC-ANALYTICS,Nexus Analytics,1,0.5800716850745431,1,High
SUB-00008281,CUST-002387,Mitchell-Jackson,NC-SECURITY,Nexus Cloud Security,1,0.2451031731622466,0,Low
SUB-00008282,CUST-002387,Mitchell-Jackson,NC-CONTAINER,Nexus Container Platform,1,0.8505493016938297,1,Critical
SUB-00008283,CUST-002388,Watson-Fischer,NC-STORAGE,Nexus Storage,0,0.5165933990383222,1,High
SUB-00008284,CUST-002389,Soto-Sanchez,NC-WAREHOUSE,Nexus Data Warehouse,0,0.8125558430090826,1,Critical
SUB-00008285,CUST-002389,Soto-Sanchez,NC-AISEARCH,Nexus AI Search,0,0.2179364264954924,0,Low
SUB-00008286,CUST-002389,Soto-Sanchez,NC-SQL,Nexus SQL Database,0,0.21308600315692489,0,Low
SUB-00008287,CUST-002389,Soto-Sanchez,NC-CONTAINER,Nexus Container Platform,1,0.20087700472138745,0,Low
SUB-00008288,CUST-002389,Soto-Sanchez,NC-ANALYTICS,Nexus Analytics,0,0.8266473321008931,1,Critical
SUB-00008289,CUST-002389,Soto-Sanchez,NC-SECURITY,Nexus Cloud Security,0,0.8115774868525236,1,Critical
SUB-00008290,CUST-002390,"Fisher, Perez and Pham",NC-COMPUTE,Nexus Compute,1,0.5380501158156138,1,High
SUB-00008291,CUST-002390,"Fisher, Perez and Pham",NC-INTEGRATION,Nexus Integration,1,0.20686628330992968,0,Low
SUB-00008292,CUST-002390,"Fisher, Perez and Pham",NC-STORAGE,Nexus Storage,1,0.8630421518416772,1,Critical
SUB-00008293,CUST-002390,"Fisher, Perez and Pham",NC-SQL,Nexus SQL Database,0,0.19769339033581812,0,Low
SUB-00008294,CUST-002390,"Fisher, Perez and Pham",NC-SECURITY,Nexus Cloud Security,1,0.8510909194231029,1,Critical
SUB-00008295,CUST-002390,"Fisher, Perez and Pham",NC-ANALYTICS,Nexus Analytics,1,0.8454968058057124,1,Critical
SUB-00008296,CUST-002390,"Fisher, Perez and Pham",NC-AIMODEL,Nexus AI Models,1,0.23585125030983953,0,Low
SUB-00008297,CUST-002390,"Fisher, Perez and Pham",NC-CONTAINER,Nexus Container Platform,0,0.25730229107278646,0,Medium
SUB-00008298,CUST-002391,Hardin-Villanueva,NC-CONTAINER,Nexus Container Platform,1,0.8431365175155967,1,Critical
SUB-00008299,CUST-002391,Hardin-Villanueva,NC-ANALYTICS,Nexus Analytics,1,0.842916964615,1,Critical
SUB-00008300,CUST-002391,Hardin-Villanueva,NC-STORAGE,Nexus Storage,1,0.5750310380581719,1,High
SUB-00008301,CUST-002391,Hardin-Villanueva,NC-INTEGRATION,Nexus Integration,1,0.5638483159092638,1,High
SUB-00008302,CUST-002391,Hardin-Villanueva,NC-WAREHOUSE,Nexus Data Warehouse,0,0.24861615649466542,0,Low
SUB-00008303,CUST-002392,"Norton, Cox and Johnson",NC-SQL,Nexus SQL Database,1,0.8338631327159856,1,Critical
SUB-00008304,CUST-002392,"Norton, Cox and Johnson",NC-SECURITY,Nexus Cloud Security,1,0.21626369499519874,0,Low
SUB-00008305,CUST-002392,"Norton, Cox and Johnson",NC-CONTAINER,Nexus Container Platform,1,0.2339442652744295,0,Low
SUB-00008306,CUST-002393,Carrillo Ltd,NC-STORAGE,Nexus Storage,0,0.5785669379497607,1,High
SUB-00008307,CUST-002393,Carrillo Ltd,NC-WAREHOUSE,Nexus Data Warehouse,1,0.24095029130179507,0,Low
SUB-00008308,CUST-002393,Carrillo Ltd,NC-SECURITY,Nexus Cloud Security,1,0.5549621832416025,1,High
SUB-00008309,CUST-002393,Carrillo Ltd,NC-SQL,Nexus SQL Database,1,0.5720461785087646,1,High
SUB-00008310,CUST-002393,Carrillo Ltd,NC-CONTAINER,Nexus Container Platform,0,0.8489903205709922,1,Critical
SUB-00008311,CUST-002393,Carrillo Ltd,NC-INTEGRATION,Nexus Integration,1,0.8350885529807931,1,Critical
SUB-00008312,CUST-002394,"Acevedo, Miller and Edwards",NC-AISEARCH,Nexus AI Search,1,0.4732117681040758,0,Medium
SUB-00008313,CUST-002394,"Acevedo, Miller and Edwards",NC-CONTAINER,Nexus Container Platform,1,0.7848344999075774,1,Critical
SUB-00008314,CUST-002394,"Acevedo, Miller and Edwards",NC-AIMODEL,Nexus AI Models,1,0.4518197123146179,0,Medium
SUB-00008315,CUST-002394,"Acevedo, Miller and Edwards",NC-INTEGRATION,Nexus Integration,1,0.5456976769146141,1,High
SUB-00008316,CUST-002394,"Acevedo, Miller and Edwards",NC-SQL,Nexus SQL Database,1,0.8013807898888541,1,Critical
SUB-00008317,CUST-002394,"Acevedo, Miller and Edwards",NC-SECURITY,Nexus Cloud Security,1,0.8029632871555047,1,Critical
SUB-00008318,CUST-002394,"Acevedo, Miller and Edwards",NC-WAREHOUSE,Nexus Data Warehouse,1,0.8304936299674424,1,Critical
SUB-00008319,CUST-002395,Hamilton Group,NC-ANALYTICS,Nexus Analytics,1,0.1928134382430463,0,Low
SUB-00008320,CUST-002396,Keller Ltd,NC-SQL,Nexus SQL Database,1,0.5508345377275652,1,High
SUB-00008321,CUST-002397,Orr Inc,NC-SQL,Nexus SQL Database,1,0.8383944302691101,1,Critical
SUB-00008322,CUST-002397,Orr Inc,NC-INTEGRATION,Nexus Integration,0,0.22966904593667703,0,Low
SUB-00008323,CUST-002397,Orr Inc,NC-ANALYTICS,Nexus Analytics,0,0.533393043758731,1,High
SUB-00008324,CUST-002397,Orr Inc,NC-COMPUTE,Nexus Compute,1,0.8366541246112079,1,Critical
SUB-00008325,CUST-002397,Orr Inc,NC-SECURITY,Nexus Cloud Security,1,0.8442953051617929,1,Critical
SUB-00008326,CUST-002398,"Whitney, Lloyd and Liu",NC-STORAGE,Nexus Storage,0,0.5576672796364404,1,High
SUB-00008327,CUST-002398,"Whitney, Lloyd and Liu",NC-SECURITY,Nexus Cloud Security,0,0.2316005763143321,0,Low
SUB-00008328,CUST-002398,"Whitney, Lloyd and Liu",NC-WAREHOUSE,Nexus Data Warehouse,1,0.8308804928273894,1,Critical
SUB-00008329,CUST-002398,"Whitney, Lloyd and Liu",NC-INTEGRATION,Nexus Integration,0,0.5592494616055834,1,High
SUB-00008330,CUST-002399,Barnes-Blackwell,NC-SECURITY,Nexus Cloud Security,1,0.5514699514264874,1,High
SUB-00008331,CUST-002399,Barnes-Blackwell,NC-STORAGE,Nexus Storage,0,0.8448560624545266,1,Critical
SUB-00008332,CUST-002399,Barnes-Blackwell,NC-ANALYTICS,Nexus Analytics,1,0.2441783101146617,0,Low
SUB-00008333,CUST-002399,Barnes-Blackwell,NC-INTEGRATION,Nexus Integration,1,0.8305745447800438,1,Critical
SUB-00008334,CUST-002399,Barnes-Blackwell,NC-COMPUTE,Nexus Compute,0,0.5309339836878488,1,High
SUB-00008335,CUST-002399,Barnes-Blackwell,NC-SQL,Nexus SQL Database,1,0.8294147237448806,1,Critical
SUB-00008336,CUST-002400,"Spencer, Torres and Newton",NC-CONTAINER,Nexus Container Platform,1,0.7953881994742805,1,Critical
SUB-00008337,CUST-002400,"Spencer, Torres and Newton",NC-STORAGE,Nexus Storage,0,0.4900445086101162,0,Medium
SUB-00008338,CUST-002401,Smith-Ramirez,NC-STORAGE,Nexus Storage,0,0.20914081462054904,0,Low
SUB-00008339,CUST-002401,Smith-Ramirez,NC-ANALYTICS,Nexus Analytics,0,0.20704103125936638,0,Low
SUB-00008340,CUST-002401,Smith-Ramirez,NC-WAREHOUSE,Nexus Data Warehouse,0,0.5208924267568307,1,High
SUB-00008341,CUST-002401,Smith-Ramirez,NC-CONTAINER,Nexus Container Platform,0,0.5145874207668217,1,High
SUB-00008342,CUST-002402,"Bishop, Thomas and Powell",NC-ANALYTICS,Nexus Analytics,1,0.5165791367851584,1,High
SUB-00008343,CUST-002402,"Bishop, Thomas and Powell",NC-COMPUTE,Nexus Compute,1,0.8095290647256557,1,Critical
SUB-00008344,CUST-002402,"Bishop, Thomas and Powell",NC-STORAGE,Nexus Storage,0,0.5079309228315189,1,High
SUB-00008345,CUST-002402,"Bishop, Thomas and Powell",NC-WAREHOUSE,Nexus Data Warehouse,1,0.8118864199135806,1,Critical
SUB-00008346,CUST-002403,"Harris, Stephens and Kramer",NC-CONTAINER,Nexus Container Platform,1,0.5562061597009121,1,High
SUB-00008347,CUST-002403,"Harris, Stephens and Kramer",NC-SECURITY,Nexus Cloud Security,0,0.23723907771033007,0,Low
SUB-00008348,CUST-002403,"Harris, Stephens and Kramer",NC-SQL,Nexus SQL Database,0,0.23826681959055393,0,Low
SUB-00008349,CUST-002404,"Ramos, Reed and Cain",NC-CONTAINER,Nexus Container Platform,1,0.7972308681911316,1,Critical
SUB-00008350,CUST-002404,"Ramos, Reed and Cain",NC-ANALYTICS,Nexus Analytics,0,0.8121101634895801,1,Critical
SUB-00008351,CUST-002404,"Ramos, Reed and Cain",NC-STORAGE,Nexus Storage,1,0.50533257482987,1,High
SUB-00008352,CUST-002405,"Sullivan, Gonzalez and Turner",NC-ANALYTICS,Nexus Analytics,0,0.1841765566745393,0,Low
SUB-00008353,CUST-002406,Medina Group,NC-COMPUTE,Nexus Compute,0,0.22088856958490294,0,Low
SUB-00008354,CUST-002406,Medina Group,NC-ANALYTICS,Nexus Analytics,1,0.8465459330733863,1,Critical
SUB-00008355,CUST-002406,Medina Group,NC-SECURITY,Nexus Cloud Security,1,0.8345062601530407,1,Critical
SUB-00008356,CUST-002406,Medina Group,NC-SQL,Nexus SQL Database,1,0.8402188564528137,1,Critical
SUB-00008357,CUST-002406,Medina Group,NC-WAREHOUSE,Nexus Data Warehouse,0,0.2336617585355735,0,Low
SUB-00008358,CUST-002407,"Higgins, Hobbs and Meyer",NC-SQL,Nexus SQL Database,1,0.8118755813459955,1,Critical
SUB-00008359,CUST-002407,"Higgins, Hobbs and Meyer",NC-CONTAINER,Nexus Container Platform,0,0.19738425129367956,0,Low
SUB-00008360,CUST-002408,"Campbell, Davis and Arnold",NC-WAREHOUSE,Nexus Data Warehouse,0,0.5189540513458982,1,High
SUB-00008361,CUST-002408,"Campbell, Davis and Arnold",NC-ANALYTICS,Nexus Analytics,1,0.7967164319710318,1,Critical
SUB-00008362,CUST-002408,"Campbell, Davis and Arnold",NC-CONTAINER,Nexus Container Platform,0,0.18154429833296676,0,Low
SUB-00008363,CUST-002408,"Campbell, Davis and Arnold",NC-SECURITY,Nexus Cloud Security,0,0.17320692797110487,0,Low
SUB-00008364,CUST-002408,"Campbell, Davis and Arnold",NC-SQL,Nexus SQL Database,0,0.18243229999659408,0,Low
SUB-00008365,CUST-002408,"Campbell, Davis and Arnold",NC-STORAGE,Nexus Storage,0,0.8029560182380165,1,Critical
SUB-00008366,CUST-002408,"Campbell, Davis and Arnold",NC-COMPUTE,Nexus Compute,0,0.4972923749454421,0,Medium
SUB-00008367,CUST-002409,"Peterson, Reid and Johnson",NC-WAREHOUSE,Nexus Data Warehouse,1,0.7913727864386931,1,Critical
SUB-00008368,CUST-002409,"Peterson, Reid and Johnson",NC-SECURITY,Nexus Cloud Security,1,0.777762778369163,1,Critical
SUB-00008369,CUST-002410,"Vargas, Allen and Schroeder",NC-SQL,Nexus SQL Database,1,0.4973636531382154,0,Medium
SUB-00008370,CUST-002410,"Vargas, Allen and Schroeder",NC-SECURITY,Nexus Cloud Security,0,0.18843851903893308,0,Low
SUB-00008371,CUST-002411,"Henderson, Wagner and Dennis",NC-COMPUTE,Nexus Compute,0,0.4532082347787052,0,Medium
SUB-00008372,CUST-002411,"Henderson, Wagner and Dennis",NC-SECURITY,Nexus Cloud Security,0,0.45734299014019364,0,Medium
SUB-00008373,CUST-002412,Green-Romero,NC-ANALYTICS,Nexus Analytics,0,0.16993355600096138,0,Low
SUB-00008374,CUST-002412,Green-Romero,NC-STORAGE,Nexus Storage,0,0.18205678424625268,0,Low
SUB-00008375,CUST-002412,Green-Romero,NC-COMPUTE,Nexus Compute,0,0.16178225807587177,0,Low
SUB-00008376,CUST-002412,Green-Romero,NC-WAREHOUSE,Nexus Data Warehouse,1,0.7834016874010035,1,Critical
SUB-00008377,CUST-002412,Green-Romero,NC-SQL,Nexus SQL Database,0,0.42597875029205956,0,Medium
SUB-00008378,CUST-002412,Green-Romero,NC-INTEGRATION,Nexus Integration,1,0.782307853299173,1,Critical
SUB-00008379,CUST-002412,Green-Romero,NC-SECURITY,Nexus Cloud Security,1,0.42736348906445093,0,Medium
SUB-00008380,CUST-002413,Williams Ltd,NC-COMPUTE,Nexus Compute,1,0.23279518144432007,0,Low
SUB-00008381,CUST-002413,Williams Ltd,NC-STORAGE,Nexus Storage,1,0.8400820995029994,1,Critical
SUB-00008382,CUST-002413,Williams Ltd,NC-WAREHOUSE,Nexus Data Warehouse,0,0.2351737232935402,0,Low
SUB-00008383,CUST-002413,Williams Ltd,NC-ANALYTICS,Nexus Analytics,0,0.23643143623325083,0,Low
SUB-00008384,CUST-002413,Williams Ltd,NC-CONTAINER,Nexus Container Platform,1,0.5382950759351464,1,High
SUB-00008385,CUST-002414,West PLC,NC-CONTAINER,Nexus Container Platform,1,0.49813560931015116,0,Medium
SUB-00008386,CUST-002414,West PLC,NC-INTEGRATION,Nexus Integration,1,0.8172562469271393,1,Critical
SUB-00008387,CUST-002414,West PLC,NC-COMPUTE,Nexus Compute,0,0.5050164211589464,1,High
SUB-00008388,CUST-002414,West PLC,NC-SECURITY,Nexus Cloud Security,1,0.814520181652088,1,Critical
SUB-00008389,CUST-002414,West PLC,NC-STORAGE,Nexus Storage,0,0.19743464121209897,0,Low
SUB-00008390,CUST-002415,"Smith, Morgan and Young",NC-CONTAINER,Nexus Container Platform,0,0.19346455420253117,0,Low
SUB-00008391,CUST-002415,"Smith, Morgan and Young",NC-SECURITY,Nexus Cloud Security,1,0.19144892229981095,0,Low
SUB-00008392,CUST-002415,"Smith, Morgan and Young",NC-COMPUTE,Nexus Compute,0,0.2052881906031373,0,Low
SUB-00008393,CUST-002415,"Smith, Morgan and Young",NC-ANALYTICS,Nexus Analytics,1,0.8194868602444632,1,Critical
SUB-00008394,CUST-002416,"Zhang, Cunningham and Kline",NC-SQL,Nexus SQL Database,0,0.20968144061814878,0,Low
SUB-00008395,CUST-002416,"Zhang, Cunningham and Kline",NC-SECURITY,Nexus Cloud Security,0,0.19198339909260206,0,Low
SUB-00008396,CUST-002417,"Wade, Richard and Hall",NC-INTEGRATION,Nexus Integration,1,0.8217034474501977,1,Critical
SUB-00008397,CUST-002417,"Wade, Richard and Hall",NC-SQL,Nexus SQL Database,1,0.5180419531543221,1,High
SUB-00008398,CUST-002417,"Wade, Richard and Hall",NC-STORAGE,Nexus Storage,0,0.5239754120008423,1,High
SUB-00008399,CUST-002417,"Wade, Richard and Hall",NC-SECURITY,Nexus Cloud Security,1,0.8194648509789338,1,Critical
SUB-00008400,CUST-002418,Mitchell-Glover,NC-INTEGRATION,Nexus Integration,0,0.5070091729375625,1,High
SUB-00008401,CUST-002418,Mitchell-Glover,NC-SQL,Nexus SQL Database,1,0.8246541499849711,1,Critical
SUB-00008402,CUST-002418,Mitchell-Glover,NC-SECURITY,Nexus Cloud Security,0,0.8100857174852657,1,Critical
SUB-00008403,CUST-002418,Mitchell-Glover,NC-COMPUTE,Nexus Compute,1,0.5260614101390291,1,High
SUB-00008404,CUST-002419,"Armstrong, Taylor and Gray",NC-CONTAINER,Nexus Container Platform,1,0.8121940785385514,1,Critical
SUB-00008405,CUST-002419,"Armstrong, Taylor and Gray",NC-AIMODEL,Nexus AI Models,1,0.5250721919594279,1,High
SUB-00008406,CUST-002419,"Armstrong, Taylor and Gray",NC-WAREHOUSE,Nexus Data Warehouse,1,0.8190518546724413,1,Critical
SUB-00008407,CUST-002419,"Armstrong, Taylor and Gray",NC-SQL,Nexus SQL Database,1,0.5078510344824722,1,High
SUB-00008408,CUST-002419,"Armstrong, Taylor and Gray",NC-COMPUTE,Nexus Compute,0,0.21050338786633457,0,Low
SUB-00008409,CUST-002419,"Armstrong, Taylor and Gray",NC-ANALYTICS,Nexus Analytics,1,0.5198269989563411,1,High
SUB-00008410,CUST-002420,"Wright, Murphy and Aguilar",NC-COMPUTE,Nexus Compute,1,0.4958205542038612,0,Medium
SUB-00008411,CUST-002420,"Wright, Murphy and Aguilar",NC-ANALYTICS,Nexus Analytics,0,0.19373011989014743,0,Low
SUB-00008412,CUST-002421,Gibson-Thomas,NC-CONTAINER,Nexus Container Platform,1,0.8146901732139448,1,Critical
SUB-00008413,CUST-002421,Gibson-Thomas,NC-COMPUTE,Nexus Compute,0,0.19726206035092234,0,Low
SUB-00008414,CUST-002421,Gibson-Thomas,NC-WAREHOUSE,Nexus Data Warehouse,1,0.8097295309928032,1,Critical
SUB-00008415,CUST-002422,Poole-Miller,NC-CONTAINER,Nexus Container Platform,0,0.20101787293723727,0,Low
SUB-00008416,CUST-002422,Poole-Miller,NC-WAREHOUSE,Nexus Data Warehouse,1,0.7882573294234131,1,Critical
SUB-00008417,CUST-002422,Poole-Miller,NC-COMPUTE,Nexus Compute,1,0.5399491687253276,1,High
SUB-00008418,CUST-002422,Poole-Miller,NC-INTEGRATION,Nexus Integration,1,0.7772391007194517,1,Critical
SUB-00008419,CUST-002422,Poole-Miller,NC-STORAGE,Nexus Storage,1,0.5165782584903521,1,High
SUB-00008420,CUST-002423,Coleman and Sons,NC-INTEGRATION,Nexus Integration,0,0.49665444207655596,0,Medium
SUB-00008421,CUST-002423,Coleman and Sons,NC-SQL,Nexus SQL Database,1,0.5229195452066236,1,High
SUB-00008422,CUST-002423,Coleman and Sons,NC-ANALYTICS,Nexus Analytics,0,0.19966491595034497,0,Low
SUB-00008423,CUST-002423,Coleman and Sons,NC-COMPUTE,Nexus Compute,0,0.8172214989417513,1,Critical
SUB-00008424,CUST-002423,Coleman and Sons,NC-AIMODEL,Nexus AI Models,1,0.8281937513201526,1,Critical
SUB-00008425,CUST-002424,Lewis-Miller,NC-CONTAINER,Nexus Container Platform,0,0.24061517570532248,0,Low
SUB-00008426,CUST-002425,"Fox, Chapman and Stone",NC-SQL,Nexus SQL Database,1,0.18918745039044046,0,Low
SUB-00008427,CUST-002425,"Fox, Chapman and Stone",NC-COMPUTE,Nexus Compute,1,0.4846768649453547,0,Medium
SUB-00008428,CUST-002425,"Fox, Chapman and Stone",NC-STORAGE,Nexus Storage,1,0.19754841238876467,0,Low
SUB-00008429,CUST-002425,"Fox, Chapman and Stone",NC-CONTAINER,Nexus Container Platform,1,0.8025902761753447,1,Critical
SUB-00008430,CUST-002425,"Fox, Chapman and Stone",NC-ANALYTICS,Nexus Analytics,1,0.48977218184250315,0,Medium
SUB-00008431,CUST-002426,Wiggins-Silva,NC-SECURITY,Nexus Cloud Security,1,0.8006173756285978,1,Critical
SUB-00008432,CUST-002427,"Henderson, Alexander and Galvan",NC-SQL,Nexus SQL Database,1,0.8225543496900346,1,Critical
SUB-00008433,CUST-002427,"Henderson, Alexander and Galvan",NC-CONTAINER,Nexus Container Platform,1,0.8206323528863284,1,Critical
SUB-00008434,CUST-002428,Dennis-Butler,NC-SECURITY,Nexus Cloud Security,1,0.5220734004296926,1,High
SUB-00008435,CUST-002429,Thomas and Sons,NC-STORAGE,Nexus Storage,1,0.7857999064092924,1,Critical
SUB-00008436,CUST-002429,Thomas and Sons,NC-SECURITY,Nexus Cloud Security,1,0.791777245604385,1,Critical
SUB-00008437,CUST-002429,Thomas and Sons,NC-CONTAINER,Nexus Container Platform,1,0.4727392577765472,0,Medium
SUB-00008438,CUST-002430,Dawson-Anderson,NC-COMPUTE,Nexus Compute,1,0.8396292587289859,1,Critical
SUB-00008439,CUST-002430,Dawson-Anderson,NC-INTEGRATION,Nexus Integration,1,0.5457580507787952,1,High
SUB-00008440,CUST-002430,Dawson-Anderson,NC-ANALYTICS,Nexus Analytics,1,0.8428032087707517,1,Critical
SUB-00008441,CUST-002430,Dawson-Anderson,NC-WAREHOUSE,Nexus Data Warehouse,1,0.8322037555751519,1,Critical
SUB-00008442,CUST-002431,"Palmer, Rice and Benson",NC-SECURITY,Nexus Cloud Security,0,0.23629851300516508,0,Low
SUB-00008443,CUST-002432,Kennedy-Francis,NC-WAREHOUSE,Nexus Data Warehouse,1,0.847044433945457,1,Critical
SUB-00008444,CUST-002433,"Wood, Crane and Guzman",NC-SQL,Nexus SQL Database,1,0.5308349873849718,1,High
SUB-00008445,CUST-002433,"Wood, Crane and Guzman",NC-CONTAINER,Nexus Container Platform,1,0.8264102877315761,1,Critical
SUB-00008446,CUST-002434,Rodriguez-Wood,NC-WAREHOUSE,Nexus Data Warehouse,1,0.8164665563524712,1,Critical
SUB-00008447,CUST-002434,Rodriguez-Wood,NC-COMPUTE,Nexus Compute,0,0.2155659530656142,0,Low
SUB-00008448,CUST-002434,Rodriguez-Wood,NC-SECURITY,Nexus Cloud Security,0,0.24773550708096884,0,Low
SUB-00008449,CUST-002434,Rodriguez-Wood,NC-INTEGRATION,Nexus Integration,0,0.5416107541294035,1,High
SUB-00008450,CUST-002434,Rodriguez-Wood,NC-STORAGE,Nexus Storage,0,0.8042258054541248,1,Critical
SUB-00008451,CUST-002434,Rodriguez-Wood,NC-SQL,Nexus SQL Database,0,0.2389414904443141,0,Low
SUB-00008452,CUST-002434,Rodriguez-Wood,NC-ANALYTICS,Nexus Analytics,1,0.8343032136151183,1,Critical
SUB-00008453,CUST-002434,Rodriguez-Wood,NC-CONTAINER,Nexus Container Platform,0,0.20421271097827795,0,Low
SUB-00008454,CUST-002435,Williams-Hernandez,NC-WAREHOUSE,Nexus Data Warehouse,1,0.4837335803463244,0,Medium
SUB-00008455,CUST-002435,Williams-Hernandez,NC-COMPUTE,Nexus Compute,1,0.8060821617813796,1,Critical
SUB-00008456,CUST-002435,Williams-Hernandez,NC-SQL,Nexus SQL Database,1,0.1944404740852092,0,Low
SUB-00008457,CUST-002436,Torres-Brooks,NC-SECURITY,Nexus Cloud Security,1,0.8057975809219927,1,Critical
SUB-00008458,CUST-002436,Torres-Brooks,NC-COMPUTE,Nexus Compute,1,0.7931040163565566,1,Critical
SUB-00008459,CUST-002436,Torres-Brooks,NC-WAREHOUSE,Nexus Data Warehouse,1,0.48599909634757327,0,Medium
SUB-00008460,CUST-002436,Torres-Brooks,NC-ANALYTICS,Nexus Analytics,0,0.4837478770132115,0,Medium
SUB-00008461,CUST-002437,Tucker-Moody,NC-INTEGRATION,Nexus Integration,0,0.19036218894559492,0,Low
SUB-00008462,CUST-002438,Bowers Group,NC-COMPUTE,Nexus Compute,0,0.5128004604317398,1,High
SUB-00008463,CUST-002438,Bowers Group,NC-STORAGE,Nexus Storage,1,0.19809906005754607,0,Low
SUB-00008464,CUST-002438,Bowers Group,NC-ANALYTICS,Nexus Analytics,1,0.1964244139142049,0,Low
SUB-00008465,CUST-002438,Bowers Group,NC-WAREHOUSE,Nexus Data Warehouse,0,0.21243772700575922,0,Low
SUB-00008466,CUST-002438,Bowers Group,NC-SQL,Nexus SQL Database,0,0.5184508770211482,1,High
SUB-00008467,CUST-002438,Bowers Group,NC-CONTAINER,Nexus Container Platform,0,0.5139955132124593,1,High
SUB-00008468,CUST-002438,Bowers Group,NC-INTEGRATION,Nexus Integration,1,0.8151160275729666,1,Critical
SUB-00008469,CUST-002439,Zuniga LLC,NC-ANALYTICS,Nexus Analytics,0,0.5011029766613817,1,High
SUB-00008470,CUST-002439,Zuniga LLC,NC-STORAGE,Nexus Storage,1,0.7769089603797791,1,Critical
SUB-00008471,CUST-002439,Zuniga LLC,NC-INTEGRATION,Nexus Integration,1,0.7846273203274775,1,Critical
SUB-00008472,CUST-002440,Lewis-Fuentes,NC-ANALYTICS,Nexus Analytics,0,0.5105555956124235,1,High
SUB-00008473,CUST-002440,Lewis-Fuentes,NC-WAREHOUSE,Nexus Data Warehouse,0,0.18804626098234486,0,Low
SUB-00008474,CUST-002441,Smith-Kelley,NC-COMPUTE,Nexus Compute,1,0.8180529815002889,1,Critical
SUB-00008475,CUST-002441,Smith-Kelley,NC-WAREHOUSE,Nexus Data Warehouse,1,0.1944867438334127,0,Low
SUB-00008476,CUST-002441,Smith-Kelley,NC-SECURITY,Nexus Cloud Security,1,0.8024240777179795,1,Critical
SUB-00008477,CUST-002441,Smith-Kelley,NC-ANALYTICS,Nexus Analytics,1,0.5036893487743583,1,High
SUB-00008478,CUST-002441,Smith-Kelley,NC-CONTAINER,Nexus Container Platform,0,0.206220768674745,0,Low
SUB-00008479,CUST-002442,Harrell Group,NC-SQL,Nexus SQL Database,0,0.24039803268492946,0,Low
SUB-00008480,CUST-002443,Berry-Knight,NC-WAREHOUSE,Nexus Data Warehouse,0,0.19039940996812027,0,Low
SUB-00008481,CUST-002444,Harrington-Alvarez,NC-CONTAINER,Nexus Container Platform,1,0.8076131580109392,1,Critical
SUB-00008482,CUST-002444,Harrington-Alvarez,NC-AIMODEL,Nexus AI Models,1,0.8213383309302782,1,Critical
SUB-00008483,CUST-002445,"Bass, Anderson and Taylor",NC-SECURITY,Nexus Cloud Security,1,0.8248674974196045,1,Critical
SUB-00008484,CUST-002445,"Bass, Anderson and Taylor",NC-WAREHOUSE,Nexus Data Warehouse,1,0.21405771761817755,0,Low
SUB-00008485,CUST-002446,"Murray, Cole and Cole",NC-SQL,Nexus SQL Database,1,0.8241279892600757,1,Critical
SUB-00008486,CUST-002446,"Murray, Cole and Cole",NC-WAREHOUSE,Nexus Data Warehouse,1,0.8124866911217452,1,Critical
SUB-00008487,CUST-002446,"Murray, Cole and Cole",NC-INTEGRATION,Nexus Integration,0,0.5142601883146418,1,High
SUB-00008488,CUST-002447,"Nguyen, Marsh and Beck",NC-STORAGE,Nexus Storage,0,0.48561154783012483,0,Medium
SUB-00008489,CUST-002447,"Nguyen, Marsh and Beck",NC-SQL,Nexus SQL Database,1,0.7852597795798322,1,Critical
SUB-00008490,CUST-002447,"Nguyen, Marsh and Beck",NC-COMPUTE,Nexus Compute,0,0.17321735520827042,0,Low
SUB-00008491,CUST-002447,"Nguyen, Marsh and Beck",NC-INTEGRATION,Nexus Integration,1,0.7842785346491903,1,Critical
SUB-00008492,CUST-002448,Hughes-Mccullough,NC-ANALYTICS,Nexus Analytics,0,0.5311352944719367,1,High
SUB-00008493,CUST-002448,Hughes-Mccullough,NC-STORAGE,Nexus Storage,0,0.2140114826885519,0,Low
SUB-00008494,CUST-002448,Hughes-Mccullough,NC-SQL,Nexus SQL Database,1,0.21643307152183297,0,Low
SUB-00008495,CUST-002449,Weaver-Rubio,NC-COMPUTE,Nexus Compute,0,0.1883228443448786,0,Low
SUB-00008496,CUST-002450,Fitzgerald-Brewer,NC-SECURITY,Nexus Cloud Security,1,0.797726829838346,1,Critical
SUB-00008497,CUST-002450,Fitzgerald-Brewer,NC-ANALYTICS,Nexus Analytics,0,0.17454071042745642,0,Low
SUB-00008498,CUST-002450,Fitzgerald-Brewer,NC-COMPUTE,Nexus Compute,0,0.24294290103370014,0,Low
SUB-00008499,CUST-002450,Fitzgerald-Brewer,NC-WAREHOUSE,Nexus Data Warehouse,0,0.4814338234176693,0,Medium
SUB-00008500,CUST-002450,Fitzgerald-Brewer,NC-CONTAINER,Nexus Container Platform,1,0.8386321566191646,1,Critical
SUB-00008501,CUST-002450,Fitzgerald-Brewer,NC-AISEARCH,Nexus AI Search,0,0.23439060074144258,0,Low
SUB-00008502,CUST-002450,Fitzgerald-Brewer,NC-INTEGRATION,Nexus Integration,0,0.22073349453393168,0,Low
SUB-00008503,CUST-002450,Fitzgerald-Brewer,NC-SQL,Nexus SQL Database,0,0.45253053507820423,0,Medium
SUB-00008504,CUST-002450,Fitzgerald-Brewer,NC-AIMODEL,Nexus AI Models,0,0.5115512131033841,1,High
SUB-00008505,CUST-002451,Mann PLC,NC-COMPUTE,Nexus Compute,1,0.7914329611344209,1,Critical
SUB-00008506,CUST-002452,"Hogan, Zimmerman and Hoffman",NC-COMPUTE,Nexus Compute,1,0.84370497871424,1,Critical
SUB-00008507,CUST-002452,"Hogan, Zimmerman and Hoffman",NC-SECURITY,Nexus Cloud Security,1,0.5625959518471308,1,High
SUB-00008508,CUST-002452,"Hogan, Zimmerman and Hoffman",NC-INTEGRATION,Nexus Integration,0,0.23808338905231308,0,Low
SUB-00008509,CUST-002453,Schneider Inc,NC-SECURITY,Nexus Cloud Security,1,0.47037973104736014,0,Medium
SUB-00008510,CUST-002454,Friedman PLC,NC-SQL,Nexus SQL Database,1,0.5480330065899947,1,High
SUB-00008511,CUST-002454,Friedman PLC,NC-ANALYTICS,Nexus Analytics,0,0.5690869937763676,1,High
SUB-00008512,CUST-002455,"Todd, Bernard and Boyd",NC-INTEGRATION,Nexus Integration,0,0.21417077950369232,0,Low
SUB-00008513,CUST-002455,"Todd, Bernard and Boyd",NC-WAREHOUSE,Nexus Data Warehouse,0,0.5524974717718177,1,High
SUB-00008514,CUST-002455,"Todd, Bernard and Boyd",NC-SQL,Nexus SQL Database,0,0.2209982475306407,0,Low
SUB-00008515,CUST-002455,"Todd, Bernard and Boyd",NC-ANALYTICS,Nexus Analytics,1,0.5332127654474742,1,High
SUB-00008516,CUST-002455,"Todd, Bernard and Boyd",NC-CONTAINER,Nexus Container Platform,1,0.5361512791036708,1,High
SUB-00008517,CUST-002455,"Todd, Bernard and Boyd",NC-AIMODEL,Nexus AI Models,1,0.8301358214156234,1,Critical
SUB-00008518,CUST-002455,"Todd, Bernard and Boyd",NC-AISEARCH,Nexus AI Search,1,0.2382573574686917,0,Low
SUB-00008519,CUST-002456,Shaw-Smith,NC-ANALYTICS,Nexus Analytics,0,0.22635375322747428,0,Low
SUB-00008520,CUST-002456,Shaw-Smith,NC-SQL,Nexus SQL Database,0,0.23727371450770224,0,Low
SUB-00008521,CUST-002456,Shaw-Smith,NC-INTEGRATION,Nexus Integration,0,0.2187728980364552,0,Low
SUB-00008522,CUST-002457,"Mayer, White and Smith",NC-SECURITY,Nexus Cloud Security,1,0.8067135589775363,1,Critical
SUB-00008523,CUST-002458,Sanchez Ltd,NC-INTEGRATION,Nexus Integration,0,0.788806160197799,1,Critical
SUB-00008524,CUST-002458,Sanchez Ltd,NC-COMPUTE,Nexus Compute,0,0.47361203621669945,0,Medium
SUB-00008525,CUST-002458,Sanchez Ltd,NC-STORAGE,Nexus Storage,0,0.47377971196036844,0,Medium
SUB-00008526,CUST-002459,"Wallace, Roman and Lawson",NC-ANALYTICS,Nexus Analytics,1,0.8293923863885789,1,Critical
SUB-00008527,CUST-002460,Chapman-Henry,NC-AIMODEL,Nexus AI Models,0,0.18402833497338364,0,Low
SUB-00008528,CUST-002460,Chapman-Henry,NC-STORAGE,Nexus Storage,1,0.5099390352346118,1,High
SUB-00008529,CUST-002460,Chapman-Henry,NC-AISEARCH,Nexus AI Search,1,0.751586722236737,1,Critical
SUB-00008530,CUST-002460,Chapman-Henry,NC-CONTAINER,Nexus Container Platform,0,0.8160448083094103,1,Critical
SUB-00008531,CUST-002460,Chapman-Henry,NC-ANALYTICS,Nexus Analytics,1,0.5404685029642331,1,High
SUB-00008532,CUST-002460,Chapman-Henry,NC-SQL,Nexus SQL Database,1,0.7855280197035025,1,Critical
SUB-00008533,CUST-002460,Chapman-Henry,NC-INTEGRATION,Nexus Integration,1,0.7668368072465025,1,Critical
SUB-00008534,CUST-002460,Chapman-Henry,NC-COMPUTE,Nexus Compute,1,0.5453204613120375,1,High
SUB-00008535,CUST-002460,Chapman-Henry,NC-WAREHOUSE,Nexus Data Warehouse,1,0.8017447791619066,1,Critical
SUB-00008536,CUST-002461,Morgan and Sons,NC-ANALYTICS,Nexus Analytics,1,0.21996956251419406,0,Low
SUB-00008537,CUST-002461,Morgan and Sons,NC-SECURITY,Nexus Cloud Security,0,0.201981395514885,0,Low
SUB-00008538,CUST-002462,Johnson-Rice,NC-WAREHOUSE,Nexus Data Warehouse,0,0.7889907090909709,1,Critical
SUB-00008539,CUST-002462,Johnson-Rice,NC-CONTAINER,Nexus Container Platform,0,0.4908753011620541,0,Medium
SUB-00008540,CUST-002462,Johnson-Rice,NC-COMPUTE,Nexus Compute,0,0.18031468541836412,0,Low
SUB-00008541,CUST-002463,Scott-Wilson,NC-WAREHOUSE,Nexus Data Warehouse,0,0.19258326593370184,0,Low
SUB-00008542,CUST-002463,Scott-Wilson,NC-CONTAINER,Nexus Container Platform,0,0.5073848301124946,1,High
SUB-00008543,CUST-002463,Scott-Wilson,NC-INTEGRATION,Nexus Integration,0,0.8088010391538196,1,Critical
SUB-00008544,CUST-002463,Scott-Wilson,NC-ANALYTICS,Nexus Analytics,1,0.18600499332035564,0,Low
SUB-00008545,CUST-002464,Weaver LLC,NC-INTEGRATION,Nexus Integration,0,0.5246057076633478,1,High
SUB-00008546,CUST-002464,Weaver LLC,NC-CONTAINER,Nexus Container Platform,1,0.5245443575345463,1,High
SUB-00008547,CUST-002464,Weaver LLC,NC-AIMODEL,Nexus AI Models,1,0.5741541080069181,1,High
SUB-00008548,CUST-002464,Weaver LLC,NC-SECURITY,Nexus Cloud Security,0,0.21199575489314182,0,Low
SUB-00008549,CUST-002464,Weaver LLC,NC-SQL,Nexus SQL Database,1,0.8569787691221884,1,Critical
SUB-00008550,CUST-002464,Weaver LLC,NC-STORAGE,Nexus Storage,0,0.49331391801935837,0,Medium
SUB-00008551,CUST-002464,Weaver LLC,NC-ANALYTICS,Nexus Analytics,0,0.2335616507710779,0,Low
SUB-00008552,CUST-002464,Weaver LLC,NC-AISEARCH,Nexus AI Search,1,0.19098919889615693,0,Low
SUB-00008553,CUST-002465,White Inc,NC-WAREHOUSE,Nexus Data Warehouse,1,0.8250375570664904,1,Critical
SUB-00008554,CUST-002466,Parker Group,NC-SQL,Nexus SQL Database,0,0.8525086362315307,1,Critical
SUB-00008555,CUST-002466,Parker Group,NC-STORAGE,Nexus Storage,0,0.5740804696890952,1,High
SUB-00008556,CUST-002466,Parker Group,NC-INTEGRATION,Nexus Integration,1,0.8489251334687868,1,Critical
SUB-00008557,CUST-002467,"Jackson, Mendez and Nguyen",NC-CONTAINER,Nexus Container Platform,0,0.5475148727547346,1,High
SUB-00008558,CUST-002467,"Jackson, Mendez and Nguyen",NC-COMPUTE,Nexus Compute,1,0.5391743956399547,1,High
SUB-00008559,CUST-002467,"Jackson, Mendez and Nguyen",NC-STORAGE,Nexus Storage,0,0.5350586146960353,1,High
SUB-00008560,CUST-002467,"Jackson, Mendez and Nguyen",NC-INTEGRATION,Nexus Integration,0,0.5587842907221703,1,High
SUB-00008561,CUST-002467,"Jackson, Mendez and Nguyen",NC-AISEARCH,Nexus AI Search,1,0.5742304041886852,1,High
SUB-00008562,CUST-002468,Reeves LLC,NC-CONTAINER,Nexus Container Platform,1,0.4738731509057897,0,Medium
SUB-00008563,CUST-002469,Garcia-Thomas,NC-STORAGE,Nexus Storage,1,0.4945759632550614,0,Medium
SUB-00008564,CUST-002469,Garcia-Thomas,NC-SQL,Nexus SQL Database,1,0.48480686874380385,0,Medium
SUB-00008565,CUST-002470,Scott-David,NC-WAREHOUSE,Nexus Data Warehouse,1,0.49399329006708564,0,Medium
SUB-00008566,CUST-002470,Scott-David,NC-COMPUTE,Nexus Compute,1,0.786605526012101,1,Critical
SUB-00008567,CUST-002470,Scott-David,NC-ANALYTICS,Nexus Analytics,1,0.802427236567006,1,Critical
SUB-00008568,CUST-002471,Williams and Sons,NC-INTEGRATION,Nexus Integration,1,0.8136777684422778,1,Critical
SUB-00008569,CUST-002471,Williams and Sons,NC-WAREHOUSE,Nexus Data Warehouse,1,0.5327543418225932,1,High
SUB-00008570,CUST-002471,Williams and Sons,NC-ANALYTICS,Nexus Analytics,1,0.8171771196384515,1,Critical
SUB-00008571,CUST-002471,Williams and Sons,NC-SQL,Nexus SQL Database,0,0.20584710527942626,0,Low
SUB-00008572,CUST-002471,Williams and Sons,NC-AIMODEL,Nexus AI Models,1,0.2119610207475228,0,Low
SUB-00008573,CUST-002472,"Willis, Vasquez and Goodwin",NC-SQL,Nexus SQL Database,0,0.20011996465223125,0,Low
SUB-00008574,CUST-002472,"Willis, Vasquez and Goodwin",NC-STORAGE,Nexus Storage,1,0.8067744787349951,1,Critical
SUB-00008575,CUST-002472,"Willis, Vasquez and Goodwin",NC-WAREHOUSE,Nexus Data Warehouse,0,0.5006152647909102,1,High
SUB-00008576,CUST-002473,Avery-Adams,NC-ANALYTICS,Nexus Analytics,1,0.8179108762660492,1,Critical
SUB-00008577,CUST-002473,Avery-Adams,NC-INTEGRATION,Nexus Integration,0,0.5355309908103676,1,High
SUB-00008578,CUST-002474,Marshall-Russell,NC-STORAGE,Nexus Storage,0,0.22564313150485157,0,Low
SUB-00008579,CUST-002474,Marshall-Russell,NC-INTEGRATION,Nexus Integration,0,0.2253087762786638,0,Low
SUB-00008580,CUST-002475,Johnson-Schultz,NC-CONTAINER,Nexus Container Platform,0,0.23779591864503363,0,Low
SUB-00008581,CUST-002475,Johnson-Schultz,NC-SQL,Nexus SQL Database,1,0.5973033964780754,1,High
SUB-00008582,CUST-002475,Johnson-Schultz,NC-STORAGE,Nexus Storage,0,0.6399191328505346,1,High
SUB-00008583,CUST-002475,Johnson-Schultz,NC-SECURITY,Nexus Cloud Security,1,0.5769839740170998,1,High
SUB-00008584,CUST-002475,Johnson-Schultz,NC-COMPUTE,Nexus Compute,1,0.5749823290615561,1,High
SUB-00008585,CUST-002475,Johnson-Schultz,NC-INTEGRATION,Nexus Integration,1,0.5363746605312197,1,High
SUB-00008586,CUST-002476,Adams PLC,NC-INTEGRATION,Nexus Integration,0,0.49075146637632816,0,Medium
SUB-00008587,CUST-002476,Adams PLC,NC-ANALYTICS,Nexus Analytics,0,0.19044472412373514,0,Low
SUB-00008588,CUST-002476,Adams PLC,NC-WAREHOUSE,Nexus Data Warehouse,0,0.17840686827431662,0,Low
SUB-00008589,CUST-002477,"Garcia, Hines and Pearson",NC-STORAGE,Nexus Storage,1,0.5154881923241418,1,High
SUB-00008590,CUST-002478,Torres Group,NC-COMPUTE,Nexus Compute,0,0.20824621602937407,0,Low
SUB-00008591,CUST-002478,Torres Group,NC-INTEGRATION,Nexus Integration,1,0.815200912252819,1,Critical
SUB-00008592,CUST-002478,Torres Group,NC-SECURITY,Nexus Cloud Security,1,0.5328074781913422,1,High
SUB-00008593,CUST-002479,Miller-Fields,NC-SECURITY,Nexus Cloud Security,0,0.2072437852093595,0,Low
SUB-00008594,CUST-002479,Miller-Fields,NC-SQL,Nexus SQL Database,1,0.5295545532693015,1,High
SUB-00008595,CUST-002479,Miller-Fields,NC-ANALYTICS,Nexus Analytics,0,0.8249854843111663,1,Critical
SUB-00008596,CUST-002479,Miller-Fields,NC-INTEGRATION,Nexus Integration,1,0.5046884573730015,1,High
SUB-00008597,CUST-002479,Miller-Fields,NC-WAREHOUSE,Nexus Data Warehouse,1,0.1997549172470599,0,Low
SUB-00008598,CUST-002480,Patton and Sons,NC-WAREHOUSE,Nexus Data Warehouse,1,0.48530788824939347,0,Medium
SUB-00008599,CUST-002480,Patton and Sons,NC-COMPUTE,Nexus Compute,1,0.5020330833540866,1,High
SUB-00008600,CUST-002481,Fernandez-Jackson,NC-COMPUTE,Nexus Compute,1,0.8326085216319764,1,Critical
SUB-00008602,CUST-002481,Fernandez-Jackson,NC-CONTAINER,Nexus Container Platform,1,0.2156316504810548,0,Low
SUB-00008603,CUST-002481,Fernandez-Jackson,NC-INTEGRATION,Nexus Integration,0,0.20126561536051205,0,Low
SUB-00008604,CUST-002481,Fernandez-Jackson,NC-ANALYTICS,Nexus Analytics,1,0.5300532805030547,1,High
SUB-00008601,CUST-002481,Fernandez-Jackson,NC-AIMODEL,Nexus AI Models,0,0.5474787585700928,1,High
SUB-00008605,CUST-002481,Fernandez-Jackson,NC-SQL,Nexus SQL Database,1,0.5363485972855713,1,High
SUB-00008606,CUST-002481,Fernandez-Jackson,NC-SECURITY,Nexus Cloud Security,1,0.5469689999958695,1,High
SUB-00008607,CUST-002482,Medina Group,NC-SQL,Nexus SQL Database,0,0.5385949762441092,1,High
SUB-00008608,CUST-002482,Medina Group,NC-INTEGRATION,Nexus Integration,1,0.8366284485863674,1,Critical
SUB-00008609,CUST-002482,Medina Group,NC-AISEARCH,Nexus AI Search,0,0.25009694379696085,0,Medium
SUB-00008610,CUST-002482,Medina Group,NC-CONTAINER,Nexus Container Platform,0,0.2071860634225649,0,Low
SUB-00008611,CUST-002482,Medina Group,NC-COMPUTE,Nexus Compute,1,0.534250831759782,1,High
SUB-00008612,CUST-002482,Medina Group,NC-SECURITY,Nexus Cloud Security,1,0.21183072487704777,0,Low
SUB-00008613,CUST-002483,"Hayes, Smith and Marshall",NC-CONTAINER,Nexus Container Platform,0,0.547425564360428,1,High
SUB-00008614,CUST-002484,"Roberts, Stanton and Smith",NC-COMPUTE,Nexus Compute,0,0.7954271647958624,1,Critical
SUB-00008615,CUST-002484,"Roberts, Stanton and Smith",NC-ANALYTICS,Nexus Analytics,1,0.187545167524764,0,Low
SUB-00008616,CUST-002484,"Roberts, Stanton and Smith",NC-SQL,Nexus SQL Database,0,0.46919541025717204,0,Medium
SUB-00008617,CUST-002484,"Roberts, Stanton and Smith",NC-SECURITY,Nexus Cloud Security,0,0.17112824781547753,0,Low
SUB-00008618,CUST-002485,Nelson-King,NC-WAREHOUSE,Nexus Data Warehouse,1,0.8395774140576591,1,Critical
SUB-00008619,CUST-002485,Nelson-King,NC-CONTAINER,Nexus Container Platform,0,0.2411381389934942,0,Low
SUB-00008620,CUST-002485,Nelson-King,NC-SQL,Nexus SQL Database,1,0.8529258198867361,1,Critical
SUB-00008621,CUST-002485,Nelson-King,NC-SECURITY,Nexus Cloud Security,1,0.5462960118091561,1,High
SUB-00008622,CUST-002485,Nelson-King,NC-STORAGE,Nexus Storage,0,0.2535349378271542,0,Medium
SUB-00008623,CUST-002486,"James, Bell and Chen",NC-ANALYTICS,Nexus Analytics,1,0.21216515878055725,0,Low
SUB-00008624,CUST-002486,"James, Bell and Chen",NC-STORAGE,Nexus Storage,1,0.5243497854133848,1,High
SUB-00008625,CUST-002487,"Pittman, Campbell and Martin",NC-WAREHOUSE,Nexus Data Warehouse,1,0.5064210731571537,1,High
SUB-00008626,CUST-002487,"Pittman, Campbell and Martin",NC-SQL,Nexus SQL Database,1,0.5201600048552739,1,High
SUB-00008627,CUST-002487,"Pittman, Campbell and Martin",NC-INTEGRATION,Nexus Integration,0,0.5019523389305405,1,High
SUB-00008628,CUST-002488,"Hart, Turner and Foster",NC-COMPUTE,Nexus Compute,0,0.8402015060437322,1,Critical
SUB-00008629,CUST-002488,"Hart, Turner and Foster",NC-STORAGE,Nexus Storage,0,0.8396025342968623,1,Critical
SUB-00008630,CUST-002489,Rivas Ltd,NC-ANALYTICS,Nexus Analytics,1,0.8361915625266528,1,Critical
SUB-00008631,CUST-002490,"Lutz, Johns and Clark",NC-SECURITY,Nexus Cloud Security,0,0.8257673060254603,1,Critical
SUB-00008632,CUST-002490,"Lutz, Johns and Clark",NC-CONTAINER,Nexus Container Platform,0,0.5241467445510234,1,High
SUB-00008633,CUST-002490,"Lutz, Johns and Clark",NC-INTEGRATION,Nexus Integration,0,0.21599140599151634,0,Low
SUB-00008634,CUST-002491,"Bernard, Flores and Fleming",NC-SQL,Nexus SQL Database,0,0.4882785916861656,0,Medium
SUB-00008635,CUST-002491,"Bernard, Flores and Fleming",NC-COMPUTE,Nexus Compute,1,0.48360663284507255,0,Medium
SUB-00008636,CUST-002491,"Bernard, Flores and Fleming",NC-WAREHOUSE,Nexus Data Warehouse,0,0.4766072349497627,0,Medium
SUB-00008637,CUST-002492,Reid-Petty,NC-STORAGE,Nexus Storage,1,0.24528140257961567,0,Low
SUB-00008638,CUST-002492,Reid-Petty,NC-AISEARCH,Nexus AI Search,1,0.8396961773819354,1,Critical
SUB-00008639,CUST-002492,Reid-Petty,NC-COMPUTE,Nexus Compute,1,0.48262631733280864,0,Medium
SUB-00008640,CUST-002492,Reid-Petty,NC-ANALYTICS,Nexus Analytics,0,0.5071832733367365,1,High
SUB-00008641,CUST-002492,Reid-Petty,NC-AIMODEL,Nexus AI Models,1,0.8177425513145766,1,Critical
SUB-00008642,CUST-002492,Reid-Petty,NC-WAREHOUSE,Nexus Data Warehouse,1,0.4650122916790129,0,Medium
SUB-00008643,CUST-002492,Reid-Petty,NC-SECURITY,Nexus Cloud Security,1,0.8182100885815347,1,Critical
SUB-00008644,CUST-002492,Reid-Petty,NC-INTEGRATION,Nexus Integration,1,0.5492601417162443,1,High
SUB-00008645,CUST-002493,"Chavez, Sanchez and Bird",NC-STORAGE,Nexus Storage,1,0.8404828758031336,1,Critical
SUB-00008646,CUST-002493,"Chavez, Sanchez and Bird",NC-SECURITY,Nexus Cloud Security,1,0.23211083870846994,0,Low
SUB-00008647,CUST-002493,"Chavez, Sanchez and Bird",NC-CONTAINER,Nexus Container Platform,1,0.8518233775854264,1,Critical
SUB-00008648,CUST-002493,"Chavez, Sanchez and Bird",NC-INTEGRATION,Nexus Integration,1,0.8456013632259076,1,Critical
SUB-00008649,CUST-002493,"Chavez, Sanchez and Bird",NC-SQL,Nexus SQL Database,0,0.581010918064443,1,High
SUB-00008650,CUST-002494,Clark-Haley,NC-INTEGRATION,Nexus Integration,1,0.831455852635561,1,Critical
SUB-00008651,CUST-002494,Clark-Haley,NC-CONTAINER,Nexus Container Platform,1,0.8250456073106064,1,Critical
SUB-00008652,CUST-002494,Clark-Haley,NC-AISEARCH,Nexus AI Search,0,0.5578429748022753,1,High
SUB-00008653,CUST-002495,Smith-Holt,NC-STORAGE,Nexus Storage,0,0.20490390632547828,0,Low
SUB-00008654,CUST-002495,Smith-Holt,NC-SECURITY,Nexus Cloud Security,0,0.20040692469403132,0,Low
SUB-00008655,CUST-002495,Smith-Holt,NC-AISEARCH,Nexus AI Search,0,0.5484049250965032,1,High
SUB-00008656,CUST-002496,"Nielsen, Lynch and Smith",NC-CONTAINER,Nexus Container Platform,0,0.19585264587470394,0,Low
SUB-00008657,CUST-002496,"Nielsen, Lynch and Smith",NC-STORAGE,Nexus Storage,1,0.8079508719222993,1,Critical
SUB-00008658,CUST-002497,Chambers Group,NC-CONTAINER,Nexus Container Platform,1,0.4946785309304124,0,Medium
SUB-00008659,CUST-002497,Chambers Group,NC-SQL,Nexus SQL Database,1,0.18043300755602196,0,Low
SUB-00008660,CUST-002497,Chambers Group,NC-AISEARCH,Nexus AI Search,1,0.49519551010812474,0,Medium
SUB-00008661,CUST-002498,"Woodard, Warner and Farmer",NC-COMPUTE,Nexus Compute,1,0.80822525210677,1,Critical
SUB-00008662,CUST-002498,"Woodard, Warner and Farmer",NC-ANALYTICS,Nexus Analytics,0,0.21219510662021765,0,Low
SUB-00008663,CUST-002499,"Miller, Mcdowell and Curtis",NC-AIMODEL,Nexus AI Models,0,0.20367583325933872,0,Low
SUB-00008664,CUST-002499,"Miller, Mcdowell and Curtis",NC-INTEGRATION,Nexus Integration,0,0.1983963589947446,0,Low
SUB-00008665,CUST-002499,"Miller, Mcdowell and Curtis",NC-WAREHOUSE,Nexus Data Warehouse,0,0.1880556541833698,0,Low
SUB-00008666,CUST-002500,"Johnson, Collier and Powers",NC-ANALYTICS,Nexus Analytics,1,0.827202105479818,1,Critical
SUB-00008667,CUST-002500,"Johnson, Collier and Powers",NC-SQL,Nexus SQL Database,1,0.8265355824688535,1,Critical
SUB-00008668,CUST-002500,"Johnson, Collier and Powers",NC-WAREHOUSE,Nexus Data Warehouse,0,0.21300811662418193,0,Low
SUB-00008669,CUST-002500,"Johnson, Collier and Powers",NC-SECURITY,Nexus Cloud Security,0,0.1919417895289638,0,Low
SUB-00008670,CUST-002500,"Johnson, Collier and Powers",NC-STORAGE,Nexus Storage,1,0.814325693069674,1,Critical
SUB-00008671,CUST-002500,"Johnson, Collier and Powers",NC-INTEGRATION,Nexus Integration,1,0.823564252105444,1,Critical
