full_date,daily_revenue,transactions,mean_revenue,revenue_stddev,z_score,anomaly_status,ml_anomaly_flag,ml_anomaly_score,sql_anomaly_flag,anomaly_agreement
2023-01-01,25689.92,4,2544418.78,1919403.28,-1.312,Normal,0,-0.02520556262380147,0,True
2023-01-02,10928.33,3,2544418.78,1919403.28,-1.32,Normal,0,-0.00903932672818164,0,True
2023-01-03,3542.59,1,2544418.78,1919403.28,-1.324,Normal,1,0.021434508006318298,0,False
2023-01-04,108309.06,7,2544418.78,1919403.28,-1.269,Normal,0,-0.05552495674206198,0,True
2023-01-05,50473.31,7,2544418.78,1919403.28,-1.299,Normal,0,-0.03147687088208584,0,True
2023-01-06,4393.02,1,2544418.78,1919403.28,-1.323,Normal,1,0.02071277830864393,0,False
2023-01-07,14536.58,3,2544418.78,1919403.28,-1.318,Normal,0,-0.011766177952623358,0,True
2023-01-08,9397.71,3,2544418.78,1919403.28,-1.321,Normal,0,-0.008390886287975574,0,True
2023-01-10,13039.72,2,2544418.78,1919403.28,-1.319,Normal,0,-0.001274306528319502,0,True
2023-01-11,46157.93,4,2544418.78,1919403.28,-1.302,Normal,0,-0.028537096343465684,0,True
2023-01-12,98434.0,1,2544418.78,1919403.28,-1.274,Normal,1,0.006997430996974474,0,False
2023-01-13,86334.17,3,2544418.78,1919403.28,-1.281,Normal,0,-0.020832164355284677,0,True
2023-01-14,23655.32,1,2544418.78,1919403.28,-1.313,Normal,1,0.010472350896656102,0,False
2023-01-15,22602.19,6,2544418.78,1919403.28,-1.314,Normal,0,-0.020994334355844635,0,True
2023-01-16,3424.89,1,2544418.78,1919403.28,-1.324,Normal,1,0.021434508006318298,0,False
2023-01-17,4170.85,2,2544418.78,1919403.28,-1.323,Normal,1,0.006989843629182202,0,False
2023-01-18,79958.84,2,2544418.78,1919403.28,-1.284,Normal,0,-0.004398348228401128,0,True
2023-01-19,58035.27,3,2544418.78,1919403.28,-1.295,Normal,0,-0.01580353810128765,0,True
2023-01-20,11411.81,2,2544418.78,1919403.28,-1.32,Normal,0,-0.0004740008577275301,0,True
2023-01-21,16140.46,3,2544418.78,1919403.28,-1.317,Normal,0,-0.012217553983990381,0,True
2023-01-22,11838.02,2,2544418.78,1919403.28,-1.319,Normal,0,-0.0010313881123122925,0,True
2023-01-23,32198.0,7,2544418.78,1919403.28,-1.309,Normal,0,-0.02566982081956659,0,True
2023-01-24,15940.23,3,2544418.78,1919403.28,-1.317,Normal,0,-0.012217553983990381,0,True
2023-01-25,27301.06,1,2544418.78,1919403.28,-1.311,Normal,1,0.01150970295690612,0,False
2023-01-26,34916.63,5,2544418.78,1919403.28,-1.307,Normal,0,-0.029339732971501387,0,True
2023-01-27,143304.9,5,2544418.78,1919403.28,-1.251,Normal,0,-0.04048474340237551,0,True
2023-01-28,110931.25,7,2544418.78,1919403.28,-1.268,Normal,0,-0.054641203113292125,0,True
2023-01-29,30651.46,5,2544418.78,1919403.28,-1.31,Normal,0,-0.027539567743896876,0,True
2023-01-30,103578.58,3,2544418.78,1919403.28,-1.272,Normal,0,-0.020457296781000056,0,True
2023-01-31,107335.8,1,2544418.78,1919403.28,-1.27,Normal,1,0.00782315064544048,0,False
2023-02-01,32426.7,5,2544418.78,1919403.28,-1.309,Normal,0,-0.027862035394930817,0,True
2023-02-02,18954.45,4,2544418.78,1919403.28,-1.316,Normal,0,-0.019986406306121363,0,True
2023-02-03,13988.63,4,2544418.78,1919403.28,-1.318,Normal,0,-0.018890520584157855,0,True
2023-02-04,106341.79,7,2544418.78,1919403.28,-1.27,Normal,0,-0.05413657643395475,0,True
2023-02-05,338993.83,11,2544418.78,1919403.28,-1.149,Normal,0,-0.05491892035158219,0,True
2023-02-06,134769.07,3,2544418.78,1919403.28,-1.255,Normal,0,-0.01779635216528863,0,True
2023-02-07,49084.2,6,2544418.78,1919403.28,-1.3,Normal,0,-0.02951417305101589,0,True
2023-02-08,118027.62,8,2544418.78,1919403.28,-1.264,Normal,0,-0.05558103013409682,0,True
2023-02-09,17930.4,1,2544418.78,1919403.28,-1.316,Normal,1,0.010795690700064364,0,False
2023-02-10,253718.15,8,2544418.78,1919403.28,-1.193,Normal,0,-0.0459376426169017,0,True
2023-02-11,93936.09,6,2544418.78,1919403.28,-1.277,Normal,0,-0.04396204604424575,0,True
2023-02-12,237834.37,5,2544418.78,1919403.28,-1.202,Normal,0,-0.0308788093109148,0,True
2023-02-13,84762.25,5,2544418.78,1919403.28,-1.281,Normal,0,-0.04022578121547221,0,True
2023-02-14,34761.93,4,2544418.78,1919403.28,-1.308,Normal,0,-0.027968051824028062,0,True
2023-02-15,53748.98,8,2544418.78,1919403.28,-1.298,Normal,0,-0.030296191560665542,0,True
2023-02-16,27311.51,2,2544418.78,1919403.28,-1.311,Normal,0,-0.003000286679851749,0,True
2023-02-17,105772.62,4,2544418.78,1919403.28,-1.271,Normal,0,-0.036057205735390396,0,True
2023-02-18,122175.13,7,2544418.78,1919403.28,-1.262,Normal,0,-0.05431500386946547,0,True
2023-02-19,152691.12,8,2544418.78,1919403.28,-1.246,Normal,0,-0.060417148166025614,0,True
2023-02-20,111135.95,8,2544418.78,1919403.28,-1.268,Normal,0,-0.05476796808352463,0,True
2023-02-21,67077.31,11,2544418.78,1919403.28,-1.291,Normal,0,-0.030518378029261828,0,True
2023-02-22,103641.15,7,2544418.78,1919403.28,-1.272,Normal,0,-0.05442727033183048,0,True
2023-02-23,77656.71,14,2544418.78,1919403.28,-1.285,Normal,0,-0.02883771015168246,0,True
2023-02-24,86158.55,5,2544418.78,1919403.28,-1.281,Normal,0,-0.04080805353590705,0,True
2023-02-25,164801.54,5,2544418.78,1919403.28,-1.24,Normal,0,-0.04032550300267718,0,True
2023-02-26,52810.74,8,2544418.78,1919403.28,-1.298,Normal,0,-0.029853495863579105,0,True
2023-02-27,216635.63,8,2544418.78,1919403.28,-1.213,Normal,0,-0.05268625755030526,0,True
2023-02-28,424633.29,20,2544418.78,1919403.28,-1.104,Normal,0,-0.07213652687275246,0,True
2023-03-01,48535.83,8,2544418.78,1919403.28,-1.3,Normal,0,-0.028784454428752215,0,True
2023-03-02,111552.61,8,2544418.78,1919403.28,-1.268,Normal,0,-0.054729060531583607,0,True
2023-03-03,16400.41,5,2544418.78,1919403.28,-1.317,Normal,0,-0.018495914166736238,0,True
2023-03-04,162329.79,9,2544418.78,1919403.28,-1.241,Normal,0,-0.06025686832202165,0,True
2023-03-05,377781.42,15,2544418.78,1919403.28,-1.129,Normal,0,-0.0666460422442629,0,True
2023-03-06,224296.26,5,2544418.78,1919403.28,-1.209,Normal,0,-0.032555120927569514,0,True
2023-03-07,66997.98,12,2544418.78,1919403.28,-1.291,Normal,0,-0.029061726388886377,0,True
2023-03-08,148621.53,9,2544418.78,1919403.28,-1.248,Normal,0,-0.060496007174027755,0,True
2023-03-09,131476.08,4,2544418.78,1919403.28,-1.257,Normal,0,-0.03343261554420296,0,True
2023-03-10,419179.2,15,2544418.78,1919403.28,-1.107,Normal,0,-0.05709085092094257,0,True
2023-03-11,268342.42,10,2544418.78,1919403.28,-1.186,Normal,0,-0.05356055029970286,0,True
2023-03-12,422046.75,13,2544418.78,1919403.28,-1.106,Normal,0,-0.047591601985523035,0,True
2023-03-13,107285.36,7,2544418.78,1919403.28,-1.27,Normal,0,-0.05509219470858878,0,True
2023-03-14,326306.67,10,2544418.78,1919403.28,-1.156,Normal,0,-0.04779315446089333,0,True
2023-03-15,64932.03,12,2544418.78,1919403.28,-1.292,Normal,0,-0.028426557186409296,0,True
2023-03-16,146310.97,4,2544418.78,1919403.28,-1.249,Normal,0,-0.03483835461437579,0,True
2023-03-17,140541.51,8,2544418.78,1919403.28,-1.252,Normal,0,-0.058069151644220884,0,True
2023-03-18,187694.86,11,2544418.78,1919403.28,-1.228,Normal,0,-0.06437459352685782,0,True
2023-03-19,195499.54,12,2544418.78,1919403.28,-1.224,Normal,0,-0.0665545887572756,0,True
2023-03-20,176052.89,11,2544418.78,1919403.28,-1.234,Normal,0,-0.06432244711679569,0,True
2023-03-21,141918.37,15,2544418.78,1919403.28,-1.252,Normal,0,-0.04996540818079087,0,True
2023-03-22,141169.68,10,2544418.78,1919403.28,-1.252,Normal,0,-0.05787063122974351,0,True
2023-03-23,151903.59,18,2544418.78,1919403.28,-1.246,Normal,0,-0.047179183259262014,0,True
2023-03-24,106534.24,11,2544418.78,1919403.28,-1.27,Normal,0,-0.05016564882665586,0,True
2023-03-25,256274.95,9,2544418.78,1919403.28,-1.192,Normal,0,-0.04808531871877475,0,True
2023-03-26,67539.28,9,2544418.78,1919403.28,-1.29,Normal,0,-0.03347025239408252,0,True
2023-03-27,542967.01,13,2544418.78,1919403.28,-1.043,Normal,0,-0.027756528344818565,0,True
2023-03-28,494159.15,23,2544418.78,1919403.28,-1.068,Normal,0,-0.07535370892712207,0,True
2023-03-29,23660.33,2,2544418.78,1919403.28,-1.313,Normal,0,-0.003647764944506804,0,True
2023-03-30,212625.34,8,2544418.78,1919403.28,-1.215,Normal,0,-0.05390777513416628,0,True
2023-03-31,53447.29,2,2544418.78,1919403.28,-1.298,Normal,0,-0.0028877402841812616,0,True
2023-04-01,143251.82,12,2544418.78,1919403.28,-1.251,Normal,0,-0.05842135755430239,0,True
2023-04-02,186107.67,9,2544418.78,1919403.28,-1.229,Normal,0,-0.059229592662361275,0,True
2023-04-03,301030.1,15,2544418.78,1919403.28,-1.169,Normal,0,-0.07264221550452632,0,True
2023-04-04,215200.33,12,2544418.78,1919403.28,-1.214,Normal,0,-0.06613641949257815,0,True
2023-04-05,446495.4,20,2544418.78,1919403.28,-1.093,Normal,0,-0.07158861686768708,0,True
2023-04-06,225985.89,8,2544418.78,1919403.28,-1.208,Normal,0,-0.051900863166861266,0,True
2023-04-07,179945.64,17,2544418.78,1919403.28,-1.232,Normal,0,-0.05675993610970448,0,True
2023-04-08,200206.63,12,2544418.78,1919403.28,-1.221,Normal,0,-0.06707760550021347,0,True
2023-04-09,386096.81,16,2544418.78,1919403.28,-1.124,Normal,0,-0.06678269193186359,0,True
2023-04-10,450239.06,15,2544418.78,1919403.28,-1.091,Normal,0,-0.053412863526660526,0,True
2023-04-11,300052.43,13,2544418.78,1919403.28,-1.169,Normal,0,-0.06493269373493582,0,True
2023-04-12,521311.41,16,2544418.78,1919403.28,-1.054,Normal,0,-0.047580131624120114,0,True
2023-04-13,105836.21,12,2544418.78,1919403.28,-1.27,Normal,0,-0.04786773360443802,0,True
2023-04-14,349189.28,12,2544418.78,1919403.28,-1.144,Normal,0,-0.05640097764977553,0,True
2023-04-15,72366.57,15,2544418.78,1919403.28,-1.288,Normal,0,-0.023751507275291295,0,True
2023-04-16,164533.35,8,2544418.78,1919403.28,-1.24,Normal,0,-0.05890696645586496,0,True
2023-04-17,232976.13,15,2544418.78,1919403.28,-1.204,Normal,0,-0.06799017999934825,0,True
2023-04-18,221624.46,15,2544418.78,1919403.28,-1.21,Normal,0,-0.06754214503935646,0,True
2023-04-19,228934.17,17,2544418.78,1919403.28,-1.206,Normal,0,-0.06391046990373067,0,True
2023-04-20,185371.82,16,2544418.78,1919403.28,-1.229,Normal,0,-0.06318986006737104,0,True
2023-04-21,196236.88,20,2544418.78,1919403.28,-1.223,Normal,0,-0.05751013118796766,0,True
2023-04-22,255349.6,15,2544418.78,1919403.28,-1.193,Normal,0,-0.06974773058228367,0,True
2023-04-23,165297.37,22,2544418.78,1919403.28,-1.24,Normal,0,-0.03935536176639798,0,True
2023-04-24,157573.74,13,2544418.78,1919403.28,-1.244,Normal,0,-0.05965839883896956,0,True
2023-04-25,353990.19,16,2544418.78,1919403.28,-1.141,Normal,0,-0.06830216476984807,0,True
2023-04-26,89048.35,13,2544418.78,1919403.28,-1.279,Normal,0,-0.03866851114826342,0,True
2023-04-27,570280.03,15,2544418.78,1919403.28,-1.029,Normal,0,-0.03454679662522375,0,True
2023-04-28,621403.25,27,2544418.78,1919403.28,-1.002,Normal,0,-0.059155185294124946,0,True
2023-04-29,34282.01,4,2544418.78,1919403.28,-1.308,Normal,0,-0.027188559592992045,0,True
2023-04-30,334190.0,15,2544418.78,1919403.28,-1.152,Normal,0,-0.07086846974334715,0,True
2023-05-01,266877.83,18,2544418.78,1919403.28,-1.187,Normal,0,-0.06790763566406283,0,True
2023-05-02,289062.96,15,2544418.78,1919403.28,-1.175,Normal,0,-0.07201494587778656,0,True
2023-05-03,305663.24,17,2544418.78,1919403.28,-1.166,Normal,0,-0.07164990930072695,0,True
2023-05-04,247854.34,15,2544418.78,1919403.28,-1.196,Normal,0,-0.06958887971423033,0,True
2023-05-05,562713.9,25,2544418.78,1919403.28,-1.032,Normal,0,-0.0674924303238928,0,True
2023-05-06,365940.37,15,2544418.78,1919403.28,-1.135,Normal,0,-0.06632352988760881,0,True
2023-05-07,178186.7,19,2544418.78,1919403.28,-1.233,Normal,0,-0.05573179460002686,0,True
2023-05-08,304516.85,19,2544418.78,1919403.28,-1.167,Normal,0,-0.07659043244226504,0,True
2023-05-09,559990.24,23,2544418.78,1919403.28,-1.034,Normal,0,-0.06505274834477986,0,True
2023-05-10,464332.45,19,2544418.78,1919403.28,-1.084,Normal,0,-0.06681137386198527,0,True
2023-05-11,302649.3,16,2544418.78,1919403.28,-1.168,Normal,0,-0.0722245680121889,0,True
2023-05-12,514018.7,20,2544418.78,1919403.28,-1.058,Normal,0,-0.06518821121843826,0,True
2023-05-13,127046.95,15,2544418.78,1919403.28,-1.259,Normal,0,-0.04795887312556757,0,True
2023-05-14,396944.89,14,2544418.78,1919403.28,-1.119,Normal,0,-0.05886906132323677,0,True
2023-05-15,210231.38,24,2544418.78,1919403.28,-1.216,Normal,0,-0.04599282753870865,0,True
2023-05-16,274191.43,14,2544418.78,1919403.28,-1.183,Normal,0,-0.07032055465487075,0,True
2023-05-17,261658.96,20,2544418.78,1919403.28,-1.189,Normal,0,-0.06794588490925563,0,True
2023-05-18,399072.38,24,2544418.78,1919403.28,-1.118,Normal,0,-0.07417352587239834,0,True
2023-05-19,493424.26,24,2544418.78,1919403.28,-1.069,Normal,0,-0.073607549946336,0,True
2023-05-20,196483.33,19,2544418.78,1919403.28,-1.223,Normal,0,-0.06136367723964442,0,True
2023-05-21,291081.52,24,2544418.78,1919403.28,-1.174,Normal,0,-0.06101690793529463,0,True
2023-05-22,442748.16,19,2544418.78,1919403.28,-1.095,Normal,0,-0.0697344229375279,0,True
2023-05-23,218289.33,25,2544418.78,1919403.28,-1.212,Normal,0,-0.04447633067279083,0,True
2023-05-24,172964.56,14,2544418.78,1919403.28,-1.236,Normal,0,-0.0625501442684901,0,True
2023-05-25,595551.56,29,2544418.78,1919403.28,-1.015,Normal,0,-0.0684031287617275,0,True
2023-05-26,147708.42,18,2544418.78,1919403.28,-1.249,Normal,0,-0.04414971300118864,0,True
2023-05-27,739249.51,20,2544418.78,1919403.28,-0.94,Normal,0,-0.03607087484906202,0,True
2023-05-28,702621.06,32,2544418.78,1919403.28,-0.96,Normal,0,-0.06847668042770633,0,True
2023-05-29,243198.77,11,2544418.78,1919403.28,-1.199,Normal,0,-0.061348612155713855,0,True
2023-05-30,426983.42,18,2544418.78,1919403.28,-1.103,Normal,0,-0.06479077684949403,0,True
2023-05-31,122705.21,6,2544418.78,1919403.28,-1.262,Normal,0,-0.04450871330026995,0,True
2023-06-01,297986.39,21,2544418.78,1919403.28,-1.17,Normal,0,-0.07078695206080504,0,True
2023-06-02,374977.19,19,2544418.78,1919403.28,-1.13,Normal,0,-0.07717837653813836,0,True
2023-06-03,315174.44,19,2544418.78,1919403.28,-1.161,Normal,0,-0.07764743535042135,0,True
2023-06-04,295615.71,19,2544418.78,1919403.28,-1.172,Normal,0,-0.07545018240792872,0,True
2023-06-05,596136.06,30,2544418.78,1919403.28,-1.015,Normal,0,-0.07219302058909766,0,True
2023-06-06,463839.36,18,2544418.78,1919403.28,-1.084,Normal,0,-0.06041024589152938,0,True
2023-06-07,297209.86,27,2544418.78,1919403.28,-1.171,Normal,0,-0.057100655564699176,0,True
2023-06-08,438064.05,23,2544418.78,1919403.28,-1.097,Normal,0,-0.07703921266515751,0,True
2023-06-09,565084.19,26,2544418.78,1919403.28,-1.031,Normal,0,-0.06760899737829407,0,True
2023-06-10,542600.02,23,2544418.78,1919403.28,-1.043,Normal,0,-0.06766009446540683,0,True
2023-06-11,344237.33,20,2544418.78,1919403.28,-1.146,Normal,0,-0.07821104953164204,0,True
2023-06-12,884157.0,34,2544418.78,1919403.28,-0.865,Normal,0,-0.059639906954072563,0,True
2023-06-13,180679.1,19,2544418.78,1919403.28,-1.231,Normal,0,-0.05540423353948881,0,True
2023-06-14,449755.34,19,2544418.78,1919403.28,-1.091,Normal,0,-0.06959379025508744,0,True
2023-06-15,276424.46,31,2544418.78,1919403.28,-1.182,Normal,0,-0.04770502999732973,0,True
2023-06-16,308560.29,17,2544418.78,1919403.28,-1.165,Normal,0,-0.07026228564724601,0,True
2023-06-17,338707.74,22,2544418.78,1919403.28,-1.149,Normal,0,-0.07310212191028204,0,True
2023-06-18,622588.47,31,2544418.78,1919403.28,-1.001,Normal,0,-0.07176090136128938,0,True
2023-06-19,528897.04,28,2544418.78,1919403.28,-1.05,Normal,0,-0.07347459947672813,0,True
2023-06-20,193469.63,22,2544418.78,1919403.28,-1.225,Normal,0,-0.047847671106408085,0,True
2023-06-21,406662.95,32,2544418.78,1919403.28,-1.114,Normal,0,-0.06812934579785879,0,True
2023-06-22,512489.66,21,2544418.78,1919403.28,-1.059,Normal,0,-0.06984888856075144,0,True
2023-06-23,343171.08,33,2544418.78,1919403.28,-1.147,Normal,0,-0.057388899122860826,0,True
2023-06-24,179305.53,19,2544418.78,1919403.28,-1.232,Normal,0,-0.05551344518540807,0,True
2023-06-25,691569.32,40,2544418.78,1919403.28,-0.965,Normal,0,-0.0720246970756333,0,True
2023-06-26,191972.46,21,2544418.78,1919403.28,-1.226,Normal,0,-0.050644462948063185,0,True
2023-06-27,797569.24,24,2544418.78,1919403.28,-0.91,Normal,0,-0.04080008373282257,0,True
2023-06-28,809589.43,39,2544418.78,1919403.28,-0.904,Normal,0,-0.07997035604708991,0,True
2023-06-29,286566.53,17,2544418.78,1919403.28,-1.176,Normal,0,-0.07030416151500901,0,True
2023-06-30,894322.66,34,2544418.78,1919403.28,-0.86,Normal,0,-0.05736248180214004,0,True
2023-07-01,368570.72,26,2544418.78,1919403.28,-1.134,Normal,0,-0.07085511398866101,0,True
2023-07-02,501864.9,24,2544418.78,1919403.28,-1.064,Normal,0,-0.07440761901701987,0,True
2023-07-03,358129.85,21,2544418.78,1919403.28,-1.139,Normal,0,-0.07694722758043449,0,True
2023-07-04,373308.64,24,2544418.78,1919403.28,-1.131,Normal,0,-0.07303371145886706,0,True
2023-07-05,672724.78,34,2544418.78,1919403.28,-0.975,Normal,0,-0.0692780387270554,0,True
2023-07-06,498876.62,21,2544418.78,1919403.28,-1.066,Normal,0,-0.07109412023001505,0,True
2023-07-07,584208.27,32,2544418.78,1919403.28,-1.021,Normal,0,-0.07520764092359417,0,True
2023-07-08,448913.3,23,2544418.78,1919403.28,-1.092,Normal,0,-0.0775787775123648,0,True
2023-07-09,713193.0,29,2544418.78,1919403.28,-0.954,Normal,0,-0.06157013024898628,0,True
2023-07-10,535024.56,24,2544418.78,1919403.28,-1.047,Normal,0,-0.06852645968786908,0,True
2023-07-11,389951.31,25,2544418.78,1919403.28,-1.122,Normal,0,-0.07486946485784496,0,True
2023-07-12,899318.0,36,2544418.78,1919403.28,-0.857,Normal,0,-0.0636783761712979,0,True
2023-07-13,391052.77,26,2544418.78,1919403.28,-1.122,Normal,0,-0.07426511445684386,0,True
2023-07-14,486245.05,22,2544418.78,1919403.28,-1.072,Normal,0,-0.07288678618568345,0,True
2023-07-15,446069.82,38,2544418.78,1919403.28,-1.093,Normal,0,-0.05484634648537451,0,True
2023-07-16,367861.76,24,2544418.78,1919403.28,-1.134,Normal,0,-0.07282498302629731,0,True
2023-07-17,331092.32,23,2544418.78,1919403.28,-1.153,Normal,0,-0.07217569994255746,0,True
2023-07-18,862344.82,40,2544418.78,1919403.28,-0.876,Normal,0,-0.07747708364978334,0,True
2023-07-19,534316.96,33,2544418.78,1919403.28,-1.047,Normal,0,-0.07665770844355052,0,True
2023-07-20,347351.12,29,2544418.78,1919403.28,-1.145,Normal,0,-0.0671707169778662,0,True
2023-07-21,439780.59,35,2544418.78,1919403.28,-1.097,Normal,0,-0.061795241487477615,0,True
2023-07-22,539442.69,25,2544418.78,1919403.28,-1.045,Normal,0,-0.07050348744473373,0,True
2023-07-23,366351.95,35,2544418.78,1919403.28,-1.135,Normal,0,-0.05350159665615156,0,True
2023-07-24,376028.8,30,2544418.78,1919403.28,-1.13,Normal,0,-0.06886921680027752,0,True
2023-07-25,822681.74,45,2544418.78,1919403.28,-0.897,Normal,0,-0.08292470359083937,0,True
2023-07-26,317092.56,27,2544418.78,1919403.28,-1.16,Normal,0,-0.06485340212825697,0,True
2023-07-27,825772.19,27,2544418.78,1919403.28,-0.895,Normal,0,-0.04423710853990004,0,True
2023-07-28,940076.95,43,2544418.78,1919403.28,-0.836,Normal,0,-0.07325676501580397,0,True
2023-07-29,309611.99,20,2544418.78,1919403.28,-1.164,Normal,0,-0.07541464941722686,0,True
2023-07-30,934076.41,37,2544418.78,1919403.28,-0.839,Normal,0,-0.06524311401019939,0,True
2023-07-31,52043.84,6,2544418.78,1919403.28,-1.299,Normal,0,-0.030351991518858146,0,True
2023-08-01,598159.06,37,2544418.78,1919403.28,-1.014,Normal,0,-0.06721577972439263,0,True
2023-08-02,734765.52,32,2544418.78,1919403.28,-0.943,Normal,0,-0.06949253577647224,0,True
2023-08-03,513002.72,28,2544418.78,1919403.28,-1.058,Normal,0,-0.07624755213494866,0,True
2023-08-04,382966.07,25,2544418.78,1919403.28,-1.126,Normal,0,-0.07378647985386833,0,True
2023-08-05,808905.84,42,2544418.78,1919403.28,-0.904,Normal,0,-0.08324068065138163,0,True
2023-08-06,700847.67,32,2544418.78,1919403.28,-0.96,Normal,0,-0.06892719462358304,0,True
2023-08-07,741470.58,38,2544418.78,1919403.28,-0.939,Normal,0,-0.07934980908319816,0,True
2023-08-08,465146.34,27,2544418.78,1919403.28,-1.083,Normal,0,-0.07602189782413077,0,True
2023-08-09,748071.4,30,2544418.78,1919403.28,-0.936,Normal,0,-0.06368981129545764,0,True
2023-08-10,578496.35,31,2544418.78,1919403.28,-1.024,Normal,0,-0.07634702317732045,0,True
2023-08-11,474434.15,27,2544418.78,1919403.28,-1.078,Normal,0,-0.07665724398479862,0,True
2023-08-12,1006303.86,38,2544418.78,1919403.28,-0.801,Normal,0,-0.05970311768617087,0,True
2023-08-13,435856.78,31,2544418.78,1919403.28,-1.099,Normal,0,-0.07338620634681209,0,True
2023-08-14,495729.28,25,2544418.78,1919403.28,-1.067,Normal,0,-0.07592186684035074,0,True
2023-08-15,476305.41,43,2544418.78,1919403.28,-1.077,Normal,0,-0.04849884735747656,0,True
2023-08-16,514629.96,31,2544418.78,1919403.28,-1.058,Normal,0,-0.08244739520782646,0,True
2023-08-17,356674.08,28,2544418.78,1919403.28,-1.14,Normal,0,-0.06904826809493458,0,True
2023-08-18,872988.51,40,2544418.78,1919403.28,-0.871,Normal,0,-0.07720827113524098,0,True
2023-08-19,704284.81,41,2544418.78,1919403.28,-0.959,Normal,0,-0.07546170701886717,0,True
2023-08-20,378577.89,33,2544418.78,1919403.28,-1.128,Normal,0,-0.061907167228946014,0,True
2023-08-21,489258.48,39,2544418.78,1919403.28,-1.071,Normal,0,-0.06070157734512127,0,True
2023-08-22,548937.95,30,2544418.78,1919403.28,-1.04,Normal,0,-0.07886299309867473,0,True
2023-08-23,384709.59,39,2544418.78,1919403.28,-1.125,Normal,0,-0.042770025247016175,0,True
2023-08-24,493987.71,37,2544418.78,1919403.28,-1.068,Normal,0,-0.06718261651399149,0,True
2023-08-25,1141447.82,52,2544418.78,1919403.28,-0.731,Normal,0,-0.08209603757511702,0,True
2023-08-26,317904.15,33,2544418.78,1919403.28,-1.16,Normal,0,-0.05474710787306292,0,True
2023-08-27,966292.11,34,2544418.78,1919403.28,-0.822,Normal,0,-0.05300651420387187,0,True
2023-08-28,982852.08,48,2544418.78,1919403.28,-0.814,Normal,0,-0.08487279041332818,0,True
2023-08-29,588978.64,30,2544418.78,1919403.28,-1.019,Normal,0,-0.07262945259901632,0,True
2023-08-30,968701.82,40,2544418.78,1919403.28,-0.821,Normal,0,-0.07007890063022221,0,True
2023-08-31,98257.07,12,2544418.78,1919403.28,-1.274,Normal,0,-0.047185699993437136,0,True
2023-09-01,607133.05,41,2544418.78,1919403.28,-1.009,Normal,0,-0.059356830209824185,0,True
2023-09-02,796000.64,36,2544418.78,1919403.28,-0.911,Normal,0,-0.07742515750723622,0,True
2023-09-03,726081.65,34,2544418.78,1919403.28,-0.947,Normal,0,-0.07291819015985501,0,True
2023-09-04,451423.48,29,2544418.78,1919403.28,-1.09,Normal,0,-0.07422162463214899,0,True
2023-09-05,1082136.28,49,2544418.78,1919403.28,-0.762,Normal,0,-0.07791799049013237,0,True
2023-09-06,754937.27,36,2544418.78,1919403.28,-0.932,Normal,0,-0.07835765029456582,0,True
2023-09-07,707011.85,40,2544418.78,1919403.28,-0.957,Normal,0,-0.07543451726321976,0,True
2023-09-08,466879.3,29,2544418.78,1919403.28,-1.082,Normal,0,-0.07700453362852028,0,True
2023-09-09,838519.79,33,2544418.78,1919403.28,-0.889,Normal,0,-0.06245302436884592,0,True
2023-09-10,729676.61,35,2544418.78,1919403.28,-0.945,Normal,0,-0.07427013237260871,0,True
2023-09-11,744107.55,33,2544418.78,1919403.28,-0.938,Normal,0,-0.06911756522769524,0,True
2023-09-12,1054785.22,43,2544418.78,1919403.28,-0.776,Normal,0,-0.06439386438311562,0,True
2023-09-13,490289.78,35,2544418.78,1919403.28,-1.07,Normal,0,-0.07170546549225199,0,True
2023-09-14,583661.39,28,2544418.78,1919403.28,-1.022,Normal,0,-0.06691421886741045,0,True
2023-09-15,509579.15,45,2544418.78,1919403.28,-1.06,Normal,0,-0.049686012124500356,0,True
2023-09-16,568834.14,37,2544418.78,1919403.28,-1.029,Normal,0,-0.06776312232523402,0,True
2023-09-17,511889.34,33,2544418.78,1919403.28,-1.059,Normal,0,-0.07819517239318374,0,True
2023-09-18,984674.0,48,2544418.78,1919403.28,-0.813,Normal,0,-0.08487279041332818,0,True
2023-09-19,853017.86,48,2544418.78,1919403.28,-0.881,Normal,0,-0.08403320943917397,0,True
2023-09-20,477693.48,39,2544418.78,1919403.28,-1.077,Normal,0,-0.059429313963519526,0,True
2023-09-21,577923.97,46,2544418.78,1919403.28,-1.025,Normal,0,-0.04978207522031047,0,True
2023-09-22,741165.0,33,2544418.78,1919403.28,-0.939,Normal,0,-0.06941385474449235,0,True
2023-09-23,804691.07,44,2544418.78,1919403.28,-0.906,Normal,0,-0.08194942030170266,0,True
2023-09-24,626620.63,45,2544418.78,1919403.28,-0.999,Normal,0,-0.05725215248068438,0,True
2023-09-25,1230749.96,55,2544418.78,1919403.28,-0.684,Normal,0,-0.07923543933496785,0,True
2023-09-26,563049.67,38,2544418.78,1919403.28,-1.032,Normal,0,-0.06539099052093228,0,True
2023-09-27,998365.44,38,2544418.78,1919403.28,-0.805,Normal,0,-0.061052292681849696,0,True
2023-09-28,1235760.66,54,2544418.78,1919403.28,-0.682,Normal,0,-0.07615643500878388,0,True
2023-09-29,590659.21,33,2544418.78,1919403.28,-1.018,Normal,0,-0.0713251487377119,0,True
2023-09-30,1258047.27,60,2544418.78,1919403.28,-0.67,Normal,0,-0.08515082249233091,0,True
2023-10-01,720597.86,46,2544418.78,1919403.28,-0.95,Normal,0,-0.07512486773109112,0,True
2023-10-02,1018220.96,43,2544418.78,1919403.28,-0.795,Normal,0,-0.06808712429337455,0,True
2023-10-03,1019709.1,44,2544418.78,1919403.28,-0.794,Normal,0,-0.07257488240731402,0,True
2023-10-04,486105.28,34,2544418.78,1919403.28,-1.072,Normal,0,-0.07374617550235651,0,True
2023-10-05,1270839.34,56,2544418.78,1919403.28,-0.664,Normal,0,-0.0808645629769203,0,True
2023-10-06,937377.31,48,2544418.78,1919403.28,-0.837,Normal,0,-0.08504720857153569,0,True
2023-10-07,819849.53,45,2544418.78,1919403.28,-0.898,Normal,0,-0.08302770927878889,0,True
2023-10-08,488296.41,31,2544418.78,1919403.28,-1.071,Normal,0,-0.08113092886596879,0,True
2023-10-09,814835.95,33,2544418.78,1919403.28,-0.901,Normal,0,-0.06707775292814422,0,True
2023-10-10,1045787.99,48,2544418.78,1919403.28,-0.781,Normal,0,-0.08282262319980305,0,True
2023-10-11,790317.35,40,2544418.78,1919403.28,-0.914,Normal,0,-0.08194914802787223,0,True
2023-10-12,1041834.29,46,2544418.78,1919403.28,-0.783,Normal,0,-0.07569254982514395,0,True
2023-10-13,696974.5,42,2544418.78,1919403.28,-0.963,Normal,0,-0.07262606746168421,0,True
2023-10-14,716379.65,33,2544418.78,1919403.28,-0.952,Normal,0,-0.07113575748946416,0,True
2023-10-15,565021.91,50,2544418.78,1919403.28,-1.031,Normal,0,-0.04007266364617901,0,True
2023-10-16,710896.07,44,2544418.78,1919403.28,-0.955,Normal,0,-0.07584626699320585,0,True
2023-10-17,505027.8,35,2544418.78,1919403.28,-1.063,Normal,0,-0.07289229322708218,0,True
2023-10-18,1107677.29,56,2544418.78,1919403.28,-0.749,Normal,0,-0.0895961926810267,0,True
2023-10-19,874661.07,50,2544418.78,1919403.28,-0.87,Normal,0,-0.08200115260504998,0,True
2023-10-20,695275.27,47,2544418.78,1919403.28,-0.963,Normal,0,-0.06716687187836007,0,True
2023-10-21,742414.06,56,2544418.78,1919403.28,-0.939,Normal,0,-0.055454168102438306,0,True
2023-10-22,848785.0,41,2544418.78,1919403.28,-0.883,Normal,0,-0.07903699265909186,0,True
2023-10-23,889520.58,51,2544418.78,1919403.28,-0.862,Normal,0,-0.08302194175772676,0,True
2023-10-24,732490.15,49,2544418.78,1919403.28,-0.944,Normal,0,-0.06674382304515042,0,True
2023-10-25,1376068.81,61,2544418.78,1919403.28,-0.609,Normal,0,-0.07995655825677772,0,True
2023-10-26,820828.88,47,2544418.78,1919403.28,-0.898,Normal,0,-0.08378071846434909,0,True
2023-10-27,1060935.97,41,2544418.78,1919403.28,-0.773,Normal,0,-0.06005729159375889,0,True
2023-10-28,1354111.68,58,2544418.78,1919403.28,-0.62,Normal,0,-0.07919091769073494,0,True
2023-10-29,823297.0,40,2544418.78,1919403.28,-0.897,Normal,0,-0.08246197737425126,0,True
2023-10-30,1490699.82,67,2544418.78,1919403.28,-0.549,Normal,0,-0.07910365429221922,0,True
2023-10-31,11768.15,5,2544418.78,1919403.28,-1.319,Normal,0,-0.016244830829056922,0,True
2023-11-01,763824.37,52,2544418.78,1919403.28,-0.928,Normal,0,-0.06886521695059705,0,True
2023-11-02,1086810.25,51,2544418.78,1919403.28,-0.759,Normal,0,-0.08261737638794447,0,True
2023-11-03,1080809.22,48,2544418.78,1919403.28,-0.763,Normal,0,-0.07796077731370388,0,True
2023-11-04,592952.29,42,2544418.78,1919403.28,-1.017,Normal,0,-0.05842677931788137,0,True
2023-11-05,1293190.79,62,2544418.78,1919403.28,-0.652,Normal,0,-0.08561017987441288,0,True
2023-11-06,1113277.61,58,2544418.78,1919403.28,-0.746,Normal,0,-0.08825466895212003,0,True
2023-11-07,897175.22,50,2544418.78,1919403.28,-0.858,Normal,0,-0.08121789887857123,0,True
2023-11-08,737593.55,41,2544418.78,1919403.28,-0.941,Normal,0,-0.07941301633638659,0,True
2023-11-09,893282.36,35,2544418.78,1919403.28,-0.86,Normal,0,-0.06262092642748723,0,True
2023-11-10,1093026.43,50,2544418.78,1919403.28,-0.756,Normal,0,-0.07959329551019573,0,True
2023-11-11,767037.59,42,2544418.78,1919403.28,-0.926,Normal,0,-0.08230554606092938,0,True
2023-11-12,1226129.5,54,2544418.78,1919403.28,-0.687,Normal,0,-0.07760727147198643,0,True
2023-11-13,964982.67,52,2544418.78,1919403.28,-0.823,Normal,0,-0.08711176994297132,0,True
2023-11-14,682938.79,35,2544418.78,1919403.28,-0.97,Normal,0,-0.0717472856049784,0,True
2023-11-15,754257.31,54,2544418.78,1919403.28,-0.933,Normal,0,-0.061585067401368154,0,True
2023-11-16,819040.82,55,2544418.78,1919403.28,-0.899,Normal,0,-0.07020470544749324,0,True
2023-11-17,648912.82,40,2544418.78,1919403.28,-0.988,Normal,0,-0.06528283025828552,0,True
2023-11-18,1112238.25,62,2544418.78,1919403.28,-0.746,Normal,0,-0.08449222227534081,0,True
2023-11-19,958178.67,53,2544418.78,1919403.28,-0.826,Normal,0,-0.08715908060421074,0,True
2023-11-20,813887.19,53,2544418.78,1919403.28,-0.902,Normal,0,-0.0718307085114187,0,True
2023-11-21,850743.72,63,2544418.78,1919403.28,-0.882,Normal,0,-0.053844871854457965,0,True
2023-11-22,912041.78,43,2544418.78,1919403.28,-0.85,Normal,0,-0.07456387990616575,0,True
2023-11-23,968740.64,58,2544418.78,1919403.28,-0.821,Normal,0,-0.08120065311905028,0,True
2023-11-24,773385.89,53,2544418.78,1919403.28,-0.923,Normal,0,-0.0675563291322489,0,True
2023-11-25,1482119.29,68,2544418.78,1919403.28,-0.553,Normal,0,-0.08338095908656468,0,True
2023-11-26,1013544.24,55,2544418.78,1919403.28,-0.798,Normal,0,-0.08747673240866083,0,True
2023-11-27,1316966.59,46,2544418.78,1919403.28,-0.639,Normal,0,-0.05422029991056454,0,True
2023-11-28,1431055.85,65,2544418.78,1919403.28,-0.58,Normal,0,-0.07939932940454814,0,True
2023-11-29,960891.87,46,2544418.78,1919403.28,-0.825,Normal,0,-0.08102751950716014,0,True
2023-11-30,1581069.38,79,2544418.78,1919403.28,-0.502,Normal,0,-0.095665440546781,0,True
2023-12-01,863006.38,61,2544418.78,1919403.28,-0.876,Normal,0,-0.06198300970608667,0,True
2023-12-02,1121270.16,57,2544418.78,1919403.28,-0.741,Normal,0,-0.0894649459278522,0,True
2023-12-03,1087377.58,53,2544418.78,1919403.28,-0.759,Normal,0,-0.0842720377895057,0,True
2023-12-04,652156.09,47,2544418.78,1919403.28,-0.986,Normal,0,-0.05809775879851048,0,True
2023-12-05,1627443.89,69,2544418.78,1919403.28,-0.478,Normal,0,-0.08109626717889107,0,True
2023-12-06,1137210.69,61,2544418.78,1919403.28,-0.733,Normal,0,-0.08519627875021846,0,True
2023-12-07,1117226.41,56,2544418.78,1919403.28,-0.744,Normal,0,-0.09008459394216534,0,True
2023-12-08,818255.82,46,2544418.78,1919403.28,-0.899,Normal,0,-0.08354669336148912,0,True
2023-12-09,1017320.7,40,2544418.78,1919403.28,-0.796,Normal,0,-0.06484072770987814,0,True
2023-12-10,1276833.25,61,2544418.78,1919403.28,-0.66,Normal,0,-0.08462896092891736,0,True
2023-12-11,957240.83,53,2544418.78,1919403.28,-0.827,Normal,0,-0.08693373290934153,0,True
2023-12-12,1591854.25,67,2544418.78,1919403.28,-0.496,Normal,0,-0.0751448481710556,0,True
2023-12-13,1208623.54,61,2544418.78,1919403.28,-0.696,Normal,0,-0.08202875696445389,0,True
2023-12-14,695121.27,37,2544418.78,1919403.28,-0.963,Normal,0,-0.0739243881492671,0,True
2023-12-15,738590.51,59,2544418.78,1919403.28,-0.941,Normal,0,-0.04699909673936292,0,True
2023-12-16,870635.24,59,2544418.78,1919403.28,-0.872,Normal,0,-0.06968110386407561,0,True
2023-12-17,669446.33,40,2544418.78,1919403.28,-0.977,Normal,0,-0.06755008485770714,0,True
2023-12-18,1155649.11,64,2544418.78,1919403.28,-0.724,Normal,0,-0.08314563359950317,0,True
2023-12-19,1045253.57,61,2544418.78,1919403.28,-0.781,Normal,0,-0.08048391810400413,0,True
2023-12-20,884263.75,60,2544418.78,1919403.28,-0.865,Normal,0,-0.06828623227738012,0,True
2023-12-21,963275.89,72,2544418.78,1919403.28,-0.824,Normal,0,-0.053366475469765584,0,True
2023-12-22,1128510.99,52,2544418.78,1919403.28,-0.738,Normal,0,-0.08297267435276234,0,True
2023-12-23,917242.68,65,2544418.78,1919403.28,-0.848,Normal,0,-0.059697845984986175,0,True
2023-12-24,910197.14,59,2544418.78,1919403.28,-0.851,Normal,0,-0.0751007397002767,0,True
2023-12-25,1553074.45,73,2544418.78,1919403.28,-0.516,Normal,0,-0.09257819436236064,0,True
2023-12-26,995698.92,57,2544418.78,1919403.28,-0.807,Normal,0,-0.08545848502009529,0,True
2023-12-27,1598342.53,55,2544418.78,1919403.28,-0.493,Normal,0,-0.05527467829718419,0,True
2023-12-28,1589357.95,74,2544418.78,1919403.28,-0.498,Normal,0,-0.09318225681380449,0,True
2023-12-29,1006950.63,49,2544418.78,1919403.28,-0.801,Normal,0,-0.08144633143023083,0,True
2023-12-30,1949621.03,88,2544418.78,1919403.28,-0.31,Normal,0,-0.09842314906959304,0,True
2023-12-31,221961.32,9,2544418.78,1919403.28,-1.21,Normal,0,-0.05368018063791169,0,True
2024-01-01,946239.51,67,2544418.78,1919403.28,-0.833,Normal,0,-0.060672006092582,0,True
2024-01-02,1199372.72,59,2544418.78,1919403.28,-0.701,Normal,0,-0.08443121967845413,0,True
2024-01-03,1207981.67,58,2544418.78,1919403.28,-0.696,Normal,0,-0.08237457348285054,0,True
2024-01-04,820410.37,52,2544418.78,1919403.28,-0.898,Normal,0,-0.07638871957187332,0,True
2024-01-05,1790712.74,78,2544418.78,1919403.28,-0.393,Normal,0,-0.08686094359194757,0,True
2024-01-06,1246425.29,64,2544418.78,1919403.28,-0.676,Normal,0,-0.0861666832940926,0,True
2024-01-07,1276167.27,63,2544418.78,1919403.28,-0.661,Normal,0,-0.08699573684566408,0,True
2024-01-08,976328.85,51,2544418.78,1919403.28,-0.817,Normal,0,-0.08541273963299534,0,True
2024-01-09,1072375.07,48,2544418.78,1919403.28,-0.767,Normal,0,-0.07846687091149412,0,True
2024-01-10,1562210.76,68,2544418.78,1919403.28,-0.512,Normal,0,-0.08238223875875522,0,True
2024-01-11,1309693.17,59,2544418.78,1919403.28,-0.643,Normal,0,-0.08088605921643977,0,True
2024-01-12,1832925.28,77,2544418.78,1919403.28,-0.371,Normal,0,-0.08079328744181719,0,True
2024-01-13,1405499.23,66,2544418.78,1919403.28,-0.593,Normal,0,-0.08337975367024847,0,True
2024-01-14,842370.32,46,2544418.78,1919403.28,-0.887,Normal,0,-0.08308647038613659,0,True
2024-01-15,1075554.17,66,2544418.78,1919403.28,-0.765,Normal,0,-0.07622823038255089,0,True
2024-01-16,1433359.35,69,2544418.78,1919403.28,-0.579,Normal,0,-0.08877892177710595,0,True
2024-01-17,862059.24,47,2544418.78,1919403.28,-0.877,Normal,0,-0.08253766742231572,0,True
2024-01-18,1289408.3,70,2544418.78,1919403.28,-0.654,Normal,0,-0.09070833152364893,0,True
2024-01-19,1393081.24,69,2544418.78,1919403.28,-0.6,Normal,0,-0.0908280372725771,0,True
2024-01-20,1111046.62,68,2544418.78,1919403.28,-0.747,Normal,0,-0.07940390539910575,0,True
2024-01-21,1455870.38,87,2544418.78,1919403.28,-0.567,Normal,0,-0.07962026466214256,0,True
2024-01-22,1258971.1,56,2544418.78,1919403.28,-0.67,Normal,0,-0.08109357140468193,0,True
2024-01-23,1088063.46,73,2544418.78,1919403.28,-0.759,Normal,0,-0.06943181315303287,0,True
2024-01-24,1230566.46,66,2544418.78,1919403.28,-0.685,Normal,0,-0.08375896783808368,0,True
2024-01-25,1757552.22,76,2544418.78,1919403.28,-0.41,Normal,0,-0.08598651556628151,0,True
2024-01-26,1076605.97,61,2544418.78,1919403.28,-0.765,Normal,0,-0.08167197297019868,0,True
2024-01-27,1814592.41,62,2544418.78,1919403.28,-0.38,Normal,0,-0.0483462987813445,0,True
2024-01-28,1926673.69,81,2544418.78,1919403.28,-0.322,Normal,0,-0.08495392111558048,0,True
2024-01-29,1070256.18,54,2544418.78,1919403.28,-0.768,Normal,0,-0.08732353617965405,0,True
2024-01-30,2124886.64,96,2544418.78,1919403.28,-0.219,Normal,0,-0.09420496083234614,0,True
2024-01-31,297370.12,13,2544418.78,1919403.28,-1.171,Normal,0,-0.06432245271755493,0,True
2024-02-01,1014730.89,74,2544418.78,1919403.28,-0.797,Normal,0,-0.055067119535151476,0,True
2024-02-02,1255388.45,61,2544418.78,1919403.28,-0.672,Normal,0,-0.08527084057375955,0,True
2024-02-03,1388826.32,66,2544418.78,1919403.28,-0.602,Normal,0,-0.08329565395279365,0,True
2024-02-04,889774.1,55,2544418.78,1919403.28,-0.862,Normal,0,-0.08128701133293098,0,True
2024-02-05,1777651.54,81,2544418.78,1919403.28,-0.399,Normal,0,-0.09009998907797423,0,True
2024-02-06,1491178.92,73,2544418.78,1919403.28,-0.549,Normal,0,-0.09065411275393959,0,True
2024-02-07,1363527.47,69,2544418.78,1919403.28,-0.615,Normal,0,-0.09271532129921245,0,True
2024-02-08,1027316.4,56,2544418.78,1919403.28,-0.79,Normal,0,-0.08925465239612168,0,True
2024-02-09,1072163.23,50,2544418.78,1919403.28,-0.767,Normal,0,-0.07992798703010273,0,True
2024-02-10,1654669.79,72,2544418.78,1919403.28,-0.464,Normal,0,-0.08400255883750601,0,True
2024-02-11,1351769.2,60,2544418.78,1919403.28,-0.621,Normal,0,-0.08209156514167842,0,True
2024-02-12,1789578.83,79,2544418.78,1919403.28,-0.393,Normal,0,-0.08789062502725664,0,True
2024-02-13,1435519.62,70,2544418.78,1919403.28,-0.578,Normal,0,-0.09020377747150166,0,True
2024-02-14,905726.02,51,2544418.78,1919403.28,-0.854,Normal,0,-0.08365102236497612,0,True
2024-02-15,1203002.96,67,2544418.78,1919403.28,-0.699,Normal,0,-0.0821771116112428,0,True
2024-02-16,1549021.52,74,2544418.78,1919403.28,-0.519,Normal,0,-0.0929516471954927,0,True
2024-02-17,924258.22,52,2544418.78,1919403.28,-0.844,Normal,0,-0.08525837327813263,0,True
2024-02-18,1324460.6,75,2544418.78,1919403.28,-0.636,Normal,0,-0.084714644745154,0,True
2024-02-19,1565517.13,78,2544418.78,1919403.28,-0.51,Normal,0,-0.09567253145158805,0,True
2024-02-20,1104629.06,72,2544418.78,1919403.28,-0.75,Normal,0,-0.07351156240055795,0,True
2024-02-21,1507594.62,91,2544418.78,1919403.28,-0.54,Normal,0,-0.0822393295161774,0,True
2024-02-22,1405959.06,66,2544418.78,1919403.28,-0.593,Normal,0,-0.08299812647295624,0,True
2024-02-23,1222798.07,83,2544418.78,1919403.28,-0.689,Normal,0,-0.0518966961161032,0,True
2024-02-24,1313138.74,71,2544418.78,1919403.28,-0.641,Normal,0,-0.09245555327576627,0,True
2024-02-25,1994333.27,82,2544418.78,1919403.28,-0.287,Normal,0,-0.08379347208780735,0,True
2024-02-26,1258097.51,70,2544418.78,1919403.28,-0.67,Normal,0,-0.0883648473283517,0,True
2024-02-27,2091125.42,70,2544418.78,1919403.28,-0.236,Normal,0,-0.051667074926527334,0,True
2024-02-28,1962487.05,83,2544418.78,1919403.28,-0.303,Normal,0,-0.088043611071146,0,True
2024-02-29,3540344.39,165,2544418.78,1919403.28,0.519,Normal,0,-0.12132249627080066,0,True
2024-03-01,1032049.22,76,2544418.78,1919403.28,-0.788,Normal,0,-0.05108171122925648,0,True
2024-03-02,1319569.93,65,2544418.78,1919403.28,-0.638,Normal,0,-0.08690978332399607,0,True
2024-03-03,1358688.36,71,2544418.78,1919403.28,-0.618,Normal,0,-0.0943978339986129,0,True
2024-03-04,943343.32,57,2544418.78,1919403.28,-0.834,Normal,0,-0.08233235282988477,0,True
2024-03-05,1733473.53,81,2544418.78,1919403.28,-0.422,Normal,0,-0.09430032658578774,0,True
2024-03-06,1471242.22,75,2544418.78,1919403.28,-0.559,Normal,0,-0.0901149429314182,0,True
2024-03-07,1487291.23,71,2544418.78,1919403.28,-0.551,Normal,0,-0.08883777960827588,0,True
2024-03-08,1239526.41,67,2544418.78,1919403.28,-0.68,Normal,0,-0.08574096816132065,0,True
2024-03-09,1243850.13,58,2544418.78,1919403.28,-0.678,Normal,0,-0.08275772135483395,0,True
2024-03-10,1788079.47,76,2544418.78,1919403.28,-0.394,Normal,0,-0.08206857345122537,0,True
2024-03-11,1412378.49,64,2544418.78,1919403.28,-0.59,Normal,0,-0.08018187647065339,0,True
2024-03-12,1933197.67,83,2544418.78,1919403.28,-0.318,Normal,0,-0.0893305060287316,0,True
2024-03-13,1648647.49,77,2544418.78,1919403.28,-0.467,Normal,0,-0.0912843342900444,0,True
2024-03-14,975889.5,54,2544418.78,1919403.28,-0.817,Normal,0,-0.08537443350044704,0,True
2024-03-15,1287657.5,68,2544418.78,1919403.28,-0.655,Normal,0,-0.08888091482605193,0,True
2024-03-16,1668455.56,78,2544418.78,1919403.28,-0.456,Normal,0,-0.09399095249444034,0,True
2024-03-17,1245643.8,60,2544418.78,1919403.28,-0.677,Normal,0,-0.08423013290764925,0,True
2024-03-18,1426964.32,77,2544418.78,1919403.28,-0.582,Normal,0,-0.08606241044300766,0,True
2024-03-19,1742401.6,86,2544418.78,1919403.28,-0.418,Normal,0,-0.09886146981004412,0,True
2024-03-20,1065233.66,76,2544418.78,1919403.28,-0.771,Normal,0,-0.055840574316833924,0,True
2024-03-21,1583127.29,95,2544418.78,1919403.28,-0.501,Normal,0,-0.07920880484190351,0,True
2024-03-22,1826296.83,73,2544418.78,1919403.28,-0.374,Normal,0,-0.0727782661710682,0,True
2024-03-23,1584345.02,89,2544418.78,1919403.28,-0.5,Normal,0,-0.08973026849285204,0,True
2024-03-24,1406488.98,77,2544418.78,1919403.28,-0.593,Normal,0,-0.08636761556483119,0,True
2024-03-25,1973588.46,89,2544418.78,1919403.28,-0.297,Normal,0,-0.09764244286466023,0,True
2024-03-26,1287331.87,77,2544418.78,1919403.28,-0.655,Normal,0,-0.08065728411183393,0,True
2024-03-27,2029957.16,80,2544418.78,1919403.28,-0.268,Normal,0,-0.07440929135856378,0,True
2024-03-28,2080576.29,88,2544418.78,1919403.28,-0.242,Normal,0,-0.09153693518529626,0,True
2024-03-29,3475421.48,172,2544418.78,1919403.28,0.485,Normal,0,-0.11913435366267888,0,True
2024-03-30,77424.23,5,2544418.78,1919403.28,-1.285,Normal,0,-0.036678117075814365,0,True
2024-03-31,250532.76,7,2544418.78,1919403.28,-1.195,Normal,0,-0.044060485558999274,0,True
2024-04-01,1127367.82,81,2544418.78,1919403.28,-0.738,Normal,0,-0.050650823159131386,0,True
2024-04-02,1700749.77,74,2544418.78,1919403.28,-0.44,Normal,0,-0.08803615689476024,0,True
2024-04-03,1337342.58,72,2544418.78,1919403.28,-0.629,Normal,0,-0.09249667183605204,0,True
2024-04-04,996729.72,66,2544418.78,1919403.28,-0.806,Normal,0,-0.06565018790883803,0,True
2024-04-05,1737218.84,84,2544418.78,1919403.28,-0.421,Normal,0,-0.0971676944990097,0,True
2024-04-06,1607432.28,78,2544418.78,1919403.28,-0.488,Normal,0,-0.09631668238244484,0,True
2024-04-07,1526447.03,72,2544418.78,1919403.28,-0.53,Normal,0,-0.09147868859949604,0,True
2024-04-08,1371810.02,72,2544418.78,1919403.28,-0.611,Normal,0,-0.09378216248518573,0,True
2024-04-09,1221049.95,57,2544418.78,1919403.28,-0.689,Normal,0,-0.08343287528234594,0,True
2024-04-10,1842628.58,84,2544418.78,1919403.28,-0.366,Normal,0,-0.0906908110558281,0,True
2024-04-11,1681013.96,72,2544418.78,1919403.28,-0.45,Normal,0,-0.08264426860468893,0,True
2024-04-12,1954178.98,87,2544418.78,1919403.28,-0.308,Normal,0,-0.09671860145094585,0,True
2024-04-13,1765392.55,82,2544418.78,1919403.28,-0.406,Normal,0,-0.0932895769856098,0,True
2024-04-14,1020607.97,61,2544418.78,1919403.28,-0.794,Normal,0,-0.07838241515687694,0,True
2024-04-15,1601054.06,77,2544418.78,1919403.28,-0.491,Normal,0,-0.09388796265696359,0,True
2024-04-16,1835842.31,85,2544418.78,1919403.28,-0.369,Normal,0,-0.09272757903873818,0,True
2024-04-17,1394433.25,71,2544418.78,1919403.28,-0.599,Normal,0,-0.09252411857249015,0,True
2024-04-18,1571684.91,82,2544418.78,1919403.28,-0.507,Normal,0,-0.09283230795369624,0,True
2024-04-19,1764187.89,90,2544418.78,1919403.28,-0.406,Normal,0,-0.09789260252073356,0,True
2024-04-20,1234845.93,85,2544418.78,1919403.28,-0.682,Normal,0,-0.05061072667263,0,True
2024-04-21,1867536.69,104,2544418.78,1919403.28,-0.353,Normal,0,-0.09072766635170831,0,True
2024-04-22,1894580.55,76,2544418.78,1919403.28,-0.339,Normal,0,-0.07716982960817764,0,True
2024-04-23,1648792.81,93,2544418.78,1919403.28,-0.467,Normal,0,-0.08912545320100557,0,True
2024-04-24,1462070.7,80,2544418.78,1919403.28,-0.564,Normal,0,-0.08447282340839823,0,True
2024-04-25,2094088.52,93,2544418.78,1919403.28,-0.235,Normal,0,-0.0955522944196992,0,True
2024-04-26,1859946.51,86,2544418.78,1919403.28,-0.357,Normal,0,-0.0943268354700797,0,True
2024-04-27,2262549.95,87,2544418.78,1919403.28,-0.147,Normal,0,-0.06694497997626891,0,True
2024-04-28,2055486.92,86,2544418.78,1919403.28,-0.255,Normal,0,-0.08939271464487447,0,True
2024-04-29,3714946.67,180,2544418.78,1919403.28,0.61,Normal,0,-0.1130178624599294,0,True
2024-04-30,392383.33,16,2544418.78,1919403.28,-1.121,Normal,0,-0.06586566220596113,0,True
2024-05-01,1167595.51,87,2544418.78,1919403.28,-0.717,Normal,0,-0.041465192940330464,0,True
2024-05-02,2008580.58,75,2544418.78,1919403.28,-0.279,Normal,0,-0.0670903637640139,0,True
2024-05-03,1425265.73,79,2544418.78,1919403.28,-0.583,Normal,0,-0.08397711508874134,0,True
2024-05-04,1113058.05,70,2544418.78,1919403.28,-0.746,Normal,0,-0.07784354442835328,0,True
2024-05-05,1727482.5,87,2544418.78,1919403.28,-0.426,Normal,0,-0.10008022861578408,0,True
2024-05-06,1551630.42,80,2544418.78,1919403.28,-0.517,Normal,0,-0.09097566373150906,0,True
2024-05-07,1486335.36,82,2544418.78,1919403.28,-0.551,Normal,0,-0.08444502458901215,0,True
2024-05-08,1577644.88,76,2544418.78,1919403.28,-0.504,Normal,0,-0.0951350154014578,0,True
2024-05-09,1198511.35,54,2544418.78,1919403.28,-0.701,Normal,0,-0.0792812633513757,0,True
2024-05-10,1862958.93,87,2544418.78,1919403.28,-0.355,Normal,0,-0.096179804382106,0,True
2024-05-11,2081104.3,88,2544418.78,1919403.28,-0.241,Normal,0,-0.09153693518529626,0,True
2024-05-12,2166855.38,91,2544418.78,1919403.28,-0.197,Normal,0,-0.08615037169965545,0,True
2024-05-13,1810237.95,86,2544418.78,1919403.28,-0.383,Normal,0,-0.09588390203221903,0,True
2024-05-14,1384037.97,75,2544418.78,1919403.28,-0.605,Normal,0,-0.08598307132062821,0,True
2024-05-15,1635680.2,80,2544418.78,1919403.28,-0.473,Normal,0,-0.0940581464751562,0,True
2024-05-16,2068284.75,92,2544418.78,1919403.28,-0.248,Normal,0,-0.09584876655393992,0,True
2024-05-17,1480731.41,79,2544418.78,1919403.28,-0.554,Normal,0,-0.0902481507430482,0,True
2024-05-18,1637457.31,85,2544418.78,1919403.28,-0.473,Normal,0,-0.09541909615120481,0,True
2024-05-19,1782452.69,93,2544418.78,1919403.28,-0.397,Normal,0,-0.09772212131296926,0,True
2024-05-20,1370426.53,97,2544418.78,1919403.28,-0.612,Normal,0,-0.055253314041457224,0,True
2024-05-21,1845151.68,104,2544418.78,1919403.28,-0.364,Normal,0,-0.08902885768843238,0,True
2024-05-22,1962010.98,79,2544418.78,1919403.28,-0.303,Normal,0,-0.08230089857936229,0,True
2024-05-23,1755795.24,99,2544418.78,1919403.28,-0.411,Normal,0,-0.0927835546972211,0,True
2024-05-24,1568198.23,87,2544418.78,1919403.28,-0.509,Normal,0,-0.09108771290792667,0,True
2024-05-25,2364873.64,103,2544418.78,1919403.28,-0.094,Normal,0,-0.08098456747592858,0,True
2024-05-26,1989720.9,92,2544418.78,1919403.28,-0.289,Normal,0,-0.0990857093086202,0,True
2024-05-27,2369597.2,92,2544418.78,1919403.28,-0.091,Normal,0,-0.06501800500089921,0,True
2024-05-28,2163178.32,94,2544418.78,1919403.28,-0.199,Normal,0,-0.09148452435956095,0,True
2024-05-29,3824728.78,189,2544418.78,1919403.28,0.667,Normal,0,-0.11119528149748531,0,True
2024-05-30,437559.9,22,2544418.78,1919403.28,-1.098,Normal,0,-0.07469825298499616,0,True
2024-05-31,71167.63,8,2544418.78,1919403.28,-1.289,Normal,0,-0.03967132819798125,0,True
2024-06-01,1236033.66,91,2544418.78,1919403.28,-0.682,Normal,0,-0.046413079940155755,0,True
2024-06-02,2051791.39,83,2544418.78,1919403.28,-0.257,Normal,0,-0.08294372017047147,0,True
2024-06-03,1465649.41,84,2544418.78,1919403.28,-0.562,Normal,0,-0.07904377654512895,0,True
2024-06-04,1235964.99,72,2544418.78,1919403.28,-0.682,Normal,0,-0.08303964399520136,0,True
2024-06-05,1832796.22,96,2544418.78,1919403.28,-0.371,Normal,0,-0.09617752746796132,0,True
2024-06-06,1808207.4,92,2544418.78,1919403.28,-0.384,Normal,0,-0.0977576195047748,0,True
2024-06-07,1666799.13,89,2544418.78,1919403.28,-0.457,Normal,0,-0.09578860130121336,0,True
2024-06-08,1633303.26,76,2544418.78,1919403.28,-0.475,Normal,0,-0.09325524985249334,0,True
2024-06-09,1375615.78,61,2544418.78,1919403.28,-0.609,Normal,0,-0.07995655825677772,0,True
2024-06-10,1947278.49,95,2544418.78,1919403.28,-0.311,Normal,0,-0.10107831399759815,0,True
2024-06-11,2187527.4,92,2544418.78,1919403.28,-0.186,Normal,0,-0.08336017360413583,0,True
2024-06-12,2307032.64,97,2544418.78,1919403.28,-0.124,Normal,0,-0.07757352126487244,0,True
2024-06-13,1959442.5,91,2544418.78,1919403.28,-0.305,Normal,0,-0.10037299373352498,0,True
2024-06-14,1551943.02,80,2544418.78,1919403.28,-0.517,Normal,0,-0.09082391179697902,0,True
2024-06-15,1640902.62,85,2544418.78,1919403.28,-0.471,Normal,0,-0.095287176833451,0,True
2024-06-16,2388876.3,102,2544418.78,1919403.28,-0.081,Normal,0,-0.07720453537753552,0,True
2024-06-17,1788452.31,90,2544418.78,1919403.28,-0.394,Normal,0,-0.09770744948519772,0,True
2024-06-18,1738619.17,89,2544418.78,1919403.28,-0.42,Normal,0,-0.09986676050781795,0,True
2024-06-19,1936991.01,99,2544418.78,1919403.28,-0.316,Normal,0,-0.10092640861671248,0,True
2024-06-20,1847025.29,110,2544418.78,1919403.28,-0.363,Normal,0,-0.07638179278532664,0,True
2024-06-21,2135578.18,114,2544418.78,1919403.28,-0.213,Normal,0,-0.08519995227666127,0,True
2024-06-22,2109160.76,91,2544418.78,1919403.28,-0.227,Normal,0,-0.09165868769757435,0,True
2024-06-23,1773818.56,104,2544418.78,1919403.28,-0.401,Normal,0,-0.08443647197108545,0,True
2024-06-24,1601244.12,91,2544418.78,1919403.28,-0.491,Normal,0,-0.08896392330127062,0,True
2024-06-25,2426801.2,104,2544418.78,1919403.28,-0.061,Normal,0,-0.07565821781403409,0,True
2024-06-26,2169319.62,100,2544418.78,1919403.28,-0.195,Normal,0,-0.09523612336082815,0,True
2024-06-27,2396198.51,95,2544418.78,1919403.28,-0.077,Normal,0,-0.06722363442836032,0,True
2024-06-28,2315867.42,100,2544418.78,1919403.28,-0.119,Normal,0,-0.0802091910593043,0,True
2024-06-29,3927222.61,198,2544418.78,1919403.28,0.72,Normal,0,-0.10540299768125477,0,True
2024-06-30,561395.51,35,2544418.78,1919403.28,-1.033,Normal,0,-0.07119512092640301,0,True
2024-07-01,1241015.95,96,2544418.78,1919403.28,-0.679,Normal,0,-0.0368518081320135,0,True
2024-07-02,2555408.29,93,2544418.78,1919403.28,0.006,Normal,0,-0.04969575762374073,0,True
2024-07-03,1479800.05,92,2544418.78,1919403.28,-0.555,Normal,0,-0.07749153166113226,0,True
2024-07-04,1253411.81,77,2544418.78,1919403.28,-0.673,Normal,0,-0.07424678635162674,0,True
2024-07-05,1960542.54,99,2544418.78,1919403.28,-0.304,Normal,0,-0.09988865696610605,0,True
2024-07-06,1788062.57,96,2544418.78,1919403.28,-0.394,Normal,0,-0.09356498750202347,0,True
2024-07-07,1909346.58,101,2544418.78,1919403.28,-0.331,Normal,0,-0.10102777525372808,0,True
2024-07-08,1693684.61,79,2544418.78,1919403.28,-0.443,Normal,0,-0.09434310874169455,0,True
2024-07-09,1363061.15,64,2544418.78,1919403.28,-0.615,Normal,0,-0.08382430463197571,0,True
2024-07-10,2152290.78,101,2544418.78,1919403.28,-0.204,Normal,0,-0.09806499709001021,0,True
2024-07-11,2274521.01,99,2544418.78,1919403.28,-0.141,Normal,0,-0.08312752430051112,0,True
2024-07-12,2570814.12,108,2544418.78,1919403.28,0.014,Normal,0,-0.06958888194370311,0,True
2024-07-13,2051890.8,97,2544418.78,1919403.28,-0.257,Normal,0,-0.09925960602320433,0,True
2024-07-14,1677704.48,85,2544418.78,1919403.28,-0.452,Normal,0,-0.09651300880940178,0,True
2024-07-15,1833523.17,94,2544418.78,1919403.28,-0.37,Normal,0,-0.09859445403054429,0,True
2024-07-16,2883234.31,109,2544418.78,1919403.28,0.177,Normal,0,-0.055568547564107895,0,True
2024-07-17,2079179.71,101,2544418.78,1919403.28,-0.242,Normal,0,-0.10266559272381653,0,True
2024-07-18,1814498.92,93,2544418.78,1919403.28,-0.38,Normal,0,-0.09986479478442051,0,True
2024-07-19,1944887.63,103,2544418.78,1919403.28,-0.312,Normal,0,-0.09587065844759218,0,True
2024-07-20,1786277.29,115,2544418.78,1919403.28,-0.395,Normal,0,-0.061698702991422216,0,True
2024-07-21,2275563.66,123,2544418.78,1919403.28,-0.14,Normal,0,-0.08787441719205308,0,True
2024-07-22,2172119.22,98,2544418.78,1919403.28,-0.194,Normal,0,-0.09259845316861287,0,True
2024-07-23,2383972.19,123,2544418.78,1919403.28,-0.084,Normal,0,-0.0921065423755576,0,True
2024-07-24,1526160.85,95,2544418.78,1919403.28,-0.531,Normal,0,-0.07550878959143215,0,True
2024-07-25,2314030.05,107,2544418.78,1919403.28,-0.12,Normal,0,-0.08485900242864614,0,True
2024-07-26,2350341.31,107,2544418.78,1919403.28,-0.101,Normal,0,-0.08460008834093286,0,True
2024-07-27,2465062.0,101,2544418.78,1919403.28,-0.041,Normal,0,-0.0705989596127603,0,True
2024-07-28,2297005.53,106,2544418.78,1919403.28,-0.129,Normal,0,-0.08686656390319619,0,True
2024-07-29,3974946.82,201,2544418.78,1919403.28,0.745,Normal,0,-0.09522882906862401,0,True
2024-07-30,718983.85,48,2544418.78,1919403.28,-0.951,Normal,0,-0.07143321059615737,0,True
2024-07-31,238622.19,11,2544418.78,1919403.28,-1.201,Normal,0,-0.06205594619788196,0,True
2024-08-01,1375855.23,103,2544418.78,1919403.28,-0.609,Normal,0,-0.04416689387958045,0,True
2024-08-02,2828679.82,100,2544418.78,1919403.28,0.148,Normal,0,-0.04438058892661845,0,True
2024-08-03,1919572.94,97,2544418.78,1919403.28,-0.326,Normal,0,-0.10077051490291017,0,True
2024-08-04,1440397.71,84,2544418.78,1919403.28,-0.575,Normal,0,-0.07515321394886426,0,True
2024-08-05,2025174.25,104,2544418.78,1919403.28,-0.271,Normal,0,-0.09559723674426496,0,True
2024-08-06,1924578.22,104,2544418.78,1919403.28,-0.323,Normal,0,-0.0938099965192451,0,True
2024-08-07,1966504.24,104,2544418.78,1919403.28,-0.301,Normal,0,-0.09290079268550921,0,True
2024-08-08,1917745.09,84,2544418.78,1919403.28,-0.326,Normal,0,-0.09028260885450268,0,True
2024-08-09,1517565.32,70,2544418.78,1919403.28,-0.535,Normal,0,-0.08796113929004917,0,True
2024-08-10,2625020.48,109,2544418.78,1919403.28,0.042,Normal,0,-0.06792274782769514,0,True
2024-08-11,2323362.96,105,2544418.78,1919403.28,-0.115,Normal,0,-0.08392829745483166,0,True
2024-08-12,2837610.96,119,2544418.78,1919403.28,0.153,Normal,0,-0.07511775430065976,0,True
2024-08-13,2089983.5,102,2544418.78,1919403.28,-0.237,Normal,0,-0.10102341503987133,0,True
2024-08-14,2032139.38,95,2544418.78,1919403.28,-0.267,Normal,0,-0.100116919613912,0,True
2024-08-15,2127620.52,118,2544418.78,1919403.28,-0.217,Normal,0,-0.08191496130638598,0,True
2024-08-16,3325342.89,119,2544418.78,1919403.28,0.407,Normal,0,-0.04837194644587656,0,True
2024-08-17,2249667.95,104,2544418.78,1919403.28,-0.154,Normal,0,-0.08981101008981096,0,True
2024-08-18,1865007.67,101,2544418.78,1919403.28,-0.354,Normal,0,-0.09748173266472954,0,True
2024-08-19,2064832.02,105,2544418.78,1919403.28,-0.25,Normal,0,-0.09508858321258817,0,True
2024-08-20,1919102.06,121,2544418.78,1919403.28,-0.326,Normal,0,-0.069798040966428,0,True
2024-08-21,2449972.54,132,2544418.78,1919403.28,-0.049,Normal,0,-0.0936271240297823,0,True
2024-08-22,2116572.24,101,2544418.78,1919403.28,-0.223,Normal,0,-0.10127106059641838,0,True
2024-08-23,2508681.07,129,2544418.78,1919403.28,-0.019,Normal,0,-0.09686906495322795,0,True
2024-08-24,1596115.69,101,2544418.78,1919403.28,-0.494,Normal,0,-0.07051082097223055,0,True
2024-08-25,2227149.29,113,2544418.78,1919403.28,-0.165,Normal,0,-0.08787757118125922,0,True
2024-08-26,2723449.95,117,2544418.78,1919403.28,0.093,Normal,0,-0.07368088740865192,0,True
2024-08-27,2478900.91,103,2544418.78,1919403.28,-0.034,Normal,0,-0.07189789555973758,0,True
2024-08-28,2396879.92,110,2544418.78,1919403.28,-0.077,Normal,0,-0.08571519173681519,0,True
2024-08-29,4038700.0,202,2544418.78,1919403.28,0.779,Normal,0,-0.09254995348365502,0,True
2024-08-30,809677.86,56,2544418.78,1919403.28,-0.904,Normal,0,-0.06791885033333411,0,True
2024-08-31,318870.01,21,2544418.78,1919403.28,-1.16,Normal,0,-0.07639888737163025,0,True
2024-09-01,1629331.9,108,2544418.78,1919403.28,-0.477,Normal,0,-0.055657967260746455,0,True
2024-09-02,2753550.96,104,2544418.78,1919403.28,0.109,Normal,0,-0.05210397477667217,0,True
2024-09-03,2248520.19,106,2544418.78,1919403.28,-0.154,Normal,0,-0.08979004777669913,0,True
2024-09-04,1502116.98,89,2544418.78,1919403.28,-0.543,Normal,0,-0.0825059450418878,0,True
2024-09-05,2247605.66,109,2544418.78,1919403.28,-0.155,Normal,0,-0.0888655963174741,0,True
2024-09-06,2663566.35,118,2544418.78,1919403.28,0.062,Normal,0,-0.07887794846392332,0,True
2024-09-07,2145335.47,114,2544418.78,1919403.28,-0.208,Normal,0,-0.08508351823971033,0,True
2024-09-08,1895009.23,91,2544418.78,1919403.28,-0.338,Normal,0,-0.09932347751174664,0,True
2024-09-09,1561717.87,79,2544418.78,1919403.28,-0.512,Normal,0,-0.09503295894044661,0,True
2024-09-10,2675653.06,113,2544418.78,1919403.28,0.068,Normal,0,-0.07252220466112674,0,True
2024-09-11,2276229.94,107,2544418.78,1919403.28,-0.14,Normal,0,-0.08661534199405846,0,True
2024-09-12,2998525.9,129,2544418.78,1919403.28,0.237,Normal,0,-0.08287713810102215,0,True
2024-09-13,2103802.18,107,2544418.78,1919403.28,-0.23,Normal,0,-0.09502580357338503,0,True
2024-09-14,2070476.77,106,2544418.78,1919403.28,-0.247,Normal,0,-0.09631209733470647,0,True
2024-09-15,2443631.31,126,2544418.78,1919403.28,-0.053,Normal,0,-0.09426418247830087,0,True
2024-09-16,3784345.88,125,2544418.78,1919403.28,0.646,Normal,0,-0.03115469422363637,0,True
2024-09-17,2337370.28,114,2544418.78,1919403.28,-0.108,Normal,0,-0.0842065722200841,0,True
2024-09-18,1775087.6,106,2544418.78,1919403.28,-0.401,Normal,0,-0.0803023758623605,0,True
2024-09-19,2034069.42,106,2544418.78,1919403.28,-0.266,Normal,0,-0.09317336990458314,0,True
2024-09-20,2000074.78,126,2544418.78,1919403.28,-0.284,Normal,0,-0.06779809356021138,0,True
2024-09-21,2707166.63,138,2544418.78,1919403.28,0.085,Normal,0,-0.09526116827691045,0,True
2024-09-22,2215835.96,102,2544418.78,1919403.28,-0.171,Normal,0,-0.09149493507870893,0,True
2024-09-23,2350896.84,136,2544418.78,1919403.28,-0.101,Normal,0,-0.07149607217689696,0,True
2024-09-24,1671384.86,104,2544418.78,1919403.28,-0.455,Normal,0,-0.0714413131961702,0,True
2024-09-25,2452434.56,126,2544418.78,1919403.28,-0.048,Normal,0,-0.09533432572749606,0,True
2024-09-26,2622132.97,118,2544418.78,1919403.28,0.04,Normal,0,-0.07832872513119787,0,True
2024-09-27,2594326.79,115,2544418.78,1919403.28,0.026,Normal,0,-0.07134411864224283,0,True
2024-09-28,2583060.77,122,2544418.78,1919403.28,0.02,Normal,0,-0.09004547668486756,0,True
2024-09-29,4145987.19,204,2544418.78,1919403.28,0.834,Normal,0,-0.09223405555169423,0,True
2024-09-30,1282284.58,90,2544418.78,1919403.28,-0.658,Normal,0,-0.05820347721933178,0,True
2024-10-01,1550373.64,110,2544418.78,1919403.28,-0.518,Normal,0,-0.04521587415417411,0,True
2024-10-02,2901005.75,114,2544418.78,1919403.28,0.186,Normal,0,-0.059448896996806,0,True
2024-10-03,2186814.33,112,2544418.78,1919403.28,-0.186,Normal,0,-0.08692765800471997,0,True
2024-10-04,1578166.39,98,2544418.78,1919403.28,-0.503,Normal,0,-0.07348548503561891,0,True
2024-10-05,2279746.23,111,2544418.78,1919403.28,-0.138,Normal,0,-0.08748393838685997,0,True
2024-10-06,2903195.6,124,2544418.78,1919403.28,0.187,Normal,0,-0.08105735933596114,0,True
2024-10-07,2560437.31,127,2544418.78,1919403.28,0.008,Normal,0,-0.09292864778421484,0,True
2024-10-08,2139281.65,99,2544418.78,1919403.28,-0.211,Normal,0,-0.09692798145500203,0,True
2024-10-09,1857823.36,90,2544418.78,1919403.28,-0.358,Normal,0,-0.09696359371386604,0,True
2024-10-10,2750028.74,117,2544418.78,1919403.28,0.107,Normal,0,-0.07223004704205471,0,True
2024-10-11,2456114.14,116,2544418.78,1919403.28,-0.046,Normal,0,-0.08312006793969284,0,True
2024-10-12,3162251.8,138,2544418.78,1919403.28,0.322,Normal,0,-0.09149190169987609,0,True
2024-10-13,2160163.12,114,2544418.78,1919403.28,-0.2,Normal,0,-0.08462719560841431,0,True
2024-10-14,2116459.44,111,2544418.78,1919403.28,-0.223,Normal,0,-0.09103170494902535,0,True
2024-10-15,2459825.89,135,2544418.78,1919403.28,-0.044,Normal,0,-0.08592915206002805,0,True
2024-10-16,3866845.81,129,2544418.78,1919403.28,0.689,Normal,0,-0.03954731990871474,0,True
2024-10-17,2435523.3,123,2544418.78,1919403.28,-0.057,Normal,0,-0.09595661443276393,0,True
2024-10-18,1920982.87,115,2544418.78,1919403.28,-0.325,Normal,0,-0.0740077324671275,0,True
2024-10-19,2099146.67,113,2544418.78,1919403.28,-0.232,Normal,0,-0.08965119708324398,0,True
2024-10-20,2099361.78,134,2544418.78,1919403.28,-0.232,Normal,0,-0.0600964088805902,0,True
2024-10-21,2675597.02,143,2544418.78,1919403.28,0.068,Normal,0,-0.09484042471507309,0,True
2024-10-22,2277761.85,113,2544418.78,1919403.28,-0.139,Normal,0,-0.08688112261303338,0,True
2024-10-23,2712211.54,141,2544418.78,1919403.28,0.087,Normal,0,-0.0974415055552032,0,True
2024-10-24,1717350.08,112,2544418.78,1919403.28,-0.431,Normal,0,-0.06021278838063543,0,True
2024-10-25,2798200.89,136,2544418.78,1919403.28,0.132,Normal,0,-0.09497644431122237,0,True
2024-10-26,2712449.25,123,2544418.78,1919403.28,0.088,Normal,0,-0.08761878143771207,0,True
2024-10-27,2783693.77,122,2544418.78,1919403.28,0.125,Normal,0,-0.08310193114292841,0,True
2024-10-28,2588107.24,126,2544418.78,1919403.28,0.023,Normal,0,-0.09103916668762368,0,True
2024-10-29,3941395.04,205,2544418.78,1919403.28,0.728,Normal,0,-0.08141129315606815,0,True
2024-10-30,1427521.32,102,2544418.78,1919403.28,-0.582,Normal,0,-0.04848577983192787,0,True
2024-10-31,297066.45,19,2544418.78,1919403.28,-1.171,Normal,0,-0.0758327544224714,0,True
2024-11-01,2134638.2,120,2544418.78,1919403.28,-0.213,Normal,0,-0.08426194718988383,0,True
2024-11-02,2940936.86,121,2544418.78,1919403.28,0.207,Normal,0,-0.07453285551428429,0,True
2024-11-03,2368627.5,121,2544418.78,1919403.28,-0.092,Normal,0,-0.09216730315516947,0,True
2024-11-04,1668665.49,97,2544418.78,1919403.28,-0.456,Normal,0,-0.08513374246019129,0,True
2024-11-05,2363770.37,113,2544418.78,1919403.28,-0.094,Normal,0,-0.08662764375795046,0,True
2024-11-06,2955823.91,130,2544418.78,1919403.28,0.214,Normal,0,-0.08894237744827432,0,True
2024-11-07,2502684.84,132,2544418.78,1919403.28,-0.022,Normal,0,-0.09622363633482428,0,True
2024-11-08,2447952.21,122,2544418.78,1919403.28,-0.05,Normal,0,-0.09623726367132168,0,True
2024-11-09,2100872.79,94,2544418.78,1919403.28,-0.231,Normal,0,-0.0960750793177525,0,True
2024-11-10,2873395.77,126,2544418.78,1919403.28,0.171,Normal,0,-0.08407289508056204,0,True
2024-11-11,2852607.69,129,2544418.78,1919403.28,0.161,Normal,0,-0.09225030500739001,0,True
2024-11-12,3649282.18,149,2544418.78,1919403.28,0.576,Normal,0,-0.10280246236094615,0,True
2024-11-13,2236450.15,115,2544418.78,1919403.28,-0.16,Normal,0,-0.08278092070090554,0,True
2024-11-14,2434383.05,120,2544418.78,1919403.28,-0.057,Normal,0,-0.0927825671945105,0,True
2024-11-15,2441741.72,141,2544418.78,1919403.28,-0.053,Normal,0,-0.0787999771730803,0,True
2024-11-16,4037385.07,135,2544418.78,1919403.28,0.778,Normal,0,-0.0414778090002445,0,True
2024-11-17,2463775.17,127,2544418.78,1919403.28,-0.042,Normal,0,-0.09595457132795993,0,True
2024-11-18,2019587.02,120,2544418.78,1919403.28,-0.273,Normal,0,-0.07854437377613838,0,True
2024-11-19,2214623.85,118,2544418.78,1919403.28,-0.172,Normal,0,-0.08219364774159671,0,True
2024-11-20,2016532.79,135,2544418.78,1919403.28,-0.275,Normal,0,-0.04792023562291109,0,True
2024-11-21,2721635.14,151,2544418.78,1919403.28,0.092,Normal,0,-0.0979278596377185,0,True
2024-11-22,2926275.03,129,2544418.78,1919403.28,0.199,Normal,0,-0.09057235530955993,0,True
2024-11-23,2831988.42,149,2544418.78,1919403.28,0.15,Normal,0,-0.10006431485959921,0,True
2024-11-24,1889104.17,123,2544418.78,1919403.28,-0.341,Normal,0,-0.06413788867220782,0,True
2024-11-25,2798294.59,143,2544418.78,1919403.28,0.132,Normal,0,-0.09816122021988988,0,True
2024-11-26,2735039.91,127,2544418.78,1919403.28,0.099,Normal,0,-0.09370010564477665,0,True
2024-11-27,2730054.33,131,2544418.78,1919403.28,0.097,Normal,0,-0.09708616630170641,0,True
2024-11-28,2693560.04,133,2544418.78,1919403.28,0.078,Normal,0,-0.09742337296054238,0,True
2024-11-29,4149325.03,212,2544418.78,1919403.28,0.836,Normal,0,-0.07036974488614839,0,True
2024-11-30,1835776.01,129,2544418.78,1919403.28,-0.369,Normal,0,-0.048167520991424406,0,True
2024-12-01,2251581.22,127,2544418.78,1919403.28,-0.153,Normal,0,-0.08136715240052644,0,True
2024-12-02,3010477.65,126,2544418.78,1919403.28,0.243,Normal,0,-0.07326111876937952,0,True
2024-12-03,2319759.49,122,2544418.78,1919403.28,-0.117,Normal,0,-0.09109667752889888,0,True
2024-12-04,1672205.17,102,2544418.78,1919403.28,-0.454,Normal,0,-0.0781016352671961,0,True
2024-12-05,2460029.62,121,2544418.78,1919403.28,-0.044,Normal,0,-0.09565270425908273,0,True
2024-12-06,3662354.7,143,2544418.78,1919403.28,0.582,Normal,0,-0.09144733471968397,0,True
2024-12-07,2757154.62,138,2544418.78,1919403.28,0.111,Normal,0,-0.09717106294387623,0,True
2024-12-08,2593585.91,132,2544418.78,1919403.28,0.026,Normal,0,-0.0924465224535353,0,True
2024-12-09,2078249.47,96,2544418.78,1919403.28,-0.243,Normal,0,-0.09857504511545717,0,True
2024-12-10,3041506.7,134,2544418.78,1919403.28,0.259,Normal,0,-0.08861653693719806,0,True
2024-12-11,3074480.98,133,2544418.78,1919403.28,0.276,Normal,0,-0.08521830402454567,0,True
2024-12-12,3927990.92,161,2544418.78,1919403.28,0.721,Normal,0,-0.10583600895487522,0,True
2024-12-13,2690006.06,123,2544418.78,1919403.28,0.076,Normal,0,-0.08711370472097818,0,True
2024-12-14,2436036.46,124,2544418.78,1919403.28,-0.056,Normal,0,-0.0949350384551289,0,True
2024-12-15,2440677.3,145,2544418.78,1919403.28,-0.054,Normal,0,-0.07300416170902618,0,True
2024-12-16,4146619.38,141,2544418.78,1919403.28,0.835,Normal,0,-0.04936223868107653,0,True
2024-12-17,2708968.17,145,2544418.78,1919403.28,0.086,Normal,0,-0.09586745428586141,0,True
2024-12-18,2392797.44,137,2544418.78,1919403.28,-0.079,Normal,0,-0.07454546836998577,0,True
2024-12-19,2468754.49,126,2544418.78,1919403.28,-0.039,Normal,0,-0.0957759221179531,0,True
2024-12-20,2125866.21,146,2544418.78,1919403.28,-0.218,Normal,0,-0.04489683817700979,0,True
2024-12-21,2669882.37,151,2544418.78,1919403.28,0.065,Normal,0,-0.09478942313452332,0,True
2024-12-22,3398104.48,137,2544418.78,1919403.28,0.445,Normal,0,-0.08539668193189576,0,True
2024-12-23,2853738.18,153,2544418.78,1919403.28,0.161,Normal,0,-0.09948443490106101,0,True
2024-12-24,1946796.97,125,2544418.78,1919403.28,-0.311,Normal,0,-0.06190618584789914,0,True
2024-12-25,2895280.68,148,2544418.78,1919403.28,0.183,Normal,0,-0.1047815240887785,0,True
2024-12-26,2776263.72,130,2544418.78,1919403.28,0.121,Normal,0,-0.09446075448205798,0,True
2024-12-27,2762937.69,137,2544418.78,1919403.28,0.114,Normal,0,-0.0964645884511629,0,True
2024-12-28,2794248.12,136,2544418.78,1919403.28,0.13,Normal,0,-0.09518915666327649,0,True
2024-12-29,4197052.99,219,2544418.78,1919403.28,0.861,Normal,0,-0.0403810570501375,0,True
2024-12-30,2313675.66,142,2544418.78,1919403.28,-0.12,Normal,0,-0.06260492944496043,0,True
2024-12-31,49594.24,5,2544418.78,1919403.28,-1.3,Normal,0,-0.030800134437534266,0,True
2025-01-01,2513443.43,133,2544418.78,1919403.28,-0.016,Normal,0,-0.0939481806262849,0,True
2025-01-02,3409779.17,135,2544418.78,1919403.28,0.451,Normal,0,-0.08056328895702192,0,True
2025-01-03,2418950.34,122,2544418.78,1919403.28,-0.065,Normal,0,-0.09602036984027684,0,True
2025-01-04,2060758.81,114,2544418.78,1919403.28,-0.252,Normal,0,-0.08531934279930725,0,True
2025-01-05,2543092.1,120,2544418.78,1919403.28,-0.001,Normal,0,-0.08606033563367005,0,True
2025-01-06,3801512.26,148,2544418.78,1919403.28,0.655,Normal,0,-0.09013873571013487,0,True
2025-01-07,3021771.19,148,2544418.78,1919403.28,0.249,Normal,0,-0.10804518652072087,0,True
2025-01-08,2835595.86,134,2544418.78,1919403.28,0.152,Normal,0,-0.09468828230748477,0,True
2025-01-09,2838422.78,107,2544418.78,1919403.28,0.153,Normal,0,-0.05444727022528317,0,True
2025-01-10,3539776.87,139,2544418.78,1919403.28,0.519,Normal,0,-0.08351821279917293,0,True
2025-01-11,3334195.47,143,2544418.78,1919403.28,0.411,Normal,0,-0.1049336619114935,0,True
2025-01-12,4101067.9,165,2544418.78,1919403.28,0.811,Normal,0,-0.10402112412666181,0,True
2025-01-13,2959119.98,128,2544418.78,1919403.28,0.216,Normal,0,-0.08833995956354507,0,True
2025-01-14,2886796.13,130,2544418.78,1919403.28,0.178,Normal,0,-0.09110191320095329,0,True
2025-01-15,2887486.23,155,2544418.78,1919403.28,0.179,Normal,0,-0.1003737451374308,0,True
2025-01-16,4248540.69,144,2544418.78,1919403.28,0.888,Normal,0,-0.04979153021335381,0,True
2025-01-17,2841008.96,150,2544418.78,1919403.28,0.155,Normal,0,-0.10235571948359096,0,True
2025-01-18,2797029.11,152,2544418.78,1919403.28,0.132,Normal,0,-0.09725485753586133,0,True
2025-01-19,2526069.74,127,2544418.78,1919403.28,-0.01,Normal,0,-0.09380187306971605,0,True
2025-01-20,2185254.15,148,2544418.78,1919403.28,-0.187,Normal,0,-0.040866099187889415,0,True
2025-01-21,2666826.95,154,2544418.78,1919403.28,0.064,Normal,0,-0.0881579375695955,0,True
2025-01-22,3508734.13,144,2544418.78,1919403.28,0.502,Normal,0,-0.10294903904291858,0,True
2025-01-23,3573352.91,167,2544418.78,1919403.28,0.536,Normal,0,-0.12122005370267874,0,True
2025-01-24,1948538.86,131,2544418.78,1919403.28,-0.31,Normal,0,-0.05254202305841871,0,True
2025-01-25,3338124.78,152,2544418.78,1919403.28,0.414,Normal,0,-0.11691723202366194,0,True
2025-01-26,3048556.52,135,2544418.78,1919403.28,0.263,Normal,0,-0.09060278192319732,0,True
2025-01-27,3075129.54,146,2544418.78,1919403.28,0.276,Normal,0,-0.106334726808547,0,True
2025-01-28,3077537.7,143,2544418.78,1919403.28,0.278,Normal,0,-0.104066094001657,0,True
2025-01-29,4136521.25,224,2544418.78,1919403.28,0.829,Normal,0,-0.023239433890472783,0,True
2025-01-30,2491282.09,152,2544418.78,1919403.28,-0.028,Normal,0,-0.07290082610819548,0,True
2025-01-31,255437.55,12,2544418.78,1919403.28,-1.193,Normal,0,-0.062344499492860195,0,True
2025-02-01,2687115.15,135,2544418.78,1919403.28,0.074,Normal,0,-0.0945683797622831,0,True
2025-02-02,3450298.23,137,2544418.78,1919403.28,0.472,Normal,0,-0.08245327838205374,0,True
2025-02-03,2397169.2,122,2544418.78,1919403.28,-0.077,Normal,0,-0.09200186144281453,0,True
2025-02-04,2111186.35,117,2544418.78,1919403.28,-0.226,Normal,0,-0.08032976391205465,0,True
2025-02-05,2497484.84,126,2544418.78,1919403.28,-0.024,Normal,0,-0.09621321682678524,0,True
2025-02-06,4136685.34,152,2544418.78,1919403.28,0.83,Normal,0,-0.07966672875618697,0,True
2025-02-07,3135791.28,151,2544418.78,1919403.28,0.308,Normal,0,-0.11657279826299988,0,True
2025-02-08,2995003.15,139,2544418.78,1919403.28,0.235,Normal,0,-0.09852471765503718,0,True
2025-02-09,3278870.02,124,2544418.78,1919403.28,0.383,Normal,0,-0.05820274530301772,0,True
2025-02-10,3793336.65,149,2544418.78,1919403.28,0.651,Normal,0,-0.09244538120246998,0,True
2025-02-11,3436747.25,151,2544418.78,1919403.28,0.465,Normal,0,-0.11717131259519575,0,True
2025-02-12,4271679.73,174,2544418.78,1919403.28,0.9,Normal,0,-0.10436149681001988,0,True
2025-02-13,3012320.28,131,2544418.78,1919403.28,0.244,Normal,0,-0.085779157339675,0,True
2025-02-14,2994748.01,134,2544418.78,1919403.28,0.235,Normal,0,-0.09051478855682582,0,True
2025-02-15,3066008.46,168,2544418.78,1919403.28,0.272,Normal,0,-0.09456363615632274,0,True
2025-02-16,4423398.31,153,2544418.78,1919403.28,0.979,Normal,0,-0.04947407360577177,0,True
2025-02-17,2837742.05,153,2544418.78,1919403.28,0.153,Normal,0,-0.09652105880245915,0,True
2025-02-18,2808186.33,155,2544418.78,1919403.28,0.137,Normal,0,-0.09149640702763534,0,True
2025-02-19,2692541.51,129,2544418.78,1919403.28,0.077,Normal,0,-0.0942262014300509,0,True
2025-02-20,2175746.33,155,2544418.78,1919403.28,-0.192,Normal,0,-0.03349271738747428,0,True
2025-02-21,3184288.54,162,2544418.78,1919403.28,0.333,Normal,0,-0.11168111895654986,0,True
2025-02-22,3558113.95,143,2544418.78,1919403.28,0.528,Normal,0,-0.09817257851733358,0,True
2025-02-23,3809707.88,184,2544418.78,1919403.28,0.659,Normal,0,-0.11661359231479046,0,True
2025-02-24,2058411.44,141,2544418.78,1919403.28,-0.253,Normal,0,-0.046057511815358665,0,True
2025-02-25,3040784.6,155,2544418.78,1919403.28,0.259,Normal,0,-0.10667031653526737,0,True
2025-02-26,2973069.16,134,2544418.78,1919403.28,0.223,Normal,0,-0.09296802250317932,0,True
2025-02-27,3221973.5,152,2544418.78,1919403.28,0.353,Normal,0,-0.116579690162886,0,True
2025-02-28,9642482.87,530,2544418.78,1919403.28,3.698,Critical Anomaly,1,0.22355727610900744,1,True
2025-03-01,2741810.22,146,2544418.78,1919403.28,0.103,Normal,0,-0.0977283364044324,0,True
2025-03-02,3406661.38,137,2544418.78,1919403.28,0.449,Normal,0,-0.08534575312281462,0,True
2025-03-03,2619859.62,128,2544418.78,1919403.28,0.039,Normal,0,-0.09336531749929594,0,True
2025-03-04,2317284.47,135,2544418.78,1919403.28,-0.118,Normal,0,-0.07140447765341529,0,True
2025-03-05,2626809.5,131,2544418.78,1919403.28,0.043,Normal,0,-0.09424736871634187,0,True
2025-03-06,4336044.8,167,2544418.78,1919403.28,0.933,Normal,0,-0.09121521793130433,0,True
2025-03-07,3332076.17,164,2544418.78,1919403.28,0.41,Normal,0,-0.11859092788781833,0,True
2025-03-08,3254140.49,155,2544418.78,1919403.28,0.37,Normal,0,-0.11608523242576013,0,True
2025-03-09,3368855.22,139,2544418.78,1919403.28,0.43,Normal,0,-0.09138637826126178,0,True
2025-03-10,4242478.06,157,2544418.78,1919403.28,0.885,Normal,0,-0.07903681696310572,0,True
2025-03-11,3454901.24,158,2544418.78,1919403.28,0.474,Normal,0,-0.11796024566223434,0,True
2025-03-12,4303883.77,183,2544418.78,1919403.28,0.917,Normal,0,-0.10561391513447893,0,True
2025-03-13,3122880.86,143,2544418.78,1919403.28,0.301,Normal,0,-0.1029406535232964,0,True
2025-03-14,3136913.67,141,2544418.78,1919403.28,0.309,Normal,0,-0.09961505232220008,0,True
2025-03-15,3292651.98,180,2544418.78,1919403.28,0.39,Normal,0,-0.09985121297273786,0,True
2025-03-16,4483791.89,155,2544418.78,1919403.28,1.01,Normal,0,-0.044914628084363195,0,True
2025-03-17,2995151.61,163,2544418.78,1919403.28,0.235,Normal,0,-0.0968875340747804,0,True
2025-03-18,3122739.41,166,2544418.78,1919403.28,0.301,Normal,0,-0.10092979628593512,0,True
2025-03-19,3011164.16,139,2544418.78,1919403.28,0.243,Normal,0,-0.0983271989928029,0,True
2025-03-20,2357039.06,163,2544418.78,1919403.28,-0.098,Normal,0,-0.0322255946595188,0,True
2025-03-21,3229207.64,169,2544418.78,1919403.28,0.357,Normal,0,-0.11110194009814744,0,True
2025-03-22,4359766.02,155,2544418.78,1919403.28,0.946,Normal,0,-0.05993426369116778,0,True
2025-03-23,3990182.68,191,2544418.78,1919403.28,0.753,Normal,0,-0.11427384073449248,0,True
2025-03-24,2255630.77,150,2544418.78,1919403.28,-0.15,Normal,0,-0.047620992877608515,0,True
2025-03-25,3080446.74,159,2544418.78,1919403.28,0.279,Normal,0,-0.10627985914517268,0,True
2025-03-26,3019706.93,147,2544418.78,1919403.28,0.248,Normal,0,-0.10675838143685679,0,True
2025-03-27,3367235.38,159,2544418.78,1919403.28,0.429,Normal,0,-0.12086183434231884,0,True
2025-03-28,9759846.47,537,2544418.78,1919403.28,3.759,Critical Anomaly,1,0.22896360130048543,1,True
2025-03-29,153286.41,9,2544418.78,1919403.28,-1.246,Normal,0,-0.060759379375307676,0,True
2025-03-30,127320.6,6,2544418.78,1919403.28,-1.259,Normal,0,-0.04544866949254528,0,True
2025-03-31,97847.82,6,2544418.78,1919403.28,-1.275,Normal,0,-0.04586566023377059,0,True
2025-04-01,2994889.48,160,2544418.78,1919403.28,0.235,Normal,0,-0.10085339192066173,0,True
2025-04-02,3482673.04,143,2544418.78,1919403.28,0.489,Normal,0,-0.10168234826285322,0,True
2025-04-03,2686876.3,134,2544418.78,1919403.28,0.074,Normal,0,-0.0964891786419188,0,True
2025-04-04,2418949.47,140,2544418.78,1919403.28,-0.065,Normal,0,-0.0748278589977705,0,True
2025-04-05,2817590.62,138,2544418.78,1919403.28,0.142,Normal,0,-0.09616698687425057,0,True
2025-04-06,4614225.72,174,2544418.78,1919403.28,1.078,Normal,0,-0.07634073516599149,0,True
2025-04-07,3480481.54,169,2544418.78,1919403.28,0.488,Normal,0,-0.12107500303714047,0,True
2025-04-08,3453352.38,166,2544418.78,1919403.28,0.474,Normal,0,-0.12073575551188354,0,True
2025-04-09,3669398.94,149,2544418.78,1919403.28,0.586,Normal,0,-0.10200034812167813,0,True
2025-04-10,4494652.87,164,2544418.78,1919403.28,1.016,Normal,0,-0.06866544632985844,0,True
2025-04-11,3531571.42,158,2544418.78,1919403.28,0.514,Normal,0,-0.11768615093996293,0,True
2025-04-12,4322022.52,193,2544418.78,1919403.28,0.926,Normal,0,-0.11143494026545903,0,True
2025-04-13,3285761.65,149,2544418.78,1919403.28,0.386,Normal,0,-0.1128004562004053,0,True
2025-04-14,3467065.56,149,2544418.78,1919403.28,0.481,Normal,0,-0.11073090907157424,0,True
2025-04-15,3502652.68,187,2544418.78,1919403.28,0.499,Normal,0,-0.09721220284372672,0,True
2025-04-16,4493977.62,161,2544418.78,1919403.28,1.016,Normal,0,-0.06355227603085184,0,True
2025-04-17,2956129.87,161,2544418.78,1919403.28,0.214,Normal,0,-0.09674440514456956,0,True
2025-04-18,3090846.49,175,2544418.78,1919403.28,0.285,Normal,0,-0.0873349901423719,0,True
2025-04-19,3115356.13,136,2544418.78,1919403.28,0.297,Normal,0,-0.08734644599453067,0,True
2025-04-20,2381829.33,166,2544418.78,1919403.28,-0.085,Normal,0,-0.031587305185622805,0,True
2025-04-21,3395296.01,182,2544418.78,1919403.28,0.443,Normal,0,-0.10370853566444144,0,True
2025-04-22,4199136.63,161,2544418.78,1919403.28,0.862,Normal,0,-0.0950581218549722,0,True
2025-04-23,3901068.26,196,2544418.78,1919403.28,0.707,Normal,0,-0.10673904065057582,0,True
2025-04-24,2381275.89,155,2544418.78,1919403.28,-0.085,Normal,0,-0.052691212560118994,0,True
2025-04-25,3020674.02,163,2544418.78,1919403.28,0.248,Normal,0,-0.0991325714239622,0,True
2025-04-26,3152221.16,158,2544418.78,1919403.28,0.317,Normal,0,-0.111987395415384,0,True
2025-04-27,3290716.07,164,2544418.78,1919403.28,0.389,Normal,0,-0.11825366731733489,0,True
2025-04-28,9514554.34,536,2544418.78,1919403.28,3.631,Critical Anomaly,1,0.2244695059571018,1,True
2025-04-29,388667.9,19,2544418.78,1919403.28,-1.123,Normal,0,-0.07812085799480345,0,True
2025-04-30,520087.26,22,2544418.78,1919403.28,-1.055,Normal,0,-0.0706320903292223,0,True
2025-05-01,3024221.72,165,2544418.78,1919403.28,0.25,Normal,0,-0.09515074084242747,0,True
2025-05-02,3523519.27,142,2544418.78,1919403.28,0.51,Normal,0,-0.09596060603000034,0,True
2025-05-03,2538037.11,133,2544418.78,1919403.28,-0.003,Normal,0,-0.09221635925461308,0,True
2025-05-04,2817267.98,146,2544418.78,1919403.28,0.142,Normal,0,-0.09927714847860769,0,True
2025-05-05,2771971.87,140,2544418.78,1919403.28,0.119,Normal,0,-0.09820522059363279,0,True
2025-05-06,4601471.0,178,2544418.78,1919403.28,1.072,Normal,0,-0.07887625462863512,0,True
2025-05-07,3540775.18,171,2544418.78,1919403.28,0.519,Normal,0,-0.12037993189483098,0,True
2025-05-08,3385029.42,176,2544418.78,1919403.28,0.438,Normal,0,-0.1141465127694945,0,True
2025-05-09,4081317.61,171,2544418.78,1919403.28,0.801,Normal,0,-0.11051133958516668,0,True
2025-05-10,4727363.32,166,2544418.78,1919403.28,1.137,Normal,0,-0.047822065345584086,0,True
2025-05-11,3720591.55,159,2544418.78,1919403.28,0.613,Normal,0,-0.11121186735314381,0,True
2025-05-12,4311115.12,193,2544418.78,1919403.28,0.92,Normal,0,-0.10961849046509337,0,True
2025-05-13,3474167.34,152,2544418.78,1919403.28,0.484,Normal,0,-0.11564544166993856,0,True
2025-05-14,3599401.72,157,2544418.78,1919403.28,0.55,Normal,0,-0.1133861336578803,0,True
2025-05-15,3544095.65,197,2544418.78,1919403.28,0.521,Normal,0,-0.0818738161978027,0,True
2025-05-16,4767099.27,163,2544418.78,1919403.28,1.158,Normal,0,-0.041163671820290015,0,True
2025-05-17,3302527.84,165,2544418.78,1919403.28,0.395,Normal,0,-0.11705366277174589,0,True
2025-05-18,3240373.88,182,2544418.78,1919403.28,0.363,Normal,0,-0.08816777612729737,0,True
2025-05-19,3386842.43,141,2544418.78,1919403.28,0.439,Normal,0,-0.09742476241390069,0,True
2025-05-20,2926450.85,177,2544418.78,1919403.28,0.199,Normal,0,-0.06596958961596766,0,True
2025-05-21,3610121.61,193,2544418.78,1919403.28,0.555,Normal,0,-0.09276891097000906,0,True
2025-05-22,4132338.51,161,2544418.78,1919403.28,0.827,Normal,0,-0.10006070354917779,0,True
2025-05-23,3930411.67,202,2544418.78,1919403.28,0.722,Normal,0,-0.08897094135346562,0,True
2025-05-24,2701149.99,164,2544418.78,1919403.28,0.082,Normal,0,-0.06846252686572468,0,True
2025-05-25,3025224.56,159,2544418.78,1919403.28,0.25,Normal,0,-0.1026887614332278,0,True
2025-05-26,3227324.91,174,2544418.78,1919403.28,0.356,Normal,0,-0.10282747714169149,0,True
2025-05-27,4069169.91,178,2544418.78,1919403.28,0.794,Normal,0,-0.11220357283080001,0,True
2025-05-28,9670238.36,535,2544418.78,1919403.28,3.713,Critical Anomaly,1,0.22671325960079458,1,True
2025-05-29,524218.41,32,2544418.78,1919403.28,-1.053,Normal,0,-0.07984436693602309,0,True
2025-05-30,741728.54,28,2544418.78,1919403.28,-0.939,Normal,0,-0.052368323724853116,0,True
2025-05-31,126448.46,12,2544418.78,1919403.28,-1.26,Normal,0,-0.055493717001659115,0,True
2025-06-01,3344753.69,178,2544418.78,1919403.28,0.417,Normal,0,-0.10766395425894282,0,True
2025-06-02,3561013.86,150,2544418.78,1919403.28,0.53,Normal,0,-0.1112526460624555,0,True
2025-06-03,2594745.01,139,2544418.78,1919403.28,0.026,Normal,0,-0.08936672376328786,0,True
2025-06-04,3065444.04,165,2544418.78,1919403.28,0.271,Normal,0,-0.09885430371090326,0,True
2025-06-05,2833824.47,144,2544418.78,1919403.28,0.151,Normal,0,-0.0995590831862404,0,True
2025-06-06,4860282.48,192,2544418.78,1919403.28,1.207,Normal,0,-0.06587690181104,0,True
2025-06-07,3693735.75,176,2544418.78,1919403.28,0.599,Normal,0,-0.11679239405926278,0,True
2025-06-08,3847407.22,193,2544418.78,1919403.28,0.679,Normal,0,-0.10670727757757931,0,True
2025-06-09,4093603.24,182,2544418.78,1919403.28,0.807,Normal,0,-0.11324843699121578,0,True
2025-06-10,5062932.05,175,2544418.78,1919403.28,1.312,Normal,0,-0.0279949203321207,0,True
2025-06-11,3858518.39,163,2544418.78,1919403.28,0.685,Normal,0,-0.1114739451988917,0,True
2025-06-12,4282904.33,188,2544418.78,1919403.28,0.906,Normal,0,-0.10796900500707585,0,True
2025-06-13,3597147.43,151,2544418.78,1919403.28,0.548,Normal,0,-0.11159971697492921,0,True
2025-06-14,3671076.09,156,2544418.78,1919403.28,0.587,Normal,0,-0.1092285192565246,0,True
2025-06-15,3718121.66,207,2544418.78,1919403.28,0.611,Normal,0,-0.05798627327244793,0,True
2025-06-16,4677665.04,161,2544418.78,1919403.28,1.111,Normal,0,-0.04737066168963888,0,True
2025-06-17,3286476.05,168,2544418.78,1919403.28,0.387,Normal,0,-0.11532269302159787,0,True
2025-06-18,3519724.12,186,2544418.78,1919403.28,0.508,Normal,0,-0.1032172342145039,0,True
2025-06-19,3437923.32,143,2544418.78,1919403.28,0.466,Normal,0,-0.10249381896702758,0,True
2025-06-20,2975238.04,179,2544418.78,1919403.28,0.224,Normal,0,-0.06831900593669704,0,True
2025-06-21,3676339.17,199,2544418.78,1919403.28,0.59,Normal,0,-0.0830785670664505,0,True
2025-06-22,4101987.75,166,2544418.78,1919403.28,0.811,Normal,0,-0.1029417490330869,0,True
2025-06-23,3854753.72,204,2544418.78,1919403.28,0.683,Normal,0,-0.08003816537949227,0,True
2025-06-24,2820697.19,170,2544418.78,1919403.28,0.144,Normal,0,-0.06689000591603211,0,True
2025-06-25,3037313.87,163,2544418.78,1919403.28,0.257,Normal,0,-0.09936475672323652,0,True
2025-06-26,3690604.08,185,2544418.78,1919403.28,0.597,Normal,0,-0.11205948387800285,0,True
2025-06-27,4290627.89,185,2544418.78,1919403.28,0.91,Normal,0,-0.10765446091837172,0,True
2025-06-28,9390714.59,519,2544418.78,1919403.28,3.567,Critical Anomaly,1,0.21738540374404924,1,True
2025-06-29,623102.32,46,2544418.78,1919403.28,-1.001,Normal,0,-0.055560506276732924,0,True
2025-06-30,1091874.89,56,2544418.78,1919403.28,-0.757,Normal,0,-0.08935979391171844,0,True
2025-07-01,3527565.9,178,2544418.78,1919403.28,0.512,Normal,0,-0.11481815046743404,0,True
2025-07-02,3569252.03,157,2544418.78,1919403.28,0.534,Normal,0,-0.11673795773330181,0,True
2025-07-03,3169922.85,149,2544418.78,1919403.28,0.326,Normal,0,-0.11218652271381391,0,True
2025-07-04,3526619.28,170,2544418.78,1919403.28,0.512,Normal,0,-0.12179689060307541,0,True
2025-07-05,3166731.02,152,2544418.78,1919403.28,0.324,Normal,0,-0.11680215402779554,0,True
2025-07-06,4787359.4,196,2544418.78,1919403.28,1.169,Normal,0,-0.08021639299356714,0,True
2025-07-07,3739548.55,181,2544418.78,1919403.28,0.623,Normal,0,-0.11524716026833998,0,True
2025-07-08,4786051.67,219,2544418.78,1919403.28,1.168,Normal,0,-0.05433253587941034,0,True
2025-07-09,4657034.98,189,2544418.78,1919403.28,1.101,Normal,0,-0.08541621692482071,0,True
2025-07-10,5255596.75,184,2544418.78,1919403.28,1.413,Normal,0,-0.026986921402061492,0,True
2025-07-11,4177936.79,180,2544418.78,1919403.28,0.851,Normal,0,-0.11024903751139581,0,True
2025-07-12,4964691.83,207,2544418.78,1919403.28,1.261,Normal,0,-0.06583412654637427,0,True
2025-07-13,3673254.69,159,2544418.78,1919403.28,0.588,Normal,0,-0.11356927822791135,0,True
2025-07-14,3830159.76,167,2544418.78,1919403.28,0.67,Normal,0,-0.11418432540762391,0,True
2025-07-15,4034316.81,219,2544418.78,1919403.28,0.776,Normal,0,-0.032750751744420104,0,True
2025-07-16,5189964.45,176,2544418.78,1919403.28,1.378,Normal,0,-0.021932369154580078,0,True
2025-07-17,3312775.32,171,2544418.78,1919403.28,0.4,Normal,0,-0.11426074832869876,0,True
2025-07-18,3381894.2,190,2544418.78,1919403.28,0.436,Normal,0,-0.08602111780729799,0,True
2025-07-19,3498239.99,151,2544418.78,1919403.28,0.497,Normal,0,-0.11656772197376192,0,True
2025-07-20,3155425.37,178,2544418.78,1919403.28,0.318,Normal,0,-0.08884698182510348,0,True
2025-07-21,3745893.12,196,2544418.78,1919403.28,0.626,Normal,0,-0.09542324830445675,0,True
2025-07-22,4174942.27,170,2544418.78,1919403.28,0.849,Normal,0,-0.10543785105009007,0,True
2025-07-23,4036916.04,211,2544418.78,1919403.28,0.778,Normal,0,-0.06752923146328577,0,True
2025-07-24,2823976.23,166,2544418.78,1919403.28,0.146,Normal,0,-0.07267829756787964,0,True
2025-07-25,3092106.62,166,2544418.78,1919403.28,0.285,Normal,0,-0.09958026709147288,0,True
2025-07-26,3923218.85,190,2544418.78,1919403.28,0.718,Normal,0,-0.11392564755568974,0,True
2025-07-27,4286949.09,187,2544418.78,1919403.28,0.908,Normal,0,-0.10893236690635366,0,True
2025-07-28,9336485.62,519,2544418.78,1919403.28,3.539,Critical Anomaly,1,0.21687333937127817,1,True
2025-07-29,740085.7,57,2544418.78,1919403.28,-0.94,Normal,0,-0.05340259557996774,0,True
2025-07-30,1263805.65,65,2544418.78,1919403.28,-0.667,Normal,0,-0.08664501480004444,0,True
2025-07-31,236095.88,9,2544418.78,1919403.28,-1.203,Normal,0,-0.052077513903866335,0,True
2025-08-01,3485096.23,179,2544418.78,1919403.28,0.49,Normal,0,-0.115821031673566,0,True
2025-08-02,3649655.01,164,2544418.78,1919403.28,0.576,Normal,0,-0.1179161819501533,0,True
2025-08-03,3274460.64,155,2544418.78,1919403.28,0.38,Normal,0,-0.11666043844878471,0,True
2025-08-04,3767867.92,178,2544418.78,1919403.28,0.637,Normal,0,-0.11523099198946707,0,True
2025-08-05,3104201.59,153,2544418.78,1919403.28,0.292,Normal,0,-0.11032121709542475,0,True
2025-08-06,4774561.97,200,2544418.78,1919403.28,1.162,Normal,0,-0.07878621923520357,0,True
2025-08-07,3906587.97,185,2544418.78,1919403.28,0.71,Normal,0,-0.11890219930130796,0,True
2025-08-08,5365286.48,231,2544418.78,1919403.28,1.47,Normal,1,0.00038781888359518124,0,False
2025-08-09,4773850.69,192,2544418.78,1919403.28,1.162,Normal,0,-0.07685892644570252,0,True
2025-08-10,5579132.06,194,2544418.78,1919403.28,1.581,Normal,0,-0.010709538840632749,0,True
2025-08-11,4310150.78,190,2544418.78,1919403.28,0.92,Normal,0,-0.11040002247751951,0,True
2025-08-12,4759089.85,209,2544418.78,1919403.28,1.154,Normal,0,-0.07657204360848402,0,True
2025-08-13,3894570.95,162,2544418.78,1919403.28,0.703,Normal,0,-0.10771530452178019,0,True
2025-08-14,3769977.97,177,2544418.78,1919403.28,0.639,Normal,0,-0.11466165577564513,0,True
2025-08-15,4110220.03,225,2544418.78,1919403.28,0.816,Normal,0,-0.014725795848259171,0,True
2025-08-16,5203121.78,177,2544418.78,1919403.28,1.385,Normal,0,-0.02139439688712741,0,True
2025-08-17,3144957.94,173,2544418.78,1919403.28,0.313,Normal,0,-0.09818944567934529,0,True
2025-08-18,3448901.71,197,2544418.78,1919403.28,0.471,Normal,0,-0.07780562405662811,0,True
2025-08-19,3646273.35,158,2544418.78,1919403.28,0.574,Normal,0,-0.11084064020057449,0,True
2025-08-20,3594419.22,187,2544418.78,1919403.28,0.547,Normal,0,-0.10387013202454715,0,True
2025-08-21,3845634.02,201,2544418.78,1919403.28,0.678,Normal,0,-0.08833790130444685,0,True
2025-08-22,4352652.8,177,2544418.78,1919403.28,0.942,Normal,0,-0.09761902226492308,0,True
2025-08-23,3978554.95,215,2544418.78,1919403.28,0.747,Normal,0,-0.051470845149587385,0,True
2025-08-24,3079426.35,170,2544418.78,1919403.28,0.279,Normal,0,-0.0929925242716837,0,True
2025-08-25,3335744.76,175,2544418.78,1919403.28,0.412,Normal,0,-0.11086728677552121,0,True
2025-08-26,3989421.22,193,2544418.78,1919403.28,0.753,Normal,0,-0.11076461424869377,0,True
2025-08-27,4505850.36,202,2544418.78,1919403.28,1.022,Normal,0,-0.09350025129750139,0,True
2025-08-28,9272984.65,514,2544418.78,1919403.28,3.506,Critical Anomaly,1,0.21755616887294316,1,True
2025-08-29,815182.09,64,2544418.78,1919403.28,-0.901,Normal,0,-0.0455412477265324,0,True
2025-08-30,1554243.0,80,2544418.78,1919403.28,-0.516,Normal,0,-0.09162507357867267,0,True
2025-08-31,332218.44,15,2544418.78,1919403.28,-1.153,Normal,0,-0.07058219214115063,0,True
2025-09-01,3515483.45,184,2544418.78,1919403.28,0.506,Normal,0,-0.10721730074450547,0,True
2025-09-02,3580996.28,170,2544418.78,1919403.28,0.54,Normal,0,-0.12094014115052976,0,True
2025-09-03,3487887.77,167,2544418.78,1919403.28,0.492,Normal,0,-0.12060825546809906,0,True
2025-09-04,3869020.89,182,2544418.78,1919403.28,0.69,Normal,0,-0.11529682176678785,0,True
2025-09-05,3350543.02,156,2544418.78,1919403.28,0.42,Normal,0,-0.11958009121127072,0,True
2025-09-06,4947447.86,210,2544418.78,1919403.28,1.252,Normal,0,-0.06359073014173322,0,True
2025-09-07,4429039.97,199,2544418.78,1919403.28,0.982,Normal,0,-0.10243184869115612,0,True
2025-09-08,5739307.77,238,2544418.78,1919403.28,1.665,Normal,1,0.03801660121403194,0,False
2025-09-09,4731711.58,200,2544418.78,1919403.28,1.14,Normal,0,-0.08150974946994233,0,True
2025-09-10,5545359.98,197,2544418.78,1919403.28,1.563,Normal,0,-0.018984125478267666,0,True
2025-09-11,4202373.13,194,2544418.78,1919403.28,0.864,Normal,0,-0.10896640264901869,0,True
2025-09-12,5070537.47,212,2544418.78,1919403.28,1.316,Normal,0,-0.05766727148566764,0,True
2025-09-13,3887194.24,160,2544418.78,1919403.28,0.7,Normal,0,-0.10688678959643766,0,True
2025-09-14,3969535.74,187,2544418.78,1919403.28,0.742,Normal,0,-0.11573279078922843,0,True
2025-09-15,6065193.01,256,2544418.78,1919403.28,1.834,Normal,1,0.08471664482313412,0,False
2025-09-16,5302270.53,186,2544418.78,1919403.28,1.437,Normal,0,-0.025177258479395892,0,True
2025-09-17,3270107.72,176,2544418.78,1919403.28,0.378,Normal,0,-0.10514598537810682,0,True
2025-09-18,3469968.15,191,2544418.78,1919403.28,0.482,Normal,0,-0.08922566997893527,0,True
2025-09-19,3843679.74,163,2544418.78,1919403.28,0.677,Normal,0,-0.11182045605008367,0,True
2025-09-20,3651151.63,192,2544418.78,1919403.28,0.577,Normal,0,-0.09617154185539867,0,True
2025-09-21,3760878.64,204,2544418.78,1919403.28,0.634,Normal,0,-0.07177938775667975,0,True
2025-09-22,4452612.58,187,2544418.78,1919403.28,0.994,Normal,0,-0.10270667116818472,0,True
2025-09-23,4437072.1,228,2544418.78,1919403.28,0.986,Normal,0,-0.01581808968770948,0,True
2025-09-24,3239712.93,175,2544418.78,1919403.28,0.362,Normal,0,-0.10188091309175906,0,True
2025-09-25,3413757.9,175,2544418.78,1919403.28,0.453,Normal,0,-0.11785309621050666,0,True
2025-09-26,4150709.04,202,2544418.78,1919403.28,0.837,Normal,0,-0.09549881432717239,0,True
2025-09-27,4561851.93,201,2544418.78,1919403.28,1.051,Normal,0,-0.09332452852470491,0,True
2025-09-28,9150792.76,507,2544418.78,1919403.28,3.442,Critical Anomaly,1,0.21772697251863005,1,True
2025-09-29,1278013.38,77,2544418.78,1919403.28,-0.66,Normal,0,-0.07860406983282303,0,True
2025-09-30,2061398.06,110,2544418.78,1919403.28,-0.252,Normal,0,-0.09008612568825564,0,True
2025-10-01,3778848.95,195,2544418.78,1919403.28,0.643,Normal,0,-0.09923441027935359,0,True
2025-10-02,3829412.2,180,2544418.78,1919403.28,0.669,Normal,0,-0.11743094194682263,0,True
2025-10-03,3380821.53,173,2544418.78,1919403.28,0.436,Normal,0,-0.11765114600292637,0,True
2025-10-04,4163680.8,193,2544418.78,1919403.28,0.844,Normal,0,-0.11204111394761235,0,True
2025-10-05,3180355.39,158,2544418.78,1919403.28,0.331,Normal,0,-0.11366146224306556,0,True
2025-10-06,4573779.81,210,2544418.78,1919403.28,1.057,Normal,0,-0.08209439357688075,0,True
2025-10-07,4657962.07,205,2544418.78,1919403.28,1.101,Normal,0,-0.08120806484363402,0,True
2025-10-08,5843694.84,242,2544418.78,1919403.28,1.719,Normal,1,0.0480759890953506,0,False
2025-10-09,4966818.57,205,2544418.78,1919403.28,1.262,Normal,0,-0.06331634760989374,0,True
2025-10-10,5601981.07,204,2544418.78,1919403.28,1.593,Normal,0,-0.015304416121175834,0,True
2025-10-11,4344852.87,206,2544418.78,1919403.28,0.938,Normal,0,-0.0920884456392097,0,True
2025-10-12,5050569.42,226,2544418.78,1919403.28,1.306,Normal,0,-0.029216506335091208,0,True
2025-10-13,4326174.06,167,2544418.78,1919403.28,0.928,Normal,0,-0.09257890827263993,0,True
2025-10-14,3935596.8,188,2544418.78,1919403.28,0.725,Normal,0,-0.11608540850788673,0,True
2025-10-15,6047264.64,259,2544418.78,1919403.28,1.825,Normal,1,0.09282539948744528,0,False
2025-10-16,5954213.23,204,2544418.78,1919403.28,1.776,Normal,1,0.02156875296405958,0,False
2025-10-17,3387542.15,178,2544418.78,1919403.28,0.439,Normal,0,-0.11065025037898873,0,True
2025-10-18,3789538.92,202,2544418.78,1919403.28,0.649,Normal,0,-0.079239004754179,0,True
2025-10-19,4336405.87,179,2544418.78,1919403.28,0.934,Normal,0,-0.10395635370105416,0,True
2025-10-20,4537542.73,217,2544418.78,1919403.28,1.038,Normal,0,-0.06345594392900278,0,True
2025-10-21,4017130.6,207,2544418.78,1919403.28,0.767,Normal,0,-0.07812839106869496,0,True
2025-10-22,4476761.18,196,2544418.78,1919403.28,1.007,Normal,0,-0.10424559054548188,0,True
2025-10-23,5435428.65,249,2544418.78,1919403.28,1.506,Normal,1,0.04705256017639048,0,False
2025-10-24,3366135.04,178,2544418.78,1919403.28,0.428,Normal,0,-0.1095545896796935,0,True
2025-10-25,3682140.95,184,2544418.78,1919403.28,0.593,Normal,0,-0.11147056771254432,0,True
2025-10-26,4835257.21,217,2544418.78,1919403.28,1.194,Normal,0,-0.060747959938337925,0,True
2025-10-27,4939853.05,214,2544418.78,1919403.28,1.248,Normal,0,-0.06057212281546387,0,True
2025-10-28,8902445.97,501,2544418.78,1919403.28,3.313,Critical Anomaly,1,0.2194371293113574,1,True
2025-10-29,1411179.72,90,2544418.78,1919403.28,-0.59,Normal,0,-0.07338186728638824,0,True
2025-10-30,2433935.53,130,2544418.78,1919403.28,-0.058,Normal,0,-0.0917014163374561,0,True
2025-10-31,393320.76,19,2544418.78,1919403.28,-1.121,Normal,0,-0.07745927355562876,0,True
2025-11-01,3838771.95,198,2544418.78,1919403.28,0.674,Normal,0,-0.1005617975558889,0,True
2025-11-02,3962496.0,194,2544418.78,1919403.28,0.739,Normal,0,-0.10897917115003386,0,True
2025-11-03,4364179.81,186,2544418.78,1919403.28,0.948,Normal,0,-0.10873672215868802,0,True
2025-11-04,4342378.35,199,2544418.78,1919403.28,0.937,Normal,0,-0.10636437766512313,0,True
2025-11-05,3429625.1,174,2544418.78,1919403.28,0.461,Normal,0,-0.118581583076528,0,True
2025-11-06,4543395.19,215,2544418.78,1919403.28,1.041,Normal,0,-0.07264565169382153,0,True
2025-11-07,4553702.77,208,2544418.78,1919403.28,1.047,Normal,0,-0.08788191467839995,0,True
2025-11-08,5684033.88,251,2544418.78,1919403.28,1.636,Normal,1,0.062440626291961565,0,False
2025-11-09,5309379.0,211,2544418.78,1919403.28,1.441,Normal,0,-0.0370372401300324,0,True
2025-11-10,5694497.78,212,2544418.78,1919403.28,1.641,Normal,0,-0.005541643232058191,0,True
2025-11-11,4533965.11,211,2544418.78,1919403.28,1.037,Normal,0,-0.08287953049707653,0,True
2025-11-12,5386593.41,231,2544418.78,1919403.28,1.481,Normal,1,0.0005700625984277341,0,False
2025-11-13,4501477.81,170,2544418.78,1919403.28,1.02,Normal,0,-0.0814396561642522,0,True
2025-11-14,4118408.03,198,2544418.78,1919403.28,0.82,Normal,0,-0.10717504024367014,0,True
2025-11-15,6207948.2,264,2544418.78,1919403.28,1.909,Normal,1,0.10680644124718897,0,False
2025-11-16,5774185.78,197,2544418.78,1919403.28,1.683,Normal,1,0.0023333145861977878,0,False
2025-11-17,3478837.12,187,2544418.78,1919403.28,0.487,Normal,0,-0.09765270097742879,0,True
2025-11-18,4166725.02,218,2544418.78,1919403.28,0.845,Normal,0,-0.0472482987086022,0,True
2025-11-19,4382117.39,186,2544418.78,1919403.28,0.957,Normal,0,-0.10676757056464198,0,True
2025-11-20,4689537.51,221,2544418.78,1919403.28,1.118,Normal,0,-0.04782995873464824,0,True
2025-11-21,4757506.39,229,2544418.78,1919403.28,1.153,Normal,0,-0.018332539151450833,0,True
2025-11-22,4913247.82,214,2544418.78,1919403.28,1.234,Normal,0,-0.062154401274856,0,True
2025-11-23,5419534.81,256,2544418.78,1919403.28,1.498,Normal,1,0.06270657601643626,0,False
2025-11-24,3301157.52,180,2544418.78,1919403.28,0.394,Normal,0,-0.10047625998853538,0,True
2025-11-25,3909287.15,192,2544418.78,1919403.28,0.711,Normal,0,-0.11180551393511895,0,True
2025-11-26,4782639.93,221,2544418.78,1919403.28,1.166,Normal,0,-0.04903885789449597,0,True
2025-11-27,4896510.76,216,2544418.78,1919403.28,1.225,Normal,0,-0.05984783324464371,0,True
2025-11-28,9041808.56,482,2544418.78,1919403.28,3.385,Critical Anomaly,1,0.21772697251863005,1,True
2025-11-29,2310251.43,108,2544418.78,1919403.28,-0.122,Normal,0,-0.085756053660906,0,True
2025-11-30,3018667.03,166,2544418.78,1919403.28,0.247,Normal,0,-0.09281091982078049,0,True
2025-12-01,3776078.99,200,2544418.78,1919403.28,0.642,Normal,0,-0.08931026063974551,0,True
2025-12-02,4154842.2,206,2544418.78,1919403.28,0.839,Normal,0,-0.08622181522454198,0,True
2025-12-03,4415432.55,191,2544418.78,1919403.28,0.975,Normal,0,-0.10642001597196393,0,True
2025-12-04,4436903.46,202,2544418.78,1919403.28,0.986,Normal,0,-0.09547951604780563,0,True
2025-12-05,3359787.45,182,2544418.78,1919403.28,0.425,Normal,0,-0.1020123466198839,0,True
2025-12-06,4815829.97,228,2544418.78,1919403.28,1.183,Normal,0,-0.024769151371369813,0,True
2025-12-07,4507749.1,214,2544418.78,1919403.28,1.023,Normal,0,-0.07367196349547239,0,True
2025-12-08,6234997.67,251,2544418.78,1919403.28,1.923,Normal,1,0.08455462434808536,0,False
2025-12-09,5842329.36,226,2544418.78,1919403.28,1.718,Normal,1,0.02026280316654805,0,False
2025-12-10,5645921.0,212,2544418.78,1919403.28,1.616,Normal,0,-0.01043721438310563,0,True
2025-12-11,4489836.21,213,2544418.78,1919403.28,1.014,Normal,0,-0.07825223452321828,0,True
2025-12-12,5210245.48,244,2544418.78,1919403.28,1.389,Normal,1,0.02734064295582128,0,False
2025-12-13,4500486.05,179,2544418.78,1919403.28,1.019,Normal,0,-0.09285430250346005,0,True
2025-12-14,4448802.28,208,2544418.78,1919403.28,0.992,Normal,0,-0.08744636466772232,0,True
2025-12-15,6548644.67,276,2544418.78,1919403.28,2.086,Potential Anomaly,1,0.1324956975654119,1,True
2025-12-16,6085954.0,209,2544418.78,1919403.28,1.845,Normal,1,0.03763947769576603,0,False
2025-12-17,3686969.29,195,2544418.78,1919403.28,0.595,Normal,0,-0.09254893763463495,0,True
2025-12-18,4795402.34,236,2544418.78,1919403.28,1.173,Normal,1,0.004276416814722461,0,False
2025-12-19,4966106.34,197,2544418.78,1919403.28,1.262,Normal,0,-0.06478150786302267,0,True
2025-12-20,5029861.04,239,2544418.78,1919403.28,1.295,Normal,1,0.01654486279816747,0,False
2025-12-21,4898160.28,231,2544418.78,1919403.28,1.226,Normal,0,-0.007879540759699433,0,True
2025-12-22,4611217.1,211,2544418.78,1919403.28,1.077,Normal,0,-0.07868548471832526,0,True
2025-12-23,5436660.23,264,2544418.78,1919403.28,1.507,Normal,1,0.07669232537025139,0,False
2025-12-24,3456101.38,187,2544418.78,1919403.28,0.475,Normal,0,-0.09590171025689914,0,True
2025-12-25,4220979.68,197,2544418.78,1919403.28,0.873,Normal,0,-0.10586633098495396,0,True
2025-12-26,5056123.83,229,2544418.78,1919403.28,1.309,Normal,0,-0.01928751536786355,0,True
2025-12-27,4877377.19,217,2544418.78,1919403.28,1.215,Normal,0,-0.05731659458252597,0,True
2025-12-28,8396274.56,478,2544418.78,1919403.28,3.049,Critical Anomaly,1,0.21636162133707681,1,True
2025-12-29,2507940.74,123,2544418.78,1919403.28,-0.019,Normal,0,-0.09469702563773225,0,True
2025-12-30,3235816.03,176,2544418.78,1919403.28,0.36,Normal,0,-0.10067091053344424,0,True
2025-12-31,236400.28,11,2544418.78,1919403.28,-1.202,Normal,0,-0.06219525149294253,0,True
2026-01-01,3802595.68,194,2544418.78,1919403.28,0.656,Normal,0,-0.10351212244928959,0,True
2026-01-02,4174954.06,202,2544418.78,1919403.28,0.85,Normal,0,-0.09459328789437838,0,True
2026-01-03,4597814.92,189,2544418.78,1919403.28,1.07,Normal,0,-0.09038402314975097,0,True
2026-01-04,4460137.19,196,2544418.78,1919403.28,0.998,Normal,0,-0.10409356811945963,0,True
2026-01-05,3400733.88,172,2544418.78,1919403.28,0.446,Normal,0,-0.11912941706028551,0,True
2026-01-06,4662691.8,223,2544418.78,1919403.28,1.104,Normal,0,-0.04103952600510058,0,True
2026-01-07,4711284.98,212,2544418.78,1919403.28,1.129,Normal,0,-0.07534745642928742,0,True
2026-01-08,6211446.34,245,2544418.78,1919403.28,1.911,Normal,1,0.07332880995607494,0,False
2026-01-09,6187305.75,223,2544418.78,1919403.28,1.898,Normal,1,0.049128217044041356,0,False
2026-01-10,5750451.16,204,2544418.78,1919403.28,1.67,Normal,0,-0.0008305054918339438,0,True
2026-01-11,4371197.29,205,2544418.78,1919403.28,0.952,Normal,0,-0.09197958499399933,0,True
2026-01-12,5134542.29,234,2544418.78,1919403.28,1.349,Normal,0,-0.002622620404140741,0,True
2026-01-13,4288980.12,170,2544418.78,1919403.28,0.909,Normal,0,-0.09900003123023166,0,True
2026-01-14,4461016.62,205,2544418.78,1919403.28,0.999,Normal,0,-0.09166596200320543,0,True
2026-01-15,6772634.32,273,2544418.78,1919403.28,2.203,Potential Anomaly,1,0.13969942614672237,1,True
2026-01-16,5794776.51,204,2544418.78,1919403.28,1.693,Normal,1,0.005030136002331487,0,False
2026-01-17,3628809.92,185,2544418.78,1919403.28,0.565,Normal,0,-0.1106489213891182,0,True
2026-01-18,4706688.75,228,2544418.78,1919403.28,1.127,Normal,0,-0.019931400090452578,0,True
2026-01-19,4955126.09,190,2544418.78,1919403.28,1.256,Normal,0,-0.056210034420213884,0,True
2026-01-20,5128580.25,230,2544418.78,1919403.28,1.346,Normal,0,-0.012242439383984727,0,True
2026-01-21,4940015.35,226,2544418.78,1919403.28,1.248,Normal,0,-0.028363199745046308,0,True
2026-01-22,4602962.79,208,2544418.78,1919403.28,1.072,Normal,0,-0.08368552076747127,0,True
2026-01-23,5586342.1,253,2544418.78,1919403.28,1.585,Normal,1,0.062078993512793224,0,False
2026-01-24,3401961.62,182,2544418.78,1919403.28,0.447,Normal,0,-0.10497601269436285,0,True
2026-01-25,4258673.09,195,2544418.78,1919403.28,0.893,Normal,0,-0.10617477799317165,0,True
2026-01-26,5243618.45,225,2544418.78,1919403.28,1.406,Normal,0,-0.02496465653364721,0,True
2026-01-27,4708290.44,209,2544418.78,1919403.28,1.127,Normal,0,-0.07933879580423597,0,True
2026-01-28,8325467.3,456,2544418.78,1919403.28,3.012,Critical Anomaly,1,0.21088566982170398,1,True
2026-01-29,2495075.49,123,2544418.78,1919403.28,-0.026,Normal,0,-0.09570367196320062,0,True
2026-01-30,3339173.8,176,2544418.78,1919403.28,0.414,Normal,0,-0.10921792522712731,0,True
2026-01-31,236338.33,11,2544418.78,1919403.28,-1.202,Normal,0,-0.06219525149294253,0,True
2026-02-01,3814224.6,190,2544418.78,1919403.28,0.662,Normal,0,-0.108730976698584,0,True
2026-02-02,4076947.2,198,2544418.78,1919403.28,0.798,Normal,0,-0.10722850936433365,0,True
2026-02-03,4510861.41,184,2544418.78,1919403.28,1.025,Normal,0,-0.09580928288719426,0,True
2026-02-04,4371299.62,190,2544418.78,1919403.28,0.952,Normal,0,-0.10812611254194321,0,True
2026-02-05,3178198.39,168,2544418.78,1919403.28,0.33,Normal,0,-0.10758401079386953,0,True
2026-02-06,4550996.49,220,2544418.78,1919403.28,1.045,Normal,0,-0.05191687708177145,0,True
2026-02-07,4307152.46,200,2544418.78,1919403.28,0.918,Normal,0,-0.10315818188410109,0,True
2026-02-08,6218735.31,241,2544418.78,1919403.28,1.914,Normal,1,0.07013462562843298,0,False
2026-02-09,5600717.5,212,2544418.78,1919403.28,1.592,Normal,0,-0.014265918970658764,0,True
2026-02-10,5397322.12,198,2544418.78,1919403.28,1.486,Normal,0,-0.03156344650982934,0,True
2026-02-11,4254158.35,200,2544418.78,1919403.28,0.891,Normal,0,-0.10143129955430219,0,True
2026-02-12,5025094.95,225,2544418.78,1919403.28,1.292,Normal,0,-0.030188336879232947,0,True
2026-02-13,4213128.36,165,2544418.78,1919403.28,0.869,Normal,0,-0.09695639016326657,0,True
2026-02-14,4360688.25,197,2544418.78,1919403.28,0.946,Normal,0,-0.10753231205572256,0,True
2026-02-15,6561405.07,265,2544418.78,1919403.28,2.093,Potential Anomaly,1,0.12270073207963839,1,True
2026-02-16,5730877.09,200,2544418.78,1919403.28,1.66,Normal,0,-0.0005308405218320544,0,True
2026-02-17,3547849.68,181,2544418.78,1919403.28,0.523,Normal,0,-0.11265419502703256,0,True
2026-02-18,4563629.75,218,2544418.78,1919403.28,1.052,Normal,0,-0.058656952703389775,0,True
2026-02-19,4720681.22,181,2544418.78,1919403.28,1.134,Normal,0,-0.07333801944759494,0,True
2026-02-20,5113652.28,224,2544418.78,1919403.28,1.339,Normal,0,-0.036704096392465635,0,True
2026-02-21,4773225.71,215,2544418.78,1919403.28,1.161,Normal,0,-0.06572912188529573,0,True
2026-02-22,4539040.47,201,2544418.78,1919403.28,1.039,Normal,0,-0.09471744447524177,0,True
2026-02-23,5394735.99,242,2544418.78,1919403.28,1.485,Normal,1,0.02978721386857719,0,False
2026-02-24,3436172.6,174,2544418.78,1919403.28,0.465,Normal,0,-0.1195035849210756,0,True
2026-02-25,4210385.19,193,2544418.78,1919403.28,0.868,Normal,0,-0.10944367052698906,0,True
2026-02-26,5158021.41,217,2544418.78,1919403.28,1.362,Normal,0,-0.04377015958648822,0,True
2026-02-27,4753729.84,201,2544418.78,1919403.28,1.151,Normal,0,-0.07836141634540089,0,True
2026-02-28,13987126.6,739,2544418.78,1919403.28,5.962,Critical Anomaly,1,0.29615306524329776,1,True
2026-03-01,3665348.12,185,2544418.78,1919403.28,0.584,Normal,0,-0.11185033639379566,0,True
2026-03-02,4102965.88,196,2544418.78,1919403.28,0.812,Normal,0,-0.10944938193847953,0,True
2026-03-03,4457319.81,184,2544418.78,1919403.28,0.997,Normal,0,-0.09782024325093297,0,True
2026-03-04,4354954.63,188,2544418.78,1919403.28,0.943,Normal,0,-0.10885760742324779,0,True
2026-03-05,3227293.2,164,2544418.78,1919403.28,0.356,Normal,0,-0.11428703948297153,0,True
2026-03-06,4083294.35,214,2544418.78,1919403.28,0.802,Normal,0,-0.05688628754799574,0,True
2026-03-07,4374781.7,198,2544418.78,1919403.28,0.954,Normal,0,-0.1063000392832591,0,True
2026-03-08,6161996.41,239,2544418.78,1919403.28,1.885,Normal,1,0.06405347419634055,0,False
2026-03-09,5530282.68,210,2544418.78,1919403.28,1.556,Normal,0,-0.023236227872681425,0,True
2026-03-10,5108797.05,189,2544418.78,1919403.28,1.336,Normal,0,-0.04419193290084422,0,True
2026-03-11,4081843.42,191,2544418.78,1919403.28,0.801,Normal,0,-0.11522633001646054,0,True
2026-03-12,4782446.22,218,2544418.78,1919403.28,1.166,Normal,0,-0.05809048100269448,0,True
2026-03-13,4093510.22,163,2544418.78,1919403.28,0.807,Normal,0,-0.10320131387986947,0,True
2026-03-14,4055164.05,192,2544418.78,1919403.28,0.787,Normal,0,-0.11379844630762598,0,True
2026-03-15,6481672.18,262,2544418.78,1919403.28,2.051,Potential Anomaly,1,0.11596396865698289,1,True
2026-03-16,5786086.48,198,2544418.78,1919403.28,1.689,Normal,1,0.0049669961080516245,0,False
2026-03-17,3398856.26,176,2544418.78,1919403.28,0.445,Normal,0,-0.11533174327992074,0,True
2026-03-18,4562562.44,215,2544418.78,1919403.28,1.051,Normal,0,-0.07098563170185684,0,True
2026-03-19,4660085.9,176,2544418.78,1919403.28,1.102,Normal,0,-0.07094780632416431,0,True
2026-03-20,5019297.27,222,2544418.78,1919403.28,1.289,Normal,0,-0.0394109277561272,0,True
2026-03-21,4537161.45,208,2544418.78,1919403.28,1.038,Normal,0,-0.08833877760554742,0,True
2026-03-22,4386122.19,197,2544418.78,1919403.28,0.96,Normal,0,-0.10742501156869738,0,True
2026-03-23,5331469.85,232,2544418.78,1919403.28,1.452,Normal,1,0.0022029339886848742,0,False
2026-03-24,3355037.42,171,2544418.78,1919403.28,0.422,Normal,0,-0.11699611171922525,0,True
2026-03-25,4011272.32,189,2544418.78,1919403.28,0.764,Normal,0,-0.11385448492536931,0,True
2026-03-26,5045130.7,213,2544418.78,1919403.28,1.303,Normal,0,-0.05687094746497173,0,True
2026-03-27,4687581.21,197,2544418.78,1919403.28,1.117,Normal,0,-0.08938282039768985,0,True
2026-03-28,13699549.26,735,2544418.78,1919403.28,5.812,Critical Anomaly,1,0.29408202252320237,1,True
2026-04-01,3559900.06,179,2544418.78,1919403.28,0.529,Normal,0,-0.11732401199100939,0,True
2026-04-02,4171621.56,195,2544418.78,1919403.28,0.848,Normal,0,-0.1089049361165042,0,True
2026-04-03,4354068.04,176,2544418.78,1919403.28,0.943,Normal,0,-0.09702835089101602,0,True
2026-04-04,4039286.71,179,2544418.78,1919403.28,0.779,Normal,0,-0.11579615119354658,0,True
2026-04-05,3201559.88,161,2544418.78,1919403.28,0.342,Normal,0,-0.11483617595109175,0,True
2026-04-06,4098284.99,208,2544418.78,1919403.28,0.81,Normal,0,-0.07752597346549195,0,True
2026-04-07,4056188.07,190,2544418.78,1919403.28,0.788,Normal,0,-0.11539979767916225,0,True
2026-04-08,5985948.13,232,2544418.78,1919403.28,1.793,Normal,1,0.045647038940102136,0,False
2026-04-09,5344316.07,196,2544418.78,1919403.28,1.459,Normal,0,-0.03305255785328265,0,True
2026-04-10,4839305.23,180,2544418.78,1919403.28,1.196,Normal,0,-0.059360799873899694,0,True
2026-04-11,3986537.3,185,2544418.78,1919403.28,0.751,Normal,0,-0.1174460577111453,0,True
2026-04-12,4753021.3,212,2544418.78,1919403.28,1.151,Normal,0,-0.07311428304415563,0,True
2026-04-13,4176786.28,154,2544418.78,1919403.28,0.85,Normal,0,-0.08011215467822491,0,True
2026-04-14,3969939.85,183,2544418.78,1919403.28,0.743,Normal,0,-0.11480563452415754,0,True
2026-04-15,6252395.88,254,2544418.78,1919403.28,1.932,Normal,1,0.0883338561717032,0,False
2026-04-16,5554982.52,192,2544418.78,1919403.28,1.568,Normal,0,-0.009220461462448704,0,True
2026-04-17,3275855.22,167,2544418.78,1919403.28,0.381,Normal,0,-0.11342378105014578,0,True
2026-04-18,4390128.37,204,2544418.78,1919403.28,0.962,Normal,0,-0.09514668369003265,0,True
2026-04-19,4392231.89,168,2544418.78,1919403.28,0.963,Normal,0,-0.08670617442368167,0,True
2026-04-20,5026344.3,214,2544418.78,1919403.28,1.293,Normal,0,-0.057953057091212457,0,True
2026-04-21,4413778.22,200,2544418.78,1919403.28,0.974,Normal,0,-0.10103978388183049,0,True
2026-04-22,3890766.15,189,2544418.78,1919403.28,0.701,Normal,0,-0.11329209690318565,0,True
2026-04-23,5197080.57,228,2544418.78,1919403.28,1.382,Normal,0,-0.021516792064219303,0,True
2026-04-24,3148883.52,162,2544418.78,1919403.28,0.315,Normal,0,-0.11024066972457258,0,True
2026-04-25,3930949.91,177,2544418.78,1919403.28,0.722,Normal,0,-0.11445255620892492,0,True
2026-04-26,4905713.05,204,2544418.78,1919403.28,1.23,Normal,0,-0.0652358810377422,0,True
2026-04-27,4528933.85,189,2544418.78,1919403.28,1.034,Normal,0,-0.09872121454252619,0,True
2026-04-28,13245049.86,713,2544418.78,1919403.28,5.575,Critical Anomaly,1,0.2927667588273589,1,True
2026-05-01,3501388.96,169,2544418.78,1919403.28,0.499,Normal,0,-0.12089827981261758,0,True
2026-05-02,3940313.24,188,2544418.78,1919403.28,0.727,Normal,0,-0.11605405689938458,0,True
2026-05-03,4291406.83,169,2544418.78,1919403.28,0.91,Normal,0,-0.09637118813745849,0,True
2026-05-04,3958969.04,174,2544418.78,1919403.28,0.737,Normal,0,-0.11355135515929515,0,True
2026-05-05,3003777.15,154,2544418.78,1919403.28,0.239,Normal,0,-0.10726192872016105,0,True
2026-05-06,4073691.07,202,2544418.78,1919403.28,0.797,Normal,0,-0.09298063011538171,0,True
2026-05-07,4066189.84,185,2544418.78,1919403.28,0.793,Normal,0,-0.11659712695503549,0,True
2026-05-08,5828661.57,221,2544418.78,1919403.28,1.711,Normal,1,0.013283467286524853,0,False
2026-05-09,5013675.06,187,2544418.78,1919403.28,1.286,Normal,0,-0.052245296340754144,0,True
2026-05-10,4486245.11,170,2544418.78,1919403.28,1.012,Normal,0,-0.08313818761379194,0,True
2026-05-11,3792371.64,181,2544418.78,1919403.28,0.65,Normal,0,-0.11595891967520344,0,True
2026-05-12,4760011.97,206,2544418.78,1919403.28,1.154,Normal,0,-0.07434074124467605,0,True
2026-05-13,4093627.53,151,2544418.78,1919403.28,0.807,Normal,0,-0.08238793757227258,0,True
2026-05-14,3835630.62,179,2544418.78,1919403.28,0.673,Normal,0,-0.11944467592100927,0,True
2026-05-15,6117884.49,247,2544418.78,1919403.28,1.862,Normal,1,0.07293662161517567,0,False
2026-05-16,5340666.11,183,2544418.78,1919403.28,1.457,Normal,0,-0.01952551404727576,0,True
2026-05-17,3159657.98,161,2544418.78,1919403.28,0.321,Normal,0,-0.11258053152571634,0,True
2026-05-18,4364500.18,200,2544418.78,1919403.28,0.948,Normal,0,-0.1031278367232909,0,True
2026-05-19,4317754.42,163,2544418.78,1919403.28,0.924,Normal,0,-0.08735325651652226,0,True
2026-05-20,4920443.76,208,2544418.78,1919403.28,1.238,Normal,0,-0.06664956501197045,0,True
2026-05-21,4372377.06,195,2544418.78,1919403.28,0.952,Normal,0,-0.10617546718586057,0,True
2026-05-22,3722296.16,183,2544418.78,1919403.28,0.614,Normal,0,-0.11176613151927861,0,True
2026-05-23,5101759.79,221,2544418.78,1919403.28,1.332,Normal,0,-0.039848020201055934,0,True
2026-05-24,2968156.1,156,2544418.78,1919403.28,0.221,Normal,0,-0.10403484583429734,0,True
2026-05-25,3778912.39,168,2544418.78,1919403.28,0.643,Normal,0,-0.11493834541010739,0,True
2026-05-26,4630621.86,191,2544418.78,1919403.28,1.087,Normal,0,-0.09017728965073668,0,True
2026-05-27,4332105.77,181,2544418.78,1919403.28,0.931,Normal,0,-0.1049553091730443,0,True
2026-05-28,12885614.9,695,2544418.78,1919403.28,5.388,Critical Anomaly,1,0.28864656489302387,1,True
2026-06-01,3335080.97,161,2544418.78,1919403.28,0.412,Normal,0,-0.1183980976502878,0,True
2026-06-02,3920642.37,184,2544418.78,1919403.28,0.717,Normal,0,-0.11721226620476743,0,True
2026-06-03,4261602.04,164,2544418.78,1919403.28,0.895,Normal,0,-0.0939598565840346,0,True
2026-06-04,3658604.53,162,2544418.78,1919403.28,0.58,Normal,0,-0.1163720006017927,0,True
2026-06-05,2951605.99,148,2544418.78,1919403.28,0.212,Normal,0,-0.1068370993049449,0,True
2026-06-06,3954875.95,197,2544418.78,1919403.28,0.735,Normal,0,-0.10615317505764094,0,True
2026-06-07,3868453.73,176,2544418.78,1919403.28,0.69,Normal,0,-0.11623444350318846,0,True
2026-06-08,5576958.23,214,2544418.78,1919403.28,1.58,Normal,0,-0.014719956856835137,0,True
2026-06-09,4660436.84,177,2544418.78,1919403.28,1.102,Normal,0,-0.07144376666168661,0,True
2026-06-10,4284491.36,165,2544418.78,1919403.28,0.907,Normal,0,-0.09322281986674646,0,True
2026-06-11,3510051.5,172,2544418.78,1919403.28,0.503,Normal,0,-0.11987280721063714,0,True
2026-06-12,4491903.16,199,2544418.78,1919403.28,1.015,Normal,0,-0.10117584053779999,0,True
2026-06-13,3929375.25,144,2544418.78,1919403.28,0.722,Normal,0,-0.0691002387006559,0,True
2026-06-14,3528775.86,171,2544418.78,1919403.28,0.513,Normal,0,-0.12041682551098731,0,True
2026-06-15,6131511.4,239,2544418.78,1919403.28,1.869,Normal,1,0.06350905934904094,0,False
2026-06-16,5249851.55,176,2544418.78,1919403.28,1.41,Normal,0,-0.01724557315304165,0,True
2026-06-17,2919787.42,155,2544418.78,1919403.28,0.196,Normal,0,-0.10190839727783213,0,True
2026-06-18,4236693.27,194,2544418.78,1919403.28,0.882,Normal,0,-0.10792592966440717,0,True
2026-06-19,4092820.43,158,2544418.78,1919403.28,0.807,Normal,0,-0.09357288630014216,0,True
2026-06-20,4611077.83,199,2544418.78,1919403.28,1.077,Normal,0,-0.09186489253203073,0,True
2026-06-21,4087431.72,187,2544418.78,1919403.28,0.804,Normal,0,-0.11556136926977995,0,True
2026-06-22,3510324.58,175,2544418.78,1919403.28,0.503,Normal,0,-0.1190672371926616,0,True
2026-06-23,4973695.14,215,2544418.78,1919403.28,1.266,Normal,0,-0.05884025122011516,0,True
2026-06-24,2911372.77,154,2544418.78,1919403.28,0.191,Normal,0,-0.10292853789535944,0,True
2026-06-25,3725819.48,159,2544418.78,1919403.28,0.616,Normal,0,-0.11108425457900484,0,True
2026-06-26,4564759.06,181,2544418.78,1919403.28,1.053,Normal,0,-0.09127982947726726,0,True
2026-06-27,4141311.13,174,2544418.78,1919403.28,0.832,Normal,0,-0.11008302672731185,0,True
2026-06-28,12426573.7,663,2544418.78,1919403.28,5.149,Critical Anomaly,1,0.28046725287247387,1,True
2026-07-01,3247492.64,155,2544418.78,1919403.28,0.366,Normal,0,-0.11457296492920427,0,True
2026-07-02,3782382.57,177,2544418.78,1919403.28,0.645,Normal,0,-0.11631209462674547,0,True
2026-07-03,4130465.06,162,2544418.78,1919403.28,0.826,Normal,0,-0.09988206955318518,0,True
2026-07-04,3589591.54,154,2544418.78,1919403.28,0.545,Normal,0,-0.11201994300477047,0,True
2026-07-05,2946758.15,142,2544418.78,1919403.28,0.21,Normal,0,-0.10480346041889066,0,True
2026-07-06,3759429.61,186,2544418.78,1919403.28,0.633,Normal,0,-0.11497221063197427,0,True
2026-07-07,3703518.33,169,2544418.78,1919403.28,0.604,Normal,0,-0.1159297357371688,0,True
2026-07-08,5368806.92,206,2544418.78,1919403.28,1.471,Normal,0,-0.03504385836200652,0,True
2026-07-09,4538015.18,173,2544418.78,1919403.28,1.039,Normal,0,-0.08567672045193064,0,True
2026-07-10,4141368.81,154,2544418.78,1919403.28,0.832,Normal,0,-0.08401010144378901,0,True
2026-07-11,3231076.14,165,2544418.78,1919403.28,0.358,Normal,0,-0.11410985432053922,0,True
2026-07-12,4324369.04,195,2544418.78,1919403.28,0.927,Normal,0,-0.10974991502501125,0,True
2026-07-13,3623318.9,137,2544418.78,1919403.28,0.562,Normal,0,-0.07193945642084143,0,True
2026-07-14,3250393.48,164,2544418.78,1919403.28,0.368,Normal,0,-0.11473803828106899,0,True
2026-07-15,5957466.52,228,2544418.78,1919403.28,1.778,Normal,1,0.03426018662301544,0,False
2026-07-16,4868552.95,167,2544418.78,1919403.28,1.211,Normal,0,-0.0341337289536463,0,True
2026-07-17,2874824.31,147,2544418.78,1919403.28,0.172,Normal,0,-0.10287720580456916,0,True
2026-07-18,3849068.43,183,2544418.78,1919403.28,0.68,Normal,0,-0.11695514653398376,0,True
2026-07-19,4050371.31,151,2544418.78,1919403.28,0.785,Normal,0,-0.08436271316054855,0,True
2026-07-20,4538962.35,193,2544418.78,1919403.28,1.039,Normal,0,-0.10040274797897891,0,True
2026-07-21,3947356.75,181,2544418.78,1919403.28,0.731,Normal,0,-0.11646553054715542,0,True
2026-07-22,3384035.96,167,2544418.78,1919403.28,0.437,Normal,0,-0.12006333559807758,0,True
2026-07-23,5017903.91,209,2544418.78,1919403.28,1.289,Normal,0,-0.06408356214049216,0,True
2026-07-24,2778164.77,143,2544418.78,1919403.28,0.122,Normal,0,-0.09859784838342855,0,True
2026-07-25,3687652.81,154,2544418.78,1919403.28,0.596,Normal,0,-0.10655130039593569,0,True
2026-07-26,4295617.45,174,2544418.78,1919403.28,0.912,Normal,0,-0.10187024497895308,0,True
2026-07-27,4038047.13,168,2544418.78,1919403.28,0.778,Normal,0,-0.10811070715538573,0,True
2026-07-28,11683494.89,630,2544418.78,1919403.28,4.761,Critical Anomaly,1,0.27127057096716345,1,True
2026-08-01,3012324.48,145,2544418.78,1919403.28,0.244,Normal,0,-0.10375266911698233,0,True
2026-08-02,3575404.35,166,2544418.78,1919403.28,0.537,Normal,0,-0.1204890742500101,0,True
2026-08-03,3910519.51,153,2544418.78,1919403.28,0.712,Normal,0,-0.0919828613721907,0,True
2026-08-04,3392938.94,147,2544418.78,1919403.28,0.442,Normal,0,-0.10865102648661618,0,True
2026-08-05,2438414.54,131,2544418.78,1919403.28,-0.055,Normal,0,-0.09222846773050813,0,True
2026-08-06,3733769.97,178,2544418.78,1919403.28,0.62,Normal,0,-0.11451918914635056,0,True
2026-08-07,3442638.82,163,2544418.78,1919403.28,0.468,Normal,0,-0.12070823822925064,0,True
2026-08-08,5154497.34,198,2544418.78,1919403.28,1.36,Normal,0,-0.051989505715302975,0,True
2026-08-09,4103127.16,168,2544418.78,1919403.28,0.812,Normal,0,-0.10575103807562714,0,True
2026-08-10,3985658.29,146,2544418.78,1919403.28,0.751,Normal,0,-0.07260382230110513,0,True
2026-08-11,2831391.16,151,2544418.78,1919403.28,0.15,Normal,0,-0.1021467394060307,0,True
2026-08-12,3848849.22,183,2544418.78,1919403.28,0.68,Normal,0,-0.11695514653398376,0,True
2026-08-13,3568674.24,128,2544418.78,1919403.28,0.534,Normal,0,-0.057294436905779234,0,True
2026-08-14,3200041.32,157,2544418.78,1919403.28,0.342,Normal,0,-0.11535018434008948,0,True
2026-08-15,5750345.31,218,2544418.78,1919403.28,1.67,Normal,1,0.005148490691944008,0,False
2026-08-16,4496903.18,155,2544418.78,1919403.28,1.017,Normal,0,-0.04280446556604356,0,True
2026-08-17,2760826.15,141,2544418.78,1919403.28,0.113,Normal,0,-0.0996440087944011,0,True
2026-08-18,3676980.66,173,2544418.78,1919403.28,0.59,Normal,0,-0.11797632583750883,0,True
2026-08-19,4024214.61,145,2544418.78,1919403.28,0.771,Normal,0,-0.06884786692131595,0,True
2026-08-20,4083697.43,183,2544418.78,1919403.28,0.802,Normal,0,-0.11433341046105583,0,True
2026-08-21,3886123.9,178,2544418.78,1919403.28,0.699,Normal,0,-0.11536844062816598,0,True
2026-08-22,3347686.51,155,2544418.78,1919403.28,0.418,Normal,0,-0.1183069073264465,0,True
2026-08-23,4618738.73,194,2544418.78,1919403.28,1.081,Normal,0,-0.09263193547061677,0,True
2026-08-24,2556918.44,133,2544418.78,1919403.28,0.007,Normal,0,-0.092355086131091,0,True
2026-08-25,3525046.95,150,2544418.78,1919403.28,0.511,Normal,0,-0.11383418333950973,0,True
2026-08-26,3891850.47,166,2544418.78,1919403.28,0.702,Normal,0,-0.11113388752446712,0,True
2026-08-27,3860244.04,160,2544418.78,1919403.28,0.686,Normal,0,-0.10897889594117205,0,True
2026-08-28,11076278.92,597,2544418.78,1919403.28,4.445,Critical Anomaly,1,0.2615323906294189,1,True
2026-09-01,2928803.03,142,2544418.78,1919403.28,0.2,Normal,0,-0.10540194125018437,0,True
2026-09-02,3342153.94,161,2544418.78,1919403.28,0.416,Normal,0,-0.11943599110983077,0,True
2026-09-03,3526673.92,144,2544418.78,1919403.28,0.512,Normal,0,-0.10200941701218741,0,True
2026-09-04,3064064.21,141,2544418.78,1919403.28,0.271,Normal,0,-0.10061162334278806,0,True
2026-09-05,2441707.97,131,2544418.78,1919403.28,-0.054,Normal,0,-0.09260981700236992,0,True
2026-09-06,3690910.88,172,2544418.78,1919403.28,0.597,Normal,0,-0.11721615896378795,0,True
2026-09-07,3422054.1,160,2544418.78,1919403.28,0.457,Normal,0,-0.1203640401000719,0,True
2026-09-08,4431759.75,188,2544418.78,1919403.28,0.983,Normal,0,-0.10245368201996108,0,True
2026-09-09,4127500.47,161,2544418.78,1919403.28,0.825,Normal,0,-0.09980863605195367,0,True
2026-09-10,3540768.37,136,2544418.78,1919403.28,0.519,Normal,0,-0.07793648549068621,0,True
2026-09-11,2712833.9,144,2544418.78,1919403.28,0.088,Normal,0,-0.09676746343393483,0,True
2026-09-12,3659000.68,173,2544418.78,1919403.28,0.581,Normal,0,-0.11786507062430907,0,True
2026-09-13,3358776.63,122,2544418.78,1919403.28,0.424,Normal,0,-0.05471610527944809,0,True
2026-09-14,3024445.5,147,2544418.78,1919403.28,0.25,Normal,0,-0.10676107098674914,0,True
2026-09-15,5480466.01,209,2544418.78,1919403.28,1.53,Normal,0,-0.026408467870710828,0,True
2026-09-16,4178363.61,148,2544418.78,1919403.28,0.851,Normal,0,-0.06575484210369298,0,True
2026-09-17,2571098.28,137,2544418.78,1919403.28,0.014,Normal,0,-0.08614282757954433,0,True
2026-09-18,3595382.47,167,2544418.78,1919403.28,0.548,Normal,0,-0.11924236333280452,0,True
2026-09-19,3825646.2,137,2544418.78,1919403.28,0.668,Normal,0,-0.056611241785044786,0,True
2026-09-20,3858699.65,174,2544418.78,1919403.28,0.685,Normal,0,-0.11783654811958355,0,True
2026-09-21,3821566.31,177,2544418.78,1919403.28,0.665,Normal,0,-0.11676715832854917,0,True
2026-09-22,3145955.19,150,2544418.78,1919403.28,0.313,Normal,0,-0.11452987737295683,0,True
2026-09-23,4572278.92,189,2544418.78,1919403.28,1.057,Normal,0,-0.09411041373050671,0,True
2026-09-24,2311237.5,123,2544418.78,1919403.28,-0.121,Normal,0,-0.08843312209095194,0,True
2026-09-25,3313258.33,141,2544418.78,1919403.28,0.401,Normal,0,-0.10040603600850506,0,True
2026-09-26,3601513.62,159,2544418.78,1919403.28,0.551,Normal,0,-0.1167653787983447,0,True
2026-09-27,3740420.66,150,2544418.78,1919403.28,0.623,Normal,0,-0.09823424599535735,0,True
2026-09-28,10551047.24,571,2544418.78,1919403.28,4.171,Critical Anomaly,1,0.24543312547311757,1,True
