customer_id,customer_name,actual_revenue_at_risk_usd,predicted_revenue_at_risk_usd,absolute_error_usd
CUST-002227,"Sullivan, Johnson and Delacruz",9460794.57,8826564.749076976,634229.8209230248
CUST-002259,Smith and Sons,9178764.95,9028549.982799502,150214.96720049717
CUST-000468,Wilkerson-Arias,9012492.69,8822498.95366211,189993.736337889
CUST-000789,"Clark, Salinas and Guerra",9007180.72,8962806.097056195,44374.62294380553
CUST-000487,"Hartman, Romero and Smith",8952499.78,8891367.745713305,61132.0342866946
CUST-002222,"Martinez, Camacho and Mathews",8943420.63,8710397.675787505,233022.95421249606
CUST-001913,Sullivan and Sons,8836476.26,8678080.558201762,158395.70179823786
CUST-002382,"Carter, Alexander and Hunter",8710799.85,8575891.39492313,134908.45507686958
CUST-002323,Gutierrez-Marshall,8152973.57,8260127.9285458755,107154.35854587518
CUST-001225,"Rodriguez, Prince and Vasquez",7966700.25,8447161.933780247,480461.68378024735
CUST-001415,Perez-Mccarty,7919098.38,7583526.168180859,335572.2118191412
CUST-001539,"Brown, Kelly and Moore",7661813.42,7375066.290558002,286747.12944199797
CUST-001972,Riley-Snow,7639591.78,7606551.21063913,33040.56936086994
CUST-001479,Gutierrez-White,7468384.44,7534828.331502553,66443.89150255267
CUST-001528,Price-Ali,7457894.54,7183753.308527454,274141.23147254623
CUST-001362,"Vargas, Taylor and Hunt",7396939.22,7169086.417863305,227852.802136695
CUST-000140,Chambers and Sons,7298352.94,7254593.529288637,43759.41071136296
CUST-002314,Austin-Hamilton,7231098.82,7283400.439077386,52301.6190773854
CUST-001151,"Watson, Smith and Morris",7180255.95,7163927.399873069,16328.55012693163
CUST-001704,"Lane, Morrison and Rivera",7130042.71,7126525.592281036,3517.117718963884
CUST-001038,Phillips LLC,7051728.04,7030552.25044069,21175.789559310302
CUST-001763,Andrews-Jackson,7042848.9,7004615.721190959,38233.17880904116
CUST-000974,Crane Group,7035481.04,7016570.223445811,18910.81655418873
CUST-001021,"Buchanan, Walker and Chapman",6956581.53,6973263.15144217,16681.621442169882
CUST-000368,Gutierrez Group,6922713.27,6713344.482564977,209368.78743502218
CUST-002017,Villanueva LLC,6910796.46,6980096.17201677,69299.71201676968
CUST-002288,"Macdonald, Willis and Silva",6900208.79,6699333.975747713,200874.81425228715
CUST-001931,"Bennett, Moore and Hobbs",6820878.81,6841178.4669652395,20299.656965239905
CUST-002434,Rodriguez-Wood,6806803.82,6604720.944906844,202082.87509315647
CUST-001930,"Williams, Garcia and Boone",6669068.58,6318136.258944078,350932.3210559217
CUST-001212,Solis-West,6662088.28,6522821.129673115,139267.15032688528
CUST-000524,"Griffin, Davies and Mitchell",6481420.72,6423295.975272932,58124.74472706765
CUST-001916,Moss Group,6423490.3,6321375.161444663,102115.13855533674
CUST-001872,Brown PLC,6398483.42,6725922.749546907,327439.329546907
CUST-001941,Montgomery PLC,6382450.08,6363713.1241949545,18736.955805045553
CUST-002377,Lloyd-Estes,6344396.51,6280062.931279399,64333.578720600344
CUST-000902,"Griffith, Mitchell and Pugh",6301545.08,6497727.036936909,196181.9569369089
CUST-001534,"Wilson, Mccormick and Smith",6282735.57,6134608.724852725,148126.84514727537
CUST-001815,Proctor-Taylor,6267778.74,5978648.458965037,289130.2810349632
CUST-002302,Yates-Manning,6232592.81,6225372.905083784,7219.904916215688
CUST-002021,Huber-Montgomery,6203213.23,6259058.788586096,55845.55858609546
CUST-001001,"Howard, Silva and Hall",6177568.42,6209434.3005582085,31865.880558208562
CUST-002087,Mclean Group,6167354.82,6314231.01486725,146876.19486724958
CUST-001091,Adams-Butler,6157405.07,6226020.701532486,68615.6315324856
CUST-001409,Allen-Smith,6065053.23,5955545.718541176,109507.51145882439
CUST-000365,"Phillips, Wagner and Jordan",6054569.43,6128204.254956159,73634.82495615911
CUST-001295,Bauer PLC,6014667.39,6148640.620831548,133973.23083154857
CUST-001030,"Santiago, Daniel and Rogers",6013207.13,6043718.981131059,30511.85113105923
CUST-000925,"Smith, Crawford and Reed",5940134.56,6099073.754185271,158939.19418527186
CUST-002492,Reid-Petty,5910403.1,6016139.473670806,105736.37367080618
CUST-000271,"Thomas, Lee and Greene",5881036.06,5594404.507812799,286631.55218720064
CUST-000156,Hill Inc,5802577.81,5533313.86224972,269263.9477502797
CUST-002082,Moore and Sons,5792195.94,5775884.54961303,16311.390386970714
CUST-002153,Flores-Johnson,5683177.39,5854950.457291548,171773.06729154848
CUST-000773,Thomas-Jackson,5627900.49,5943303.873782546,315403.38378254604
CUST-000078,Yu Inc,5627110.74,5496125.180880724,130985.55911927577
CUST-000967,"Howard, Townsend and Hayes",5580107.06,5275199.837719765,304907.22228023503
CUST-002059,Roberts-Henry,5549215.29,5407424.396778834,141790.89322116598
CUST-000257,Cordova Group,5534965.9,5486255.373978052,48710.526021948084
CUST-002181,Burton PLC,5524223.62,5492639.092807141,31584.52719285898
CUST-002157,Jenkins-Brown,5485604.89,5463593.449710011,22011.440289989114
CUST-000723,Kirby and Sons,5443068.49,5388793.759008211,54274.73099178914
CUST-000464,Spencer-Garcia,5299862.36,5138990.363517598,160871.9964824021
CUST-001840,Washington-Martinez,5241248.55,5353040.905647626,111792.35564762633
CUST-002394,"Acevedo, Miller and Edwards",5232850.88,5592214.864837753,359363.98483775277
CUST-000159,Mccarthy Inc,5218089.71,5016147.213032626,201942.49696737435
CUST-002252,Roberts-Snyder,5181384.37,5035617.222587356,145767.14741264377
CUST-000252,"Graham, Olsen and Costa",5132543.14,5687493.790449876,554950.6504498767
CUST-001172,Hunt PLC,5130439.27,5206501.672081361,76062.40208136104
CUST-001450,White-Coleman,5119623.91,5342634.471778402,223010.56177840196
CUST-000436,Cox LLC,5109316.53,5702921.0591624975,593604.5291624973
CUST-001419,"Frye, Walter and Li",5089659.13,5059987.915321578,29671.214678421617
CUST-001117,"Levy, Franco and Hoffman",5089218.65,5123094.47822159,33875.82822158933
CUST-001297,Russell-Hayes,5054262.64,5286990.313076106,232727.67307610624
CUST-000886,Wheeler PLC,4994569.61,4970072.497280288,24497.11271971278
CUST-000185,Rodriguez-Johnson,4972375.61,5087772.892603534,115397.28260353394
CUST-001977,"Nicholson, Chavez and Allen",4762122.23,4568201.750032304,193920.4799676966
CUST-000127,"Mcdaniel, Bentley and Mclaughlin",4721162.63,4912315.484626735,191152.85462673474
CUST-001305,Wells PLC,4703512.62,4590354.919651875,113157.70034812484
CUST-000909,Peck-Anderson,4676625.37,4673609.961202929,3015.4087970713153
CUST-002257,Williamson and Sons,4643477.16,4545439.738451818,98037.42154818214
CUST-000675,Hill Ltd,4641042.44,4846695.995585125,205653.55558512453
CUST-002226,Welch-Suarez,4633168.72,4990059.206420229,356890.4864202291
CUST-001388,Ortiz-Rodriguez,4602078.93,4698820.078079037,96741.14807903767
CUST-000612,Reed Group,4593179.85,5006372.845237655,413192.995237655
CUST-000149,Bryant Group,4576355.26,4415212.491691007,161142.7683089925
CUST-002360,Hall-Robinson,4491535.78,4231164.853251788,260370.92674821243
CUST-002460,Chapman-Henry,4472170.34,4562011.140623406,89840.80062340572
CUST-002464,Weaver LLC,4443280.43,4352713.773586433,90566.65641356632
CUST-000828,Powers LLC,4417402.3,4344489.713989821,72912.58601017855
CUST-002331,Clark Inc,4397647.22,4396984.964114473,662.2558855265379
CUST-002110,Nunez-Rodriguez,4392508.67,4519993.678552702,127485.00855270214
CUST-001422,Maldonado-Mosley,4378419.48,4322797.727259098,55621.752740902826
CUST-001139,Moreno-Gutierrez,4306934.43,4439784.170368692,132849.7403686922
CUST-001321,Jensen-Torres,4300661.47,4105623.258480771,195038.21151922876
CUST-000330,Herman-Walker,4288299.71,4216874.811228889,71424.89877111092
CUST-001426,Black-Smith,4274396.66,4349086.803271111,74690.14327111095
CUST-001614,Jensen-Branch,4257747.27,4625141.12099304,367393.85099304
CUST-000266,Gay Inc,4241087.08,4288316.563516039,47229.48351603933
CUST-002070,"Brown, Flores and Johns",4212485.87,4178042.7667902494,34443.10320975073
CUST-000510,Williams-Berg,4153174.64,4022638.926111249,130535.71388875134
CUST-002390,"Fisher, Perez and Pham",4101608.86,4266952.020033533,165343.16003353288
CUST-000475,Blake Group,4091821.3,4091754.1175641213,67.1824358785525
CUST-001992,"Cox, Williams and Reyes",4077013.33,3867298.7898582066,209714.54014179343
CUST-000098,Davis Group,4063343.06,4000572.2516179746,62770.808382025454
CUST-000676,Johnson Ltd,4050781.1,3973922.269003558,76858.83099644212
CUST-002412,Green-Romero,4031975.3,4076089.112801816,44113.812801816035
CUST-000647,Richardson-Walker,4025945.64,4187766.1948607033,161820.55486070318
CUST-000392,Ware and Sons,4025130.28,4194466.28122503,169336.00122503052
CUST-000923,Parker Ltd,4005186.47,4024189.07462811,19002.60462810984
CUST-000581,"Cook, Wells and Bryant",3981482.75,4042845.6364299683,61362.88642996829
CUST-000305,"Evans, Hayden and Vaughn",3977470.63,4083774.700940934,106304.07094093412
CUST-002343,"Garrison, Ryan and Miller",3969889.77,3780772.627537271,189117.142462729
CUST-002329,Edwards-Ramsey,3967563.25,4035572.651806468,68009.40180646814
CUST-001382,"Johnston, Coleman and Scott",3957964.0,4057863.2368614282,99899.23686142825
CUST-001554,"Moore, Campbell and Ortiz",3945297.39,3930819.2546823826,14478.135317617562
CUST-001463,Combs-Davis,3895689.41,3961020.200999087,65330.79099908704
CUST-002201,Lester Group,3853961.29,3758987.818419335,94973.4715806651
CUST-002422,Poole-Miller,3822759.3,4159776.497060795,337017.19706079504
CUST-001199,Brown Ltd,3811108.29,3661827.4930699198,149280.79693008028
CUST-000765,Miller Group,3808010.76,2938372.3950949903,869638.3649050095
CUST-001142,Thomas-Huffman,3795712.63,4003466.116033688,207753.4860336883
CUST-001289,"Smith, Jones and Santiago",3762649.82,3942238.825644183,179589.00564418314
CUST-000453,Harper and Sons,3740892.73,3508895.317011178,231997.41298882198
CUST-001958,Brown-Graham,3710285.55,4055194.2573348517,344908.70733485185
CUST-000565,Li PLC,3706815.56,3969336.3445525696,262520.7845525695
CUST-002064,White-Knox,3705311.2,3705332.514092412,21.314092411659658
CUST-000114,Gonzalez Group,3678459.24,3777814.8640516354,99355.62405163515
CUST-001069,Stokes and Sons,3632043.03,3109733.8715529605,522309.1584470393
CUST-001374,"Barnes, Hernandez and Davis",3630191.49,3644267.2780088955,14075.788008895237
CUST-001935,Schwartz-Harris,3510926.07,3582856.532525703,71930.46252570301
CUST-001484,"Brown, Wise and Warren",3448410.33,3375569.810369977,72840.51963002328
CUST-001275,"Robinson, White and Jones",3439372.29,3451305.0244483883,11932.734448388219
CUST-002255,Barnes Group,3383129.96,3481425.4512503683,98295.4912503683
CUST-000358,"Williams, Logan and Camacho",3373601.37,2834332.301719353,539269.068280647
CUST-002450,Fitzgerald-Brewer,3304859.06,3882218.950109892,577359.890109892
CUST-000227,Miller-Wright,3271865.36,2987889.590828138,283975.76917186193
CUST-000928,"Tanner, Wise and Johnson",3189253.24,3092573.186165049,96680.05383495102
CUST-001607,Foster-Duncan,3188391.76,3134237.723679713,54154.0363202868
CUST-000671,"Long, Anderson and Irwin",3181602.53,2953651.363474446,227951.1665255539
CUST-000247,Davis Ltd,3147924.42,3314425.1155209932,166500.69552099332
CUST-000739,Walsh Ltd,3141713.12,2790616.4081281526,351096.7118718475
CUST-001751,"Haney, Harris and Johnson",3119337.2,3047209.911077292,72127.28892270802
CUST-001045,Rivera and Sons,3082345.86,3028392.3012807947,53953.558719205204
CUST-000814,"Thompson, Moore and Castro",3053728.38,2987080.210391505,66648.16960849473
CUST-001461,Ross Ltd,3031548.51,3165984.4650461674,134435.9550461676
CUST-002165,Hudson-Morris,3001949.05,2977978.78780393,23970.262196069583
CUST-002011,"Weaver, Anderson and Reed",2954062.01,2665161.0025503035,288901.0074496963
CUST-002039,Griffin Inc,2943806.07,2977561.7825233634,33755.71252336353
CUST-001548,"Martin, Schmidt and Cole",2928960.39,2705764.0837821444,223196.30621785577
CUST-002066,George LLC,2876770.35,2833494.656277826,43275.69372217404
CUST-000790,Fuentes Group,2865576.4,2949832.1374044945,84255.73740449455
CUST-002475,Johnson-Schultz,2813097.31,2879215.157660835,66117.8476608349
CUST-000309,"Phillips, Spence and Barrett",2798171.33,2833123.7922986313,34952.4622986312
CUST-000896,"Hernandez, Jenkins and Parks",2775926.93,2707956.6490953807,67970.28090461949
CUST-000382,Bruce-Villegas,2757420.33,2733588.5597233446,23831.770276655443
CUST-000401,Wilson-Jimenez,2729548.45,2792883.2815171424,63334.831517142244
CUST-001673,Stone Group,2701097.36,2645139.9165582345,55957.44344176538
CUST-000414,Cook and Sons,2680805.43,2701931.46070861,21126.030708609615
CUST-001911,Levy-Smith,2676465.15,2705459.036084226,28993.88608422596
CUST-000285,Garcia-Lozano,2651367.48,2654917.5670231334,3550.087023133412
CUST-000207,"Alvarez, Joseph and West",2649631.26,2688548.734137171,38917.47413717117
CUST-001843,Smith-Rodriguez,2577855.88,2488547.5185577194,89308.36144228047
CUST-002228,Ruiz-Gutierrez,2552976.79,2395796.57486369,157180.2151363101
CUST-002254,"Lewis, Holloway and Acosta",2485015.26,2624179.908071686,139164.64807168627
CUST-001853,May Inc,2467701.82,2715133.020616476,247431.20061647613
CUST-001983,"Silva, Bray and Ford",2453811.35,2472549.437830913,18738.087830912787
CUST-002332,"Hendrix, Green and Nunez",2445206.28,2517640.7249771818,72434.44497718196
CUST-002205,"Mason, Martinez and Beck",2433013.17,2576127.375034689,143114.20503468905
CUST-002071,Howard Inc,2431635.58,2344320.985444639,87314.5945553612
CUST-001568,"Davis, Hardy and Schmidt",2391350.32,2307625.2641635803,83725.05583641957
CUST-002232,"Daniel, Kelley and Murphy",2266204.46,2406222.183545507,140017.72354550706
CUST-000428,Jones-Lin,2248808.78,2289542.8315725164,40734.05157251656
CUST-000034,Frazier Inc,2244837.9,3544419.9696099795,1299582.0696099796
CUST-000250,Ruiz Ltd,2217005.12,2204508.703928223,12496.416071777232
CUST-002118,Spencer LLC,2212530.75,2137031.4343378562,75499.31566214375
CUST-001812,Roberts Ltd,2211347.6,2135317.4561984497,76030.14380155038
CUST-001846,Green Ltd,2121797.53,1918754.4948978093,203043.03510219045
CUST-001098,Wright Group,2074949.8,2013946.7607024298,61003.03929757024
CUST-002229,Love-Mcdowell,2064132.85,2080184.6333581824,16051.783358182292
CUST-000410,Collier-Gillespie,2057029.72,1931277.7272946837,125751.99270531628
CUST-001564,Owen-Brown,2023987.26,2214985.075728193,190997.81572819292
CUST-000652,"Marks, Miller and Griffin",2019821.67,2143489.6547303777,123667.9847303778
CUST-000895,Bell-Lewis,1988525.95,1889574.7098126793,98951.24018732063
CUST-002233,"Johnson, Williams and May",1972439.88,1816509.3456760324,155930.53432396753
CUST-002455,"Todd, Bernard and Boyd",1957756.05,1979729.233625854,21973.183625853853
CUST-000638,Morales Inc,1913542.99,1867886.2713740584,45656.71862594155
CUST-001821,Lane Ltd,1904858.98,1960800.1818455355,55941.20184553554
CUST-000364,"Kelley, Nguyen and Vang",1857712.13,1815080.3833190482,42631.74668095168
CUST-000136,"Lawson, Morris and Ramos",1826692.95,1765071.0225146522,61621.927485347725
CUST-000983,Williams Group,1823909.35,1775265.6122970728,48643.73770292732
CUST-000969,Aguirre LLC,1812345.72,1765435.1782229573,46910.54177704267
CUST-001255,Molina Inc,1812239.73,1676992.6137452864,135247.11625471362
CUST-001343,Williams-Juarez,1807833.24,2058413.2924588996,250580.05245889956
CUST-002482,Medina Group,1775783.01,1722322.5261285133,53460.48387148674
CUST-001573,Andrade-Jackson,1767171.09,1949884.7593408204,182713.66934082028
CUST-000804,Barton-Chapman,1753395.95,2094546.2304401486,341150.28044014866
CUST-000050,"Harris, Collins and Carney",1740439.67,1699025.0690068277,41414.600993172266
CUST-001709,Davis LLC,1712817.39,1735206.771027897,22389.38102789712
CUST-001105,Curry-Barker,1709804.39,1634818.1667016938,74986.22329830611
CUST-002261,Reeves Ltd,1709233.27,1702497.5168032937,6735.753196706297
CUST-000499,"Kennedy, Johnson and Lucas",1699175.08,1686412.0254857924,12763.054514207644
CUST-001025,"Johnson, Guzman and Mccall",1691072.44,2015997.8309860805,324925.3909860805
CUST-000998,Nelson-Johnson,1684841.98,1647880.8896758032,36961.09032419673
CUST-001993,Harvey-Diaz,1679898.23,1525602.2824921363,154295.94750786363
CUST-002207,Young Inc,1679509.2,1730906.2170273021,51397.01702730218
CUST-001849,Larson and Sons,1675896.01,1674923.2290097713,972.7809902287554
CUST-000958,"Miller, Davis and Anderson",1671882.27,1668927.3025671118,2954.9674328882247
CUST-001192,Wilson Ltd,1668025.06,1637550.0254041657,30475.034595834324
CUST-001644,Berry Group,1652540.48,1651426.6990993936,1113.78090060642
CUST-000081,"Sanchez, Wheeler and Harvey",1638731.26,1787619.3506717673,148888.09067176725
CUST-001046,Terry-Bowen,1634495.84,1619170.3588463282,15325.481153671863
CUST-000938,"Rios, Walker and Wright",1625114.52,1465581.4435153075,159533.07648469252
CUST-000728,"Arnold, Smith and Moreno",1621215.39,1629885.187432521,8669.797432521125
CUST-001180,Hernandez-Davis,1602914.01,1621386.8470093736,18472.837009373587
CUST-001084,"Steele, Williams and Preston",1602555.58,1596006.6104511416,6548.969548858469
CUST-000437,Ortiz-Morgan,1593728.8,1558434.6107801276,35294.18921987247
CUST-000977,Anderson Group,1590074.98,1938211.3282395825,348136.3482395825
CUST-002038,"Wilson, Johnson and Williamson",1589934.49,1609601.9095482233,19667.41954822326
CUST-001529,Moore-Chandler,1588697.58,2165005.823497389,576308.2434973889
CUST-000092,"Smith, Montoya and Evans",1573082.43,1604425.1731807515,31342.743180751568
CUST-001164,Wise-Dean,1566269.24,1591258.1347068253,24988.89470682526
CUST-000240,"Walker, Hernandez and Baker",1563473.54,1594666.7876619736,31193.247661973583
CUST-002161,Jackson-Ryan,1552326.9,1585721.3397474887,33394.439747488825
CUST-000449,Lee-Cooke,1544032.5,1515086.9297401286,28945.570259871427
CUST-001247,Aguilar-Bender,1535733.64,1465206.1348573335,70527.5051426664
CUST-000721,Landry Ltd,1528519.27,1555483.42689971,26964.156899709953
CUST-000053,Chapman and Sons,1520381.35,1592771.8371864874,72390.4871864873
CUST-000135,Mitchell-Jordan,1505952.87,1421178.5671659838,84774.30283401627
CUST-001954,Maxwell LLC,1496434.25,1636304.0989772105,139869.84897721047
CUST-002060,Davenport-Torres,1488155.71,1446699.2554884336,41456.45451156632
CUST-001525,"Wright, Wise and Ramos",1483605.24,1568934.0516742752,85328.8116742752
CUST-000486,Jones-Fox,1452405.98,1407777.889656827,44628.090343172895
CUST-001900,Cook-Turner,1446151.81,1312939.7391194745,133212.0708805255
CUST-001705,Williams Group,1441714.19,1408914.032977856,32800.15702214395
CUST-000962,Haynes-Moss,1423402.13,1402545.161376488,20856.96862351196
CUST-000427,Johnson-Wood,1420257.83,1389718.407017481,30539.422982519027
CUST-000564,Wright-Grimes,1414355.18,1273799.8582259943,140555.32177400566
CUST-000166,Medina-Navarro,1413286.09,1377513.1440989063,35772.94590109377
CUST-000052,Walker LLC,1412195.06,1315944.1666912884,96250.8933087117
CUST-001416,Spears-Andrews,1411460.44,1374461.242088601,36999.19791139895
CUST-001865,Navarro PLC,1407984.6,1376768.6469297335,31215.953070266638
CUST-000027,Baker and Sons,1406063.4,1461784.6330588777,55721.233058877755
CUST-001895,"Smith, Zimmerman and Wise",1401137.75,1360578.9621859037,40558.787814096315
CUST-000792,"Moore, Henderson and Bennett",1398821.1,1395766.323328126,3054.776671874104
CUST-000417,"Mullen, Brewer and Hernandez",1379073.84,1355377.3932125615,23696.44678743859
CUST-002481,Fernandez-Jackson,1373672.08,1342785.9067930942,30886.173206905834
CUST-002052,Houston PLC,1369958.04,1568903.2654559612,198945.2254559612
CUST-000797,Rodriguez and Sons,1361475.27,1376509.622739644,15034.352739644004
CUST-002281,Martin-Mcdonald,1358032.08,1346395.8782019753,11636.20179802482
CUST-001066,"Johnson, Duncan and Black",1355913.16,1229758.6961334713,126154.46386652859
CUST-002007,Mullen-Jones,1344564.25,1495666.994200991,151102.744200991
CUST-000920,Collins Group,1340449.03,1341584.2722317553,1135.2422317552846
CUST-001043,Bush-Reynolds,1338305.64,1357781.4153752092,19475.775375209283
CUST-001404,"Meyer, Dawson and Harper",1335858.59,1245880.289141408,89978.30085859215
CUST-002162,Murray Group,1330184.03,1317368.4616603365,12815.568339663558
CUST-001442,Fox Group,1321194.15,1323259.4782261893,2065.328226189362
CUST-002057,Perry-Peters,1313896.31,1317318.4827838608,3422.172783860704
CUST-000735,Branch and Sons,1312293.02,1294694.060465922,17598.959534077905
CUST-000393,Webster Inc,1311856.59,1967637.11803336,655780.5280333599
CUST-002376,"Munoz, Garcia and Williams",1296878.78,1301351.4032947328,4472.623294732766
CUST-001580,"King, Nixon and West",1295634.09,1292020.6063379957,3613.4836620043498
CUST-001400,Frost-Graham,1287201.31,1327952.9755466462,40751.66554664611
CUST-000494,"Marshall, Dominguez and Welch",1286907.29,1257432.8277694746,29474.462230525445
CUST-001183,Williams-Li,1281671.64,1282582.7584716072,911.118471607333
CUST-000846,Weaver-Sherman,1277348.09,1241500.911288938,35847.178711062064
CUST-002294,Brooks-Hickman,1276928.52,1223324.0132464492,53604.50675355084
CUST-000186,Johnston-Odonnell,1274159.07,1274737.3413545152,578.2713545151055
CUST-000649,"Zhang, Brooks and Miles",1273877.26,1240809.5666814966,33067.69331850344
CUST-001451,Haynes-Watson,1273080.08,1292054.1030664293,18974.02306642919
CUST-001501,Evans-Cannon,1271270.53,1268206.8647093659,3063.665290634148
CUST-001523,Huang LLC,1254064.79,1280382.2983895533,26317.508389553288
CUST-001373,Mills PLC,1251883.51,1248752.757359761,3130.752640238963
CUST-001610,Cohen-Johnston,1246939.61,1207577.1053481067,39362.504651893396
CUST-000304,Jones LLC,1246367.5,1242616.071466765,3751.428533235099
CUST-001908,Johnson PLC,1246210.54,1220318.42169639,25892.118303610012
CUST-000775,Ward and Sons,1232039.29,1231190.9324271341,848.3575728659052
CUST-001495,"Ferguson, Stout and Olson",1231335.14,1212068.92538513,19266.214614869794
CUST-000963,Chavez-Hall,1229653.31,1464627.4483386902,234974.13833869016
CUST-000700,"Ramsey, Hansen and Mendoza",1228896.38,1150506.2468261635,78390.1331738364
CUST-002235,Fuller LLC,1219840.94,1237976.9451214185,18136.005121418508
CUST-002122,"Garcia, Kim and Barrett",1208234.51,1229474.4131942156,21239.903194215614
CUST-002336,"Church, Guzman and Tucker",1202438.47,1210654.747680229,8216.27768022893
CUST-001915,"Hernandez, Riley and Buckley",1198996.26,1429476.198506467,230479.93850646704
CUST-001866,Meyer Ltd,1196412.47,1194153.4006392944,2259.069360705558
CUST-000611,Williams-Moses,1188069.8,1199890.5567750006,11820.756775000598
CUST-000623,Pearson and Sons,1179392.0,1158940.1276737296,20451.872326270444
CUST-002175,Knight PLC,1168662.12,1179575.5048321341,10913.384832134005
CUST-000748,Goodwin Ltd,1166044.04,1190588.7560631847,24544.716063184664
CUST-001113,Coleman-Bennett,1159542.58,1230820.123016002,71277.54301600181
CUST-000918,Herrera Group,1155163.2,1145637.600202879,9525.599797121016
CUST-001662,Henry-Taylor,1153677.7,1214182.1947299012,60504.4947299012
CUST-001173,Campbell Inc,1152993.5,1120089.276297421,32904.22370257904
CUST-000570,Williams-Campbell,1152255.6,1107156.2963334052,45099.303666594904
CUST-001351,"Valdez, Houston and Black",1151998.63,1152401.7949957948,403.164995794883
CUST-000483,"Andrews, Higgins and Carter",1149809.8,1170376.4547432945,20566.654743294464
CUST-001703,Thomas Inc,1148615.71,1160389.2304302969,11773.520430296892
CUST-000768,"Davis, George and Nguyen",1143926.3,1125031.8738459821,18894.426154017914
CUST-000666,Cannon Ltd,1138763.1,1110440.4535711014,28322.646428898675
CUST-000210,"Wood, Tran and Cooper",1122895.32,1170169.5825023921,47274.262502392055
CUST-001154,Anderson-Reyes,1118120.77,1114408.491003829,3712.278996170964
CUST-001322,"Hernandez, Knight and Aguirre",1108978.98,1111033.1370052767,2054.157005276764
CUST-001360,Mendoza-Garza,1105122.99,1040373.5727831768,64749.4172168232
CUST-002485,Nelson-King,1094248.58,1098306.5225075495,4057.942507549422
CUST-001399,Brock and Sons,1093691.66,1135861.8712034258,42170.21120342589
CUST-001153,Perez LLC,1088110.73,1056236.4242232768,31874.305776723195
CUST-000174,Lewis-Murphy,1086311.08,1110615.1651495518,24304.08514955174
CUST-002385,Montes-Hammond,1085867.25,1097671.2985982432,11804.048598243156
CUST-001466,Dillon-Mccarty,1075477.45,1074261.4187098457,1216.0312901542056
CUST-001550,"Hunter, Gross and Andrade",1073535.09,1083004.5362943856,9469.446294385474
CUST-000169,"Yates, Ramsey and Pittman",1073196.94,1089681.4636907836,16484.52369078365
CUST-002279,"Yates, Brown and Hernandez",1070849.46,1070629.3795557062,220.08044429379515
CUST-002372,"Johnson, Brown and Jordan",1070777.47,1098689.7120398434,27912.242039843462
CUST-000894,Bishop and Sons,1070166.11,1046464.8458287732,23701.26417122688
CUST-000971,Hernandez-Dawson,1066640.97,1102338.2011926018,35697.231192601845
CUST-001835,Jackson-Neal,1065614.92,1043266.6258660301,22348.294133969815
CUST-000907,Cruz-Allen,1061064.06,1119356.3617961335,58292.3017961334
CUST-001036,Kramer-Lane,1057926.67,1086856.9082869773,28930.2382869774
CUST-000989,Mendez PLC,1050409.77,1011073.830678602,39335.93932139804
CUST-000777,Taylor Inc,1049272.11,1071788.7499591268,22516.63995912671
CUST-001191,Marsh-Banks,1047900.47,1084495.4120514996,36594.942051499616
CUST-001083,Powell-Montgomery,1043404.73,1017273.177277629,26131.55272237095
CUST-000598,Thornton PLC,1040831.31,1093575.1473965717,52743.837396571646
CUST-002384,Martinez and Sons,1038841.85,1028030.5172256646,10811.332774335402
CUST-000779,Alexander-Jordan,1027139.58,997874.2126633226,29265.367336677387
CUST-000045,"Arroyo, Miller and Tucker",1021638.8,1002965.8069227091,18672.993077290943
CUST-001674,"Williams, Hughes and Hubbard",1020573.96,1000917.4030467366,19656.556953263353
CUST-000363,"Hernandez, Martinez and Weber",1015354.89,1015649.1904083923,294.3004083923297
CUST-001257,"Stevenson, Hancock and Newton",1012403.82,1079691.7273021424,67287.90730214247
CUST-000874,Williams Ltd,1009755.85,960515.0221912898,49240.827808710164
CUST-002026,"Martinez, Green and Lopez",1007012.0,967577.7121320431,39434.28786795691
CUST-001740,Larson LLC,1006074.48,968955.1509233933,37119.329076606664
CUST-000070,Hancock Inc,1002657.64,958982.7321133529,43674.907886647154
CUST-001750,Short PLC,999999.14,987365.5183695038,12633.621630496229
CUST-000394,"Miller, Ramos and Coleman",998867.93,981984.6038865879,16883.326113412157
CUST-002074,"Mayer, Palmer and Miranda",996761.76,1059093.0118408855,62331.251840885496
CUST-000703,Burgess Group,996703.62,979579.5520243946,17124.067975605372
CUST-000195,"Hernandez, Thompson and Boyd",995381.49,1031454.9135739575,36073.42357395752
CUST-000688,"Shelton, Peters and Williams",995287.55,973595.4335249795,21692.116475020535
CUST-001040,Barron and Sons,988474.77,973943.6067664186,14531.163233581465
CUST-002363,Moyer-Whitaker,985362.11,959502.6021270236,25859.507872976363
CUST-000891,Taylor-Ayala,978459.69,982718.3067361618,4258.616736161872
CUST-000929,Nelson-Brown,969805.82,914647.2454925197,55158.574507480254
CUST-001598,"Cunningham, Murphy and Wolfe",961454.22,962252.9822542263,798.7622542263707
CUST-000915,"Wang, Henderson and Morales",946342.32,992075.4389310121,45733.11893101211
CUST-001062,Randall PLC,943522.11,931025.8529903074,12496.257009692607
CUST-002313,Davis-Henderson,943441.92,936328.7260252174,7113.193974782596
CUST-001877,"Pratt, Lopez and Rodriguez",937789.29,945757.5981720238,7968.308172023739
CUST-001335,"Kennedy, Rowe and Diaz",934927.32,953922.8805764571,18995.56057645718
CUST-000492,Anderson-Bell,934786.45,916356.9745270135,18429.475472986465
CUST-002393,Carrillo Ltd,932085.86,1064841.3494331243,132755.4894331243
CUST-001860,"Blanchard, Davis and Schmidt",931737.76,923729.3473912319,8008.4126087680925
CUST-000821,Ray PLC,930645.22,930638.8715237998,6.348476200131699
CUST-001368,Burke-Norton,930264.02,885978.0810426187,44285.938957381295
CUST-002253,Reynolds and Sons,926929.19,933896.882255218,6967.692255218048
CUST-001741,"Hodge, Mckinney and Nelson",925512.18,922049.3202439289,3462.8597560711205
CUST-000640,Boyle-Smith,922405.22,924667.1063847919,2261.8863847919274
CUST-001344,Brown LLC,920785.96,915032.6559460224,5753.3040539775975
CUST-000120,"Rivera, Johnson and Wiley",917551.48,951650.3097229499,34098.829722949886
CUST-000024,Morales-Jones,915122.77,967490.2604604857,52367.490460485686
CUST-000697,Boone-Davis,914810.75,999160.6017768644,84349.85177686438
CUST-000945,Wood LLC,914769.95,844786.8877995029,69983.06220049702
CUST-000654,"Leach, Harris and Herrera",903481.43,858045.5461100299,45435.88388997014
CUST-000375,"Hoffman, Santiago and Jenkins",903392.08,885123.2274007008,18268.852599299164
CUST-002408,"Campbell, Davis and Arnold",900334.62,943688.9404689573,43354.3204689573
CUST-000956,Morse PLC,899880.04,900645.8687145635,765.8287145635113
CUST-000985,Underwood-Foster,899421.6,847329.3025844204,52092.29741557955
CUST-001768,"Soto, Vaughn and Griffin",897615.76,1021264.7630633324,123649.0030633324
CUST-001781,"Robles, Nguyen and Banks",897164.13,900824.3942090075,3660.264209007495
CUST-000055,Jones Inc,896418.42,903729.7391324209,7311.3191324208165
CUST-000187,Sanders-Espinoza,895217.15,895429.0870226494,211.9370226493338
CUST-001869,Davis-Garcia,889922.48,881857.105741786,8065.374258214026
CUST-000585,"Patel, Erickson and Evans",888251.04,870486.5896881856,17764.450311814435
CUST-000751,"Rivera, Campos and Taylor",887588.12,893426.3204013987,5838.2004013987025
CUST-002467,"Jackson, Mendez and Nguyen",886305.38,914113.9878642657,27808.60786426568
CUST-000196,"Nelson, Morton and Medina",883553.18,891604.7936732642,8051.613673264161
CUST-001661,Joseph-Brooks,883442.23,865721.7417790246,17720.488220975385
CUST-001427,Wright-Davis,883108.7,883391.5188279662,282.8188279662281
CUST-000146,Stafford Inc,879562.42,886128.4519057139,6566.03190571384
CUST-001639,Zamora-Briggs,877311.01,882826.9706590669,5515.960659066914
CUST-001340,"Martin, Palmer and Griffin",876929.64,856773.4632212803,20156.17677871976
CUST-002027,"Mann, Wade and Spence",872953.66,874403.5017095923,1449.8417095922632
CUST-002221,Fowler-Haynes,868942.59,878487.7597722921,9545.169772292138
CUST-000191,Reed Group,867960.17,853457.7093981549,14502.460601845174
CUST-000488,Williams-Hughes,862481.22,846836.4690000655,15644.750999934506
CUST-000555,Evans-Jones,861700.34,891444.3659134619,29744.025913461926
CUST-000780,"Mccann, Taylor and Flores",858393.05,892255.4267681347,33862.37676813465
CUST-001217,"Walsh, Wu and Hart",856214.55,960917.1183259024,104702.56832590234
CUST-001552,"Brown, Coffey and Fuentes",856024.95,865166.8225967366,9141.872596736648
CUST-002260,Mccann-Sanders,855728.27,876660.3292514086,20932.05925140856
CUST-000049,Hickman Ltd,853526.97,835531.6031461203,17995.36685387965
CUST-002472,"Willis, Vasquez and Goodwin",850538.67,847205.1123335592,3333.5576664408436
CUST-000397,Gregory-Watkins,849035.71,889338.2862406343,40302.57624063431
CUST-001854,Jackson Group,848902.54,852501.9837864514,3599.44378645136
CUST-000066,Morton-Chase,848628.43,854769.2056358325,6140.775635832455
CUST-001161,Clark Inc,848480.9,830638.6425022517,17842.25749774836
CUST-000226,Hernandez PLC,848275.03,1101398.754657679,253123.72465767898
CUST-000861,"Morris, Wright and Bridges",847383.43,827128.1438263797,20255.286173620378
CUST-001188,"Adams, Quinn and Watson",842801.4,828014.0843074119,14787.315692588105
CUST-000082,Sandoval-Cunningham,842024.57,832912.7587989785,9111.811201021424
CUST-000216,"Carlson, Hooper and Wall",833207.23,838639.0336890329,5431.8036890329095
CUST-000586,Richardson Ltd,832855.05,897035.0391214677,64179.98912146769
CUST-000209,Holt-Torres,826989.43,853555.6798286402,26566.24982864014
CUST-000087,"Ferrell, Jones and Lewis",824459.76,842965.3821570524,18505.622157052392
CUST-002047,Hughes-Smith,822162.99,868509.1095970828,46346.11959708284
CUST-000823,Wilson-Lambert,820418.12,840358.8907799805,19940.770779980463
CUST-000343,Lopez-Martinez,818325.66,1083756.6554169548,265430.99541695474
CUST-000912,Matthews Inc,811910.85,745964.5468013766,65946.30319862335
CUST-001995,Castro and Sons,809745.81,1040212.1995469928,230466.38954699272
CUST-000378,Bell-Lane,807294.95,805752.7332151692,1542.2167848307872
CUST-001429,Woods LLC,806844.51,809125.2193562496,2280.709356249543
CUST-001207,Christian-Booth,804943.44,805776.9564444941,833.5164444941329
CUST-002397,Orr Inc,801696.64,808323.8432035117,6627.203203511657
CUST-000200,Christensen PLC,801264.35,797208.7114132452,4055.6385867547942
CUST-000715,"Pena, Cohen and Scott",798530.23,874769.8261312096,76239.59613120963
CUST-000230,Kerr-Evans,796910.26,787741.231858119,9169.02814188099
CUST-000075,Novak PLC,795323.04,670043.6335816961,125279.40641830396
CUST-000145,Hernandez Ltd,788869.27,775993.5136240277,12875.756375972298
CUST-000745,Lam-Elliott,788480.5,763789.213063157,24691.286936842953
CUST-000587,Whitney PLC,783059.57,804215.4790389783,21155.909038978396
CUST-000068,Novak and Sons,782906.49,664773.8507873514,118132.63921264862
CUST-001357,"Campbell, Hernandez and Moore",782802.63,816109.1553199901,33306.52531999012
CUST-001088,Ramirez-Vasquez,778906.62,915763.7395839484,136857.1195839484
CUST-000069,Russell Group,777486.11,763689.5524916765,13796.557508323458
CUST-001372,Cruz-Rodriguez,776432.46,782163.6627810715,5731.202781071537
CUST-000426,"Brown, Romero and Collins",775984.1,745395.9958248307,30588.104175169254
CUST-001817,English-Dominguez,772743.82,791915.2251813395,19171.405181339593
CUST-002030,Sullivan Group,769270.34,789567.9968541965,20297.656854196568
CUST-000680,"Powers, Brennan and Sanchez",765726.8,739202.0802659127,26524.719734087354
CUST-000847,"Alexander, Robinson and Coleman",764981.48,716328.0523557845,48653.427644215524
CUST-001392,"Olson, Wood and Peters",757126.18,763938.9814046529,6812.801404652884
CUST-002419,"Armstrong, Taylor and Gray",756401.32,742939.7355439683,13461.584456031676
CUST-001210,Hunter PLC,753672.52,713048.199980754,40624.32001924596
CUST-001248,"Butler, Adkins and Skinner",753312.02,670313.1248972919,82998.89510270813
CUST-001612,Bailey-Flores,752806.42,706906.5543555355,45899.8656444645
CUST-000561,"Rodriguez, Allen and Martinez",751899.61,781957.9659789683,30058.35597896832
CUST-001452,Ramirez-White,750820.49,766634.1055927974,15813.615592797403
CUST-002151,"Brown, Baker and Garza",750127.78,775202.4654682243,25074.685468224226
CUST-000287,"Booker, Jones and Harrington",742267.22,794954.6899721582,52687.4699721582
CUST-001432,Porter and Sons,738612.81,714769.0714549528,23843.738545047236
CUST-001605,Ayala-Anderson,737644.81,769425.5918502277,31780.78185022762
CUST-002032,Smith Ltd,732856.38,683330.7425373818,49525.63746261818
CUST-000538,"Jones, Compton and Day",730419.92,691428.9409471187,38990.97905288136
CUST-000698,"Calderon, Williams and Bennett",730043.71,731629.6804254265,1585.9704254264943
CUST-001278,Rivera-Carter,727367.37,783707.7748752676,56340.404875267646
CUST-000650,Todd-Pham,727226.36,708484.6339214486,18741.72607855138
CUST-000051,"Brooks, Lam and Hayes",722378.99,693604.3714470837,28774.618552916334
CUST-001679,Gallegos-Hayes,722289.52,679356.4541958037,42933.06580419629
CUST-002438,Bowers Group,721047.72,761103.9798408821,40056.25984088215
CUST-002263,Hawkins Inc,719885.26,707335.3574462002,12549.902553799795
CUST-001583,Smith-Joyce,716275.44,773734.7611143955,57459.32111439551
CUST-001346,"Velez, Ward and Harrison",713227.94,685494.7780426492,27733.161957350792
CUST-000348,Willis and Sons,701455.52,748618.4866157143,47162.96661571425
CUST-002037,Mccullough-Taylor,695920.0,709329.8534839189,13409.853483918938
CUST-000115,Torres-Pope,694674.74,704312.5626686909,9637.822668690933
CUST-000747,Ali PLC,694671.79,698769.7083387128,4097.9183387127705
CUST-000111,Patton-Jenkins,692188.43,688237.8864154465,3950.543584553525
CUST-000022,"Watts, Robinson and Nguyen",691830.27,706342.8371538298,14512.567153829732
CUST-002137,Reyes Ltd,690940.17,679554.8572647711,11385.312735228916
CUST-002300,"Meadows, Robles and Anderson",689481.86,638672.2979385608,50809.56206143915
CUST-001233,Tran Group,689398.56,679437.3665733237,9961.193426676327
CUST-002025,Williams LLC,688923.95,639041.5828074485,49882.367192551494
CUST-002197,Clarke-Ramirez,686556.04,667484.0677416561,19071.972258343943
CUST-001890,Jones Ltd,681889.39,631105.5824834823,50783.8075165177
CUST-001702,Brown LLC,680215.92,639914.647454524,40301.272545476095
CUST-000351,Fernandez and Sons,678770.59,661701.5631264853,17069.02687351464
CUST-001081,Humphrey-Baker,675511.61,659867.8662374704,15643.743762529572
CUST-000448,Bean LLC,674140.17,660141.7824727081,13998.387527291896
CUST-001761,"Castro, Garcia and Daniels",673562.17,678693.4581812199,5131.288181219832
CUST-000684,"Flores, Harper and Chambers",670118.5,690340.0810152808,20221.581015280797
CUST-000824,Rose-Fowler,667636.48,660167.3786072914,7469.101392708602
CUST-000695,Price LLC,666455.82,612386.7129315913,54069.10706840863
CUST-002370,Howard LLC,666326.21,652199.7231547697,14126.486845230218
CUST-001381,Bell-Ballard,664559.89,635397.38381677,29162.50618322997
CUST-001581,Smith-Johnson,660739.57,591187.691798422,69551.87820157793
CUST-002366,"Curry, Estrada and Anderson",660294.6,672859.3871279288,12564.787127928808
CUST-002500,"Johnson, Collier and Powers",658655.56,651623.9755273964,7031.58447260363
CUST-001012,"Robinson, Fox and Smith",657817.34,661665.3599218084,3848.019921808387
CUST-001197,"Mcpherson, Anderson and Knapp",657392.52,574128.7069705159,83263.81302948412
CUST-001082,"Washington, Lynch and Johnson",656072.77,680892.1760391113,24819.406039111316
CUST-000757,Kelly Group,656058.43,634712.5383991668,21345.891600833274
CUST-001824,Good PLC,651374.71,644728.5385544028,6646.171445597196
CUST-001663,Perez Group,650757.73,692371.0917698508,41613.36176985083
CUST-000793,Ewing-Mendoza,648129.34,657030.1763291988,8900.836329198792
CUST-002399,Barnes-Blackwell,645043.33,651745.5042123577,6702.174212357728
CUST-000445,"Conner, Li and Santiago",639285.77,619832.2560884504,19453.513911549584
CUST-002241,Richardson-Long,638968.32,627291.3044785256,11677.015521474299
CUST-001518,Collins-Lloyd,637957.01,645066.5783381626,7109.568338162615
CUST-001517,Snyder LLC,637576.86,638744.1111644673,1167.2511644673068
CUST-000480,Barnes PLC,636960.02,604303.3791512444,32656.640848755604
CUST-001847,Washington PLC,636110.99,728585.5739791266,92474.58397912665
CUST-002129,"Nelson, Clarke and Schneider",632132.1,634117.9142320703,1985.8142320703482
CUST-000155,"Ramirez, Strickland and Washington",631623.15,627333.9867190818,4289.163280918263
CUST-000926,"Logan, Le and Jackson",631229.53,629659.5589017582,1569.971098241862
CUST-001401,Baker LLC,629730.52,624397.4090707344,5333.110929265618
CUST-002096,Williams-Rodriguez,625020.16,600564.6053592263,24455.554640773684
CUST-001158,Ferrell-Henry,624637.63,632141.1974141682,7503.567414168152
CUST-000170,Hooper PLC,623994.5,629105.558586472,5111.058586471947
CUST-000498,Robertson-Hays,623276.12,589177.2777304302,34098.84226956975
CUST-002494,Clark-Haley,621500.71,617787.009217887,3713.70078211301
CUST-001882,Ramirez Inc,621474.0,624576.5740557137,3102.574055713718
CUST-001945,Thompson-Santiago,617452.86,610057.4101139582,7395.44988604181
CUST-001650,Stewart PLC,612840.0,626986.2292136658,14146.229213665822
CUST-000231,"Branch, Torres and Oliver",612280.79,635411.2903944545,23130.50039445446
CUST-001943,Brown-Rodriguez,610170.53,612870.2291322339,2699.699132233858
CUST-001710,Richardson-Gray,609882.02,607896.0205556898,1985.9994443102041
CUST-001339,Bates PLC,608232.27,641152.5281908031,32920.25819080311
CUST-000769,Smith-Gutierrez,606274.14,575967.0022754859,30307.13772451412
CUST-001520,Miller-Christensen,606191.92,627795.414005023,21603.49400502292
CUST-002212,King-Lawrence,601788.57,767402.101726518,165613.53172651806
CUST-001606,Castillo and Sons,600804.26,610126.0007714886,9321.740771488636
CUST-001874,Erickson Inc,598719.84,590550.0992263687,8169.74077363126
CUST-000941,Walker PLC,598573.92,585596.7269767069,12977.193023293163
CUST-002277,Stewart Group,594814.94,604392.2334941904,9577.293494190439
CUST-001803,Abbott-Phelps,591138.67,597498.7609688343,6360.090968834236
CUST-000573,Luna-Gallagher,589582.24,597540.6025919641,7958.362591964076
CUST-001918,Haynes and Sons,586925.72,610535.8774490776,23610.157449077582
CUST-001778,Rodriguez-Mendoza,582999.2,568074.5852807147,14924.61471928528
CUST-001490,Dalton-Nguyen,578547.93,520486.4150921167,58061.514907883364
CUST-001519,Ford-Moody,577391.65,550580.3981487293,26811.251851270674
CUST-002403,"Harris, Stephens and Kramer",574917.5,565367.5607615605,9549.939238439547
CUST-001050,Miller-Colon,574742.24,535732.4629072016,39009.77709279838
CUST-001337,"Vincent, Anderson and Mason",573208.54,663364.0062574599,90155.46625745983
CUST-001906,"Barker, Tucker and Mcclure",573030.47,576796.6916361545,3766.2216361545725
CUST-001572,"Ray, Craig and Park",572185.36,591015.6179517482,18830.257951748208
CUST-001805,Smith PLC,571930.57,609066.2821749112,37135.712174911285
CUST-001634,"House, Smith and Wright",570056.77,577885.2611202578,7828.491120257764
CUST-001816,May Group,568236.64,602234.8606767864,33998.22067678638
CUST-000501,"Rivera, Martinez and Richardson",562527.09,613870.8751063092,51343.785106309224
CUST-000307,Castaneda-Rodriguez,561551.11,588738.5820091572,27187.47200915718
CUST-000525,Gonzalez-Taylor,560425.09,527462.4801107538,32962.609889246174
CUST-000665,Mitchell and Sons,557862.32,578235.4605622973,20373.14056229731
CUST-000893,Jones PLC,556163.61,612452.8595058837,56289.249505883665
CUST-002236,"Miller, Moore and Black",554919.81,545596.6079693057,9323.202030694345
CUST-002267,"Harvey, Turner and Foster",551481.68,537905.9934556744,13575.686544325668
CUST-001636,Reed LLC,551357.09,578414.2567226047,27057.166722604772
CUST-001809,Graham-Clark,550319.67,545023.8652166465,5295.804783353582
CUST-001732,Moore-Murray,550316.33,521248.45068615046,29067.879313849495
CUST-001622,Singh and Sons,549009.91,534963.353190179,14046.55680982105
CUST-000431,"Huang, Cole and Pacheco",548844.14,546680.1359037894,2164.004096210585
CUST-000084,"Edwards, Baker and Anderson",548497.0,577654.9185020231,29157.918502023094
CUST-001365,Johns Ltd,545235.69,530640.3622882934,14595.327711706515
CUST-001973,"Shah, Mcintyre and Villanueva",543475.31,529883.9117721422,13591.398227857891
CUST-001014,Brown-Hernandez,539083.9,557048.3609353869,17964.46093538683
CUST-001934,Butler-Aguirre,536275.96,530669.4131288986,5606.546871101367
CUST-000770,Hardy PLC,536263.63,501224.03486140847,35039.59513859154
CUST-002089,Preston-Harper,532399.18,527367.8419568057,5031.338043194381
CUST-001024,"Fry, Myers and Gamble",529283.15,504427.979525873,24855.17047412705
CUST-001265,"Morrison, Parsons and Brandt",524294.45,512303.2272272117,11991.222772788256
CUST-000515,"Gregory, Kim and Martinez",520900.05,506489.63990932587,14410.410090674122
CUST-002170,Pittman PLC,519252.44,530237.5230585614,10985.083058561373
CUST-000513,"Sullivan, Palmer and Brady",519049.47,519058.88818835316,9.418188353185542
CUST-001975,Quinn-Gordon,518939.03,525049.2324671036,6110.202467103605
CUST-001220,Castro-Harvey,516841.39,499232.8309678477,17608.55903215229
CUST-002012,Rojas-Smith,515253.76,495368.5671071328,19885.1928928672
CUST-000722,Duran Group,508513.46,456256.93002413685,52256.52997586317
CUST-001912,Brown-French,507131.95,504788.22692324355,2343.7230767564615
CUST-001074,Miller PLC,500167.0,495919.4067385809,4247.593261419097
CUST-002435,Williams-Hernandez,496635.06,487698.90870303556,8936.15129696444
CUST-001156,Bryant-Meyer,496392.73,490409.92470662674,5982.80529337324
CUST-001588,"Wright, Scott and Evans",496302.98,524025.65055671975,27722.670556719764
CUST-000248,"Matthews, Smith and Hubbard",496302.47,500877.31959254935,4574.849592549377
CUST-001524,Clayton-Martinez,494772.64,488348.25565761916,6424.384342380858
CUST-000302,Estrada-Nolan,494412.61,491237.7858358733,3174.8241641267086
CUST-001148,Mendez Ltd,488383.58,522201.89191634906,33818.31191634905
CUST-001179,"Davis, Rodriguez and Andrews",485670.83,571494.3034309824,85823.47343098238
CUST-002389,Soto-Sanchez,484938.97,487233.52173877956,2294.5517387795844
CUST-000657,"Burns, Nolan and Griffin",476660.72,494298.9705894342,17638.250589434232
CUST-000484,Mendez and Sons,476197.84,479827.2070269044,3629.367026904365
CUST-001987,Cruz Ltd,475478.75,486736.3648664584,11257.614866458403
CUST-001129,"Evans, Jackson and Sandoval",473308.25,476334.228829735,3025.978829735017
CUST-001236,"Ochoa, Garcia and Sandoval",472320.5,490521.7457669545,18201.245766954497
CUST-000637,Wilcox-Robertson,472213.79,561342.7994392497,89129.0094392497
CUST-001488,Sims-Anderson,470528.29,446056.794199047,24471.49580095295
CUST-000299,"Sparks, Jackson and Miller",469020.92,431610.4160903474,37410.50390965259
CUST-000610,Blevins-Ballard,465935.39,377656.1578527974,88279.2321472026
CUST-002177,Pearson LLC,461431.04,449883.00384125987,11548.036158740113
CUST-000624,"Rodgers, Jefferson and Johnson",460259.47,457988.6929137994,2270.7770862006
CUST-001994,Wong Ltd,457705.65,465395.5440876884,7689.894087688357
CUST-002406,Medina Group,455325.38,460085.36950773816,4759.989507738152
CUST-001268,"Palmer, Bennett and Patterson",455148.65,441626.42690563464,13522.223094365385
CUST-002266,"Mckinney, Pacheco and Smith",453772.72,434991.429532054,18781.290467945975
CUST-001965,Robinson-Phillips,452621.84,386492.74611550587,66129.09388449416
CUST-001078,Hernandez PLC,452038.32,454305.03302913666,2266.7130291366484
CUST-000516,Osborne LLC,441444.18,450411.6628130953,8967.482813095325
CUST-001190,Nelson-Cruz,438996.42,435034.80121267826,3961.6187873217277
CUST-000627,Lopez-Curry,437488.93,429994.4614203174,7494.46857968258
CUST-000259,Gutierrez-Lopez,437258.23,437055.8793883332,202.35061166679952
CUST-001830,"Miller, Schultz and Yates",437129.33,420188.95311656775,16940.37688343227
CUST-000385,"Farmer, Dorsey and Bell",436685.5,431336.78006511944,5348.719934880559
CUST-000341,Garcia-Jennings,435768.62,421746.38839629956,14022.231603700435
CUST-001596,"Delgado, Guzman and Smith",434720.21,425887.5675055654,8832.642494434607
CUST-000576,"Cole, Pierce and Bryan",434106.72,471331.3448048808,37224.62480488082
CUST-000249,Johnston-Hines,433869.53,438146.37742474163,4276.847424741602
CUST-001228,Bryant and Sons,430530.13,484572.639480796,54042.509480796
CUST-002429,Thomas and Sons,426762.26,412261.3669216568,14500.893078343186
CUST-001387,"Smith, Pena and Watts",426752.79,382106.3531255855,44646.4368744145
CUST-002286,Oneill and Sons,424481.62,407429.8992343946,17051.720765605394
CUST-001671,"Liu, Buchanan and Meyer",420721.69,424225.388788611,3503.6987886109855
CUST-000349,Schroeder-Kramer,419670.01,395240.7257561505,24429.284243849514
CUST-000866,Gibson-Freeman,413126.65,424095.6706760906,10969.020676090557
CUST-000160,Russell-Daniels,412161.04,412251.48166778765,90.44166778767249
CUST-001615,Hanson-Alexander,407949.73,387653.6057028376,20296.1242971624
CUST-000855,"Bell, Campbell and Ryan",407300.77,400090.6921094246,7210.077890575398
CUST-000306,Bruce-Gonzalez,406271.84,399247.31732546625,7024.522674533771
CUST-002009,Crawford and Sons,404245.63,372485.7178115873,31759.91218841268
CUST-001304,James-Short,401225.67,419352.629094355,18126.959094355
CUST-001240,Taylor PLC,400965.97,397114.6121716069,3851.3578283930547
CUST-002299,Nguyen-Dennis,400196.77,397069.18993498036,3127.5800650196616
CUST-001455,Brock-Peters,398305.66,442562.35198161943,44256.69198161946
CUST-001250,Mills Inc,398140.5,387516.63622180553,10623.86377819447
CUST-001385,Lopez-Fletcher,393966.45,384316.760470149,9649.68952985102
CUST-000667,"Stuart, Brooks and Vance",392622.51,435049.6742823712,42427.16428237117
CUST-000831,"Price, Carlson and Andrews",390946.46,408852.34317548556,17905.883175485535
CUST-002019,Watson-Roberts,390122.48,377194.0396833803,12928.4403166197
CUST-000922,Wilson-Salazar,389605.44,370412.9137650667,19192.52623493329
CUST-001064,Armstrong-Young,389122.85,382369.0659255462,6753.784074453753
CUST-001294,Miller Inc,388804.49,350835.9362061613,37968.55379383871
CUST-000132,Spencer-Lee,388524.15,450381.540746957,61857.39074695698
CUST-002264,Galvan-Ruiz,386135.36,391000.9563467861,4865.596346786129
CUST-000614,"Nelson, Hoffman and Nelson",384214.57,402079.1990208032,17864.6290208032
CUST-002356,"Brown, Orozco and Butler",381847.98,351596.530063363,30251.449936636956
CUST-001174,Gonzalez-Gonzalez,381708.33,392753.8059045966,11045.475904596562
CUST-002338,"Leonard, Ballard and Miller",380326.48,367777.6021682935,12548.877831706486
CUST-002041,"Fox, Harrington and Wang",379860.32,384978.2304502878,5117.9104502878035
CUST-002268,Anderson-Mcclain,378855.72,364835.85828425316,14019.86171574681
CUST-001680,"Mason, White and Richards",377428.14,372672.02368930564,4756.116310694371
CUST-001571,"Curry, Perry and Garcia",376981.98,355916.03116879985,21065.948831200134
CUST-001981,Castillo LLC,376232.61,386599.7933543452,10367.183354345208
CUST-001569,Lee Ltd,373442.0,373477.9881186115,35.98811861150898
CUST-000892,May Ltd,369465.54,377424.898602232,7959.358602232009
CUST-001270,Rivera Ltd,364751.78,362305.79311021534,2445.98688978469
CUST-001712,Carter and Sons,364361.96,420219.77361163707,55857.813611637044
CUST-001940,"Young, Wilson and Moreno",363777.23,373242.193379345,9464.96337934502
CUST-001667,"Burns, Nguyen and Ellis",359012.28,360834.8528445235,1822.5728445234708
CUST-000457,Bishop-Goodwin,359006.0,398701.879933958,39695.879933958
CUST-001054,Ruiz-Jacobson,358383.16,344305.427102946,14077.732897053997
CUST-002296,Miller Ltd,356503.2,361913.96208855184,5410.762088551826
CUST-000764,Ward-Nelson,355257.66,372797.70376590313,17540.04376590316
CUST-001097,"Johnson, Lee and Whitaker",354536.76,352827.17485380964,1709.5851461903658
CUST-001884,Sosa-Baker,353481.86,355200.98677669704,1719.126776697056
CUST-001176,Warner-Phillips,350219.27,345625.4918879467,4593.778112053347
CUST-001222,Wilson-Malone,349872.63,358291.1346369942,8418.504636994214
CUST-000978,Parks-Pace,347244.74,363253.0103933138,16008.270393313782
CUST-001774,Callahan PLC,344517.32,336198.8363046132,8318.483695386793
CUST-000323,Taylor and Sons,344421.06,355293.207263135,10872.147263135004
CUST-000288,Morgan-Schwartz,344051.1,323094.86738181603,20956.232618183945
CUST-000435,"Kim, Gonzales and Mills",342860.28,630975.1641201824,288114.88412018237
CUST-000220,Terry-Martinez,341485.02,351020.3128446727,9535.292844672687
CUST-001976,Schmidt-Mendoza,339737.79,382348.5444643356,42610.75446433562
CUST-000558,Edwards Ltd,338545.36,358436.2826241269,19890.92262412689
CUST-000708,Owens-Lang,336277.62,360008.12441926636,23730.504419266363
CUST-000830,Brooks and Sons,333116.29,339744.2367870837,6627.946787083696
CUST-001232,"Taylor, Porter and Moreno",332894.61,315904.42716958356,16990.182830416423
CUST-002127,Martinez-Massey,332256.73,337155.52689605183,4898.796896051848
CUST-001629,Alvarado-Durham,328369.51,320578.75471449405,7790.755285505962
CUST-000121,White-Estes,328147.9,396182.6652122781,68034.76521227806
CUST-000035,"Dyer, Potter and Mack",325912.03,327954.1968220238,2042.166822023748
CUST-001658,Hall Inc,325148.96,327970.03807755973,2821.0780775597086
CUST-000360,Boone-Simmons,324920.68,326520.5652105947,1599.8852105946862
CUST-001110,"Smith, Buck and Holland",324295.8,341109.05290239124,16813.25290239125
CUST-001933,Mann PLC,324247.88,317100.9601756847,7146.919824315293
CUST-001269,"Baker, Martin and Singleton",323771.12,289272.0694793851,34499.050520614896
CUST-000882,Williams Ltd,323709.78,345940.8855922521,22231.105592252046
CUST-001759,Lambert-Nelson,322474.3,293782.03128398804,28692.268716011953
CUST-000490,Cooper Ltd,320440.6,326269.33018525783,5828.730185257853
CUST-000851,Clark Ltd,319394.54,324748.0874453472,5353.547445347242
CUST-000795,"Barnes, Johnson and Schmitt",318933.66,333175.88003269833,14242.220032698358
CUST-000730,"Li, Craig and Drake",318024.78,309437.5573515877,8587.222648412338
CUST-002077,"Marsh, Nelson and Wolfe",317013.86,315809.69656857144,1204.1634314285475
CUST-001075,Arnold-Gates,316943.99,293901.59405208344,23042.39594791655
CUST-000946,"Mueller, Stevenson and Sanchez",316405.41,292901.38877117075,23504.021228829224
CUST-001620,Cooper Inc,315805.81,308574.9143554165,7230.8956445835065
CUST-000648,Mendoza Group,314507.79,307822.648761756,6685.141238243959
CUST-000863,Burton-Brooks,312559.61,313327.90215275803,768.2921527580475
CUST-001475,Edwards Ltd,310820.39,302147.7288147222,8672.6611852778
CUST-000743,Lewis Ltd,307478.23,306211.00920533785,1267.2207946621347
CUST-000089,Suarez LLC,307173.08,315743.74877237104,8570.66877237102
CUST-002033,"Cantrell, Rivera and Thornton",307064.53,420908.8418009649,113844.31180096488
CUST-001951,Jacobson Ltd,305138.35,261102.92492403853,44035.42507596145
CUST-000547,"Ferguson, Shaw and Jackson",304007.97,290317.7727895339,13690.197210466082
CUST-002425,"Fox, Chapman and Stone",303506.89,306942.64049471193,3435.750494711916
CUST-002402,"Bishop, Thomas and Powell",302083.42,297186.95914366236,4896.460856337624
CUST-002080,Watson-Washington,301459.29,283686.2264269655,17773.06357303448
CUST-002097,"Palmer, Brown and Wilson",299533.35,299563.82228785893,30.472287858952768
CUST-001293,"Parks, Johnson and Love",298800.12,296348.81266458315,2451.3073354168446
CUST-001559,Duncan Group,298266.35,289991.94648542814,8274.403514571837
CUST-001087,Morgan LLC,297843.82,291441.7446640378,6402.075335962232
CUST-002414,West PLC,297047.08,290893.13891337457,6153.9410866254475
CUST-001386,Lane Inc,296714.09,476315.4103395973,179601.3203395973
CUST-002240,"Serrano, Marsh and Gonzalez",294525.43,296208.249555159,1682.819555159018
CUST-001214,Mcgee-Smith,293707.5,300978.0199308432,7270.519930843206
CUST-001864,Murray-Leonard,292032.3,349164.615543264,57132.315543264034
CUST-000039,Harrell LLC,291095.21,303569.66943621007,12474.459436210047
CUST-000766,Hawkins-Hunt,290736.61,289022.6002814285,1714.0097185714985
CUST-001589,"Ross, Hardin and Navarro",290661.33,261507.83409172628,29153.495908273733
CUST-000157,"Mitchell, Nelson and Flores",290475.96,325230.01127205364,34754.05127205362
CUST-001096,"Powell, Deleon and Warren",290009.18,278175.2387173116,11833.941282688407
CUST-001682,White PLC,289564.63,279650.8707043056,9913.759295694414
CUST-001721,"Hall, Roberts and Lee",289402.74,285289.3534141665,4113.386585833505
CUST-002391,Hardin-Villanueva,286267.6,297794.59103289706,11526.991032897087
CUST-000043,Rodriguez LLC,284889.2,283282.57503622054,1606.624963779468
CUST-000839,Mckinney-Wallace,284363.8,300920.5009843158,16556.70098431583
CUST-000164,Smith-Bell,284206.43,272522.6276451885,11683.802354811516
CUST-001055,Davis-Stephens,282707.91,284870.66152862133,2162.75152862136
CUST-000010,Abbott-Munoz,279171.4,270060.7707566862,9110.6292433138
CUST-001328,Thompson PLC,279122.91,279657.18219389865,534.2721938986797
CUST-000403,"Hall, Hansen and Barnett",278471.65,291641.57222638896,13169.922226388939
CUST-002079,Smith PLC,278357.68,287353.68955402815,8996.009554028162
CUST-000631,Small-Anderson,276397.84,280738.7589944944,4340.918994494365
CUST-000591,"Williams, Castillo and Warren",274497.83,265188.1009433926,9309.729056607408
CUST-002357,Wilson-Dean,273940.21,267251.08693033725,6689.123069662775
CUST-000579,"Mcmillan, Fischer and Gonzalez",270470.84,258646.15712564575,11824.682874354272
CUST-001871,Lee-Johnson,267782.62,274181.0575567563,6398.437556756311
CUST-002305,Smith and Sons,267167.31,261995.05532250006,5172.2546774999355
CUST-000389,Bennett Group,266183.95,293948.3618650795,27764.411865079484
CUST-002297,"Castillo, Fuller and Adams",265753.27,258535.27222312518,7217.997776874836
CUST-000845,Adams PLC,264222.24,254322.1806921077,9900.059307892283
CUST-001726,"Campbell, Tyler and Parker",263903.45,261787.36164741058,2116.0883525894315
CUST-001287,Flores Inc,263225.69,231241.50955767586,31984.18044232414
CUST-000201,"Barnett, Rogers and Snyder",262404.43,257891.83723730152,4512.592762698478
CUST-002204,Young PLC,262262.05,264010.0305529566,1747.9805529566365
CUST-001208,Walton LLC,260938.23,257128.65745822416,3809.5725417758513
CUST-001166,Williams Inc,258720.98,252764.0518408628,5956.928159137198
CUST-001376,"Gordon, Wilson and Olson",258439.06,255245.4559553272,3193.6040446728002
CUST-001246,"Morris, Wilson and Bell",258433.4,259189.3634249302,755.9634249302035
CUST-002090,Jackson-Torres,258228.31,272325.30004767864,14096.990047678642
CUST-002301,Solis LLC,258113.12,236834.0534398512,21279.066560148785
CUST-000867,"Smith, Schroeder and Oconnor",255935.79,252010.7788115081,3925.011188491917
CUST-000422,"Cole, Glass and Cunningham",255462.99,242011.4319514582,13451.558048541803
CUST-001675,Lee Group,253248.26,244308.30207710312,8939.957922896894
CUST-002178,"Brock, Reynolds and Fernandez",251692.42,250271.05517965258,1421.3648203474295
CUST-000988,Ramirez-Stephenson,250764.28,248616.55059268887,2147.729407311126
CUST-002105,"Hines, Rice and Baldwin",249354.28,248230.64103478185,1123.6389652181533
CUST-001836,"Curry, Acosta and Elliott",248834.65,247723.20912096265,1111.4408790373418
CUST-000290,"James, Stewart and Higgins",248559.52,241826.325481359,6733.194518640987
CUST-000744,"Alvarez, Williams and Jones",248559.05,250254.61011836873,1695.5601183687395
CUST-000752,"Ramsey, Mason and Mccann",248385.09,248744.55126058136,359.46126058135997
CUST-002321,Carroll-Arnold,248214.97,245906.27342065077,2308.6965793492272
CUST-000172,"Alvarado, Miller and Patterson",247352.47,245875.16309397842,1477.3069060215785
CUST-001395,Adkins Group,246871.47,243270.3377886409,3601.1322113591013
CUST-001942,"Robinson, Townsend and Hopkins",246649.13,243155.6872016866,3493.4427983133937
CUST-001989,Wolfe-Salazar,245947.01,246159.9520356646,212.94203566460055
CUST-000321,Coffey-Phillips,245733.56,252897.4890382444,7163.929038244416
CUST-000064,"West, Henderson and Ramirez",245051.78,238077.76566757943,6974.014332420571
CUST-001770,"Chang, Lamb and Miller",244786.05,241751.2053377281,3034.8446622718766
CUST-000507,"Carter, Garcia and Murphy",244722.64,257458.10300604173,12735.463006041711
CUST-000224,Wilson-Jones,243357.04,247205.59584159713,3848.5558415971173
CUST-000590,"Patton, Parsons and Lane",242992.14,235177.90316198132,7814.236838018696
CUST-000295,"Brennan, Wallace and Benson",242980.43,248373.4237929365,5392.993792936497
CUST-000009,Garcia-James,242654.14,240423.71053943475,2230.4294605652685
CUST-002471,Williams and Sons,242485.34,242876.0039506053,390.66395060531795
CUST-001196,Carr-Huffman,242398.2,238472.8412362797,3925.3587637203163
CUST-000267,Valentine-Holland,242087.37,238774.7385890079,3312.631410992093
CUST-000138,"Jackson, Miller and Robertson",242014.08,236314.70261801302,5699.3773819869675
CUST-000094,Newton and Sons,241753.73,216508.93284940493,25244.797150595085
CUST-001611,Powers Group,240151.38,239327.7372707341,823.6427292659064
CUST-001829,"Davis, Kennedy and Harmon",239971.06,233142.2188559821,6828.841144017904
CUST-001687,"Cox, Mills and Cruz",239257.01,220039.03926095233,19217.970739047683
CUST-000852,"Norris, Callahan and Bishop",238690.05,233951.51832890612,4738.531671093864
CUST-000420,Thompson Ltd,237106.72,235762.0949899602,1344.6250100398029
CUST-001361,"Whitaker, Johnson and Williams",236998.57,231102.29166927573,5896.278330724279
CUST-001458,Taylor-Barry,236945.42,224898.655144862,12046.764855138026
CUST-001925,"Gardner, Morris and Oconnell",236587.03,237346.25574810515,759.2257481051493
CUST-002493,"Chavez, Sanchez and Bird",236569.56,243867.09828608125,7297.538286081253
CUST-001834,Yu-Yates,235346.37,235279.92011104015,66.44988895984716
CUST-001482,Jackson Inc,235091.55,235190.68387570427,99.13387570428313
CUST-001052,Little Inc,234658.95,280898.1920832938,46239.24208329379
CUST-000446,"Osborn, Gaines and Davis",234530.56,254020.980834028,19490.420834028017
CUST-001723,Mclaughlin and Sons,234324.45,218601.96707025787,15722.482929742138
CUST-000491,"Fuller, Ingram and Moss",233433.78,244696.93815301635,11263.158153016353
CUST-000767,Johnson LLC,232695.33,227738.74081676584,4956.589183234144
CUST-001780,"Andrews, Romero and Sullivan",232148.46,301880.5467592066,69732.08675920664
CUST-000019,"Adams, Zuniga and Wong",232041.63,235156.42001374,3114.7900137399847
CUST-002139,Wolf Ltd,228588.99,230898.48689794596,2309.4968979459663
CUST-000556,Moore Group,227449.27,294755.25399514876,67305.98399514877
CUST-002387,Mitchell-Jackson,227263.68,233182.46409687508,5918.7840968750825
CUST-000682,"Robinson, Shields and Brown",226633.83,222615.48409705365,4018.345902946341
CUST-002381,"Wilson, Harris and Ward",226619.45,237059.8418266465,10440.39182664649
CUST-001099,Hull Ltd,226249.09,230027.0219883531,3777.9319883531134
CUST-001932,Smith and Sons,225378.78,240097.4518155358,14718.67181553581
CUST-000786,Vargas PLC,225322.94,230331.81169704386,5008.8716970438545
CUST-001353,Gomez-Parrish,224157.54,218811.44159142862,5346.098408571386
CUST-000079,Jones Inc,223921.76,221786.5534501489,2135.2065498511074
CUST-000995,Mayo Ltd,223801.99,243315.26643874045,19513.27643874046
CUST-001120,"Nguyen, Hill and Douglas",223680.02,216627.31479412533,7052.705205874663
CUST-001543,Howard-Taylor,223659.32,208174.85001353937,15484.469986460637
CUST-002355,Henderson LLC,223526.62,270071.19230181596,46544.57230181596
CUST-000931,"Ward, Porter and Bradley",223167.36,222633.98313838738,533.3768616126035
CUST-000506,Morrison-Short,222556.17,231521.23914327362,8965.069143273606
CUST-001470,"Griffin, Miller and Austin",222130.85,244778.1969060617,22647.34690606169
CUST-002362,"Mcdonald, Ware and Sharp",221898.01,221332.57116580365,565.438834196364
CUST-001005,"Bradford, Salinas and Kelly",221639.66,219618.64735009935,2021.0126499006583
CUST-000606,Bush-Vaughn,221079.88,218562.2963458337,2517.5836541663157
CUST-001567,"Jones, Torres and Blackburn",220600.53,261687.3016815079,41086.771681507904
CUST-000314,Byrd-Le,220215.98,221051.1628763891,835.1828763890953
CUST-001272,"Williams, Randolph and Gilbert",219027.53,234909.63388590293,15882.103885902936
CUST-000954,Barnes Inc,217642.69,208172.9958196288,9469.69418037121
CUST-000826,Bruce-Williamson,217540.11,227815.9322850098,10275.82228500981
CUST-000421,Marshall-Elliott,217068.02,215979.7092600408,1088.3107399591827
CUST-001974,Baird-Williams,217016.32,211519.7266828328,5496.593317167193
CUST-000840,Miller Inc,217013.19,191235.86616427562,25777.323835724383
CUST-001279,"Moreno, Barajas and Colon",216776.79,215183.25837937527,1593.5316206247371
CUST-001646,"Anderson, Delgado and Carpenter",216111.71,219467.70394029774,3355.993940297747
CUST-000677,Mendez-Mayer,215231.45,215609.3942086907,377.9442086906929
CUST-000130,Cortez LLC,215185.86,208987.60513732143,6198.254862678557
CUST-000528,Contreras-Mckinney,213733.97,232627.38985830348,18893.419858303474
CUST-000380,Boone LLC,213353.9,210287.74484669647,3066.1551533035235
CUST-002093,Clark Inc,213110.05,220351.38615849218,7241.336158492195
CUST-000820,Goodwin-Stokes,212925.2,206801.39664194066,6123.803358059347
CUST-000137,"Lewis, Kennedy and Santana",212604.73,205805.03990941477,6799.690090585238
CUST-002340,Horton and Sons,211646.56,217419.23656405765,5772.676564057649
CUST-000759,Miller-Montgomery,211362.33,221285.6107430656,9923.28074306561
CUST-000076,"Daniels, Adkins and Brown",211264.81,200970.50363263523,10294.30636736477
CUST-002491,"Bernard, Flores and Fleming",211004.71,208753.18591742666,2251.5240825733345
CUST-000283,"Pollard, Simpson and Johnson",209893.83,206211.62016452407,3682.209835475922
CUST-001507,"Aguirre, Cohen and Mitchell",209826.79,210339.3827109129,512.592710912897
CUST-000107,"Wright, Garcia and Deleon",208008.13,223577.62163577386,15569.491635773855
CUST-001988,Schmidt-Phillips,207958.68,219135.30486943436,11176.624869434367
CUST-001576,"Ramos, Gomez and Edwards",206741.11,198901.58414656736,7839.525853432628
CUST-001731,Robles-Brewer,206688.33,207250.17232922613,561.8423292261432
CUST-002159,Watkins-Lozano,206599.75,208413.65455553317,1813.9045555331686
CUST-001773,"Miranda, Ruiz and Meza",206270.04,188586.05157932543,17683.988420674577
CUST-000367,"Le, Lewis and Hayes",205804.09,202889.78602054692,2914.303979453078
CUST-000184,"Higgins, Strickland and Martin",205296.41,208449.75000749086,3153.340007490857
CUST-002322,Palmer PLC,204906.3,218078.5514570734,13172.251457073406
CUST-002143,Beard-Wilson,204846.47,208385.02415825956,3538.5541582595615
CUST-000198,"Adams, Christian and Rivas",203982.81,207008.10475662246,3025.294756622461
CUST-002328,Miller Ltd,203971.68,205493.17154536437,1521.491545364377
CUST-002479,Miller-Fields,203952.33,201524.93367819075,2427.3963218092395
CUST-001563,Hebert-Collier,203663.75,207124.7694646619,3461.019464661891
CUST-000957,Haynes-Watson,203299.91,205282.56565842804,1982.6556584280333
CUST-000041,Ryan PLC,202310.82,200954.70404039678,1356.115959603223
CUST-000099,Williams-Cook,201540.86,196397.10220507934,5143.757794920646
CUST-002441,Smith-Kelley,201467.74,210869.5318430024,9401.7918430024
CUST-001019,Conner-Yu,201285.64,215908.54206875002,14622.902068750001
CUST-001787,Stephens-Young,201233.61,191860.14513444208,9373.464865557908
CUST-000873,Kramer-Shannon,200772.78,217227.49787094232,16454.717870942317
CUST-001060,"Contreras, Miller and Cooper",200266.37,204836.65711296408,4570.287112964084
CUST-000338,Bass PLC,200130.85,210158.323339643,10027.47333964298
CUST-000602,Payne-Lowe,199777.52,201243.26355525176,1465.7435552517709
CUST-001380,"Moreno, Perez and Lang",199668.46,216331.23342331895,16662.773423318955
CUST-001319,"Rios, Garcia and Harvey",199657.69,200072.65263308,414.9626330799947
CUST-000447,"Henderson, Cox and Cox",198782.37,199373.65534848123,591.2853484812367
CUST-001738,Morgan Group,198730.58,200087.98563245498,1357.4056324549892
CUST-001370,Jackson-Jennings,198222.38,219104.1740632042,20881.7940632042
CUST-000062,Powell LLC,198221.13,195331.68356799817,2889.4464320018305
CUST-001448,"Hensley, Lopez and Baker",196425.42,198718.37123864106,2292.9512386410497
CUST-000438,"Williams, Mccoy and Cook",196353.98,197464.42108454066,1110.4410845406528
CUST-002342,Santos Group,195902.31,190882.30313855884,5020.0068614411575
CUST-000853,Martin-Taylor,195240.79,195660.12942935078,419.33942935077357
CUST-001980,Holland Inc,194605.42,206745.39141941458,12139.971419414564
CUST-000328,Rodriguez-Hall,194355.78,194291.350247482,64.42975251798634
CUST-002144,Edwards-Bennett,193110.29,191794.0689390251,1316.2210609749018
CUST-002152,Jensen-Gomez,192954.37,194640.4304847451,1686.0604847451032
CUST-002016,"Wilkinson, Wallace and Torres",192445.46,193927.19801887707,1481.7380188770767
CUST-001978,"Mullins, Steele and Russell",192405.55,186999.24449454364,5406.305505456345
CUST-002423,Coleman and Sons,192264.63,190307.14417286168,1957.4858271383273
CUST-000017,James Group,192073.6,192212.20466779754,138.60466779753915
CUST-002439,Zuniga LLC,192030.25,196373.46381807915,4343.213818079152
CUST-000128,Diaz Inc,191375.96,189206.99340478276,2168.9665952172363
CUST-002311,Hunt-Burns,191018.77,176115.59727011897,14903.172729881015
CUST-000924,"Yang, Wilson and Zimmerman",190565.39,187589.936408146,2975.4535918540205
CUST-001645,Browning-Murphy,189944.57,185126.039865021,4818.530134978995
CUST-000523,Green LLC,189540.14,199925.6362157242,10385.496215724183
CUST-001015,"Stark, Schroeder and Mathis",189302.87,185712.16976974212,3590.7002302578767
CUST-000679,Wheeler Group,189035.12,198713.33247005948,9678.212470059487
CUST-002392,"Norton, Cox and Johnson",188886.52,194849.8168888276,5963.296888827608
CUST-000600,Fox-Edwards,188130.6,186247.48375317454,1883.1162468254624
CUST-002200,Edwards LLC,187955.27,184436.5963191169,3518.6736808830756
CUST-001348,"Nguyen, Padilla and Boyd",186894.15,188718.55933716588,1824.4093371658819
CUST-000465,"Rosales, Mitchell and Hines",186820.82,185905.89290376302,914.9270962369919
CUST-001393,Hinton-Lane,186763.37,186040.87367128956,722.4963287104329
CUST-001107,"Chan, Lewis and Walker",186682.98,186744.86434247115,61.88434247113764
CUST-002291,Tate Ltd,186236.84,190585.21513443848,4348.37513443848
CUST-001666,Jones Group,185212.72,184266.62294714738,946.0970528526232
CUST-000316,"Lucas, Parker and Alexander",185055.35,183900.71113154988,1154.638868450129
CUST-001041,"Jones, Mcmahon and Spence",184589.74,183909.6024305943,680.1375694056915
CUST-000339,Crosby-Ramirez,183782.43,180059.6026025595,3722.827397440502
CUST-000214,"Tapia, Vaughn and Lee",183212.19,183130.943075109,81.24692489099107
CUST-002415,"Smith, Morgan and Young",182932.21,180902.1391092721,2030.0708907278895
CUST-000713,"Butler, Hernandez and Rivera",182801.59,179290.16312705236,3511.4268729476316
CUST-000311,"Beltran, Lozano and Mcgee",182585.97,181808.4149084999,777.5550915001077
CUST-001961,Cortez-Chen,182369.77,197914.08167404763,15544.31167404764
CUST-002307,Holland-Best,182078.14,181531.7956301486,546.344369851402
CUST-000910,"Fisher, Payne and Thompson",182020.96,183096.06876424502,1075.1087642450293
CUST-000165,Castaneda-Ashley,181640.42,173558.0419130308,8082.378086969227
CUST-001752,Reeves-Boyd,181042.81,180978.77618049728,64.03381950271432
CUST-002140,"Saunders, Sparks and Harris",180831.82,181971.12211519163,1139.3021151916182
CUST-000553,May-Turner,180503.5,173930.05126373246,6573.448736267543
CUST-000645,Sullivan PLC,179914.72,175575.37642676398,4339.343573236023
CUST-001755,Garcia Ltd,179848.89,194212.0126005358,14363.122600535775
CUST-001405,Bowman Group,179847.09,173236.44932698418,6610.64067301582
CUST-002132,Tate Inc,179825.19,181137.73134046767,1312.5413404676656
CUST-002418,Mitchell-Glover,179702.13,178761.07709161474,941.0529083852598
CUST-001206,"Brown, Schneider and Moore",179482.11,176607.90428111964,2874.2057188803446
CUST-000255,Roberts-Landry,178311.95,179655.76136044887,1343.8113604488608
CUST-000440,King-York,178292.41,177533.893002781,758.5169972190051
CUST-000934,Williams Inc,178199.05,187874.76582119032,9675.71582119033
CUST-000615,Gilbert PLC,177938.43,172213.86502828385,5724.564971716143
CUST-001282,"Blackwell, James and Hogan",177888.7,184857.18386961304,6968.483869613032
CUST-001733,"Huang, Ford and Olsen",176990.35,175173.26079837835,1817.089201621653
CUST-001352,Kaufman-Walker,176772.3,177257.7068740276,485.40687402759795
CUST-001108,Byrd LLC,176295.59,169449.3702312997,6846.219768700306
CUST-000346,Zhang PLC,176278.83,174967.116585386,1311.7134146140015
CUST-000102,"Patterson, Smith and Jones",176172.32,170565.64532350827,5606.674676491733
CUST-002067,"Castillo, Graham and Scott",175877.32,178363.13368502297,2485.813685022964
CUST-000838,"Wagner, Simpson and Cohen",174589.49,167272.88919790304,7316.600802096946
CUST-000559,Gross-Valencia,174198.81,163811.4945615566,10387.315438443387
CUST-000352,Guerrero Inc,173812.2,176809.30248092263,2997.102480922622
CUST-001574,Pierce PLC,173791.44,171484.74789244673,2306.6921075532737
CUST-000374,"Watson, Anderson and Brown",173779.18,174924.4556419594,1145.2756419593934
CUST-001073,Bartlett-Sloan,173117.3,180509.09944681256,7391.799446812569
CUST-000221,Garcia-Smith,173018.15,171955.0255015539,1063.1244984460936
CUST-001169,"Jennings, Smith and Fisher",172588.75,183502.52966999996,10913.77966999996
CUST-001467,Ray Ltd,172471.04,214897.5100546727,42426.47005467268
CUST-000629,"Morrison, Hebert and Rogers",172138.62,162064.53548721765,10074.084512782341
CUST-000580,"Morales, Williams and Williams",172006.56,174083.22142693982,2076.661426939827
CUST-002003,"Bryan, Lam and Hayes",171796.95,170596.59490502608,1200.3550949739292
CUST-002368,Leon Group,170836.97,179830.95294575646,8993.982945756463
CUST-001799,Hudson-Gentry,170637.77,159816.58212434538,10821.187875654607
CUST-002325,Mack Inc,170558.77,173370.7203064285,2811.950306428509
CUST-001540,"Moody, Martinez and Hall",170336.23,165431.27565923624,4904.954340763768
CUST-001765,Williams-Johnson,170175.02,180204.09994939054,10029.07994939055
CUST-001779,Campbell LLC,169411.56,168742.72179293656,668.8382070634398
CUST-001532,"Robinson, Rodriguez and Chen",169042.57,169213.5755742796,171.0055742795812
CUST-000353,Smith and Sons,169029.03,166134.64623184153,2894.38376815847
CUST-000589,"Soto, Carlson and Baker",168886.68,168752.10190866064,134.5780913393537
CUST-000668,Kane-Knox,168616.98,167468.91043302196,1148.0695669780544
CUST-001306,Taylor Group,168226.18,155431.20488658288,12794.97511341711
CUST-000563,Dougherty-Lin,166766.11,180733.7568420178,13967.646842017828
CUST-001140,Taylor and Sons,166587.79,175008.24721860563,8420.457218605618
CUST-000972,Foster-Williams,166016.22,171510.35992626447,5494.13992626447
CUST-001544,Washington Group,165659.14,163563.4070243787,2095.7329756213003
CUST-000776,"Weber, Wheeler and Gonzalez",165464.59,163245.75435310963,2218.8356468903658
CUST-001969,Atkins-Robinson,165307.39,162297.90035783735,3009.4896421626618
CUST-001072,Flowers LLC,164662.87,163626.7131600854,1036.1568399145908
CUST-001185,"Edwards, Rodgers and Davis",164479.18,166213.15471209324,1733.9747120932443
CUST-001241,"Tanner, Hunt and Cameron",164351.17,153133.56721844253,11217.602781557478
CUST-000696,Rivera Inc,164269.99,170273.53308078804,6003.5430807880475
CUST-001369,Hanson PLC,163813.25,161562.12561721244,2251.1243827875587
CUST-000658,Chavez PLC,163309.89,168830.4559907811,5520.565990781091
CUST-000188,Vargas Ltd,162606.27,170661.16738016854,8054.89738016855
CUST-000791,"Porter, Schultz and Allen",162508.98,163917.11989032725,1408.1398903272348
CUST-001640,Raymond LLC,162376.82,160594.34267353555,1782.477326464461
CUST-000093,"Garcia, Humphrey and Baker",162178.07,166841.34213752608,4663.2721375260735
CUST-000569,Levy-Lewis,162033.72,172472.80140647513,10439.081406475132
CUST-001104,"Arnold, Cooper and Monroe",161802.18,160043.2698539042,1758.91014609579
CUST-000514,Cisneros and Sons,161545.95,164741.14175984135,3195.191759841342
CUST-000871,Adams-Clayton,160959.57,159243.47807580893,1716.0919241910742
CUST-001283,Cruz PLC,160723.52,151914.32365800563,8809.196341994364
CUST-001823,House-Johnston,160436.89,156814.55441746663,3622.3355825333856
CUST-001100,Hill Group,160343.93,158554.096089737,1789.833910262998
CUST-001715,"Clark, Brown and Duncan",160019.59,153692.4332720239,6327.1567279761075
CUST-001299,"Wilson, Smith and Cortez",159746.12,226637.58854681533,66891.46854681533
CUST-001578,"Jordan, Swanson and Franklin",158931.05,158747.0564488096,183.99355119038955
CUST-002430,Dawson-Anderson,158480.13,159130.65368448413,650.5236844841274
CUST-000061,"Brown, Valdez and Lucas",158272.85,159694.1202447647,1421.270244764688
CUST-000424,Hernandez-Jones,157876.35,155040.10510088282,2836.244899117184
CUST-002028,Watson PLC,157682.6,151701.67988513067,5980.920114869339
CUST-001428,"Goodman, Peterson and Spencer",157392.58,147105.5240362997,10287.055963700288
CUST-002147,Jordan-Edwards,157385.46,148455.06495703533,8930.395042964665
CUST-002158,Wright Ltd,156025.92,157284.74317241603,1258.8231724160141
CUST-001905,"Lee, Dominguez and Mosley",155816.52,165791.3980396429,9974.878039642907
CUST-002447,"Nguyen, Marsh and Beck",155801.84,151612.25175834214,4189.588241657853
CUST-001290,Hancock Group,155033.84,151668.37245454648,3365.4675454535172
CUST-000540,Humphrey PLC,155031.69,155926.22819386906,894.5381938690552
CUST-000117,Ross LLC,154501.23,168557.3583889963,14056.128388996294
CUST-002115,"Roberts, Bowen and Miller",154046.07,155783.04705269833,1736.9770526983193
CUST-001863,Scott PLC,153605.17,165297.10397284545,11691.933972845436
CUST-001175,Decker-Dudley,153586.48,157822.19896690644,4235.718966906425
CUST-001242,"Valencia, Joseph and Walls",153415.01,153405.94921805558,9.060781944426708
CUST-000199,Ramirez Group,152640.44,159415.94764549582,6775.507645495818
CUST-001034,"Barnes, Jackson and Gutierrez",152618.1,157718.02888691562,5099.928886915615
CUST-002050,Lara-Roberts,152244.44,152817.8824457442,573.4424457442074
CUST-001638,"Hill, Brown and Scott",152061.99,157227.49546673617,5165.505466736184
CUST-001561,Diaz PLC,151545.31,173624.65087341273,22079.34087341273
CUST-000415,Dixon Inc,151481.05,146262.22169330285,5218.828306697134
CUST-001999,Flores LLC,150438.8,151701.2416446827,1262.4416446827236
CUST-000425,Welch-Hogan,150437.31,143523.78909126995,6913.520908730046
CUST-001149,Powell-Sanford,150149.39,145980.97740582883,4168.412594171183
CUST-000930,"Proctor, Burton and Crawford",150028.94,140969.1933414584,9059.746658541611
CUST-002078,Davis-Carpenter,149208.26,149123.0171198705,85.24288012951729
CUST-001665,Newton and Sons,148989.68,154649.33692435088,5659.656924350886
CUST-001035,Bell-Bennett,148848.28,154032.08899763276,5183.808997632761
CUST-001760,Hill Inc,148717.24,146235.41811550694,2481.8218844930525
CUST-001132,Arroyo LLC,148388.26,152893.16833397443,4504.908333974425
CUST-001167,Wallace-Martinez,148272.24,142025.50065274202,6246.7393472579715
CUST-000327,Richards-Carson,147941.25,144000.22532850574,3941.0246714942623
CUST-000280,"Reyes, Chase and Jenkins",147824.48,145005.95034153128,2818.529658468731
CUST-002327,Hartman Group,147585.26,145324.2559100807,2261.0040899192973
CUST-000222,Harrison-Alexander,146849.01,143905.93434647802,2943.0756535219843
CUST-001801,"Haas, Cooper and Davis",146846.27,142531.09549572424,4315.174504275754
CUST-001737,Montes LLC,146442.86,151936.6933746885,5493.833374688518
CUST-000543,Torres and Sons,145856.07,140459.4619931115,5396.608006888506
CUST-000171,Meadows PLC,145756.16,143609.1136554894,2147.0463445105997
CUST-002413,Williams Ltd,145248.89,142878.27252571692,2370.6174742830917
CUST-000303,Santana-Byrd,145231.07,142359.14734594926,2871.9226540507516
CUST-001670,"Crosby, Armstrong and Herrera",145195.79,142708.90686882928,2486.8831311707327
CUST-001291,Harris Ltd,145126.1,149981.61305871804,4855.513058718032
CUST-001791,Parker Group,144983.13,144464.98350350474,518.1464964952611
CUST-001408,"Hale, Gilbert and Craig",144845.65,150237.5973726488,5391.947372648807
CUST-000152,"Simmons, Meadows and Griffin",144810.41,143523.81505659365,1286.5949434063514
CUST-000822,Diaz and Sons,144473.0,138571.18991544022,5901.81008455978
CUST-000705,Sanders and Sons,144268.22,141337.4266754006,2930.793324599392
CUST-001497,Diaz-Green,144103.22,133198.51469654494,10904.705303455063
CUST-000771,Armstrong and Sons,144015.43,141619.47731701442,2395.952682985575
CUST-001061,"Gutierrez, Avila and Perez",143853.44,142110.50651064314,1742.9334893568594
CUST-001127,"Reeves, Parks and Little",143828.29,145043.2790733036,1214.9890733035863
CUST-000908,"Wheeler, Rice and Levine",143814.14,142488.4636439624,1325.676356037613
CUST-000270,Baird-Sanchez,143708.01,133755.38083429544,9952.629165704566
CUST-002106,Jackson-Webster,142573.51,141747.35911857133,826.150881428679
CUST-001914,"Contreras, Ellis and Gregory",141983.81,138101.38865400827,3882.421345991723
CUST-000139,"Harvey, Davis and Crane",141983.47,142008.36514727987,24.89514727986534
CUST-001320,Stewart Group,141791.38,136207.20015687466,5584.179843125341
CUST-001441,"Ramirez, Walker and Ray",141618.08,141552.94288885334,65.13711114664329
CUST-000584,"Kirby, Wheeler and Romero",141398.5,139001.1689784291,2397.3310215708916
CUST-001894,Graves Group,141358.25,151760.88703566248,10402.637035662483
CUST-000575,"Lee, Tran and Jones",141069.92,134666.1699137251,6403.7500862749
CUST-000868,"Stanton, Reid and Terry",140884.31,140256.10488651402,628.2051134859794
CUST-002182,Ray and Sons,140793.8,143101.78429780935,2307.9842978093657
CUST-002369,Young-Hawkins,140664.77,137955.96031882844,2708.8096811715513
CUST-001922,Wilson PLC,140264.12,141177.35063219245,913.2306321924552
CUST-001130,"White, Davis and Anderson",139328.17,138655.3669407541,672.8030592459254
CUST-000979,Aguilar LLC,139174.71,140072.09849378458,897.3884937845869
CUST-000319,Buchanan LLC,138759.48,137835.1029521411,924.3770478588995
CUST-000131,"Parker, Ortiz and Powell",137257.0,136364.3686807169,892.6313192831003
CUST-001011,Davis and Sons,137216.16,136948.0595927282,268.1004072717915
CUST-002243,Smith Inc,136829.3,135845.1103546329,984.1896453670925
CUST-000763,Smith LLC,136565.71,158604.37724769826,22038.667247698264
CUST-000016,Galloway-Wyatt,136531.44,139151.80977394443,2620.3697739444324
CUST-002045,"Harding, Kerr and Ward",136284.53,137970.60275887352,1686.0727588735172
CUST-000409,Jackson-Meza,136282.5,138856.27442226457,2573.7744222645706
CUST-001165,"Vang, Stanley and Valdez",136153.68,136937.38569767584,783.7056976758467
CUST-001434,Perez and Sons,136047.56,138410.18191957867,2362.621919578669
CUST-001880,Hammond-Schwartz,135990.18,132439.09777373404,3551.0822262659494
CUST-000980,Johnson Inc,135765.09,137667.48210123443,1902.3921012344363
CUST-002398,"Whitney, Lloyd and Liu",135745.5,137482.11560155867,1736.6156015586748
CUST-000683,"Holder, Young and Hendricks",135688.13,136940.79455358433,1252.6645535843272
CUST-001267,Lopez and Sons,135584.09,132811.22633087198,2772.8636691280117
CUST-000568,Landry PLC,135038.42,133934.58598929556,1103.8340107044496
CUST-000755,"Sanders, Ayala and Johnson",135006.27,151731.97309718144,16725.703097181453
CUST-001090,Mccann-Ramos,134891.25,137209.51297840883,2318.262978408835
CUST-002446,"Murray, Cole and Cole",133416.58,135463.35903632152,2046.7790363215317
CUST-001832,"Osborne, Harrison and Hunt",133176.56,130899.42872256938,2277.1312774306134
CUST-000177,Curry Inc,133078.08,132068.33649491798,1009.7435050820059
CUST-002131,Archer-Dixon,132950.37,140772.82049221307,7822.450492213073
CUST-000903,Abbott Ltd,132742.67,131799.63827651239,943.0317234876275
CUST-000388,Davis PLC,132656.78,127958.55236932394,4698.227630676061
CUST-000192,"Wood, Hunter and Peterson",132538.05,129510.87708460052,3027.1729153994675
CUST-001769,Edwards-Roth,132464.7,137838.25172978762,5373.551729787607
CUST-001685,Higgins Inc,131708.76,130211.69851337626,1497.0614866237447
CUST-000746,White LLC,131608.21,130803.31600362921,804.8939963707817
CUST-001092,"Davis, Alexander and Mcintyre",131246.73,116538.6998071963,14708.030192803708
CUST-000182,"Gould, Marshall and Scott",131075.92,130810.64614854082,265.27385145919106
CUST-000661,Foster Inc,131014.94,138090.91884378967,7075.978843789664
CUST-002349,Mccoy Ltd,130743.38,127715.27211337634,3028.107886623664
CUST-000550,Miller Ltd,130524.08,135875.980604681,5351.90060468101
CUST-002283,Alexander Ltd,130293.48,130856.70234999018,563.2223499901884
CUST-002242,Duffy-Wilkerson,130246.44,129211.25983236196,1035.180167638042
CUST-002056,Davis-Ortiz,130223.4,126597.34819277754,3626.0518072224513
CUST-001728,Peterson-Ramsey,130095.18,135711.17529931464,5615.9952993146435
CUST-002215,Vega-Richmond,130017.64,126652.66192163686,3364.978078363143
CUST-000077,"Woods, Calhoun and Schmidt",129875.69,129524.54221542651,351.14778457349166
CUST-000376,"Pugh, Henderson and Moon",129267.46,109681.64099701947,19585.81900298054
CUST-001162,"Wagner, Martinez and Dawson",129186.51,129628.02178282749,441.51178282749606
CUST-001310,Medina-Arroyo,128893.98,122240.55632088151,6653.423679118481
CUST-001103,Thompson-Harrell,128474.28,135167.1454809821,6692.865480982087
CUST-000869,Flynn Group,128447.43,128579.5241406582,132.0941406582133
CUST-000381,"Richardson, Farmer and Andrews",128377.67,117173.36023568176,11204.309764318241
CUST-000674,"Gray, Hall and Murray",128286.2,130873.54509297958,2587.34509297958
CUST-000112,"Shields, Cochran and Adams",128232.39,129559.50660710315,1327.1166071031475
CUST-002146,"Dalton, Turner and Mccarthy",128083.84,130322.35715395359,2238.517153953595
CUST-001693,"Mack, Griffin and Sims",127416.65,124375.36014162611,3041.289858373886
CUST-000877,Harris-Barker,127285.46,127661.37805827573,375.91805827572534
CUST-001886,Bishop and Sons,127279.42,124725.94211373171,2553.477886268287
CUST-000990,Holland Group,127275.16,125137.6487157178,2137.511284282198
CUST-001538,Parks LLC,126933.88,127217.38532855282,283.505328552812
CUST-000072,House-Glover,126844.36,124452.71833653416,2391.641663465838
CUST-000025,"Walter, Edwards and Rios",126840.75,128233.26753541673,1392.5175354167295
CUST-001221,Moran-Cox,126836.17,124925.344803516,1910.825196484002
CUST-000609,Huang-Foster,126482.88,122103.27664285716,4379.603357142842
CUST-000312,Parsons-Hall,125828.38,122455.47576860139,3372.904231398614
CUST-001146,Johnston and Sons,125823.31,114112.60939695589,11710.700603044112
CUST-000153,Manning Group,125681.5,131428.66628682544,5747.166286825435
CUST-001309,"Thomas, Williams and Armstrong",125498.04,133300.81406748327,7802.774067483275
CUST-002195,Lucas-Johnson,125280.1,124312.68447819773,967.4155218022788
CUST-001009,"Thomas, Vaughan and Copeland",125156.09,126744.29719458491,1588.2071945849166
CUST-001086,Mccall-Prince,125109.82,139244.632447351,14134.812447350996
CUST-002084,"Norris, Cisneros and Mathis",125060.31,127156.26996218844,2095.959962188441
CUST-002163,"Robertson, Fisher and Smith",124686.64,110209.85623271835,14476.783767281653
CUST-000143,Gibson Ltd,124562.31,129318.22731409722,4755.917314097227
CUST-000727,"Durham, Hopkins and Smith",124501.67,123861.97602162439,639.6939783756097
CUST-001474,Miller LLC,124362.9,123223.44835044639,1139.4516495536081
CUST-000031,Burton Ltd,124071.97,126913.91750674957,2841.947506749566
CUST-001288,Jackson PLC,123529.07,123309.78830539681,219.28169460319623
CUST-001029,Fields Inc,123498.68,114414.84955411,9083.830445889995
CUST-001231,Ellis-Lawrence,123160.21,122578.19586497029,582.0141350297199
CUST-000857,"Adams, Hodge and Duke",122731.75,125808.64115320271,3076.8911532027123
CUST-001315,"Phelps, York and Randolph",122609.53,127478.29291551832,4868.762915518324
CUST-002120,Crosby-Richardson,122131.41,117602.4231413097,4528.986858690303
CUST-001804,Wood PLC,121767.38,122648.11288457838,880.7328845783777
CUST-000616,Sanchez Ltd,121552.12,114397.77343919645,7154.346560803548
CUST-000211,"Pierce, Bell and Chavez",121524.28,123941.90887584336,2417.6288758433657
CUST-002042,Johnson PLC,121173.67,120958.6363932281,215.03360677190358
CUST-000151,Salazar-Ball,121045.43,121392.91075951859,347.48075951859937
CUST-000337,"Newton, Moore and Perry",121017.37,125280.30166733106,4262.931667331068
CUST-000992,Ramirez and Sons,120878.18,115914.87623408523,4963.303765914767
CUST-002316,Rhodes-Holland,120812.09,121544.56576199844,732.4757619984448
CUST-000714,Hudson-Sanchez,120700.19,121689.54848669993,989.3584866999299
CUST-000626,Osborn Group,120666.87,139744.89726361108,19078.02726361109
CUST-000856,Werner-Carter,120171.18,110973.32143018852,9197.858569811477
CUST-000502,Paul-Kline,120143.0,115903.63861111783,4239.361388882171
CUST-000860,"Martinez, Cline and Wright",120082.18,120628.5833912193,546.4033912193117
CUST-001245,"Hester, Thompson and Daniels",119948.28,120818.8783941895,870.5983941894956
CUST-000205,Miller Ltd,119917.12,145929.52809197418,26012.408091974183
CUST-002373,"Perez, Hoffman and Tucker",119735.78,122443.11948000354,2707.3394800035458
CUST-001184,Phelps LLC,119678.78,122562.15813685124,2883.3781368512427
CUST-000442,Rangel LLC,119635.42,120541.58842482226,906.1684248222591
CUST-002324,"Carroll, King and Scott",119429.47,120881.00399875641,1451.5339987564075
CUST-000101,Figueroa PLC,119092.93,119916.96036835048,824.0303683504899
CUST-000976,Martinez Inc,118481.51,119161.99268662336,680.4826866233634
CUST-001371,Carlson-Jones,117489.52,117035.469283886,454.0507161139976
CUST-000119,May-Ross,117313.86,122677.44201663863,5363.582016638626
CUST-001123,Guerrero-Becker,117139.47,126139.60812904681,9000.138129046813
CUST-002124,Neal-Madden,117034.59,114522.23645205735,2512.35354794265
CUST-000535,Salazar Inc,116786.69,116986.28474786271,199.59474786270584
CUST-001504,Wright-Espinoza,116547.17,114231.79527712388,2315.3747228761204
CUST-000997,Durham-Shaw,116515.45,114438.58335904586,2076.866640954133
CUST-001694,Roach and Sons,116508.98,114821.98617395552,1686.993826044476
CUST-000106,Nolan and Sons,116414.11,115338.38336739092,1075.7266326090758
CUST-001956,Kane-Bennett,116100.82,124292.71179515411,8191.891795154108
CUST-001350,"Hudson, Bennett and Gray",116054.09,118602.40950691793,2548.3195069179346
CUST-001044,"Martin, Preston and Moore",115717.37,124976.22677463079,9258.856774630796
CUST-001277,Walker-Lewis,115706.53,118748.31307735396,3041.783077353961
CUST-001160,Perez Ltd,114865.28,116689.00629186517,1823.7262918651686
CUST-002417,"Wade, Richard and Hall",114761.54,117529.17092668553,2767.6309266855387
CUST-000702,Giles Ltd,114654.73,111222.18889084543,3432.5411091545684
CUST-000212,King-Martinez,114567.94,105773.35441294065,8794.585587059351
CUST-001624,"Webb, Blair and Thomas",114455.17,116670.71840854162,2215.5484085416247
CUST-002117,"Fitzgerald, Mcdaniel and Randall",113748.75,118037.25315669584,4288.503156695835
CUST-000914,Hunter-Fuller,113732.6,108823.4013734822,4909.198626517813
CUST-001252,Adams and Sons,113273.72,111571.00355032447,1702.7164496755286
CUST-002436,Torres-Brooks,113180.27,111488.11928029523,1692.1507197047758
CUST-002088,Collins-Cox,113161.54,110318.17003701748,2843.3699629825132
CUST-000292,Young Ltd,112844.87,107886.363318406,4958.506681593994
CUST-002359,Barber-Harrison,112843.24,109296.36331151312,3546.876688486882
CUST-000116,Walker Ltd,112469.94,115204.49503740329,2734.55503740329
CUST-001584,Foley Inc,111844.69,111376.48819975469,468.20180024531146
CUST-001558,Washington Inc,111175.86,114799.39510233056,3623.5351023305557
CUST-001695,Dean LLC,111105.32,100776.77192880314,10328.54807119687
CUST-001921,"Jackson, Garza and Meyers",110964.15,113255.99736341035,2291.8473634103575
CUST-002075,Duran PLC,110620.76,111462.58702998048,841.8270299804863
CUST-000808,Bailey LLC,110443.01,115567.60758863098,5124.59758863099
CUST-001137,"Carpenter, Oliver and Kennedy",110436.13,107247.25033666665,3188.879663333355
CUST-001962,Harris-Martinez,110254.78,113406.81243666592,3152.032436665919
CUST-002136,Jimenez Inc,110111.38,111236.99172235493,1125.6117223549227
CUST-002172,Davies-Morales,109666.19,108445.6814525823,1220.508547417703
CUST-001347,Keith-Williams,109613.43,110432.22936248462,818.7993624846276
CUST-001526,"Vang, Gonzalez and Moss",109416.74,108642.14552425113,774.594475748876
CUST-001256,Cervantes-Garcia,109348.61,106568.8271836943,2779.7828163056984
CUST-000794,Ferguson-Mclean,109176.67,105898.5548913507,3278.1151086493046
CUST-001797,"Carter, Gilbert and West",108874.0,105720.53898713696,3153.4610128630447
CUST-001555,Rodriguez-Mills,108864.23,118820.96665468258,9956.73665468258
CUST-002401,Smith-Ramirez,108815.25,115850.92404496037,7035.674044960368
CUST-001796,Guerrero Group,108334.96,110843.06947806722,2508.109478067214
CUST-001697,"Aguirre, Franklin and Snyder",108215.81,112522.12380889537,4306.313808895371
CUST-000387,"Morales, Thomas and Schultz",108182.21,108179.40646006115,2.803539938860922
CUST-000601,Stevens PLC,107648.97,109062.57189194341,1413.6018919434136
CUST-002218,"Johnson, Stevenson and Lindsey",107429.45,105531.13321400486,1898.3167859951354
CUST-001668,Patterson Inc,106963.31,98903.90687272813,8059.403127271871
CUST-002463,Scott-Wilson,106881.29,107312.53617338162,431.2461733816308
CUST-000825,"Price, Long and Wilson",106569.44,108671.9380752316,2102.498075231604
CUST-001597,"Reyes, Torres and Williams",105573.95,108161.29345470793,2587.343454707938
CUST-000384,"Gallegos, Adams and White",105554.27,105032.64144366246,521.6285563375422
CUST-001729,"Choi, Collier and Lee",105553.9,98679.45339659421,6874.446603405784
CUST-001776,"Stark, Rivera and Valencia",105153.82,103513.76727643298,1640.0527235670306
CUST-000842,Medina and Sons,104996.07,107657.86570080595,2661.7957008059457
CUST-000734,Chung-Stevens,104606.16,102382.16778169683,2223.992218303174
CUST-002224,Turner-Mayer,103917.9,96376.39977294627,7541.5002270537225
CUST-002107,Beltran Inc,103688.81,105615.2454735713,1926.4354735712986
CUST-000460,"Valentine, Joyce and Murray",102945.03,101382.32986103388,1562.7001389661164
CUST-000636,Thompson Ltd,102766.29,105768.09082517678,3001.8008251767897
CUST-002292,Clay Inc,102627.76,102011.24013407959,616.5198659204034
CUST-001006,Thompson PLC,102604.51,100340.17929957721,2264.3307004227827
CUST-001960,Hughes and Sons,102545.61,98913.26793644836,3632.3420635516377
CUST-000142,Riggs PLC,101981.19,100420.6348476454,1560.555152354602
CUST-000952,Blake Group,101825.08,102052.30550073305,227.2255007330532
CUST-001566,"Brown, Jensen and Rice",101659.2,100974.19676638149,685.0032336185104
CUST-000854,Li Inc,101601.87,96740.98222443889,4860.887775561103
CUST-001307,"Phillips, Walters and Evans",101384.3,106856.99686127983,5472.696861279823
CUST-000872,Kelley-Anderson,100991.3,103513.4540658124,2522.1540658123995
CUST-002171,Mitchell Inc,100961.35,111500.18367973217,10538.833679732168
CUST-001115,Byrd-Holloway,100764.44,109356.44984574558,8592.009845745575
CUST-002000,"Frazier, Ramirez and Brown",100655.75,104168.88899872443,3513.138998724433
CUST-000940,Shaw Inc,100432.99,101112.04743541531,679.0574354153068
CUST-001068,Thompson-Joyce,100428.52,104732.318993306,4303.798993306002
CUST-002484,"Roberts, Stanton and Smith",99442.97,98489.22734004454,953.7426599554601
CUST-001953,Burgess LLC,99004.67,101194.87200822623,2190.2020082262316
CUST-000850,Gonzales Inc,98940.36,98194.44279224481,745.9172077551921
CUST-001223,Smith LLC,98466.51,98074.92551704156,391.58448295843846
CUST-000761,Moore-Dawson,98198.92,97306.00200829524,892.9179917047586
CUST-001982,Warner PLC,98179.19,105900.47525282737,7721.285252827365
CUST-001515,Martinez-Gonzales,98011.85,97381.44748977838,630.4025102216256
CUST-000048,"Martin, Rose and Obrien",97988.14,97047.2851349625,940.8548650375014
CUST-001785,Peterson Ltd,97958.7,90036.46614755802,7922.233852441976
CUST-001689,Tate LLC,97675.87,97917.98607693805,242.11607693805126
CUST-001553,Warren Group,97485.76,100427.62258631321,2941.8625863132183
CUST-000961,Green-Edwards,97472.56,93927.56999611782,3544.9900038821797
CUST-002495,Smith-Holt,97360.14,103432.51901238499,6072.37901238499
CUST-002466,Parker Group,97327.17,97421.50850578008,94.33850578007696
CUST-001585,"Short, Ellison and Dixon",97303.08,94672.24297272172,2630.8370272782777
CUST-001891,Waters-Smith,96852.46,96281.9553497508,570.5046502492041
CUST-000242,Larson-Holloway,96462.61,94574.88709402182,1887.722905978182
CUST-001186,Smith and Sons,96428.36,135789.5270941963,39361.167094196295
CUST-000477,Scott and Sons,96005.26,98639.59944029995,2634.3394402999547
CUST-000817,Foster-Mclaughlin,95626.39,100447.04109158837,4820.65109158837
CUST-000736,Sutton-Abbott,95304.86,94623.59447112042,681.2655288795795
CUST-000710,Edwards-Williams,95129.58,96347.1545386625,1217.5745386624912
CUST-000596,Shaw-Carr,95030.68,102327.210084035,7296.53008403501
CUST-001879,"Mayer, Fowler and Livingston",94935.71,102931.01376396559,7995.303763965581
CUST-001875,Gates and Sons,94535.29,98930.33361122849,4395.043611228495
CUST-002231,Hunter-Bell,94399.66,99124.4328831484,4724.772883148398
CUST-000021,Gray-Mayo,94306.56,128931.10425080363,34624.544250803636
CUST-000356,Strickland-Palmer,94242.44,93704.35917420419,538.0808257958124
CUST-000725,Wagner LLC,94216.97,90073.90874741506,4143.061252584943
CUST-000018,"Flowers, Martin and Kelly",94200.72,90119.09896811511,4081.62103188489
CUST-001828,Marshall-Miller,93924.48,92206.93070668036,1717.5492933196365
CUST-000194,Reid-Poole,93532.83,95083.35651166765,1550.5265116676455
CUST-000639,Holden Group,93404.37,87584.5042634979,5819.865736502092
CUST-000122,Johnson-Carlson,93371.77,93335.3269775047,36.44302249531029
CUST-001923,"Walker, Brock and Simmons",92811.44,97272.11954675369,4460.679546753687
CUST-001833,Berry-Rivera,92739.3,87188.91228417029,5550.387715829711
CUST-002055,Jones-Choi,92674.17,93211.59206978891,537.4220697889104
CUST-001367,"Haney, Dillon and Jackson",92658.21,93377.74332093792,719.5333209379169
CUST-001767,White-Carlson,92598.63,95038.18789672344,2439.5578967234323
CUST-002203,Hahn-Ramsey,92509.56,98799.74557721849,6290.185577218494
CUST-001547,"Mcdonald, Dillon and George",92260.05,91481.57475058023,778.4752494197746
CUST-001218,"Powers, Clements and Cox",90858.12,89917.86241192471,940.2575880752847
CUST-000701,Turner-Stout,90713.35,92253.63170779697,1540.2817077969667
CUST-000709,"Harrison, Franco and Rocha",90706.6,90315.31215240073,391.2878475992766
CUST-001324,Joseph Ltd,90183.48,101659.35770894574,11475.877708945744
CUST-001128,Knox-Powers,90090.41,91443.52147601316,1353.1114760131604
CUST-002119,Lopez-Jones,89159.04,88381.63966670439,777.4003332956054
CUST-001651,"Fry, Wilson and Stewart",89110.72,89904.94279430552,794.2227943055186
CUST-002421,Gibson-Thomas,89036.29,89593.57574644206,557.2857464420667
CUST-001251,Thomas-Santiago,88906.2,91047.2818633049,2141.0818633049057
CUST-000123,Chandler-Edwards,88898.96,92683.05765276797,3784.0976527679595
CUST-002114,Simpson LLC,88847.68,91182.71150115805,2335.0315011580533
CUST-001418,"Jones, Phillips and Arroyo",88542.77,96113.03748090284,7570.267480902839
CUST-001150,Smith-Ferguson,88048.13,85397.68076249989,2650.4492375001137
CUST-001707,"Guerrero, Graves and Armstrong",87870.52,91687.82672785023,3817.3067278502276
CUST-002220,King Group,87813.2,87914.04933705261,100.8493370526121
CUST-001420,"Wright, Ramos and Bennett",87739.23,86776.7360803098,962.4939196901978
CUST-002023,Mcpherson Ltd,87669.11,84681.89777348119,2987.212226518808
CUST-000243,Gonzales-Harrison,87459.69,92681.37473695996,5221.684736959956
CUST-000399,"Brown, Harris and Dougherty",87336.17,89239.31545351667,1903.1454535166704
CUST-001093,Figueroa-Malone,87279.07,88830.0535592607,1550.9835592606978
CUST-002210,Robinson-Rodriguez,87249.66,90014.5301455626,2764.8701455625996
CUST-000373,Reynolds Ltd,87136.14,85725.39431447798,1410.7456855220225
CUST-000004,Davis and Sons,86833.39,89812.36615223944,2978.97615223944
CUST-001887,"Vasquez, Thomas and Mack",86764.81,82990.87474921613,3773.935250783863
CUST-002187,Hernandez-Hernandez,86585.01,83792.95169451385,2792.058305486149
CUST-002112,"Perez, Rodriguez and Rollins",86568.09,86906.63194092261,338.54194092261605
CUST-001469,Nunez-Freeman,86530.53,80754.76412067887,5775.76587932113
CUST-001772,"Mcdonald, Bryant and Cohen",86325.48,85072.61625792334,1252.8637420766609
CUST-001775,Durham-Myers,85766.62,81882.360890691,3884.2591093090014
CUST-002448,Hughes-Mccullough,85759.25,82163.17883163506,3596.0711683649424
CUST-001862,"Garrison, Rogers and Adams",85418.09,87216.59452923531,1798.504529235317
CUST-001600,Maddox-Mullins,84919.79,83684.6926952234,1235.0973047765874
CUST-001116,Silva-Smith,84107.04,85452.84263967344,1345.8026396734494
CUST-002219,Vazquez Ltd,83830.06,85544.34214728892,1714.282147288919
CUST-001858,Roberts Group,83510.33,91485.64207238438,7975.312072384375
CUST-000932,Moore-Ayala,83452.5,86088.04853922855,2635.548539228548
CUST-001056,Watson Group,83326.8,81009.22626080102,2317.5737391989824
CUST-000046,Spence PLC,83151.89,82985.12061468716,166.76938531284395
CUST-002183,"Hayden, Harmon and Mcdonald",82843.12,89668.93161929557,6825.811619295579
CUST-001253,Vega-Thomas,82804.37,82830.48388631939,26.113886319391895
CUST-000879,Baxter LLC,82400.38,111803.40314892134,29403.023148921333
CUST-001794,"Brown, Robinson and Taylor",82315.59,83820.21120046044,1504.6212004604458
CUST-002164,Chapman-Odom,82054.67,76440.43771705349,5614.232282946512
CUST-000350,"Smith, Garrison and Thomas",81986.96,81574.97110234342,411.9888976565853
CUST-001238,"Moon, Farmer and Hill",81875.89,82754.2683868763,878.3783868762985
CUST-000628,Mcdowell-Smith,81852.94,85299.97896509245,3447.038965092448
CUST-001699,Ortiz-Miller,81684.21,81878.47187671007,194.26187671006483
CUST-000096,Harris-Walters,81423.95,81468.41919231051,44.46919231051288
CUST-001647,"Mcbride, Huffman and Parker",81352.23,80807.0039232233,545.2260767767002
CUST-002480,Patton and Sons,81289.67,88004.52566012974,6714.855660129746
CUST-002345,Martin and Sons,81171.88,76457.91928577429,4713.9607142257155
CUST-000689,David-Powers,81088.15,90299.5889730696,9211.438973069613
CUST-000277,Cook-Hines,80458.8,74927.67797502973,5531.122024970275
CUST-000396,Reed Inc,80428.41,79907.0724192202,521.3375807798002
CUST-000595,Hernandez-Vaughn,79966.07,84055.55676287544,4089.486762875429
CUST-001535,Perkins Ltd,79964.67,79440.98611123479,523.683888765212
CUST-001717,"Peck, Andersen and Mitchell",79625.81,86590.79369992051,6964.9836999205145
CUST-001892,Hernandez-Bowman,79270.81,80239.03193488195,968.221934881949
CUST-000660,Chambers-Parker,79149.39,80962.4524797544,1813.0624797544006
CUST-002247,Burke-Hernandez,79066.48,76802.21601305997,2264.26398694003
CUST-001443,Ayers-Johnson,78971.41,75635.1767928188,3336.233207181198
CUST-001359,Cortez-Olson,78464.61,77441.53431815469,1023.0756818453083
CUST-001545,"Phillips, Terry and Lopez",78035.01,80569.43621809283,2534.4262180928345
CUST-000001,"Rodriguez, Figueroa and Sanchez",77883.23,84505.26626507872,6622.036265078728
CUST-000750,"Allen, Davenport and Price",77821.74,72623.4444567857,5198.295543214306
CUST-000279,Pollard and Sons,77396.65,83780.09565541075,6383.44565541076
CUST-000511,Mendez-Graham,77121.3,82346.36281164883,5225.062811648822
CUST-000659,Bryant-Brown,77001.03,68746.39653485117,8254.633465148829
CUST-000275,Monroe-Carpenter,76601.85,76119.98312508137,481.8668749186327
CUST-001472,Davidson LLC,76558.54,78977.02909179781,2418.489091797819
CUST-000113,"Rodriguez, Brennan and Garrison",76493.21,73714.91690452202,2778.2930954779877
CUST-000175,Ramirez-Bean,76340.9,69228.00535671631,7112.894643283682
CUST-001826,Nixon-Miller,76225.78,75078.46775784361,1147.3122421563894
CUST-002379,"Casey, Meza and Colon",76152.08,87216.51890452104,11064.438904521041
CUST-002490,"Lutz, Johns and Clark",76121.42,78096.09603127619,1974.6760312761908
CUST-001016,Yu-Brooks,75951.71,71906.05274686916,4045.6572531308484
CUST-002072,Ward-Fields,75346.81,77593.9291427264,2247.1191427263984
CUST-002036,Morgan-Rodriguez,75144.49,76475.47769190473,1330.9876919047238
CUST-001613,"Rios, Carrillo and Jackson",75046.71,74706.66552057647,340.04447942353727
CUST-002008,Hill Ltd,74803.86,86334.39864348754,11530.53864348754
CUST-001301,Haynes Inc,74492.27,70468.31648601188,4023.953513988119
CUST-000451,"Wise, Conley and Stephenson",74046.5,74554.91922921383,508.4192292138323
CUST-000673,Nunez-Stephens,74043.29,74990.34110291663,947.0511029166373
CUST-001355,Shaw and Sons,73493.44,76097.2194695169,2603.7794695168996
CUST-001477,Nelson-Wallace,73430.87,74952.79558609937,1521.9255860993726
CUST-002142,"Payne, Cisneros and Johnson",72891.82,80962.9867677777,8071.166767777686
CUST-000968,Baker-Wilson,72778.22,75692.68022620861,2914.460226208612
CUST-000605,"Evans, David and Hendrix",72528.71,74790.9915577085,2262.2815577084984
CUST-001195,"Gregory, White and James",72444.66,72763.4423428616,318.7823428615957
CUST-000268,Jimenez Ltd,72406.39,72033.01843650387,373.3715634961263
CUST-001085,Vaughn-Williams,72305.0,71314.62253976232,990.3774602376798
CUST-000944,Murphy-Tran,71859.63,73023.17700387529,1163.5470038752828
CUST-001530,"Pineda, Meyer and King",71721.84,80177.41029278848,8455.570292788485
CUST-000090,Moore-Bass,71543.68,76633.70296281742,5090.0229628174275
CUST-000505,Acosta Inc,70629.15,70202.46979423208,426.68020576791605
CUST-001586,"Howe, Moore and Johnson",70487.66,73245.28314100852,2757.6231410085165
CUST-000548,"Moore, Hopkins and Le",70172.22,69678.38511623016,493.83488376984315
CUST-002113,Owens PLC,70089.49,68527.57996937315,1561.910030626852
CUST-000219,Williams-Brown,70064.91,76252.78619204769,6187.876192047683
CUST-001181,"Jones, Cummings and Conway",70040.69,75723.88032169733,5683.19032169733
CUST-001551,"Vincent, Parsons and Allen",69909.08,70415.19605141036,506.116051410354
CUST-000889,"Anderson, Jones and Reyes",69350.7,67005.11991182726,2345.5800881727337
CUST-000404,Jones-Hensley,68732.86,73877.47522012968,5144.615220129679
CUST-000296,Williams Inc,68567.34,78759.46196600169,10192.121966001694
CUST-001850,Mullins-Gutierrez,68024.54,89798.35485077383,21773.814850773837
CUST-002234,"Ramos, Davidson and Smith",67344.55,68147.63532748156,803.08532748156
CUST-001018,Daugherty Ltd,67252.93,77343.8038738784,10090.873873878401
CUST-000788,Benton Group,66675.82,69111.53161680653,2435.711616806526
CUST-001937,Bishop Inc,66607.79,67767.03896778026,1159.248967780266
CUST-000996,Castillo-Harrington,66514.59,68728.88419653528,2214.29419653528
CUST-002273,Porter LLC,66340.32,67586.92991195887,1246.6099119588616
CUST-000865,Robertson-Ramirez,66071.39,90259.91810485216,24188.528104852157
CUST-000509,Jackson-Wallace,65600.38,72144.0192123611,6543.6392123611
CUST-001771,Bradley-Davis,65250.31,86667.94443417905,21417.634434179054
CUST-001655,Hernandez-Lopez,65099.32,65339.70423708154,240.38423708154005
CUST-002251,Reeves and Sons,64791.98,64647.10529107146,144.87470892854617
CUST-002317,"Moore, Simpson and Soto",63997.31,61688.847185237144,2308.4628147628537
CUST-000720,"Bernard, Warren and Combs",63977.64,65143.60932439492,1165.9693243949223
CUST-001855,Turner-Reese,63720.93,61958.726558055554,1762.2034419444462
CUST-000953,"Acosta, Garcia and Moreno",63458.49,57195.379162946396,6263.110837053602
CUST-001112,Marquez-Fletcher,63423.49,64242.22308625628,818.7330862562812
CUST-002354,Hall-Brown,63387.57,67074.77432349378,3687.204323493781
CUST-000218,Erickson and Sons,63214.31,61863.445899464234,1350.864100535764
CUST-001118,"Lynch, Evans and Rodriguez",63108.22,64435.28432958059,1327.0643295805858
CUST-001377,Winters PLC,62683.52,62789.60613471223,106.08613471223362
CUST-002148,Freeman-Rodriguez,62589.03,63674.572101795544,1085.542101795545
CUST-002496,"Nielsen, Lynch and Smith",62524.65,61154.24461413146,1370.4053858685438
CUST-002086,Moon-Wilson,62276.11,64804.12819520834,2528.0181952083367
CUST-002116,Wilson-Campbell,61636.33,65823.34777056947,4187.017770569466
CUST-002289,Fox PLC,61338.16,64245.565245222264,2907.4052452222604
CUST-002123,Wilson Group,61296.06,64244.04663256958,2947.986632569584
CUST-001595,Kane and Sons,60198.19,57352.13303479164,2846.056965208365
CUST-000390,Moore-Collins,59987.21,58370.96046422258,1616.249535777417
CUST-002365,Howell LLC,59736.63,60461.53861175593,724.9086117559345
CUST-002101,Johnson-Thomas,59561.61,58304.97933212228,1256.6306678777182
CUST-001867,"Kaiser, Edwards and Smith",59272.92,62803.45994125451,3530.5399412545084
CUST-001323,Jackson-Edwards,59193.68,65651.49974264886,6457.819742648855
CUST-001873,"Shannon, Robinson and Greene",59098.12,55576.42599523813,3521.69400476187
CUST-002068,"Alvarez, Benson and Wilson",58297.01,55816.47258315477,2480.5374168452327
CUST-002404,"Ramos, Reed and Cain",58286.32,61681.25063722681,3394.930637226811
CUST-002400,"Spencer, Torres and Newton",58111.7,59389.30527633923,1277.6052763392363
CUST-002274,"Ward, Jordan and Orr",58025.33,60614.86979372142,2589.5397937214148
CUST-000063,Wright and Sons,57898.78,59407.86871657743,1509.088716577433
CUST-000405,Graham Group,57756.83,64951.63390065478,7194.803900654777
CUST-000345,"Harper, Smith and Buchanan",57349.48,56867.16211710317,482.31788289683027
CUST-001845,Hopkins LLC,57087.78,56403.45675166932,684.3232483306783
CUST-000784,Bennett-Velasquez,57068.45,60742.48742231157,3674.0374223115723
CUST-000144,"Lee, Horton and Snyder",56027.31,62802.393050778424,6775.083050778427
CUST-002190,Colon-Lucas,55804.28,57003.883352093224,1199.603352093225
CUST-000370,Edwards-Scott,55781.57,59096.3827730736,3314.8127730736014
CUST-000108,Dickson-Brady,54891.85,49691.974315414016,5199.8756845859825
CUST-000531,Hicks-Martinez,54589.21,53070.37554224767,1518.8344577523312
CUST-000439,Davis-Gregory,54506.21,52265.78950283735,2240.420497162646
CUST-000939,"Flores, Mckenzie and Duncan",54435.78,56531.04302156669,2095.263021566694
CUST-001026,"Walker, Cunningham and Zuniga",54300.67,55963.08341889886,1662.413418898861
CUST-000653,"Cox, Stark and Rodriguez",53781.41,53218.01979679564,563.3902032043625
CUST-001498,Smith-Mills,53618.82,51594.94948505951,2023.8705149404923
CUST-000289,"Miller, Murphy and Craig",53046.25,50048.66317108426,2997.586828915737
CUST-000617,"Perez, Hall and Garcia",52822.04,57114.0028795834,4291.9628795834
CUST-001147,Glover-Chan,52761.9,53815.48606625022,1053.5860662502164
CUST-001051,"Greene, Gonzalez and Johnson",52567.41,55566.49132636908,2999.0813263690798
CUST-000400,Duran LLC,52512.6,51999.4672699298,513.132730070196
CUST-001616,Gonzalez LLC,52455.34,51300.19504858135,1155.144951418646
CUST-000948,Oconnor PLC,52249.64,57755.593057543294,5505.953057543295
CUST-002416,"Zhang, Cunningham and Kline",52010.3,69152.40536459327,17142.10536459327
CUST-002150,Alvarez-Dickerson,51829.85,60486.20262454124,8656.352624541243
CUST-000469,Brown-Shaw,51640.29,49159.29617554488,2480.993824455123
CUST-001742,Crawford and Sons,51583.63,51350.72607619048,232.9039238095138
CUST-000258,"Bryan, Smith and Booth",51473.26,65329.65116497551,13856.39116497551
CUST-001271,Williams LLC,51289.16,58551.61086377349,7262.450863773483
CUST-002073,Williams-Carter,51242.15,50455.98035593713,786.169644062873
CUST-000512,"Whitney, Gould and Jones",51208.77,48788.16713096863,2420.6028690313688
CUST-001089,"Cohen, Compton and Perez",50973.26,89169.71394549902,38196.45394549902
CUST-000536,Parker Ltd,50823.49,50377.02661452379,446.4633854762069
CUST-002002,Harrison PLC,50729.42,52685.694817777985,1956.2748177779868
CUST-002353,"Garza, Carr and Gregory",50682.74,79084.69838898814,28401.95838898814
CUST-000179,"Williams, Johnson and Wright",50270.2,62059.23777375008,11789.037773750082
CUST-001967,"Whitehead, Lane and Tran",50080.28,50230.3750110813,150.09501108129916
CUST-000905,Adkins LLC,50009.32,47992.63199019752,2016.6880098024776
CUST-000557,Marshall-Peterson,49767.15,50024.09406240995,256.9440624099516
CUST-000993,Gonzalez-Wilkerson,49587.26,48787.67982812502,799.580171874979
CUST-001177,Kelley and Sons,49398.24,48874.22501780751,524.0149821924861
CUST-000371,Mcdaniel Group,49369.23,56694.13566473229,7324.905664732287
CUST-002194,Washington-Esparza,49356.67,48292.65729266595,1064.0127073340482
CUST-002348,"Gallegos, Myers and Cook",49129.11,51307.1354426093,2178.0254426093015
CUST-001411,Gomez-Foster,49091.44,51126.55776711694,2035.1177671169353
CUST-000245,"Fernandez, Kim and George",48981.91,47502.48403464571,1479.4259653542904
CUST-000885,Lewis Inc,48949.09,47659.990321765865,1289.0996782341317
CUST-001959,Reilly Group,48326.24,48645.646254689775,319.4062546897767
CUST-000578,Brooks-Hatfield,48297.02,67329.46704840638,19032.447048406386
CUST-000818,Cole Group,48285.63,58517.65874517858,10232.028745178584
CUST-002006,Miller and Sons,48149.23,74669.48404412698,26520.254044126974
CUST-001094,Nicholson-Robertson,48046.52,59388.296985110974,11341.776985110977
CUST-000805,"Hernandez, Cuevas and Webb",48004.38,44811.25847303575,3193.121526964249
CUST-001033,Williams Group,47746.49,47330.7983573386,415.69164266139705
CUST-000273,Morgan-French,47664.48,45142.569409639305,2521.910590360698
CUST-000023,Perez Inc,47491.13,68071.12485750995,20579.994857509948
CUST-001698,Chapman Group,46816.37,46566.65061292664,249.71938707336085
CUST-000233,"Clark, Guerrero and Moore",46643.9,45830.65441577022,813.2455842297786
CUST-000707,"Howard, Green and Hunt",46392.39,44697.10773536707,1695.2822646329296
CUST-002035,"Estrada, Marsh and Chandler",46247.55,53114.566422411604,6867.0164224116015
CUST-000812,"Wilson, Sweeney and Wong",46193.23,44532.13424428573,1661.0957557142756
CUST-000620,Russell Group,45818.33,45796.81181924439,21.518180755614594
CUST-001219,Velasquez Group,45646.04,44680.83531929565,965.2046807043516
CUST-002121,Lutz Group,45131.33,47660.10001238096,2528.7700123809554
CUST-001510,Walsh PLC,45013.09,49780.632061637014,4767.5420616370175
CUST-000619,Smith PLC,44921.94,44481.775927975286,440.164072024716
CUST-001121,"Evans, Hernandez and Cannon",44910.86,45411.41059774803,500.55059774802794
CUST-001964,Ellis-Jackson,44600.36,36544.99742994743,8055.362570052574
CUST-001546,Stephens LLC,44211.92,44912.14707343258,700.2270734325793
CUST-001617,Todd Inc,44037.85,43178.87355280843,858.9764471915696
CUST-002053,Thomas LLC,44036.04,48099.99730224208,4063.957302242081
CUST-001266,Cole-Lucero,43951.68,58728.76746997027,14777.087469970269
CUST-001331,"Jones, Smith and Hunter",43404.9,47073.25235845239,3668.3523584523864
CUST-000430,Ford-Spencer,43348.84,40260.44577002525,3088.394229974743
CUST-001599,Williams Ltd,42973.96,41496.66467008927,1477.295329910732
CUST-002270,Gordon LLC,42479.33,53914.84873728178,11435.518737281782
CUST-002216,Cox Ltd,42473.73,41417.14916541669,1056.5808345833138
CUST-001298,Hamilton-Smith,42403.36,83639.04980377981,41235.68980377981
CUST-002126,Morgan PLC,42375.2,44187.6935091766,1812.493509176602
CUST-000362,Lam LLC,42312.8,41575.9551687067,736.8448312933033
CUST-000599,Hoffman Ltd,42253.03,39762.379703869046,2490.6502961309525
CUST-001414,"Herman, Bailey and Richmond",42212.48,45780.88933133932,3568.409331339317
CUST-001748,Peterson Group,42092.14,41434.95168761906,657.1883123809384
CUST-001708,"Thompson, Gibson and Riley",41896.11,39630.85150859511,2265.258491404893
CUST-001039,Lynn-Jones,41726.12,73037.5230364286,31311.403036428594
CUST-001491,Mcdonald-Pitts,41615.31,39530.95944982372,2084.3505501762775
CUST-000848,"Greer, Potter and Evans",41525.92,42591.42871716994,1065.5087171699415
CUST-000959,Jones-Bradley,41327.79,40995.65063252974,332.1393674702631
CUST-000332,"Turner, Ortiz and Taylor",41136.18,39408.483653829346,1727.6963461706546
CUST-002246,Williams PLC,41050.94,40332.869112053566,718.0708879464364
CUST-002407,"Higgins, Hobbs and Meyer",41037.75,42434.37005981152,1396.6200598115174
CUST-001856,"Hall, Vega and Price",41024.26,41016.574607172624,7.685392827377655
CUST-001696,Ellis Group,40618.84,39877.32703609122,741.5129639087754
CUST-000583,Martin-Ewing,40561.08,40712.20979115074,151.1297911507354
CUST-001889,Baldwin-Garcia,40548.83,47672.36461542663,7123.53461542663
CUST-000238,"Hall, Baker and Moody",40301.83,41765.828837857145,1463.9988378571434
CUST-000608,"Hill, Martinez and Rhodes",40220.8,50236.38049151793,10015.580491517925
CUST-001926,Duran PLC,40219.16,43704.936866821954,3485.7768668219505
CUST-001782,Patel-Morales,40066.62,41141.22707424599,1074.6070742459851
CUST-000571,"Khan, Pena and Ruiz",39741.24,39843.39826547616,102.1582654761587
CUST-001471,Welch-Thomas,39439.94,41728.46834408653,2288.528344086524
CUST-000284,"Sanford, Rivera and Garcia",39247.47,38637.87603186509,609.5939681349118
CUST-000412,Graham Group,38636.4,42052.54903073053,3416.1490307305285
CUST-001979,Anderson LLC,38571.69,38110.368886626966,461.3211133730365
CUST-000395,"Ramos, Nelson and Fischer",38454.4,42540.05208844338,4085.6520884433776
CUST-001790,Peters-Short,38290.28,38074.49611963294,215.7838803670602
CUST-000011,Blair PLC,38148.17,37174.44104658728,973.7289534127194
CUST-000026,Wilkerson-Day,38083.18,34051.04419751713,4032.1358024828733
CUST-000672,Avila LLC,38081.54,37588.338277876996,493.2017221230053
CUST-000704,Dominguez Ltd,37881.96,38294.13631735119,412.1763173511936
CUST-001766,"Williams, Reyes and Miller",37530.69,38027.26876702378,496.5787670237769
CUST-002308,Martinez Group,37370.24,35085.624269074986,2284.615730925012
CUST-000325,"Diaz, Gibbs and Smith",37359.99,40920.75070162697,3560.7607016269685
CUST-001356,Martin-Jones,37289.91,37453.145809781716,163.2358097817123
CUST-001481,"King, Manning and Brady",37162.06,35825.76954179561,1336.2904582043848
CUST-000843,Cunningham-Barton,36811.52,51039.58794457359,14228.067944573595
CUST-000154,Green-Wright,36525.97,37667.700795535726,1141.7307955357246
CUST-000981,Orr Group,36260.37,35059.45486347221,1200.915136527794
CUST-000618,Love-Garcia,36191.16,36369.54836243052,178.38836243051628
CUST-000836,"Brown, Howard and Smith",36033.65,36217.24219562498,183.59219562498038
CUST-000333,Torres Group,35987.94,33764.33349542661,2223.606504573392
CUST-002361,"Morgan, Guzman and Kirby",35602.67,39199.97834110118,3597.308341101183
CUST-001947,Clark-King,35420.33,26169.511736085777,9250.818263914225
CUST-001193,"Brown, Dunlap and Moore",35302.19,50959.15826312861,15656.968263128605
CUST-001308,"Wong, Bernard and Smith",35262.58,38345.46437934524,3082.8843793452397
CUST-002108,Knapp Ltd,35022.37,31473.340072627012,3549.0299273729906
CUST-001189,White-Morales,34758.46,33916.027528452396,842.4324715476032
CUST-001106,Johnson-Williams,34735.24,34648.093727263746,87.14627273625229
CUST-002189,Walters Group,34636.95,41653.49317738099,7016.5431773809905
CUST-001436,Lowe Ltd,34561.48,33711.019505982156,850.4604940178469
CUST-002456,Shaw-Smith,34477.17,47515.609418614724,13038.439418614726
CUST-000641,Young-Molina,34390.4,29912.89480860125,4477.505191398752
CUST-002478,Torres Group,34255.76,37328.1389602381,3072.3789602381003
CUST-002310,"Munoz, Howard and Davis",34083.31,36781.91244889882,2698.6024488988187
CUST-000870,Donaldson and Sons,34010.77,34005.32133922826,5.448660771733557
CUST-001157,"Morgan, Barron and Cowan",33999.59,38468.887332966246,4469.297332966249
CUST-001276,"Moore, Daniels and Powell",33965.27,34187.95934068683,222.68934068683302
CUST-000326,"Martinez, Richardson and Curry",33774.31,35424.633421313745,1650.3234213137475
CUST-002444,Harrington-Alvarez,33751.73,32918.925583740995,832.8044162590086
CUST-000947,Vargas-Snyder,33582.32,31727.61599984401,1854.7040001559908
CUST-000549,"Morgan, Bradshaw and Williams",33335.39,34833.12791621124,1497.737916211241
CUST-000282,Hughes-Alvarado,33217.37,32991.02888555731,226.34111444269365
CUST-001784,Dickson Group,33163.49,32734.663102420596,428.8268975794017
CUST-002499,"Miller, Mcdowell and Curtis",33157.06,32307.24048240256,849.8195175974361
CUST-000880,Pena LLC,33113.09,33100.72991909332,12.360080906677467
CUST-000633,Simon Ltd,32969.86,31265.280801449473,1704.5791985505275
CUST-001229,"Morgan, Sherman and Williams",32948.23,26841.034580863427,6107.195419136577
CUST-001631,"Hughes, Whitney and Romero",32931.15,32786.947081210295,144.20291878970602
CUST-001577,Kirk-Gutierrez,32866.9,35358.65187125993,2491.7518712599267
CUST-001642,"Taylor, Blair and Meyer",32671.36,32243.845596490777,427.5144035092235
CUST-002004,Marsh-Dougherty,32661.21,32137.388677956333,523.8213220436664
CUST-001476,Page-Jacobs,32613.87,31450.496036894805,1163.373963105194
CUST-000276,"Burns, Hernandez and Ryan",32593.63,31519.839957350272,1073.790042649729
CUST-001575,Sandoval-Ferguson,32392.59,30077.616268482114,2314.9737315178863
CUST-002420,"Wright, Murphy and Aguilar",32353.65,30200.487157302006,2153.162842697995
CUST-001749,"Russo, Collins and Murphy",32092.09,31662.44571376926,429.6442862307413
CUST-001762,"Flores, Thomas and Bush",31910.25,36353.09934546627,4442.849345466268
CUST-001145,"Brown, Hayes and Clark",31782.21,32021.999511894835,239.78951189483632
CUST-000621,Santos-Avila,31711.32,29588.784254562306,2122.5357454376935
CUST-000105,Nolan-Flynn,31663.96,30264.61428084328,1399.3457191567177
CUST-001888,Mendez Inc,31529.98,27096.2183351466,4433.7616648533985
CUST-002076,Stephens LLC,31500.66,35640.04214322418,4139.382143224178
CUST-002029,Ferguson Inc,31490.72,31072.293142951297,418.4268570487038
CUST-000678,Allen Inc,31453.34,31334.966261410784,118.37373858921637
CUST-002326,Yang Group,31290.75,29617.38713663719,1673.3628633628105
CUST-002293,Maldonado-Becker,31250.71,30748.42792300519,502.28207699480845
CUST-001522,Daniels and Sons,31169.09,24662.264590396775,6506.825409603225
CUST-000526,Hayes Ltd,31166.7,30942.068327897363,224.63167210263782
CUST-002488,"Hart, Turner and Foster",31100.79,36420.615586866,5319.825586865998
CUST-000927,Brady LLC,31005.51,31297.070697861738,291.56069786173975
CUST-000876,Alexander Inc,30832.83,33199.961741507934,2367.131741507932
CUST-001152,"Lee, Rhodes and Sims",30461.4,31740.33408636788,1278.9340863678772
CUST-000472,Combs Ltd,30437.8,36903.480106026334,6465.680106026335
CUST-000533,Johnson-Spencer,30417.19,26854.976010445753,3562.213989554246
CUST-002461,Morgan and Sons,30373.44,27133.38038380934,3240.059616190658
CUST-002192,Wilson and Sons,30194.12,29514.162788531743,679.957211468256
CUST-001536,Barker-Moore,30166.77,30688.195772050884,521.4257720508831
CUST-000386,Kane PLC,30159.36,34110.66314994046,3951.3031499404606
CUST-002352,Freeman Group,30156.35,29453.894283035715,702.455716964283
CUST-000473,Moody-Taylor,30106.25,28940.486641648364,1165.7633583516363
CUST-001178,"Fitzpatrick, Rivera and Smith",30051.72,32128.105753125143,2076.3857531251415
CUST-000493,Li-Thompson,29985.76,31792.32184851733,1806.5618485173327
CUST-000781,"Harris, Edwards and Oconnell",29982.28,29145.693342486346,836.5866575136533
CUST-001633,"Miller, Gonzalez and Rasmussen",29919.39,29427.9170369246,491.4729630754009
CUST-000597,Salas-Fitzgerald,29802.12,28354.125586863072,1447.9944131369266
CUST-000456,Diaz-Ball,29625.87,30532.538263152022,906.6682631520234
CUST-000223,Sheppard LLC,29515.43,28250.394258967997,1265.035741032003
CUST-000943,Cline-Ayala,29366.9,24700.308180861204,4666.591819138797
CUST-000103,"Mckee, Gardner and Davenport",29350.98,32847.67878620131,3496.6987862013084
CUST-001447,"Clark, Carpenter and Nguyen",29267.56,29071.396030307576,196.16396969242487
CUST-001820,Perez-Coleman,29185.87,31299.30178856242,2113.4317885624223
CUST-001899,Martinez-Nichols,29138.21,30608.500773503732,1470.2907735037334
CUST-001684,Holt-Meadows,29130.65,27189.570405032257,1941.079594967745
CUST-000369,Perry-Davis,28991.94,30395.348944275775,1403.4089442757759
CUST-002188,"Cannon, Richard and Jenkins",28776.98,31120.734457291674,2343.754457291674
CUST-001990,"Norton, French and Miller",28672.28,27335.734174414283,1336.5458255857156
CUST-001114,Stevens-Robinson,28628.19,28190.824974495597,437.3650255044013
CUST-002022,Joseph LLC,28452.34,28190.335992332533,262.0040076674668
CUST-000074,"Stanley, Tucker and Lee",28428.86,27702.503385441858,726.3566145581426
CUST-002486,"James, Bell and Chen",28207.46,29957.916855655614,1750.456855655615
CUST-001876,Douglas-Yoder,28119.84,28521.09145334471,401.25145334471017
CUST-000056,Jones-Young,28082.06,26589.629306194158,1492.4306938058435
CUST-000444,Collins Group,28017.35,28528.621768591263,511.27176859126484
CUST-001354,Sparks-Eaton,27585.18,32590.6643077489,5005.484307748899
CUST-000454,White Ltd,27526.62,29929.413813888877,2402.7938138888785
CUST-002335,Stevens-Sullivan,27470.59,50865.41926535715,23394.82926535715
CUST-001334,Arnold PLC,27440.93,26181.34801587604,1259.5819841239609
CUST-000260,Dean-Jimenez,27277.48,24530.83898042045,2746.6410195795506
CUST-002198,"Thompson, Phelps and Stuart",27263.0,27302.963804780156,39.96380478015635
CUST-000298,Schmidt PLC,27220.78,27244.217363752752,23.4373637527533
CUST-000949,Hernandez Group,27165.53,27878.011879966372,712.4818799663735
CUST-001594,Hobbs-Hamilton,27138.47,26407.6333014537,730.8366985462999
CUST-002470,Scott-David,27091.12,26098.76726556546,992.3527344345384
CUST-000193,Short-Garcia,27075.6,27366.234813300845,290.6348133008469
CUST-000058,"Johnston, Sanchez and Kennedy",27067.83,27616.746319669877,548.9163196698755
CUST-000461,Strickland-Shaw,27023.81,28660.83894039773,1637.0289403977295
CUST-001375,Valenzuela-Greene,26905.62,26766.60587258347,139.01412741652894
CUST-002179,Perry LLC,26865.42,25515.522150986184,1349.8978490138143
CUST-002249,Higgins Group,26830.62,26174.667813779753,655.9521862202455
CUST-002351,"Lane, Simon and Duarte",26805.9,27125.61074692706,319.7107469270595
CUST-000104,"Tran, Jordan and Williams",26770.82,26493.693383237212,277.1266167627873
CUST-001919,Jackson Inc,26624.38,24848.94323645863,1775.4367635413728
CUST-001727,"Pierce, Wang and Wilson",26563.13,25575.720161499867,987.4098385001344
CUST-002378,Villegas PLC,26496.02,23917.060219164196,2578.959780835805
CUST-002154,Anderson LLC,26204.22,25820.48580948084,383.7341905191606
CUST-001859,Gregory-Nixon,26175.79,25624.831694074488,550.9583059255128
CUST-001332,Hess PLC,26069.75,26357.121443633616,287.37144363361585
CUST-000670,"Anderson, Dalton and Wilson",25900.52,26918.441647946587,1017.9216479465867
CUST-001813,Taylor Inc,25765.69,26658.070482251827,892.3804822518287
CUST-001986,"Marshall, Schultz and Dalton",25756.74,26392.609348707214,635.8693487072123
CUST-000913,Lewis-Livingston,25747.11,26945.550886245925,1198.440886245924
CUST-000206,Freeman-Chang,25691.49,25055.12319122143,636.36680877857
CUST-002214,Stewart Group,25617.95,25988.663828551573,370.7138285515721
CUST-000251,Moon-White,25565.96,25446.458489193716,119.50151080628348
CUST-000800,Sheppard-Jordan,25378.12,25172.43786007584,205.68213992415986
CUST-002058,"Bradley, Melendez and Gonzalez",25348.89,26277.924010867922,929.0340108679229
CUST-001745,Brooks Inc,25189.81,24936.843425365296,252.96657463470547
CUST-001690,"Savage, Huffman and Martin",25154.88,52404.513395767535,27249.633395767534
CUST-000163,"Smith, Gilmore and Johnston",25146.65,24843.055324999976,303.59467500002575
CUST-002245,Gonzalez-Haynes,25091.26,23951.284027933194,1139.9759720668044
CUST-000816,Lopez Ltd,25088.07,25547.4892962889,459.4192962888992
CUST-001757,Flores and Sons,25061.71,25777.263534602378,715.5535346023789
CUST-001541,"Kramer, Sherman and Trujillo",25049.54,23560.91095692965,1488.629043070352
CUST-002173,Weber Inc,25012.4,24436.838856163064,575.5611438369378
CUST-001454,Olsen Ltd,25004.84,24986.338006270886,18.501993729114474
CUST-000740,Miller Group,24856.01,24773.289919533705,82.72008046629344
CUST-000418,Thomas and Sons,24842.42,24741.58613747769,100.83386252230775
CUST-002180,"Robertson, Powers and Kelley",24780.78,24686.374182638865,94.40581736113381
CUST-001966,Clarke Ltd,24679.67,24466.805859666838,212.86414033316032
CUST-000726,Williamson Ltd,24677.01,24826.452235532954,149.44223553295524
CUST-002109,Richardson-Lawrence,24635.03,24885.85085836164,250.8208583616397
CUST-000603,"Becker, Lara and Baker",24514.58,23691.457203455,823.1227965450016
CUST-000485,"Butler, Beck and Miller",24455.93,23375.938790671433,1079.9912093285675
CUST-001138,Mason Ltd,24374.91,24517.492920643283,142.5829206432827
CUST-001902,Diaz LLC,24364.75,23957.339323733173,407.41067626682707
CUST-001403,Arias-Morales,24164.89,23928.668551319417,236.2214486805824
CUST-001730,Nielsen-Mendoza,24056.39,23903.13789502975,153.25210497024818
CUST-000901,Wright PLC,23988.32,23569.37935466213,418.9406453378688
CUST-001478,Adkins-Meyer,23982.05,23477.483884741403,504.56611525859626
CUST-000737,"Frey, Santos and Johnson",23949.07,23385.812552205487,563.2574477945127
CUST-001007,Drake-Wolfe,23946.35,25080.272513333653,1133.922513333655
CUST-002167,"Leonard, Rogers and Shaw",23921.96,22818.003721494955,1103.9562785050439
CUST-000711,Figueroa Inc,23913.06,23096.74054300132,816.3194569986808
CUST-002487,"Pittman, Campbell and Martin",23886.12,24361.274101207284,475.15410120728484
CUST-001822,Joseph LLC,23800.72,24410.677350715636,609.9573507156347
CUST-000732,"Hernandez, Lee and Fox",23699.35,22806.003693954874,893.346306045125
CUST-002095,Smith Group,23605.76,22265.62899265592,1340.13100734408
CUST-001678,"Ellison, Vaughn and Mckee",23574.74,23702.980149533752,128.2401495337508
CUST-000508,Parker-Morrison,23531.14,32887.0971188393,9355.957118839302
CUST-001531,"Evans, Ward and Williams",23471.74,24065.632544773867,593.8925447738657
CUST-001623,Payne LLC,23326.66,22225.165822847943,1101.494177152057
CUST-000476,Gilbert-Bullock,23318.28,22570.78409228279,747.4959077172098
CUST-001691,White Ltd,23304.26,23687.15218420633,382.8921842063319
CUST-001893,Ortega LLC,23302.81,24010.62911162698,707.8191116269772
CUST-001946,Brown LLC,23284.73,22781.740683373017,502.98931662698305
CUST-000443,"Hale, Myers and Larson",23222.53,23361.869515149494,139.33951514949513
CUST-001656,Lopez PLC,23082.12,21889.683293471673,1192.4367065283259
CUST-000904,Harris-Lawson,23066.01,23682.891402892663,616.8814028926645
CUST-001095,Jones Ltd,23051.13,26728.06517938491,3676.935179384909
CUST-000712,Tran-Silva,23014.49,23767.966970325826,753.4769703258244
CUST-000213,Stewart Ltd,23006.75,24710.550921603703,1703.8009216037026
CUST-002001,Chavez-Mason,22957.82,23000.53987634294,42.71987634294055
CUST-000890,"Shaffer, Garcia and Richardson",22936.78,22363.75011997555,573.0298800244491
CUST-002208,Murphy-Silva,22878.2,22481.052233239414,397.1477667605868
CUST-000331,Reid Group,22676.62,24381.115081222582,1704.4950812225834
CUST-000835,Edwards Group,22628.06,23617.267187943533,989.2071879435316
CUST-001664,Schaefer Group,22605.82,24784.155786299623,2178.3357862996236
CUST-001201,"Saunders, Ray and Cunningham",22581.11,29108.093293164668,6526.983293164667
CUST-000592,"Harvey, Randall and Hernandez",22334.92,21696.33181073174,638.5881892682592
CUST-001676,Wilkerson-Ayala,22285.98,20475.765641874154,1810.214358125846
CUST-001063,Sheppard-Mcdaniel,22281.63,21514.508270344762,767.1217296552386
CUST-000635,Gibbs-Bradley,22240.63,21769.337192656178,471.29280734382337
CUST-001736,"Rivera, Hendricks and Flynn",22232.85,17866.11810591009,4366.7318940899095
CUST-000819,Smith-Lewis,22160.87,21941.240655095065,219.62934490493353
CUST-000574,Williams-Williams,22108.29,21433.411834124374,674.878165875627
CUST-002149,"Henry, Spencer and Ryan",22091.01,21185.1308428334,905.879157166597
CUST-000917,Miller-Mccall,22027.07,22225.105689371503,198.0356893715034
CUST-002497,Chambers Group,21907.66,22723.553589136885,815.8935891368856
CUST-000537,"Mendoza, Jenkins and Ortiz",21864.99,22041.82621998681,176.83621998680974
CUST-000724,Mann Inc,21845.71,21391.35176901643,454.35823098356923
CUST-000622,Morris-Brewer,21812.54,20415.074923173794,1397.4650768262072
CUST-000167,"Hurst, Freeman and Nelson",21789.42,21518.412478596623,271.007521403375
CUST-000803,Griffin Group,21787.48,30037.945098313492,8250.465098313492
CUST-000716,Levy-May,21666.35,23814.975376676597,2148.6253766765985
CUST-001789,Wilson-Carlson,21642.75,21947.4875038068,304.7375038067985
CUST-000982,Davis LLC,21610.45,21259.944254169535,350.50574583046546
CUST-001022,Gray Ltd,21600.85,21602.011957279985,1.1619572799863818
CUST-002174,"Richard, Davis and Rogers",21561.26,21684.41156975827,123.15156975827267
CUST-001412,"Gonzalez, Smith and Padilla",21512.07,21095.92569303009,416.14430696990894
CUST-000278,Gibson-Morris,21503.84,20680.895396844775,822.9446031552252
CUST-001628,Jones Ltd,21408.33,21855.30690643412,446.9769064341199
CUST-001681,"Payne, Long and Morris",21190.88,24879.105297896844,3688.2252978968427
CUST-000040,"Romero, Gonzalez and Brooks",21169.07,19868.571288859494,1300.4987111405062
CUST-002275,Austin-Juarez,21094.41,23632.723068117495,2538.3130681174953
CUST-000984,Jackson PLC,21074.28,21543.296460308437,469.0164603084377
CUST-000551,"Baker, Clark and Armstrong",20946.95,20384.764366352767,562.1856336472338
CUST-000837,Lee Group,20899.11,20880.15847130951,18.951528690489795
CUST-001502,Harper-Robles,20836.59,20420.988838156583,415.6011618434168
CUST-001950,Washington Inc,20827.68,20955.22462000719,127.54462000718922
CUST-001067,"Byrd, Oliver and Martinez",20821.46,20656.46306791621,164.99693208378812
CUST-002250,Wilcox-Snyder,20777.39,20306.399660982846,470.990339017153
CUST-000883,Barber-Fischer,20735.85,20572.753079609924,163.09692039007496
CUST-001358,"Love, Wilson and Hall",20717.4,20943.540298333322,226.14029833332097
CUST-000239,"Guerrero, Peck and Coleman",20701.75,21994.081113768792,1292.3311137687924
CUST-000033,"Ferrell, Rice and Maddox",20691.95,20149.6488583004,542.3011416996014
CUST-001878,King Group,20674.35,20280.74306266738,393.60693733261724
CUST-001215,Gutierrez-Hawkins,20657.96,21535.589117998028,877.629117998029
CUST-001053,Anthony-Parker,20628.34,29639.30454302756,9010.96454302756
CUST-001444,Long-Parks,20609.2,22176.272064038447,1567.0720640384461
CUST-000085,"Evans, Stewart and Walton",20605.06,30452.19533601192,9847.135336011917
CUST-000760,Marquez Inc,20580.34,20141.61544495426,438.724555045741
CUST-000862,Burns-Ray,20566.19,19976.806093767296,589.3839062327024
CUST-001065,Miller-Orr,20465.72,19608.937933464455,856.7820665355466
CUST-002065,"Sanchez, Wilson and Ramirez",20463.3,19053.586825595783,1409.7131744042163
CUST-002135,Garcia Inc,20385.92,21755.75219556055,1369.8321955605534
CUST-002358,"Reed, Terry and Smith",20286.59,20369.736677624296,83.14667762429599
CUST-001844,Kent Ltd,20271.79,20170.635763503982,101.15423649601871
CUST-001591,"Warner, Weiss and Davis",20218.52,19636.10980547065,582.4101945293514
CUST-000799,"Terrell, Byrd and Ross",20185.93,24044.274586557545,3858.344586557545
CUST-001155,"Torres, Brown and Williams",20177.74,19991.199804118514,186.5401958814873
CUST-000020,"Reid, Ferguson and Sanchez",20062.22,19201.59563508098,860.6243649190219
CUST-000141,Hernandez Inc,20060.72,20136.43108913191,75.71108913190983
CUST-000322,Brock-Mcdonald,20050.7,23318.04948437048,3267.3494843704793
CUST-000693,"Thomas, Ford and Brown",19961.42,19799.28344948906,162.13655051093883
CUST-001440,"Melton, Henry and Joyce",19912.67,20970.03170119045,1057.3617011904535
CUST-000308,Armstrong-Andrews,19797.31,19545.95571767643,251.354282323573
CUST-001692,Barnes LLC,19759.43,19637.915021021225,121.51497897877562
CUST-000881,Watson Ltd,19749.04,23553.830946824466,3804.790946824465
CUST-000067,Williams PLC,19740.11,20424.855932120445,684.7459321204442
CUST-001413,Dunn Ltd,19596.96,20135.810439172994,538.8504391729948
CUST-001608,"Gilbert, Fitzgerald and Sanchez",19574.06,19880.559001572125,306.49900157212323
CUST-001459,"Holmes, Le and Floyd",19562.2,19730.82204707867,168.6220470786684
CUST-000197,Marshall-Petersen,19540.67,19293.823279317367,246.8467206826317
CUST-002410,"Vargas, Allen and Schroeder",19536.84,19599.491026508855,62.65102650885456
CUST-000110,Johnson-Doyle,19477.67,19110.15593707794,367.51406292205866
CUST-001465,Cooper-Jenkins,19412.92,20245.170412805553,832.2504128055552
CUST-002128,"Porter, Hubbard and Miranda",19392.22,20899.36333473214,1507.14333473214
CUST-000225,Jones-Soto,19360.4,16990.59578232718,2369.804217672823
CUST-002014,"Newman, Jenkins and Cooper",19351.09,22639.560590585315,3288.470590585315
CUST-000091,"Turner, Riggs and Roman",19309.28,17571.99627798204,1737.2837220179572
CUST-001264,"Mckinney, Richardson and Chapman",19301.44,19569.58560902361,268.1456090236097
CUST-000749,Hickman-Evans,19184.13,19904.56285938176,720.432859381759
CUST-001825,Bush-Wilson,19132.98,20222.745429679366,1089.7654296793662
CUST-001968,Miller PLC,19107.37,19103.417292121798,3.9527078782011813
CUST-001200,Smith-Oneill,19056.88,19249.69315592847,192.81315592847022
CUST-002341,Clark Ltd,18956.18,18301.725488615557,654.4545113844433
CUST-002462,Johnson-Rice,18928.45,20104.74974920597,1176.2997492059694
CUST-000801,Garcia and Sons,18886.89,24158.603067430566,5271.713067430566
CUST-000911,Best-Townsend,18873.14,18935.870384629783,62.73038462978366
CUST-001274,Bowers LLC,18856.96,20297.883303635906,1440.9233036359074
CUST-001810,Wells and Sons,18854.89,18519.979628383695,334.9103716163045
CUST-002374,Glover-Hammond,18800.06,18911.391388631702,111.33138863170097
CUST-000005,"Guzman, Hoffman and Baldwin",18796.88,18451.237970443744,345.6420295562566
CUST-001042,Wheeler-Austin,18709.62,18031.969405873784,677.6505941262149
CUST-001556,Williams and Sons,18709.55,18884.461725294954,174.91172529495452
CUST-000542,"Bartlett, Brown and Martinez",18653.39,21874.74900307978,3221.3590030797823
CUST-001603,Duncan-Williams,18629.71,18559.224820597457,70.48517940254169
CUST-000334,Davis PLC,18628.3,18819.818303423493,191.51830342349422
CUST-001237,"Andrade, Gordon and Cruz",18623.72,18781.715145395025,157.99514539502343
CUST-000254,"Garcia, Martin and Jenkins",18608.07,17491.127982451064,1116.9420175489358
CUST-001909,Burns Inc,18587.73,19607.202085455534,1019.4720854555344
CUST-000783,Faulkner-Casey,18557.64,18430.008320423927,127.6316795760722
CUST-000391,Frank-Bradley,18551.42,18167.26226555543,384.15773444456863
CUST-001473,Welch-Duncan,18538.35,17907.610653694464,630.7393463055341
CUST-000884,Rios-Padilla,18447.73,20946.203106141642,2498.4731061416423
CUST-001917,"Smith, Meadows and Montgomery",18447.49,19897.9221941919,1450.432194191897
CUST-000015,Williams and Sons,18367.7,25641.705050168606,7274.0050501686055
CUST-002256,Johnson LLC,18315.33,17869.923848661478,445.40615133852407
CUST-000359,"Turner, Schneider and Johnson",18248.27,16727.609177181046,1520.6608228189543
CUST-001744,Warren and Sons,18238.92,18374.347368565668,135.4273685656699
CUST-000088,Anderson-Bailey,18229.09,17672.65141452205,556.4385854779503
CUST-000014,"Mcclure, Ward and Lee",18181.32,17822.96442651865,358.355573481349
CUST-000347,Jones PLC,18176.33,18504.650569563582,328.32056956358065
CUST-001239,Waller-Chavez,18134.11,19746.050659939683,1611.9406599396825
CUST-002049,"Miller, Luna and Wallace",18053.33,18189.53028066409,136.2002806640885
CUST-000546,"Huber, Hill and Weber",18052.71,17841.177136370334,211.53286362966537
CUST-002191,Mcdaniel-Young,17974.95,18227.157625417425,252.20762541742442
CUST-000208,Davis and Sons,17946.74,18114.948821093567,168.20882109356535
CUST-000413,"Miller, Harrell and Reese",17928.54,17991.186563248386,62.646563248385064
CUST-000562,Wright-Davis,17882.05,23139.831937936488,5257.781937936488
CUST-000215,"Washington, Hardy and Bray",17795.18,18726.407536487353,931.2275364873531
CUST-001456,Gonzalez-Marsh,17782.27,17624.963600580693,157.30639941930713
CUST-001234,"Webb, Romero and Morse",17779.87,19322.3485800602,1542.4785800602003
CUST-000416,"Hicks, Bullock and Bailey",17766.56,17221.525608181822,545.0343918181788
CUST-000301,"Thomas, Murray and King",17754.58,17865.392569463304,110.81256946330177
CUST-001936,"Nelson, Cole and Allen",17745.17,17957.94863763808,212.77863763808273
CUST-001725,"Shaffer, Lewis and Davidson",17735.45,17612.0981017121,123.35189828789953
CUST-000811,"Chavez, Jones and Williams",17702.64,17898.268145099963,195.62814509996315
CUST-002290,Butler Inc,17664.91,17597.174565891968,67.73543410803177
CUST-001660,Shaw PLC,17635.86,22140.90859510989,4505.048595109889
CUST-002048,Bell-Madden,17555.93,17489.2591754679,66.67082453209878
CUST-000126,Smith-Frost,17541.01,17809.495726698602,268.4857266986037
CUST-001626,"Williams, Jackson and Campbell",17531.35,17739.35090205644,208.000902056443
CUST-000898,Goodwin PLC,17521.5,18261.701049516945,740.2010495169452
CUST-000663,"Brown, Mcknight and Michael",17474.25,17730.687620626548,256.43762062654787
CUST-002133,King Group,17457.38,17216.851647398747,240.52835260125357
CUST-000452,Stanley PLC,17446.76,17385.219102845695,61.54089715430382
CUST-002156,"Peterson, Davis and Reed",17391.87,16839.820600132047,552.0493998679522
CUST-000408,Roberts-Sullivan,17355.07,16027.413768568733,1327.6562314312669
CUST-002364,"Delgado, Ward and Kennedy",17331.71,18165.678753439173,833.9687534391742
CUST-002031,Gould LLC,17268.7,16724.94480763089,543.7551923691099
CUST-000646,"Carrillo, Vaughn and Fowler",17203.02,17449.06518062738,246.04518062738134
CUST-001718,"Abbott, Green and Andrews",17165.49,17406.163050253974,240.67305025397218
CUST-001963,"Carroll, Ramirez and Rodriguez",17089.26,16588.625271779376,500.6347282206225
CUST-001125,Sullivan-Doyle,16987.39,17443.21356285079,455.82356285079004
CUST-000489,King-Smith,16928.0,16507.652976034205,420.3470239657945
CUST-002230,Holloway Ltd,16920.23,17428.514181946484,508.28418194648475
CUST-001433,Moss LLC,16909.56,17471.687953628993,562.1279536289912
CUST-001194,Pruitt-Webb,16805.12,17273.772854526516,468.65285452651733
CUST-002034,Kemp-Montes,16645.38,15480.072382041919,1165.3076179580821
CUST-000975,"Adkins, Wright and Murray",16580.21,17424.18888402931,843.9788840293113
CUST-002258,Aguilar-Holland,16577.92,16358.180885287686,219.73911471231258
CUST-002238,Hayes-Russo,16555.76,17340.66876967167,784.9087696716706
CUST-000955,Dawson Inc,16540.85,16268.75372483945,272.09627516054934
CUST-002111,Zavala-Coleman,16497.27,28326.84886832341,11829.57886832341
CUST-001734,"Brown, Meyer and Cunningham",16474.63,17101.47084654685,626.8408465468492
CUST-001939,"Serrano, Turner and Barnes",16465.85,15432.929705715911,1032.9202942840875
CUST-001807,Young Ltd,16457.28,17253.853666342853,796.5736663428543
CUST-001460,King-Garrison,16415.93,17186.849671246164,770.9196712461635
CUST-001852,"Jackson, Lane and Wilkinson",16411.0,16282.322160512813,128.67783948718716
CUST-000204,"Beard, Peters and Black",16370.95,15759.371999804578,611.5780001954226
CUST-002005,Lopez Group,16344.94,16791.35240033519,446.41240033518807
CUST-001480,Martinez and Sons,16322.55,16367.748668698001,45.19866869800171
CUST-002344,Hernandez-Henderson,16252.45,15763.995857731199,488.45414226880166
CUST-000028,"Hoffman, Baker and Richards",16183.0,15268.669303021026,914.3306969789737
CUST-001701,"Grant, Bryan and Williams",16180.74,16256.173846138918,75.43384613891794
CUST-001168,Wells-Hernandez,16148.67,16377.070432447992,228.400432447992
CUST-000699,"Morrison, Russo and Lopez",16086.41,18358.1985191476,2271.7885191476016
CUST-002213,Ferguson-Lyons,16061.25,15817.473859372307,243.77614062769317
CUST-002318,"Miller, Mcdonald and Miller",16014.89,16141.033297486392,126.14329748639284
CUST-000324,"Ramsey, Whitney and Coffey",16007.39,15548.664811665409,458.7251883345907
CUST-001643,"Salazar, Garrett and Perez",15916.64,15448.486745146103,468.1532548538962
CUST-001648,"Roach, Browning and Jordan",15906.25,17420.459994042845,1514.2099940428452
CUST-000630,Hays-Daniels,15872.87,16161.068045374663,288.1980453746619
CUST-001549,Weaver-Gibson,15869.83,19812.412204246815,3942.5822042468153
CUST-002099,Webster Inc,15839.8,20656.615253621036,4816.815253621036
CUST-001330,"Gonzalez, Gross and Sims",15829.23,15700.397158704018,128.83284129598178
CUST-000379,Moore Group,15818.98,19499.17329050672,3680.1932905067188
CUST-001590,"Nguyen, Olson and Freeman",15788.99,15514.77565471409,274.2143452859091
CUST-001406,Harris Ltd,15771.94,15631.284176745832,140.65582325416835
CUST-000411,Kim Inc,15733.77,15720.317506327945,13.452493672055425
CUST-000007,Blake and Sons,15727.82,14240.122695264616,1487.697304735384
CUST-000318,Burgess-Thompson,15681.71,15717.290654247354,35.58065424735469
CUST-000178,Walker-Jones,15602.87,15548.050917180544,54.819082819456526
CUST-002125,"Schaefer, Levine and Brown",15580.96,15548.982073602494,31.977926397505144
CUST-001389,Pearson-King,15507.66,15387.813473269956,119.84652673004348
CUST-000264,"Lloyd, Mckinney and Collins",15411.78,14179.852455952385,1231.9275440476158
CUST-002304,Allen Group,15345.91,15446.78313854237,100.87313854237073
CUST-001792,George Ltd,15333.96,14973.461338859124,360.4986611408749
CUST-001209,Rivera LLC,15309.79,16117.947101432324,808.1571014323235
CUST-001326,"Quinn, Humphrey and Ford",15287.08,15920.917755770639,633.837755770639
CUST-000685,Young-Walter,15272.21,15282.482572206454,10.272572206455152
CUST-001379,"Reynolds, Fisher and Golden",15250.62,15049.41554610119,201.20445389881024
CUST-000782,Carter-Neal,15249.9,14770.912720541995,478.9872794580042
CUST-001292,"Rowe, Lucas and Case",15222.37,14902.129089383134,320.24091061686704
CUST-001713,Neal LLC,15205.12,15615.761613556151,410.64161355615033
CUST-001857,Thomas-Berg,15177.56,15193.504919251454,15.944919251454849
CUST-001333,Hammond-Lewis,15066.9,15908.911478328206,842.0114783282061
CUST-000936,Mora-White,15045.45,15486.627964786967,441.1779647869662
CUST-001077,"Matthews, Harrington and Rodriguez",14955.77,15207.389346280454,251.6193462804531
CUST-000899,"Cruz, Richmond and Edwards",14952.94,15262.909843861617,309.969843861616
CUST-002383,"Harrell, Moore and Cox",14926.06,15299.275383714492,373.2153837144924
CUST-001565,"Paul, Zamora and Short",14918.79,14758.255209275805,160.53479072419577
CUST-002309,Fitzgerald-Dorsey,14907.84,15279.487611978831,371.64761197883126
CUST-001706,Martin LLC,14860.39,15068.4851432612,208.09514326120006
CUST-001609,Adams Group,14811.06,13015.627562617745,1795.4324373822546
CUST-000059,Lee-Davis,14773.65,15599.927327052488,826.2773270524885
CUST-000320,"Shaw, Nelson and Martin",14756.19,15235.981727450244,479.79172745024334
CUST-000813,"Marsh, Spears and Yang",14746.63,15193.355666599506,446.72566659950644
CUST-001806,Rodriguez-Campbell,14717.73,16002.52151695931,1284.7915169593107
CUST-001227,Lopez Group,14666.75,14972.474901835458,305.7249018354578
CUST-000991,Andrade-Mendoza,14655.31,13117.348348244046,1537.9616517559534
CUST-001560,"Burns, Hanson and Garza",14552.45,15359.198431759864,806.7484317598628
CUST-000738,Gray-Tran,14404.36,14541.777617966276,137.41761796627543
CUST-001625,"Barnett, Bennett and Escobar",14375.68,14370.558619010744,5.1213809892560676
CUST-001557,Russo and Sons,14351.62,13921.280301532079,430.33969846792206
CUST-001203,"Davis, Stanley and Wright",14296.34,14944.706535239238,648.3665352392381
CUST-001468,"Ryan, Krause and Mitchell",14279.38,14639.443452477577,360.0634524775778
CUST-002298,"Smith, Booker and Douglas",14269.44,14292.04752129961,22.60752129960929
CUST-000951,"Franco, Wiley and Tapia",14257.16,14002.919391981295,254.24060801870473
CUST-001032,"Jones, Scott and Rodriguez",14249.54,13641.668515285975,607.8714847140254
CUST-001318,"Carpenter, Lynn and Howard",14245.87,12268.371622139994,1977.4983778600072
CUST-000357,Hayes and Sons,14242.73,14229.80969213944,12.92030786055875
CUST-000827,"Mccarthy, Evans and Mendez",14228.59,14425.24486621998,196.65486621998025
CUST-001672,Bryant-Rich,14224.78,10796.91319486291,3427.8668051370914
CUST-002237,"Hines, Bradford and Jennings",14147.06,14603.025751787154,455.96575178715466
CUST-000246,Navarro-Munoz,14129.97,15029.015869164,899.0458691640015
CUST-001013,"Harris, Anderson and Love",14092.82,14963.083800197282,870.2638001972828
CUST-001970,Hood-Ramirez,13996.42,14143.047815446433,146.62781544643258
CUST-001818,Hanson-Gibson,13987.97,13937.689868871761,50.28013112823828
CUST-000900,Wright Ltd,13973.72,17292.31667049253,3318.596670492532
CUST-001366,"Nicholson, Valentine and Robinson",13941.89,13702.343260904807,239.5467390951926
CUST-000272,"Suarez, Shields and Hill",13937.98,13870.010155205882,67.96984479411731
CUST-001182,"Hall, Hinton and Phillips",13903.93,13801.400094552107,102.52990544789282
CUST-001714,Rose-Warren,13888.31,14199.156423231942,310.846423231942
CUST-001777,Chavez-Johnson,13856.8,13229.999099641376,626.800900358623
CUST-000467,Davis-Lozano,13842.43,13722.017580806893,120.41241919310778
CUST-000398,"Estrada, Williams and Foster",13825.77,14067.796660220967,242.02666022096673
CUST-000935,Williams LLC,13817.96,14488.199625715724,670.2396257157252
CUST-000293,Bright-Francis,13803.39,14538.46249880088,735.0724988008806
CUST-001637,Garrett-Young,13770.19,13458.731941761576,311.4580582384242
CUST-000717,Murray-Oconnor,13671.9,13656.291520049297,15.608479950702531
CUST-001312,"Cooper, Gutierrez and Brewer",13642.39,13897.334521604213,254.94452160421315
CUST-001602,Hernandez-Rogers,13628.29,15463.319366168997,1835.0293661689957
CUST-000029,"Ross, Robinson and Bright",13600.89,13762.810368328885,161.92036832888516
CUST-001080,"Chan, Floyd and Dillon",13578.73,13028.514433154322,550.215566845678
CUST-000933,"Craig, Wilson and Yang",13545.34,14206.04704745336,660.7070474533593
CUST-000833,"Ellison, Arias and Thompson",13502.62,13734.453257134497,231.8332571344963
CUST-000692,Atkinson LLC,13502.35,13900.505309418892,398.1553094188912
CUST-000313,Robinson-Lee,13481.5,12656.264648174594,825.2353518254058
CUST-001487,Perez-Rojas,13477.14,12263.870853564056,1213.2691464359432
CUST-000503,Morgan-Lopez,13439.08,15240.611802928248,1801.531802928248
CUST-002015,"Buchanan, Tucker and Wade",13410.2,14316.8882877063,906.6882877062999
CUST-001079,"Chang, Ayers and Buckley",13400.16,13537.345136666629,137.18513666662875
CUST-001204,Alvarado-Davidson,13382.48,14228.217924621586,845.737924621586
CUST-002409,"Peterson, Reid and Johnson",13338.62,13288.982060409084,49.637939590917085
CUST-000256,"Johnson, Miller and King",13277.15,14081.342333962524,804.1923339625246
CUST-001407,"Mitchell, Johnson and Greene",13261.6,14625.096468819136,1363.4964688191358
CUST-001259,"Roberts, Beck and House",13231.61,14052.933640583882,821.3236405838816
CUST-001632,"Garcia, Stewart and Delacruz",13218.21,13250.02163140072,31.811631400720216
CUST-001143,Maxwell Group,13197.6,13136.527158126457,61.07284187354344
CUST-001325,Hill-Ward,13168.55,12933.915481111128,234.63451888887175
CUST-001838,Berry Ltd,13118.58,12927.092307094972,191.48769290502787
CUST-001216,Petersen PLC,13113.63,13246.852196376283,133.22219637628405
CUST-001296,Andrews and Sons,13076.85,13061.688974410194,15.16102558980674
CUST-000244,Lyons-Bender,13042.02,13962.223404452197,920.203404452197
CUST-001302,Reilly-Rodriguez,13038.85,13502.966285423914,464.1162854239137
CUST-001254,Vaughn LLC,13018.05,12674.684113862668,343.3658861373315
CUST-000806,Perry-Nixon,13007.78,13104.640419350466,96.86041935046524
CUST-001076,"Ellis, Marks and Buchanan",12977.4,11463.310495853184,1514.0895041468157
CUST-000577,"Becker, Wilson and Hester",12969.34,13225.465301385591,256.12530138559123
CUST-001722,Johnson Ltd,12889.11,13108.783267242068,219.6732672420676
CUST-001102,Watson PLC,12804.98,12094.789818972224,710.1901810277759
CUST-000625,Butler and Sons,12796.84,29269.70245395834,16472.86245395834
CUST-000656,Wilson-Harris,12790.64,12572.869151248686,217.77084875131368
CUST-000274,Hoover-Campbell,12715.14,12886.581481527935,171.44148152793605
CUST-000888,Mcneil Group,12703.23,13293.823822340186,590.5938223401863
CUST-000529,"Daniels, Vance and York",12686.32,13577.39318798524,891.073187985241
CUST-000162,Stein-Silva,12651.34,12476.601569672614,174.7384303273866
CUST-002024,"Conway, Bauer and Martin",12632.51,13147.190037535196,514.6800375351959
CUST-001446,"Holmes, Stewart and Smith",12625.7,12490.773942688025,134.92605731197546
CUST-002454,Friedman PLC,12588.55,12335.649254764296,252.90074523570365
CUST-002339,Smith Inc,12528.55,12335.477533924766,193.07246607523302
CUST-000083,Donovan-Harris,12525.25,12841.16888564577,315.9188856457695
CUST-000402,Thompson-James,12524.16,12875.170667510807,351.01066751080725
CUST-000344,Davis-Lewis,12458.35,10485.253075882936,1973.0969241170642
CUST-000686,"Boyd, Gutierrez and Hill",12408.08,12987.365429136711,579.2854291367112
CUST-000741,"Mueller, Knight and Hodge",12392.24,12301.22717963219,91.01282036781049
CUST-002280,White Group,12392.1,12510.548407618284,118.44840761828345
CUST-002473,Avery-Adams,12383.02,12123.816414179073,259.2035858209274
CUST-001910,"Schneider, Porter and Hanna",12344.98,12060.3255132632,284.6544867367993
CUST-000999,"Robinson, Huang and Osborne",12331.7,11803.606389146282,528.0936108537189
CUST-000807,Guerra Ltd,12291.12,12260.359526286902,30.76047371309869
CUST-001109,"Ortiz, Smith and Deleon",12260.58,12052.629538310915,207.95046168908448
CUST-001058,Marshall-Perez,12194.3,11312.380885406748,881.9191145932509
CUST-002469,Garcia-Thomas,12193.25,13966.47558402477,1773.2255840247708
CUST-001971,"Patterson, Salas and Wright",12185.33,12411.283277868093,225.9532778680932
CUST-002498,"Woodard, Warner and Farmer",12182.53,12960.137790297327,777.6077902973266
CUST-002063,"Kennedy, Valdez and Stafford",12158.53,12395.247338441066,236.7173384410653
CUST-000519,Hines-Berry,12110.71,12334.280983111927,223.5709831119275
CUST-000504,"Jimenez, Glass and Stone",12087.15,12043.023912542249,44.126087457751055
CUST-001593,Deleon LLC,12062.72,12153.659300908914,90.93930090891445
CUST-000964,Taylor PLC,12032.03,11995.236861772737,36.793138227263626
CUST-001483,Brown Group,11992.28,11623.644857953106,368.63514204689454
CUST-002380,Romero and Sons,11940.05,12020.947293244026,80.89729324402651
CUST-001437,Austin-Duran,11934.66,13245.364552858287,1310.7045528582876
CUST-000858,"Ochoa, Taylor and Brady",11915.44,12048.563764495444,133.12376449544354
CUST-000887,"Wallace, Smith and Cooper",11868.97,11887.911612470221,18.941612470222026
CUST-000742,Jacobson Inc,11861.03,11903.18135621813,42.15135621812988
CUST-000003,"Mcclain, Miller and Henderson",11852.96,9188.71858222279,2664.24141777721
CUST-000060,Gomez-Jenkins,11829.87,12525.89411163874,696.0241116387388
CUST-000336,"Avery, Horton and Fernandez",11769.89,11779.823754079696,9.933754079696882
CUST-002046,Baldwin Group,11743.0,12128.494909529809,385.49490952980887
CUST-002433,"Wood, Crane and Guzman",11742.98,11677.02276972839,65.95723027160966
CUST-000921,"Ashley, Allen and Sanchez",11740.44,11947.348512216598,206.90851221659796
CUST-002262,Fitzgerald-Scott,11681.0,11973.575434741595,292.575434741595
CUST-001421,Carrillo-Todd,11660.83,11708.995010554265,48.16501055426488
CUST-002166,Stokes Inc,11626.99,12000.576720151965,373.586720151965
CUST-000875,Smith-Noble,11587.16,11920.10319990371,332.9431999037097
CUST-002453,Schneider Inc,11556.47,10619.588830438575,936.881169561424
CUST-002085,"Arnold, Avila and Wilson",11543.05,11380.044602142843,163.0053978571559
CUST-002474,Marshall-Russell,11540.04,13028.642545456334,1488.6025454563332
CUST-001163,Brooks Ltd,11521.69,11472.650097566748,49.03990243325279
CUST-002330,"Cole, Morton and Peterson",11516.8,11619.51514241735,102.71514241734985
CUST-002196,Nelson Inc,11514.54,11630.229617859613,115.68961785961255
CUST-000520,"Richardson, Edwards and Ramirez",11509.43,12448.301973678193,938.8719736781932
CUST-000482,Carlson-Smith,11507.76,12165.462251594738,657.7022515947374
CUST-000994,"Wright, Mcknight and Stephens",11488.07,11656.568088663977,168.4980886639769
CUST-001753,Collins Inc,11410.67,11180.80100602675,229.86899397325033
CUST-000406,Atkins PLC,11399.09,10767.97743160226,631.1125683977407
CUST-001037,"Perez, Hayes and Lloyd",11391.34,12657.019313790084,1265.679313790084
CUST-001848,Cooper Inc,11358.12,9811.46340148029,1546.6565985197103
CUST-000604,Lee-Wright,11337.01,10773.688173741892,563.3218262581086
CUST-000161,Brown-Wall,11310.91,11242.89426394773,68.01573605226986
CUST-001505,"Price, Gray and Baker",11295.86,11453.61949843519,157.75949843518902
CUST-000071,Gray Group,11232.37,10963.335402838611,269.0345971613897
CUST-001435,"Kelly, Maxwell and Wilson",11231.95,11208.49259535566,23.457404644341295
CUST-001258,"Price, Dixon and Robles",11188.49,10979.228853994426,209.26114600557412
CUST-000841,Carter LLC,11156.51,11614.390954294759,457.88095429475834
CUST-001171,"Obrien, Taylor and Rivas",11156.1,11582.6666117758,426.5666117757992
CUST-002285,Martinez Inc,11088.79,11140.322881284728,51.53288128472741
CUST-001793,"Wise, Gray and Snyder",11083.81,11022.916810372966,60.89318962703328
CUST-002427,"Henderson, Alexander and Galvan",11080.74,10763.872797141283,316.86720285871706
CUST-001445,Bryant Inc,11073.89,11185.69723584097,111.80723584096995
CUST-000203,Peterson-Beard,11061.42,11440.19849576388,378.7784957638796
CUST-001719,"Gomez, Anderson and Hart",10968.11,11140.608161335344,172.49816133534296
CUST-002102,"Mcmahon, Rush and Bailey",10928.93,11212.650116159966,283.720116159966
CUST-001509,White LLC,10924.34,11817.630315503078,893.2903155030781
CUST-000897,Miller Inc,10867.6,11147.01280612425,279.41280612425
CUST-002272,"Hamilton, Green and Edwards",10770.8,11539.020766210324,768.2207662103247
CUST-002138,Hernandez-Howell,10750.71,10706.55010903768,44.15989096231897
CUST-001513,Booker Inc,10749.02,11190.308823881856,441.28882388185593
CUST-000181,Wells Inc,10747.86,10192.888523315301,554.9714766846992
CUST-000355,"Fisher, Wilson and Brown",10713.51,11015.415195731694,301.9051957316933
CUST-000407,Berry-Mckinney,10674.01,11093.299682453302,419.2896824533018
CUST-001336,Vance PLC,10667.14,10839.560563194438,172.42056319443873
CUST-000539,Owens-Holmes,10583.64,9521.24370061134,1062.3962993886598
CUST-002346,"Park, Maynard and Ruiz",10562.43,11281.65331054504,719.2233105450396
CUST-000173,White-Green,10507.07,10195.710294119695,311.3597058803043
CUST-001711,Chang PLC,10503.66,11162.965663078912,659.3056630789124
CUST-001262,Harris-Melton,10479.46,10638.200969566195,158.74096956619542
CUST-001170,Bates LLC,10397.05,9576.453867194274,820.5961328057256
CUST-000532,Conner and Sons,10353.18,10575.315291616977,222.13529161697625
CUST-000147,Robinson-Brock,10352.85,10532.823312678564,179.97331267856316
CUST-001795,"Berger, Fields and Smith",10349.36,11033.810825435618,684.4508254356169
CUST-001205,Combs PLC,10347.71,10773.772954444434,426.0629544444346
CUST-002169,Harris-Reid,10342.81,11185.841925562565,843.0319255625654
CUST-000054,"Robinson, Jones and Welch",10316.36,10995.486895026921,679.1268950269205
CUST-002445,"Bass, Anderson and Taylor",10274.57,10554.111691955295,279.5416919552954
CUST-000265,Tran Inc,10266.16,9388.557873837482,877.6021261625174
CUST-001311,Clark-Figueroa,10174.27,9266.140306013085,908.1296939869153
CUST-000462,Burch-Montoya,10174.16,10785.575576339941,611.4155763399413
CUST-000729,Nichols-Mitchell,10134.33,10185.847422229002,51.51742222900248
CUST-001489,Johnson Ltd,10127.47,10786.835955943254,659.3659559432544
CUST-001002,Garcia Ltd,10119.85,10257.306958862395,137.45695886239446
CUST-000042,George Group,10086.56,9367.54930064865,719.0106993513491
CUST-001870,Bell-Hardy,10039.04,10341.83679142792,302.79679142791974
CUST-000864,Schultz Inc,10031.15,10040.437915762073,9.28791576207368
CUST-001928,Thomas-Perry,10000.08,9804.201178316194,195.87882168380565
CUST-001396,"Avery, Garcia and Romero",9989.45,9780.832812767854,208.61718723214653
CUST-002452,"Hogan, Zimmerman and Hoffman",9958.32,10518.090032050206,559.7700320502063
CUST-000758,Lopez-Willis,9886.14,10095.662568209875,209.52256820987532
CUST-000802,"Burgess, Grant and Watts",9862.76,10455.44487934454,592.6848793445406
CUST-001929,"Wood, Martin and Sanchez",9859.16,9887.548587475147,28.388587475146778
CUST-000158,"Miller, Hernandez and Reyes",9842.75,9364.74168986792,478.0083101320797
CUST-001028,Reed LLC,9838.7,8868.228962951822,970.4710370481789
CUST-001508,"Patel, Adams and Lopez",9829.7,8959.843567728261,869.8564322717393
CUST-001261,"Edwards, Arnold and Smith",9799.84,10185.794172862988,385.95417286298834
CUST-000534,Mcdonald-Bird,9774.14,9699.751276230472,74.38872376952713
CUST-002396,Keller Ltd,9761.66,10103.646518891932,341.98651889193206
CUST-001601,"Wagner, Walker and Roberts",9723.9,10166.383715631928,442.48371563192813
CUST-000419,Morrison Ltd,9715.21,9580.013676503238,135.19632349676067
CUST-002306,Price Group,9676.8,9563.12945635272,113.67054364727846
CUST-000291,Brennan-Johnson,9670.0,9834.1889933964,164.18899339639938
CUST-000047,Anderson Group,9668.09,15278.28184768955,5610.19184768955
CUST-000286,Bowen Group,9641.77,8183.689501865894,1458.0804981341062
CUST-001027,Rivera Inc,9635.84,9491.398034002543,144.44196599745737
CUST-001511,Nelson-Dean,9614.11,9548.447559253987,65.66244074601309
CUST-000754,Peterson PLC,9581.36,9528.455275457012,52.90472454298833
CUST-001499,Cooper Group,9569.94,9615.819154191593,45.879154191592534
CUST-001300,Avila PLC,9558.93,9591.458226314038,32.528226314037965
CUST-000859,Sellers-Riddle,9546.25,9566.513218834949,20.26321883494893
CUST-000366,"Wilson, Pena and Rich",9535.62,9485.790490490639,49.82950950936174
CUST-001592,"Evans, Cross and Johnston",9533.26,9750.131081135469,216.87108113546856
CUST-000340,"Wood, Ramos and Sampson",9494.28,9840.052814508797,345.7728145087967
CUST-000960,Bates-Anderson,9481.18,7925.643905037881,1555.536094962119
CUST-001814,"Smith, Griffith and Tucker",9465.67,9518.617818029725,52.94781802972466
CUST-002295,Hood and Sons,9465.13,9716.813201944646,251.6832019446465
CUST-000582,"Barry, Taylor and Velazquez",9442.44,9450.794406431054,8.354406431053576
CUST-002337,"Li, Jensen and Vazquez",9376.84,8595.267638915007,781.5723610849927
CUST-000522,Holmes-Mcintyre,9361.36,9406.04009701807,44.68009701807023
CUST-002437,Tucker-Moody,9350.69,9418.623612276342,67.93361227634159
CUST-001048,Williams PLC,9343.59,9434.79616690227,91.20616690226962
CUST-001131,Hardy-Hansen,9334.93,8112.713196325759,1222.2168036742414
CUST-001635,"Torres, Burns and Garner",9327.94,8924.407523875105,403.53247612489577
CUST-001424,Reyes and Sons,9320.02,9441.171744139734,121.15174413973364
CUST-001226,"Newton, Ortiz and King",9219.92,9207.544079114747,12.375920885253436
CUST-002176,Simmons-Reed,9188.52,9415.432683777362,226.91268377736196
CUST-001281,"Austin, Oliver and Haley",9160.36,9197.434816421002,37.07481642100174
CUST-001537,Wright Group,9157.71,10091.56172644301,933.8517264430102
CUST-000459,Mckee-Lee,9123.05,8391.035265925515,732.0147340744843
CUST-001587,Moore-Baker,9072.23,9368.3044484802,296.07444848019986
CUST-000965,Moore and Sons,9057.0,9087.991603991748,30.99160399174798
CUST-000942,Finley Inc,9045.37,8647.899343238498,397.47065676150305
CUST-000474,Lowery-Kennedy,9020.73,9035.597701413724,14.867701413724717
CUST-000753,Davis and Sons,8960.33,9468.250953646162,507.92095364616216
CUST-001391,"Sanders, Harris and Arnold",8950.2,8985.965856752133,35.765856752132095
CUST-000832,Lopez-Reid,8946.04,10598.728075069823,1652.688075069822
CUST-002081,Mccall-Martin,8910.29,9030.941870375833,120.651870375832
CUST-002431,"Palmer, Rice and Benson",8890.87,9440.530018072723,549.6600180727219
CUST-001570,Hudson and Sons,8889.55,8766.171660699667,123.3783393003323
CUST-001464,"Cook, Ward and Castro",8831.56,8789.572916135608,41.987083864391025
CUST-000317,"Diaz, Anderson and Browning",8819.22,8763.962848463654,55.25715153634519
CUST-001743,Hayes-Sampson,8814.54,8977.311967035874,162.77196703587288
CUST-001618,Singh and Sons,8747.3,8658.673761568298,88.6262384317015
CUST-001141,Ortiz-Hudson,8737.9,8570.005417854607,167.89458214539263
CUST-001285,Robertson-Hicks,8734.11,8409.259271666488,324.85072833351296
CUST-000497,Blackwell LLC,8697.06,8549.84836379831,147.21163620168954
CUST-002424,Lewis-Miller,8682.07,9040.893986400619,358.8239864006191
CUST-001827,"Simon, Terrell and Terrell",8661.35,7534.0876845932535,1127.262315406747
CUST-002386,Sanchez Group,8620.23,9022.505631834594,402.2756318345946
CUST-001735,"Stewart, Herrera and Clark",8597.55,7821.231957458452,776.3180425415476
CUST-001486,Miller Group,8528.47,8194.53697453517,333.93302546482846
CUST-001057,Lopez-Williams,8511.38,8560.603271066024,49.22327106602461
CUST-001059,Elliott-Hernandez,8490.97,9038.886825455435,547.9168254554352
CUST-000281,Garner-Thornton,8486.08,8434.044622017494,52.03537798250545
CUST-001627,"Williamson, Brown and Pena",8483.03,7713.673097005722,769.3569029942782
CUST-001904,"Harris, Spencer and Ponce",8428.07,8314.047321686481,114.02267831351855
CUST-000681,Morales and Sons,8344.83,8321.319653998928,23.51034600107232
CUST-000057,"Washington, Ryan and Cummings",8344.19,7732.169414705725,612.0205852942754
CUST-002185,Michael-Barber,8318.56,8197.149300892295,121.4106991077042
CUST-000500,Kelly-Norman,8308.96,8415.443512823209,106.48351282320982
CUST-002098,Williams-Turner,8287.8,8347.572216569248,59.772216569248485
CUST-000097,Wagner-King,8267.6,7751.393036470199,516.2069635298012
CUST-001677,Murray-Henderson,8248.02,8171.5314434016855,76.48855659831497
CUST-000261,Wolf-Harris,8239.59,8194.564337165955,45.02566283404485
CUST-000109,Hancock and Sons,8235.03,8620.761513775327,385.7315137753267
CUST-001449,Ruiz-Austin,8231.3,8053.571214280723,177.72878571927595
CUST-001957,Jones PLC,8206.45,8042.527561982326,163.92243801767472
CUST-000690,"Flores, Butler and Hernandez",8206.24,8304.109359916043,97.86935991604332
CUST-001198,Clay Group,8101.94,7785.554696329754,316.3853036702458
CUST-000634,Higgins-Smith,8074.76,7888.892740799755,185.86725920024492
CUST-001260,Butler-French,8068.45,8071.3934163627855,2.9434163627856833
CUST-000644,"Young, Contreras and Marshall",8012.2,7300.582475650789,711.6175243492107
CUST-000594,Smith LLC,7950.14,8141.818623906036,191.67862390603568
CUST-000013,Arnold Ltd,7949.62,8091.286116922811,141.66611692281094
CUST-002134,Fuller and Sons,7901.74,8094.9637843630535,193.2237843630537
CUST-000772,"James, Taylor and Turner",7881.73,7708.5241459535455,173.20585404645408
CUST-002206,"Herring, Huynh and King",7864.13,6809.697656165493,1054.4323438345073
CUST-002367,Moore Group,7825.16,8389.160697247054,564.0006972470546
CUST-001316,"Murray, Dunn and Roberts",7818.97,6852.064944428212,966.9050555717886
CUST-001327,Hampton-Tucker,7812.67,8760.62747241021,947.9574724102094
CUST-000012,Dudley Group,7800.76,7996.537468331695,195.77746833169476
CUST-002476,Adams PLC,7798.81,7998.490058117128,199.68005811712737
CUST-002443,Berry-Knight,7795.89,7518.190313292114,277.69968670788603
CUST-001410,Miller LLC,7789.62,7832.68841406123,43.068414061230214
CUST-000785,Diaz-Frederick,7784.91,7887.672085513956,102.76208551395575
CUST-002130,Kelly-Estrada,7779.26,7453.132719946932,326.1272800530678
CUST-000849,Cole LLC,7752.53,7536.593612216175,215.936387783825
CUST-001111,"Owen, Walker and Franklin",7673.23,10112.881224733048,2439.6512247330484
CUST-001402,Lynch Ltd,7661.86,8140.586958225196,478.72695822519654
CUST-002451,Mann PLC,7653.78,7845.432942825402,191.65294282540253
CUST-002278,Peters Ltd,7634.85,7391.685143601253,243.16485639874736
CUST-000829,Allen Inc,7612.65,7736.271259952586,123.62125995258612
CUST-002020,Hernandez LLC,7611.01,7765.166699412253,154.15669941225315
CUST-000030,"Snyder, Campos and Callahan",7569.93,7927.7385971492695,357.8085971492692
CUST-001669,"Moss, James and Edwards",7549.03,7572.579978878452,23.54997887845184
CUST-000642,Turner-Sharp,7547.33,7663.496687462087,116.16668746208688
CUST-001831,Austin-Berger,7496.23,7823.116384933768,326.88638493376857
CUST-000774,Fisher-Washington,7484.78,7625.200544402416,140.42054440241645
CUST-001485,Garcia PLC,7484.11,8205.156988213897,721.0469882138977
CUST-001641,Hernandez Group,7477.83,8236.70293121566,758.8729312156593
CUST-001604,Baker-Ross,7474.38,7678.394010289735,204.01401028973487
CUST-002458,Sanchez Ltd,7434.67,8076.473109085226,641.8031090852255
CUST-000662,"Robinson, Jones and Henderson",7429.36,7759.507727381855,330.1477273818555
CUST-000310,Smith-Grimes,7421.01,7457.2578455882895,36.24784558828924
CUST-001345,Williams and Sons,7418.77,7851.013106415458,432.243106415458
CUST-001802,Carr PLC,7407.75,4406.070608671394,3001.6793913286056
CUST-001897,Fernandez Inc,7396.96,7346.888157345422,50.07184265457818
CUST-002428,Dennis-Butler,7347.87,7668.501786899642,320.63178689964207
CUST-001754,"Charles, Wiggins and Cook",7347.31,7325.744573171141,21.565426828859017
CUST-001425,"Haynes, Mcbride and Gutierrez",7339.86,7127.19179406146,212.66820593853936
CUST-000253,Bailey-Cook,7333.32,7515.324808708895,182.00480870889533
CUST-001746,Gentry Group,7291.23,7417.156900411559,125.92690041155947
CUST-001800,Sellers-Zuniga,7277.83,6493.298871426801,784.5311285731987
CUST-001135,Green-Carter,7188.82,7556.417011770229,367.5970117702291
CUST-000787,Maldonado PLC,7188.25,8223.494628812039,1035.244628812039
CUST-002010,"Crane, Johnson and Butler",7182.71,7492.798833009816,310.08883300981597
CUST-000588,Robles-Swanson,7175.52,7320.647781821933,145.12778182193233
CUST-001720,"Daniel, Jimenez and Morton",7151.1,8099.706072569451,948.6060725694506
CUST-002100,"Harris, Santana and Lopez",7140.6,7313.325645363598,172.72564536359732
CUST-002145,Johnson-Thompson,7111.15,7277.6032329528825,166.4532329528829
CUST-001683,"Huang, Khan and Davis",7091.73,6143.767808116913,947.9621918830862
CUST-001224,"Brandt, Carter and Boyd",7089.25,7283.117186054142,193.8671860541417
CUST-001284,"Campbell, Pruitt and Short",7074.21,7374.156929136307,299.9469291363066
CUST-000095,Campbell-Clark,7068.75,7335.622030101277,266.87203010127723
CUST-001438,"Rubio, Charles and Watson",7000.98,6543.359230601731,457.62076939826875
CUST-001000,Stokes Group,6994.42,7196.670435722978,202.25043572297818
CUST-001133,"Davis, Kelly and Garner",6976.07,7397.532955985529,421.46295598552933
CUST-000434,"Miller, Lucas and Williams",6969.21,6820.9133481655,148.29665183450015
CUST-000342,"Winters, Newman and Brown",6963.48,7390.107705542057,426.6277055420578
CUST-002043,Rhodes-Rosario,6953.23,6437.599254687175,515.6307453128247
CUST-001049,"Larsen, Hernandez and Ward",6927.1,7304.158439374054,377.0584393740537
CUST-000455,"Lamb, Martin and Kim",6885.24,6710.890311515151,174.34968848484914
CUST-001031,Baker and Sons,6842.71,7133.997763915868,291.2877639158678
CUST-000470,Hughes Inc,6817.61,7005.556794924569,187.94679492456908
CUST-000593,"Allen, Armstrong and Graves",6774.96,7194.739758859955,419.7797588599551
CUST-000607,Stewart-Bailey,6760.64,7131.850558062771,371.21055806277036
CUST-001533,Smith-Bauer,6730.3,7189.937585787181,459.6375857871808
CUST-000694,Faulkner-Grant,6708.34,6459.576276903845,248.76372309615545
CUST-001851,Young-Alexander,6682.98,6730.649485957176,47.66948595717622
CUST-001004,Gallagher and Sons,6679.55,6904.397389095668,224.8473890956675
CUST-001159,Martin Group,6607.94,6472.273761058797,135.6662389412022
CUST-000834,Burns and Sons,6589.14,7331.043641983303,741.9036419833028
CUST-000441,"Marks, Cook and Aguilar",6582.82,6803.027358791339,220.20735879133917
CUST-001453,Krause Ltd,6560.13,6482.051766264573,78.07823373542669
CUST-002083,Pope PLC,6544.98,6129.270161131197,415.70983886880276
CUST-000129,"Mccall, Hanson and Alvarado",6525.63,6417.081963329647,108.54803667035321
CUST-001920,Hoover-Davis,6472.58,6381.391769469657,91.18823053034248
CUST-000100,Walsh LLC,6450.61,6296.706581883764,153.90341811623603
CUST-001839,Lamb-Weber,6411.88,7242.262633144851,830.3826331448508
CUST-000691,White-Medina,6408.66,6398.825725380419,9.834274619581265
CUST-002062,Baker Ltd,6341.54,6633.9435839073585,292.40358390735855
CUST-001842,Anderson-Campbell,6335.24,6386.063282090388,50.8232820903886
CUST-001439,Vasquez-Galloway,6323.43,6558.953053152663,235.52305315266312
CUST-001688,"Salazar, Moore and Pierce",6313.81,6470.753555721502,156.94355572150198
CUST-001621,Cole-Johnson,6294.84,6106.974531202343,187.86546879765683
CUST-002371,Rhodes-Thompson,6262.74,6382.085276284413,119.34527628441356
CUST-001991,Fitzgerald-Brown,6260.82,6569.818001518994,308.998001518994
CUST-001798,Maldonado LLC,6238.06,6686.078030460252,448.0180304602518
CUST-001003,Adams Ltd,6203.89,5780.078253274381,423.81174672561974
CUST-001122,Trujillo PLC,6179.23,5828.448025144993,350.7819748550064
CUST-001686,Wilson Group,6071.27,6256.525843401161,185.25584340116075
CUST-001654,"Peck, Shannon and Mahoney",6039.76,6122.792645990642,83.03264599064187
CUST-000463,"Taylor, Wright and Davidson",6009.29,6490.397815130546,481.10781513054644
CUST-000217,Perez-White,6002.62,5923.076371575262,79.54362842473802
CUST-001119,Rogers LLC,5947.38,5983.36489619674,35.98489619674001
CUST-000361,Henry Group,5937.41,5903.263952320522,34.146047679478215
CUST-001657,"Adams, Bradley and Hall",5925.18,5883.874455357253,41.30554464274701
CUST-001861,Blanchard-Reynolds,5921.18,5680.4396867304495,240.74031326955082
CUST-000032,Carlson-Cruz,5902.38,6345.287388752448,442.90738875244824
CUST-000809,Mueller-Boyd,5859.81,5935.233965423999,75.4239654239982
CUST-001492,Dunn-Taylor,5850.15,5827.2905825290745,22.85941747092511
CUST-001948,"Trujillo, Chang and Williams",5847.14,5157.490915493163,689.6490845068374
CUST-001885,Jones-Krause,5841.21,5888.656052020344,47.446052020343814
CUST-002312,Alvarez-Hart,5837.74,5927.67234255909,89.9323425590901
CUST-000756,Bowers-Hayes,5831.85,5847.083633227776,15.233633227775499
CUST-000429,Gilbert PLC,5824.24,5785.587639362075,38.652360637925085
CUST-000545,"Jacobson, Singleton and King",5815.13,5014.017173873129,801.1128261268714
CUST-001144,Welch-Thompson,5766.31,5513.749574239086,252.56042576091477
CUST-001898,Finley-Meyers,5752.14,5837.932190514402,85.79219051440123
CUST-000125,Scott Ltd,5745.72,5856.507589057916,110.7875890579162
CUST-000148,"Holmes, Williams and Wright",5732.97,5782.465235503695,49.49523550369486
CUST-000544,Donovan-Perez,5728.53,5464.116988955811,264.41301104418835
CUST-001249,Rich-Henderson,5723.2,6098.1115455974095,374.9115455974097
CUST-000916,"Herrera, Jensen and Ramirez",5709.32,6093.122443870313,383.80244387031325
CUST-001516,Hall and Sons,5688.5,5549.965171240512,138.53482875948794
CUST-000237,Warner-Gibson,5651.62,5814.913687700232,163.2936877002321
CUST-002426,Wiggins-Silva,5632.32,5714.317793457988,81.99779345798834
CUST-001542,Quinn-Smith,5598.39,5720.564808719406,122.17480871940552
CUST-001881,"Carrillo, Morris and Martin",5573.39,5768.505958447018,195.11595844701787
CUST-001397,Owen-Mendez,5560.81,6092.521378136688,531.7113781366879
CUST-001883,Price-Ferrell,5523.88,6260.307031269836,736.4270312698363
CUST-000037,Smith-Bowen,5496.38,5791.587315265163,295.20731526516283
CUST-001126,"Erickson, Armstrong and Lee",5480.53,5594.828218592311,114.29821859231106
CUST-001788,"Caldwell, Stevenson and Joseph",5480.44,5567.397169519641,86.95716951964096
CUST-000354,"Morris, Thompson and Williams",5477.93,5568.148076185066,90.21807618506591
CUST-001494,"Fields, Elliott and Mills",5476.52,5566.686814773965,90.16681477396469
CUST-000521,Johnson and Sons,5470.37,5883.832895595747,413.4628955957469
CUST-000798,"Ortega, Jackson and Salazar",5468.51,5381.845289418009,86.66471058199113
CUST-001652,Acosta LLC,5446.34,7707.786468869054,2261.446468869054
CUST-000541,"Matthews, Saunders and Anderson",5420.29,5432.412996686265,12.122996686264742
CUST-001124,"Johnson, Jimenez and Phillips",5404.67,5357.319898120451,47.350101879548674
CUST-001579,"Gardner, Brooks and Pierce",5399.47,5582.419877330041,182.9498773300411
CUST-000118,Rasmussen LLC,5335.31,5652.511606839121,317.20160683912036
CUST-002334,Smith Ltd,5333.46,5534.7533278809515,201.29332788095144
CUST-001263,Greer-Pruitt,5270.25,5299.711415372736,29.461415372736155
CUST-002168,"Morgan, Mendez and Cox",5216.03,5484.3625088504305,268.3325088504307
CUST-000554,Ballard Ltd,5155.27,5214.515585041539,59.245585041539016
CUST-002018,Mccormick and Sons,5153.4,5361.07093311216,207.67093311216013
CUST-000566,"Edwards, Hines and Jimenez",5141.84,5305.036129328115,163.1961293281147
CUST-001808,"Long, Flores and Reyes",5076.45,5065.529043824275,10.920956175725223
CUST-000124,"Joyce, Wilson and Lam",5038.5,5392.550195404553,354.05019540455305
CUST-001230,"Monroe, Chapman and Barton",5030.01,4851.839705423227,178.1702945767729
CUST-001349,Davenport-Baker,5023.4,5313.667337840881,290.26733784088174
CUST-000906,"Brown, Hurst and Blevins",5003.79,5270.384919782257,266.5949197822574
CUST-001512,Flores and Sons,4980.32,5454.012970329135,473.6929703291353
CUST-000481,Brown-Copeland,4957.78,5027.816993976339,70.03699397633955
CUST-002040,Brown-Davidson,4956.39,5042.94437555688,86.55437555687968
CUST-002457,"Mayer, White and Smith",4955.46,4866.282009096451,89.17799090354947
CUST-002217,Underwood-Smith,4933.57,4892.643428125128,40.926571874872025
CUST-000669,Miller-Brandt,4926.21,4794.597302748386,131.612697251614
CUST-001390,"Henderson, Diaz and Hill",4879.44,5305.414131022974,425.9741310229747
CUST-002069,"Quinn, Smith and Green",4852.41,5137.8507696269335,285.4407696269336
CUST-001008,"Johnson, Haynes and Meza",4848.48,5099.259268546983,250.77926854698308
CUST-000458,Young-Allen,4778.8,3783.486862895856,995.3131371041441
CUST-001383,Kent Inc,4772.75,4997.49961188586,224.74961188585985
CUST-001273,"Turner, Tyler and Pierce",4749.11,4695.702987122569,53.40701287743104
CUST-001363,"Thomas, Jackson and Nielsen",4688.72,4707.443999879608,18.723999879607618
CUST-002184,"Patel, Mendez and Hammond",4687.88,4524.153901992915,163.72609800708506
CUST-000297,Howard-Jordan,4682.15,5040.995375933446,358.8453759334461
CUST-001907,Moss-Taylor,4672.33,4637.080939237293,35.249060762706904
CUST-001430,Shannon LLC,4636.92,4723.194970157658,86.27497015765766
CUST-000655,Murphy PLC,4628.47,3058.616062541782,1569.8539374582183
CUST-000719,White-Preston,4623.33,4683.453810454016,60.123810454016166
CUST-001047,"Fernandez, Guerrero and Evans",4600.5,4434.040023250585,166.45997674941464
CUST-001070,Henderson Ltd,4581.66,4586.367296837735,4.707296837735157
CUST-000150,"Schmidt, Hansen and Stewart",4576.99,4913.980752290731,336.9907522907315
CUST-001244,"Reed, Chambers and Zavala",4536.32,4366.652530538542,169.66746946145759
CUST-002202,Powers-Blackwell,4512.86,4699.961342743543,187.10134274354368
CUST-002211,Booker Group,4470.25,4733.584406040491,263.33440604049065
CUST-002411,"Henderson, Wagner and Dennis",4453.29,3949.753090985115,503.53690901488517
CUST-000086,Smith PLC,4444.49,4526.6393170794945,82.14931707949472
CUST-000567,"Owens, Koch and Jimenez",4417.53,4598.568252320161,181.03825232016152
CUST-001582,Larson-Holmes,4379.85,4565.941446387378,186.0914463873778
CUST-002061,"Singh, Walker and Moody",4371.66,4420.295178375045,48.63517837504514
CUST-002432,Kennedy-Francis,4349.57,5275.235852110026,925.6658521100262
CUST-000002,Doyle Ltd,4343.87,4728.280107290338,384.4101072903377
CUST-001901,Chen Ltd,4285.91,4315.861969314961,29.95196931496139
CUST-001101,"Sanders, Leblanc and Maldonado",4266.53,4295.0789942564115,28.54899425641179
CUST-000133,"Bentley, Byrd and Orr",4258.59,4412.754532522966,154.1645325229656
CUST-002468,Reeves LLC,4246.58,4213.454210218748,33.125789781252024
CUST-001747,"Johnson, Webb and Porter",4223.0,4277.851025757077,54.85102575707697
CUST-000229,Rowe Group,4198.31,4191.386793239779,6.923206760221547
CUST-000973,Green-Ewing,4186.51,4019.4410416481523,167.06895835184787
CUST-000073,Henderson-Bernard,4180.74,4376.154705851061,195.41470585106163
CUST-001394,"Sanders, Taylor and Shields",4166.3,5136.415672631008,970.1156726310082
CUST-001756,"Edwards, Lane and Collins",4156.64,3677.4327197159396,479.20728028406074
CUST-000530,"Mckinney, Graves and Thompson",4138.37,3990.46136192423,147.9086380757699
CUST-001503,"Brooks, Jenkins and Castro",4134.02,4412.802072375349,278.78207237534843
CUST-002239,Green Ltd,4132.52,4279.327554462902,146.80755446290186
CUST-000950,Hall LLC,4105.86,3946.414932709986,159.44506729001387
CUST-000038,"Baker, Mason and White",4075.96,4133.276538750617,57.31653875061693
CUST-002091,"Olsen, Walker and Vincent",4055.72,4242.4215203494105,186.70152034941066
CUST-000527,Osborn-Cochran,4034.43,4008.697293545876,25.732706454123672
CUST-001739,"Ferguson, Martin and Obrien",4027.57,4081.98870156719,54.418701567190055
CUST-001341,Knight PLC,4026.79,3741.804273434458,284.9857265655419
CUST-001841,York LLC,4007.47,3961.199449262047,46.27055073795282
CUST-002395,Hamilton Group,4000.4,4117.409061388789,117.00906138878918
CUST-000815,Hall-Sullivan,3986.95,17456.2293231746,13469.2793231746
CUST-000335,Price LLC,3984.35,4160.069738627998,175.71973862799814
CUST-000180,Howell and Sons,3974.89,4050.5721014769056,75.6821014769057
CUST-001213,West-Wilson,3965.46,4065.986625269246,100.52662526924587
CUST-000263,Martinez-Dudley,3876.88,3627.303531711507,249.5764682884933
CUST-000966,Owens-Russell,3876.24,5161.7589513988105,1285.5189513988107
CUST-001837,Soto PLC,3875.15,3931.9096388284665,56.75963882846645
CUST-001938,"White, Porter and Clements",3812.9,3908.7625812439683,95.86258124396818
CUST-002303,"Crane, James and Ross",3738.61,4197.678251440765,459.0682514407649
CUST-001924,"Gregory, Nguyen and Daugherty",3734.24,3908.994882156591,174.75488215659107
CUST-000065,Baxter Inc,3710.48,3076.9102198507157,633.5697801492843
CUST-002193,Sanchez LLC,3700.72,4269.153880683862,568.4338806838618
CUST-000383,"Austin, Day and Johnson",3640.81,3592.4057889637897,48.4042110362102
CUST-001020,"Stewart, Mann and Hoffman",3624.23,3940.8472453265927,316.61724532659264
CUST-002199,Casey-Brown,3566.95,3547.9422061130153,19.007793886984473
CUST-002477,"Garcia, Hines and Pearson",3518.88,3844.8831189461143,326.0031189461142
CUST-001619,"Mcintosh, Melton and Wilkins",3477.14,20649.223479136905,17172.083479136905
CUST-001496,Ballard Group,3465.03,3104.836207665358,360.19379233464224
CUST-002284,"Washington, Vasquez and Singleton",3450.25,3657.811424500057,207.561424500057
CUST-002160,Melton Inc,3409.13,3594.4533347044157,185.32333470441563
CUST-001286,Williams-Villanueva,3407.49,3688.409838528932,280.91983852893236
CUST-002223,Smith-Yu,3389.36,3658.237736340539,268.87773634053883
CUST-001952,Watkins-Nguyen,3337.71,3433.95675964922,96.24675964922017
CUST-001955,Garcia Ltd,3328.58,4189.573792144674,860.9937921446744
CUST-000479,Young-Martinez,3289.88,3524.835068357819,234.95506835781907
CUST-000450,Jones Inc,3282.44,3505.550679545043,223.11067954504279
CUST-002276,Black-Graham,3280.69,3278.0875460703414,2.6024539296586227
CUST-002186,Boyd LLC,3278.58,3474.791756253741,196.211756253741
CUST-000372,Davis Inc,3270.92,3489.6696921502617,218.74969215026158
CUST-000241,Jones and Sons,3259.23,3279.8222608934443,20.59226089344429
CUST-002320,"Leach, Skinner and Mills",3184.15,3726.427239583231,542.2772395832308
CUST-002271,Anderson-Stewart,3182.88,3786.5635201530504,603.6835201530503
CUST-002319,Evans-Joyce,3160.08,3462.7231540382436,302.64315403824367
CUST-002225,Evans and Sons,3146.16,3052.877955554159,93.28204444584071
CUST-001342,"Brennan, Thomas and Dennis",3070.37,3111.274347159657,40.904347159656936
CUST-001134,Fisher-Eaton,3064.6,3149.4892866835535,84.88928668355356
CUST-001338,Sanders PLC,3030.42,3107.564287500496,77.14428750049592
CUST-002489,Rivas Ltd,3012.58,2675.3006841070364,337.2793158929635
CUST-000687,"Fry, Hobbs and Buck",3003.26,3072.8429515592893,69.58295155928909
CUST-000269,Hicks-Hill,2991.45,2934.861781275478,56.588218724521994
CUST-002013,Brown and Sons,2932.55,3042.4863956133004,109.93639561330019
CUST-000232,"Choi, Garcia and Farmer",2917.44,2890.9138496109936,26.52615038900649
CUST-000762,"Moore, Price and Ward",2842.88,2915.725115183601,72.84511518360068
CUST-000329,Harvey PLC,2829.3,2811.2897385451156,18.010261454884585
CUST-000183,Jackson-Lawson,2827.35,2845.1272056932053,17.77720569320536
CUST-001303,"Turner, Miller and Hubbard",2814.49,2834.2650785482615,19.775078548261718
CUST-002347,Richards-Harris,2810.55,2918.915115626333,108.36511562633268
CUST-000202,White-Lewis,2795.85,2993.3941686755284,197.54416867552845
CUST-002465,White Inc,2793.59,2603.160783452791,190.4292165472093
CUST-002350,Petty-Allison,2786.61,2823.7067583677585,37.09675836775841
CUST-002333,Ferguson-Smith,2780.76,2903.2654372886195,122.5054372886193
CUST-002287,Brady LLC,2780.53,3202.5714264015446,422.0414264015444
CUST-000495,Brown Group,2762.36,2805.681305941223,43.32130594122282
CUST-000466,Cole-Palmer,2753.13,2881.1194803446065,127.98948034460636
CUST-002269,Carpenter LLC,2733.81,3037.713695645702,303.9036956457021
CUST-001758,Hill-Flores,2717.58,2947.04308311233,229.46308311232997
CUST-000572,"Smith, Rodriguez and Anderson",2708.77,3980.0090877655693,1271.2390877655694
CUST-001630,Lin-Smith,2704.97,2848.2591279680682,143.28912796806844
CUST-001280,"Smith, Caldwell and Griffin",2684.04,2658.121646835207,25.91835316479319
CUST-001944,Jennings Group,2682.81,2708.6248009536107,25.814800953610757
CUST-000643,Green LLC,2657.0,2804.4067517202325,147.40675172023248
CUST-000044,Allen-Allen,2651.9,2638.319383034656,13.580616965344234
CUST-002248,Jackson-Bradley,2639.87,2663.2083183623477,23.338318362347763
CUST-000006,"Gardner, Robinson and Lawrence",2630.38,4236.145322696124,1605.7653226961238
CUST-001998,"Pitts, Warner and Mullins",2611.32,2615.63239570008,4.312395700079833
CUST-000560,Anderson-Wood,2603.83,3023.330830544738,419.50083054473816
CUST-000552,"Fowler, Jimenez and Burton",2553.7,2691.7437852486696,138.0437852486698
CUST-001649,Douglas PLC,2549.75,2677.472400401317,127.72240040131692
CUST-002282,Carney Group,2549.17,2713.7806063419803,164.6106063419802
CUST-000518,"Hernandez, Cole and Watson",2514.66,2485.6384443648135,29.02155563518636
CUST-001521,Brown Group,2467.82,2795.6017206360902,327.7817206360901
CUST-001868,Decker Inc,2444.76,3283.597028301304,838.8370283013037
CUST-001527,Boyd and Sons,2439.03,2487.032524871679,48.002524871678816
CUST-000651,Gill Ltd,2393.9,2508.108492419402,114.20849241940186
CUST-000478,"Bentley, Lynch and Henderson",2385.12,2467.7670027830313,82.64700278303144
CUST-000878,Khan LLC,2378.29,2433.3284612377015,55.03846123770154
CUST-000235,Ortiz Ltd,2341.52,2298.1883876335473,43.331612366452646
CUST-001903,Randall LLC,2291.37,2506.723149792141,215.35314979214127
CUST-001017,"Foster, Garcia and Turner",2188.73,2341.3057433238637,152.57574332386366
CUST-002141,"Jimenez, Wagner and Daniels",2148.7,2346.1451292508423,197.44512925084246
CUST-001724,"Duarte, Gutierrez and Cook",2114.05,5427.640143253971,3313.5901432539704
CUST-001211,"Gray, Montoya and Miller",2102.39,2554.1908716507796,451.80087165077975
CUST-000377,Schmitt PLC,2082.73,2114.080486832778,31.350486832778188
CUST-000632,"Mcdonald, Lee and Rodriguez",2061.87,2332.7455104435094,270.8755104435095
CUST-001783,Allen-Sanchez,2040.38,2048.9369197912733,8.55691979127323
CUST-000733,Adams-Sanders,2023.59,2002.2156929071436,21.37430709285627
CUST-000496,Carter Inc,2011.25,2157.7097183986093,146.4597183986093
CUST-000613,"Scott, Mendoza and Harris",1994.7,2469.9997175616068,475.2997175616067
CUST-002405,"Sullivan, Gonzalez and Turner",1974.61,2228.9550739985416,254.3450739985417
CUST-001811,"Cruz, Middleton and Larsen",1950.02,2106.1675163433956,156.14751634339564
CUST-000036,Rodriguez-Graham,1944.1,2788.3873193085315,844.2873193085316
CUST-002155,Pacheco-Silva,1932.64,2279.6404634722207,347.00046347222064
CUST-002459,"Wallace, Roman and Lawson",1887.09,1957.3462971857227,70.25629718572281
CUST-002244,"Holland, Sims and Meadows",1795.63,1926.4936387896817,130.86363878968154
CUST-001314,Lee-White,1749.02,2027.0544163492052,278.03441634920523
CUST-001023,"Phillips, Thompson and Smith",1736.57,2805.557240979438,1068.9872409794382
CUST-001010,Weaver-Thompson,1696.15,1724.80564311508,28.65564311508001
CUST-002375,"Adams, Hernandez and Vaughn",1696.09,1764.7012535063086,68.61125350630869
CUST-001562,"Jones, Conrad and Clark",1626.44,1819.4505510218257,193.01055102182568
CUST-000986,Reyes Group,1615.58,1878.184766251567,262.60476625156707
CUST-002103,Wyatt Ltd,1612.85,1445.5484536522802,167.30154634771975
CUST-001653,Ali-Turner,1598.24,1239.4903873267285,358.7496126732715
CUST-001506,Garrett-Black,1557.81,1422.0671921407074,135.7428078592925
CUST-001243,"Robinson, Clark and Klein",1549.58,1699.3294493462463,149.74944934624637
CUST-000844,Dunn-Wilson,1524.72,2047.6232043650805,522.9032043650805
CUST-000423,"Downs, Morris and Maddox",1522.58,1717.1918292825035,194.61182928250355
CUST-001457,"Hernandez, Shaffer and Thompson",1492.62,1733.0423584920625,240.42235849206259
CUST-001716,"Rice, Miller and Ramsey",1485.18,1670.856089646155,185.67608964615488
CUST-001493,"Ryan, Garza and Bryant",1447.54,1640.360444087637,192.82044408763704
CUST-001985,Clarke LLC,1421.37,1584.7109345634913,163.34093456349137
CUST-000937,Tran Ltd,1401.52,1880.0811761837458,478.56117618374583
CUST-000810,Alvarez-Kim,1388.42,1540.8789359226182,152.45893592261814
CUST-001398,"Mann, Martin and Oconnell",1353.84,1942.1020856845225,588.2620856845226
CUST-001202,"Marks, Stone and Watts",1309.94,1453.4719673961265,143.53196739612645
CUST-000300,Harvey-Allen,1304.7,1636.8515972446885,332.15159724468845
CUST-002092,Watts LLC,1293.77,1371.819987718254,78.04998771825399
CUST-000190,"Burke, Martinez and Riggs",1291.86,1364.0555911858094,72.19559118580946
CUST-001423,Olson LLC,1273.09,1563.0225971381888,289.93259713818884
CUST-001819,Arnold-Cole,1266.68,1735.2648799206343,468.5848799206342
CUST-000433,Hayes LLC,1223.79,1460.1841463941412,236.39414639414122
CUST-000168,Johnson-Rogers,1212.72,1353.0619862682101,140.34198626821012
CUST-001659,Miller-Chan,1203.81,1725.1132519993012,521.3032519993012
CUST-001136,Ruiz Ltd,1185.09,1479.7919363658389,294.70193636583895
CUST-000008,"Henderson, Ramirez and Lewis",1152.84,1194.9941105813784,42.15411058137852
CUST-002094,Vazquez-Bowers,1143.22,1520.6618871977137,377.44188719771364
CUST-002449,Weaver-Rubio,1119.92,1189.4778776657724,69.55787766577237
CUST-002044,"Foster, Henry and Morrison",1119.14,1187.27597472973,68.13597472972992
CUST-000706,"Morris, Campbell and Owens",1097.51,1195.878243167085,98.36824316708498
CUST-002442,Harrell Group,1012.36,1708.6752717460322,696.3152717460322
CUST-001235,Holt and Sons,994.88,911.548809887328,83.33119011267195
CUST-000987,Gomez and Sons,989.81,1034.6966977101517,44.88669771015179
CUST-001378,Prince Ltd,976.14,1016.2957968169754,40.15579681697545
CUST-000796,"Woodard, Herrera and Little",972.28,1294.7973964682533,322.5173964682533
CUST-001949,"Williams, Medina and Moore",960.29,1114.614131781338,154.3241317813381
CUST-000189,Garcia LLC,937.9,1101.5487008853383,163.64870088533837
CUST-000262,"Anderson, Roberts and Gilmore",928.51,1097.0809660886978,168.5709660886978
CUST-000176,King-Miller,910.95,919.2882637138192,8.338263713819174
CUST-000731,Rodriguez Inc,903.24,628.2496000846629,274.9903999153371
CUST-000294,Good-Hodges,892.95,1166.3966661740785,273.4466661740785
CUST-002440,Lewis-Fuentes,889.64,939.5146517444109,49.874651744410926
CUST-001700,"Smith, Khan and Ramirez",880.11,956.2111820519508,76.10118205195079
CUST-001896,Graham-Anthony,834.56,987.8561417872339,153.29614178723398
CUST-001927,Rogers Inc,812.9,876.5562378587649,63.65623785876494
CUST-001462,Brown LLC,783.22,1234.3277075992066,451.1077075992066
CUST-001384,George-Stephens,781.8,828.5570646349399,46.75706463493998
CUST-000919,"Walters, Davenport and Becker",744.56,921.3401089276282,176.78010892762825
CUST-001071,Harris-Carson,743.51,852.8695276968084,109.35952769680841
CUST-000970,"Terry, Williams and Huff",727.04,828.4793847771235,101.43938477712356
CUST-001317,King and Sons,660.15,777.0865304693142,116.93653046931422
CUST-002209,Shaffer-Manning,656.53,751.2251904900569,94.69519049005692
CUST-001329,Wilkinson and Sons,633.51,680.2303660040511,46.72036600405113
CUST-000236,"Harrison, Johnson and Roberts",621.17,586.9680319395846,34.20196806041531
CUST-001187,"Holland, Murphy and Kline",597.56,699.0681849289107,101.50818492891074
CUST-000471,Walker-Flores,588.69,701.7407499037333,113.05074990373328
CUST-000134,"Carroll, Sullivan and Bass",554.05,534.4446307341931,19.60536926580687
CUST-001786,"Reynolds, Baird and Bradley",547.52,596.196023298782,48.67602329878207
CUST-000228,"Duran, Obrien and Gibbs",537.14,538.1389533390189,0.9989533390189536
CUST-000718,Jackson-Cortez,528.4,510.72214938824783,17.67785061175215
CUST-001984,Sawyer Group,528.12,664.1538317350622,136.03383173506222
CUST-000315,"Becker, Taylor and Davis",479.23,546.2105542438784,66.98055424387837
CUST-001996,Zavala and Sons,467.74,605.7367879425983,137.9967879425983
CUST-000432,"Lopez, Jacobs and Mason",463.16,495.3409024561521,32.18090245615207
CUST-001431,Valentine Ltd,456.16,640.1356031781753,183.97560317817528
CUST-001764,Austin-Morgan,451.83,467.0270480807644,15.197048080764432
CUST-001500,"Smith, Weeks and Arroyo",438.5,467.54407010669564,29.044070106695642
CUST-002104,"Allen, Hudson and Garcia",437.42,483.270627066819,45.85062706681896
CUST-002051,"Waller, Coleman and Mosley",432.94,599.4989290229549,166.55892902295494
CUST-002054,Mcneil-Fox,412.45,403.1587104516017,9.29128954839831
CUST-002388,Watson-Fischer,411.5,722.167002418449,310.667002418449
CUST-000664,Andersen Group,399.79,459.64306584862135,59.85306584862133
CUST-000778,Cook-Oliver,393.03,516.3130010442588,123.28300104425887
CUST-001417,Thompson-Hunter,370.1,462.3771557069576,92.27715570695756
CUST-002315,Davis-Palmer,362.41,438.706851578349,76.29685157834899
CUST-001364,"Mullen, Greene and Elliott",359.78,502.8355361501664,143.0555361501664
CUST-002265,Barajas-Crosby,341.08,409.2945830169075,68.21458301690751
CUST-002483,"Hayes, Smith and Marshall",334.34,433.5584022466127,99.2184022466127
CUST-000080,"Hensley, Powell and David",281.44,336.4475157678083,55.007515767808286
CUST-001313,"Thomas, White and Jensen",238.65,391.4627318582858,152.8127318582858
CUST-000517,Reyes-Bradley,235.47,332.7497874931583,97.2797874931583
CUST-001514,Compton LLC,204.63,341.96314758508817,137.33314758508817
CUST-000234,Arnold and Sons,182.04,344.3440924155303,162.30409241553033
CUST-001997,"Wilson, Mendoza and Crosby",181.16,328.9622877774309,147.8022877774309
